16.1135 	INFO 	Loaded monitor calibration from ['2026_03_13 16:59']
16.3201 	INFO 	Using renderer 'Intel(R) Graphics' for graphics
16.3201 	INFO 	OpenGL version supported by driver is 4..
16.3538 	EXP 	Created window1 = Window(allowGUI=True, allowStencil=False, autoLog=True, backendConf=UNKNOWN, backgroundFit=<method-wrapper '__getattribute__' of attributeSetter object at 0x00000226BD8EC3D0>, backgroundImage=<method-wrapper '__getattribute__' of attributeSetter object at 0x00000226BD8EC430>, bitsMode=UNKNOWN, blendMode='avg', bpc=(8, 8, 8), color=array([0, 0, 0]), colorSpace='rgb', depthBits=8, fullscr=False, gamma=None, gammaErrorPolicy='raise', infoMsg=UNKNOWN, lms=UNKNOWN, monitor=<psychopy.monitors.calibTools.Monitor object at 0x00000226B4539BD0>, multiSample=False, name='window1', numSamples=2, pos=[np.float64(0.0), np.float64(0.0)], screen=0, size=array([1920, 1200]), stencilBits=0, stereo=False, title='PsychoPy', units='height', useFBO=True, useRetina=False, viewOri=0.0, viewPos=None, viewScale=None, waitBlanking=True, winType='pyglet')
16.3539 	EXP 	window1: backgroundImage = ''
16.3539 	EXP 	window1: backgroundFit = 'none'
16.6649 	EXP 	window1: Attempting to measure frame rate of screen (0) ...
16.6650 	EXP 	window1: recordFrameIntervals = False
16.8387 	EXP 	window1: recordFrameIntervals = True
18.5053 	EXP 	window1: recordFrameIntervals = False
18.5054 	EXP 	Screen (0) actual frame rate measured at 60.08Hz
18.5622 	INFO 	keyboard.Keyboard is using ptb backend.
18.5623 	EXP 	Train3Laptop: status = STARTED
18.6530 	EXP 	Created Welcome_info = TextStim(__class__=<class 'psychopy.visual.text.TextStim'>, alignHoriz=method-wrapper(...), alignText='center', alignVert=method-wrapper(...), anchorHoriz='center', anchorVert='center', antialias=True, autoDraw=False, autoLog=True, bold=False, color=array([-1., -1., -1.]), colorSpace='rgb', contrast=1.0, depth=0.0, draggable=False, flipHoriz=False, flipVert=False, font='Arial', fontFiles=[], height=np.float64(42.0), italic=False, languageStyle='LTR', name='Welcome_info', opacity=1, ori=0.0, pos=array([0., 0.]), rgb=UNKNOWN, text=str(...), units='pix', win=Window(...), wrapWidth=1500.0)
18.6604 	EXP 	Created PressEnterToContinue = TextStim(__class__=<class 'psychopy.visual.text.TextStim'>, alignHoriz=method-wrapper(...), alignText='center', alignVert=method-wrapper(...), anchorHoriz='center', anchorVert='center', antialias=True, autoDraw=False, autoLog=True, bold=False, color=array([-1., -1., -1.]), colorSpace='rgb', contrast=1.0, depth=-2.0, draggable=False, flipHoriz=False, flipVert=False, font='Arial', fontFiles=[], height=np.float64(50.0), italic=False, languageStyle='LTR', name='PressEnterToContinue', opacity=1, ori=0.0, pos=array([   0., -400.]), rgb=UNKNOWN, text='Press "Enter" to continue.', units='pix', win=Window(...), wrapWidth=900.0)
18.6763 	EXP 	Created img = ImageStim(__class__=<class 'psychopy.visual.image.ImageStim'>, anchor=('center', 'center'), autoLog=True, color=array([1., 1., 1.]), colorSpace='rgb', contrast=1.0, depth=0.0, draggable=False, flipHoriz=np.False_, flipVert=np.False_, image='default.png', interpolate=True, mask=None, maskParams=None, name='img', opacity=1.0, ori=1.0, pos=array([0., 0.]), size=array([1., 1.]), texRes=128.0, units='pix', win=Window(...))
18.7990 	EXP 	Created Instructions = TextStim(__class__=<class 'psychopy.visual.text.TextStim'>, alignHoriz=method-wrapper(...), alignText='center', alignVert=method-wrapper(...), anchorHoriz='center', anchorVert='center', antialias=True, autoDraw=False, autoLog=True, bold=False, color=array([-1., -1., -1.]), colorSpace='rgb', contrast=1.0, depth=-17.0, draggable=False, flipHoriz=False, flipVert=False, font='Arial', fontFiles=[], height=36.0, italic=False, languageStyle='LTR', name='Instructions', opacity=1, ori=0.0, pos=array([  0., 500.]), rgb=UNKNOWN, text='', units='pix', win=Window(...), wrapWidth=1400.0)
18.8095 	EXP 	Created RBGInfo = TextStim(__class__=<class 'psychopy.visual.text.TextStim'>, alignHoriz=method-wrapper(...), alignText='center', alignVert=method-wrapper(...), anchorHoriz='center', anchorVert='center', antialias=True, autoDraw=False, autoLog=True, bold=False, color=array([-1., -1., -1.]), colorSpace='rgb', contrast=1.0, depth=-19.0, draggable=False, flipHoriz=False, flipVert=False, font='Arial', fontFiles=[], height=np.float64(42.0), italic=False, languageStyle='LTR', name='RBGInfo', opacity=1.0, ori=0.0, pos=array([300., 300.]), rgb=UNKNOWN, text='RGB values: 0-100\n\nR:        G:        B:', units='pix', win=Window(...), wrapWidth=500)
18.8103 	EXP 	Created R = TextStim(__class__=<class 'psychopy.visual.text.TextStim'>, alignHoriz=method-wrapper(...), alignText='center', alignVert=method-wrapper(...), anchorHoriz='center', anchorVert='center', antialias=True, autoDraw=False, autoLog=True, bold=False, color=array([-1., -1., -1.]), colorSpace='rgb', contrast=1.0, depth=-20.0, draggable=False, flipHoriz=False, flipVert=False, font='Arial', fontFiles=[], height=42.0, italic=False, languageStyle='LTR', name='R', opacity=1.0, ori=0.0, pos=array([165., 220.]), rgb=UNKNOWN, text='', units='pix', win=Window(...), wrapWidth=500)
18.8110 	EXP 	Created G = TextStim(__class__=<class 'psychopy.visual.text.TextStim'>, alignHoriz=method-wrapper(...), alignText='center', alignVert=method-wrapper(...), anchorHoriz='center', anchorVert='center', antialias=True, autoDraw=False, autoLog=True, bold=False, color=array([-1., -1., -1.]), colorSpace='rgb', contrast=1.0, depth=-21.0, draggable=False, flipHoriz=False, flipVert=False, font='Arial', fontFiles=[], height=42.0, italic=False, languageStyle='LTR', name='G', opacity=1.0, ori=0.0, pos=array([300., 220.]), rgb=UNKNOWN, text='', units='pix', win=Window(...), wrapWidth=500)
18.8117 	EXP 	Created B = TextStim(__class__=<class 'psychopy.visual.text.TextStim'>, alignHoriz=method-wrapper(...), alignText='center', alignVert=method-wrapper(...), anchorHoriz='center', anchorVert='center', antialias=True, autoDraw=False, autoLog=True, bold=False, color=array([-1., -1., -1.]), colorSpace='rgb', contrast=1.0, depth=-22.0, draggable=False, flipHoriz=False, flipVert=False, font='Arial', fontFiles=[], height=42.0, italic=False, languageStyle='LTR', name='B', opacity=1.0, ori=0.0, pos=array([435., 220.]), rgb=UNKNOWN, text='', units='pix', win=Window(...), wrapWidth=500)
18.8128 	EXP 	Created counter_Text = TextStim(__class__=<class 'psychopy.visual.text.TextStim'>, alignHoriz=method-wrapper(...), alignText='center', alignVert=method-wrapper(...), anchorHoriz='center', anchorVert='center', antialias=True, autoDraw=False, autoLog=True, bold=False, color=array([1., 1., 1.]), colorSpace='rgb', contrast=1.0, depth=-23.0, draggable=False, flipHoriz=False, flipVert=False, font='Arial', fontFiles=[], height=72.0, italic=False, languageStyle='LTR', name='counter_Text', opacity=1.0, ori=0.0, pos=array([-520., -400.]), rgb=UNKNOWN, text='', units='pix', win=Window(...), wrapWidth=500)
18.8182 	EXP 	Created total_count = TextStim(__class__=<class 'psychopy.visual.text.TextStim'>, alignHoriz=method-wrapper(...), alignText='center', alignVert=method-wrapper(...), anchorHoriz='center', anchorVert='center', antialias=True, autoDraw=False, autoLog=True, bold=False, color=array([1., 1., 1.]), colorSpace='rgb', contrast=1.0, depth=-24.0, draggable=False, flipHoriz=False, flipVert=False, font='Arial', fontFiles=[], height=np.float64(72.0), italic=False, languageStyle='LTR', name='total_count', opacity=1.0, ori=0.0, pos=array([-475., -400.]), rgb=UNKNOWN, text='      / 38', units='pix', win=Window(...), wrapWidth=500)
18.8196 	EXP 	Created text_8 = TextStim(__class__=<class 'psychopy.visual.text.TextStim'>, alignHoriz=method-wrapper(...), alignText='center', alignVert=method-wrapper(...), anchorHoriz='center', anchorVert='center', antialias=True, autoDraw=False, autoLog=True, bold=False, color=array([1., 1., 1.]), colorSpace='rgb', contrast=1.0, depth=0.0, draggable=False, flipHoriz=False, flipVert=False, font='Arial', fontFiles=[], height=np.float64(0.05), italic=False, languageStyle='LTR', name='text_8', opacity=1, ori=0.0, pos=array([0., 0.]), rgb=UNKNOWN, text='', units='height', win=Window(...), wrapWidth=1)
19.2305 	EXP 	Created slider = Slider(__class__=<class 'psychopy.visual.slider.Slider'>, autoDraw=False, autoLog=True, borderColor=None, color=None, colorSpace='rgb', depth=0, fillColor=None, flip=False, font='Noto Sans', granularity=1.0, labelColor=None, labelHeight=np.float64(36.0), labelWrapWidth=None, labels=tuple(...), lineColor=None, markerColor=None, name='slider', opacity=None, ori=0.0, pos=array([-50.,   0.]), readOnly=False, self=UNKNOWN, size=array([1000.,  100.]), startValue=1, style='rating', styleTweaks=[], ticks=array([1, 2, 3, 4, 5]), units='pix', win=Window(...))
19.2462 	EXP 	Created text_9 = TextStim(__class__=<class 'psychopy.visual.text.TextStim'>, alignHoriz=method-wrapper(...), alignText='center', alignVert=method-wrapper(...), anchorHoriz='center', anchorVert='center', antialias=True, autoDraw=False, autoLog=True, bold=False, color=array([-1., -1., -1.]), colorSpace='rgb', contrast=1.0, depth=-1.0, draggable=False, flipHoriz=False, flipVert=False, font='Arial', fontFiles=[], height=np.float64(0.05), italic=False, languageStyle='LTR', name='text_9', opacity=1, ori=0.0, pos=array([0.  , 0.25]), rgb=UNKNOWN, text='How confident were you in your choice?', units='height', win=Window(...), wrapWidth=1)
19.2598 	EXP 	Created text_answer = TextStim(__class__=<class 'psychopy.visual.text.TextStim'>, alignHoriz=method-wrapper(...), alignText='center', alignVert=method-wrapper(...), anchorHoriz='center', anchorVert='center', antialias=True, autoDraw=False, autoLog=True, bold=False, color=array([-1., -1., -1.]), colorSpace='rgb', contrast=1.0, depth=-4.0, draggable=False, flipHoriz=False, flipVert=False, font='Arial', fontFiles=[], height=0.05, italic=False, languageStyle='LTR', name='text_answer', opacity=1, ori=0.0, pos=array([0.  , 0.35]), rgb=UNKNOWN, text='', units='height', win=Window(...), wrapWidth=1)
19.4286 	EXP 	Created text_8 = TextStim(__class__=<class 'psychopy.visual.text.TextStim'>, alignHoriz=method-wrapper(...), alignText='center', alignVert=method-wrapper(...), anchorHoriz='center', anchorVert='center', antialias=True, autoDraw=False, autoLog=True, bold=False, color=array([1., 1., 1.]), colorSpace='rgb', contrast=1.0, depth=0.0, draggable=False, flipHoriz=False, flipVert=False, font='Arial', fontFiles=[], height=np.float64(0.05), italic=False, languageStyle='LTR', name='text_8', opacity=1, ori=0.0, pos=array([0., 0.]), rgb=UNKNOWN, text='', units='height', win=Window(...), wrapWidth=1)
19.4422 	EXP 	Created correctAnswer = TextStim(__class__=<class 'psychopy.visual.text.TextStim'>, alignHoriz=method-wrapper(...), alignText='center', alignVert=method-wrapper(...), anchorHoriz='center', anchorVert='center', antialias=True, autoDraw=False, autoLog=True, bold=False, color=array([-1., -1., -1.]), colorSpace='rgb', contrast=1.0, depth=-1.0, draggable=False, flipHoriz=False, flipVert=False, font='Arial', fontFiles=[], height=56.0, italic=False, languageStyle='LTR', name='correctAnswer', opacity=1, ori=0.0, pos=array([   0., -150.]), rgb=UNKNOWN, text='', units='pix', win=Window(...), wrapWidth=500)
19.4431 	EXP 	Created wrongAnswer = TextStim(__class__=<class 'psychopy.visual.text.TextStim'>, alignHoriz=method-wrapper(...), alignText='center', alignVert=method-wrapper(...), anchorHoriz='center', anchorVert='center', antialias=True, autoDraw=False, autoLog=True, bold=False, color=array([-1., -1., -1.]), colorSpace='rgb', contrast=1.0, depth=-2.0, draggable=False, flipHoriz=False, flipVert=False, font='Arial', fontFiles=[], height=56.0, italic=False, languageStyle='LTR', name='wrongAnswer', opacity=1.0, ori=0.0, pos=array([   0., -150.]), rgb=UNKNOWN, text='', units='pix', win=Window(...), wrapWidth=500)
19.4439 	EXP 	Created corrColor_2 = TextStim(__class__=<class 'psychopy.visual.text.TextStim'>, alignHoriz=method-wrapper(...), alignText='center', alignVert=method-wrapper(...), anchorHoriz='center', anchorVert='center', antialias=True, autoDraw=False, autoLog=True, bold=False, color=array([-1., -1., -1.]), colorSpace='rgb', contrast=1.0, depth=-3.0, draggable=False, flipHoriz=False, flipVert=False, font='Arial', fontFiles=[], height=56.0, italic=False, languageStyle='LTR', name='corrColor_2', opacity=1.0, ori=0.0, pos=array([   0., -150.]), rgb=UNKNOWN, text='', units='pix', win=Window(...), wrapWidth=500)
19.6509 	EXP 	Created RBGInfo_2 = TextStim(__class__=<class 'psychopy.visual.text.TextStim'>, alignHoriz=method-wrapper(...), alignText='center', alignVert=method-wrapper(...), anchorHoriz='center', anchorVert='center', antialias=True, autoDraw=False, autoLog=True, bold=False, color=array([-1., -1., -1.]), colorSpace='rgb', contrast=1.0, depth=-18.0, draggable=False, flipHoriz=False, flipVert=False, font='Arial', fontFiles=[], height=np.float64(42.0), italic=False, languageStyle='LTR', name='RBGInfo_2', opacity=1.0, ori=0.0, pos=array([300., 300.]), rgb=UNKNOWN, text='RGB values: 0-100\n\nR:        G:        B:', units='pix', win=Window(...), wrapWidth=500)
19.6517 	EXP 	Created R_2 = TextStim(__class__=<class 'psychopy.visual.text.TextStim'>, alignHoriz=method-wrapper(...), alignText='center', alignVert=method-wrapper(...), anchorHoriz='center', anchorVert='center', antialias=True, autoDraw=False, autoLog=True, bold=False, color=array([-1., -1., -1.]), colorSpace='rgb', contrast=1.0, depth=-19.0, draggable=False, flipHoriz=False, flipVert=False, font='Arial', fontFiles=[], height=42.0, italic=False, languageStyle='LTR', name='R_2', opacity=1.0, ori=0.0, pos=array([165., 220.]), rgb=UNKNOWN, text='', units='pix', win=Window(...), wrapWidth=500)
19.6524 	EXP 	Created G_2 = TextStim(__class__=<class 'psychopy.visual.text.TextStim'>, alignHoriz=method-wrapper(...), alignText='center', alignVert=method-wrapper(...), anchorHoriz='center', anchorVert='center', antialias=True, autoDraw=False, autoLog=True, bold=False, color=array([-1., -1., -1.]), colorSpace='rgb', contrast=1.0, depth=-20.0, draggable=False, flipHoriz=False, flipVert=False, font='Arial', fontFiles=[], height=42.0, italic=False, languageStyle='LTR', name='G_2', opacity=1.0, ori=0.0, pos=array([300., 220.]), rgb=UNKNOWN, text='', units='pix', win=Window(...), wrapWidth=500)
19.6530 	EXP 	Created B_2 = TextStim(__class__=<class 'psychopy.visual.text.TextStim'>, alignHoriz=method-wrapper(...), alignText='center', alignVert=method-wrapper(...), anchorHoriz='center', anchorVert='center', antialias=True, autoDraw=False, autoLog=True, bold=False, color=array([-1., -1., -1.]), colorSpace='rgb', contrast=1.0, depth=-21.0, draggable=False, flipHoriz=False, flipVert=False, font='Arial', fontFiles=[], height=42.0, italic=False, languageStyle='LTR', name='B_2', opacity=1.0, ori=0.0, pos=array([435., 220.]), rgb=UNKNOWN, text='', units='pix', win=Window(...), wrapWidth=500)
19.6541 	EXP 	Created text_11 = TextStim(__class__=<class 'psychopy.visual.text.TextStim'>, alignHoriz=method-wrapper(...), alignText='center', alignVert=method-wrapper(...), anchorHoriz='center', anchorVert='center', antialias=True, autoDraw=False, autoLog=True, bold=False, color=array([1., 1., 1.]), colorSpace='rgb', contrast=1.0, depth=0.0, draggable=False, flipHoriz=False, flipVert=False, font='Arial', fontFiles=[], height=np.float64(0.05), italic=False, languageStyle='LTR', name='text_11', opacity=1, ori=0.0, pos=array([0., 0.]), rgb=UNKNOWN, text='', units='height', win=Window(...), wrapWidth=1)
19.6549 	EXP 	Created GoodJob = TextStim(__class__=<class 'psychopy.visual.text.TextStim'>, alignHoriz=method-wrapper(...), alignText='center', alignVert=method-wrapper(...), anchorHoriz='center', anchorVert='center', antialias=True, autoDraw=False, autoLog=True, bold=False, color=array([-1., -1., -1.]), colorSpace='rgb', contrast=1.0, depth=0.0, draggable=False, flipHoriz=False, flipVert=False, font='Arial', fontFiles=[], height=50.0, italic=False, languageStyle='LTR', name='GoodJob', opacity=1.0, ori=0.0, pos=array([0., 0.]), rgb=UNKNOWN, text='', units='pix', win=Window(...), wrapWidth=500)
0.0146 	EXP 	slider: autoLog = True
0.0146 	EXP 	slider: styleTweaks = []
0.0146 	EXP 	slider: styleTweaks = []
0.0146 	EXP 	slider: styleTweaks = []
0.0146 	EXP 	slider: styleTweaks = []
0.0146 	EXP 	slider: contrast = 1.0
0.0146 	EXP 	slider: markerPos = 1
0.0146 	EXP 	slider: autoLog = True
0.0353 	EXP 	Welcome_info: autoDraw = True
0.8007 	INFO 	Keyboard events cleared
1.0006 	EXP 	PressEnterToContinue: autoDraw = True
38.5210 	EXP 	Device response: <KeyPress from None: t=38.50596310000401, value=return, duration=None>
38.5355 	EXP 	Imported ExcelOutputTrainStep3.xlsx as conditions, 38 conditions, 8 params
38.5388 	EXP 	New trial (rep=0, index=0): <Trial 0 (0 in rep 0) data={'folder': '03-1', 'image': '031_Grey.jpg', 'logical': True, 'corrColor': 'Grey', 'corrR': 45, 'corrG': 49, 'corrB': 57, 'image_path': '03-1/031_Grey_0.png', 'thisN': 0, 'thisTrialN': 0, 'thisRepN': 0}>
38.5396 	DATA 	Keypress: return
38.6718 	EXP 	Device response: <KeyPress from None: t=38.50596310000401, value=return, duration=0.10660099994856864>
38.7150 	EXP 	Welcome_info: autoDraw = False
38.7150 	EXP 	PressEnterToContinue: autoDraw = False
38.7150 	EXP 	img: foreColor = <psychopy.colors.Color: white, alpha=1.0>
38.7150 	EXP 	img: ori = np.float64(0.0)
38.7150 	EXP 	Instructions: height = np.float64(36.0)
38.7150 	EXP 	Instructions: height = np.float64(36.0)
38.7150 	EXP 	Instructions: height = np.float64(36.0)
38.7150 	EXP 	Instructions: text = 'Click the spacebar to shuffle through the filters to recognize the color.\nPress the button of the color you think it corresponds to.'
38.7150 	EXP 	counter_Text: height = np.float64(72.0)
38.7150 	EXP 	counter_Text: height = np.float64(72.0)
38.7150 	EXP 	counter_Text: height = np.float64(72.0)
38.7150 	EXP 	counter_Text: text = 1
38.7150 	EXP 	img: autoDraw = True
38.7150 	EXP 	Instructions: autoDraw = True
38.7150 	EXP 	RBGInfo: autoDraw = True
38.7150 	EXP 	G: autoDraw = True
38.7150 	EXP 	B: autoDraw = True
38.7150 	EXP 	counter_Text: autoDraw = True
38.7150 	EXP 	total_count: autoDraw = True
38.7150 	EXP 	G: height = np.float64(42.0)
38.7150 	EXP 	G: height = np.float64(42.0)
38.7150 	EXP 	G: height = np.float64(42.0)
38.7150 	EXP 	G: text = ''
38.7150 	EXP 	B: height = np.float64(42.0)
38.7150 	EXP 	B: height = np.float64(42.0)
38.7150 	EXP 	B: height = np.float64(42.0)
38.7150 	EXP 	B: text = ''
38.8804 	EXP 	R: autoDraw = True
46.5346 	DATA 	Keypress: space
46.6247 	EXP 	Device response: <KeyPress from None: t=46.53394400002435, value=space, duration=None>
46.7274 	EXP 	Device response: <KeyPress from None: t=46.53394400002435, value=space, duration=0.12472159997560084>
48.0127 	DATA 	Keypress: space
48.0139 	EXP 	Device response: <KeyPress from None: t=48.00212379998993, value=space, duration=None>
48.2104 	EXP 	Device response: <KeyPress from None: t=48.00212379998993, value=space, duration=0.12514020001981407>
49.4933 	DATA 	Keypress: space
49.5756 	EXP 	Device response: <KeyPress from None: t=49.491239099996164, value=space, duration=None>
49.7730 	EXP 	Device response: <KeyPress from None: t=49.491239099996164, value=space, duration=0.1976713000331074>
53.1065 	DATA 	Mouse: Left button down, pos=(1603,947)
53.1311 	EXP 	img: autoDraw = False
53.1311 	EXP 	Instructions: autoDraw = False
53.1311 	EXP 	RBGInfo: autoDraw = False
53.1311 	EXP 	R: autoDraw = False
53.1311 	EXP 	G: autoDraw = False
53.1311 	EXP 	B: autoDraw = False
53.1311 	EXP 	counter_Text: autoDraw = False
53.1311 	EXP 	total_count: autoDraw = False
53.1311 	EXP 	text_8: autoDraw = True
53.3173 	DATA 	Mouse:  Left button up, pos=(1603,947)
53.5128 	EXP 	text_8: autoDraw = False
53.5128 	EXP 	slider: markerPos = None
53.5128 	EXP 	slider: markerPos = 1
53.5128 	EXP 	slider: autoDraw = True
53.5128 	EXP 	text_9: autoDraw = True
53.5128 	EXP 	text_answer: autoDraw = True
54.7828 	DATA 	Mouse: Left button down, pos=(1398,593)
54.8127 	EXP 	slider: markerPos = np.float64(4.952)
54.8325 	EXP 	slider: markerPos = np.float64(4.952)
54.8627 	EXP 	slider: markerPos = np.float64(4.952)
54.8831 	EXP 	slider: markerPos = np.float64(4.952)
54.9130 	EXP 	slider: markerPos = np.float64(4.952)
54.9461 	EXP 	slider: markerPos = np.float64(4.952)
54.9793 	EXP 	slider: markerPos = np.float64(4.952)
55.0127 	EXP 	slider: markerPos = np.float64(4.952)
55.0137 	DATA 	Mouse:  Left button up, pos=(1398,593)
55.0320 	EXP 	slider: markerPos = 5.0
55.7745 	DATA 	Mouse: Left button down, pos=(1010,295)
55.8155 	EXP 	slider: autoDraw = False
55.8155 	EXP 	text_9: autoDraw = False
55.8155 	EXP 	text_answer: autoDraw = False
55.8155 	EXP 	text_8: autoDraw = True
55.9986 	DATA 	Mouse:  Left button up, pos=(1010,295)
56.1953 	INFO 	Keyboard events cleared
56.1952 	EXP 	text_8: autoDraw = False
56.1952 	EXP 	corrColor_2: height = np.float64(56.0)
56.1952 	EXP 	corrColor_2: height = np.float64(56.0)
56.1952 	EXP 	corrColor_2: height = np.float64(56.0)
56.1952 	EXP 	corrColor_2: text = 'Grey'
56.1952 	EXP 	R_2: height = np.float64(42.0)
56.1952 	EXP 	R_2: height = np.float64(42.0)
56.1952 	EXP 	R_2: height = np.float64(42.0)
56.1952 	EXP 	R_2: text = 45
56.1952 	EXP 	G_2: height = np.float64(42.0)
56.1952 	EXP 	G_2: height = np.float64(42.0)
56.1952 	EXP 	G_2: height = np.float64(42.0)
56.1952 	EXP 	G_2: text = 49
56.1952 	EXP 	B_2: height = np.float64(42.0)
56.1952 	EXP 	B_2: height = np.float64(42.0)
56.1952 	EXP 	B_2: height = np.float64(42.0)
56.1952 	EXP 	B_2: text = 57
56.1952 	EXP 	correctAnswer: autoDraw = True
56.1952 	EXP 	RBGInfo_2: autoDraw = True
56.1952 	EXP 	R_2: autoDraw = True
56.1952 	EXP 	G_2: autoDraw = True
56.1952 	EXP 	B_2: autoDraw = True
56.6496 	DATA 	Mouse: Left button down, pos=(1010,295)
56.6642 	EXP 	correctAnswer: autoDraw = False
56.6642 	EXP 	wrongAnswer: autoDraw = False
56.6642 	EXP 	corrColor_2: autoDraw = False
56.6642 	EXP 	RBGInfo_2: autoDraw = False
56.6642 	EXP 	R_2: autoDraw = False
56.6642 	EXP 	G_2: autoDraw = False
56.6642 	EXP 	B_2: autoDraw = False
56.6642 	EXP 	text_11: autoDraw = True
56.8830 	DATA 	Mouse:  Left button up, pos=(1010,295)
56.9982 	EXP 	New trial (rep=0, index=1): <Trial 1 (1 in rep 0) data={'folder': '01-1', 'image': '029_Cyan.jpg', 'logical': True, 'corrColor': 'Cyan', 'corrR': 2, 'corrG': 100, 'corrB': 88, 'image_path': '01-1/029_Cyan_0.png', 'thisN': 1, 'thisTrialN': 1, 'thisRepN': 0}>
57.0975 	EXP 	text_11: autoDraw = False
57.0975 	EXP 	text_11: autoDraw = False
57.0975 	EXP 	img: foreColor = <psychopy.colors.Color: white, alpha=1.0>
57.0975 	EXP 	img: ori = np.float64(0.0)
57.0975 	EXP 	Instructions: text = 'Click the spacebar to shuffle through the filters to recognize the color.\nPress the button of the color you think it corresponds to.'
57.0975 	EXP 	counter_Text: height = np.float64(72.0)
57.0975 	EXP 	counter_Text: height = np.float64(72.0)
57.0975 	EXP 	counter_Text: height = np.float64(72.0)
57.0975 	EXP 	counter_Text: text = 2
57.0975 	EXP 	img: autoDraw = True
57.0975 	EXP 	Instructions: autoDraw = True
57.0975 	EXP 	RBGInfo: autoDraw = True
57.0975 	EXP 	G: autoDraw = True
57.0975 	EXP 	B: autoDraw = True
57.0975 	EXP 	counter_Text: autoDraw = True
57.0975 	EXP 	total_count: autoDraw = True
57.2628 	EXP 	R: autoDraw = True
63.8206 	EXP 	Device response: <KeyPress from None: t=63.819136400008574, value=space, duration=None>
63.8242 	DATA 	Keypress: space
63.9378 	EXP 	Device response: <KeyPress from None: t=63.819136400008574, value=space, duration=0.11575570004060864>
64.8630 	DATA 	Keypress: space
64.8639 	EXP 	Device response: <KeyPress from None: t=64.79475410003215, value=space, duration=None>
64.9773 	EXP 	Device response: <KeyPress from None: t=64.79475410003215, value=space, duration=0.18008670001290739>
73.0872 	DATA 	Mouse: Left button down, pos=(1668,471)
73.1125 	EXP 	img: autoDraw = False
73.1125 	EXP 	Instructions: autoDraw = False
73.1125 	EXP 	RBGInfo: autoDraw = False
73.1125 	EXP 	R: autoDraw = False
73.1125 	EXP 	G: autoDraw = False
73.1125 	EXP 	B: autoDraw = False
73.1125 	EXP 	counter_Text: autoDraw = False
73.1125 	EXP 	total_count: autoDraw = False
73.1125 	EXP 	text_8: autoDraw = True
73.2807 	DATA 	Mouse:  Left button up, pos=(1668,471)
73.4779 	EXP 	text_8: autoDraw = False
73.4779 	EXP 	slider: markerPos = None
73.4779 	EXP 	slider: markerPos = 1
73.4779 	EXP 	slider: autoDraw = True
73.4779 	EXP 	text_9: autoDraw = True
73.4779 	EXP 	text_answer: autoDraw = True
74.4731 	DATA 	Mouse: Left button down, pos=(1387,552)
74.5114 	EXP 	slider: markerPos = np.float64(4.9079999999999995)
74.5310 	EXP 	slider: markerPos = np.float64(4.9079999999999995)
74.5471 	EXP 	slider: markerPos = np.float64(4.9079999999999995)
74.5643 	EXP 	slider: markerPos = np.float64(4.9079999999999995)
74.5804 	EXP 	slider: markerPos = np.float64(4.9079999999999995)
74.5977 	EXP 	slider: markerPos = np.float64(4.9079999999999995)
74.6138 	EXP 	slider: markerPos = np.float64(4.9079999999999995)
74.6310 	EXP 	slider: markerPos = np.float64(4.9079999999999995)
74.6470 	EXP 	slider: markerPos = np.float64(4.9079999999999995)
74.6643 	EXP 	slider: markerPos = np.float64(4.9079999999999995)
74.6944 	EXP 	slider: markerPos = np.float64(4.9079999999999995)
74.7044 	DATA 	Mouse:  Left button up, pos=(1387,552)
74.7142 	EXP 	slider: markerPos = np.float64(4.9079999999999995)
74.7302 	EXP 	slider: markerPos = 5.0
75.5632 	DATA 	Mouse: Left button down, pos=(1018,258)
75.5807 	EXP 	slider: autoDraw = False
75.5807 	EXP 	text_9: autoDraw = False
75.5807 	EXP 	text_answer: autoDraw = False
75.5807 	EXP 	text_8: autoDraw = True
75.7654 	DATA 	Mouse:  Left button up, pos=(1018,258)
75.9452 	INFO 	Keyboard events cleared
75.9451 	EXP 	text_8: autoDraw = False
75.9451 	EXP 	text_8: autoDraw = False
75.9451 	EXP 	corrColor_2: height = np.float64(56.0)
75.9451 	EXP 	corrColor_2: height = np.float64(56.0)
75.9451 	EXP 	corrColor_2: height = np.float64(56.0)
75.9451 	EXP 	corrColor_2: text = 'Cyan'
75.9451 	EXP 	R_2: height = np.float64(42.0)
75.9451 	EXP 	R_2: height = np.float64(42.0)
75.9451 	EXP 	R_2: height = np.float64(42.0)
75.9451 	EXP 	R_2: text = 2
75.9451 	EXP 	G_2: height = np.float64(42.0)
75.9451 	EXP 	G_2: height = np.float64(42.0)
75.9451 	EXP 	G_2: height = np.float64(42.0)
75.9451 	EXP 	G_2: text = 100
75.9451 	EXP 	B_2: height = np.float64(42.0)
75.9451 	EXP 	B_2: height = np.float64(42.0)
75.9451 	EXP 	B_2: height = np.float64(42.0)
75.9451 	EXP 	B_2: text = 88
75.9451 	EXP 	correctAnswer: autoDraw = True
75.9451 	EXP 	RBGInfo_2: autoDraw = True
75.9451 	EXP 	R_2: autoDraw = True
75.9451 	EXP 	G_2: autoDraw = True
75.9451 	EXP 	B_2: autoDraw = True
76.3655 	DATA 	Mouse: Left button down, pos=(1018,258)
76.3802 	EXP 	correctAnswer: autoDraw = False
76.3802 	EXP 	wrongAnswer: autoDraw = False
76.3802 	EXP 	corrColor_2: autoDraw = False
76.3802 	EXP 	RBGInfo_2: autoDraw = False
76.3802 	EXP 	R_2: autoDraw = False
76.3802 	EXP 	G_2: autoDraw = False
76.3802 	EXP 	B_2: autoDraw = False
76.3802 	EXP 	text_11: autoDraw = True
76.5818 	DATA 	Mouse:  Left button up, pos=(1018,258)
76.7151 	EXP 	New trial (rep=0, index=2): <Trial 2 (2 in rep 0) data={'folder': '03-1', 'image': '031_Bordeaux.jpg', 'logical': True, 'corrColor': 'Bordeaux', 'corrR': 47, 'corrG': 5, 'corrB': 21, 'image_path': '03-1/031_Bordeaux_0.png', 'thisN': 2, 'thisTrialN': 2, 'thisRepN': 0}>
76.8135 	EXP 	text_11: autoDraw = False
76.8135 	EXP 	text_11: autoDraw = False
76.8135 	EXP 	img: foreColor = <psychopy.colors.Color: white, alpha=1.0>
76.8135 	EXP 	img: ori = np.float64(0.0)
76.8135 	EXP 	Instructions: text = 'Click the spacebar to shuffle through the filters to recognize the color.\nPress the button of the color you think it corresponds to.'
76.8135 	EXP 	counter_Text: height = np.float64(72.0)
76.8135 	EXP 	counter_Text: height = np.float64(72.0)
76.8135 	EXP 	counter_Text: height = np.float64(72.0)
76.8135 	EXP 	counter_Text: text = 3
76.8135 	EXP 	img: autoDraw = True
76.8135 	EXP 	Instructions: autoDraw = True
76.8135 	EXP 	RBGInfo: autoDraw = True
76.8135 	EXP 	G: autoDraw = True
76.8135 	EXP 	B: autoDraw = True
76.8135 	EXP 	counter_Text: autoDraw = True
76.8135 	EXP 	total_count: autoDraw = True
77.0792 	EXP 	R: autoDraw = True
78.1024 	DATA 	Keypress: space
78.1031 	EXP 	Device response: <KeyPress from None: t=78.08465259999502, value=space, duration=None>
78.2888 	EXP 	Device response: <KeyPress from None: t=78.08465259999502, value=space, duration=0.10693510004784912>
78.9957 	DATA 	Keypress: space
78.9963 	EXP 	Device response: <KeyPress from None: t=78.93019940005615, value=space, duration=None>
79.0859 	EXP 	Device response: <KeyPress from None: t=78.93019940005615, value=space, duration=0.11600169993471354>
83.0284 	DATA 	Keypress: space
83.0289 	EXP 	Device response: <KeyPress from None: t=82.98740790004376, value=space, duration=None>
83.1249 	EXP 	Device response: <KeyPress from None: t=82.98740790004376, value=space, duration=0.13419719994999468>
83.5276 	DATA 	Keypress: space
83.6259 	EXP 	Device response: <KeyPress from None: t=83.52600499999244, value=space, duration=None>
83.7240 	EXP 	Device response: <KeyPress from None: t=83.52600499999244, value=space, duration=0.13435099995695055>
91.0752 	DATA 	Keypress: space
91.1623 	EXP 	Device response: <KeyPress from None: t=91.07453590002842, value=space, duration=None>
91.2597 	EXP 	Device response: <KeyPress from None: t=91.07453590002842, value=space, duration=0.09796019992791116>
91.4758 	DATA 	Keypress: space
91.5619 	EXP 	Device response: <KeyPress from None: t=91.47523950005416, value=space, duration=None>
91.6647 	EXP 	Device response: <KeyPress from None: t=91.47523950005416, value=space, duration=0.08872169989626855>
97.5594 	DATA 	Keypress: b
97.5608 	EXP 	Device response: <KeyPress from None: t=97.49535700003617, value=b, duration=None>
97.6572 	EXP 	Device response: <KeyPress from None: t=97.49535700003617, value=b, duration=0.11596319999080151>
98.9603 	DATA 	Keypress: space
98.9608 	EXP 	Device response: <KeyPress from None: t=98.94610780000221, value=space, duration=None>
99.0601 	EXP 	Device response: <KeyPress from None: t=98.94610780000221, value=space, duration=0.1070544000249356>
104.9906 	DATA 	Mouse: Left button down, pos=(1623,989)
105.0119 	EXP 	img: autoDraw = False
105.0119 	EXP 	Instructions: autoDraw = False
105.0119 	EXP 	RBGInfo: autoDraw = False
105.0119 	EXP 	R: autoDraw = False
105.0119 	EXP 	G: autoDraw = False
105.0119 	EXP 	B: autoDraw = False
105.0119 	EXP 	counter_Text: autoDraw = False
105.0119 	EXP 	total_count: autoDraw = False
105.0119 	EXP 	text_8: autoDraw = True
105.1665 	DATA 	Mouse:  Left button up, pos=(1623,989)
105.3936 	EXP 	text_8: autoDraw = False
105.3936 	EXP 	slider: markerPos = None
105.3936 	EXP 	slider: markerPos = 1
105.3936 	EXP 	slider: autoDraw = True
105.3936 	EXP 	text_9: autoDraw = True
105.3936 	EXP 	text_answer: autoDraw = True
106.8716 	DATA 	Mouse: Left button down, pos=(888,612)
106.9104 	EXP 	slider: markerPos = np.float64(2.912)
106.9298 	EXP 	slider: markerPos = np.float64(2.912)
106.9602 	EXP 	slider: markerPos = np.float64(2.912)
106.9807 	EXP 	slider: markerPos = np.float64(2.912)
107.0102 	EXP 	slider: markerPos = np.float64(2.912)
107.0298 	EXP 	slider: markerPos = np.float64(2.912)
107.0459 	EXP 	slider: markerPos = np.float64(2.912)
107.0631 	EXP 	slider: markerPos = np.float64(2.912)
107.0793 	EXP 	slider: markerPos = np.float64(2.912)
107.0964 	EXP 	slider: markerPos = np.float64(2.912)
107.0975 	DATA 	Mouse:  Left button up, pos=(888,612)
107.1131 	EXP 	slider: markerPos = 3.0
108.2806 	DATA 	Mouse: Left button down, pos=(912,247)
108.2956 	EXP 	slider: autoDraw = False
108.2956 	EXP 	text_9: autoDraw = False
108.2956 	EXP 	text_answer: autoDraw = False
108.2956 	EXP 	text_8: autoDraw = True
108.5152 	DATA 	Mouse:  Left button up, pos=(912,247)
108.6605 	INFO 	Keyboard events cleared
108.6604 	EXP 	text_8: autoDraw = False
108.6604 	EXP 	text_8: autoDraw = False
108.6604 	EXP 	corrColor_2: height = np.float64(56.0)
108.6604 	EXP 	corrColor_2: height = np.float64(56.0)
108.6604 	EXP 	corrColor_2: height = np.float64(56.0)
108.6604 	EXP 	corrColor_2: text = 'Bordeaux'
108.6604 	EXP 	R_2: height = np.float64(42.0)
108.6604 	EXP 	R_2: height = np.float64(42.0)
108.6604 	EXP 	R_2: height = np.float64(42.0)
108.6604 	EXP 	R_2: text = 47
108.6604 	EXP 	G_2: height = np.float64(42.0)
108.6604 	EXP 	G_2: height = np.float64(42.0)
108.6604 	EXP 	G_2: height = np.float64(42.0)
108.6604 	EXP 	G_2: text = 5
108.6604 	EXP 	B_2: height = np.float64(42.0)
108.6604 	EXP 	B_2: height = np.float64(42.0)
108.6604 	EXP 	B_2: height = np.float64(42.0)
108.6604 	EXP 	B_2: text = 21
108.6604 	EXP 	correctAnswer: autoDraw = True
108.6604 	EXP 	RBGInfo_2: autoDraw = True
108.6604 	EXP 	R_2: autoDraw = True
108.6604 	EXP 	G_2: autoDraw = True
108.6604 	EXP 	B_2: autoDraw = True
109.2475 	DATA 	Mouse: Left button down, pos=(912,247)
109.2623 	EXP 	correctAnswer: autoDraw = False
109.2623 	EXP 	wrongAnswer: autoDraw = False
109.2623 	EXP 	corrColor_2: autoDraw = False
109.2623 	EXP 	RBGInfo_2: autoDraw = False
109.2623 	EXP 	R_2: autoDraw = False
109.2623 	EXP 	G_2: autoDraw = False
109.2623 	EXP 	B_2: autoDraw = False
109.2623 	EXP 	text_11: autoDraw = True
109.4809 	DATA 	Mouse:  Left button up, pos=(912,247)
109.5979 	EXP 	New trial (rep=0, index=3): <Trial 3 (3 in rep 0) data={'folder': '01-1', 'image': '028_Blue.jpg', 'logical': True, 'corrColor': 'Blue', 'corrR': 0, 'corrG': 9, 'corrB': 96, 'image_path': '01-1/028_Blue_0.png', 'thisN': 3, 'thisTrialN': 3, 'thisRepN': 0}>
109.7122 	EXP 	text_11: autoDraw = False
109.7122 	EXP 	text_11: autoDraw = False
109.7122 	EXP 	img: foreColor = <psychopy.colors.Color: white, alpha=1.0>
109.7122 	EXP 	img: ori = np.float64(0.0)
109.7122 	EXP 	Instructions: text = 'Click the spacebar to shuffle through the filters to recognize the color.\nPress the button of the color you think it corresponds to.'
109.7122 	EXP 	counter_Text: height = np.float64(72.0)
109.7122 	EXP 	counter_Text: height = np.float64(72.0)
109.7122 	EXP 	counter_Text: height = np.float64(72.0)
109.7122 	EXP 	counter_Text: text = 4
109.7122 	EXP 	img: autoDraw = True
109.7122 	EXP 	Instructions: autoDraw = True
109.7122 	EXP 	RBGInfo: autoDraw = True
109.7122 	EXP 	G: autoDraw = True
109.7122 	EXP 	B: autoDraw = True
109.7122 	EXP 	counter_Text: autoDraw = True
109.7122 	EXP 	total_count: autoDraw = True
109.8782 	EXP 	R: autoDraw = True
110.8462 	EXP 	Device response: <KeyPress from None: t=110.84500470000785, value=space, duration=None>
110.8483 	DATA 	Keypress: space
111.0306 	EXP 	Device response: <KeyPress from None: t=110.84500470000785, value=space, duration=0.10694700002204627>
111.8667 	DATA 	Keypress: space
111.9547 	EXP 	Device response: <KeyPress from None: t=111.86524700000882, value=space, duration=None>
112.0675 	EXP 	Device response: <KeyPress from None: t=111.86524700000882, value=space, duration=0.15209989994764328>
116.4747 	DATA 	Mouse: Left button down, pos=(1626,649)
116.4940 	EXP 	img: autoDraw = False
116.4940 	EXP 	Instructions: autoDraw = False
116.4940 	EXP 	RBGInfo: autoDraw = False
116.4940 	EXP 	R: autoDraw = False
116.4940 	EXP 	G: autoDraw = False
116.4940 	EXP 	B: autoDraw = False
116.4940 	EXP 	counter_Text: autoDraw = False
116.4940 	EXP 	total_count: autoDraw = False
116.4940 	EXP 	text_8: autoDraw = True
116.7144 	DATA 	Mouse:  Left button up, pos=(1626,649)
116.8604 	EXP 	text_8: autoDraw = False
116.8604 	EXP 	slider: markerPos = None
116.8604 	EXP 	slider: markerPos = 1
116.8604 	EXP 	slider: autoDraw = True
116.8604 	EXP 	text_9: autoDraw = True
116.8604 	EXP 	text_answer: autoDraw = True
117.8486 	DATA 	Mouse: Left button down, pos=(1343,611)
117.8764 	EXP 	slider: markerPos = np.float64(4.732)
117.8959 	EXP 	slider: markerPos = np.float64(4.732)
117.9266 	EXP 	slider: markerPos = np.float64(4.732)
117.9599 	EXP 	slider: markerPos = np.float64(4.732)
117.9796 	EXP 	slider: markerPos = np.float64(4.732)
118.0102 	EXP 	slider: markerPos = np.float64(4.732)
118.0297 	EXP 	slider: markerPos = np.float64(4.732)
118.0598 	EXP 	slider: markerPos = np.float64(4.732)
118.0710 	DATA 	Mouse:  Left button up, pos=(1343,611)
118.0794 	EXP 	slider: markerPos = np.float64(4.732)
118.0954 	EXP 	slider: markerPos = 5.0
118.9212 	DATA 	Mouse: Left button down, pos=(914,211)
118.9624 	EXP 	slider: autoDraw = False
118.9624 	EXP 	text_9: autoDraw = False
118.9624 	EXP 	text_answer: autoDraw = False
118.9624 	EXP 	text_8: autoDraw = True
119.1308 	DATA 	Mouse:  Left button up, pos=(914,211)
119.3263 	INFO 	Keyboard events cleared
119.3262 	EXP 	text_8: autoDraw = False
119.3262 	EXP 	corrColor_2: height = np.float64(56.0)
119.3262 	EXP 	corrColor_2: height = np.float64(56.0)
119.3262 	EXP 	corrColor_2: height = np.float64(56.0)
119.3262 	EXP 	corrColor_2: text = 'Blue'
119.3262 	EXP 	R_2: height = np.float64(42.0)
119.3262 	EXP 	R_2: height = np.float64(42.0)
119.3262 	EXP 	R_2: height = np.float64(42.0)
119.3262 	EXP 	R_2: text = 0
119.3262 	EXP 	G_2: height = np.float64(42.0)
119.3262 	EXP 	G_2: height = np.float64(42.0)
119.3262 	EXP 	G_2: height = np.float64(42.0)
119.3262 	EXP 	G_2: text = 9
119.3262 	EXP 	B_2: height = np.float64(42.0)
119.3262 	EXP 	B_2: height = np.float64(42.0)
119.3262 	EXP 	B_2: height = np.float64(42.0)
119.3262 	EXP 	B_2: text = 96
119.3262 	EXP 	correctAnswer: autoDraw = True
119.3262 	EXP 	RBGInfo_2: autoDraw = True
119.3262 	EXP 	R_2: autoDraw = True
119.3262 	EXP 	G_2: autoDraw = True
119.3262 	EXP 	B_2: autoDraw = True
120.4301 	DATA 	Mouse: Left button down, pos=(953,236)
120.4467 	EXP 	correctAnswer: autoDraw = False
120.4467 	EXP 	wrongAnswer: autoDraw = False
120.4467 	EXP 	corrColor_2: autoDraw = False
120.4467 	EXP 	RBGInfo_2: autoDraw = False
120.4467 	EXP 	R_2: autoDraw = False
120.4467 	EXP 	G_2: autoDraw = False
120.4467 	EXP 	B_2: autoDraw = False
120.4467 	EXP 	text_11: autoDraw = True
120.6633 	DATA 	Mouse:  Left button up, pos=(953,236)
120.7813 	EXP 	New trial (rep=0, index=4): <Trial 4 (4 in rep 0) data={'folder': '03-1', 'image': '011_Teal.jpg', 'logical': True, 'corrColor': 'Teal', 'corrR': 0, 'corrG': 45, 'corrB': 54, 'image_path': '03-1/011_Teal_0.png', 'thisN': 4, 'thisTrialN': 4, 'thisRepN': 0}>
120.8797 	EXP 	text_11: autoDraw = False
120.8797 	EXP 	text_11: autoDraw = False
120.8797 	EXP 	img: foreColor = <psychopy.colors.Color: white, alpha=1.0>
120.8797 	EXP 	img: ori = np.float64(0.0)
120.8797 	EXP 	Instructions: text = 'Click the spacebar to shuffle through the filters to recognize the color.\nPress the button of the color you think it corresponds to.'
120.8797 	EXP 	counter_Text: height = np.float64(72.0)
120.8797 	EXP 	counter_Text: height = np.float64(72.0)
120.8797 	EXP 	counter_Text: height = np.float64(72.0)
120.8797 	EXP 	counter_Text: text = 5
120.8797 	EXP 	img: autoDraw = True
120.8797 	EXP 	Instructions: autoDraw = True
120.8797 	EXP 	RBGInfo: autoDraw = True
120.8797 	EXP 	G: autoDraw = True
120.8797 	EXP 	B: autoDraw = True
120.8797 	EXP 	counter_Text: autoDraw = True
120.8797 	EXP 	total_count: autoDraw = True
121.1438 	EXP 	R: autoDraw = True
122.3213 	DATA 	Keypress: space
122.3219 	EXP 	Device response: <KeyPress from None: t=122.31747939996421, value=space, duration=None>
122.4240 	EXP 	Device response: <KeyPress from None: t=122.31747939996421, value=space, duration=0.09807950002141297>
123.5304 	DATA 	Keypress: space
123.5313 	EXP 	Device response: <KeyPress from None: t=123.50367480004206, value=space, duration=None>
123.6418 	EXP 	Device response: <KeyPress from None: t=123.50367480004206, value=space, duration=0.10687589994631708>
136.3266 	DATA 	Mouse: Left button down, pos=(1614,1048)
136.3448 	EXP 	img: autoDraw = False
136.3448 	EXP 	Instructions: autoDraw = False
136.3448 	EXP 	RBGInfo: autoDraw = False
136.3448 	EXP 	R: autoDraw = False
136.3448 	EXP 	G: autoDraw = False
136.3448 	EXP 	B: autoDraw = False
136.3448 	EXP 	counter_Text: autoDraw = False
136.3448 	EXP 	total_count: autoDraw = False
136.3448 	EXP 	text_8: autoDraw = True
136.5304 	DATA 	Mouse:  Left button up, pos=(1614,1048)
136.7089 	EXP 	text_8: autoDraw = False
136.7089 	EXP 	text_8: autoDraw = False
136.7089 	EXP 	slider: markerPos = None
136.7089 	EXP 	slider: markerPos = 1
136.7089 	EXP 	slider: autoDraw = True
136.7089 	EXP 	text_9: autoDraw = True
136.7089 	EXP 	text_answer: autoDraw = True
138.7133 	DATA 	Mouse: Left button down, pos=(1167,620)
138.7422 	EXP 	slider: markerPos = np.float64(4.0280000000000005)
138.7618 	EXP 	slider: markerPos = np.float64(4.0280000000000005)
138.7922 	EXP 	slider: markerPos = np.float64(4.0280000000000005)
138.8118 	EXP 	slider: markerPos = np.float64(4.0280000000000005)
138.8425 	EXP 	slider: markerPos = np.float64(4.0280000000000005)
138.8618 	EXP 	slider: markerPos = np.float64(4.0280000000000005)
138.8922 	EXP 	slider: markerPos = np.float64(4.0280000000000005)
138.9118 	EXP 	slider: markerPos = np.float64(4.0280000000000005)
138.9422 	EXP 	slider: markerPos = np.float64(4.0280000000000005)
138.9431 	DATA 	Mouse:  Left button up, pos=(1167,620)
138.9618 	EXP 	slider: markerPos = 4.0
140.1521 	DATA 	Mouse: Left button down, pos=(1027,283)
140.1782 	EXP 	slider: autoDraw = False
140.1782 	EXP 	text_9: autoDraw = False
140.1782 	EXP 	text_answer: autoDraw = False
140.1782 	EXP 	text_8: autoDraw = True
140.3638 	DATA 	Mouse:  Left button up, pos=(1027,283)
140.5422 	INFO 	Keyboard events cleared
140.5421 	EXP 	text_8: autoDraw = False
140.5421 	EXP 	text_8: autoDraw = False
140.5421 	EXP 	corrColor_2: height = np.float64(56.0)
140.5421 	EXP 	corrColor_2: height = np.float64(56.0)
140.5421 	EXP 	corrColor_2: height = np.float64(56.0)
140.5421 	EXP 	corrColor_2: text = 'Teal'
140.5421 	EXP 	R_2: height = np.float64(42.0)
140.5421 	EXP 	R_2: height = np.float64(42.0)
140.5421 	EXP 	R_2: height = np.float64(42.0)
140.5421 	EXP 	R_2: text = 0
140.5421 	EXP 	G_2: height = np.float64(42.0)
140.5421 	EXP 	G_2: height = np.float64(42.0)
140.5421 	EXP 	G_2: height = np.float64(42.0)
140.5421 	EXP 	G_2: text = 45
140.5421 	EXP 	B_2: height = np.float64(42.0)
140.5421 	EXP 	B_2: height = np.float64(42.0)
140.5421 	EXP 	B_2: height = np.float64(42.0)
140.5421 	EXP 	B_2: text = 54
140.5421 	EXP 	correctAnswer: autoDraw = True
140.5421 	EXP 	RBGInfo_2: autoDraw = True
140.5421 	EXP 	R_2: autoDraw = True
140.5421 	EXP 	G_2: autoDraw = True
140.5421 	EXP 	B_2: autoDraw = True
141.0796 	DATA 	Mouse: Left button down, pos=(1027,283)
141.0956 	EXP 	correctAnswer: autoDraw = False
141.0956 	EXP 	wrongAnswer: autoDraw = False
141.0956 	EXP 	corrColor_2: autoDraw = False
141.0956 	EXP 	RBGInfo_2: autoDraw = False
141.0956 	EXP 	R_2: autoDraw = False
141.0956 	EXP 	G_2: autoDraw = False
141.0956 	EXP 	B_2: autoDraw = False
141.0956 	EXP 	text_11: autoDraw = True
141.3139 	DATA 	Mouse:  Left button up, pos=(1027,283)
141.4294 	EXP 	New trial (rep=0, index=5): <Trial 5 (5 in rep 0) data={'folder': '01-t', 'image': '022_Cyan.jpg', 'logical': True, 'corrColor': 'Cyan', 'corrR': 0, 'corrG': 96, 'corrB': 90, 'image_path': '01-t/022_Cyan_0.png', 'thisN': 5, 'thisTrialN': 5, 'thisRepN': 0}>
141.5282 	EXP 	text_11: autoDraw = False
141.5282 	EXP 	text_11: autoDraw = False
141.5282 	EXP 	img: foreColor = <psychopy.colors.Color: white, alpha=1.0>
141.5282 	EXP 	img: ori = np.float64(0.0)
141.5282 	EXP 	Instructions: text = 'Click the spacebar to shuffle through the filters to recognize the color.\nPress the button of the color you think it corresponds to.'
141.5282 	EXP 	counter_Text: height = np.float64(72.0)
141.5282 	EXP 	counter_Text: height = np.float64(72.0)
141.5282 	EXP 	counter_Text: height = np.float64(72.0)
141.5282 	EXP 	counter_Text: text = 6
141.5282 	EXP 	img: autoDraw = True
141.5282 	EXP 	Instructions: autoDraw = True
141.5282 	EXP 	RBGInfo: autoDraw = True
141.5282 	EXP 	G: autoDraw = True
141.5282 	EXP 	B: autoDraw = True
141.5282 	EXP 	counter_Text: autoDraw = True
141.5282 	EXP 	total_count: autoDraw = True
141.7938 	EXP 	R: autoDraw = True
142.5193 	DATA 	Keypress: space
142.5199 	EXP 	Device response: <KeyPress from None: t=142.51216549996752, value=space, duration=None>
142.6355 	EXP 	Device response: <KeyPress from None: t=142.51216549996752, value=space, duration=0.1159658000105992>
143.6342 	DATA 	Keypress: space
143.6349 	EXP 	Device response: <KeyPress from None: t=143.59272029995918, value=space, duration=None>
143.7489 	EXP 	Device response: <KeyPress from None: t=143.59272029995918, value=space, duration=0.09496530005708337>
150.9070 	DATA 	Mouse: Left button down, pos=(1625,460)
150.9265 	EXP 	img: autoDraw = False
150.9265 	EXP 	Instructions: autoDraw = False
150.9265 	EXP 	RBGInfo: autoDraw = False
150.9265 	EXP 	R: autoDraw = False
150.9265 	EXP 	G: autoDraw = False
150.9265 	EXP 	B: autoDraw = False
150.9265 	EXP 	counter_Text: autoDraw = False
150.9265 	EXP 	total_count: autoDraw = False
150.9265 	EXP 	text_8: autoDraw = True
151.1146 	DATA 	Mouse:  Left button up, pos=(1625,460)
151.2916 	EXP 	text_8: autoDraw = False
151.2916 	EXP 	slider: markerPos = None
151.2916 	EXP 	slider: markerPos = 1
151.2916 	EXP 	slider: autoDraw = True
151.2916 	EXP 	text_9: autoDraw = True
151.2916 	EXP 	text_answer: autoDraw = True
152.2119 	DATA 	Mouse: Left button down, pos=(1399,577)
152.2588 	EXP 	slider: markerPos = np.float64(4.9559999999999995)
152.2783 	EXP 	slider: markerPos = np.float64(4.9559999999999995)
152.2939 	EXP 	slider: markerPos = np.float64(4.9559999999999995)
152.3109 	EXP 	slider: markerPos = np.float64(4.9559999999999995)
152.3418 	EXP 	slider: markerPos = np.float64(4.9559999999999995)
152.3751 	EXP 	slider: markerPos = np.float64(4.9559999999999995)
152.3952 	EXP 	slider: markerPos = np.float64(4.9559999999999995)
152.4106 	EXP 	slider: markerPos = np.float64(4.9559999999999995)
152.4276 	EXP 	slider: markerPos = np.float64(4.9559999999999995)
152.4284 	DATA 	Mouse:  Left button up, pos=(1399,577)
152.4584 	EXP 	slider: markerPos = 5.0
153.4053 	DATA 	Mouse: Left button down, pos=(1023,311)
153.6244 	DATA 	Mouse:  Left button up, pos=(1023,311)
154.3886 	DATA 	Mouse: Left button down, pos=(1015,257)
154.4279 	EXP 	slider: autoDraw = False
154.4279 	EXP 	text_9: autoDraw = False
154.4279 	EXP 	text_answer: autoDraw = False
154.4279 	EXP 	text_8: autoDraw = True
154.6114 	DATA 	Mouse:  Left button up, pos=(1015,257)
154.7919 	INFO 	Keyboard events cleared
154.7918 	EXP 	text_8: autoDraw = False
154.7918 	EXP 	corrColor_2: height = np.float64(56.0)
154.7918 	EXP 	corrColor_2: height = np.float64(56.0)
154.7918 	EXP 	corrColor_2: height = np.float64(56.0)
154.7918 	EXP 	corrColor_2: text = 'Cyan'
154.7918 	EXP 	R_2: height = np.float64(42.0)
154.7918 	EXP 	R_2: height = np.float64(42.0)
154.7918 	EXP 	R_2: height = np.float64(42.0)
154.7918 	EXP 	R_2: text = 0
154.7918 	EXP 	G_2: height = np.float64(42.0)
154.7918 	EXP 	G_2: height = np.float64(42.0)
154.7918 	EXP 	G_2: height = np.float64(42.0)
154.7918 	EXP 	G_2: text = 96
154.7918 	EXP 	B_2: height = np.float64(42.0)
154.7918 	EXP 	B_2: height = np.float64(42.0)
154.7918 	EXP 	B_2: height = np.float64(42.0)
154.7918 	EXP 	B_2: text = 90
154.7918 	EXP 	correctAnswer: autoDraw = True
154.7918 	EXP 	RBGInfo_2: autoDraw = True
154.7918 	EXP 	R_2: autoDraw = True
154.7918 	EXP 	G_2: autoDraw = True
154.7918 	EXP 	B_2: autoDraw = True
155.2631 	DATA 	Mouse: Left button down, pos=(1015,257)
155.2770 	EXP 	correctAnswer: autoDraw = False
155.2770 	EXP 	wrongAnswer: autoDraw = False
155.2770 	EXP 	corrColor_2: autoDraw = False
155.2770 	EXP 	RBGInfo_2: autoDraw = False
155.2770 	EXP 	R_2: autoDraw = False
155.2770 	EXP 	G_2: autoDraw = False
155.2770 	EXP 	B_2: autoDraw = False
155.2770 	EXP 	text_11: autoDraw = True
155.4952 	DATA 	Mouse:  Left button up, pos=(1015,257)
155.6131 	EXP 	New trial (rep=0, index=6): <Trial 6 (6 in rep 0) data={'folder': '02-1', 'image': '010_Pink.jpg', 'logical': True, 'corrColor': 'Pink', 'corrR': 98, 'corrG': 0, 'corrB': 52, 'image_path': '02-1/010_Pink_0.png', 'thisN': 6, 'thisTrialN': 6, 'thisRepN': 0}>
155.7098 	EXP 	text_11: autoDraw = False
155.7098 	EXP 	text_11: autoDraw = False
155.7098 	EXP 	img: foreColor = <psychopy.colors.Color: white, alpha=1.0>
155.7098 	EXP 	img: ori = np.float64(0.0)
155.7098 	EXP 	Instructions: text = 'Click the spacebar to shuffle through the filters to recognize the color.\nPress the button of the color you think it corresponds to.'
155.7098 	EXP 	counter_Text: height = np.float64(72.0)
155.7098 	EXP 	counter_Text: height = np.float64(72.0)
155.7098 	EXP 	counter_Text: height = np.float64(72.0)
155.7098 	EXP 	counter_Text: text = 7
155.7098 	EXP 	img: autoDraw = True
155.7098 	EXP 	Instructions: autoDraw = True
155.7098 	EXP 	RBGInfo: autoDraw = True
155.7098 	EXP 	G: autoDraw = True
155.7098 	EXP 	B: autoDraw = True
155.7098 	EXP 	counter_Text: autoDraw = True
155.7098 	EXP 	total_count: autoDraw = True
155.9091 	EXP 	R: autoDraw = True
163.4400 	DATA 	Mouse: Left button down, pos=(1015,257)
163.6577 	DATA 	Mouse:  Left button up, pos=(1015,257)
163.9371 	DATA 	Keypress: space
163.9379 	EXP 	Device response: <KeyPress from None: t=163.91704099997878, value=space, duration=None>
164.1517 	EXP 	Device response: <KeyPress from None: t=163.91704099997878, value=space, duration=0.15253790002316236>
164.5346 	DATA 	Keypress: space
164.6173 	EXP 	Device response: <KeyPress from None: t=164.53327420004643, value=space, duration=None>
164.7208 	EXP 	Device response: <KeyPress from None: t=164.53327420004643, value=space, duration=0.08869409991893917>
165.9124 	DATA 	Keypress: space
165.9130 	EXP 	Device response: <KeyPress from None: t=165.89275829994585, value=space, duration=None>
166.0119 	EXP 	Device response: <KeyPress from None: t=165.89275829994585, value=space, duration=0.0890541000990197>
166.3063 	DATA 	Keypress: space
166.3839 	EXP 	Device response: <KeyPress from None: t=166.30550879996736, value=space, duration=None>
166.4943 	EXP 	Device response: <KeyPress from None: t=166.30550879996736, value=space, duration=0.0799933000234887>
170.5897 	DATA 	Mouse: Left button down, pos=(1616,821)
170.6094 	EXP 	img: autoDraw = False
170.6094 	EXP 	Instructions: autoDraw = False
170.6094 	EXP 	RBGInfo: autoDraw = False
170.6094 	EXP 	R: autoDraw = False
170.6094 	EXP 	G: autoDraw = False
170.6094 	EXP 	B: autoDraw = False
170.6094 	EXP 	counter_Text: autoDraw = False
170.6094 	EXP 	total_count: autoDraw = False
170.6094 	EXP 	text_8: autoDraw = True
170.7459 	DATA 	Mouse:  Left button up, pos=(1616,821)
170.9919 	EXP 	text_8: autoDraw = False
170.9919 	EXP 	slider: markerPos = None
170.9919 	EXP 	slider: markerPos = 1
170.9919 	EXP 	slider: autoDraw = True
170.9919 	EXP 	text_9: autoDraw = True
170.9919 	EXP 	text_answer: autoDraw = True
172.5031 	DATA 	Mouse: Left button down, pos=(1386,592)
172.5412 	EXP 	slider: markerPos = np.float64(4.904)
172.5608 	EXP 	slider: markerPos = np.float64(4.904)
172.5918 	EXP 	slider: markerPos = np.float64(4.904)
172.6111 	EXP 	slider: markerPos = np.float64(4.904)
172.6411 	EXP 	slider: markerPos = np.float64(4.904)
172.6607 	EXP 	slider: markerPos = np.float64(4.904)
172.6911 	EXP 	slider: markerPos = np.float64(4.904)
172.7248 	EXP 	slider: markerPos = np.float64(4.904)
172.7267 	DATA 	Mouse:  Left button up, pos=(1386,592)
172.7580 	EXP 	slider: markerPos = 5.0
173.7834 	DATA 	Mouse: Left button down, pos=(1030,253)
173.8099 	EXP 	slider: autoDraw = False
173.8099 	EXP 	text_9: autoDraw = False
173.8099 	EXP 	text_answer: autoDraw = False
173.8099 	EXP 	text_8: autoDraw = True
174.0121 	DATA 	Mouse:  Left button up, pos=(1030,253)
174.1745 	INFO 	Keyboard events cleared
174.1744 	EXP 	text_8: autoDraw = False
174.1744 	EXP 	text_8: autoDraw = False
174.1744 	EXP 	corrColor_2: height = np.float64(56.0)
174.1744 	EXP 	corrColor_2: height = np.float64(56.0)
174.1744 	EXP 	corrColor_2: height = np.float64(56.0)
174.1744 	EXP 	corrColor_2: text = 'Pink'
174.1744 	EXP 	R_2: height = np.float64(42.0)
174.1744 	EXP 	R_2: height = np.float64(42.0)
174.1744 	EXP 	R_2: height = np.float64(42.0)
174.1744 	EXP 	R_2: text = 98
174.1744 	EXP 	G_2: height = np.float64(42.0)
174.1744 	EXP 	G_2: height = np.float64(42.0)
174.1744 	EXP 	G_2: height = np.float64(42.0)
174.1744 	EXP 	G_2: text = 0
174.1744 	EXP 	B_2: height = np.float64(42.0)
174.1744 	EXP 	B_2: height = np.float64(42.0)
174.1744 	EXP 	B_2: height = np.float64(42.0)
174.1744 	EXP 	B_2: text = 52
174.1744 	EXP 	correctAnswer: autoDraw = True
174.1744 	EXP 	RBGInfo_2: autoDraw = True
174.1744 	EXP 	R_2: autoDraw = True
174.1744 	EXP 	G_2: autoDraw = True
174.1744 	EXP 	B_2: autoDraw = True
174.9455 	DATA 	Mouse: Left button down, pos=(1030,253)
174.9611 	EXP 	correctAnswer: autoDraw = False
174.9611 	EXP 	wrongAnswer: autoDraw = False
174.9611 	EXP 	corrColor_2: autoDraw = False
174.9611 	EXP 	RBGInfo_2: autoDraw = False
174.9611 	EXP 	R_2: autoDraw = False
174.9611 	EXP 	G_2: autoDraw = False
174.9611 	EXP 	B_2: autoDraw = False
174.9611 	EXP 	text_11: autoDraw = True
175.1612 	DATA 	Mouse:  Left button up, pos=(1030,253)
175.2974 	EXP 	New trial (rep=0, index=7): <Trial 7 (7 in rep 0) data={'folder': '03-1', 'image': '032_Bordeaux.jpg', 'logical': True, 'corrColor': 'Bordeaux', 'corrR': 50, 'corrG': 0, 'corrB': 18, 'image_path': '03-1/032_Bordeaux_0.png', 'thisN': 7, 'thisTrialN': 7, 'thisRepN': 0}>
175.4100 	EXP 	text_11: autoDraw = False
175.4100 	EXP 	text_11: autoDraw = False
175.4100 	EXP 	img: foreColor = <psychopy.colors.Color: white, alpha=1.0>
175.4100 	EXP 	img: ori = np.float64(0.0)
175.4100 	EXP 	Instructions: text = 'Click the spacebar to shuffle through the filters to recognize the color.\nPress the button of the color you think it corresponds to.'
175.4100 	EXP 	counter_Text: height = np.float64(72.0)
175.4100 	EXP 	counter_Text: height = np.float64(72.0)
175.4100 	EXP 	counter_Text: height = np.float64(72.0)
175.4100 	EXP 	counter_Text: text = 8
175.4100 	EXP 	img: autoDraw = True
175.4100 	EXP 	Instructions: autoDraw = True
175.4100 	EXP 	RBGInfo: autoDraw = True
175.4100 	EXP 	G: autoDraw = True
175.4100 	EXP 	B: autoDraw = True
175.4100 	EXP 	counter_Text: autoDraw = True
175.4100 	EXP 	total_count: autoDraw = True
175.5930 	EXP 	R: autoDraw = True
185.9886 	DATA 	Keypress: space
185.9893 	EXP 	Device response: <KeyPress from None: t=185.94682589999866, value=space, duration=None>
186.0915 	EXP 	Device response: <KeyPress from None: t=185.94682589999866, value=space, duration=0.1072105000494048>
186.4072 	DATA 	Keypress: space
186.4884 	EXP 	Device response: <KeyPress from None: t=186.40655800001696, value=space, duration=None>
186.5921 	EXP 	Device response: <KeyPress from None: t=186.40655800001696, value=space, duration=0.12524359999224544>
192.6242 	DATA 	Keypress: space
192.6247 	EXP 	Device response: <KeyPress from None: t=192.60173899994697, value=space, duration=None>
192.8262 	EXP 	Device response: <KeyPress from None: t=192.60173899994697, value=space, duration=0.1796440000180155>
198.2075 	DATA 	Mouse: Left button down, pos=(1626,1002)
198.3084 	EXP 	img: autoDraw = False
198.3084 	EXP 	Instructions: autoDraw = False
198.3084 	EXP 	RBGInfo: autoDraw = False
198.3084 	EXP 	R: autoDraw = False
198.3084 	EXP 	G: autoDraw = False
198.3084 	EXP 	B: autoDraw = False
198.3084 	EXP 	counter_Text: autoDraw = False
198.3084 	EXP 	total_count: autoDraw = False
198.3084 	EXP 	text_8: autoDraw = True
198.4283 	DATA 	Mouse:  Left button up, pos=(1626,1002)
198.6738 	EXP 	text_8: autoDraw = False
198.6738 	EXP 	slider: markerPos = None
198.6738 	EXP 	slider: markerPos = 1
198.6738 	EXP 	slider: autoDraw = True
198.6738 	EXP 	text_9: autoDraw = True
198.6738 	EXP 	text_answer: autoDraw = True
200.6678 	DATA 	Mouse: Left button down, pos=(1126,605)
200.7065 	EXP 	slider: markerPos = np.float64(3.864)
200.7261 	EXP 	slider: markerPos = np.float64(3.864)
200.7565 	EXP 	slider: markerPos = np.float64(3.864)
200.7762 	EXP 	slider: markerPos = np.float64(3.864)
200.8065 	EXP 	slider: markerPos = np.float64(3.864)
200.8261 	EXP 	slider: markerPos = np.float64(3.864)
200.8566 	EXP 	slider: markerPos = np.float64(3.864)
200.8761 	EXP 	slider: markerPos = np.float64(3.864)
200.8863 	DATA 	Mouse:  Left button up, pos=(1126,605)
200.9065 	EXP 	slider: markerPos = np.float64(3.864)
200.9263 	EXP 	slider: markerPos = 4.0
201.7160 	DATA 	Mouse: Left button down, pos=(952,229)
201.7420 	EXP 	slider: autoDraw = False
201.7420 	EXP 	text_9: autoDraw = False
201.7420 	EXP 	text_answer: autoDraw = False
201.7420 	EXP 	text_8: autoDraw = True
201.9426 	DATA 	Mouse:  Left button up, pos=(952,229)
202.1065 	INFO 	Keyboard events cleared
202.1064 	EXP 	text_8: autoDraw = False
202.1064 	EXP 	text_8: autoDraw = False
202.1064 	EXP 	corrColor_2: height = np.float64(56.0)
202.1064 	EXP 	corrColor_2: height = np.float64(56.0)
202.1064 	EXP 	corrColor_2: height = np.float64(56.0)
202.1064 	EXP 	corrColor_2: text = 'Bordeaux'
202.1064 	EXP 	R_2: height = np.float64(42.0)
202.1064 	EXP 	R_2: height = np.float64(42.0)
202.1064 	EXP 	R_2: height = np.float64(42.0)
202.1064 	EXP 	R_2: text = 50
202.1064 	EXP 	G_2: height = np.float64(42.0)
202.1064 	EXP 	G_2: height = np.float64(42.0)
202.1064 	EXP 	G_2: height = np.float64(42.0)
202.1064 	EXP 	G_2: text = 0
202.1064 	EXP 	B_2: height = np.float64(42.0)
202.1064 	EXP 	B_2: height = np.float64(42.0)
202.1064 	EXP 	B_2: height = np.float64(42.0)
202.1064 	EXP 	B_2: text = 18
202.1064 	EXP 	correctAnswer: autoDraw = True
202.1064 	EXP 	RBGInfo_2: autoDraw = True
202.1064 	EXP 	R_2: autoDraw = True
202.1064 	EXP 	G_2: autoDraw = True
202.1064 	EXP 	B_2: autoDraw = True
203.6272 	DATA 	Mouse: Left button down, pos=(952,229)
203.6420 	EXP 	correctAnswer: autoDraw = False
203.6420 	EXP 	wrongAnswer: autoDraw = False
203.6420 	EXP 	corrColor_2: autoDraw = False
203.6420 	EXP 	RBGInfo_2: autoDraw = False
203.6420 	EXP 	R_2: autoDraw = False
203.6420 	EXP 	G_2: autoDraw = False
203.6420 	EXP 	B_2: autoDraw = False
203.6420 	EXP 	text_11: autoDraw = True
203.8428 	DATA 	Mouse:  Left button up, pos=(952,229)
203.9775 	EXP 	New trial (rep=0, index=8): <Trial 8 (8 in rep 0) data={'folder': '03-1', 'image': '029_Teal.jpg', 'logical': True, 'corrColor': 'Teal', 'corrR': 0, 'corrG': 47, 'corrB': 43, 'image_path': '03-1/029_Teal_0.png', 'thisN': 8, 'thisTrialN': 8, 'thisRepN': 0}>
204.0755 	EXP 	text_11: autoDraw = False
204.0755 	EXP 	text_11: autoDraw = False
204.0755 	EXP 	img: foreColor = <psychopy.colors.Color: white, alpha=1.0>
204.0755 	EXP 	img: ori = np.float64(0.0)
204.0755 	EXP 	Instructions: text = 'Click the spacebar to shuffle through the filters to recognize the color.\nPress the button of the color you think it corresponds to.'
204.0755 	EXP 	counter_Text: height = np.float64(72.0)
204.0755 	EXP 	counter_Text: height = np.float64(72.0)
204.0755 	EXP 	counter_Text: height = np.float64(72.0)
204.0755 	EXP 	counter_Text: text = 9
204.0755 	EXP 	img: autoDraw = True
204.0755 	EXP 	Instructions: autoDraw = True
204.0755 	EXP 	RBGInfo: autoDraw = True
204.0755 	EXP 	G: autoDraw = True
204.0755 	EXP 	B: autoDraw = True
204.0755 	EXP 	counter_Text: autoDraw = True
204.0755 	EXP 	total_count: autoDraw = True
204.3253 	EXP 	R: autoDraw = True
206.7324 	DATA 	Mouse: Left button down, pos=(1021,413)
206.8289 	DATA 	Mouse:  Left button up, pos=(1021,413)
209.3370 	DATA 	Keypress: space
209.4218 	EXP 	Device response: <KeyPress from None: t=209.33581530000083, value=space, duration=None>
209.5233 	EXP 	Device response: <KeyPress from None: t=209.33581530000083, value=space, duration=0.10670270002447069>
211.8953 	DATA 	Keypress: space
211.8958 	EXP 	Device response: <KeyPress from None: t=211.80596519995015, value=space, duration=None>
212.0035 	EXP 	Device response: <KeyPress from None: t=211.80596519995015, value=space, duration=0.12501170008908957>
212.5040 	DATA 	Keypress: space
212.5047 	EXP 	Device response: <KeyPress from None: t=212.43629580002744, value=space, duration=None>
212.6061 	EXP 	Device response: <KeyPress from None: t=212.43629580002744, value=space, duration=0.11618879996240139>
212.9155 	DATA 	Keypress: space
212.9165 	EXP 	Device response: <KeyPress from None: t=212.88264990004245, value=space, duration=None>
213.1197 	EXP 	Device response: <KeyPress from None: t=212.88264990004245, value=space, duration=0.19768769992515445>
213.3119 	DATA 	Keypress: space
213.3126 	EXP 	Device response: <KeyPress from None: t=213.30928419996053, value=space, duration=None>
213.3990 	EXP 	Device response: <KeyPress from None: t=213.30928419996053, value=space, duration=0.08891699998639524>
214.2515 	DATA 	Keypress: space
214.3345 	EXP 	Device response: <KeyPress from None: t=214.25024379999377, value=space, duration=None>
214.4302 	EXP 	Device response: <KeyPress from None: t=214.25024379999377, value=space, duration=0.11573850002605468>
221.5823 	DATA 	Mouse: Left button down, pos=(1611,1064)
221.6079 	EXP 	img: autoDraw = False
221.6079 	EXP 	Instructions: autoDraw = False
221.6079 	EXP 	RBGInfo: autoDraw = False
221.6079 	EXP 	R: autoDraw = False
221.6079 	EXP 	G: autoDraw = False
221.6079 	EXP 	B: autoDraw = False
221.6079 	EXP 	counter_Text: autoDraw = False
221.6079 	EXP 	total_count: autoDraw = False
221.6079 	EXP 	text_8: autoDraw = True
221.7760 	DATA 	Mouse:  Left button up, pos=(1611,1064)
221.9898 	EXP 	text_8: autoDraw = False
221.9898 	EXP 	slider: markerPos = None
221.9898 	EXP 	slider: markerPos = 1
221.9898 	EXP 	slider: autoDraw = True
221.9898 	EXP 	text_9: autoDraw = True
221.9898 	EXP 	text_answer: autoDraw = True
223.2100 	DATA 	Mouse: Left button down, pos=(1104,605)
223.2401 	EXP 	slider: markerPos = np.float64(3.776)
223.2596 	EXP 	slider: markerPos = np.float64(3.776)
223.2897 	EXP 	slider: markerPos = np.float64(3.776)
223.3095 	EXP 	slider: markerPos = np.float64(3.776)
223.3396 	EXP 	slider: markerPos = np.float64(3.776)
223.3595 	EXP 	slider: markerPos = np.float64(3.776)
223.3898 	EXP 	slider: markerPos = np.float64(3.776)
223.4095 	EXP 	slider: markerPos = np.float64(3.776)
223.4397 	EXP 	slider: markerPos = np.float64(3.776)
223.4407 	DATA 	Mouse:  Left button up, pos=(1104,605)
223.4594 	EXP 	slider: markerPos = 4.0
224.6819 	DATA 	Mouse: Left button down, pos=(986,250)
224.7091 	EXP 	slider: autoDraw = False
224.7091 	EXP 	text_9: autoDraw = False
224.7091 	EXP 	text_answer: autoDraw = False
224.7091 	EXP 	text_8: autoDraw = True
224.9102 	DATA 	Mouse:  Left button up, pos=(986,250)
225.0726 	INFO 	Keyboard events cleared
225.0725 	EXP 	text_8: autoDraw = False
225.0725 	EXP 	text_8: autoDraw = False
225.0725 	EXP 	corrColor_2: height = np.float64(56.0)
225.0725 	EXP 	corrColor_2: height = np.float64(56.0)
225.0725 	EXP 	corrColor_2: height = np.float64(56.0)
225.0725 	EXP 	corrColor_2: text = 'Teal'
225.0725 	EXP 	R_2: height = np.float64(42.0)
225.0725 	EXP 	R_2: height = np.float64(42.0)
225.0725 	EXP 	R_2: height = np.float64(42.0)
225.0725 	EXP 	R_2: text = 0
225.0725 	EXP 	G_2: height = np.float64(42.0)
225.0725 	EXP 	G_2: height = np.float64(42.0)
225.0725 	EXP 	G_2: height = np.float64(42.0)
225.0725 	EXP 	G_2: text = 47
225.0725 	EXP 	B_2: height = np.float64(42.0)
225.0725 	EXP 	B_2: height = np.float64(42.0)
225.0725 	EXP 	B_2: height = np.float64(42.0)
225.0725 	EXP 	B_2: text = 43
225.0725 	EXP 	correctAnswer: autoDraw = True
225.0725 	EXP 	RBGInfo_2: autoDraw = True
225.0725 	EXP 	R_2: autoDraw = True
225.0725 	EXP 	G_2: autoDraw = True
225.0725 	EXP 	B_2: autoDraw = True
225.6770 	DATA 	Mouse: Left button down, pos=(986,250)
225.6918 	EXP 	correctAnswer: autoDraw = False
225.6918 	EXP 	wrongAnswer: autoDraw = False
225.6918 	EXP 	corrColor_2: autoDraw = False
225.6918 	EXP 	RBGInfo_2: autoDraw = False
225.6918 	EXP 	R_2: autoDraw = False
225.6918 	EXP 	G_2: autoDraw = False
225.6918 	EXP 	B_2: autoDraw = False
225.6918 	EXP 	text_11: autoDraw = True
225.9094 	DATA 	Mouse:  Left button up, pos=(986,250)
226.0274 	EXP 	New trial (rep=0, index=9): <Trial 9 (9 in rep 0) data={'folder': '03-1', 'image': '019_Brown.jpg', 'logical': True, 'corrColor': 'Brown', 'corrR': 50, 'corrG': 17, 'corrB': 0, 'image_path': '03-1/019_Brown_0.png', 'thisN': 9, 'thisTrialN': 9, 'thisRepN': 0}>
226.1079 	EXP 	text_11: autoDraw = False
226.1079 	EXP 	text_11: autoDraw = False
226.1079 	EXP 	img: foreColor = <psychopy.colors.Color: white, alpha=1.0>
226.1079 	EXP 	img: ori = np.float64(0.0)
226.1079 	EXP 	Instructions: text = 'Click the spacebar to shuffle through the filters to recognize the color.\nPress the button of the color you think it corresponds to.'
226.1079 	EXP 	counter_Text: height = np.float64(72.0)
226.1079 	EXP 	counter_Text: height = np.float64(72.0)
226.1079 	EXP 	counter_Text: height = np.float64(72.0)
226.1079 	EXP 	counter_Text: text = 10
226.1079 	EXP 	img: autoDraw = True
226.1079 	EXP 	Instructions: autoDraw = True
226.1079 	EXP 	RBGInfo: autoDraw = True
226.1079 	EXP 	G: autoDraw = True
226.1079 	EXP 	B: autoDraw = True
226.1079 	EXP 	counter_Text: autoDraw = True
226.1079 	EXP 	total_count: autoDraw = True
226.3570 	EXP 	R: autoDraw = True
229.1740 	DATA 	Keypress: space
229.1746 	EXP 	Device response: <KeyPress from None: t=229.14937630004715, value=space, duration=None>
229.3675 	EXP 	Device response: <KeyPress from None: t=229.14937630004715, value=space, duration=0.1436035999795422>
230.6494 	DATA 	Keypress: space
230.6500 	EXP 	Device response: <KeyPress from None: t=230.5876134999562, value=space, duration=None>
230.7557 	EXP 	Device response: <KeyPress from None: t=230.5876134999562, value=space, duration=0.11636700003873557>
232.1564 	DATA 	Keypress: space
232.1571 	EXP 	Device response: <KeyPress from None: t=232.1199027999537, value=space, duration=None>
232.2508 	EXP 	Device response: <KeyPress from None: t=232.1199027999537, value=space, duration=0.10670550004579127>
232.7483 	DATA 	Keypress: space
232.7491 	EXP 	Device response: <KeyPress from None: t=232.68447660002857, value=space, duration=None>
232.8411 	EXP 	Device response: <KeyPress from None: t=232.68447660002857, value=space, duration=0.12555769993923604>
234.9264 	DATA 	Keypress: space
234.9270 	EXP 	Device response: <KeyPress from None: t=234.86924010002986, value=space, duration=None>
235.0197 	EXP 	Device response: <KeyPress from None: t=234.86924010002986, value=space, duration=0.10704739997163415>
249.0093 	DATA 	Mouse: Left button down, pos=(1639,1127)
249.0233 	EXP 	img: autoDraw = False
249.0233 	EXP 	Instructions: autoDraw = False
249.0233 	EXP 	RBGInfo: autoDraw = False
249.0233 	EXP 	R: autoDraw = False
249.0233 	EXP 	G: autoDraw = False
249.0233 	EXP 	B: autoDraw = False
249.0233 	EXP 	counter_Text: autoDraw = False
249.0233 	EXP 	total_count: autoDraw = False
249.0233 	EXP 	text_8: autoDraw = True
249.1424 	DATA 	Mouse:  Left button up, pos=(1639,1127)
249.3881 	EXP 	text_8: autoDraw = False
249.3881 	EXP 	text_8: autoDraw = False
249.3881 	EXP 	slider: markerPos = None
249.3881 	EXP 	slider: markerPos = 1
249.3881 	EXP 	slider: autoDraw = True
249.3881 	EXP 	text_9: autoDraw = True
249.3881 	EXP 	text_answer: autoDraw = True
250.8939 	DATA 	Mouse: Left button down, pos=(1369,579)
250.9215 	EXP 	slider: markerPos = np.float64(4.836)
250.9410 	EXP 	slider: markerPos = np.float64(4.836)
250.9571 	EXP 	slider: markerPos = np.float64(4.836)
250.9744 	EXP 	slider: markerPos = np.float64(4.836)
251.0048 	EXP 	slider: markerPos = np.float64(4.836)
251.0247 	EXP 	slider: markerPos = np.float64(4.836)
251.0548 	EXP 	slider: markerPos = np.float64(4.836)
251.0745 	EXP 	slider: markerPos = np.float64(4.836)
251.1047 	EXP 	slider: markerPos = np.float64(4.836)
251.1151 	DATA 	Mouse:  Left button up, pos=(1369,579)
251.1243 	EXP 	slider: markerPos = np.float64(4.836)
251.1404 	EXP 	slider: markerPos = 5.0
252.2661 	DATA 	Mouse: Left button down, pos=(1013,278)
252.3079 	EXP 	slider: autoDraw = False
252.3079 	EXP 	text_9: autoDraw = False
252.3079 	EXP 	text_answer: autoDraw = False
252.3079 	EXP 	text_8: autoDraw = True
252.4905 	DATA 	Mouse:  Left button up, pos=(1013,278)
252.6713 	INFO 	Keyboard events cleared
252.6712 	EXP 	text_8: autoDraw = False
252.6712 	EXP 	corrColor_2: height = np.float64(56.0)
252.6712 	EXP 	corrColor_2: height = np.float64(56.0)
252.6712 	EXP 	corrColor_2: height = np.float64(56.0)
252.6712 	EXP 	corrColor_2: text = 'Brown'
252.6712 	EXP 	R_2: height = np.float64(42.0)
252.6712 	EXP 	R_2: height = np.float64(42.0)
252.6712 	EXP 	R_2: height = np.float64(42.0)
252.6712 	EXP 	R_2: text = 50
252.6712 	EXP 	G_2: height = np.float64(42.0)
252.6712 	EXP 	G_2: height = np.float64(42.0)
252.6712 	EXP 	G_2: height = np.float64(42.0)
252.6712 	EXP 	G_2: text = 17
252.6712 	EXP 	B_2: height = np.float64(42.0)
252.6712 	EXP 	B_2: height = np.float64(42.0)
252.6712 	EXP 	B_2: height = np.float64(42.0)
252.6712 	EXP 	B_2: text = 0
252.6712 	EXP 	correctAnswer: autoDraw = True
252.6712 	EXP 	RBGInfo_2: autoDraw = True
252.6712 	EXP 	R_2: autoDraw = True
252.6712 	EXP 	G_2: autoDraw = True
252.6712 	EXP 	B_2: autoDraw = True
253.2264 	DATA 	Mouse: Left button down, pos=(1013,278)
253.2407 	EXP 	correctAnswer: autoDraw = False
253.2407 	EXP 	wrongAnswer: autoDraw = False
253.2407 	EXP 	corrColor_2: autoDraw = False
253.2407 	EXP 	RBGInfo_2: autoDraw = False
253.2407 	EXP 	R_2: autoDraw = False
253.2407 	EXP 	G_2: autoDraw = False
253.2407 	EXP 	B_2: autoDraw = False
253.2407 	EXP 	text_11: autoDraw = True
253.4409 	DATA 	Mouse:  Left button up, pos=(1013,278)
253.5753 	EXP 	New trial (rep=0, index=10): <Trial 10 (10 in rep 0) data={'folder': '03-1', 'image': '006_Teal.jpg', 'logical': True, 'corrColor': 'Teal', 'corrR': 0, 'corrG': 46, 'corrB': 53, 'image_path': '03-1/006_Teal_0.png', 'thisN': 10, 'thisTrialN': 10, 'thisRepN': 0}>
253.6735 	EXP 	text_11: autoDraw = False
253.6735 	EXP 	text_11: autoDraw = False
253.6735 	EXP 	img: foreColor = <psychopy.colors.Color: white, alpha=1.0>
253.6735 	EXP 	img: ori = np.float64(0.0)
253.6735 	EXP 	Instructions: text = 'Click the spacebar to shuffle through the filters to recognize the color.\nPress the button of the color you think it corresponds to.'
253.6735 	EXP 	counter_Text: height = np.float64(72.0)
253.6735 	EXP 	counter_Text: height = np.float64(72.0)
253.6735 	EXP 	counter_Text: height = np.float64(72.0)
253.6735 	EXP 	counter_Text: text = 11
253.6735 	EXP 	img: autoDraw = True
253.6735 	EXP 	Instructions: autoDraw = True
253.6735 	EXP 	RBGInfo: autoDraw = True
253.6735 	EXP 	G: autoDraw = True
253.6735 	EXP 	B: autoDraw = True
253.6735 	EXP 	counter_Text: autoDraw = True
253.6735 	EXP 	total_count: autoDraw = True
253.9402 	EXP 	R: autoDraw = True
260.8494 	DATA 	Keypress: space
260.8497 	EXP 	Device response: <KeyPress from None: t=260.77367180003785, value=space, duration=None>
260.9505 	EXP 	Device response: <KeyPress from None: t=260.77367180003785, value=space, duration=0.13402310002129525>
261.9538 	DATA 	Keypress: space
261.9543 	EXP 	Device response: <KeyPress from None: t=261.88314509997144, value=space, duration=None>
262.0509 	EXP 	Device response: <KeyPress from None: t=261.88314509997144, value=space, duration=0.13414360000751913>
262.6617 	DATA 	Keypress: space
262.7501 	EXP 	Device response: <KeyPress from None: t=262.6605232000584, value=space, duration=None>
262.8569 	EXP 	Device response: <KeyPress from None: t=262.6605232000584, value=space, duration=0.11587759992107749>
262.9542 	DATA 	Keypress: space
262.9546 	EXP 	Device response: <KeyPress from None: t=262.94246509997174, value=space, duration=None>
263.0523 	EXP 	Device response: <KeyPress from None: t=262.94246509997174, value=space, duration=0.09785810008179396>
263.2558 	DATA 	Keypress: space
263.2563 	EXP 	Device response: <KeyPress from None: t=263.17988479998894, value=space, duration=None>
263.3580 	EXP 	Device response: <KeyPress from None: t=263.17988479998894, value=space, duration=0.08916590001899749>
263.4756 	DATA 	Keypress: space
263.5496 	EXP 	Device response: <KeyPress from None: t=263.47494660003576, value=space, duration=None>
263.6506 	EXP 	Device response: <KeyPress from None: t=263.47494660003576, value=space, duration=0.09764049993827939>
268.2160 	DATA 	Mouse: Left button down, pos=(1616,1053)
268.2393 	EXP 	img: autoDraw = False
268.2393 	EXP 	Instructions: autoDraw = False
268.2393 	EXP 	RBGInfo: autoDraw = False
268.2393 	EXP 	R: autoDraw = False
268.2393 	EXP 	G: autoDraw = False
268.2393 	EXP 	B: autoDraw = False
268.2393 	EXP 	counter_Text: autoDraw = False
268.2393 	EXP 	total_count: autoDraw = False
268.2393 	EXP 	text_8: autoDraw = True
268.4424 	DATA 	Mouse:  Left button up, pos=(1616,1053)
268.6043 	EXP 	text_8: autoDraw = False
268.6043 	EXP 	slider: markerPos = None
268.6043 	EXP 	slider: markerPos = 1
268.6043 	EXP 	slider: autoDraw = True
268.6043 	EXP 	text_9: autoDraw = True
268.6043 	EXP 	text_answer: autoDraw = True
271.9154 	DATA 	Mouse: Left button down, pos=(1409,588)
271.9544 	EXP 	slider: markerPos = np.float64(4.996)
271.9735 	EXP 	slider: markerPos = np.float64(4.996)
271.9897 	EXP 	slider: markerPos = np.float64(4.996)
272.0068 	EXP 	slider: markerPos = np.float64(4.996)
272.0372 	EXP 	slider: markerPos = np.float64(4.996)
272.0569 	EXP 	slider: markerPos = np.float64(4.996)
272.0872 	EXP 	slider: markerPos = np.float64(4.996)
272.1069 	EXP 	slider: markerPos = np.float64(4.996)
272.1373 	EXP 	slider: markerPos = np.float64(4.996)
272.1379 	DATA 	Mouse:  Left button up, pos=(1409,588)
272.1570 	EXP 	slider: markerPos = 5.0
276.2908 	DATA 	Mouse: Left button down, pos=(1006,241)
276.3065 	EXP 	slider: autoDraw = False
276.3065 	EXP 	text_9: autoDraw = False
276.3065 	EXP 	text_answer: autoDraw = False
276.3065 	EXP 	text_8: autoDraw = True
276.5244 	DATA 	Mouse:  Left button up, pos=(1006,241)
276.6704 	INFO 	Keyboard events cleared
276.6703 	EXP 	text_8: autoDraw = False
276.6703 	EXP 	text_8: autoDraw = False
276.6703 	EXP 	corrColor_2: height = np.float64(56.0)
276.6703 	EXP 	corrColor_2: height = np.float64(56.0)
276.6703 	EXP 	corrColor_2: height = np.float64(56.0)
276.6703 	EXP 	corrColor_2: text = 'Teal'
276.6703 	EXP 	R_2: height = np.float64(42.0)
276.6703 	EXP 	R_2: height = np.float64(42.0)
276.6703 	EXP 	R_2: height = np.float64(42.0)
276.6703 	EXP 	R_2: text = 0
276.6703 	EXP 	G_2: height = np.float64(42.0)
276.6703 	EXP 	G_2: height = np.float64(42.0)
276.6703 	EXP 	G_2: height = np.float64(42.0)
276.6703 	EXP 	G_2: text = 46
276.6703 	EXP 	B_2: height = np.float64(42.0)
276.6703 	EXP 	B_2: height = np.float64(42.0)
276.6703 	EXP 	B_2: height = np.float64(42.0)
276.6703 	EXP 	B_2: text = 53
276.6703 	EXP 	correctAnswer: autoDraw = True
276.6703 	EXP 	RBGInfo_2: autoDraw = True
276.6703 	EXP 	R_2: autoDraw = True
276.6703 	EXP 	G_2: autoDraw = True
276.6703 	EXP 	B_2: autoDraw = True
277.7741 	DATA 	Mouse: Left button down, pos=(1006,241)
277.7900 	EXP 	correctAnswer: autoDraw = False
277.7900 	EXP 	wrongAnswer: autoDraw = False
277.7900 	EXP 	corrColor_2: autoDraw = False
277.7900 	EXP 	RBGInfo_2: autoDraw = False
277.7900 	EXP 	R_2: autoDraw = False
277.7900 	EXP 	G_2: autoDraw = False
277.7900 	EXP 	B_2: autoDraw = False
277.7900 	EXP 	text_11: autoDraw = True
277.9906 	DATA 	Mouse:  Left button up, pos=(1006,241)
278.1248 	EXP 	New trial (rep=0, index=11): <Trial 11 (11 in rep 0) data={'folder': '02-1', 'image': '014_Pink.jpg', 'logical': True, 'corrColor': 'Pink', 'corrR': 100, 'corrG': 9, 'corrB': 40, 'image_path': '02-1/014_Pink_0.png', 'thisN': 11, 'thisTrialN': 11, 'thisRepN': 0}>
278.2393 	EXP 	text_11: autoDraw = False
278.2393 	EXP 	text_11: autoDraw = False
278.2393 	EXP 	img: foreColor = <psychopy.colors.Color: white, alpha=1.0>
278.2393 	EXP 	img: ori = np.float64(0.0)
278.2393 	EXP 	Instructions: text = 'Click the spacebar to shuffle through the filters to recognize the color.\nPress the button of the color you think it corresponds to.'
278.2393 	EXP 	counter_Text: height = np.float64(72.0)
278.2393 	EXP 	counter_Text: height = np.float64(72.0)
278.2393 	EXP 	counter_Text: height = np.float64(72.0)
278.2393 	EXP 	counter_Text: text = 12
278.2393 	EXP 	img: autoDraw = True
278.2393 	EXP 	Instructions: autoDraw = True
278.2393 	EXP 	RBGInfo: autoDraw = True
278.2393 	EXP 	G: autoDraw = True
278.2393 	EXP 	B: autoDraw = True
278.2393 	EXP 	counter_Text: autoDraw = True
278.2393 	EXP 	total_count: autoDraw = True
278.4049 	EXP 	R: autoDraw = True
282.3798 	DATA 	Mouse: Left button down, pos=(1006,241)
282.6671 	DATA 	Mouse:  Left button up, pos=(1006,241)
292.3128 	DATA 	Keypress: space
292.3134 	EXP 	Device response: <KeyPress from None: t=292.26216929999646, value=space, duration=None>
292.4291 	EXP 	Device response: <KeyPress from None: t=292.26216929999646, value=space, duration=0.079554200056009>
293.4377 	DATA 	Keypress: space
293.4382 	EXP 	Device response: <KeyPress from None: t=293.4280188999837, value=space, duration=None>
293.5461 	EXP 	Device response: <KeyPress from None: t=293.4280188999837, value=space, duration=0.08899910002946854>
294.9601 	DATA 	Keypress: space
294.9608 	EXP 	Device response: <KeyPress from None: t=294.93823800003156, value=space, duration=None>
295.0635 	EXP 	Device response: <KeyPress from None: t=294.93823800003156, value=space, duration=0.079422099981457>
295.4757 	DATA 	Keypress: space
295.4763 	EXP 	Device response: <KeyPress from None: t=295.4415169999702, value=space, duration=None>
295.5730 	EXP 	Device response: <KeyPress from None: t=295.4415169999702, value=space, duration=0.08909400005359203>
298.7144 	DATA 	Mouse: Left button down, pos=(1625,818)
298.7374 	EXP 	img: autoDraw = False
298.7374 	EXP 	Instructions: autoDraw = False
298.7374 	EXP 	RBGInfo: autoDraw = False
298.7374 	EXP 	R: autoDraw = False
298.7374 	EXP 	G: autoDraw = False
298.7374 	EXP 	B: autoDraw = False
298.7374 	EXP 	counter_Text: autoDraw = False
298.7374 	EXP 	total_count: autoDraw = False
298.7374 	EXP 	text_8: autoDraw = True
298.9402 	DATA 	Mouse:  Left button up, pos=(1625,818)
299.1036 	EXP 	text_8: autoDraw = False
299.1036 	EXP 	slider: markerPos = None
299.1036 	EXP 	slider: markerPos = 1
299.1036 	EXP 	slider: autoDraw = True
299.1036 	EXP 	text_9: autoDraw = True
299.1036 	EXP 	text_answer: autoDraw = True
300.0161 	DATA 	Mouse: Left button down, pos=(1394,574)
300.0557 	EXP 	slider: markerPos = np.float64(4.936)
300.0869 	EXP 	slider: markerPos = np.float64(4.936)
300.1058 	EXP 	slider: markerPos = np.float64(4.936)
300.1219 	EXP 	slider: markerPos = np.float64(4.936)
300.1391 	EXP 	slider: markerPos = np.float64(4.936)
300.1553 	EXP 	slider: markerPos = np.float64(4.936)
300.1726 	EXP 	slider: markerPos = np.float64(4.936)
300.2028 	EXP 	slider: markerPos = np.float64(4.936)
300.2224 	EXP 	slider: markerPos = np.float64(4.936)
300.2386 	EXP 	slider: markerPos = np.float64(4.936)
300.2392 	DATA 	Mouse:  Left button up, pos=(1394,574)
300.2559 	EXP 	slider: markerPos = 5.0
301.3220 	DATA 	Mouse: Left button down, pos=(997,236)
301.3389 	EXP 	slider: autoDraw = False
301.3389 	EXP 	text_9: autoDraw = False
301.3389 	EXP 	text_answer: autoDraw = False
301.3389 	EXP 	text_8: autoDraw = True
301.5399 	DATA 	Mouse:  Left button up, pos=(997,236)
301.7031 	INFO 	Keyboard events cleared
301.7030 	EXP 	text_8: autoDraw = False
301.7030 	EXP 	text_8: autoDraw = False
301.7030 	EXP 	corrColor_2: height = np.float64(56.0)
301.7030 	EXP 	corrColor_2: height = np.float64(56.0)
301.7030 	EXP 	corrColor_2: height = np.float64(56.0)
301.7030 	EXP 	corrColor_2: text = 'Pink'
301.7030 	EXP 	R_2: height = np.float64(42.0)
301.7030 	EXP 	R_2: height = np.float64(42.0)
301.7030 	EXP 	R_2: height = np.float64(42.0)
301.7030 	EXP 	R_2: text = 100
301.7030 	EXP 	G_2: height = np.float64(42.0)
301.7030 	EXP 	G_2: height = np.float64(42.0)
301.7030 	EXP 	G_2: height = np.float64(42.0)
301.7030 	EXP 	G_2: text = 9
301.7030 	EXP 	B_2: height = np.float64(42.0)
301.7030 	EXP 	B_2: height = np.float64(42.0)
301.7030 	EXP 	B_2: height = np.float64(42.0)
301.7030 	EXP 	B_2: text = 40
301.7030 	EXP 	correctAnswer: autoDraw = True
301.7030 	EXP 	RBGInfo_2: autoDraw = True
301.7030 	EXP 	R_2: autoDraw = True
301.7030 	EXP 	G_2: autoDraw = True
301.7030 	EXP 	B_2: autoDraw = True
302.3579 	DATA 	Mouse: Left button down, pos=(997,236)
302.3896 	EXP 	correctAnswer: autoDraw = False
302.3896 	EXP 	wrongAnswer: autoDraw = False
302.3896 	EXP 	corrColor_2: autoDraw = False
302.3896 	EXP 	RBGInfo_2: autoDraw = False
302.3896 	EXP 	R_2: autoDraw = False
302.3896 	EXP 	G_2: autoDraw = False
302.3896 	EXP 	B_2: autoDraw = False
302.3896 	EXP 	text_11: autoDraw = True
302.5895 	DATA 	Mouse:  Left button up, pos=(997,236)
302.7238 	EXP 	New trial (rep=0, index=12): <Trial 12 (12 in rep 0) data={'folder': '03-1', 'image': '013_Green.jpg', 'logical': True, 'corrColor': 'Green', 'corrR': 2, 'corrG': 100, 'corrB': 2, 'image_path': '03-1/013_Green_0.png', 'thisN': 12, 'thisTrialN': 12, 'thisRepN': 0}>
302.8217 	EXP 	text_11: autoDraw = False
302.8217 	EXP 	text_11: autoDraw = False
302.8217 	EXP 	img: foreColor = <psychopy.colors.Color: white, alpha=1.0>
302.8217 	EXP 	img: ori = np.float64(0.0)
302.8217 	EXP 	Instructions: text = 'Click the spacebar to shuffle through the filters to recognize the color.\nPress the button of the color you think it corresponds to.'
302.8217 	EXP 	counter_Text: height = np.float64(72.0)
302.8217 	EXP 	counter_Text: height = np.float64(72.0)
302.8217 	EXP 	counter_Text: height = np.float64(72.0)
302.8217 	EXP 	counter_Text: text = 13
302.8217 	EXP 	img: autoDraw = True
302.8217 	EXP 	Instructions: autoDraw = True
302.8217 	EXP 	RBGInfo: autoDraw = True
302.8217 	EXP 	G: autoDraw = True
302.8217 	EXP 	B: autoDraw = True
302.8217 	EXP 	counter_Text: autoDraw = True
302.8217 	EXP 	total_count: autoDraw = True
303.0709 	EXP 	R: autoDraw = True
304.6593 	DATA 	Keypress: space
304.6599 	EXP 	Device response: <KeyPress from None: t=304.6002599999774, value=space, duration=None>
304.8431 	EXP 	Device response: <KeyPress from None: t=304.6002599999774, value=space, duration=0.17079410003498197>
305.3763 	DATA 	Keypress: space
305.3768 	EXP 	Device response: <KeyPress from None: t=305.3663927000016, value=space, duration=None>
305.4610 	EXP 	Device response: <KeyPress from None: t=305.3663927000016, value=space, duration=0.07089510001242161>
307.9591 	DATA 	Mouse: Left button down, pos=(1628,411)
307.9711 	EXP 	img: autoDraw = False
307.9711 	EXP 	Instructions: autoDraw = False
307.9711 	EXP 	RBGInfo: autoDraw = False
307.9711 	EXP 	R: autoDraw = False
307.9711 	EXP 	G: autoDraw = False
307.9711 	EXP 	B: autoDraw = False
307.9711 	EXP 	counter_Text: autoDraw = False
307.9711 	EXP 	total_count: autoDraw = False
307.9711 	EXP 	text_8: autoDraw = True
308.1732 	DATA 	Mouse:  Left button up, pos=(1628,411)
308.3361 	EXP 	text_8: autoDraw = False
308.3361 	EXP 	text_8: autoDraw = False
308.3361 	EXP 	slider: markerPos = None
308.3361 	EXP 	slider: markerPos = 1
308.3361 	EXP 	slider: autoDraw = True
308.3361 	EXP 	text_9: autoDraw = True
308.3361 	EXP 	text_answer: autoDraw = True
309.1899 	DATA 	Mouse: Left button down, pos=(1396,615)
309.2192 	EXP 	slider: markerPos = np.float64(4.944)
309.2388 	EXP 	slider: markerPos = np.float64(4.944)
309.2691 	EXP 	slider: markerPos = np.float64(4.944)
309.2925 	EXP 	slider: markerPos = np.float64(4.944)
309.3196 	EXP 	slider: markerPos = np.float64(4.944)
309.3399 	EXP 	slider: markerPos = np.float64(4.944)
309.3696 	EXP 	slider: markerPos = np.float64(4.944)
309.3896 	EXP 	slider: markerPos = np.float64(4.944)
309.4197 	EXP 	slider: markerPos = np.float64(4.944)
309.4204 	DATA 	Mouse:  Left button up, pos=(1396,615)
309.4397 	EXP 	slider: markerPos = 5.0
310.2068 	DATA 	Mouse: Left button down, pos=(1010,244)
310.2553 	EXP 	slider: autoDraw = False
310.2553 	EXP 	text_9: autoDraw = False
310.2553 	EXP 	text_answer: autoDraw = False
310.2553 	EXP 	text_8: autoDraw = True
310.4227 	DATA 	Mouse:  Left button up, pos=(1010,244)
310.6192 	INFO 	Keyboard events cleared
310.6190 	EXP 	text_8: autoDraw = False
310.6190 	EXP 	corrColor_2: height = np.float64(56.0)
310.6190 	EXP 	corrColor_2: height = np.float64(56.0)
310.6190 	EXP 	corrColor_2: height = np.float64(56.0)
310.6190 	EXP 	corrColor_2: text = 'Green'
310.6190 	EXP 	R_2: height = np.float64(42.0)
310.6190 	EXP 	R_2: height = np.float64(42.0)
310.6190 	EXP 	R_2: height = np.float64(42.0)
310.6190 	EXP 	R_2: text = 2
310.6190 	EXP 	G_2: height = np.float64(42.0)
310.6190 	EXP 	G_2: height = np.float64(42.0)
310.6190 	EXP 	G_2: height = np.float64(42.0)
310.6190 	EXP 	G_2: text = 100
310.6190 	EXP 	B_2: height = np.float64(42.0)
310.6190 	EXP 	B_2: height = np.float64(42.0)
310.6190 	EXP 	B_2: height = np.float64(42.0)
310.6190 	EXP 	B_2: text = 2
310.6190 	EXP 	correctAnswer: autoDraw = True
310.6190 	EXP 	RBGInfo_2: autoDraw = True
310.6190 	EXP 	R_2: autoDraw = True
310.6190 	EXP 	G_2: autoDraw = True
310.6190 	EXP 	B_2: autoDraw = True
311.4227 	DATA 	Mouse: Left button down, pos=(1010,244)
311.4387 	EXP 	correctAnswer: autoDraw = False
311.4387 	EXP 	wrongAnswer: autoDraw = False
311.4387 	EXP 	corrColor_2: autoDraw = False
311.4387 	EXP 	RBGInfo_2: autoDraw = False
311.4387 	EXP 	R_2: autoDraw = False
311.4387 	EXP 	G_2: autoDraw = False
311.4387 	EXP 	B_2: autoDraw = False
311.4387 	EXP 	text_11: autoDraw = True
311.6401 	DATA 	Mouse:  Left button up, pos=(1010,244)
311.7729 	EXP 	New trial (rep=0, index=13): <Trial 13 (13 in rep 0) data={'folder': '01-1', 'image': '010_Red.jpg', 'logical': True, 'corrColor': 'Red', 'corrR': 99, 'corrG': 0, 'corrB': 12, 'image_path': '01-1/010_Red_0.png', 'thisN': 13, 'thisTrialN': 13, 'thisRepN': 0}>
311.8715 	EXP 	text_11: autoDraw = False
311.8715 	EXP 	text_11: autoDraw = False
311.8715 	EXP 	img: foreColor = <psychopy.colors.Color: white, alpha=1.0>
311.8715 	EXP 	img: ori = np.float64(0.0)
311.8715 	EXP 	Instructions: text = 'Click the spacebar to shuffle through the filters to recognize the color.\nPress the button of the color you think it corresponds to.'
311.8715 	EXP 	counter_Text: height = np.float64(72.0)
311.8715 	EXP 	counter_Text: height = np.float64(72.0)
311.8715 	EXP 	counter_Text: height = np.float64(72.0)
311.8715 	EXP 	counter_Text: text = 14
311.8715 	EXP 	img: autoDraw = True
311.8715 	EXP 	Instructions: autoDraw = True
311.8715 	EXP 	RBGInfo: autoDraw = True
311.8715 	EXP 	G: autoDraw = True
311.8715 	EXP 	B: autoDraw = True
311.8715 	EXP 	counter_Text: autoDraw = True
311.8715 	EXP 	total_count: autoDraw = True
312.1204 	EXP 	R: autoDraw = True
312.5905 	DATA 	Keypress: space
312.5924 	EXP 	Device response: <KeyPress from None: t=312.5682362000225, value=space, duration=None>
312.7734 	EXP 	Device response: <KeyPress from None: t=312.5682362000225, value=space, duration=0.13410030002705753>
313.2262 	DATA 	Keypress: space
313.2928 	EXP 	Device response: <KeyPress from None: t=313.2248176999856, value=space, duration=None>
313.3793 	EXP 	Device response: <KeyPress from None: t=313.2248176999856, value=space, duration=0.08870640001259744>
317.1892 	DATA 	Mouse: Left button down, pos=(1598,347)
317.2037 	EXP 	img: autoDraw = False
317.2037 	EXP 	Instructions: autoDraw = False
317.2037 	EXP 	RBGInfo: autoDraw = False
317.2037 	EXP 	R: autoDraw = False
317.2037 	EXP 	G: autoDraw = False
317.2037 	EXP 	B: autoDraw = False
317.2037 	EXP 	counter_Text: autoDraw = False
317.2037 	EXP 	total_count: autoDraw = False
317.2037 	EXP 	text_8: autoDraw = True
317.3906 	DATA 	Mouse:  Left button up, pos=(1598,347)
317.5688 	EXP 	text_8: autoDraw = False
317.5688 	EXP 	text_8: autoDraw = False
317.5688 	EXP 	slider: markerPos = None
317.5688 	EXP 	slider: markerPos = 1
317.5688 	EXP 	slider: autoDraw = True
317.5688 	EXP 	text_9: autoDraw = True
317.5688 	EXP 	text_answer: autoDraw = True
318.5134 	DATA 	Mouse: Left button down, pos=(1179,603)
318.5525 	EXP 	slider: markerPos = np.float64(4.0760000000000005)
318.5718 	EXP 	slider: markerPos = np.float64(4.0760000000000005)
318.5878 	EXP 	slider: markerPos = np.float64(4.0760000000000005)
318.6051 	EXP 	slider: markerPos = np.float64(4.0760000000000005)
318.6212 	EXP 	slider: markerPos = np.float64(4.0760000000000005)
318.6385 	EXP 	slider: markerPos = np.float64(4.0760000000000005)
318.6545 	EXP 	slider: markerPos = np.float64(4.0760000000000005)
318.6718 	EXP 	slider: markerPos = np.float64(4.0760000000000005)
318.6879 	EXP 	slider: markerPos = np.float64(4.0760000000000005)
318.7051 	EXP 	slider: markerPos = np.float64(4.0760000000000005)
318.7213 	EXP 	slider: markerPos = np.float64(4.0760000000000005)
318.7311 	DATA 	Mouse:  Left button up, pos=(1179,603)
318.7385 	EXP 	slider: markerPos = np.float64(4.0760000000000005)
318.7546 	EXP 	slider: markerPos = 4.0
319.4729 	DATA 	Mouse: Left button down, pos=(970,211)
319.4876 	EXP 	slider: autoDraw = False
319.4876 	EXP 	text_9: autoDraw = False
319.4876 	EXP 	text_answer: autoDraw = False
319.4876 	EXP 	text_8: autoDraw = True
319.7064 	DATA 	Mouse:  Left button up, pos=(970,211)
319.8522 	INFO 	Keyboard events cleared
319.8521 	EXP 	text_8: autoDraw = False
319.8521 	EXP 	text_8: autoDraw = False
319.8521 	EXP 	corrColor_2: height = np.float64(56.0)
319.8521 	EXP 	corrColor_2: height = np.float64(56.0)
319.8521 	EXP 	corrColor_2: height = np.float64(56.0)
319.8521 	EXP 	corrColor_2: text = 'Red'
319.8521 	EXP 	R_2: height = np.float64(42.0)
319.8521 	EXP 	R_2: height = np.float64(42.0)
319.8521 	EXP 	R_2: height = np.float64(42.0)
319.8521 	EXP 	R_2: text = 99
319.8521 	EXP 	G_2: height = np.float64(42.0)
319.8521 	EXP 	G_2: height = np.float64(42.0)
319.8521 	EXP 	G_2: height = np.float64(42.0)
319.8521 	EXP 	G_2: text = 0
319.8521 	EXP 	B_2: height = np.float64(42.0)
319.8521 	EXP 	B_2: height = np.float64(42.0)
319.8521 	EXP 	B_2: height = np.float64(42.0)
319.8521 	EXP 	B_2: text = 12
319.8521 	EXP 	correctAnswer: autoDraw = True
319.8521 	EXP 	RBGInfo_2: autoDraw = True
319.8521 	EXP 	R_2: autoDraw = True
319.8521 	EXP 	G_2: autoDraw = True
319.8521 	EXP 	B_2: autoDraw = True
320.5732 	DATA 	Mouse: Left button down, pos=(1041,277)
320.5877 	EXP 	correctAnswer: autoDraw = False
320.5877 	EXP 	wrongAnswer: autoDraw = False
320.5877 	EXP 	corrColor_2: autoDraw = False
320.5877 	EXP 	RBGInfo_2: autoDraw = False
320.5877 	EXP 	R_2: autoDraw = False
320.5877 	EXP 	G_2: autoDraw = False
320.5877 	EXP 	B_2: autoDraw = False
320.5877 	EXP 	text_11: autoDraw = True
320.7890 	DATA 	Mouse:  Left button up, pos=(1041,277)
320.9223 	EXP 	New trial (rep=0, index=14): <Trial 14 (14 in rep 0) data={'folder': '03-1', 'image': '013_Grey.jpg', 'logical': True, 'corrColor': 'Grey', 'corrR': 47, 'corrG': 53, 'corrB': 50, 'image_path': '03-1/013_Grey_0.png', 'thisN': 14, 'thisTrialN': 14, 'thisRepN': 0}>
321.0044 	EXP 	text_11: autoDraw = False
321.0044 	EXP 	text_11: autoDraw = False
321.0044 	EXP 	img: foreColor = <psychopy.colors.Color: white, alpha=1.0>
321.0044 	EXP 	img: ori = np.float64(0.0)
321.0044 	EXP 	Instructions: text = 'Click the spacebar to shuffle through the filters to recognize the color.\nPress the button of the color you think it corresponds to.'
321.0044 	EXP 	counter_Text: height = np.float64(72.0)
321.0044 	EXP 	counter_Text: height = np.float64(72.0)
321.0044 	EXP 	counter_Text: height = np.float64(72.0)
321.0044 	EXP 	counter_Text: text = 15
321.0044 	EXP 	img: autoDraw = True
321.0044 	EXP 	Instructions: autoDraw = True
321.0044 	EXP 	RBGInfo: autoDraw = True
321.0044 	EXP 	G: autoDraw = True
321.0044 	EXP 	B: autoDraw = True
321.0044 	EXP 	counter_Text: autoDraw = True
321.0044 	EXP 	total_count: autoDraw = True
321.2538 	EXP 	R: autoDraw = True
321.5673 	DATA 	Keypress: space
321.6400 	EXP 	Device response: <KeyPress from None: t=321.56576579995453, value=space, duration=None>
321.7248 	EXP 	Device response: <KeyPress from None: t=321.56576579995453, value=space, duration=0.12507860001642257>
322.1446 	DATA 	Keypress: space
322.1450 	EXP 	Device response: <KeyPress from None: t=322.1387256999733, value=space, duration=None>
322.2480 	EXP 	Device response: <KeyPress from None: t=322.1387256999733, value=space, duration=0.10714690003078431>
327.6345 	DATA 	Mouse: Left button down, pos=(1620,931)
327.7539 	EXP 	img: autoDraw = False
327.7539 	EXP 	Instructions: autoDraw = False
327.7539 	EXP 	RBGInfo: autoDraw = False
327.7539 	EXP 	R: autoDraw = False
327.7539 	EXP 	G: autoDraw = False
327.7539 	EXP 	B: autoDraw = False
327.7539 	EXP 	counter_Text: autoDraw = False
327.7539 	EXP 	total_count: autoDraw = False
327.7539 	EXP 	text_8: autoDraw = True
327.8724 	DATA 	Mouse:  Left button up, pos=(1620,931)
328.1357 	EXP 	text_8: autoDraw = False
328.1357 	EXP 	slider: markerPos = None
328.1357 	EXP 	slider: markerPos = 1
328.1357 	EXP 	slider: autoDraw = True
328.1357 	EXP 	text_9: autoDraw = True
328.1357 	EXP 	text_answer: autoDraw = True
329.4477 	DATA 	Mouse: Left button down, pos=(1384,566)
329.4880 	EXP 	slider: markerPos = np.float64(4.896)
329.5041 	EXP 	slider: markerPos = np.float64(4.896)
329.5215 	EXP 	slider: markerPos = np.float64(4.896)
329.5377 	EXP 	slider: markerPos = np.float64(4.896)
329.5549 	EXP 	slider: markerPos = np.float64(4.896)
329.5709 	EXP 	slider: markerPos = np.float64(4.896)
329.5882 	EXP 	slider: markerPos = np.float64(4.896)
329.6044 	EXP 	slider: markerPos = np.float64(4.896)
329.6214 	EXP 	slider: markerPos = np.float64(4.896)
329.6374 	EXP 	slider: markerPos = np.float64(4.896)
329.6545 	EXP 	slider: markerPos = np.float64(4.896)
329.6707 	EXP 	slider: markerPos = np.float64(4.896)
329.6720 	DATA 	Mouse:  Left button up, pos=(1384,566)
329.6881 	EXP 	slider: markerPos = 5.0
330.3702 	DATA 	Mouse: Left button down, pos=(1025,260)
330.3891 	EXP 	slider: autoDraw = False
330.3891 	EXP 	text_9: autoDraw = False
330.3891 	EXP 	text_answer: autoDraw = False
330.3891 	EXP 	text_8: autoDraw = True
330.5896 	DATA 	Mouse:  Left button up, pos=(1025,260)
330.7690 	INFO 	Keyboard events cleared
330.7689 	EXP 	text_8: autoDraw = False
330.7689 	EXP 	corrColor_2: height = np.float64(56.0)
330.7689 	EXP 	corrColor_2: height = np.float64(56.0)
330.7689 	EXP 	corrColor_2: height = np.float64(56.0)
330.7689 	EXP 	corrColor_2: text = 'Grey'
330.7689 	EXP 	R_2: height = np.float64(42.0)
330.7689 	EXP 	R_2: height = np.float64(42.0)
330.7689 	EXP 	R_2: height = np.float64(42.0)
330.7689 	EXP 	R_2: text = 47
330.7689 	EXP 	G_2: height = np.float64(42.0)
330.7689 	EXP 	G_2: height = np.float64(42.0)
330.7689 	EXP 	G_2: height = np.float64(42.0)
330.7689 	EXP 	G_2: text = 53
330.7689 	EXP 	B_2: height = np.float64(42.0)
330.7689 	EXP 	B_2: height = np.float64(42.0)
330.7689 	EXP 	B_2: height = np.float64(42.0)
330.7689 	EXP 	B_2: text = 50
330.7689 	EXP 	correctAnswer: autoDraw = True
330.7689 	EXP 	RBGInfo_2: autoDraw = True
330.7689 	EXP 	R_2: autoDraw = True
330.7689 	EXP 	G_2: autoDraw = True
330.7689 	EXP 	B_2: autoDraw = True
331.1720 	DATA 	Mouse: Left button down, pos=(1025,260)
331.1881 	EXP 	correctAnswer: autoDraw = False
331.1881 	EXP 	wrongAnswer: autoDraw = False
331.1881 	EXP 	corrColor_2: autoDraw = False
331.1881 	EXP 	RBGInfo_2: autoDraw = False
331.1881 	EXP 	R_2: autoDraw = False
331.1881 	EXP 	G_2: autoDraw = False
331.1881 	EXP 	B_2: autoDraw = False
331.1881 	EXP 	text_11: autoDraw = True
331.4054 	DATA 	Mouse:  Left button up, pos=(1025,260)
331.5218 	EXP 	New trial (rep=0, index=15): <Trial 15 (15 in rep 0) data={'folder': '03-1', 'image': '011_Brown.jpg', 'logical': True, 'corrColor': 'Brown', 'corrR': 50, 'corrG': 15, 'corrB': 0, 'image_path': '03-1/011_Brown_0.png', 'thisN': 15, 'thisTrialN': 15, 'thisRepN': 0}>
331.6210 	EXP 	text_11: autoDraw = False
331.6210 	EXP 	text_11: autoDraw = False
331.6210 	EXP 	img: foreColor = <psychopy.colors.Color: white, alpha=1.0>
331.6210 	EXP 	img: ori = np.float64(0.0)
331.6210 	EXP 	Instructions: text = 'Click the spacebar to shuffle through the filters to recognize the color.\nPress the button of the color you think it corresponds to.'
331.6210 	EXP 	counter_Text: height = np.float64(72.0)
331.6210 	EXP 	counter_Text: height = np.float64(72.0)
331.6210 	EXP 	counter_Text: height = np.float64(72.0)
331.6210 	EXP 	counter_Text: text = 16
331.6210 	EXP 	img: autoDraw = True
331.6210 	EXP 	Instructions: autoDraw = True
331.6210 	EXP 	RBGInfo: autoDraw = True
331.6210 	EXP 	G: autoDraw = True
331.6210 	EXP 	B: autoDraw = True
331.6210 	EXP 	counter_Text: autoDraw = True
331.6210 	EXP 	total_count: autoDraw = True
331.8707 	EXP 	R: autoDraw = True
332.3426 	DATA 	Keypress: space
332.3473 	EXP 	Device response: <KeyPress from None: t=332.28487930004485, value=space, duration=None>
332.4431 	EXP 	Device response: <KeyPress from None: t=332.28487930004485, value=space, duration=0.0706517999060452>
332.7923 	DATA 	Keypress: space
332.7928 	EXP 	Device response: <KeyPress from None: t=332.7852037999546, value=space, duration=None>
332.8766 	EXP 	Device response: <KeyPress from None: t=332.7852037999546, value=space, duration=0.07991570001468062>
338.6081 	DATA 	Keypress: space
338.6086 	EXP 	Device response: <KeyPress from None: t=338.566878200043, value=space, duration=None>
338.6980 	EXP 	Device response: <KeyPress from None: t=338.566878200043, value=space, duration=0.10678309993818402>
343.8277 	DATA 	Keypress: space
343.8281 	EXP 	Device response: <KeyPress from None: t=343.7982511000009, value=space, duration=None>
344.0262 	EXP 	Device response: <KeyPress from None: t=343.7982511000009, value=space, duration=0.13399140001274645>
344.2951 	DATA 	Keypress: space
344.2955 	EXP 	Device response: <KeyPress from None: t=344.2937213999685, value=space, duration=None>
344.4998 	EXP 	Device response: <KeyPress from None: t=344.2937213999685, value=space, duration=0.14322259998880327>
350.9797 	DATA 	Mouse: Left button down, pos=(1607,1130)
351.0022 	EXP 	img: autoDraw = False
351.0022 	EXP 	Instructions: autoDraw = False
351.0022 	EXP 	RBGInfo: autoDraw = False
351.0022 	EXP 	R: autoDraw = False
351.0022 	EXP 	G: autoDraw = False
351.0022 	EXP 	B: autoDraw = False
351.0022 	EXP 	counter_Text: autoDraw = False
351.0022 	EXP 	total_count: autoDraw = False
351.0022 	EXP 	text_8: autoDraw = True
351.1729 	DATA 	Mouse:  Left button up, pos=(1607,1130)
351.3683 	EXP 	text_8: autoDraw = False
351.3683 	EXP 	slider: markerPos = None
351.3683 	EXP 	slider: markerPos = 1
351.3683 	EXP 	slider: autoDraw = True
351.3683 	EXP 	text_9: autoDraw = True
351.3683 	EXP 	text_answer: autoDraw = True
353.6712 	DATA 	Mouse: Left button down, pos=(1159,608)
353.7008 	EXP 	slider: markerPos = np.float64(3.996)
353.7205 	EXP 	slider: markerPos = np.float64(3.996)
353.7368 	EXP 	slider: markerPos = np.float64(3.996)
353.7537 	EXP 	slider: markerPos = np.float64(3.996)
353.7698 	EXP 	slider: markerPos = np.float64(3.996)
353.7871 	EXP 	slider: markerPos = np.float64(3.996)
353.8174 	EXP 	slider: markerPos = np.float64(3.996)
353.8371 	EXP 	slider: markerPos = np.float64(3.996)
353.8533 	EXP 	slider: markerPos = np.float64(3.996)
353.8705 	EXP 	slider: markerPos = np.float64(3.996)
353.9016 	EXP 	slider: markerPos = np.float64(3.996)
353.9029 	DATA 	Mouse:  Left button up, pos=(1159,608)
353.9206 	EXP 	slider: markerPos = 4.0
354.5049 	DATA 	Mouse: Left button down, pos=(931,248)
354.5197 	EXP 	slider: autoDraw = False
354.5197 	EXP 	text_9: autoDraw = False
354.5197 	EXP 	text_answer: autoDraw = False
354.5197 	EXP 	text_8: autoDraw = True
354.7204 	DATA 	Mouse:  Left button up, pos=(931,248)
354.8841 	INFO 	Keyboard events cleared
354.8840 	EXP 	text_8: autoDraw = False
354.8840 	EXP 	text_8: autoDraw = False
354.8840 	EXP 	corrColor_2: height = np.float64(56.0)
354.8840 	EXP 	corrColor_2: height = np.float64(56.0)
354.8840 	EXP 	corrColor_2: height = np.float64(56.0)
354.8840 	EXP 	corrColor_2: text = 'Brown'
354.8840 	EXP 	R_2: height = np.float64(42.0)
354.8840 	EXP 	R_2: height = np.float64(42.0)
354.8840 	EXP 	R_2: height = np.float64(42.0)
354.8840 	EXP 	R_2: text = 50
354.8840 	EXP 	G_2: height = np.float64(42.0)
354.8840 	EXP 	G_2: height = np.float64(42.0)
354.8840 	EXP 	G_2: height = np.float64(42.0)
354.8840 	EXP 	G_2: text = 15
354.8840 	EXP 	B_2: height = np.float64(42.0)
354.8840 	EXP 	B_2: height = np.float64(42.0)
354.8840 	EXP 	B_2: height = np.float64(42.0)
354.8840 	EXP 	B_2: text = 0
354.8840 	EXP 	correctAnswer: autoDraw = True
354.8840 	EXP 	RBGInfo_2: autoDraw = True
354.8840 	EXP 	R_2: autoDraw = True
354.8840 	EXP 	G_2: autoDraw = True
354.8840 	EXP 	B_2: autoDraw = True
355.3830 	DATA 	Mouse: Left button down, pos=(931,248)
355.4016 	EXP 	correctAnswer: autoDraw = False
355.4016 	EXP 	wrongAnswer: autoDraw = False
355.4016 	EXP 	corrColor_2: autoDraw = False
355.4016 	EXP 	RBGInfo_2: autoDraw = False
355.4016 	EXP 	R_2: autoDraw = False
355.4016 	EXP 	G_2: autoDraw = False
355.4016 	EXP 	B_2: autoDraw = False
355.4016 	EXP 	text_11: autoDraw = True
355.5887 	DATA 	Mouse:  Left button up, pos=(931,248)
355.7373 	EXP 	New trial (rep=0, index=16): <Trial 16 (16 in rep 0) data={'folder': '03-1', 'image': '019_Teal.jpg', 'logical': True, 'corrColor': 'Teal', 'corrR': 0, 'corrG': 44, 'corrB': 49, 'image_path': '03-1/019_Teal_0.png', 'thisN': 16, 'thisTrialN': 16, 'thisRepN': 0}>
355.8198 	EXP 	text_11: autoDraw = False
355.8198 	EXP 	img: foreColor = <psychopy.colors.Color: white, alpha=1.0>
355.8198 	EXP 	img: ori = np.float64(0.0)
355.8198 	EXP 	Instructions: text = 'Click the spacebar to shuffle through the filters to recognize the color.\nPress the button of the color you think it corresponds to.'
355.8198 	EXP 	counter_Text: height = np.float64(72.0)
355.8198 	EXP 	counter_Text: height = np.float64(72.0)
355.8198 	EXP 	counter_Text: height = np.float64(72.0)
355.8198 	EXP 	counter_Text: text = 17
355.8198 	EXP 	img: autoDraw = True
355.8198 	EXP 	Instructions: autoDraw = True
355.8198 	EXP 	RBGInfo: autoDraw = True
355.8198 	EXP 	G: autoDraw = True
355.8198 	EXP 	B: autoDraw = True
355.8198 	EXP 	counter_Text: autoDraw = True
355.8198 	EXP 	total_count: autoDraw = True
356.0696 	EXP 	R: autoDraw = True
357.4515 	DATA 	Keypress: space
357.4524 	EXP 	Device response: <KeyPress from None: t=357.4170388999628, value=space, duration=None>
357.5474 	EXP 	Device response: <KeyPress from None: t=357.4170388999628, value=space, duration=0.12510470009874552>
358.1490 	DATA 	Keypress: space
358.1496 	EXP 	Device response: <KeyPress from None: t=358.1068965999875, value=space, duration=None>
358.2458 	EXP 	Device response: <KeyPress from None: t=358.1068965999875, value=space, duration=0.08857849997002631>
364.1612 	DATA 	Mouse: Left button down, pos=(1605,1063)
364.1854 	EXP 	img: autoDraw = False
364.1854 	EXP 	Instructions: autoDraw = False
364.1854 	EXP 	RBGInfo: autoDraw = False
364.1854 	EXP 	R: autoDraw = False
364.1854 	EXP 	G: autoDraw = False
364.1854 	EXP 	B: autoDraw = False
364.1854 	EXP 	counter_Text: autoDraw = False
364.1854 	EXP 	total_count: autoDraw = False
364.1854 	EXP 	text_8: autoDraw = True
364.3374 	DATA 	Mouse:  Left button up, pos=(1605,1063)
364.5504 	EXP 	text_8: autoDraw = False
364.5504 	EXP 	slider: markerPos = None
364.5504 	EXP 	slider: markerPos = 1
364.5504 	EXP 	slider: autoDraw = True
364.5504 	EXP 	text_9: autoDraw = True
364.5504 	EXP 	text_answer: autoDraw = True
365.7043 	DATA 	Mouse: Left button down, pos=(1347,572)
365.7342 	EXP 	slider: markerPos = np.float64(4.748)
365.7534 	EXP 	slider: markerPos = np.float64(4.748)
365.7694 	EXP 	slider: markerPos = np.float64(4.748)
365.7866 	EXP 	slider: markerPos = np.float64(4.748)
365.8028 	EXP 	slider: markerPos = np.float64(4.748)
365.8200 	EXP 	slider: markerPos = np.float64(4.748)
365.8364 	EXP 	slider: markerPos = np.float64(4.748)
365.8535 	EXP 	slider: markerPos = np.float64(4.748)
365.8698 	EXP 	slider: markerPos = np.float64(4.748)
365.8868 	EXP 	slider: markerPos = np.float64(4.748)
365.9029 	EXP 	slider: markerPos = np.float64(4.748)
365.9199 	EXP 	slider: markerPos = np.float64(4.748)
365.9362 	EXP 	slider: markerPos = np.float64(4.748)
365.9372 	DATA 	Mouse:  Left button up, pos=(1347,572)
365.9534 	EXP 	slider: markerPos = 5.0
366.6695 	DATA 	Mouse: Left button down, pos=(961,278)
366.6868 	EXP 	slider: autoDraw = False
366.6868 	EXP 	text_9: autoDraw = False
366.6868 	EXP 	text_answer: autoDraw = False
366.6868 	EXP 	text_8: autoDraw = True
366.9037 	DATA 	Mouse:  Left button up, pos=(961,278)
367.0505 	INFO 	Keyboard events cleared
367.0504 	EXP 	text_8: autoDraw = False
367.0504 	EXP 	text_8: autoDraw = False
367.0504 	EXP 	corrColor_2: height = np.float64(56.0)
367.0504 	EXP 	corrColor_2: height = np.float64(56.0)
367.0504 	EXP 	corrColor_2: height = np.float64(56.0)
367.0504 	EXP 	corrColor_2: text = 'Teal'
367.0504 	EXP 	R_2: height = np.float64(42.0)
367.0504 	EXP 	R_2: height = np.float64(42.0)
367.0504 	EXP 	R_2: height = np.float64(42.0)
367.0504 	EXP 	R_2: text = 0
367.0504 	EXP 	G_2: height = np.float64(42.0)
367.0504 	EXP 	G_2: height = np.float64(42.0)
367.0504 	EXP 	G_2: height = np.float64(42.0)
367.0504 	EXP 	G_2: text = 44
367.0504 	EXP 	B_2: height = np.float64(42.0)
367.0504 	EXP 	B_2: height = np.float64(42.0)
367.0504 	EXP 	B_2: height = np.float64(42.0)
367.0504 	EXP 	B_2: text = 49
367.0504 	EXP 	correctAnswer: autoDraw = True
367.0504 	EXP 	RBGInfo_2: autoDraw = True
367.0504 	EXP 	R_2: autoDraw = True
367.0504 	EXP 	G_2: autoDraw = True
367.0504 	EXP 	B_2: autoDraw = True
367.8381 	DATA 	Mouse: Left button down, pos=(961,278)
367.8524 	EXP 	correctAnswer: autoDraw = False
367.8524 	EXP 	wrongAnswer: autoDraw = False
367.8524 	EXP 	corrColor_2: autoDraw = False
367.8524 	EXP 	RBGInfo_2: autoDraw = False
367.8524 	EXP 	R_2: autoDraw = False
367.8524 	EXP 	G_2: autoDraw = False
367.8524 	EXP 	B_2: autoDraw = False
367.8524 	EXP 	text_11: autoDraw = True
368.0715 	DATA 	Mouse:  Left button up, pos=(961,278)
368.1869 	EXP 	New trial (rep=0, index=17): <Trial 17 (17 in rep 0) data={'folder': '03-1', 'image': '029_Bordeaux.jpg', 'logical': True, 'corrColor': 'Bordeaux', 'corrR': 54, 'corrG': 0, 'corrB': 21, 'image_path': '03-1/029_Bordeaux_0.png', 'thisN': 17, 'thisTrialN': 17, 'thisRepN': 0}>
368.2864 	EXP 	text_11: autoDraw = False
368.2864 	EXP 	text_11: autoDraw = False
368.2864 	EXP 	img: foreColor = <psychopy.colors.Color: white, alpha=1.0>
368.2864 	EXP 	img: ori = np.float64(0.0)
368.2864 	EXP 	Instructions: text = 'Click the spacebar to shuffle through the filters to recognize the color.\nPress the button of the color you think it corresponds to.'
368.2864 	EXP 	counter_Text: height = np.float64(72.0)
368.2864 	EXP 	counter_Text: height = np.float64(72.0)
368.2864 	EXP 	counter_Text: height = np.float64(72.0)
368.2864 	EXP 	counter_Text: text = 18
368.2864 	EXP 	img: autoDraw = True
368.2864 	EXP 	Instructions: autoDraw = True
368.2864 	EXP 	RBGInfo: autoDraw = True
368.2864 	EXP 	G: autoDraw = True
368.2864 	EXP 	B: autoDraw = True
368.2864 	EXP 	counter_Text: autoDraw = True
368.2864 	EXP 	total_count: autoDraw = True
368.4511 	EXP 	R: autoDraw = True
374.1758 	DATA 	Keypress: space
374.1764 	EXP 	Device response: <KeyPress from None: t=374.143153800047, value=space, duration=None>
374.3434 	EXP 	Device response: <KeyPress from None: t=374.143153800047, value=space, duration=0.1339221999514848>
374.7937 	DATA 	Keypress: space
374.7943 	EXP 	Device response: <KeyPress from None: t=374.7342136000516, value=space, duration=None>
374.8892 	EXP 	Device response: <KeyPress from None: t=374.7342136000516, value=space, duration=0.1255321999778971>
384.8119 	DATA 	Mouse: Left button down, pos=(1597,1000)
384.8350 	EXP 	img: autoDraw = False
384.8350 	EXP 	Instructions: autoDraw = False
384.8350 	EXP 	RBGInfo: autoDraw = False
384.8350 	EXP 	R: autoDraw = False
384.8350 	EXP 	G: autoDraw = False
384.8350 	EXP 	B: autoDraw = False
384.8350 	EXP 	counter_Text: autoDraw = False
384.8350 	EXP 	total_count: autoDraw = False
384.8350 	EXP 	text_8: autoDraw = True
384.9879 	DATA 	Mouse:  Left button up, pos=(1597,1000)
385.1998 	EXP 	text_8: autoDraw = False
385.1998 	EXP 	slider: markerPos = None
385.1998 	EXP 	slider: markerPos = 1
385.1998 	EXP 	slider: autoDraw = True
385.1998 	EXP 	text_9: autoDraw = True
385.1998 	EXP 	text_answer: autoDraw = True
386.3037 	DATA 	Mouse: Left button down, pos=(1427,595)
386.3333 	EXP 	slider: markerPos = np.float64(5.068)
386.3533 	EXP 	slider: markerPos = np.float64(5.068)
386.3833 	EXP 	slider: markerPos = np.float64(5.068)
386.4027 	EXP 	slider: markerPos = np.float64(5.068)
386.4190 	EXP 	slider: markerPos = np.float64(5.068)
386.4361 	EXP 	slider: markerPos = np.float64(5.068)
386.4523 	EXP 	slider: markerPos = np.float64(5.068)
386.4693 	EXP 	slider: markerPos = np.float64(5.068)
386.4997 	EXP 	slider: markerPos = np.float64(5.068)
386.5196 	EXP 	slider: markerPos = np.float64(5.068)
386.5206 	DATA 	Mouse:  Left button up, pos=(1427,595)
386.5498 	EXP 	slider: markerPos = 5.0
387.2282 	DATA 	Mouse: Left button down, pos=(981,264)
387.2520 	EXP 	slider: autoDraw = False
387.2520 	EXP 	text_9: autoDraw = False
387.2520 	EXP 	text_answer: autoDraw = False
387.2520 	EXP 	text_8: autoDraw = True
387.4528 	DATA 	Mouse:  Left button up, pos=(981,264)
387.6167 	INFO 	Keyboard events cleared
387.6166 	EXP 	text_8: autoDraw = False
387.6166 	EXP 	text_8: autoDraw = False
387.6166 	EXP 	corrColor_2: height = np.float64(56.0)
387.6166 	EXP 	corrColor_2: height = np.float64(56.0)
387.6166 	EXP 	corrColor_2: height = np.float64(56.0)
387.6166 	EXP 	corrColor_2: text = 'Bordeaux'
387.6166 	EXP 	R_2: height = np.float64(42.0)
387.6166 	EXP 	R_2: height = np.float64(42.0)
387.6166 	EXP 	R_2: height = np.float64(42.0)
387.6166 	EXP 	R_2: text = 54
387.6166 	EXP 	G_2: height = np.float64(42.0)
387.6166 	EXP 	G_2: height = np.float64(42.0)
387.6166 	EXP 	G_2: height = np.float64(42.0)
387.6166 	EXP 	G_2: text = 0
387.6166 	EXP 	B_2: height = np.float64(42.0)
387.6166 	EXP 	B_2: height = np.float64(42.0)
387.6166 	EXP 	B_2: height = np.float64(42.0)
387.6166 	EXP 	B_2: text = 21
387.6166 	EXP 	correctAnswer: autoDraw = True
387.6166 	EXP 	RBGInfo_2: autoDraw = True
387.6166 	EXP 	R_2: autoDraw = True
387.6166 	EXP 	G_2: autoDraw = True
387.6166 	EXP 	B_2: autoDraw = True
388.0704 	DATA 	Mouse: Left button down, pos=(981,264)
388.0857 	EXP 	correctAnswer: autoDraw = False
388.0857 	EXP 	wrongAnswer: autoDraw = False
388.0857 	EXP 	corrColor_2: autoDraw = False
388.0857 	EXP 	RBGInfo_2: autoDraw = False
388.0857 	EXP 	R_2: autoDraw = False
388.0857 	EXP 	G_2: autoDraw = False
388.0857 	EXP 	B_2: autoDraw = False
388.0857 	EXP 	text_11: autoDraw = True
388.2871 	DATA 	Mouse:  Left button up, pos=(981,264)
388.4193 	EXP 	New trial (rep=0, index=18): <Trial 18 (18 in rep 0) data={'folder': '03-1', 'image': '012_Bordeaux.jpg', 'logical': True, 'corrColor': 'Bordeaux', 'corrR': 50, 'corrG': 2, 'corrB': 24, 'image_path': '03-1/012_Bordeaux_0.png', 'thisN': 18, 'thisTrialN': 18, 'thisRepN': 0}>
388.5352 	EXP 	text_11: autoDraw = False
388.5352 	EXP 	text_11: autoDraw = False
388.5352 	EXP 	img: foreColor = <psychopy.colors.Color: white, alpha=1.0>
388.5352 	EXP 	img: ori = np.float64(0.0)
388.5352 	EXP 	Instructions: text = 'Click the spacebar to shuffle through the filters to recognize the color.\nPress the button of the color you think it corresponds to.'
388.5352 	EXP 	counter_Text: height = np.float64(72.0)
388.5352 	EXP 	counter_Text: height = np.float64(72.0)
388.5352 	EXP 	counter_Text: height = np.float64(72.0)
388.5352 	EXP 	counter_Text: text = 19
388.5352 	EXP 	img: autoDraw = True
388.5352 	EXP 	Instructions: autoDraw = True
388.5352 	EXP 	RBGInfo: autoDraw = True
388.5352 	EXP 	G: autoDraw = True
388.5352 	EXP 	B: autoDraw = True
388.5352 	EXP 	counter_Text: autoDraw = True
388.5352 	EXP 	total_count: autoDraw = True
388.7174 	EXP 	R: autoDraw = True
389.9638 	DATA 	Keypress: space
389.9643 	EXP 	Device response: <KeyPress from None: t=389.95130369998515, value=space, duration=None>
390.0648 	EXP 	Device response: <KeyPress from None: t=389.95130369998515, value=space, duration=0.10715379996690899>
390.9697 	DATA 	Keypress: space
390.9703 	EXP 	Device response: <KeyPress from None: t=390.9393512000097, value=space, duration=None>
391.0653 	EXP 	Device response: <KeyPress from None: t=390.9393512000097, value=space, duration=0.0794719000114128>
398.1649 	DATA 	Mouse: Left button down, pos=(1614,1007)
398.1838 	EXP 	img: autoDraw = False
398.1838 	EXP 	Instructions: autoDraw = False
398.1838 	EXP 	RBGInfo: autoDraw = False
398.1838 	EXP 	R: autoDraw = False
398.1838 	EXP 	G: autoDraw = False
398.1838 	EXP 	B: autoDraw = False
398.1838 	EXP 	counter_Text: autoDraw = False
398.1838 	EXP 	total_count: autoDraw = False
398.1838 	EXP 	text_8: autoDraw = True
398.3191 	DATA 	Mouse:  Left button up, pos=(1614,1007)
398.5493 	EXP 	text_8: autoDraw = False
398.5493 	EXP 	text_8: autoDraw = False
398.5493 	EXP 	slider: markerPos = None
398.5493 	EXP 	slider: markerPos = 1
398.5493 	EXP 	slider: autoDraw = True
398.5493 	EXP 	text_9: autoDraw = True
398.5493 	EXP 	text_answer: autoDraw = True
399.4833 	DATA 	Mouse: Left button down, pos=(1408,566)
399.5021 	EXP 	slider: markerPos = np.float64(4.992)
399.5183 	EXP 	slider: markerPos = np.float64(4.992)
399.5355 	EXP 	slider: markerPos = np.float64(4.992)
399.5515 	EXP 	slider: markerPos = np.float64(4.992)
399.5688 	EXP 	slider: markerPos = np.float64(4.992)
399.5850 	EXP 	slider: markerPos = np.float64(4.992)
399.6021 	EXP 	slider: markerPos = np.float64(4.992)
399.6185 	EXP 	slider: markerPos = np.float64(4.992)
399.6357 	EXP 	slider: markerPos = np.float64(4.992)
399.6665 	EXP 	slider: markerPos = np.float64(4.992)
399.6863 	EXP 	slider: markerPos = np.float64(4.992)
399.6889 	DATA 	Mouse:  Left button up, pos=(1408,566)
399.7161 	EXP 	slider: markerPos = 5.0
400.8615 	DATA 	Mouse: Left button down, pos=(1063,291)
400.9021 	EXP 	slider: autoDraw = False
400.9021 	EXP 	text_9: autoDraw = False
400.9021 	EXP 	text_answer: autoDraw = False
400.9021 	EXP 	text_8: autoDraw = True
401.0878 	DATA 	Mouse:  Left button up, pos=(1063,291)
401.2657 	INFO 	Keyboard events cleared
401.2656 	EXP 	text_8: autoDraw = False
401.2656 	EXP 	corrColor_2: text = 'Bordeaux'
401.2656 	EXP 	R_2: height = np.float64(42.0)
401.2656 	EXP 	R_2: height = np.float64(42.0)
401.2656 	EXP 	R_2: height = np.float64(42.0)
401.2656 	EXP 	R_2: text = 50
401.2656 	EXP 	G_2: height = np.float64(42.0)
401.2656 	EXP 	G_2: height = np.float64(42.0)
401.2656 	EXP 	G_2: height = np.float64(42.0)
401.2656 	EXP 	G_2: text = 2
401.2656 	EXP 	B_2: height = np.float64(42.0)
401.2656 	EXP 	B_2: height = np.float64(42.0)
401.2656 	EXP 	B_2: height = np.float64(42.0)
401.2656 	EXP 	B_2: text = 24
401.2656 	EXP 	correctAnswer: autoDraw = True
401.2656 	EXP 	RBGInfo_2: autoDraw = True
401.2656 	EXP 	R_2: autoDraw = True
401.2656 	EXP 	G_2: autoDraw = True
401.2656 	EXP 	B_2: autoDraw = True
402.0199 	DATA 	Mouse: Left button down, pos=(1063,291)
402.0349 	EXP 	correctAnswer: autoDraw = False
402.0349 	EXP 	wrongAnswer: autoDraw = False
402.0349 	EXP 	corrColor_2: autoDraw = False
402.0349 	EXP 	RBGInfo_2: autoDraw = False
402.0349 	EXP 	R_2: autoDraw = False
402.0349 	EXP 	G_2: autoDraw = False
402.0349 	EXP 	B_2: autoDraw = False
402.0349 	EXP 	text_11: autoDraw = True
402.2525 	DATA 	Mouse:  Left button up, pos=(1063,291)
402.3694 	EXP 	New trial (rep=0, index=19): <Trial 19 (19 in rep 0) data={'folder': '03-1', 'image': '006_Bordeaux.jpg', 'logical': True, 'corrColor': 'Bordeaux', 'corrR': 51, 'corrG': 0, 'corrB': 12, 'image_path': '03-1/006_Bordeaux_0.png', 'thisN': 19, 'thisTrialN': 19, 'thisRepN': 0}>
402.4680 	EXP 	text_11: autoDraw = False
402.4680 	EXP 	text_11: autoDraw = False
402.4680 	EXP 	img: foreColor = <psychopy.colors.Color: white, alpha=1.0>
402.4680 	EXP 	img: ori = np.float64(0.0)
402.4680 	EXP 	Instructions: text = 'Click the spacebar to shuffle through the filters to recognize the color.\nPress the button of the color you think it corresponds to.'
402.4680 	EXP 	counter_Text: height = np.float64(72.0)
402.4680 	EXP 	counter_Text: height = np.float64(72.0)
402.4680 	EXP 	counter_Text: height = np.float64(72.0)
402.4680 	EXP 	counter_Text: text = 20
402.4680 	EXP 	img: autoDraw = True
402.4680 	EXP 	Instructions: autoDraw = True
402.4680 	EXP 	RBGInfo: autoDraw = True
402.4680 	EXP 	G: autoDraw = True
402.4680 	EXP 	B: autoDraw = True
402.4680 	EXP 	counter_Text: autoDraw = True
402.4680 	EXP 	total_count: autoDraw = True
402.6355 	EXP 	R: autoDraw = True
403.6433 	DATA 	Keypress: space
403.6439 	EXP 	Device response: <KeyPress from None: t=403.62021239998285, value=space, duration=None>
403.7499 	EXP 	Device response: <KeyPress from None: t=403.62021239998285, value=space, duration=0.09827459999360144>
404.0451 	DATA 	Keypress: space
404.0454 	EXP 	Device response: <KeyPress from None: t=403.9974866999546, value=space, duration=None>
404.1493 	EXP 	Device response: <KeyPress from None: t=403.9974866999546, value=space, duration=0.08868450007867068>
407.5610 	DATA 	Mouse: Left button down, pos=(1608,1000)
407.5839 	EXP 	img: autoDraw = False
407.5839 	EXP 	Instructions: autoDraw = False
407.5839 	EXP 	RBGInfo: autoDraw = False
407.5839 	EXP 	R: autoDraw = False
407.5839 	EXP 	G: autoDraw = False
407.5839 	EXP 	B: autoDraw = False
407.5839 	EXP 	counter_Text: autoDraw = False
407.5839 	EXP 	total_count: autoDraw = False
407.5839 	EXP 	text_8: autoDraw = True
407.7183 	DATA 	Mouse:  Left button up, pos=(1608,1000)
407.9488 	EXP 	text_8: autoDraw = False
407.9488 	EXP 	slider: markerPos = None
407.9488 	EXP 	slider: markerPos = 1
407.9488 	EXP 	slider: autoDraw = True
407.9488 	EXP 	text_9: autoDraw = True
407.9488 	EXP 	text_answer: autoDraw = True
408.9025 	DATA 	Mouse: Left button down, pos=(1426,603)
408.9324 	EXP 	slider: markerPos = np.float64(5.064)
408.9525 	EXP 	slider: markerPos = np.float64(5.064)
408.9836 	EXP 	slider: markerPos = np.float64(5.064)
409.0019 	EXP 	slider: markerPos = np.float64(5.064)
409.0325 	EXP 	slider: markerPos = np.float64(5.064)
409.0521 	EXP 	slider: markerPos = np.float64(5.064)
409.0823 	EXP 	slider: markerPos = np.float64(5.064)
409.1019 	EXP 	slider: markerPos = np.float64(5.064)
409.1324 	EXP 	slider: markerPos = np.float64(5.064)
409.1334 	DATA 	Mouse:  Left button up, pos=(1426,603)
409.1655 	EXP 	slider: markerPos = 5.0
409.8521 	DATA 	Mouse: Left button down, pos=(1041,238)
409.8683 	EXP 	slider: autoDraw = False
409.8683 	EXP 	text_9: autoDraw = False
409.8683 	EXP 	text_answer: autoDraw = False
409.8683 	EXP 	text_8: autoDraw = True
410.0849 	DATA 	Mouse:  Left button up, pos=(1041,238)
410.2322 	INFO 	Keyboard events cleared
410.2321 	EXP 	text_8: autoDraw = False
410.2321 	EXP 	text_8: autoDraw = False
410.2321 	EXP 	corrColor_2: text = 'Bordeaux'
410.2321 	EXP 	R_2: height = np.float64(42.0)
410.2321 	EXP 	R_2: height = np.float64(42.0)
410.2321 	EXP 	R_2: height = np.float64(42.0)
410.2321 	EXP 	R_2: text = 51
410.2321 	EXP 	G_2: height = np.float64(42.0)
410.2321 	EXP 	G_2: height = np.float64(42.0)
410.2321 	EXP 	G_2: height = np.float64(42.0)
410.2321 	EXP 	G_2: text = 0
410.2321 	EXP 	B_2: height = np.float64(42.0)
410.2321 	EXP 	B_2: height = np.float64(42.0)
410.2321 	EXP 	B_2: height = np.float64(42.0)
410.2321 	EXP 	B_2: text = 12
410.2321 	EXP 	correctAnswer: autoDraw = True
410.2321 	EXP 	RBGInfo_2: autoDraw = True
410.2321 	EXP 	R_2: autoDraw = True
410.2321 	EXP 	G_2: autoDraw = True
410.2321 	EXP 	B_2: autoDraw = True
410.9531 	DATA 	Mouse: Left button down, pos=(1041,238)
410.9675 	EXP 	correctAnswer: autoDraw = False
410.9675 	EXP 	wrongAnswer: autoDraw = False
410.9675 	EXP 	corrColor_2: autoDraw = False
410.9675 	EXP 	RBGInfo_2: autoDraw = False
410.9675 	EXP 	R_2: autoDraw = False
410.9675 	EXP 	G_2: autoDraw = False
410.9675 	EXP 	B_2: autoDraw = False
410.9675 	EXP 	text_11: autoDraw = True
411.1689 	DATA 	Mouse:  Left button up, pos=(1041,238)
411.3017 	EXP 	New trial (rep=0, index=20): <Trial 20 (20 in rep 0) data={'folder': '03-1', 'image': '021_Grey.jpg', 'logical': True, 'corrColor': 'Grey', 'corrR': 47, 'corrG': 51, 'corrB': 57, 'image_path': '03-1/021_Grey_0.png', 'thisN': 20, 'thisTrialN': 20, 'thisRepN': 0}>
411.4012 	EXP 	text_11: autoDraw = False
411.4012 	EXP 	text_11: autoDraw = False
411.4012 	EXP 	img: foreColor = <psychopy.colors.Color: white, alpha=1.0>
411.4012 	EXP 	img: ori = np.float64(0.0)
411.4012 	EXP 	Instructions: text = 'Click the spacebar to shuffle through the filters to recognize the color.\nPress the button of the color you think it corresponds to.'
411.4012 	EXP 	counter_Text: height = np.float64(72.0)
411.4012 	EXP 	counter_Text: height = np.float64(72.0)
411.4012 	EXP 	counter_Text: height = np.float64(72.0)
411.4012 	EXP 	counter_Text: text = 21
411.4012 	EXP 	img: autoDraw = True
411.4012 	EXP 	Instructions: autoDraw = True
411.4012 	EXP 	RBGInfo: autoDraw = True
411.4012 	EXP 	G: autoDraw = True
411.4012 	EXP 	B: autoDraw = True
411.4012 	EXP 	counter_Text: autoDraw = True
411.4012 	EXP 	total_count: autoDraw = True
411.5667 	EXP 	R: autoDraw = True
412.4103 	DATA 	Keypress: space
412.4109 	EXP 	Device response: <KeyPress from None: t=412.36651910003275, value=space, duration=None>
412.5172 	EXP 	Device response: <KeyPress from None: t=412.36651910003275, value=space, duration=0.08894950000103563>
412.8107 	DATA 	Keypress: space
412.8113 	EXP 	Device response: <KeyPress from None: t=412.79214230005164, value=space, duration=None>
412.9107 	EXP 	Device response: <KeyPress from None: t=412.79214230005164, value=space, duration=0.08863069990184158>
415.4936 	DATA 	Mouse: Left button down, pos=(1593,938)
415.5170 	EXP 	img: autoDraw = False
415.5170 	EXP 	Instructions: autoDraw = False
415.5170 	EXP 	RBGInfo: autoDraw = False
415.5170 	EXP 	R: autoDraw = False
415.5170 	EXP 	G: autoDraw = False
415.5170 	EXP 	B: autoDraw = False
415.5170 	EXP 	counter_Text: autoDraw = False
415.5170 	EXP 	total_count: autoDraw = False
415.5170 	EXP 	text_8: autoDraw = True
415.6690 	DATA 	Mouse:  Left button up, pos=(1593,938)
415.8819 	EXP 	text_8: autoDraw = False
415.8819 	EXP 	slider: markerPos = None
415.8819 	EXP 	slider: markerPos = 1
415.8819 	EXP 	slider: autoDraw = True
415.8819 	EXP 	text_9: autoDraw = True
415.8819 	EXP 	text_answer: autoDraw = True
418.0610 	DATA 	Mouse: Left button down, pos=(1402,583)
418.1023 	EXP 	slider: markerPos = np.float64(4.968)
418.1324 	EXP 	slider: markerPos = np.float64(4.968)
418.1524 	EXP 	slider: markerPos = np.float64(4.968)
418.1824 	EXP 	slider: markerPos = np.float64(4.968)
418.2022 	EXP 	slider: markerPos = np.float64(4.968)
418.2328 	EXP 	slider: markerPos = np.float64(4.968)
418.2523 	EXP 	slider: markerPos = np.float64(4.968)
418.2828 	EXP 	slider: markerPos = np.float64(4.968)
418.2846 	DATA 	Mouse:  Left button up, pos=(1402,583)
418.3023 	EXP 	slider: markerPos = 5.0
418.9535 	DATA 	Mouse: Left button down, pos=(952,244)
418.9681 	EXP 	slider: autoDraw = False
418.9681 	EXP 	text_9: autoDraw = False
418.9681 	EXP 	text_answer: autoDraw = False
418.9681 	EXP 	text_8: autoDraw = True
419.1863 	DATA 	Mouse:  Left button up, pos=(952,244)
419.3500 	INFO 	Keyboard events cleared
419.3499 	EXP 	text_8: autoDraw = False
419.3499 	EXP 	text_8: autoDraw = False
419.3499 	EXP 	corrColor_2: height = np.float64(56.0)
419.3499 	EXP 	corrColor_2: height = np.float64(56.0)
419.3499 	EXP 	corrColor_2: height = np.float64(56.0)
419.3499 	EXP 	corrColor_2: text = 'Grey'
419.3499 	EXP 	R_2: height = np.float64(42.0)
419.3499 	EXP 	R_2: height = np.float64(42.0)
419.3499 	EXP 	R_2: height = np.float64(42.0)
419.3499 	EXP 	R_2: text = 47
419.3499 	EXP 	G_2: height = np.float64(42.0)
419.3499 	EXP 	G_2: height = np.float64(42.0)
419.3499 	EXP 	G_2: height = np.float64(42.0)
419.3499 	EXP 	G_2: text = 51
419.3499 	EXP 	B_2: height = np.float64(42.0)
419.3499 	EXP 	B_2: height = np.float64(42.0)
419.3499 	EXP 	B_2: height = np.float64(42.0)
419.3499 	EXP 	B_2: text = 57
419.3499 	EXP 	correctAnswer: autoDraw = True
419.3499 	EXP 	RBGInfo_2: autoDraw = True
419.3499 	EXP 	R_2: autoDraw = True
419.3499 	EXP 	G_2: autoDraw = True
419.3499 	EXP 	B_2: autoDraw = True
419.8191 	DATA 	Mouse: Left button down, pos=(952,244)
419.8344 	EXP 	correctAnswer: autoDraw = False
419.8344 	EXP 	wrongAnswer: autoDraw = False
419.8344 	EXP 	corrColor_2: autoDraw = False
419.8344 	EXP 	RBGInfo_2: autoDraw = False
419.8344 	EXP 	R_2: autoDraw = False
419.8344 	EXP 	G_2: autoDraw = False
419.8344 	EXP 	B_2: autoDraw = False
419.8344 	EXP 	text_11: autoDraw = True
420.0535 	DATA 	Mouse:  Left button up, pos=(952,244)
420.1703 	EXP 	New trial (rep=0, index=21): <Trial 21 (21 in rep 0) data={'folder': '03-1', 'image': '020_Grey.jpg', 'logical': True, 'corrColor': 'Grey', 'corrR': 47, 'corrG': 44, 'corrB': 45, 'image_path': '03-1/020_Grey_0.png', 'thisN': 21, 'thisTrialN': 21, 'thisRepN': 0}>
420.2676 	EXP 	text_11: autoDraw = False
420.2676 	EXP 	text_11: autoDraw = False
420.2676 	EXP 	img: foreColor = <psychopy.colors.Color: white, alpha=1.0>
420.2676 	EXP 	img: ori = np.float64(0.0)
420.2676 	EXP 	Instructions: text = 'Click the spacebar to shuffle through the filters to recognize the color.\nPress the button of the color you think it corresponds to.'
420.2676 	EXP 	counter_Text: height = np.float64(72.0)
420.2676 	EXP 	counter_Text: height = np.float64(72.0)
420.2676 	EXP 	counter_Text: height = np.float64(72.0)
420.2676 	EXP 	counter_Text: text = 22
420.2676 	EXP 	img: autoDraw = True
420.2676 	EXP 	Instructions: autoDraw = True
420.2676 	EXP 	RBGInfo: autoDraw = True
420.2676 	EXP 	G: autoDraw = True
420.2676 	EXP 	B: autoDraw = True
420.2676 	EXP 	counter_Text: autoDraw = True
420.2676 	EXP 	total_count: autoDraw = True
420.5165 	EXP 	R: autoDraw = True
421.1520 	DATA 	Keypress: space
421.1526 	EXP 	Device response: <KeyPress from None: t=421.1218905999558, value=space, duration=None>
421.2387 	EXP 	Device response: <KeyPress from None: t=421.1218905999558, value=space, duration=0.10697170009370893>
421.6886 	DATA 	Keypress: space
421.6890 	EXP 	Device response: <KeyPress from None: t=421.64466880005784, value=space, duration=None>
421.7797 	EXP 	Device response: <KeyPress from None: t=421.64466880005784, value=space, duration=0.08958749996963888>
425.2642 	DATA 	Mouse: Left button down, pos=(1635,940)
425.2827 	EXP 	img: autoDraw = False
425.2827 	EXP 	Instructions: autoDraw = False
425.2827 	EXP 	RBGInfo: autoDraw = False
425.2827 	EXP 	R: autoDraw = False
425.2827 	EXP 	G: autoDraw = False
425.2827 	EXP 	B: autoDraw = False
425.2827 	EXP 	counter_Text: autoDraw = False
425.2827 	EXP 	total_count: autoDraw = False
425.2827 	EXP 	text_8: autoDraw = True
425.4681 	DATA 	Mouse:  Left button up, pos=(1635,940)
425.6481 	EXP 	text_8: autoDraw = False
425.6481 	EXP 	text_8: autoDraw = False
425.6481 	EXP 	slider: markerPos = None
425.6481 	EXP 	slider: markerPos = 1
425.6481 	EXP 	slider: autoDraw = True
425.6481 	EXP 	text_9: autoDraw = True
425.6481 	EXP 	text_answer: autoDraw = True
426.7852 	DATA 	Mouse: Left button down, pos=(1394,546)
426.8151 	EXP 	slider: markerPos = np.float64(4.936)
426.8345 	EXP 	slider: markerPos = np.float64(4.936)
426.8506 	EXP 	slider: markerPos = np.float64(4.936)
426.8821 	EXP 	slider: markerPos = np.float64(4.936)
426.9151 	EXP 	slider: markerPos = np.float64(4.936)
426.9346 	EXP 	slider: markerPos = np.float64(4.936)
426.9507 	EXP 	slider: markerPos = np.float64(4.936)
426.9679 	EXP 	slider: markerPos = np.float64(4.936)
426.9840 	EXP 	slider: markerPos = np.float64(4.936)
427.0013 	EXP 	slider: markerPos = np.float64(4.936)
427.0022 	DATA 	Mouse:  Left button up, pos=(1394,546)
427.0317 	EXP 	slider: markerPos = 5.0
427.7770 	DATA 	Mouse: Left button down, pos=(1038,287)
427.8177 	EXP 	slider: autoDraw = False
427.8177 	EXP 	text_9: autoDraw = False
427.8177 	EXP 	text_answer: autoDraw = False
427.8177 	EXP 	text_8: autoDraw = True
428.0025 	DATA 	Mouse:  Left button up, pos=(1038,287)
428.1815 	INFO 	Keyboard events cleared
428.1814 	EXP 	text_8: autoDraw = False
428.1814 	EXP 	text_8: autoDraw = False
428.1814 	EXP 	corrColor_2: text = 'Grey'
428.1814 	EXP 	R_2: height = np.float64(42.0)
428.1814 	EXP 	R_2: height = np.float64(42.0)
428.1814 	EXP 	R_2: height = np.float64(42.0)
428.1814 	EXP 	R_2: text = 47
428.1814 	EXP 	G_2: height = np.float64(42.0)
428.1814 	EXP 	G_2: height = np.float64(42.0)
428.1814 	EXP 	G_2: height = np.float64(42.0)
428.1814 	EXP 	G_2: text = 44
428.1814 	EXP 	B_2: height = np.float64(42.0)
428.1814 	EXP 	B_2: height = np.float64(42.0)
428.1814 	EXP 	B_2: height = np.float64(42.0)
428.1814 	EXP 	B_2: text = 45
428.1814 	EXP 	correctAnswer: autoDraw = True
428.1814 	EXP 	RBGInfo_2: autoDraw = True
428.1814 	EXP 	R_2: autoDraw = True
428.1814 	EXP 	G_2: autoDraw = True
428.1814 	EXP 	B_2: autoDraw = True
428.5518 	DATA 	Mouse: Left button down, pos=(1038,287)
428.5674 	EXP 	correctAnswer: autoDraw = False
428.5674 	EXP 	wrongAnswer: autoDraw = False
428.5674 	EXP 	corrColor_2: autoDraw = False
428.5674 	EXP 	RBGInfo_2: autoDraw = False
428.5674 	EXP 	R_2: autoDraw = False
428.5674 	EXP 	G_2: autoDraw = False
428.5674 	EXP 	B_2: autoDraw = False
428.5674 	EXP 	text_11: autoDraw = True
428.7845 	DATA 	Mouse:  Left button up, pos=(1038,287)
428.9044 	EXP 	New trial (rep=0, index=22): <Trial 22 (22 in rep 0) data={'folder': '03-1', 'image': '013_Orange.jpg', 'logical': True, 'corrColor': 'Orange', 'corrR': 100, 'corrG': 65, 'corrB': 4, 'image_path': '03-1/013_Orange_0.png', 'thisN': 22, 'thisTrialN': 22, 'thisRepN': 0}>
429.0008 	EXP 	text_11: autoDraw = False
429.0008 	EXP 	text_11: autoDraw = False
429.0008 	EXP 	img: foreColor = <psychopy.colors.Color: white, alpha=1.0>
429.0008 	EXP 	img: ori = np.float64(0.0)
429.0008 	EXP 	Instructions: text = 'Click the spacebar to shuffle through the filters to recognize the color.\nPress the button of the color you think it corresponds to.'
429.0008 	EXP 	counter_Text: height = np.float64(72.0)
429.0008 	EXP 	counter_Text: height = np.float64(72.0)
429.0008 	EXP 	counter_Text: height = np.float64(72.0)
429.0008 	EXP 	counter_Text: text = 23
429.0008 	EXP 	img: autoDraw = True
429.0008 	EXP 	Instructions: autoDraw = True
429.0008 	EXP 	RBGInfo: autoDraw = True
429.0008 	EXP 	G: autoDraw = True
429.0008 	EXP 	B: autoDraw = True
429.0008 	EXP 	counter_Text: autoDraw = True
429.0008 	EXP 	total_count: autoDraw = True
429.2667 	EXP 	R: autoDraw = True
429.7374 	DATA 	Keypress: space
429.7409 	EXP 	Device response: <KeyPress from None: t=429.7354124999838, value=space, duration=None>
429.9216 	EXP 	Device response: <KeyPress from None: t=429.7354124999838, value=space, duration=0.1157791999867186>
431.2729 	DATA 	Keypress: space
431.2736 	EXP 	Device response: <KeyPress from None: t=431.206580500002, value=space, duration=None>
431.3718 	EXP 	Device response: <KeyPress from None: t=431.206580500002, value=space, duration=0.0803197999484837>
438.4792 	DATA 	Mouse: Left button down, pos=(1631,687)
438.5824 	EXP 	img: autoDraw = False
438.5824 	EXP 	Instructions: autoDraw = False
438.5824 	EXP 	RBGInfo: autoDraw = False
438.5824 	EXP 	R: autoDraw = False
438.5824 	EXP 	G: autoDraw = False
438.5824 	EXP 	B: autoDraw = False
438.5824 	EXP 	counter_Text: autoDraw = False
438.5824 	EXP 	total_count: autoDraw = False
438.5824 	EXP 	text_8: autoDraw = True
438.7177 	DATA 	Mouse:  Left button up, pos=(1631,687)
438.9478 	EXP 	text_8: autoDraw = False
438.9478 	EXP 	text_8: autoDraw = False
438.9478 	EXP 	slider: markerPos = None
438.9478 	EXP 	slider: markerPos = 1
438.9478 	EXP 	slider: autoDraw = True
438.9478 	EXP 	text_9: autoDraw = True
438.9478 	EXP 	text_answer: autoDraw = True
439.8260 	DATA 	Mouse: Left button down, pos=(1418,599)
439.8643 	EXP 	slider: markerPos = np.float64(5.032)
439.8839 	EXP 	slider: markerPos = np.float64(5.032)
439.9000 	EXP 	slider: markerPos = np.float64(5.032)
439.9171 	EXP 	slider: markerPos = np.float64(5.032)
439.9333 	EXP 	slider: markerPos = np.float64(5.032)
439.9505 	EXP 	slider: markerPos = np.float64(5.032)
439.9667 	EXP 	slider: markerPos = np.float64(5.032)
439.9839 	EXP 	slider: markerPos = np.float64(5.032)
440.0002 	EXP 	slider: markerPos = np.float64(5.032)
440.0173 	EXP 	slider: markerPos = np.float64(5.032)
440.0334 	EXP 	slider: markerPos = np.float64(5.032)
440.0442 	DATA 	Mouse:  Left button up, pos=(1418,599)
440.0642 	EXP 	slider: markerPos = np.float64(5.032)
440.0839 	EXP 	slider: markerPos = 5.0
440.7186 	DATA 	Mouse: Left button down, pos=(961,231)
440.7338 	EXP 	slider: autoDraw = False
440.7338 	EXP 	text_9: autoDraw = False
440.7338 	EXP 	text_answer: autoDraw = False
440.7338 	EXP 	text_8: autoDraw = True
440.9344 	DATA 	Mouse:  Left button up, pos=(961,231)
441.0977 	INFO 	Keyboard events cleared
441.0976 	EXP 	text_8: autoDraw = False
441.0976 	EXP 	text_8: autoDraw = False
441.0976 	EXP 	corrColor_2: height = np.float64(56.0)
441.0976 	EXP 	corrColor_2: height = np.float64(56.0)
441.0976 	EXP 	corrColor_2: height = np.float64(56.0)
441.0976 	EXP 	corrColor_2: text = 'Orange'
441.0976 	EXP 	R_2: height = np.float64(42.0)
441.0976 	EXP 	R_2: height = np.float64(42.0)
441.0976 	EXP 	R_2: height = np.float64(42.0)
441.0976 	EXP 	R_2: text = 100
441.0976 	EXP 	G_2: height = np.float64(42.0)
441.0976 	EXP 	G_2: height = np.float64(42.0)
441.0976 	EXP 	G_2: height = np.float64(42.0)
441.0976 	EXP 	G_2: text = 65
441.0976 	EXP 	B_2: height = np.float64(42.0)
441.0976 	EXP 	B_2: height = np.float64(42.0)
441.0976 	EXP 	B_2: height = np.float64(42.0)
441.0976 	EXP 	B_2: text = 4
441.0976 	EXP 	correctAnswer: autoDraw = True
441.0976 	EXP 	RBGInfo_2: autoDraw = True
441.0976 	EXP 	R_2: autoDraw = True
441.0976 	EXP 	G_2: autoDraw = True
441.0976 	EXP 	B_2: autoDraw = True
441.4349 	DATA 	Mouse: Left button down, pos=(961,231)
441.4515 	EXP 	correctAnswer: autoDraw = False
441.4515 	EXP 	wrongAnswer: autoDraw = False
441.4515 	EXP 	corrColor_2: autoDraw = False
441.4515 	EXP 	RBGInfo_2: autoDraw = False
441.4515 	EXP 	R_2: autoDraw = False
441.4515 	EXP 	G_2: autoDraw = False
441.4515 	EXP 	B_2: autoDraw = False
441.4515 	EXP 	text_11: autoDraw = True
441.6512 	DATA 	Mouse:  Left button up, pos=(961,231)
441.8004 	EXP 	New trial (rep=0, index=23): <Trial 23 (23 in rep 0) data={'folder': '03-1', 'image': '006_Brown.jpg', 'logical': True, 'corrColor': 'Brown', 'corrR': 53, 'corrG': 20, 'corrB': 0, 'image_path': '03-1/006_Brown_0.png', 'thisN': 23, 'thisTrialN': 23, 'thisRepN': 0}>
441.9000 	EXP 	text_11: autoDraw = False
441.9000 	EXP 	img: foreColor = <psychopy.colors.Color: white, alpha=1.0>
441.9000 	EXP 	img: ori = np.float64(0.0)
441.9000 	EXP 	Instructions: text = 'Click the spacebar to shuffle through the filters to recognize the color.\nPress the button of the color you think it corresponds to.'
441.9000 	EXP 	counter_Text: height = np.float64(72.0)
441.9000 	EXP 	counter_Text: height = np.float64(72.0)
441.9000 	EXP 	counter_Text: height = np.float64(72.0)
441.9000 	EXP 	counter_Text: text = 24
441.9000 	EXP 	img: autoDraw = True
441.9000 	EXP 	Instructions: autoDraw = True
441.9000 	EXP 	RBGInfo: autoDraw = True
441.9000 	EXP 	G: autoDraw = True
441.9000 	EXP 	B: autoDraw = True
441.9000 	EXP 	counter_Text: autoDraw = True
441.9000 	EXP 	total_count: autoDraw = True
442.0653 	EXP 	R: autoDraw = True
444.8655 	DATA 	Keypress: space
444.8659 	EXP 	Device response: <KeyPress from None: t=444.8639511000365, value=space, duration=None>
445.0606 	EXP 	Device response: <KeyPress from None: t=444.8639511000365, value=space, duration=0.134087499929592>
448.3273 	DATA 	Keypress: space
448.3278 	EXP 	Device response: <KeyPress from None: t=448.28010660002474, value=space, duration=None>
448.4314 	EXP 	Device response: <KeyPress from None: t=448.28010660002474, value=space, duration=0.14345510001294315>
448.9116 	DATA 	Keypress: space
448.9121 	EXP 	Device response: <KeyPress from None: t=448.85078540001996, value=space, duration=None>
449.0098 	EXP 	Device response: <KeyPress from None: t=448.85078540001996, value=space, duration=0.11640039994381368>
449.3098 	DATA 	Keypress: space
449.3105 	EXP 	Device response: <KeyPress from None: t=449.27390150004067, value=space, duration=None>
449.4105 	EXP 	Device response: <KeyPress from None: t=449.27390150004067, value=space, duration=0.1254083999665454>
450.0753 	DATA 	Keypress: space
450.0759 	EXP 	Device response: <KeyPress from None: t=450.0703222999582, value=space, duration=None>
450.1898 	EXP 	Device response: <KeyPress from None: t=450.0703222999582, value=space, duration=0.11589580005966127>
461.7773 	DATA 	Mouse: Left button down, pos=(1633,1121)
461.7986 	EXP 	img: autoDraw = False
461.7986 	EXP 	Instructions: autoDraw = False
461.7986 	EXP 	RBGInfo: autoDraw = False
461.7986 	EXP 	R: autoDraw = False
461.7986 	EXP 	G: autoDraw = False
461.7986 	EXP 	B: autoDraw = False
461.7986 	EXP 	counter_Text: autoDraw = False
461.7986 	EXP 	total_count: autoDraw = False
461.7986 	EXP 	text_8: autoDraw = True
461.9667 	DATA 	Mouse:  Left button up, pos=(1633,1121)
462.1802 	EXP 	text_8: autoDraw = False
462.1802 	EXP 	slider: markerPos = None
462.1802 	EXP 	slider: markerPos = 1
462.1802 	EXP 	slider: autoDraw = True
462.1802 	EXP 	text_9: autoDraw = True
462.1802 	EXP 	text_answer: autoDraw = True
463.1437 	DATA 	Mouse: Left button down, pos=(933,565)
463.1832 	EXP 	slider: markerPos = np.float64(3.092)
463.1993 	EXP 	slider: markerPos = np.float64(3.092)
463.2165 	EXP 	slider: markerPos = np.float64(3.092)
463.2326 	EXP 	slider: markerPos = np.float64(3.092)
463.2498 	EXP 	slider: markerPos = np.float64(3.092)
463.2659 	EXP 	slider: markerPos = np.float64(3.092)
463.2831 	EXP 	slider: markerPos = np.float64(3.092)
463.3135 	EXP 	slider: markerPos = np.float64(3.092)
463.3332 	EXP 	slider: markerPos = np.float64(3.092)
463.3492 	EXP 	slider: markerPos = np.float64(3.092)
463.3666 	EXP 	slider: markerPos = np.float64(3.092)
463.3675 	DATA 	Mouse:  Left button up, pos=(933,565)
463.3826 	EXP 	slider: markerPos = 3.0
464.4396 	DATA 	Mouse: Left button down, pos=(985,279)
464.4829 	EXP 	slider: autoDraw = False
464.4829 	EXP 	text_9: autoDraw = False
464.4829 	EXP 	text_answer: autoDraw = False
464.4829 	EXP 	text_8: autoDraw = True
464.6667 	DATA 	Mouse:  Left button up, pos=(985,279)
464.8467 	INFO 	Keyboard events cleared
464.8466 	EXP 	text_8: autoDraw = False
464.8466 	EXP 	corrColor_2: height = np.float64(56.0)
464.8466 	EXP 	corrColor_2: height = np.float64(56.0)
464.8466 	EXP 	corrColor_2: height = np.float64(56.0)
464.8466 	EXP 	corrColor_2: text = 'Brown'
464.8466 	EXP 	R_2: height = np.float64(42.0)
464.8466 	EXP 	R_2: height = np.float64(42.0)
464.8466 	EXP 	R_2: height = np.float64(42.0)
464.8466 	EXP 	R_2: text = 53
464.8466 	EXP 	G_2: height = np.float64(42.0)
464.8466 	EXP 	G_2: height = np.float64(42.0)
464.8466 	EXP 	G_2: height = np.float64(42.0)
464.8466 	EXP 	G_2: text = 20
464.8466 	EXP 	B_2: height = np.float64(42.0)
464.8466 	EXP 	B_2: height = np.float64(42.0)
464.8466 	EXP 	B_2: height = np.float64(42.0)
464.8466 	EXP 	B_2: text = 0
464.8466 	EXP 	correctAnswer: autoDraw = True
464.8466 	EXP 	RBGInfo_2: autoDraw = True
464.8466 	EXP 	R_2: autoDraw = True
464.8466 	EXP 	G_2: autoDraw = True
464.8466 	EXP 	B_2: autoDraw = True
465.4351 	DATA 	Mouse: Left button down, pos=(985,279)
465.4492 	EXP 	correctAnswer: autoDraw = False
465.4492 	EXP 	wrongAnswer: autoDraw = False
465.4492 	EXP 	corrColor_2: autoDraw = False
465.4492 	EXP 	RBGInfo_2: autoDraw = False
465.4492 	EXP 	R_2: autoDraw = False
465.4492 	EXP 	G_2: autoDraw = False
465.4492 	EXP 	B_2: autoDraw = False
465.4492 	EXP 	text_11: autoDraw = True
465.6498 	DATA 	Mouse:  Left button up, pos=(985,279)
465.7841 	EXP 	New trial (rep=0, index=24): <Trial 24 (24 in rep 0) data={'folder': '02-1', 'image': '011_Orange.jpg', 'logical': True, 'corrColor': 'Orange', 'corrR': 99, 'corrG': 48, 'corrB': 0, 'image_path': '02-1/011_Orange_0.png', 'thisN': 24, 'thisTrialN': 24, 'thisRepN': 0}>
465.8997 	EXP 	text_11: autoDraw = False
465.8997 	EXP 	text_11: autoDraw = False
465.8997 	EXP 	img: foreColor = <psychopy.colors.Color: white, alpha=1.0>
465.8997 	EXP 	img: ori = np.float64(0.0)
465.8997 	EXP 	Instructions: text = 'Click the spacebar to shuffle through the filters to recognize the color.\nPress the button of the color you think it corresponds to.'
465.8997 	EXP 	counter_Text: height = np.float64(72.0)
465.8997 	EXP 	counter_Text: height = np.float64(72.0)
465.8997 	EXP 	counter_Text: height = np.float64(72.0)
465.8997 	EXP 	counter_Text: text = 25
465.8997 	EXP 	img: autoDraw = True
465.8997 	EXP 	Instructions: autoDraw = True
465.8997 	EXP 	RBGInfo: autoDraw = True
465.8997 	EXP 	G: autoDraw = True
465.8997 	EXP 	B: autoDraw = True
465.8997 	EXP 	counter_Text: autoDraw = True
465.8997 	EXP 	total_count: autoDraw = True
466.0644 	EXP 	R: autoDraw = True
467.7820 	DATA 	Keypress: space
467.7837 	EXP 	Device response: <KeyPress from None: t=467.74051290005445, value=space, duration=None>
467.8857 	EXP 	Device response: <KeyPress from None: t=467.74051290005445, value=space, duration=0.07982629991602153>
471.2078 	DATA 	Keypress: space
471.2085 	EXP 	Device response: <KeyPress from None: t=471.1740351000335, value=space, duration=None>
471.3268 	EXP 	Device response: <KeyPress from None: t=471.1740351000335, value=space, duration=0.13418519997503608>
471.6042 	DATA 	Keypress: space
471.6875 	EXP 	Device response: <KeyPress from None: t=471.6027680999832, value=space, duration=None>
471.7868 	EXP 	Device response: <KeyPress from None: t=471.6027680999832, value=space, duration=0.12668690003920346>
472.0572 	DATA 	Keypress: space
472.0578 	EXP 	Device response: <KeyPress from None: t=472.0463533999864, value=space, duration=None>
472.1561 	EXP 	Device response: <KeyPress from None: t=472.0463533999864, value=space, duration=0.10733689996413887>
472.7593 	DATA 	Keypress: space
472.7598 	EXP 	Device response: <KeyPress from None: t=472.68357079999987, value=space, duration=None>
472.8610 	EXP 	Device response: <KeyPress from None: t=472.68357079999987, value=space, duration=0.13405320001766086>
477.4670 	DATA 	Mouse: Left button down, pos=(1639,697)
477.4815 	EXP 	img: autoDraw = False
477.4815 	EXP 	Instructions: autoDraw = False
477.4815 	EXP 	RBGInfo: autoDraw = False
477.4815 	EXP 	R: autoDraw = False
477.4815 	EXP 	G: autoDraw = False
477.4815 	EXP 	B: autoDraw = False
477.4815 	EXP 	counter_Text: autoDraw = False
477.4815 	EXP 	total_count: autoDraw = False
477.4815 	EXP 	text_8: autoDraw = True
477.6499 	DATA 	Mouse:  Left button up, pos=(1639,697)
477.8473 	EXP 	text_8: autoDraw = False
477.8473 	EXP 	text_8: autoDraw = False
477.8473 	EXP 	slider: markerPos = None
477.8473 	EXP 	slider: markerPos = 1
477.8473 	EXP 	slider: autoDraw = True
477.8473 	EXP 	text_9: autoDraw = True
477.8473 	EXP 	text_answer: autoDraw = True
478.7915 	DATA 	Mouse: Left button down, pos=(1413,571)
478.8295 	EXP 	slider: markerPos = np.float64(5.0120000000000005)
478.8492 	EXP 	slider: markerPos = np.float64(5.0120000000000005)
478.8795 	EXP 	slider: markerPos = np.float64(5.0120000000000005)
478.8992 	EXP 	slider: markerPos = np.float64(5.0120000000000005)
478.9295 	EXP 	slider: markerPos = np.float64(5.0120000000000005)
478.9491 	EXP 	slider: markerPos = np.float64(5.0120000000000005)
478.9795 	EXP 	slider: markerPos = np.float64(5.0120000000000005)
478.9992 	EXP 	slider: markerPos = np.float64(5.0120000000000005)
479.0094 	DATA 	Mouse:  Left button up, pos=(1413,571)
479.0295 	EXP 	slider: markerPos = np.float64(5.0120000000000005)
479.0491 	EXP 	slider: markerPos = 5.0
479.6305 	DATA 	Mouse: Left button down, pos=(948,224)
479.6490 	EXP 	slider: autoDraw = False
479.6490 	EXP 	text_9: autoDraw = False
479.6490 	EXP 	text_answer: autoDraw = False
479.6490 	EXP 	text_8: autoDraw = True
479.8496 	DATA 	Mouse:  Left button up, pos=(948,224)
480.0132 	INFO 	Keyboard events cleared
480.0131 	EXP 	text_8: autoDraw = False
480.0131 	EXP 	corrColor_2: height = np.float64(56.0)
480.0131 	EXP 	corrColor_2: height = np.float64(56.0)
480.0131 	EXP 	corrColor_2: height = np.float64(56.0)
480.0131 	EXP 	corrColor_2: text = 'Orange'
480.0131 	EXP 	R_2: height = np.float64(42.0)
480.0131 	EXP 	R_2: height = np.float64(42.0)
480.0131 	EXP 	R_2: height = np.float64(42.0)
480.0131 	EXP 	R_2: text = 99
480.0131 	EXP 	G_2: height = np.float64(42.0)
480.0131 	EXP 	G_2: height = np.float64(42.0)
480.0131 	EXP 	G_2: height = np.float64(42.0)
480.0131 	EXP 	G_2: text = 48
480.0131 	EXP 	B_2: height = np.float64(42.0)
480.0131 	EXP 	B_2: height = np.float64(42.0)
480.0131 	EXP 	B_2: height = np.float64(42.0)
480.0131 	EXP 	B_2: text = 0
480.0131 	EXP 	correctAnswer: autoDraw = True
480.0131 	EXP 	RBGInfo_2: autoDraw = True
480.0131 	EXP 	R_2: autoDraw = True
480.0131 	EXP 	G_2: autoDraw = True
480.0131 	EXP 	B_2: autoDraw = True
480.5837 	DATA 	Mouse: Left button down, pos=(948,224)
480.5988 	EXP 	correctAnswer: autoDraw = False
480.5988 	EXP 	wrongAnswer: autoDraw = False
480.5988 	EXP 	corrColor_2: autoDraw = False
480.5988 	EXP 	RBGInfo_2: autoDraw = False
480.5988 	EXP 	R_2: autoDraw = False
480.5988 	EXP 	G_2: autoDraw = False
480.5988 	EXP 	B_2: autoDraw = False
480.5988 	EXP 	text_11: autoDraw = True
480.7997 	DATA 	Mouse:  Left button up, pos=(948,224)
480.9338 	EXP 	New trial (rep=0, index=25): <Trial 25 (25 in rep 0) data={'folder': '02-1', 'image': '030_Seafoam.jpg', 'logical': True, 'corrColor': 'Seafoam', 'corrR': 0, 'corrG': 99, 'corrB': 67, 'image_path': '02-1/030_Seafoam_0.png', 'thisN': 25, 'thisTrialN': 25, 'thisRepN': 0}>
481.0491 	EXP 	text_11: autoDraw = False
481.0491 	EXP 	text_11: autoDraw = False
481.0491 	EXP 	img: foreColor = <psychopy.colors.Color: white, alpha=1.0>
481.0491 	EXP 	img: ori = np.float64(0.0)
481.0491 	EXP 	Instructions: text = 'Click the spacebar to shuffle through the filters to recognize the color.\nPress the button of the color you think it corresponds to.'
481.0491 	EXP 	counter_Text: height = np.float64(72.0)
481.0491 	EXP 	counter_Text: height = np.float64(72.0)
481.0491 	EXP 	counter_Text: height = np.float64(72.0)
481.0491 	EXP 	counter_Text: text = 26
481.0491 	EXP 	img: autoDraw = True
481.0491 	EXP 	Instructions: autoDraw = True
481.0491 	EXP 	RBGInfo: autoDraw = True
481.0491 	EXP 	G: autoDraw = True
481.0491 	EXP 	B: autoDraw = True
481.0491 	EXP 	counter_Text: autoDraw = True
481.0491 	EXP 	total_count: autoDraw = True
481.2151 	EXP 	R: autoDraw = True
483.8363 	DATA 	Keypress: space
483.8370 	EXP 	Device response: <KeyPress from None: t=483.79330000001937, value=space, duration=None>
483.9397 	EXP 	Device response: <KeyPress from None: t=483.79330000001937, value=space, duration=0.08861420000903308>
486.0259 	DATA 	Keypress: space
486.0263 	EXP 	Device response: <KeyPress from None: t=485.96885519998614, value=space, duration=None>
486.1329 	EXP 	Device response: <KeyPress from None: t=485.96885519998614, value=space, duration=0.10638750006910414>
487.6218 	DATA 	Keypress: space
487.6223 	EXP 	Device response: <KeyPress from None: t=487.58408309996594, value=space, duration=None>
487.7158 	EXP 	Device response: <KeyPress from None: t=487.58408309996594, value=space, duration=0.11602280009537935>
487.9143 	DATA 	Keypress: space
487.9153 	EXP 	Device response: <KeyPress from None: t=487.8296253000153, value=space, duration=None>
487.9154 	EXP 	Device response: <KeyPress from None: t=487.8296253000153, value=space, duration=0.08004299993626773>
488.0898 	DATA 	Keypress: space
488.0905 	EXP 	Device response: <KeyPress from None: t=488.06748269998934, value=space, duration=None>
488.1928 	EXP 	Device response: <KeyPress from None: t=488.06748269998934, value=space, duration=0.08888729999307543>
488.4904 	DATA 	Keypress: space
488.4910 	EXP 	Device response: <KeyPress from None: t=488.4197588999523, value=space, duration=None>
488.5864 	EXP 	Device response: <KeyPress from None: t=488.4197588999523, value=space, duration=0.08933089999482036>
493.6269 	DATA 	Mouse: Left button down, pos=(1634,893)
493.6474 	EXP 	img: autoDraw = False
493.6474 	EXP 	Instructions: autoDraw = False
493.6474 	EXP 	RBGInfo: autoDraw = False
493.6474 	EXP 	R: autoDraw = False
493.6474 	EXP 	G: autoDraw = False
493.6474 	EXP 	B: autoDraw = False
493.6474 	EXP 	counter_Text: autoDraw = False
493.6474 	EXP 	total_count: autoDraw = False
493.6474 	EXP 	text_8: autoDraw = True
493.8325 	DATA 	Mouse:  Left button up, pos=(1634,893)
494.0123 	EXP 	text_8: autoDraw = False
494.0123 	EXP 	slider: markerPos = None
494.0123 	EXP 	slider: markerPos = 1
494.0123 	EXP 	slider: autoDraw = True
494.0123 	EXP 	text_9: autoDraw = True
494.0123 	EXP 	text_answer: autoDraw = True
495.1468 	DATA 	Mouse: Left button down, pos=(1377,618)
495.1794 	EXP 	slider: markerPos = np.float64(4.868)
495.1997 	EXP 	slider: markerPos = np.float64(4.868)
495.2298 	EXP 	slider: markerPos = np.float64(4.868)
495.2492 	EXP 	slider: markerPos = np.float64(4.868)
495.2794 	EXP 	slider: markerPos = np.float64(4.868)
495.2995 	EXP 	slider: markerPos = np.float64(4.868)
495.3299 	EXP 	slider: markerPos = np.float64(4.868)
495.3493 	EXP 	slider: markerPos = np.float64(4.868)
495.3607 	DATA 	Mouse:  Left button up, pos=(1377,618)
495.3794 	EXP 	slider: markerPos = np.float64(4.868)
495.3986 	EXP 	slider: markerPos = 5.0
496.0636 	DATA 	Mouse: Left button down, pos=(1006,297)
496.0818 	EXP 	slider: autoDraw = False
496.0818 	EXP 	text_9: autoDraw = False
496.0818 	EXP 	text_answer: autoDraw = False
496.0818 	EXP 	text_8: autoDraw = True
496.2829 	DATA 	Mouse:  Left button up, pos=(1006,297)
496.4459 	INFO 	Keyboard events cleared
496.4458 	EXP 	text_8: autoDraw = False
496.4458 	EXP 	text_8: autoDraw = False
496.4458 	EXP 	corrColor_2: height = np.float64(56.0)
496.4458 	EXP 	corrColor_2: height = np.float64(56.0)
496.4458 	EXP 	corrColor_2: height = np.float64(56.0)
496.4458 	EXP 	corrColor_2: text = 'Seafoam'
496.4458 	EXP 	R_2: height = np.float64(42.0)
496.4458 	EXP 	R_2: height = np.float64(42.0)
496.4458 	EXP 	R_2: height = np.float64(42.0)
496.4458 	EXP 	R_2: text = 0
496.4458 	EXP 	G_2: height = np.float64(42.0)
496.4458 	EXP 	G_2: height = np.float64(42.0)
496.4458 	EXP 	G_2: height = np.float64(42.0)
496.4458 	EXP 	G_2: text = 99
496.4458 	EXP 	B_2: height = np.float64(42.0)
496.4458 	EXP 	B_2: height = np.float64(42.0)
496.4458 	EXP 	B_2: height = np.float64(42.0)
496.4458 	EXP 	B_2: text = 67
496.4458 	EXP 	correctAnswer: autoDraw = True
496.4458 	EXP 	RBGInfo_2: autoDraw = True
496.4458 	EXP 	R_2: autoDraw = True
496.4458 	EXP 	G_2: autoDraw = True
496.4458 	EXP 	B_2: autoDraw = True
496.9665 	DATA 	Mouse: Left button down, pos=(1006,297)
496.9809 	EXP 	correctAnswer: autoDraw = False
496.9809 	EXP 	wrongAnswer: autoDraw = False
496.9809 	EXP 	corrColor_2: autoDraw = False
496.9809 	EXP 	RBGInfo_2: autoDraw = False
496.9809 	EXP 	R_2: autoDraw = False
496.9809 	EXP 	G_2: autoDraw = False
496.9809 	EXP 	B_2: autoDraw = False
496.9809 	EXP 	text_11: autoDraw = True
497.1993 	DATA 	Mouse:  Left button up, pos=(1006,297)
497.3152 	EXP 	New trial (rep=0, index=26): <Trial 26 (26 in rep 0) data={'folder': '01-1', 'image': '008_Purple.jpg', 'logical': True, 'corrColor': 'Purple', 'corrR': 52, 'corrG': 0, 'corrB': 99, 'image_path': '01-1/008_Purple_0.png', 'thisN': 26, 'thisTrialN': 26, 'thisRepN': 0}>
497.4312 	EXP 	text_11: autoDraw = False
497.4312 	EXP 	text_11: autoDraw = False
497.4312 	EXP 	img: foreColor = <psychopy.colors.Color: white, alpha=1.0>
497.4312 	EXP 	img: ori = np.float64(0.0)
497.4312 	EXP 	Instructions: text = 'Click the spacebar to shuffle through the filters to recognize the color.\nPress the button of the color you think it corresponds to.'
497.4312 	EXP 	counter_Text: height = np.float64(72.0)
497.4312 	EXP 	counter_Text: height = np.float64(72.0)
497.4312 	EXP 	counter_Text: height = np.float64(72.0)
497.4312 	EXP 	counter_Text: text = 27
497.4312 	EXP 	img: autoDraw = True
497.4312 	EXP 	Instructions: autoDraw = True
497.4312 	EXP 	RBGInfo: autoDraw = True
497.4312 	EXP 	G: autoDraw = True
497.4312 	EXP 	B: autoDraw = True
497.4312 	EXP 	counter_Text: autoDraw = True
497.4312 	EXP 	total_count: autoDraw = True
497.6140 	EXP 	R: autoDraw = True
498.8139 	DATA 	Keypress: space
498.8144 	EXP 	Device response: <KeyPress from None: t=498.75323350005783, value=space, duration=None>
498.9123 	EXP 	Device response: <KeyPress from None: t=498.75323350005783, value=space, duration=0.14333110000006855>
499.3571 	DATA 	Keypress: space
499.3575 	EXP 	Device response: <KeyPress from None: t=499.34381790005136, value=space, duration=None>
499.4697 	EXP 	Device response: <KeyPress from None: t=499.34381790005136, value=space, duration=0.10693299991544336>
500.4640 	DATA 	Keypress: space
500.4644 	EXP 	Device response: <KeyPress from None: t=500.41960609995294, value=space, duration=None>
500.5722 	EXP 	Device response: <KeyPress from None: t=500.41960609995294, value=space, duration=0.0889856000430882>
500.9832 	DATA 	Keypress: space
500.9844 	EXP 	Device response: <KeyPress from None: t=500.8984119000379, value=space, duration=None>
500.9845 	EXP 	Device response: <KeyPress from None: t=500.8984119000379, value=space, duration=0.07082019990775734>
502.9879 	DATA 	Mouse: Left button down, pos=(1642,532)
503.0963 	EXP 	img: autoDraw = False
503.0963 	EXP 	Instructions: autoDraw = False
503.0963 	EXP 	RBGInfo: autoDraw = False
503.0963 	EXP 	R: autoDraw = False
503.0963 	EXP 	G: autoDraw = False
503.0963 	EXP 	B: autoDraw = False
503.0963 	EXP 	counter_Text: autoDraw = False
503.0963 	EXP 	total_count: autoDraw = False
503.0963 	EXP 	text_8: autoDraw = True
503.2194 	DATA 	Mouse:  Left button up, pos=(1642,532)
503.4797 	EXP 	text_8: autoDraw = False
503.4797 	EXP 	slider: markerPos = None
503.4797 	EXP 	slider: markerPos = 1
503.4797 	EXP 	slider: autoDraw = True
503.4797 	EXP 	text_9: autoDraw = True
503.4797 	EXP 	text_answer: autoDraw = True
504.2566 	DATA 	Mouse: Left button down, pos=(1406,596)
504.2955 	EXP 	slider: markerPos = np.float64(4.984)
504.3148 	EXP 	slider: markerPos = np.float64(4.984)
504.3309 	EXP 	slider: markerPos = np.float64(4.984)
504.3481 	EXP 	slider: markerPos = np.float64(4.984)
504.3644 	EXP 	slider: markerPos = np.float64(4.984)
504.3816 	EXP 	slider: markerPos = np.float64(4.984)
504.4126 	EXP 	slider: markerPos = np.float64(4.984)
504.4314 	EXP 	slider: markerPos = np.float64(4.984)
504.4476 	EXP 	slider: markerPos = np.float64(4.984)
504.4655 	EXP 	slider: markerPos = np.float64(4.984)
504.4667 	DATA 	Mouse:  Left button up, pos=(1406,596)
504.4958 	EXP 	slider: markerPos = 5.0
505.6908 	DATA 	Mouse: Left button down, pos=(1031,271)
505.7313 	EXP 	slider: autoDraw = False
505.7313 	EXP 	text_9: autoDraw = False
505.7313 	EXP 	text_answer: autoDraw = False
505.7313 	EXP 	text_8: autoDraw = True
505.9332 	DATA 	Mouse:  Left button up, pos=(1031,271)
506.1120 	INFO 	Keyboard events cleared
506.1119 	EXP 	text_8: autoDraw = False
506.1119 	EXP 	corrColor_2: height = np.float64(56.0)
506.1119 	EXP 	corrColor_2: height = np.float64(56.0)
506.1119 	EXP 	corrColor_2: height = np.float64(56.0)
506.1119 	EXP 	corrColor_2: text = 'Purple'
506.1119 	EXP 	R_2: height = np.float64(42.0)
506.1119 	EXP 	R_2: height = np.float64(42.0)
506.1119 	EXP 	R_2: height = np.float64(42.0)
506.1119 	EXP 	R_2: text = 52
506.1119 	EXP 	G_2: height = np.float64(42.0)
506.1119 	EXP 	G_2: height = np.float64(42.0)
506.1119 	EXP 	G_2: height = np.float64(42.0)
506.1119 	EXP 	G_2: text = 0
506.1119 	EXP 	B_2: height = np.float64(42.0)
506.1119 	EXP 	B_2: height = np.float64(42.0)
506.1119 	EXP 	B_2: height = np.float64(42.0)
506.1119 	EXP 	B_2: text = 99
506.1119 	EXP 	correctAnswer: autoDraw = True
506.1119 	EXP 	RBGInfo_2: autoDraw = True
506.1119 	EXP 	R_2: autoDraw = True
506.1119 	EXP 	G_2: autoDraw = True
506.1119 	EXP 	B_2: autoDraw = True
506.6005 	DATA 	Mouse: Left button down, pos=(1031,271)
506.6314 	EXP 	correctAnswer: autoDraw = False
506.6314 	EXP 	wrongAnswer: autoDraw = False
506.6314 	EXP 	corrColor_2: autoDraw = False
506.6314 	EXP 	RBGInfo_2: autoDraw = False
506.6314 	EXP 	R_2: autoDraw = False
506.6314 	EXP 	G_2: autoDraw = False
506.6314 	EXP 	B_2: autoDraw = False
506.6314 	EXP 	text_11: autoDraw = True
506.8327 	DATA 	Mouse:  Left button up, pos=(1031,271)
506.9656 	EXP 	New trial (rep=0, index=27): <Trial 27 (27 in rep 0) data={'folder': '03-1', 'image': '024_Grey.jpg', 'logical': True, 'corrColor': 'Grey', 'corrR': 42, 'corrG': 49, 'corrB': 52, 'image_path': '03-1/024_Grey_0.png', 'thisN': 27, 'thisTrialN': 27, 'thisRepN': 0}>
507.0647 	EXP 	text_11: autoDraw = False
507.0647 	EXP 	text_11: autoDraw = False
507.0647 	EXP 	img: foreColor = <psychopy.colors.Color: white, alpha=1.0>
507.0647 	EXP 	img: ori = np.float64(0.0)
507.0647 	EXP 	Instructions: text = 'Click the spacebar to shuffle through the filters to recognize the color.\nPress the button of the color you think it corresponds to.'
507.0647 	EXP 	counter_Text: height = np.float64(72.0)
507.0647 	EXP 	counter_Text: height = np.float64(72.0)
507.0647 	EXP 	counter_Text: height = np.float64(72.0)
507.0647 	EXP 	counter_Text: text = 28
507.0647 	EXP 	img: autoDraw = True
507.0647 	EXP 	Instructions: autoDraw = True
507.0647 	EXP 	RBGInfo: autoDraw = True
507.0647 	EXP 	G: autoDraw = True
507.0647 	EXP 	B: autoDraw = True
507.0647 	EXP 	counter_Text: autoDraw = True
507.0647 	EXP 	total_count: autoDraw = True
507.3296 	EXP 	R: autoDraw = True
508.3160 	DATA 	Keypress: space
508.3165 	EXP 	Device response: <KeyPress from None: t=508.3072521999711, value=space, duration=None>
508.5005 	EXP 	Device response: <KeyPress from None: t=508.3072521999711, value=space, duration=0.1162062999792397>
508.7660 	DATA 	Keypress: space
508.7665 	EXP 	Device response: <KeyPress from None: t=508.7622434999794, value=space, duration=None>
508.8467 	EXP 	Device response: <KeyPress from None: t=508.7622434999794, value=space, duration=0.07982139999512583>
511.5510 	DATA 	Mouse: Left button down, pos=(1613,940)
511.6468 	EXP 	img: autoDraw = False
511.6468 	EXP 	Instructions: autoDraw = False
511.6468 	EXP 	RBGInfo: autoDraw = False
511.6468 	EXP 	R: autoDraw = False
511.6468 	EXP 	G: autoDraw = False
511.6468 	EXP 	B: autoDraw = False
511.6468 	EXP 	counter_Text: autoDraw = False
511.6468 	EXP 	total_count: autoDraw = False
511.6468 	EXP 	text_8: autoDraw = True
511.7828 	DATA 	Mouse:  Left button up, pos=(1613,940)
512.0117 	EXP 	text_8: autoDraw = False
512.0117 	EXP 	text_8: autoDraw = False
512.0117 	EXP 	slider: markerPos = None
512.0117 	EXP 	slider: markerPos = 1
512.0117 	EXP 	slider: autoDraw = True
512.0117 	EXP 	text_9: autoDraw = True
512.0117 	EXP 	text_answer: autoDraw = True
513.0075 	DATA 	Mouse: Left button down, pos=(1399,631)
513.0479 	EXP 	slider: markerPos = np.float64(4.9559999999999995)
513.0641 	EXP 	slider: markerPos = np.float64(4.9559999999999995)
513.0814 	EXP 	slider: markerPos = np.float64(4.9559999999999995)
513.1120 	EXP 	slider: markerPos = np.float64(4.9559999999999995)
513.1315 	EXP 	slider: markerPos = np.float64(4.9559999999999995)
513.1476 	EXP 	slider: markerPos = np.float64(4.9559999999999995)
513.1648 	EXP 	slider: markerPos = np.float64(4.9559999999999995)
513.1954 	EXP 	slider: markerPos = np.float64(4.9559999999999995)
513.2147 	EXP 	slider: markerPos = np.float64(4.9559999999999995)
513.2450 	EXP 	slider: markerPos = np.float64(4.9559999999999995)
513.2459 	DATA 	Mouse:  Left button up, pos=(1399,631)
513.2653 	EXP 	slider: markerPos = 5.0
514.9798 	DATA 	Mouse: Left button down, pos=(1049,224)
514.9984 	EXP 	slider: autoDraw = False
514.9984 	EXP 	text_9: autoDraw = False
514.9984 	EXP 	text_answer: autoDraw = False
514.9984 	EXP 	text_8: autoDraw = True
515.1987 	DATA 	Mouse:  Left button up, pos=(1049,224)
515.3617 	INFO 	Keyboard events cleared
515.3616 	EXP 	text_8: autoDraw = False
515.3616 	EXP 	corrColor_2: height = np.float64(56.0)
515.3616 	EXP 	corrColor_2: height = np.float64(56.0)
515.3616 	EXP 	corrColor_2: height = np.float64(56.0)
515.3616 	EXP 	corrColor_2: text = 'Grey'
515.3616 	EXP 	R_2: height = np.float64(42.0)
515.3616 	EXP 	R_2: height = np.float64(42.0)
515.3616 	EXP 	R_2: height = np.float64(42.0)
515.3616 	EXP 	R_2: text = 42
515.3616 	EXP 	G_2: height = np.float64(42.0)
515.3616 	EXP 	G_2: height = np.float64(42.0)
515.3616 	EXP 	G_2: height = np.float64(42.0)
515.3616 	EXP 	G_2: text = 49
515.3616 	EXP 	B_2: height = np.float64(42.0)
515.3616 	EXP 	B_2: height = np.float64(42.0)
515.3616 	EXP 	B_2: height = np.float64(42.0)
515.3616 	EXP 	B_2: text = 52
515.3616 	EXP 	correctAnswer: autoDraw = True
515.3616 	EXP 	RBGInfo_2: autoDraw = True
515.3616 	EXP 	R_2: autoDraw = True
515.3616 	EXP 	G_2: autoDraw = True
515.3616 	EXP 	B_2: autoDraw = True
516.2333 	DATA 	Mouse: Left button down, pos=(1049,224)
516.2481 	EXP 	correctAnswer: autoDraw = False
516.2481 	EXP 	wrongAnswer: autoDraw = False
516.2481 	EXP 	corrColor_2: autoDraw = False
516.2481 	EXP 	RBGInfo_2: autoDraw = False
516.2481 	EXP 	R_2: autoDraw = False
516.2481 	EXP 	G_2: autoDraw = False
516.2481 	EXP 	B_2: autoDraw = False
516.2481 	EXP 	text_11: autoDraw = True
516.4491 	DATA 	Mouse:  Left button up, pos=(1049,224)
516.5816 	EXP 	New trial (rep=0, index=28): <Trial 28 (28 in rep 0) data={'folder': '03-1', 'image': '016_Brown.jpg', 'logical': True, 'corrColor': 'Brown', 'corrR': 52, 'corrG': 18, 'corrB': 0, 'image_path': '03-1/016_Brown_0.png', 'thisN': 28, 'thisTrialN': 28, 'thisRepN': 0}>
516.6804 	EXP 	text_11: autoDraw = False
516.6804 	EXP 	text_11: autoDraw = False
516.6804 	EXP 	img: foreColor = <psychopy.colors.Color: white, alpha=1.0>
516.6804 	EXP 	img: ori = np.float64(0.0)
516.6804 	EXP 	Instructions: text = 'Click the spacebar to shuffle through the filters to recognize the color.\nPress the button of the color you think it corresponds to.'
516.6804 	EXP 	counter_Text: height = np.float64(72.0)
516.6804 	EXP 	counter_Text: height = np.float64(72.0)
516.6804 	EXP 	counter_Text: height = np.float64(72.0)
516.6804 	EXP 	counter_Text: text = 29
516.6804 	EXP 	img: autoDraw = True
516.6804 	EXP 	Instructions: autoDraw = True
516.6804 	EXP 	RBGInfo: autoDraw = True
516.6804 	EXP 	G: autoDraw = True
516.6804 	EXP 	B: autoDraw = True
516.6804 	EXP 	counter_Text: autoDraw = True
516.6804 	EXP 	total_count: autoDraw = True
516.8470 	EXP 	R: autoDraw = True
518.2876 	DATA 	Keypress: space
518.2881 	EXP 	Device response: <KeyPress from None: t=518.2270495999837, value=space, duration=None>
518.3936 	EXP 	Device response: <KeyPress from None: t=518.2270495999837, value=space, duration=0.1251142000546679>
519.0963 	DATA 	Keypress: space
519.0969 	EXP 	Device response: <KeyPress from None: t=519.0260050999932, value=space, duration=None>
519.1916 	EXP 	Device response: <KeyPress from None: t=519.0260050999932, value=space, duration=0.13442600006237626>
520.9755 	DATA 	Keypress: b
520.9760 	EXP 	Device response: <KeyPress from None: t=520.9617304999847, value=b, duration=None>
521.0778 	EXP 	Device response: <KeyPress from None: t=520.9617304999847, value=b, duration=0.05236109998077154>
521.4761 	DATA 	Keypress: space
521.4774 	EXP 	Device response: <KeyPress from None: t=521.410652599996, value=space, duration=None>
521.5882 	EXP 	Device response: <KeyPress from None: t=521.410652599996, value=space, duration=0.14340509998146445>
522.0052 	DATA 	Keypress: space
522.0936 	EXP 	Device response: <KeyPress from None: t=522.0048862999538, value=space, duration=None>
522.1965 	EXP 	Device response: <KeyPress from None: t=522.0048862999538, value=space, duration=0.10688420000951737>
522.7912 	DATA 	Keypress: space
522.7917 	EXP 	Device response: <KeyPress from None: t=522.7674708999693, value=space, duration=None>
522.8945 	EXP 	Device response: <KeyPress from None: t=522.7674708999693, value=space, duration=0.098163100075908>
527.5245 	DATA 	Mouse: Left button down, pos=(1627,1144)
527.7375 	DATA 	Mouse:  Left button up, pos=(1627,1144)
529.7601 	DATA 	Mouse: Left button down, pos=(1618,1123)
529.7797 	EXP 	img: autoDraw = False
529.7797 	EXP 	Instructions: autoDraw = False
529.7797 	EXP 	RBGInfo: autoDraw = False
529.7797 	EXP 	R: autoDraw = False
529.7797 	EXP 	G: autoDraw = False
529.7797 	EXP 	B: autoDraw = False
529.7797 	EXP 	counter_Text: autoDraw = False
529.7797 	EXP 	total_count: autoDraw = False
529.7797 	EXP 	text_8: autoDraw = True
529.9309 	DATA 	Mouse:  Left button up, pos=(1618,1123)
530.1443 	EXP 	text_8: autoDraw = False
530.1443 	EXP 	slider: markerPos = None
530.1443 	EXP 	slider: markerPos = 1
530.1443 	EXP 	slider: autoDraw = True
530.1443 	EXP 	text_9: autoDraw = True
530.1443 	EXP 	text_answer: autoDraw = True
531.0555 	DATA 	Mouse: Left button down, pos=(1383,637)
531.0942 	EXP 	slider: markerPos = np.float64(4.8919999999999995)
531.1140 	EXP 	slider: markerPos = np.float64(4.8919999999999995)
531.1299 	EXP 	slider: markerPos = np.float64(4.8919999999999995)
531.1471 	EXP 	slider: markerPos = np.float64(4.8919999999999995)
531.1633 	EXP 	slider: markerPos = np.float64(4.8919999999999995)
531.1804 	EXP 	slider: markerPos = np.float64(4.8919999999999995)
531.1966 	EXP 	slider: markerPos = np.float64(4.8919999999999995)
531.2278 	EXP 	slider: markerPos = np.float64(4.8919999999999995)
531.2486 	EXP 	slider: markerPos = np.float64(4.8919999999999995)
531.2775 	EXP 	slider: markerPos = np.float64(4.8919999999999995)
531.2789 	DATA 	Mouse:  Left button up, pos=(1383,637)
531.2973 	EXP 	slider: markerPos = 5.0
532.1645 	DATA 	Mouse: Left button down, pos=(1012,216)
532.1804 	EXP 	slider: autoDraw = False
532.1804 	EXP 	text_9: autoDraw = False
532.1804 	EXP 	text_answer: autoDraw = False
532.1804 	EXP 	text_8: autoDraw = True
532.3821 	DATA 	Mouse:  Left button up, pos=(1012,216)
532.5443 	INFO 	Keyboard events cleared
532.5442 	EXP 	text_8: autoDraw = False
532.5442 	EXP 	text_8: autoDraw = False
532.5442 	EXP 	corrColor_2: height = np.float64(56.0)
532.5442 	EXP 	corrColor_2: height = np.float64(56.0)
532.5442 	EXP 	corrColor_2: height = np.float64(56.0)
532.5442 	EXP 	corrColor_2: text = 'Brown'
532.5442 	EXP 	R_2: height = np.float64(42.0)
532.5442 	EXP 	R_2: height = np.float64(42.0)
532.5442 	EXP 	R_2: height = np.float64(42.0)
532.5442 	EXP 	R_2: text = 52
532.5442 	EXP 	G_2: height = np.float64(42.0)
532.5442 	EXP 	G_2: height = np.float64(42.0)
532.5442 	EXP 	G_2: height = np.float64(42.0)
532.5442 	EXP 	G_2: text = 18
532.5442 	EXP 	B_2: height = np.float64(42.0)
532.5442 	EXP 	B_2: height = np.float64(42.0)
532.5442 	EXP 	B_2: height = np.float64(42.0)
532.5442 	EXP 	B_2: text = 0
532.5442 	EXP 	correctAnswer: autoDraw = True
532.5442 	EXP 	RBGInfo_2: autoDraw = True
532.5442 	EXP 	R_2: autoDraw = True
532.5442 	EXP 	G_2: autoDraw = True
532.5442 	EXP 	B_2: autoDraw = True
533.5150 	DATA 	Mouse: Left button down, pos=(1035,249)
533.5305 	EXP 	correctAnswer: autoDraw = False
533.5305 	EXP 	wrongAnswer: autoDraw = False
533.5305 	EXP 	corrColor_2: autoDraw = False
533.5305 	EXP 	RBGInfo_2: autoDraw = False
533.5305 	EXP 	R_2: autoDraw = False
533.5305 	EXP 	G_2: autoDraw = False
533.5305 	EXP 	B_2: autoDraw = False
533.5305 	EXP 	text_11: autoDraw = True
533.7493 	DATA 	Mouse:  Left button up, pos=(1035,249)
533.8652 	EXP 	New trial (rep=0, index=29): <Trial 29 (29 in rep 0) data={'folder': '02-1', 'image': '006_Pink.jpg', 'logical': True, 'corrColor': 'Pink', 'corrR': 100, 'corrG': 0, 'corrB': 50, 'image_path': '02-1/006_Pink_0.png', 'thisN': 29, 'thisTrialN': 29, 'thisRepN': 0}>
533.9798 	EXP 	text_11: autoDraw = False
533.9798 	EXP 	text_11: autoDraw = False
533.9798 	EXP 	img: foreColor = <psychopy.colors.Color: white, alpha=1.0>
533.9798 	EXP 	img: ori = np.float64(0.0)
533.9798 	EXP 	Instructions: text = 'Click the spacebar to shuffle through the filters to recognize the color.\nPress the button of the color you think it corresponds to.'
533.9798 	EXP 	counter_Text: height = np.float64(72.0)
533.9798 	EXP 	counter_Text: height = np.float64(72.0)
533.9798 	EXP 	counter_Text: height = np.float64(72.0)
533.9798 	EXP 	counter_Text: text = 30
533.9798 	EXP 	img: autoDraw = True
533.9798 	EXP 	Instructions: autoDraw = True
533.9798 	EXP 	RBGInfo: autoDraw = True
533.9798 	EXP 	G: autoDraw = True
533.9798 	EXP 	B: autoDraw = True
533.9798 	EXP 	counter_Text: autoDraw = True
533.9798 	EXP 	total_count: autoDraw = True
534.1684 	EXP 	R: autoDraw = True
535.1586 	DATA 	Keypress: space
535.1591 	EXP 	Device response: <KeyPress from None: t=535.1126633000094, value=space, duration=None>
535.3540 	EXP 	Device response: <KeyPress from None: t=535.1126633000094, value=space, duration=0.1521460999501869>
535.7558 	DATA 	Keypress: space
535.7565 	EXP 	Device response: <KeyPress from None: t=535.6916959000519, value=space, duration=None>
535.8622 	EXP 	Device response: <KeyPress from None: t=535.6916959000519, value=space, duration=0.12514289992395788>
538.9278 	DATA 	Mouse: Left button down, pos=(1610,813)
538.9451 	EXP 	img: autoDraw = False
538.9451 	EXP 	Instructions: autoDraw = False
538.9451 	EXP 	RBGInfo: autoDraw = False
538.9451 	EXP 	R: autoDraw = False
538.9451 	EXP 	G: autoDraw = False
538.9451 	EXP 	B: autoDraw = False
538.9451 	EXP 	counter_Text: autoDraw = False
538.9451 	EXP 	total_count: autoDraw = False
538.9451 	EXP 	text_8: autoDraw = True
539.0799 	DATA 	Mouse:  Left button up, pos=(1610,813)
539.3105 	EXP 	text_8: autoDraw = False
539.3105 	EXP 	text_8: autoDraw = False
539.3105 	EXP 	slider: markerPos = None
539.3105 	EXP 	slider: markerPos = 1
539.3105 	EXP 	slider: autoDraw = True
539.3105 	EXP 	text_9: autoDraw = True
539.3105 	EXP 	text_answer: autoDraw = True
539.9889 	DATA 	Mouse: Left button down, pos=(1360,628)
540.0276 	EXP 	slider: markerPos = np.float64(4.8)
540.0467 	EXP 	slider: markerPos = np.float64(4.8)
540.0629 	EXP 	slider: markerPos = np.float64(4.8)
540.0803 	EXP 	slider: markerPos = np.float64(4.8)
540.1107 	EXP 	slider: markerPos = np.float64(4.8)
540.1301 	EXP 	slider: markerPos = np.float64(4.8)
540.1463 	EXP 	slider: markerPos = np.float64(4.8)
540.1635 	EXP 	slider: markerPos = np.float64(4.8)
540.1796 	EXP 	slider: markerPos = np.float64(4.8)
540.1969 	EXP 	slider: markerPos = np.float64(4.8)
540.2074 	DATA 	Mouse:  Left button up, pos=(1360,628)
540.2277 	EXP 	slider: markerPos = np.float64(4.8)
540.2476 	EXP 	slider: markerPos = 5.0
541.3889 	DATA 	Mouse: Left button down, pos=(970,280)
541.4298 	EXP 	slider: autoDraw = False
541.4298 	EXP 	text_9: autoDraw = False
541.4298 	EXP 	text_answer: autoDraw = False
541.4298 	EXP 	text_8: autoDraw = True
541.6136 	DATA 	Mouse:  Left button up, pos=(970,280)
541.7945 	INFO 	Keyboard events cleared
541.7944 	EXP 	text_8: autoDraw = False
541.7944 	EXP 	corrColor_2: height = np.float64(56.0)
541.7944 	EXP 	corrColor_2: height = np.float64(56.0)
541.7944 	EXP 	corrColor_2: height = np.float64(56.0)
541.7944 	EXP 	corrColor_2: text = 'Pink'
541.7944 	EXP 	R_2: height = np.float64(42.0)
541.7944 	EXP 	R_2: height = np.float64(42.0)
541.7944 	EXP 	R_2: height = np.float64(42.0)
541.7944 	EXP 	R_2: text = 100
541.7944 	EXP 	G_2: height = np.float64(42.0)
541.7944 	EXP 	G_2: height = np.float64(42.0)
541.7944 	EXP 	G_2: height = np.float64(42.0)
541.7944 	EXP 	G_2: text = 0
541.7944 	EXP 	B_2: height = np.float64(42.0)
541.7944 	EXP 	B_2: height = np.float64(42.0)
541.7944 	EXP 	B_2: height = np.float64(42.0)
541.7944 	EXP 	B_2: text = 50
541.7944 	EXP 	correctAnswer: autoDraw = True
541.7944 	EXP 	RBGInfo_2: autoDraw = True
541.7944 	EXP 	R_2: autoDraw = True
541.7944 	EXP 	G_2: autoDraw = True
541.7944 	EXP 	B_2: autoDraw = True
542.2979 	DATA 	Mouse: Left button down, pos=(970,280)
542.3133 	EXP 	correctAnswer: autoDraw = False
542.3133 	EXP 	wrongAnswer: autoDraw = False
542.3133 	EXP 	corrColor_2: autoDraw = False
542.3133 	EXP 	RBGInfo_2: autoDraw = False
542.3133 	EXP 	R_2: autoDraw = False
542.3133 	EXP 	G_2: autoDraw = False
542.3133 	EXP 	B_2: autoDraw = False
542.3133 	EXP 	text_11: autoDraw = True
542.5145 	DATA 	Mouse:  Left button up, pos=(970,280)
542.6474 	EXP 	New trial (rep=0, index=30): <Trial 30 (30 in rep 0) data={'folder': '01-1', 'image': '007_Cyan.jpg', 'logical': True, 'corrColor': 'Cyan', 'corrR': 1, 'corrG': 89, 'corrB': 99, 'image_path': '01-1/007_Cyan_0.png', 'thisN': 30, 'thisTrialN': 30, 'thisRepN': 0}>
542.7469 	EXP 	text_11: autoDraw = False
542.7469 	EXP 	text_11: autoDraw = False
542.7469 	EXP 	img: foreColor = <psychopy.colors.Color: white, alpha=1.0>
542.7469 	EXP 	img: ori = np.float64(0.0)
542.7469 	EXP 	Instructions: text = 'Click the spacebar to shuffle through the filters to recognize the color.\nPress the button of the color you think it corresponds to.'
542.7469 	EXP 	counter_Text: height = np.float64(72.0)
542.7469 	EXP 	counter_Text: height = np.float64(72.0)
542.7469 	EXP 	counter_Text: height = np.float64(72.0)
542.7469 	EXP 	counter_Text: text = 31
542.7469 	EXP 	img: autoDraw = True
542.7469 	EXP 	Instructions: autoDraw = True
542.7469 	EXP 	RBGInfo: autoDraw = True
542.7469 	EXP 	G: autoDraw = True
542.7469 	EXP 	B: autoDraw = True
542.7469 	EXP 	counter_Text: autoDraw = True
542.7469 	EXP 	total_count: autoDraw = True
542.9797 	EXP 	R: autoDraw = True
543.2950 	DATA 	Keypress: space
543.3618 	EXP 	Device response: <KeyPress from None: t=543.2941430000355, value=space, duration=None>
543.4542 	EXP 	Device response: <KeyPress from None: t=543.2941430000355, value=space, duration=0.09787329996470362>
543.7825 	DATA 	Keypress: space
543.7840 	EXP 	Device response: <KeyPress from None: t=543.7511458999943, value=space, duration=None>
543.8775 	EXP 	Device response: <KeyPress from None: t=543.7511458999943, value=space, duration=0.07026099995709956>
544.6877 	DATA 	Keypress: space
544.6885 	EXP 	Device response: <KeyPress from None: t=544.6431935, value=space, duration=None>
544.7999 	EXP 	Device response: <KeyPress from None: t=544.6431935, value=space, duration=0.11517220002133399>
544.8872 	DATA 	Keypress: space
544.9699 	EXP 	Device response: <KeyPress from None: t=544.8856863999972, value=space, duration=None>
545.0642 	EXP 	Device response: <KeyPress from None: t=544.8856863999972, value=space, duration=0.10688330000266433>
545.2543 	DATA 	Keypress: space
545.2549 	EXP 	Device response: <KeyPress from None: t=545.2314343999606, value=space, duration=None>
545.3514 	EXP 	Device response: <KeyPress from None: t=545.2314343999606, value=space, duration=0.07978070003446192>
546.0567 	DATA 	Keypress: space
546.1330 	EXP 	Device response: <KeyPress from None: t=546.0553777000168, value=space, duration=None>
546.2202 	EXP 	Device response: <KeyPress from None: t=546.0553777000168, value=space, duration=0.08876740001142025>
552.3349 	DATA 	Mouse: Left button down, pos=(1626,464)
552.4294 	EXP 	img: autoDraw = False
552.4294 	EXP 	Instructions: autoDraw = False
552.4294 	EXP 	RBGInfo: autoDraw = False
552.4294 	EXP 	R: autoDraw = False
552.4294 	EXP 	G: autoDraw = False
552.4294 	EXP 	B: autoDraw = False
552.4294 	EXP 	counter_Text: autoDraw = False
552.4294 	EXP 	total_count: autoDraw = False
552.4294 	EXP 	text_8: autoDraw = True
552.5655 	DATA 	Mouse:  Left button up, pos=(1626,464)
552.7946 	EXP 	text_8: autoDraw = False
552.7946 	EXP 	text_8: autoDraw = False
552.7946 	EXP 	slider: markerPos = None
552.7946 	EXP 	slider: markerPos = 1
552.7946 	EXP 	slider: autoDraw = True
552.7946 	EXP 	text_9: autoDraw = True
552.7946 	EXP 	text_answer: autoDraw = True
553.6844 	DATA 	Mouse: Left button down, pos=(1406,581)
553.7110 	EXP 	slider: markerPos = np.float64(4.984)
553.7440 	EXP 	slider: markerPos = np.float64(4.984)
553.7655 	EXP 	slider: markerPos = np.float64(4.984)
553.7945 	EXP 	slider: markerPos = np.float64(4.984)
553.8164 	EXP 	slider: markerPos = np.float64(4.984)
553.8444 	EXP 	slider: markerPos = np.float64(4.984)
553.8776 	EXP 	slider: markerPos = np.float64(4.984)
553.8977 	EXP 	slider: markerPos = np.float64(4.984)
553.9122 	DATA 	Mouse:  Left button up, pos=(1406,581)
553.9279 	EXP 	slider: markerPos = np.float64(4.984)
553.9481 	EXP 	slider: markerPos = 5.0
555.1241 	DATA 	Mouse: Left button down, pos=(993,261)
555.1649 	EXP 	slider: autoDraw = False
555.1649 	EXP 	text_9: autoDraw = False
555.1649 	EXP 	text_answer: autoDraw = False
555.1649 	EXP 	text_8: autoDraw = True
555.3479 	DATA 	Mouse:  Left button up, pos=(993,261)
555.5279 	INFO 	Keyboard events cleared
555.5278 	EXP 	text_8: autoDraw = False
555.5278 	EXP 	corrColor_2: height = np.float64(56.0)
555.5278 	EXP 	corrColor_2: height = np.float64(56.0)
555.5278 	EXP 	corrColor_2: height = np.float64(56.0)
555.5278 	EXP 	corrColor_2: text = 'Cyan'
555.5278 	EXP 	R_2: height = np.float64(42.0)
555.5278 	EXP 	R_2: height = np.float64(42.0)
555.5278 	EXP 	R_2: height = np.float64(42.0)
555.5278 	EXP 	R_2: text = 1
555.5278 	EXP 	G_2: height = np.float64(42.0)
555.5278 	EXP 	G_2: height = np.float64(42.0)
555.5278 	EXP 	G_2: height = np.float64(42.0)
555.5278 	EXP 	G_2: text = 89
555.5278 	EXP 	B_2: height = np.float64(42.0)
555.5278 	EXP 	B_2: height = np.float64(42.0)
555.5278 	EXP 	B_2: height = np.float64(42.0)
555.5278 	EXP 	B_2: text = 99
555.5278 	EXP 	correctAnswer: autoDraw = True
555.5278 	EXP 	RBGInfo_2: autoDraw = True
555.5278 	EXP 	R_2: autoDraw = True
555.5278 	EXP 	G_2: autoDraw = True
555.5278 	EXP 	B_2: autoDraw = True
556.2660 	DATA 	Mouse: Left button down, pos=(993,261)
556.2807 	EXP 	correctAnswer: autoDraw = False
556.2807 	EXP 	wrongAnswer: autoDraw = False
556.2807 	EXP 	corrColor_2: autoDraw = False
556.2807 	EXP 	RBGInfo_2: autoDraw = False
556.2807 	EXP 	R_2: autoDraw = False
556.2807 	EXP 	G_2: autoDraw = False
556.2807 	EXP 	B_2: autoDraw = False
556.2807 	EXP 	text_11: autoDraw = True
556.4971 	DATA 	Mouse:  Left button up, pos=(993,261)
556.6148 	EXP 	New trial (rep=0, index=31): <Trial 31 (31 in rep 0) data={'folder': '01-t', 'image': '018_Yellow.jpg', 'logical': True, 'corrColor': 'Yellow', 'corrR': 100, 'corrG': 88, 'corrB': 0, 'image_path': '01-t/018_Yellow_0.png', 'thisN': 31, 'thisTrialN': 31, 'thisRepN': 0}>
556.7298 	EXP 	text_11: autoDraw = False
556.7298 	EXP 	text_11: autoDraw = False
556.7298 	EXP 	img: foreColor = <psychopy.colors.Color: white, alpha=1.0>
556.7298 	EXP 	img: ori = np.float64(0.0)
556.7298 	EXP 	Instructions: text = 'Click the spacebar to shuffle through the filters to recognize the color.\nPress the button of the color you think it corresponds to.'
556.7298 	EXP 	counter_Text: height = np.float64(72.0)
556.7298 	EXP 	counter_Text: height = np.float64(72.0)
556.7298 	EXP 	counter_Text: height = np.float64(72.0)
556.7298 	EXP 	counter_Text: text = 32
556.7298 	EXP 	img: autoDraw = True
556.7298 	EXP 	Instructions: autoDraw = True
556.7298 	EXP 	RBGInfo: autoDraw = True
556.7298 	EXP 	G: autoDraw = True
556.7298 	EXP 	B: autoDraw = True
556.7298 	EXP 	counter_Text: autoDraw = True
556.7298 	EXP 	total_count: autoDraw = True
556.9121 	EXP 	R: autoDraw = True
558.0203 	DATA 	Keypress: space
558.0820 	EXP 	Device response: <KeyPress from None: t=558.0191115000052, value=space, duration=None>
558.1791 	EXP 	Device response: <KeyPress from None: t=558.0191115000052, value=space, duration=0.12544209999032319>
559.5973 	DATA 	Keypress: space
559.5981 	EXP 	Device response: <KeyPress from None: t=559.591490700026, value=space, duration=None>
559.6945 	EXP 	Device response: <KeyPress from None: t=559.591490700026, value=space, duration=0.09773779998067766>
562.9241 	DATA 	Keypress: space
562.9246 	EXP 	Device response: <KeyPress from None: t=562.9184225000208, value=space, duration=None>
563.1170 	EXP 	Device response: <KeyPress from None: t=562.9184225000208, value=space, duration=0.14307109999936074>
563.3666 	DATA 	Keypress: space
563.3675 	EXP 	Device response: <KeyPress from None: t=563.3436717999866, value=space, duration=None>
563.4522 	EXP 	Device response: <KeyPress from None: t=563.3436717999866, value=space, duration=0.09796789998654276>
563.6498 	DATA 	Keypress: space
563.6505 	EXP 	Device response: <KeyPress from None: t=563.5884426999837, value=space, duration=None>
563.7368 	EXP 	Device response: <KeyPress from None: t=563.5884426999837, value=space, duration=0.1164361999835819>
577.0051 	DATA 	Mouse: Left button down, pos=(1605,590)
577.0945 	EXP 	img: autoDraw = False
577.0945 	EXP 	Instructions: autoDraw = False
577.0945 	EXP 	RBGInfo: autoDraw = False
577.0945 	EXP 	R: autoDraw = False
577.0945 	EXP 	G: autoDraw = False
577.0945 	EXP 	B: autoDraw = False
577.0945 	EXP 	counter_Text: autoDraw = False
577.0945 	EXP 	total_count: autoDraw = False
577.0945 	EXP 	text_8: autoDraw = True
577.2289 	DATA 	Mouse:  Left button up, pos=(1605,590)
577.4775 	EXP 	text_8: autoDraw = False
577.4775 	EXP 	text_8: autoDraw = False
577.4775 	EXP 	slider: markerPos = None
577.4775 	EXP 	slider: markerPos = 1
577.4775 	EXP 	slider: autoDraw = True
577.4775 	EXP 	text_9: autoDraw = True
577.4775 	EXP 	text_answer: autoDraw = True
578.5297 	DATA 	Mouse: Left button down, pos=(1172,620)
578.5593 	EXP 	slider: markerPos = np.float64(4.048)
578.5789 	EXP 	slider: markerPos = np.float64(4.048)
578.6094 	EXP 	slider: markerPos = np.float64(4.048)
578.6300 	EXP 	slider: markerPos = np.float64(4.048)
578.6592 	EXP 	slider: markerPos = np.float64(4.048)
578.6933 	EXP 	slider: markerPos = np.float64(4.048)
578.7134 	EXP 	slider: markerPos = np.float64(4.048)
578.7434 	EXP 	slider: markerPos = np.float64(4.048)
578.7571 	DATA 	Mouse:  Left button up, pos=(1172,620)
578.7770 	EXP 	slider: markerPos = np.float64(4.048)
578.8094 	EXP 	slider: markerPos = 4.0
579.4800 	DATA 	Mouse: Left button down, pos=(964,236)
579.5137 	EXP 	slider: autoDraw = False
579.5137 	EXP 	text_9: autoDraw = False
579.5137 	EXP 	text_answer: autoDraw = False
579.5137 	EXP 	text_8: autoDraw = True
579.7129 	DATA 	Mouse:  Left button up, pos=(964,236)
579.8926 	INFO 	Keyboard events cleared
579.8925 	EXP 	text_8: autoDraw = False
579.8925 	EXP 	corrColor_2: height = np.float64(56.0)
579.8925 	EXP 	corrColor_2: height = np.float64(56.0)
579.8925 	EXP 	corrColor_2: height = np.float64(56.0)
579.8925 	EXP 	corrColor_2: text = 'Yellow'
579.8925 	EXP 	R_2: height = np.float64(42.0)
579.8925 	EXP 	R_2: height = np.float64(42.0)
579.8925 	EXP 	R_2: height = np.float64(42.0)
579.8925 	EXP 	R_2: text = 100
579.8925 	EXP 	G_2: height = np.float64(42.0)
579.8925 	EXP 	G_2: height = np.float64(42.0)
579.8925 	EXP 	G_2: height = np.float64(42.0)
579.8925 	EXP 	G_2: text = 88
579.8925 	EXP 	B_2: height = np.float64(42.0)
579.8925 	EXP 	B_2: height = np.float64(42.0)
579.8925 	EXP 	B_2: height = np.float64(42.0)
579.8925 	EXP 	B_2: text = 0
579.8925 	EXP 	correctAnswer: autoDraw = True
579.8925 	EXP 	RBGInfo_2: autoDraw = True
579.8925 	EXP 	R_2: autoDraw = True
579.8925 	EXP 	G_2: autoDraw = True
579.8925 	EXP 	B_2: autoDraw = True
580.7154 	DATA 	Mouse: Left button down, pos=(964,236)
580.7273 	EXP 	correctAnswer: autoDraw = False
580.7273 	EXP 	wrongAnswer: autoDraw = False
580.7273 	EXP 	corrColor_2: autoDraw = False
580.7273 	EXP 	RBGInfo_2: autoDraw = False
580.7273 	EXP 	R_2: autoDraw = False
580.7273 	EXP 	G_2: autoDraw = False
580.7273 	EXP 	B_2: autoDraw = False
580.7273 	EXP 	text_11: autoDraw = True
580.9289 	DATA 	Mouse:  Left button up, pos=(964,236)
581.0650 	EXP 	New trial (rep=0, index=32): <Trial 32 (32 in rep 0) data={'folder': '03-1', 'image': '013_Seafoam.jpg', 'logical': True, 'corrColor': 'Seafoam', 'corrR': 9, 'corrG': 100, 'corrB': 59, 'image_path': '03-1/013_Seafoam_0.png', 'thisN': 32, 'thisTrialN': 32, 'thisRepN': 0}>
581.1611 	EXP 	text_11: autoDraw = False
581.1611 	EXP 	text_11: autoDraw = False
581.1611 	EXP 	img: foreColor = <psychopy.colors.Color: white, alpha=1.0>
581.1611 	EXP 	img: ori = np.float64(0.0)
581.1611 	EXP 	Instructions: text = 'Click the spacebar to shuffle through the filters to recognize the color.\nPress the button of the color you think it corresponds to.'
581.1611 	EXP 	counter_Text: height = np.float64(72.0)
581.1611 	EXP 	counter_Text: height = np.float64(72.0)
581.1611 	EXP 	counter_Text: height = np.float64(72.0)
581.1611 	EXP 	counter_Text: text = 33
581.1611 	EXP 	img: autoDraw = True
581.1611 	EXP 	Instructions: autoDraw = True
581.1611 	EXP 	RBGInfo: autoDraw = True
581.1611 	EXP 	G: autoDraw = True
581.1611 	EXP 	B: autoDraw = True
581.1611 	EXP 	counter_Text: autoDraw = True
581.1611 	EXP 	total_count: autoDraw = True
581.4101 	EXP 	R: autoDraw = True
582.7809 	DATA 	Keypress: space
582.7818 	EXP 	Device response: <KeyPress from None: t=582.7448258999502, value=space, duration=None>
582.9724 	EXP 	Device response: <KeyPress from None: t=582.7448258999502, value=space, duration=0.1437737001106143>
583.4324 	DATA 	Keypress: space
583.4329 	EXP 	Device response: <KeyPress from None: t=583.3926999999676, value=space, duration=None>
583.5114 	EXP 	Device response: <KeyPress from None: t=583.3926999999676, value=space, duration=0.10448790004011244>
590.1289 	DATA 	Mouse: Left button down, pos=(1618,881)
590.1438 	EXP 	img: autoDraw = False
590.1438 	EXP 	Instructions: autoDraw = False
590.1438 	EXP 	RBGInfo: autoDraw = False
590.1438 	EXP 	R: autoDraw = False
590.1438 	EXP 	G: autoDraw = False
590.1438 	EXP 	B: autoDraw = False
590.1438 	EXP 	counter_Text: autoDraw = False
590.1438 	EXP 	total_count: autoDraw = False
590.1438 	EXP 	text_8: autoDraw = True
590.3299 	DATA 	Mouse:  Left button up, pos=(1618,881)
590.5091 	EXP 	text_8: autoDraw = False
590.5091 	EXP 	text_8: autoDraw = False
590.5091 	EXP 	slider: markerPos = None
590.5091 	EXP 	slider: markerPos = 1
590.5091 	EXP 	slider: autoDraw = True
590.5091 	EXP 	text_9: autoDraw = True
590.5091 	EXP 	text_answer: autoDraw = True
592.1367 	DATA 	Mouse: Left button down, pos=(1400,626)
592.1753 	EXP 	slider: markerPos = np.float64(4.96)
592.1949 	EXP 	slider: markerPos = np.float64(4.96)
592.2253 	EXP 	slider: markerPos = np.float64(4.96)
592.2450 	EXP 	slider: markerPos = np.float64(4.96)
592.2611 	EXP 	slider: markerPos = np.float64(4.96)
592.2783 	EXP 	slider: markerPos = np.float64(4.96)
592.2945 	EXP 	slider: markerPos = np.float64(4.96)
592.3119 	EXP 	slider: markerPos = np.float64(4.96)
592.3278 	EXP 	slider: markerPos = np.float64(4.96)
592.3449 	EXP 	slider: markerPos = np.float64(4.96)
592.3755 	EXP 	slider: markerPos = np.float64(4.96)
592.3763 	DATA 	Mouse:  Left button up, pos=(1400,626)
592.3950 	EXP 	slider: markerPos = 5.0
593.2940 	DATA 	Mouse: Left button down, pos=(1064,222)
593.3130 	EXP 	slider: autoDraw = False
593.3130 	EXP 	text_9: autoDraw = False
593.3130 	EXP 	text_answer: autoDraw = False
593.3130 	EXP 	text_8: autoDraw = True
593.5155 	DATA 	Mouse:  Left button up, pos=(1064,222)
593.6921 	INFO 	Keyboard events cleared
593.6920 	EXP 	text_8: autoDraw = False
593.6920 	EXP 	corrColor_2: height = np.float64(56.0)
593.6920 	EXP 	corrColor_2: height = np.float64(56.0)
593.6920 	EXP 	corrColor_2: height = np.float64(56.0)
593.6920 	EXP 	corrColor_2: text = 'Seafoam'
593.6920 	EXP 	R_2: height = np.float64(42.0)
593.6920 	EXP 	R_2: height = np.float64(42.0)
593.6920 	EXP 	R_2: height = np.float64(42.0)
593.6920 	EXP 	R_2: text = 9
593.6920 	EXP 	G_2: height = np.float64(42.0)
593.6920 	EXP 	G_2: height = np.float64(42.0)
593.6920 	EXP 	G_2: height = np.float64(42.0)
593.6920 	EXP 	G_2: text = 100
593.6920 	EXP 	B_2: height = np.float64(42.0)
593.6920 	EXP 	B_2: height = np.float64(42.0)
593.6920 	EXP 	B_2: height = np.float64(42.0)
593.6920 	EXP 	B_2: text = 59
593.6920 	EXP 	correctAnswer: autoDraw = True
593.6920 	EXP 	RBGInfo_2: autoDraw = True
593.6920 	EXP 	R_2: autoDraw = True
593.6920 	EXP 	G_2: autoDraw = True
593.6920 	EXP 	B_2: autoDraw = True
594.1625 	DATA 	Mouse: Left button down, pos=(1064,222)
594.1781 	EXP 	correctAnswer: autoDraw = False
594.1781 	EXP 	wrongAnswer: autoDraw = False
594.1781 	EXP 	corrColor_2: autoDraw = False
594.1781 	EXP 	RBGInfo_2: autoDraw = False
594.1781 	EXP 	R_2: autoDraw = False
594.1781 	EXP 	G_2: autoDraw = False
594.1781 	EXP 	B_2: autoDraw = False
594.1781 	EXP 	text_11: autoDraw = True
594.3798 	DATA 	Mouse:  Left button up, pos=(1064,222)
594.5147 	EXP 	New trial (rep=0, index=33): <Trial 33 (33 in rep 0) data={'folder': '02-1', 'image': '012_Lime-green.jpg', 'logical': True, 'corrColor': 'Lime-green', 'corrR': 61, 'corrG': 94, 'corrB': 3, 'image_path': '02-1/012_Lime-green_0.png', 'thisN': 33, 'thisTrialN': 33, 'thisRepN': 0}>
594.6276 	EXP 	text_11: autoDraw = False
594.6276 	EXP 	text_11: autoDraw = False
594.6276 	EXP 	img: foreColor = <psychopy.colors.Color: white, alpha=1.0>
594.6276 	EXP 	img: ori = np.float64(0.0)
594.6276 	EXP 	Instructions: text = 'Click the spacebar to shuffle through the filters to recognize the color.\nPress the button of the color you think it corresponds to.'
594.6276 	EXP 	counter_Text: height = np.float64(72.0)
594.6276 	EXP 	counter_Text: height = np.float64(72.0)
594.6276 	EXP 	counter_Text: height = np.float64(72.0)
594.6276 	EXP 	counter_Text: text = 34
594.6276 	EXP 	img: autoDraw = True
594.6276 	EXP 	Instructions: autoDraw = True
594.6276 	EXP 	RBGInfo: autoDraw = True
594.6276 	EXP 	G: autoDraw = True
594.6276 	EXP 	B: autoDraw = True
594.6276 	EXP 	counter_Text: autoDraw = True
594.6276 	EXP 	total_count: autoDraw = True
594.8102 	EXP 	R: autoDraw = True
598.2635 	DATA 	Keypress: space
598.2641 	EXP 	Device response: <KeyPress from None: t=598.2423156000441, value=space, duration=None>
598.3728 	EXP 	Device response: <KeyPress from None: t=598.2423156000441, value=space, duration=0.10690919996704906>
599.7807 	DATA 	Keypress: space
599.7811 	EXP 	Device response: <KeyPress from None: t=599.7146702000173, value=space, duration=None>
599.8858 	EXP 	Device response: <KeyPress from None: t=599.7146702000173, value=space, duration=0.14301100000739098>
602.5268 	DATA 	Keypress: space
602.6088 	EXP 	Device response: <KeyPress from None: t=602.5254375999793, value=space, duration=None>
602.7156 	EXP 	Device response: <KeyPress from None: t=602.5254375999793, value=space, duration=0.12477140000555664>
602.8123 	DATA 	Keypress: space
602.8129 	EXP 	Device response: <KeyPress from None: t=602.786762899952, value=space, duration=None>
602.9096 	EXP 	Device response: <KeyPress from None: t=602.786762899952, value=space, duration=0.10702460003085434>
603.1070 	DATA 	Keypress: space
603.1077 	EXP 	Device response: <KeyPress from None: t=603.0552155999467, value=space, duration=None>
603.2095 	EXP 	Device response: <KeyPress from None: t=603.0552155999467, value=space, duration=0.14329120004549623>
605.7965 	DATA 	Mouse: Left button down, pos=(1626,773)
605.8100 	EXP 	img: autoDraw = False
605.8100 	EXP 	Instructions: autoDraw = False
605.8100 	EXP 	RBGInfo: autoDraw = False
605.8100 	EXP 	R: autoDraw = False
605.8100 	EXP 	G: autoDraw = False
605.8100 	EXP 	B: autoDraw = False
605.8100 	EXP 	counter_Text: autoDraw = False
605.8100 	EXP 	total_count: autoDraw = False
605.8100 	EXP 	text_8: autoDraw = True
605.9781 	DATA 	Mouse:  Left button up, pos=(1626,773)
606.1748 	EXP 	text_8: autoDraw = False
606.1748 	EXP 	text_8: autoDraw = False
606.1748 	EXP 	slider: markerPos = None
606.1748 	EXP 	slider: markerPos = 1
606.1748 	EXP 	slider: autoDraw = True
606.1748 	EXP 	text_9: autoDraw = True
606.1748 	EXP 	text_answer: autoDraw = True
607.3606 	DATA 	Mouse: Left button down, pos=(1383,585)
607.3923 	EXP 	slider: markerPos = np.float64(4.8919999999999995)
607.4125 	EXP 	slider: markerPos = np.float64(4.8919999999999995)
607.4425 	EXP 	slider: markerPos = np.float64(4.8919999999999995)
607.4622 	EXP 	slider: markerPos = np.float64(4.8919999999999995)
607.4921 	EXP 	slider: markerPos = np.float64(4.8919999999999995)
607.5121 	EXP 	slider: markerPos = np.float64(4.8919999999999995)
607.5423 	EXP 	slider: markerPos = np.float64(4.8919999999999995)
607.5625 	EXP 	slider: markerPos = np.float64(4.8919999999999995)
607.5759 	DATA 	Mouse:  Left button up, pos=(1383,585)
607.5921 	EXP 	slider: markerPos = np.float64(4.8919999999999995)
607.6120 	EXP 	slider: markerPos = 5.0
608.2603 	DATA 	Mouse: Left button down, pos=(1007,296)
608.2789 	EXP 	slider: autoDraw = False
608.2789 	EXP 	text_9: autoDraw = False
608.2789 	EXP 	text_answer: autoDraw = False
608.2789 	EXP 	text_8: autoDraw = True
608.4959 	DATA 	Mouse:  Left button up, pos=(1007,296)
608.6426 	INFO 	Keyboard events cleared
608.6425 	EXP 	text_8: autoDraw = False
608.6425 	EXP 	text_8: autoDraw = False
608.6425 	EXP 	corrColor_2: height = np.float64(56.0)
608.6425 	EXP 	corrColor_2: height = np.float64(56.0)
608.6425 	EXP 	corrColor_2: height = np.float64(56.0)
608.6425 	EXP 	corrColor_2: text = 'Lime-green'
608.6425 	EXP 	R_2: height = np.float64(42.0)
608.6425 	EXP 	R_2: height = np.float64(42.0)
608.6425 	EXP 	R_2: height = np.float64(42.0)
608.6425 	EXP 	R_2: text = 61
608.6425 	EXP 	G_2: height = np.float64(42.0)
608.6425 	EXP 	G_2: height = np.float64(42.0)
608.6425 	EXP 	G_2: height = np.float64(42.0)
608.6425 	EXP 	G_2: text = 94
608.6425 	EXP 	B_2: height = np.float64(42.0)
608.6425 	EXP 	B_2: height = np.float64(42.0)
608.6425 	EXP 	B_2: height = np.float64(42.0)
608.6425 	EXP 	B_2: text = 3
608.6425 	EXP 	correctAnswer: autoDraw = True
608.6425 	EXP 	RBGInfo_2: autoDraw = True
608.6425 	EXP 	R_2: autoDraw = True
608.6425 	EXP 	G_2: autoDraw = True
608.6425 	EXP 	B_2: autoDraw = True
609.1136 	DATA 	Mouse: Left button down, pos=(1007,296)
609.1287 	EXP 	correctAnswer: autoDraw = False
609.1287 	EXP 	wrongAnswer: autoDraw = False
609.1287 	EXP 	corrColor_2: autoDraw = False
609.1287 	EXP 	RBGInfo_2: autoDraw = False
609.1287 	EXP 	R_2: autoDraw = False
609.1287 	EXP 	G_2: autoDraw = False
609.1287 	EXP 	B_2: autoDraw = False
609.1287 	EXP 	text_11: autoDraw = True
609.3298 	DATA 	Mouse:  Left button up, pos=(1007,296)
609.4624 	EXP 	New trial (rep=0, index=34): <Trial 34 (34 in rep 0) data={'folder': '02-1', 'image': '008_Orange.jpg', 'logical': True, 'corrColor': 'Orange', 'corrR': 100, 'corrG': 53, 'corrB': 0, 'image_path': '02-1/008_Orange_0.png', 'thisN': 34, 'thisTrialN': 34, 'thisRepN': 0}>
609.5956 	EXP 	text_11: autoDraw = False
609.5956 	EXP 	text_11: autoDraw = False
609.5956 	EXP 	img: foreColor = <psychopy.colors.Color: white, alpha=1.0>
609.5956 	EXP 	img: ori = np.float64(0.0)
609.5956 	EXP 	Instructions: text = 'Click the spacebar to shuffle through the filters to recognize the color.\nPress the button of the color you think it corresponds to.'
609.5956 	EXP 	counter_Text: height = np.float64(72.0)
609.5956 	EXP 	counter_Text: height = np.float64(72.0)
609.5956 	EXP 	counter_Text: height = np.float64(72.0)
609.5956 	EXP 	counter_Text: text = 35
609.5956 	EXP 	img: autoDraw = True
609.5956 	EXP 	Instructions: autoDraw = True
609.5956 	EXP 	RBGInfo: autoDraw = True
609.5956 	EXP 	G: autoDraw = True
609.5956 	EXP 	B: autoDraw = True
609.5956 	EXP 	counter_Text: autoDraw = True
609.5956 	EXP 	total_count: autoDraw = True
609.8102 	EXP 	R: autoDraw = True
610.7220 	DATA 	Keypress: space
610.8109 	EXP 	Device response: <KeyPress from None: t=610.7216509999707, value=space, duration=None>
610.8109 	EXP 	Device response: <KeyPress from None: t=610.7216509999707, value=space, duration=0.07982350001111627>
612.1226 	DATA 	Keypress: space
612.2027 	EXP 	Device response: <KeyPress from None: t=612.1202410999686, value=space, duration=None>
612.3197 	EXP 	Device response: <KeyPress from None: t=612.1202410999686, value=space, duration=0.17944069998338819>
618.3532 	DATA 	Mouse: Left button down, pos=(1620,711)
618.3755 	EXP 	img: autoDraw = False
618.3755 	EXP 	Instructions: autoDraw = False
618.3755 	EXP 	RBGInfo: autoDraw = False
618.3755 	EXP 	R: autoDraw = False
618.3755 	EXP 	G: autoDraw = False
618.3755 	EXP 	B: autoDraw = False
618.3755 	EXP 	counter_Text: autoDraw = False
618.3755 	EXP 	total_count: autoDraw = False
618.3755 	EXP 	text_8: autoDraw = True
618.4948 	DATA 	Mouse:  Left button up, pos=(1620,711)
618.7577 	EXP 	text_8: autoDraw = False
618.7577 	EXP 	slider: markerPos = None
618.7577 	EXP 	slider: markerPos = 1
618.7577 	EXP 	slider: autoDraw = True
618.7577 	EXP 	text_9: autoDraw = True
618.7577 	EXP 	text_answer: autoDraw = True
619.6863 	DATA 	Mouse: Left button down, pos=(1376,576)
619.7245 	EXP 	slider: markerPos = np.float64(4.864)
619.7442 	EXP 	slider: markerPos = np.float64(4.864)
619.7744 	EXP 	slider: markerPos = np.float64(4.864)
619.7940 	EXP 	slider: markerPos = np.float64(4.864)
619.8243 	EXP 	slider: markerPos = np.float64(4.864)
619.8450 	EXP 	slider: markerPos = np.float64(4.864)
619.8741 	EXP 	slider: markerPos = np.float64(4.864)
619.8939 	EXP 	slider: markerPos = np.float64(4.864)
619.9100 	EXP 	slider: markerPos = np.float64(4.864)
619.9107 	DATA 	Mouse:  Left button up, pos=(1376,576)
619.9274 	EXP 	slider: markerPos = 5.0
621.0861 	DATA 	Mouse: Left button down, pos=(1016,278)
621.1275 	EXP 	slider: autoDraw = False
621.1275 	EXP 	text_9: autoDraw = False
621.1275 	EXP 	text_answer: autoDraw = False
621.1275 	EXP 	text_8: autoDraw = True
621.3141 	DATA 	Mouse:  Left button up, pos=(1016,278)
621.4909 	INFO 	Keyboard events cleared
621.4908 	EXP 	text_8: autoDraw = False
621.4908 	EXP 	corrColor_2: height = np.float64(56.0)
621.4908 	EXP 	corrColor_2: height = np.float64(56.0)
621.4908 	EXP 	corrColor_2: height = np.float64(56.0)
621.4908 	EXP 	corrColor_2: text = 'Orange'
621.4908 	EXP 	R_2: height = np.float64(42.0)
621.4908 	EXP 	R_2: height = np.float64(42.0)
621.4908 	EXP 	R_2: height = np.float64(42.0)
621.4908 	EXP 	R_2: text = 100
621.4908 	EXP 	G_2: height = np.float64(42.0)
621.4908 	EXP 	G_2: height = np.float64(42.0)
621.4908 	EXP 	G_2: height = np.float64(42.0)
621.4908 	EXP 	G_2: text = 53
621.4908 	EXP 	B_2: height = np.float64(42.0)
621.4908 	EXP 	B_2: height = np.float64(42.0)
621.4908 	EXP 	B_2: height = np.float64(42.0)
621.4908 	EXP 	B_2: text = 0
621.4908 	EXP 	correctAnswer: autoDraw = True
621.4908 	EXP 	RBGInfo_2: autoDraw = True
621.4908 	EXP 	R_2: autoDraw = True
621.4908 	EXP 	G_2: autoDraw = True
621.4908 	EXP 	B_2: autoDraw = True
622.0462 	DATA 	Mouse: Left button down, pos=(1016,278)
622.0598 	EXP 	correctAnswer: autoDraw = False
622.0598 	EXP 	wrongAnswer: autoDraw = False
622.0598 	EXP 	corrColor_2: autoDraw = False
622.0598 	EXP 	RBGInfo_2: autoDraw = False
622.0598 	EXP 	R_2: autoDraw = False
622.0598 	EXP 	G_2: autoDraw = False
622.0598 	EXP 	B_2: autoDraw = False
622.0598 	EXP 	text_11: autoDraw = True
622.2782 	DATA 	Mouse:  Left button up, pos=(1016,278)
622.3946 	EXP 	New trial (rep=0, index=35): <Trial 35 (35 in rep 0) data={'folder': '03-1', 'image': '010_Brown.jpg', 'logical': True, 'corrColor': 'Brown', 'corrR': 50, 'corrG': 18, 'corrB': 0, 'image_path': '03-1/010_Brown_0.png', 'thisN': 35, 'thisTrialN': 35, 'thisRepN': 0}>
622.4933 	EXP 	text_11: autoDraw = False
622.4933 	EXP 	text_11: autoDraw = False
622.4933 	EXP 	img: foreColor = <psychopy.colors.Color: white, alpha=1.0>
622.4933 	EXP 	img: ori = np.float64(0.0)
622.4933 	EXP 	Instructions: text = 'Click the spacebar to shuffle through the filters to recognize the color.\nPress the button of the color you think it corresponds to.'
622.4933 	EXP 	counter_Text: height = np.float64(72.0)
622.4933 	EXP 	counter_Text: height = np.float64(72.0)
622.4933 	EXP 	counter_Text: height = np.float64(72.0)
622.4933 	EXP 	counter_Text: text = 36
622.4933 	EXP 	img: autoDraw = True
622.4933 	EXP 	Instructions: autoDraw = True
622.4933 	EXP 	RBGInfo: autoDraw = True
622.4933 	EXP 	G: autoDraw = True
622.4933 	EXP 	B: autoDraw = True
622.4933 	EXP 	counter_Text: autoDraw = True
622.4933 	EXP 	total_count: autoDraw = True
622.7470 	EXP 	R: autoDraw = True
623.8954 	DATA 	Keypress: space
623.8960 	EXP 	Device response: <KeyPress from None: t=623.8767919000238, value=space, duration=None>
624.0609 	EXP 	Device response: <KeyPress from None: t=623.8767919000238, value=space, duration=0.11619680002331734>
626.2292 	DATA 	Keypress: space
626.2298 	EXP 	Device response: <KeyPress from None: t=626.2025964000495, value=space, duration=None>
626.3086 	EXP 	Device response: <KeyPress from None: t=626.2025964000495, value=space, duration=0.08856129995547235>
630.6786 	DATA 	Mouse: Left button down, pos=(1669,1126)
630.6919 	EXP 	img: autoDraw = False
630.6919 	EXP 	Instructions: autoDraw = False
630.6919 	EXP 	RBGInfo: autoDraw = False
630.6919 	EXP 	R: autoDraw = False
630.6919 	EXP 	G: autoDraw = False
630.6919 	EXP 	B: autoDraw = False
630.6919 	EXP 	counter_Text: autoDraw = False
630.6919 	EXP 	total_count: autoDraw = False
630.6919 	EXP 	text_8: autoDraw = True
630.8608 	DATA 	Mouse:  Left button up, pos=(1669,1126)
631.0741 	EXP 	text_8: autoDraw = False
631.0741 	EXP 	text_8: autoDraw = False
631.0741 	EXP 	slider: markerPos = None
631.0741 	EXP 	slider: markerPos = 1
631.0741 	EXP 	slider: autoDraw = True
631.0741 	EXP 	text_9: autoDraw = True
631.0741 	EXP 	text_answer: autoDraw = True
632.1517 	DATA 	Mouse: Left button down, pos=(1387,576)
632.1906 	EXP 	slider: markerPos = np.float64(4.9079999999999995)
632.2101 	EXP 	slider: markerPos = np.float64(4.9079999999999995)
632.2262 	EXP 	slider: markerPos = np.float64(4.9079999999999995)
632.2434 	EXP 	slider: markerPos = np.float64(4.9079999999999995)
632.2596 	EXP 	slider: markerPos = np.float64(4.9079999999999995)
632.2768 	EXP 	slider: markerPos = np.float64(4.9079999999999995)
632.2929 	EXP 	slider: markerPos = np.float64(4.9079999999999995)
632.3102 	EXP 	slider: markerPos = np.float64(4.9079999999999995)
632.3264 	EXP 	slider: markerPos = np.float64(4.9079999999999995)
632.3445 	EXP 	slider: markerPos = np.float64(4.9079999999999995)
632.3743 	EXP 	slider: markerPos = np.float64(4.9079999999999995)
632.3754 	DATA 	Mouse:  Left button up, pos=(1387,576)
632.3937 	EXP 	slider: markerPos = 5.0
633.5594 	DATA 	Mouse: Left button down, pos=(1052,271)
633.5777 	EXP 	slider: autoDraw = False
633.5777 	EXP 	text_9: autoDraw = False
633.5777 	EXP 	text_answer: autoDraw = False
633.5777 	EXP 	text_8: autoDraw = True
633.7775 	DATA 	Mouse:  Left button up, pos=(1052,271)
633.9575 	INFO 	Keyboard events cleared
633.9574 	EXP 	text_8: autoDraw = False
633.9574 	EXP 	corrColor_2: height = np.float64(56.0)
633.9574 	EXP 	corrColor_2: height = np.float64(56.0)
633.9574 	EXP 	corrColor_2: height = np.float64(56.0)
633.9574 	EXP 	corrColor_2: text = 'Brown'
633.9574 	EXP 	R_2: height = np.float64(42.0)
633.9574 	EXP 	R_2: height = np.float64(42.0)
633.9574 	EXP 	R_2: height = np.float64(42.0)
633.9574 	EXP 	R_2: text = 50
633.9574 	EXP 	G_2: height = np.float64(42.0)
633.9574 	EXP 	G_2: height = np.float64(42.0)
633.9574 	EXP 	G_2: height = np.float64(42.0)
633.9574 	EXP 	G_2: text = 18
633.9574 	EXP 	B_2: height = np.float64(42.0)
633.9574 	EXP 	B_2: height = np.float64(42.0)
633.9574 	EXP 	B_2: height = np.float64(42.0)
633.9574 	EXP 	B_2: text = 0
633.9574 	EXP 	correctAnswer: autoDraw = True
633.9574 	EXP 	RBGInfo_2: autoDraw = True
633.9574 	EXP 	R_2: autoDraw = True
633.9574 	EXP 	G_2: autoDraw = True
633.9574 	EXP 	B_2: autoDraw = True
634.4451 	DATA 	Mouse: Left button down, pos=(1052,271)
634.4593 	EXP 	correctAnswer: autoDraw = False
634.4593 	EXP 	wrongAnswer: autoDraw = False
634.4593 	EXP 	corrColor_2: autoDraw = False
634.4593 	EXP 	RBGInfo_2: autoDraw = False
634.4593 	EXP 	R_2: autoDraw = False
634.4593 	EXP 	G_2: autoDraw = False
634.4593 	EXP 	B_2: autoDraw = False
634.4593 	EXP 	text_11: autoDraw = True
634.6613 	DATA 	Mouse:  Left button up, pos=(1052,271)
634.7937 	EXP 	New trial (rep=0, index=36): <Trial 36 (36 in rep 0) data={'folder': '03-1', 'image': '013_Teal.jpg', 'logical': True, 'corrColor': 'Teal', 'corrR': 0, 'corrG': 48, 'corrB': 60, 'image_path': '03-1/013_Teal_0.png', 'thisN': 36, 'thisTrialN': 36, 'thisRepN': 0}>
634.8762 	EXP 	text_11: autoDraw = False
634.8762 	EXP 	text_11: autoDraw = False
634.8762 	EXP 	img: foreColor = <psychopy.colors.Color: white, alpha=1.0>
634.8762 	EXP 	img: ori = np.float64(0.0)
634.8762 	EXP 	Instructions: text = 'Click the spacebar to shuffle through the filters to recognize the color.\nPress the button of the color you think it corresponds to.'
634.8762 	EXP 	counter_Text: height = np.float64(72.0)
634.8762 	EXP 	counter_Text: height = np.float64(72.0)
634.8762 	EXP 	counter_Text: height = np.float64(72.0)
634.8762 	EXP 	counter_Text: text = 37
634.8762 	EXP 	img: autoDraw = True
634.8762 	EXP 	Instructions: autoDraw = True
634.8762 	EXP 	RBGInfo: autoDraw = True
634.8762 	EXP 	G: autoDraw = True
634.8762 	EXP 	B: autoDraw = True
634.8762 	EXP 	counter_Text: autoDraw = True
634.8762 	EXP 	total_count: autoDraw = True
635.1291 	EXP 	R: autoDraw = True
639.8603 	DATA 	Keypress: space
639.8611 	EXP 	Device response: <KeyPress from None: t=639.8419357000384, value=space, duration=None>
640.0352 	EXP 	Device response: <KeyPress from None: t=639.8419357000384, value=space, duration=0.15210980002302676>
645.0660 	DATA 	Keypress: space
645.0677 	EXP 	Device response: <KeyPress from None: t=645.0296659000451, value=space, duration=None>
645.1591 	EXP 	Device response: <KeyPress from None: t=645.0296659000451, value=space, duration=0.11512299999594688>
646.0123 	EXP 	Device response: <KeyPress from None: t=646.0120429999661, value=space, duration=None>
646.0142 	DATA 	Keypress: space
646.1775 	EXP 	Device response: <KeyPress from None: t=646.0120429999661, value=space, duration=0.11612660007085651>
650.7371 	DATA 	Keypress: space
650.8148 	EXP 	Device response: <KeyPress from None: t=650.735524400021, value=space, duration=None>
650.9197 	EXP 	Device response: <KeyPress from None: t=650.735524400021, value=space, duration=0.1434861000161618>
651.4639 	DATA 	Keypress: space
651.5288 	EXP 	Device response: <KeyPress from None: t=651.4632672000444, value=space, duration=None>
651.6276 	EXP 	Device response: <KeyPress from None: t=651.4632672000444, value=space, duration=0.11582579999230802>
657.3437 	DATA 	Keypress: space
657.3445 	EXP 	Device response: <KeyPress from None: t=657.3326963, value=space, duration=None>
657.5110 	EXP 	Device response: <KeyPress from None: t=657.3326963, value=space, duration=0.17053160001523793>
657.7756 	DATA 	Keypress: space
657.7763 	EXP 	Device response: <KeyPress from None: t=657.7328965000343, value=space, duration=None>
657.9502 	EXP 	Device response: <KeyPress from None: t=657.7328965000343, value=space, duration=0.15940070000942796>
659.1129 	DATA 	Keypress: space
659.1138 	EXP 	Device response: <KeyPress from None: t=659.0733170000603, value=space, duration=None>
659.1924 	EXP 	Device response: <KeyPress from None: t=659.0733170000603, value=space, duration=0.1160737999016419>
660.7790 	DATA 	Keypress: space
660.7795 	EXP 	Device response: <KeyPress from None: t=660.7777868000558, value=space, duration=None>
661.0282 	EXP 	Device response: <KeyPress from None: t=660.7777868000558, value=space, duration=0.17054629989434034>
662.8136 	DATA 	Keypress: space
662.8148 	EXP 	Device response: <KeyPress from None: t=662.74939979997, value=space, duration=None>
662.9856 	EXP 	Device response: <KeyPress from None: t=662.74939979997, value=space, duration=0.19105350004974753>
668.7600 	DATA 	Keypress: space
668.7610 	EXP 	Device response: <KeyPress from None: t=668.732425400056, value=space, duration=None>
668.8525 	EXP 	Device response: <KeyPress from None: t=668.732425400056, value=space, duration=0.09816910000517964>
669.2776 	DATA 	Keypress: space
669.2783 	EXP 	Device response: <KeyPress from None: t=669.2669772000518, value=space, duration=None>
669.4577 	EXP 	Device response: <KeyPress from None: t=669.2669772000518, value=space, duration=0.09788579994346946>
669.8115 	DATA 	Keypress: space
669.8125 	EXP 	Device response: <KeyPress from None: t=669.7777205000166, value=space, duration=None>
669.8963 	EXP 	Device response: <KeyPress from None: t=669.7777205000166, value=space, duration=0.1068564000306651>
671.5313 	DATA 	Keypress: space
671.5324 	EXP 	Device response: <KeyPress from None: t=671.4802125999704, value=space, duration=None>
671.6375 	EXP 	Device response: <KeyPress from None: t=671.4802125999704, value=space, duration=0.09789269999600947>
674.2609 	DATA 	Keypress: space
674.2620 	EXP 	Device response: <KeyPress from None: t=674.2193197000306, value=space, duration=None>
674.3461 	EXP 	Device response: <KeyPress from None: t=674.2193197000306, value=space, duration=0.12466199998743832>
674.5474 	DATA 	Keypress: space
674.5481 	EXP 	Device response: <KeyPress from None: t=674.4816667999839, value=space, duration=None>
674.6281 	EXP 	Device response: <KeyPress from None: t=674.4816667999839, value=space, duration=0.12516210007015616>
674.7973 	DATA 	Keypress: space
674.7979 	EXP 	Device response: <KeyPress from None: t=674.7608437000308, value=space, duration=None>
674.8801 	EXP 	Device response: <KeyPress from None: t=674.7608437000308, value=space, duration=0.11609549995046109>
675.0481 	DATA 	Keypress: space
675.1562 	EXP 	Device response: <KeyPress from None: t=675.0476017999463, value=space, duration=None>
675.1562 	EXP 	Device response: <KeyPress from None: t=675.0476017999463, value=space, duration=0.10698960011359304>
682.2480 	DATA 	Mouse: Left button down, pos=(1602,1066)
682.2735 	EXP 	img: autoDraw = False
682.2735 	EXP 	Instructions: autoDraw = False
682.2735 	EXP 	RBGInfo: autoDraw = False
682.2735 	EXP 	R: autoDraw = False
682.2735 	EXP 	G: autoDraw = False
682.2735 	EXP 	B: autoDraw = False
682.2735 	EXP 	counter_Text: autoDraw = False
682.2735 	EXP 	total_count: autoDraw = False
682.2735 	EXP 	text_8: autoDraw = True
682.4264 	DATA 	Mouse:  Left button up, pos=(1602,1066)
682.6559 	EXP 	text_8: autoDraw = False
682.6559 	EXP 	slider: markerPos = None
682.6559 	EXP 	slider: markerPos = 1
682.6559 	EXP 	slider: autoDraw = True
682.6559 	EXP 	text_9: autoDraw = True
682.6559 	EXP 	text_answer: autoDraw = True
683.6343 	DATA 	Mouse: Left button down, pos=(1375,597)
683.6749 	EXP 	slider: markerPos = np.float64(4.86)
683.6911 	EXP 	slider: markerPos = np.float64(4.86)
683.7083 	EXP 	slider: markerPos = np.float64(4.86)
683.7386 	EXP 	slider: markerPos = np.float64(4.86)
683.7582 	EXP 	slider: markerPos = np.float64(4.86)
683.7887 	EXP 	slider: markerPos = np.float64(4.86)
683.8082 	EXP 	slider: markerPos = np.float64(4.86)
683.8243 	EXP 	slider: markerPos = np.float64(4.86)
683.8415 	EXP 	slider: markerPos = np.float64(4.86)
683.8515 	DATA 	Mouse:  Left button up, pos=(1375,597)
683.8719 	EXP 	slider: markerPos = np.float64(4.86)
683.8915 	EXP 	slider: markerPos = 5.0
685.2090 	DATA 	Mouse: Left button down, pos=(1000,250)
685.2249 	EXP 	slider: autoDraw = False
685.2249 	EXP 	text_9: autoDraw = False
685.2249 	EXP 	text_answer: autoDraw = False
685.2249 	EXP 	text_8: autoDraw = True
685.4411 	DATA 	Mouse:  Left button up, pos=(1000,250)
685.5889 	INFO 	Keyboard events cleared
685.5887 	EXP 	text_8: autoDraw = False
685.5887 	EXP 	text_8: autoDraw = False
685.5887 	EXP 	corrColor_2: height = np.float64(56.0)
685.5887 	EXP 	corrColor_2: height = np.float64(56.0)
685.5887 	EXP 	corrColor_2: height = np.float64(56.0)
685.5887 	EXP 	corrColor_2: text = 'Teal'
685.5887 	EXP 	R_2: height = np.float64(42.0)
685.5887 	EXP 	R_2: height = np.float64(42.0)
685.5887 	EXP 	R_2: height = np.float64(42.0)
685.5887 	EXP 	R_2: text = 0
685.5887 	EXP 	G_2: height = np.float64(42.0)
685.5887 	EXP 	G_2: height = np.float64(42.0)
685.5887 	EXP 	G_2: height = np.float64(42.0)
685.5887 	EXP 	G_2: text = 48
685.5887 	EXP 	B_2: height = np.float64(42.0)
685.5887 	EXP 	B_2: height = np.float64(42.0)
685.5887 	EXP 	B_2: height = np.float64(42.0)
685.5887 	EXP 	B_2: text = 60
685.5887 	EXP 	correctAnswer: autoDraw = True
685.5887 	EXP 	RBGInfo_2: autoDraw = True
685.5887 	EXP 	R_2: autoDraw = True
685.5887 	EXP 	G_2: autoDraw = True
685.5887 	EXP 	B_2: autoDraw = True
686.0426 	DATA 	Mouse: Left button down, pos=(1000,250)
686.0574 	EXP 	correctAnswer: autoDraw = False
686.0574 	EXP 	wrongAnswer: autoDraw = False
686.0574 	EXP 	corrColor_2: autoDraw = False
686.0574 	EXP 	RBGInfo_2: autoDraw = False
686.0574 	EXP 	R_2: autoDraw = False
686.0574 	EXP 	G_2: autoDraw = False
686.0574 	EXP 	B_2: autoDraw = False
686.0574 	EXP 	text_11: autoDraw = True
686.2585 	DATA 	Mouse:  Left button up, pos=(1000,250)
686.3918 	EXP 	New trial (rep=0, index=37): <Trial 37 (37 in rep 0) data={'folder': '01-1', 'image': '018_Purple.jpg', 'logical': True, 'corrColor': 'Purple', 'corrR': 51, 'corrG': 2, 'corrB': 100, 'image_path': '01-1/018_Purple_0.png', 'thisN': 37, 'thisTrialN': 37, 'thisRepN': 0}>
686.4909 	EXP 	text_11: autoDraw = False
686.4909 	EXP 	text_11: autoDraw = False
686.4909 	EXP 	img: foreColor = <psychopy.colors.Color: white, alpha=1.0>
686.4909 	EXP 	img: ori = np.float64(0.0)
686.4909 	EXP 	Instructions: text = 'Click the spacebar to shuffle through the filters to recognize the color.\nPress the button of the color you think it corresponds to.'
686.4909 	EXP 	counter_Text: height = np.float64(72.0)
686.4909 	EXP 	counter_Text: height = np.float64(72.0)
686.4909 	EXP 	counter_Text: height = np.float64(72.0)
686.4909 	EXP 	counter_Text: text = 38
686.4909 	EXP 	img: autoDraw = True
686.4909 	EXP 	Instructions: autoDraw = True
686.4909 	EXP 	RBGInfo: autoDraw = True
686.4909 	EXP 	G: autoDraw = True
686.4909 	EXP 	B: autoDraw = True
686.4909 	EXP 	counter_Text: autoDraw = True
686.4909 	EXP 	total_count: autoDraw = True
686.6562 	EXP 	R: autoDraw = True
688.2435 	DATA 	Keypress: space
688.2445 	EXP 	Device response: <KeyPress from None: t=688.2138682999648, value=space, duration=None>
688.3450 	EXP 	Device response: <KeyPress from None: t=688.2138682999648, value=space, duration=0.11616450001019984>
689.1964 	DATA 	Keypress: space
689.1972 	EXP 	Device response: <KeyPress from None: t=689.1337098999647, value=space, duration=None>
689.3103 	EXP 	Device response: <KeyPress from None: t=689.1337098999647, value=space, duration=0.12538570002652705>
692.3181 	DATA 	Mouse: Left button down, pos=(1615,525)
692.4233 	EXP 	img: autoDraw = False
692.4233 	EXP 	Instructions: autoDraw = False
692.4233 	EXP 	RBGInfo: autoDraw = False
692.4233 	EXP 	R: autoDraw = False
692.4233 	EXP 	G: autoDraw = False
692.4233 	EXP 	B: autoDraw = False
692.4233 	EXP 	counter_Text: autoDraw = False
692.4233 	EXP 	total_count: autoDraw = False
692.4233 	EXP 	text_8: autoDraw = True
692.5427 	DATA 	Mouse:  Left button up, pos=(1615,525)
692.7886 	EXP 	text_8: autoDraw = False
692.7886 	EXP 	slider: markerPos = None
692.7886 	EXP 	slider: markerPos = 1
692.7886 	EXP 	slider: autoDraw = True
692.7886 	EXP 	text_9: autoDraw = True
692.7886 	EXP 	text_answer: autoDraw = True
693.5425 	DATA 	Mouse: Left button down, pos=(1382,589)
693.5718 	EXP 	slider: markerPos = np.float64(4.888)
693.5912 	EXP 	slider: markerPos = np.float64(4.888)
693.6073 	EXP 	slider: markerPos = np.float64(4.888)
693.6245 	EXP 	slider: markerPos = np.float64(4.888)
693.6551 	EXP 	slider: markerPos = np.float64(4.888)
693.6745 	EXP 	slider: markerPos = np.float64(4.888)
693.6908 	EXP 	slider: markerPos = np.float64(4.888)
693.7220 	EXP 	slider: markerPos = np.float64(4.888)
693.7412 	EXP 	slider: markerPos = np.float64(4.888)
693.7718 	EXP 	slider: markerPos = np.float64(4.888)
693.7726 	DATA 	Mouse:  Left button up, pos=(1382,589)
693.7914 	EXP 	slider: markerPos = 5.0
694.6757 	DATA 	Mouse: Left button down, pos=(1028,253)
694.6905 	EXP 	slider: autoDraw = False
694.6905 	EXP 	text_9: autoDraw = False
694.6905 	EXP 	text_answer: autoDraw = False
694.6905 	EXP 	text_8: autoDraw = True
694.9081 	DATA 	Mouse:  Left button up, pos=(1028,253)
695.0552 	INFO 	Keyboard events cleared
695.0551 	EXP 	text_8: autoDraw = False
695.0551 	EXP 	text_8: autoDraw = False
695.0551 	EXP 	corrColor_2: height = np.float64(56.0)
695.0551 	EXP 	corrColor_2: height = np.float64(56.0)
695.0551 	EXP 	corrColor_2: height = np.float64(56.0)
695.0551 	EXP 	corrColor_2: text = 'Purple'
695.0551 	EXP 	R_2: height = np.float64(42.0)
695.0551 	EXP 	R_2: height = np.float64(42.0)
695.0551 	EXP 	R_2: height = np.float64(42.0)
695.0551 	EXP 	R_2: text = 51
695.0551 	EXP 	G_2: height = np.float64(42.0)
695.0551 	EXP 	G_2: height = np.float64(42.0)
695.0551 	EXP 	G_2: height = np.float64(42.0)
695.0551 	EXP 	G_2: text = 2
695.0551 	EXP 	B_2: height = np.float64(42.0)
695.0551 	EXP 	B_2: height = np.float64(42.0)
695.0551 	EXP 	B_2: height = np.float64(42.0)
695.0551 	EXP 	B_2: text = 100
695.0551 	EXP 	correctAnswer: autoDraw = True
695.0551 	EXP 	RBGInfo_2: autoDraw = True
695.0551 	EXP 	R_2: autoDraw = True
695.0551 	EXP 	G_2: autoDraw = True
695.0551 	EXP 	B_2: autoDraw = True
695.5112 	DATA 	Mouse: Left button down, pos=(1028,253)
695.5413 	EXP 	correctAnswer: autoDraw = False
695.5413 	EXP 	wrongAnswer: autoDraw = False
695.5413 	EXP 	corrColor_2: autoDraw = False
695.5413 	EXP 	RBGInfo_2: autoDraw = False
695.5413 	EXP 	R_2: autoDraw = False
695.5413 	EXP 	G_2: autoDraw = False
695.5413 	EXP 	B_2: autoDraw = False
695.5413 	EXP 	text_11: autoDraw = True
695.7420 	DATA 	Mouse:  Left button up, pos=(1028,253)
695.9048 	EXP 	text_11: autoDraw = False
695.9048 	EXP 	text_11: autoDraw = False
695.9048 	EXP 	GoodJob: height = np.float64(50.0)
695.9048 	EXP 	GoodJob: height = np.float64(50.0)
695.9048 	EXP 	GoodJob: height = np.float64(50.0)
695.9048 	EXP 	GoodJob: text = 'Good job!\n\nThe experiment will now close.\n\nThank you.'
695.9048 	EXP 	GoodJob: autoDraw = True
698.8902 	EXP 	GoodJob: autoDraw = False
698.8903 	EXP 	Train3Laptop: status = STOPPED
698.9391 	INFO 	saved data to 'C:\\Users\\lille\\NewOneDrive\\OneDrive\\Emilie\\MasterThesisProject\\data\\001_Train3Laptop_2026-04-09_22h08.06.448.csv'
698.9428 	INFO 	saved data to C:\Users\lille\NewOneDrive\OneDrive\Emilie\MasterThesisProject\data\001_Train3Laptop_2026-04-09_22h08.06.448.psydat
699.2495 	WARNING 	Stopping key buffers but this could be dangerous ifother keyboards rely on the same.
