folder,image,logical,corrColor,corrR,corrG,corrB,image_path,thisN,thisTrialN,thisRepN,spacebar.keys,spacebar.rt,spacebar.duration,brown.numClicks,brown.timesOn,brown.timesOff,teal.numClicks,teal.timesOn,teal.timesOff,bordeaux.numClicks,bordeaux.timesOn,bordeaux.timesOff,grey.numClicks,grey.timesOn,grey.timesOff,seafoam.numClicks,seafoam.timesOn,seafoam.timesOff,pink.numClicks,pink.timesOn,pink.timesOff,lime_green.numClicks,lime_green.timesOn,lime_green.timesOff,orange.numClicks,orange.timesOn,orange.timesOff,blue.numClicks,blue.timesOn,blue.timesOff,yellow.numClicks,yellow.timesOn,yellow.timesOff,purple.numClicks,purple.timesOn,purple.timesOff,cyan.numClicks,cyan.timesOn,cyan.timesOff,red.numClicks,red.timesOn,red.timesOff,green.numClicks,green.timesOn,green.timesOff,slider.response,slider.rt,slider.history,mouse_2.x,mouse_2.y,mouse_2.leftButton,mouse_2.midButton,mouse_2.rightButton,mouse_2.time,mouse_2.clicked_name,button2.numClicks,button2.timesOn,button2.timesOff,brown_3.numClicks,brown_3.timesOn,brown_3.timesOff,teal_3.numClicks,teal_3.timesOn,teal_3.timesOff,bordeaux_3.numClicks,bordeaux_3.timesOn,bordeaux_3.timesOff,grey_3.numClicks,grey_3.timesOn,grey_3.timesOff,seafoam_3.numClicks,seafoam_3.timesOn,seafoam_3.timesOff,pink_3.numClicks,pink_3.timesOn,pink_3.timesOff,lime_green_3.numClicks,lime_green_3.timesOn,lime_green_3.timesOff,orange_3.numClicks,orange_3.timesOn,orange_3.timesOff,blue_3.numClicks,blue_3.timesOn,blue_3.timesOff,yellow_3.numClicks,yellow_3.timesOn,yellow_3.timesOff,purple_3.numClicks,purple_3.timesOn,purple_3.timesOff,cyan_3.numClicks,cyan_3.timesOn,cyan_3.timesOff,red_3.numClicks,red_3.timesOn,red_3.timesOff,green_3.numClicks,green_3.timesOn,green_3.timesOff,Button3.numClicks,Button3.timesOn,Button3.timesOff,brown_2.numClicks,brown_2.timesOn,brown_2.timesOff,teal_2.numClicks,teal_2.timesOn,teal_2.timesOff,bordeaux_2.numClicks,bordeaux_2.timesOn,bordeaux_2.timesOff,grey_2.numClicks,grey_2.timesOn,grey_2.timesOff,seafoam_2.numClicks,seafoam_2.timesOn,seafoam_2.timesOff,pink_2.numClicks,pink_2.timesOn,pink_2.timesOff,lime_green_2.numClicks,lime_green_2.timesOn,lime_green_2.timesOff,orange_2.numClicks,orange_2.timesOn,orange_2.timesOff,blue_2.numClicks,blue_2.timesOn,blue_2.timesOff,yellow_2.numClicks,yellow_2.timesOn,yellow_2.timesOff,purple_2.numClicks,purple_2.timesOn,purple_2.timesOff,cyan_2.numClicks,cyan_2.timesOn,cyan_2.timesOff,red_2.numClicks,red_2.timesOn,red_2.timesOff,green_2.numClicks,green_2.timesOn,green_2.timesOff,key_resp.keys,trials.thisRepN,trials.thisTrialN,trials.thisN,trials.thisIndex,thisRow.t,notes,piloting,Welcome.started,Welcome_info.started,PressEnter.started,PressEnterToContinue.started,Welcome.stopped,PressEnter.keys,PressEnter.rt,PressEnter.duration,img_Var.routineStartVal,initiate.started,initiate.stopped,img_Var.routineEndVal,logical_Var.routineEndVal,corrColor_Var.routineEndVal,corrR_Var.routineEndVal,corrG_Var.routineEndVal,corrB_Var.routineEndVal,filterCount.routineEndVal,img_Var1.routineEndVal,trial_counter.routineEndVal,answer.routineStartVal,trial_1.started,img.started,brown.started,teal.started,bordeaux.started,grey.started,seafoam.started,pink.started,lime_green.started,orange.started,blue.started,yellow.started,purple.started,cyan.started,red.started,green.started,RBGInfo.started,G.started,B.started,counter_Text.started,total_count.started,R.started,spacebar.started,trial_1.stopped,corrColorVar.routineEndVal,filterChange.routineEndVal,trials.spacebar.keys,trials.spacebar.rt,trials.spacebar.duration,trials.brown.numClicks,trials.brown.timesOn,trials.brown.timesOff,trials.teal.numClicks,trials.teal.timesOn,trials.teal.timesOff,trials.bordeaux.numClicks,trials.bordeaux.timesOn,trials.bordeaux.timesOff,trials.grey.numClicks,trials.grey.timesOn,trials.grey.timesOff,trials.seafoam.numClicks,trials.seafoam.timesOn,trials.seafoam.timesOff,trials.pink.numClicks,trials.pink.timesOn,trials.pink.timesOff,trials.lime_green.numClicks,trials.lime_green.timesOn,trials.lime_green.timesOff,trials.orange.numClicks,trials.orange.timesOn,trials.orange.timesOff,trials.blue.numClicks,trials.blue.timesOn,trials.blue.timesOff,trials.yellow.numClicks,trials.yellow.timesOn,trials.yellow.timesOff,trials.purple.numClicks,trials.purple.timesOn,trials.purple.timesOff,trials.cyan.numClicks,trials.cyan.timesOn,trials.cyan.timesOff,trials.red.numClicks,trials.red.timesOn,trials.red.timesOff,trials.green.numClicks,trials.green.timesOn,trials.green.timesOff,answer.routineEndVal,Pause350.started,text_8.started,Pause350.stopped,confidence.started,slider.started,text_9.started,mouse_2.started,text_answer.started,grey_3.started,button2.started,confidence.stopped,trials.slider.response,trials.slider.rt,trials.slider.history,trials.mouse_2.x,trials.mouse_2.y,trials.mouse_2.leftButton,trials.mouse_2.midButton,trials.mouse_2.rightButton,trials.mouse_2.time,trials.mouse_2.clicked_name,trials.button2.numClicks,trials.button2.timesOn,trials.button2.timesOff,trials.brown_3.numClicks,trials.brown_3.timesOn,trials.brown_3.timesOff,trials.teal_3.numClicks,trials.teal_3.timesOn,trials.teal_3.timesOff,trials.bordeaux_3.numClicks,trials.bordeaux_3.timesOn,trials.bordeaux_3.timesOff,trials.grey_3.numClicks,trials.grey_3.timesOn,trials.grey_3.timesOff,trials.seafoam_3.numClicks,trials.seafoam_3.timesOn,trials.seafoam_3.timesOff,trials.pink_3.numClicks,trials.pink_3.timesOn,trials.pink_3.timesOff,trials.lime_green_3.numClicks,trials.lime_green_3.timesOn,trials.lime_green_3.timesOff,trials.orange_3.numClicks,trials.orange_3.timesOn,trials.orange_3.timesOff,trials.blue_3.numClicks,trials.blue_3.timesOn,trials.blue_3.timesOff,trials.yellow_3.numClicks,trials.yellow_3.timesOn,trials.yellow_3.timesOff,trials.purple_3.numClicks,trials.purple_3.timesOn,trials.purple_3.timesOff,trials.cyan_3.numClicks,trials.cyan_3.timesOn,trials.cyan_3.timesOff,trials.red_3.numClicks,trials.red_3.timesOn,trials.red_3.timesOff,trials.green_3.numClicks,trials.green_3.timesOn,trials.green_3.timesOff,confirm.started,Button3.started,correctAnswer.started,RBGInfo_2.started,R_2.started,G_2.started,B_2.started,key_resp.started,confirm.stopped,trials.Button3.numClicks,trials.Button3.timesOn,trials.Button3.timesOff,trials.brown_2.numClicks,trials.brown_2.timesOn,trials.brown_2.timesOff,trials.teal_2.numClicks,trials.teal_2.timesOn,trials.teal_2.timesOff,trials.bordeaux_2.numClicks,trials.bordeaux_2.timesOn,trials.bordeaux_2.timesOff,trials.grey_2.numClicks,trials.grey_2.timesOn,trials.grey_2.timesOff,trials.seafoam_2.numClicks,trials.seafoam_2.timesOn,trials.seafoam_2.timesOff,trials.pink_2.numClicks,trials.pink_2.timesOn,trials.pink_2.timesOff,trials.lime_green_2.numClicks,trials.lime_green_2.timesOn,trials.lime_green_2.timesOff,trials.orange_2.numClicks,trials.orange_2.timesOn,trials.orange_2.timesOff,trials.blue_2.numClicks,trials.blue_2.timesOn,trials.blue_2.timesOff,trials.yellow_2.numClicks,trials.yellow_2.timesOn,trials.yellow_2.timesOff,trials.purple_2.numClicks,trials.purple_2.timesOn,trials.purple_2.timesOff,trials.cyan_2.numClicks,trials.cyan_2.timesOn,trials.cyan_2.timesOff,trials.red_2.numClicks,trials.red_2.timesOn,trials.red_2.timesOff,trials.green_2.numClicks,trials.green_2.timesOn,trials.green_2.timesOff,trials.key_resp.keys,PauseEnd.started,text_11.started,text_11.stopped,PauseEnd.stopped,colorList.routineEndVal,cyan_3.started,text_8.stopped,bordeaux_3.started,blue_3.started,teal_3.started,pink_3.started,brown_3.started,green_3.started,red_3.started,orange_3.started,seafoam_3.started,purple_3.started,yellow_3.started,lime_green_3.started,congrats.started,GoodJob.started,congrats.stopped,trial_counter.endExpVal,colorList.expEndVal,participant,session,date,expName,expVersion,psychopyVersion,frameRate,expStart,
,,,,,,,,,,,,,,,,,,,,,,,,,,,,,,,,,,,,,,,,,,,,,,,,,,,,,,,,,,,,,,,,,,,,,,,,,,,,,,,,,,,,,,,,,,,,,,,,,,,,,,,,,,,,,,,,,,,,,,,,,,,,,,,,,,,,,,,,,,,,,,,,,,,,,,,,,,,,,,,,,,,False,0.014834400033578277,0.0353220000397414,0.8006443999474868,1.0006479000439867,38.52111800003331,return,37.705283600022085,None,,,,,,,,,,,,,,,,,,,,,,,,,,,,,,,,,,,,,,,,,,,,,,,,,,,,,,,,,,,,,,,,,,,,,,,,,,,,,,,,,,,,,,,,,,,,,,,,,,,,,,,,,,,,,,,,,,,,,,,,,,,,,,,,,,,,,,,,,,,,,,,,,,,,,,,,,,,,,,,,,,,,,,,,,,,,,,,,,,,,,,,,,,,,,,,,,,,,,,,,,,,,,,,,,,,,,,,,,,,,,,,,,,,,,,,001,001,2026-04-09_22h08.18.314,Train3Laptop,,2026.1.1,60.08344387873544,2026-04-09 22h08.19.421849 +0200,
03-1,031_Grey.jpg,True,Grey,45,49,57,03-1/031_Grey_0.png,0,0,0,"['space', 'space', 'space']","[7.101453099981882, 8.569632899947464, 10.058748199953698]","[0.12472159997560084, 0.12514020001981407, 0.1976713000331074]",0,,,0,,,0,,,1,14.567398600047454,14.567408000002615,0,,,0,,,0,,,0,,,0,,,0,,,0,,,0,,,0,,,0,,,5.0,1.5476262000156567,"[(5.0, 1.5476262000156567)]","[0.365, 0.041666666666666664]","[-0.005833333333333334, -0.25416666666666665]","[1, 1]","[0, 0]","[0, 0]","[1.3052685000002384, 2.3175624000141397]","[None, 'button2']",1,[2.3362790000392124],[2.3362837000750005],0,,,0,,,0,,,0,,,0,,,0,,,0,,,0,,,0,,,0,,,0,,,0,,,0,,,0,,,1,[0.5021936999401078],[0.5021993999835104],0,,,0,,,0,,,0,,,0,,,0,,,0,,,0,,,0,,,0,,,0,,,0,,,0,,,0,,,None,0,0,0,36,38.71500119997654,,,,,,,,,,,03-1/031_Grey_0.png,38.53887319995556,38.540104900021106,03-1/031_Grey_0.png,True,Grey,45,49,57,"[8.08442080009263, 9.473276000004262, 11.035288300015964]",03-1/031_Grey_0.png,1,,38.6043569999747,38.71500119997654,38.71500119997654,38.71500119997654,38.71500119997654,38.71500119997654,38.71500119997654,38.71500119997654,38.71500119997654,38.71500119997654,38.71500119997654,38.71500119997654,38.71500119997654,38.71500119997654,38.71500119997654,38.71500119997654,38.71500119997654,38.71500119997654,38.71500119997654,38.71500119997654,38.71500119997654,38.88041260000318,39.43245329998899,53.109400199959055,Grey,3,"['space', 'space', 'space']","[7.101453099981882, 8.569632899947464, 10.058748199953698]","[0.12472159997560084, 0.12514020001981407, 0.1976713000331074]",0,,,0,,,0,,,1,14.567398600047454,14.567408000002615,0,,,0,,,0,,,0,,,0,,,0,,,0,,,0,,,0,,,0,,,Grey,55.797758499975316,55.81553340004757,56.14802810002584,53.477792000048794,53.51278920006007,53.51278920006007,0.01807580003514886,53.51278920006007,53.51278920006007,55.0625202000374,55.79731339996215,5.0,1.5476262000156567,"[(5.0, 1.5476262000156567)]","[0.365, 0.041666666666666664]","[-0.005833333333333334, -0.25416666666666665]","[1, 1]","[0, 0]","[0, 0]","[1.3052685000002384, 2.3175624000141397]","[None, 'button2']",1,[2.3362790000392124],[2.3362837000750005],0,,,0,,,0,,,0,,,0,,,0,,,0,,,0,,,0,,,0,,,0,,,0,,,0,,,0,,,56.164688599994406,56.19523069995921,56.19523069995921,56.19523069995921,56.19523069995921,56.19523069995921,56.19523069995921,56.19523069995921,56.65164659998845,1,[0.5021936999401078],[0.5021993999835104],0,,,0,,,0,,,0,,,0,,,0,,,0,,,0,,,0,,,0,,,0,,,0,,,0,,,0,,,None,56.6519769000588,56.66419699997641,57.09749890002422,56.99751949997153,['Grey'],,,,,,,,,,,,,,,,,,,,001,001,2026-04-09_22h08.18.314,Train3Laptop,,2026.1.1,60.08344387873544,2026-04-09 22h08.19.421849 +0200,
01-1,029_Cyan.jpg,True,Cyan,2,100,88,01-1/029_Cyan_0.png,1,1,0,"['space', 'space']","[5.871341499965638, 6.8469591999892145]","[0.11575570004060864, 0.18008670001290739]",0,,,0,,,0,,,0,,,0,,,0,,,0,,,0,,,0,,,0,,,0,,,1,[16.090193899930455],[16.090200799982995],0,,,0,,,5.0,1.2672236000653356,"[(5.0, 1.2672236000653356)]","[0.35583333333333333, 0.04833333333333333]","[-0.04, -0.285]","[1, 1]","[0, 0]","[0, 0]","[1.027907200041227, 2.1105458000674844]","[None, 'button2']",1,[2.1230733999982476],[2.123078600037843],0,,,0,,,0,,,0,,,0,,,0,,,0,,,0,,,0,,,0,,,0,,,0,,,0,,,0,,,1,[0.4502716000424698],[0.4502775000873953],0,,,0,,,0,,,0,,,0,,,0,,,0,,,0,,,0,,,0,,,0,,,0,,,0,,,0,,,None,0,1,1,9,57.09749890002422,,,,,,,,,,,01-1/029_Cyan_0.png,56.9982214999618,56.99829699995462,01-1/029_Cyan_0.png,True,Cyan,2,100,88,"[6.935396299930289, 7.865130199934356]",01-1/029_Cyan_0.png,2,,57.005906700040214,57.09749890002422,57.09749890002422,57.09749890002422,57.09749890002422,57.09749890002422,57.09749890002422,57.09749890002422,57.09749890002422,57.09749890002422,57.09749890002422,57.09749890002422,57.09749890002422,57.09749890002422,57.09749890002422,57.09749890002422,57.09749890002422,57.09749890002422,57.09749890002422,57.09749890002422,57.09749890002422,57.26279049995355,57.947746700025164,73.09029610001016,Cyan,2,"['space', 'space']","[5.871341499965638, 6.8469591999892145]","[0.11575570004060864, 0.18008670001290739]",0,,,0,,,0,,,0,,,0,,,0,,,0,,,0,,,0,,,0,,,0,,,1,[16.090193899930455],[16.090200799982995],0,,,0,,,Cyan,75.5655002000276,75.58068580005784,75.91403970005922,73.45259809994604,73.47789980005473,73.47789980005473,0.012075199978426099,73.47789980005473,,74.74752880004235,75.56505169998854,5.0,1.2672236000653356,"[(5.0, 1.2672236000653356)]","[0.35583333333333333, 0.04833333333333333]","[-0.04, -0.285]","[1, 1]","[0, 0]","[0, 0]","[1.027907200041227, 2.1105458000674844]","[None, 'button2']",1,[2.1230733999982476],[2.123078600037843],0,,,0,,,0,,,0,,,0,,,0,,,0,,,0,,,0,,,0,,,0,,,0,,,0,,,0,,,75.93026080005802,75.94506699999329,75.94506699999329,75.94506699999329,75.94506699999329,75.94506699999329,75.94506699999329,75.94506699999329,76.36778430000413,1,[0.4502716000424698],[0.4502775000873953],0,,,0,,,0,,,0,,,0,,,0,,,0,,,0,,,0,,,0,,,0,,,0,,,0,,,0,,,None,76.36815120000392,76.38018440001179,76.81347020005342,76.71359639998991,"['Grey', 'Cyan']",73.47789980005473,75.94506699999329,,,,,,,,,,,,,,,,,,001,001,2026-04-09_22h08.18.314,Train3Laptop,,2026.1.1,60.08344387873544,2026-04-09 22h08.19.421849 +0200,
03-1,031_Bordeaux.jpg,True,Bordeaux,47,5,21,03-1/031_Bordeaux_0.png,2,2,0,"['space', 'space', 'space', 'space', 'space', 'space', 'space']","[0.42116120003629476, 1.2667080000974238, 5.3239165000850335, 5.862513600033708, 13.411044500069693, 13.811748100095429, 21.28261640004348]","[0.10693510004784912, 0.11600169993471354, 0.13419719994999468, 0.13435099995695055, 0.09796019992791116, 0.08872169989626855, 0.1070544000249356]",0,,,0,,,1,28.27588289999403,28.27588970004581,0,,,0,,,0,,,0,,,0,,,0,,,0,,,0,,,0,,,0,,,0,,,3.0,1.7501256000250578,"[(3.0, 1.7501256000250578)]","[-0.06, -0.04]","[0.01, -0.2941666666666667]","[1, 1]","[0, 0]","[0, 0]","[1.5269022999564186, 2.9273253999417648]","[None, 'button2']",1,[2.9381441000150517],[2.9381492000538856],0,,,0,,,0,,,0,,,0,,,0,,,0,,,0,,,0,,,0,,,0,,,0,,,0,,,0,,,1,[0.6151777999475598],[0.6151872000191361],0,,,0,,,0,,,0,,,0,,,0,,,0,,,0,,,0,,,0,,,0,,,0,,,0,,,0,,,None,0,2,2,35,76.81347020005342,,,,,,,,,,,03-1/031_Bordeaux_0.png,76.71516769996379,76.71532830002252,03-1/031_Bordeaux_0.png,True,Bordeaux,47,5,21,"[1.3872964000329375, 2.280635599978268, 6.313308699987829, 6.910452699987218, 14.446753400028683, 14.846415900043212, 22.245172300026752]",03-1/031_Bordeaux_0.png,3,,76.72739879996516,76.81347020005342,76.81347020005342,76.81347020005342,76.81347020005342,76.81347020005342,76.81347020005342,76.81347020005342,76.81347020005342,76.81347020005342,76.81347020005342,76.81347020005342,76.81347020005342,76.81347020005342,76.81347020005342,76.81347020005342,76.81347020005342,76.81347020005342,76.81347020005342,76.81347020005342,76.81347020005342,77.07924570003524,77.66346299997531,104.99261740001384,Bordeaux,3,"['space', 'space', 'space', 'space', 'space', 'space', 'space']","[0.42116120003629476, 1.2667080000974238, 5.3239165000850335, 5.862513600033708, 13.411044500069693, 13.811748100095429, 21.28261640004348]","[0.10693510004784912, 0.11600169993471354, 0.13419719994999468, 0.13435099995695055, 0.09796019992791116, 0.08872169989626855, 0.1070544000249356]",0,,,0,,,1,28.27588289999403,28.27588970004581,0,,,0,,,0,,,0,,,0,,,0,,,0,,,0,,,0,,,0,,,0,,,Bordeaux,108.28269979998004,108.29556400002912,108.63066470006015,105.35326720005833,105.39355719997548,105.39355719997548,0.01041129999794066,105.39355719997548,,107.12990850000642,108.28232160001062,3.0,1.7501256000250578,"[(3.0, 1.7501256000250578)]","[-0.06, -0.04]","[0.01, -0.2941666666666667]","[1, 1]","[0, 0]","[0, 0]","[1.5269022999564186, 2.9273253999417648]","[None, 'button2']",1,[2.9381441000150517],[2.9381492000538856],0,,,0,,,0,,,0,,,0,,,0,,,0,,,0,,,0,,,0,,,0,,,0,,,0,,,0,,,108.6505561999511,108.66042189998552,108.66042189998552,108.66042189998552,108.66042189998552,108.66042189998552,108.66042189998552,108.66042189998552,109.2497436000267,1,[0.6151777999475598],[0.6151872000191361],0,,,0,,,0,,,0,,,0,,,0,,,0,,,0,,,0,,,0,,,0,,,0,,,0,,,0,,,None,109.25008999998681,109.26228240004275,109.7122138000559,109.5971965000499,"['Grey', 'Cyan', 'Bordeaux']",,108.66042189998552,105.39355719997548,,,,,,,,,,,,,,,,,001,001,2026-04-09_22h08.18.314,Train3Laptop,,2026.1.1,60.08344387873544,2026-04-09 22h08.19.421849 +0200,
01-1,028_Blue.jpg,True,Blue,0,9,96,01-1/028_Blue_0.png,3,3,0,"['space', 'space']","[0.29955670004710555, 1.3197990000480786]","[0.10694700002204627, 0.15209989994764328]",0,,,0,,,0,,,0,,,0,,,0,,,0,,,0,,,1,[6.877822699956596],[6.877832800033502],0,,,0,,,0,,,0,,,0,,,5.0,1.250140400021337,"[(5.0, 1.250140400021337)]","[0.31916666666666665, -0.03833333333333333]","[0.009166666666666667, -0.32416666666666666]","[1, 1]","[0, 0]","[0, 0]","[1.013744099996984, 2.1080623000161722]","[None, 'button2']",1,[2.115845900028944],[2.115850899950601],0,,,0,,,0,,,0,,,0,,,0,,,0,,,0,,,0,,,0,,,0,,,0,,,0,,,0,,,1,[1.1351609999546781],[1.1351665999973193],0,,,0,,,0,,,0,,,0,,,0,,,0,,,0,,,0,,,0,,,0,,,0,,,0,,,0,,,None,0,3,3,12,109.7122138000559,,,,,,,,,,,01-1/028_Blue_0.png,109.59792790003121,109.59801850002259,01-1/028_Blue_0.png,True,Blue,0,9,96,"[1.3335264000343159, 2.3565128999762237]",01-1/028_Blue_0.png,4,,109.60725959995762,109.7122138000559,109.7122138000559,109.7122138000559,109.7122138000559,109.7122138000559,109.7122138000559,109.7122138000559,109.7122138000559,109.7122138000559,109.7122138000559,109.7122138000559,109.7122138000559,109.7122138000559,109.7122138000559,109.7122138000559,109.7122138000559,109.7122138000559,109.7122138000559,109.7122138000559,109.7122138000559,109.87815710005816,110.545415300061,116.47758599999361,Blue,2,"['space', 'space']","[0.29955670004710555, 1.3197990000480786]","[0.10694700002204627, 0.15209989994764328]",0,,,0,,,0,,,0,,,0,,,0,,,0,,,0,,,1,[6.877822699956596],[6.877832800033502],0,,,0,,,0,,,0,,,0,,,Blue,118.94532379996963,118.96237670001574,119.29638690000866,116.83513669995591,116.86039369995706,116.86039369995706,0.007333599962294102,116.86039369995706,,118.11300689994823,118.94495979999192,5.0,1.250140400021337,"[(5.0, 1.250140400021337)]","[0.31916666666666665, -0.03833333333333333]","[0.009166666666666667, -0.32416666666666666]","[1, 1]","[0, 0]","[0, 0]","[1.013744099996984, 2.1080623000161722]","[None, 'button2']",1,[2.115845900028944],[2.115850899950601],0,,,0,,,0,,,0,,,0,,,0,,,0,,,0,,,0,,,0,,,0,,,0,,,0,,,0,,,119.3130471999757,119.32620390004013,119.32620390004013,119.32620390004013,119.32620390004013,119.32620390004013,119.32620390004013,119.32620390004013,120.43266169994604,1,[1.1351609999546781],[1.1351665999973193],0,,,0,,,0,,,0,,,0,,,0,,,0,,,0,,,0,,,0,,,0,,,0,,,0,,,0,,,None,120.43303940002806,120.44671599997673,120.8797148000449,120.78061979997437,"['Grey', 'Cyan', 'Bordeaux', 'Blue']",,,,116.86039369995706,,,,,,,,,,,,,,,,001,001,2026-04-09_22h08.18.314,Train3Laptop,,2026.1.1,60.08344387873544,2026-04-09 22h08.19.421849 +0200,
03-1,011_Teal.jpg,True,Teal,0,45,54,03-1/011_Teal_0.png,4,4,0,"['space', 'space']","[0.5720379999838769, 1.7582334000617266]","[0.09807950002141297, 0.10687589994631708]",0,,,1,15.545658500050195,15.545665999990888,0,,,0,,,0,,,0,,,0,,,0,,,0,,,0,,,0,,,0,,,0,,,0,,,4.0,2.2649178999708965,"[(4.0, 2.2649178999708965)]","[0.1725, 0.05583333333333333]","[0.016666666666666666, -0.26416666666666666]","[1, 1]","[0, 0]","[0, 0]","[2.028633499983698, 3.477241199929267]","[None, 'button2']",1,[3.4819012000225484],[3.4819058999419212],0,,,0,,,0,,,0,,,0,,,0,,,0,,,0,,,0,,,0,,,0,,,0,,,0,,,0,,,1,[0.5661152000539005],[0.5661247000098228],0,,,0,,,0,,,0,,,0,,,0,,,0,,,0,,,0,,,0,,,0,,,0,,,0,,,0,,,None,0,4,4,20,120.8797148000449,,,,,,,,,,,03-1/011_Teal_0.png,120.7813623000402,120.7814605999738,03-1/011_Teal_0.png,True,Teal,0,45,54,"[1.5401064000325277, 2.7491584999952465]",03-1/011_Teal_0.png,5,,120.79185919999145,120.8797148000449,120.8797148000449,120.8797148000449,120.8797148000449,120.8797148000449,120.8797148000449,120.8797148000449,120.8797148000449,120.8797148000449,120.8797148000449,120.8797148000449,120.8797148000449,120.8797148000449,120.8797148000449,120.8797148000449,120.8797148000449,120.8797148000449,120.8797148000449,120.8797148000449,120.8797148000449,121.14383439999074,121.7454088999657,136.3302719000494,Teal,2,"['space', 'space']","[0.5720379999838769, 1.7582334000617266]","[0.09807950002141297, 0.10687589994631708]",0,,,1,15.545658500050195,15.545665999990888,0,,,0,,,0,,,0,,,0,,,0,,,0,,,0,,,0,,,0,,,0,,,0,,,Teal,140.16397770005278,140.17823179997504,140.51148049999028,136.6846842999803,136.70893590000924,136.70893590000924,0.0042016999796032906,136.70893590000924,,138.9779802999692,140.1636090000393,4.0,2.2649178999708965,"[(4.0, 2.2649178999708965)]","[0.1725, 0.05583333333333333]","[0.016666666666666666, -0.26416666666666666]","[1, 1]","[0, 0]","[0, 0]","[2.028633499983698, 3.477241199929267]","[None, 'button2']",1,[3.4819012000225484],[3.4819058999419212],0,,,0,,,0,,,0,,,0,,,0,,,0,,,0,,,0,,,0,,,0,,,0,,,0,,,0,,,140.52743909996934,140.54206959996372,140.54206959996372,140.54206959996372,140.54206959996372,140.54206959996372,140.54206959996372,140.54206959996372,141.0835596000543,1,[0.5661152000539005],[0.5661247000098228],0,,,0,,,0,,,0,,,0,,,0,,,0,,,0,,,0,,,0,,,0,,,0,,,0,,,0,,,None,141.08394339994993,141.09562160004862,141.5281571999658,141.42878059996292,"['Grey', 'Cyan', 'Bordeaux', 'Blue', 'Teal']",,140.54206959996372,,,136.70893590000924,,,,,,,,,,,,,,,001,001,2026-04-09_22h08.18.314,Train3Laptop,,2026.1.1,60.08344387873544,2026-04-09 22h08.19.421849 +0200,
01-t,022_Cyan.jpg,True,Cyan,0,96,90,01-t/022_Cyan_0.png,5,5,0,"['space', 'space']","[0.1506328999530524, 1.2311876999447122]","[0.1159658000105992, 0.09496530005708337]",0,,,0,,,0,,,0,,,0,,,0,,,0,,,0,,,0,,,0,,,0,,,1,[9.478893999941647],[9.478904399904422],0,,,0,,,5.0,1.1667136000469327,"[(5.0, 1.1667136000469327)]","[0.36583333333333334, 0.0525, 0.04583333333333333]","[-0.019166666666666665, -0.24083333333333334, -0.28583333333333333]","[1, 1, 1]","[0, 0, 0]","[0, 0, 0]","[0.9558772000018507, 2.1558051999891177, 3.1388862000312656]","[None, None, 'button2']",1,[3.149130600038916],[3.14913570007775],0,,,0,,,0,,,0,,,0,,,0,,,0,,,0,,,0,,,0,,,0,,,0,,,0,,,0,,,1,[0.5029599999543279],[0.5029706000350416],0,,,0,,,0,,,0,,,0,,,0,,,0,,,0,,,0,,,0,,,0,,,0,,,0,,,0,,,None,0,5,5,1,141.5281571999658,,,,,,,,,,,01-t/022_Cyan_0.png,141.42945499997586,141.42952909995802,01-t/022_Cyan_0.png,True,Cyan,0,96,90,"[1.0899846999673173, 2.204750799923204]",01-t/022_Cyan_0.png,6,,141.43696840002667,141.5281571999658,141.5281571999658,141.5281571999658,141.5281571999658,141.5281571999658,141.5281571999658,141.5281571999658,141.5281571999658,141.5281571999658,141.5281571999658,141.5281571999658,141.5281571999658,141.5281571999658,141.5281571999658,141.5281571999658,141.5281571999658,141.5281571999658,141.5281571999658,141.5281571999658,141.5281571999658,141.7938399000559,142.36148760002106,150.9098290000111,Cyan,2,"['space', 'space']","[0.1506328999530524, 1.2311876999447122]","[0.1159658000105992, 0.09496530005708337]",0,,,0,,,0,,,0,,,0,,,0,,,0,,,0,,,0,,,0,,,0,,,1,[9.478893999941647],[9.478904399904422],0,,,0,,,Cyan,154.41067869996186,154.4278894000454,154.76079219998792,151.2697650999762,151.29164880001917,151.29164880001917,0.00973270006943494,151.29164880001917,,152.49214720004238,154.41033230000176,5.0,1.1667136000469327,"[(5.0, 1.1667136000469327)]","[0.36583333333333334, 0.0525, 0.04583333333333333]","[-0.019166666666666665, -0.24083333333333334, -0.28583333333333333]","[1, 1, 1]","[0, 0, 0]","[0, 0, 0]","[0.9558772000018507, 2.1558051999891177, 3.1388862000312656]","[None, None, 'button2']",1,[3.149130600038916],[3.14913570007775],0,,,0,,,0,,,0,,,0,,,0,,,0,,,0,,,0,,,0,,,0,,,0,,,0,,,0,,,154.7752226999728,154.79176209995057,154.79176209995057,154.79176209995057,154.79176209995057,154.79176209995057,154.79176209995057,154.79176209995057,155.2665713999886,1,[0.5029599999543279],[0.5029706000350416],0,,,0,,,0,,,0,,,0,,,0,,,0,,,0,,,0,,,0,,,0,,,0,,,0,,,0,,,None,155.26700490002986,155.27696619997732,155.70984699996188,155.61179660004564,"['Grey', 'Cyan', 'Bordeaux', 'Blue', 'Teal', 'Cyan']",151.29164880001917,,,,,,,,,,,,,,,,,,,001,001,2026-04-09_22h08.18.314,Train3Laptop,,2026.1.1,60.08344387873544,2026-04-09 22h08.19.421849 +0200,
02-1,010_Pink.jpg,True,Pink,98,0,52,02-1/010_Pink_0.png,6,6,0,"['space', 'space', 'space', 'space']","[7.373543699970469, 7.989776900038123, 9.349260999937542, 9.762011499959044]","[0.15253790002316236, 0.08869409991893917, 0.0890541000990197, 0.0799933000234887]",0,,,0,,,0,,,0,,,0,,,1,14.977382400073111,14.97739030001685,0,,,0,,,0,,,0,,,0,,,0,,,0,,,0,,,5.0,1.781539799994789,"[(5.0, 1.781539799994789)]","[0.355, 0.058333333333333334]","[-0.006666666666666667, -0.2891666666666667]","[1, 1]","[0, 0]","[0, 0]","[1.5564585999818519, 2.8398083000211045]","[None, 'button2']",1,[2.850917199975811],[2.8509227000176907],0,,,0,,,0,,,0,,,0,,,0,,,0,,,0,,,0,,,0,,,0,,,0,,,0,,,0,,,1,[0.7997457999736071],[0.7997524000238627],0,,,0,,,0,,,0,,,0,,,0,,,0,,,0,,,0,,,0,,,0,,,0,,,0,,,0,,,None,0,6,6,0,155.70984699996188,,,,,,,,,,,02-1/010_Pink_0.png,155.61318730004132,155.61331950000022,02-1/010_Pink_0.png,True,Pink,98,0,52,"[8.323923300020397, 9.00380450009834, 10.299227700103074, 10.770443600020371]",02-1/010_Pink_0.png,7,,155.6255071000196,155.70984699996188,155.70984699996188,155.70984699996188,155.70984699996188,155.70984699996188,155.70984699996188,155.70984699996188,155.70984699996188,155.70984699996188,155.70984699996188,155.70984699996188,155.70984699996188,155.70984699996188,155.70984699996188,155.70984699996188,155.70984699996188,155.70984699996188,155.70984699996188,155.70984699996188,155.70984699996188,155.90913879999425,156.54346900002565,170.5933133000508,Pink,0,"['space', 'space', 'space', 'space']","[7.373543699970469, 7.989776900038123, 9.349260999937542, 9.762011499959044]","[0.15253790002316236, 0.08869409991893917, 0.0890541000990197, 0.0799933000234887]",0,,,0,,,0,,,0,,,0,,,1,14.977382400073111,14.97739030001685,0,,,0,,,0,,,0,,,0,,,0,,,0,,,0,,,Pink,173.79614780005068,173.80989290005527,174.14577039994765,170.95414239994716,170.99185880005825,170.99185880005825,0.010557700064964592,170.99185880005825,,172.777481899946,173.7957793000387,5.0,1.781539799994789,"[(5.0, 1.781539799994789)]","[0.355, 0.058333333333333334]","[-0.006666666666666667, -0.2891666666666667]","[1, 1]","[0, 0]","[0, 0]","[1.5564585999818519, 2.8398083000211045]","[None, 'button2']",1,[2.850917199975811],[2.8509227000176907],0,,,0,,,0,,,0,,,0,,,0,,,0,,,0,,,0,,,0,,,0,,,0,,,0,,,0,,,174.16567500005476,174.17443450004794,174.17443450004794,174.17443450004794,174.17443450004794,174.17443450004794,174.17443450004794,174.17443450004794,174.94772739999462,1,[0.7997457999736071],[0.7997524000238627],0,,,0,,,0,,,0,,,0,,,0,,,0,,,0,,,0,,,0,,,0,,,0,,,0,,,0,,,None,174.94806269998662,174.961144000059,175.40995350002777,175.29678330000024,"['Grey', 'Cyan', 'Bordeaux', 'Blue', 'Teal', 'Cyan', 'Pink']",,174.17443450004794,,,,170.99185880005825,,,,,,,,,,,,,,001,001,2026-04-09_22h08.18.314,Train3Laptop,,2026.1.1,60.08344387873544,2026-04-09 22h08.19.421849 +0200,
03-1,032_Bordeaux.jpg,True,Bordeaux,50,0,18,03-1/032_Bordeaux_0.png,7,7,0,"['space', 'space', 'space']","[9.686587500036694, 10.146319600054994, 16.34150059998501]","[0.1072105000494048, 0.12524359999224544, 0.1796440000180155]",0,,,0,,,1,22.99175019992981,22.991762200021185,0,,,0,,,0,,,0,,,0,,,0,,,0,,,0,,,0,,,0,,,0,,,4.0,2.2646826999261975,"[(4.0, 2.2646826999261975)]","[0.13833333333333334, -0.006666666666666667]","[0.004166666666666667, -0.30916666666666665]","[1, 1]","[0, 0]","[0, 0]","[2.0283346000360325, 3.0783654999686405]","[None, 'button2']",1,[3.0860388999572024],[3.086043699993752],0,,,0,,,0,,,0,,,0,,,0,,,0,,,0,,,0,,,0,,,0,,,0,,,0,,,0,,,1,[1.54887709999457],[1.548883100040257],0,,,0,,,0,,,0,,,0,,,0,,,0,,,0,,,0,,,0,,,0,,,0,,,0,,,0,,,None,0,7,7,37,175.40995350002777,,,,,,,,,,,03-1/032_Bordeaux_0.png,175.2975010999944,175.29759830003604,03-1/032_Bordeaux_0.png,True,Bordeaux,50,0,18,"[10.691231100005098, 11.190643699956127, 17.326755399932154]",03-1/032_Bordeaux_0.png,8,,175.30849870003294,175.40995350002777,175.40995350002777,175.40995350002777,175.40995350002777,175.40995350002777,175.40995350002777,175.40995350002777,175.40995350002777,175.40995350002777,175.40995350002777,175.40995350002777,175.40995350002777,175.40995350002777,175.40995350002777,175.40995350002777,175.40995350002777,175.40995350002777,175.40995350002777,175.40995350002777,175.40995350002777,175.59304459998384,176.26019920001272,198.290533100022,Bordeaux,3,"['space', 'space', 'space']","[9.686587500036694, 10.146319600054994, 16.34150059998501]","[0.1072105000494048, 0.12524359999224544, 0.1796440000180155]",0,,,0,,,1,22.99175019992981,22.991762200021185,0,,,0,,,0,,,0,,,0,,,0,,,0,,,0,,,0,,,0,,,0,,,Bordeaux,201.7286832999671,201.7420125999488,202.0755710999947,198.64796109998133,198.6738209000323,198.6738209000323,0.007212799973785877,198.6738209000323,,200.94231760001276,201.7282750000013,4.0,2.2646826999261975,"[(4.0, 2.2646826999261975)]","[0.13833333333333334, -0.006666666666666667]","[0.004166666666666667, -0.30916666666666665]","[1, 1]","[0, 0]","[0, 0]","[2.0283346000360325, 3.0783654999686405]","[None, 'button2']",1,[3.0860388999572024],[3.086043699993752],0,,,0,,,0,,,0,,,0,,,0,,,0,,,0,,,0,,,0,,,0,,,0,,,0,,,0,,,202.095787200029,202.1063810000196,202.1063810000196,202.1063810000196,202.1063810000196,202.1063810000196,202.1063810000196,202.1063810000196,203.62921090004966,1,[1.54887709999457],[1.548883100040257],0,,,0,,,0,,,0,,,0,,,0,,,0,,,0,,,0,,,0,,,0,,,0,,,0,,,0,,,None,203.62952680001035,203.64200850005727,204.0754590999568,203.97680249996483,"['Grey', 'Cyan', 'Bordeaux', 'Blue', 'Teal', 'Cyan', 'Pink', 'Bordeaux']",,202.1063810000196,198.6738209000323,,,,,,,,,,,,,,,,,001,001,2026-04-09_22h08.18.314,Train3Laptop,,2026.1.1,60.08344387873544,2026-04-09 22h08.19.421849 +0200,
03-1,029_Teal.jpg,True,Teal,0,47,43,03-1/029_Teal_0.png,8,8,0,"['space', 'space', 'space', 'space', 'space', 'space']","[4.476993600022979, 6.947143499972299, 7.577474100049585, 8.0238282000646, 8.450462499982677, 9.391422100015916]","[0.10670270002447069, 0.12501170008908957, 0.11618879996240139, 0.19768769992515445, 0.08891699998639524, 0.11573850002605468]",0,,,1,17.60515600000508,17.60516329994425,0,,,0,,,0,,,0,,,0,,,0,,,0,,,0,,,0,,,0,,,0,,,0,,,4.0,1.498198000015691,"[(4.0, 1.498198000015691)]","[0.12, 0.021666666666666667]","[0.004166666666666667, -0.2916666666666667]","[1, 1]","[0, 0]","[0, 0]","[1.2566905999556184, 2.7409240999259055]","[None, 'button2']",1,[2.7590238000266254],[2.7590291999513283],0,,,0,,,0,,,0,,,0,,,0,,,0,,,0,,,0,,,0,,,0,,,0,,,0,,,0,,,1,[0.6306980000808835],[0.6307044000132009],0,,,0,,,0,,,0,,,0,,,0,,,0,,,0,,,0,,,0,,,0,,,0,,,0,,,0,,,None,0,8,8,34,204.0754590999568,,,,,,,,,,,03-1/029_Teal_0.png,203.9775404999964,203.97763760003727,03-1/029_Teal_0.png,True,Teal,0,47,43,"[5.444003799930215, 7.9178850000025705, 8.526585799991153, 8.93821970000863, 9.33449609996751, 10.356742299976759]",03-1/029_Teal_0.png,9,,203.98776719998568,204.0754590999568,204.0754590999568,204.0754590999568,204.0754590999568,204.0754590999568,204.0754590999568,204.0754590999568,204.0754590999568,204.0754590999568,204.0754590999568,204.0754590999568,204.0754590999568,204.0754590999568,204.0754590999568,204.0754590999568,204.0754590999568,204.0754590999568,204.0754590999568,204.0754590999568,204.0754590999568,204.32534700003453,204.858772699954,221.5854890999617,Teal,2,"['space', 'space', 'space', 'space', 'space', 'space']","[4.476993600022979, 6.947143499972299, 7.577474100049585, 8.0238282000646, 8.450462499982677, 9.391422100015916]","[0.10670270002447069, 0.12501170008908957, 0.11618879996240139, 0.19768769992515445, 0.08891699998639524, 0.11573850002605468]",0,,,1,17.60515600000508,17.60516329994425,0,,,0,,,0,,,0,,,0,,,0,,,0,,,0,,,0,,,0,,,0,,,0,,,Teal,224.69666270003654,224.70914619998075,225.04246310004964,221.9531434000237,221.9898243000498,221.9898243000498,0.01742509996984154,221.9898243000498,,223.48965360003058,224.6962562999688,4.0,1.498198000015691,"[(4.0, 1.498198000015691)]","[0.12, 0.021666666666666667]","[0.004166666666666667, -0.2916666666666667]","[1, 1]","[0, 0]","[0, 0]","[1.2566905999556184, 2.7409240999259055]","[None, 'button2']",1,[2.7590238000266254],[2.7590291999513283],0,,,0,,,0,,,0,,,0,,,0,,,0,,,0,,,0,,,0,,,0,,,0,,,0,,,0,,,225.06477709999308,225.0725210000528,225.0725210000528,225.0725210000528,225.0725210000528,225.0725210000528,225.0725210000528,225.0725210000528,225.67926250002347,1,[0.6306980000808835],[0.6307044000132009],0,,,0,,,0,,,0,,,0,,,0,,,0,,,0,,,0,,,0,,,0,,,0,,,0,,,0,,,None,225.6796016000444,225.6918127000099,226.10793159995228,226.02673020004295,"['Grey', 'Cyan', 'Bordeaux', 'Blue', 'Teal', 'Cyan', 'Pink', 'Bordeaux', 'Teal']",,225.0725210000528,,,221.9898243000498,,,,,,,,,,,,,,,001,001,2026-04-09_22h08.18.314,Train3Laptop,,2026.1.1,60.08344387873544,2026-04-09 22h08.19.421849 +0200,
03-1,019_Brown.jpg,True,Brown,50,17,0,03-1/019_Brown_0.png,9,9,0,"['space', 'space', 'space', 'space', 'space']","[2.2081310000503436, 3.6463681999593973, 5.178657499956898, 5.743231300031766, 7.927994800033048]","[0.1436035999795422, 0.11636700003873557, 0.10670550004579127, 0.12555769993923604, 0.10704739997163415]",1,22.982132000033744,22.98213899997063,0,,,0,,,0,,,0,,,0,,,0,,,0,,,0,,,0,,,0,,,0,,,0,,,0,,,5.0,1.7663951000431553,"[(5.0, 1.7663951000431553)]","[0.3408333333333333, 0.04416666666666667]","[-0.0175, -0.2683333333333333]","[1, 1]","[0, 0]","[0, 0]","[1.5302290000254288, 2.924666599952616]","[None, 'button2']",1,[2.9259596000192687],[2.9259647000581026],0,,,0,,,0,,,0,,,0,,,0,,,0,,,0,,,0,,,0,,,0,,,0,,,0,,,0,,,1,[0.5862237999681383],[0.5862298000138253],0,,,0,,,0,,,0,,,0,,,0,,,0,,,0,,,0,,,0,,,0,,,0,,,0,,,0,,,None,0,9,9,28,226.10793159995228,,,,,,,,,,,03-1/019_Brown_0.png,226.02742699999362,226.02750430000015,03-1/019_Brown_0.png,True,Brown,50,17,0,"[3.1467086999909952, 4.6220743000740185, 6.129205900011584, 6.720966699998826, 8.899129100027494]",03-1/019_Brown_0.png,10,,226.03609780000988,226.10793159995228,226.10793159995228,226.10793159995228,226.10793159995228,226.10793159995228,226.10793159995228,226.10793159995228,226.10793159995228,226.10793159995228,226.10793159995228,226.10793159995228,226.10793159995228,226.10793159995228,226.10793159995228,226.10793159995228,226.10793159995228,226.10793159995228,226.10793159995228,226.10793159995228,226.10793159995228,226.3569687999552,226.9412144999951,249.01268929999787,Brown,1,"['space', 'space', 'space', 'space', 'space']","[2.2081310000503436, 3.6463681999593973, 5.178657499956898, 5.743231300031766, 7.927994800033048]","[0.1436035999795422, 0.11636700003873557, 0.10670550004579127, 0.12555769993923604, 0.10704739997163415]",1,22.982132000033744,22.98213899997063,0,,,0,,,0,,,0,,,0,,,0,,,0,,,0,,,0,,,0,,,0,,,0,,,0,,,Brown,252.29060279997066,252.307878099964,252.64115419995505,249.36378819996025,249.38808389997575,249.38808389997575,0.0008694999851286411,249.38808389997575,,251.1576514999615,252.29020950000267,5.0,1.7663951000431553,"[(5.0, 1.7663951000431553)]","[0.3408333333333333, 0.04416666666666667]","[-0.0175, -0.2683333333333333]","[1, 1]","[0, 0]","[0, 0]","[1.5302290000254288, 2.924666599952616]","[None, 'button2']",1,[2.9259596000192687],[2.9259647000581026],0,,,0,,,0,,,0,,,0,,,0,,,0,,,0,,,0,,,0,,,0,,,0,,,0,,,0,,,252.65814349998254,252.6711917000357,252.6711917000357,252.6711917000357,252.6711917000357,252.6711917000357,252.6711917000357,252.6711917000357,253.2288729000138,1,[0.5862237999681383],[0.5862298000138253],0,,,0,,,0,,,0,,,0,,,0,,,0,,,0,,,0,,,0,,,0,,,0,,,0,,,0,,,None,253.22918939997908,253.24074359994847,253.6735495000612,253.57366620004177,"['Grey', 'Cyan', 'Bordeaux', 'Blue', 'Teal', 'Cyan', 'Pink', 'Bordeaux', 'Teal', 'Brown']",,249.38808389997575,,,,,249.38808389997575,,,,,,,,,,,,,001,001,2026-04-09_22h08.18.314,Train3Laptop,,2026.1.1,60.08344387873544,2026-04-09 22h08.19.421849 +0200,
03-1,006_Teal.jpg,True,Teal,0,46,53,03-1/006_Teal_0.png,10,10,0,"['space', 'space', 'space', 'space', 'space', 'space']","[6.300241900025867, 7.409715199959464, 8.1870933000464, 8.469035199959762, 8.706454899976961, 9.001516700023785]","[0.13402310002129525, 0.13414360000751913, 0.11587759992107749, 0.09785810008179396, 0.08916590001899749, 0.09764049993827939]",0,,,1,14.640882799983956,14.640892899944447,0,,,0,,,0,,,0,,,0,,,0,,,0,,,0,,,0,,,0,,,0,,,0,,,5.0,3.5646607000380754,"[(5.0, 3.5646607000380754)]","[0.37416666666666665, 0.03833333333333333]","[-0.01, -0.2991666666666667]","[1, 1]","[0, 0]","[0, 0]","[3.345479599898681, 7.712281599990092]","[None, 'button2']",1,[7.721529999980703],[7.721534800017253],0,,,0,,,0,,,0,,,0,,,0,,,0,,,0,,,0,,,0,,,0,,,0,,,0,,,0,,,1,[1.1316181999864057],[1.1316244000336155],0,,,0,,,0,,,0,,,0,,,0,,,0,,,0,,,0,,,0,,,0,,,0,,,0,,,0,,,None,0,10,10,17,253.6735495000612,,,,,,,,,,,03-1/006_Teal_0.png,253.57539679994807,253.5755715999985,03-1/006_Teal_0.png,True,Teal,0,46,53,"[7.273935399949551, 8.378446400049143, 9.17436149995774, 9.378790199989453, 9.680336999939755, 9.973890500026755]",03-1/006_Teal_0.png,11,,253.5880921999924,253.6735495000612,253.6735495000612,253.6735495000612,253.6735495000612,253.6735495000612,253.6735495000612,253.6735495000612,253.6735495000612,253.6735495000612,253.6735495000612,253.6735495000612,253.6735495000612,253.6735495000612,253.6735495000612,253.6735495000612,253.6735495000612,253.6735495000612,253.6735495000612,253.6735495000612,253.6735495000612,253.94015699997544,254.47339940001257,268.2194411000237,Teal,2,"['space', 'space', 'space', 'space', 'space', 'space']","[6.300241900025867, 7.409715199959464, 8.1870933000464, 8.469035199959762, 8.706454899976961, 9.001516700023785]","[0.13402310002129525, 0.13414360000751913, 0.11587759992107749, 0.09785810008179396, 0.08916590001899749, 0.09764049993827939]",0,,,1,14.640882799983956,14.640892899944447,0,,,0,,,0,,,0,,,0,,,0,,,0,,,0,,,0,,,0,,,0,,,0,,,Teal,276.29289080004673,276.3064942000201,276.64001219999045,268.57851889997255,268.6042655999772,268.6042655999772,0.008851599995978177,268.6042655999772,,272.1729876999743,276.29252420004923,5.0,3.5646607000380754,"[(5.0, 3.5646607000380754)]","[0.37416666666666665, 0.03833333333333333]","[-0.01, -0.2991666666666667]","[1, 1]","[0, 0]","[0, 0]","[3.345479599898681, 7.712281599990092]","[None, 'button2']",1,[7.721529999980703],[7.721534800017253],0,,,0,,,0,,,0,,,0,,,0,,,0,,,0,,,0,,,0,,,0,,,0,,,0,,,0,,,276.65629069996066,276.6702809999697,276.6702809999697,276.6702809999697,276.6702809999697,276.6702809999697,276.6702809999697,276.6702809999697,277.77624070004094,1,[1.1316181999864057],[1.1316244000336155],0,,,0,,,0,,,0,,,0,,,0,,,0,,,0,,,0,,,0,,,0,,,0,,,0,,,0,,,None,277.77656739996746,277.7899720000569,278.23934500000905,278.1232769000344,"['Grey', 'Cyan', 'Bordeaux', 'Blue', 'Teal', 'Cyan', 'Pink', 'Bordeaux', 'Teal', 'Brown', 'Teal']",,276.6702809999697,,,268.6042655999772,,,,,,,,,,,,,,,001,001,2026-04-09_22h08.18.314,Train3Laptop,,2026.1.1,60.08344387873544,2026-04-09 22h08.19.421849 +0200,
02-1,014_Pink.jpg,True,Pink,100,9,40,02-1/014_Pink_0.png,11,11,0,"['space', 'space', 'space', 'space']","[13.255170200020075, 14.421019800007343, 15.931238900055178, 16.434517899993807]","[0.079554200056009, 0.08899910002946854, 0.079422099981457, 0.08909400005359203]",0,,,0,,,0,,,0,,,0,,,1,20.590133899939246,20.59014109999407,0,,,0,,,0,,,0,,,0,,,0,,,0,,,0,,,5.0,1.1668564000865445,"[(5.0, 1.1668564000865445)]","[0.3616666666666667, 0.030833333333333334]","[-0.021666666666666667, -0.30333333333333334]","[1, 1]","[0, 0]","[0, 0]","[0.9586821999400854, 2.243951999931596]","[None, 'button2']",1,[2.2543338000541553],[2.2543387000914663],0,,,0,,,0,,,0,,,0,,,0,,,0,,,0,,,0,,,0,,,0,,,0,,,0,,,0,,,1,[0.6988697000779212],[0.6988777000224218],0,,,0,,,0,,,0,,,0,,,0,,,0,,,0,,,0,,,0,,,0,,,0,,,0,,,0,,,None,0,11,11,4,278.23934500000905,,,,,,,,,,,02-1/014_Pink_0.png,278.12497250002343,278.1251288000494,02-1/014_Pink_0.png,True,Pink,100,9,40,"[14.187876399955712, 15.31277359998785, 16.835247299983166, 17.350800600019284]",02-1/014_Pink_0.png,12,,278.1376597000053,278.23934500000905,278.23934500000905,278.23934500000905,278.23934500000905,278.23934500000905,278.23934500000905,278.23934500000905,278.23934500000905,278.23934500000905,278.23934500000905,278.23934500000905,278.23934500000905,278.23934500000905,278.23934500000905,278.23934500000905,278.23934500000905,278.23934500000905,278.23934500000905,278.23934500000905,278.23934500000905,278.4048656000523,279.0069642000599,298.7177981999703,Pink,0,"['space', 'space', 'space', 'space']","[13.255170200020075, 14.421019800007343, 15.931238900055178, 16.434517899993807]","[0.079554200056009, 0.08899910002946854, 0.079422099981457, 0.08909400005359203]",0,,,0,,,0,,,0,,,0,,,1,20.590133899939246,20.59014109999407,0,,,0,,,0,,,0,,,0,,,0,,,0,,,0,,,Pink,301.32401860004757,301.33894150005654,301.6729281999869,299.07792459998745,299.1035652999999,299.1035652999999,0.009904400096274912,299.1035652999999,,300.27205519995186,301.3236419999739,5.0,1.1668564000865445,"[(5.0, 1.1668564000865445)]","[0.3616666666666667, 0.030833333333333334]","[-0.021666666666666667, -0.30333333333333334]","[1, 1]","[0, 0]","[0, 0]","[0.9586821999400854, 2.243951999931596]","[None, 'button2']",1,[2.2543338000541553],[2.2543387000914663],0,,,0,,,0,,,0,,,0,,,0,,,0,,,0,,,0,,,0,,,0,,,0,,,0,,,0,,,301.6892200000584,301.7029908000259,301.7029908000259,301.7029908000259,301.7029908000259,301.7029908000259,301.7029908000259,301.7029908000259,302.3742622999707,1,[0.6988697000779212],[0.6988777000224218],0,,,0,,,0,,,0,,,0,,,0,,,0,,,0,,,0,,,0,,,0,,,0,,,0,,,0,,,None,302.3745720000006,302.38963500002865,302.8216518999543,302.72287940001115,"['Grey', 'Cyan', 'Bordeaux', 'Blue', 'Teal', 'Cyan', 'Pink', 'Bordeaux', 'Teal', 'Brown', 'Teal', 'Pink']",,301.7029908000259,,,,299.1035652999999,,,,,,,,,,,,,,001,001,2026-04-09_22h08.18.314,Train3Laptop,,2026.1.1,60.08344387873544,2026-04-09 22h08.19.421849 +0200,
03-1,013_Green.jpg,True,Green,2,100,2,03-1/013_Green_0.png,12,12,0,"['space', 'space']","[0.9279255999717861, 1.6940582999959588]","[0.17079410003498197, 0.07089510001242161]",0,,,0,,,0,,,0,,,0,,,0,,,0,,,0,,,0,,,0,,,0,,,0,,,0,,,1,[5.236848799977452],[5.236857799929567],5.0,1.115518799982965,"[(5.0, 1.115518799982965)]","[0.36333333333333334, 0.041666666666666664]","[0.0125, -0.2966666666666667]","[1, 1]","[0, 0]","[0, 0]","[0.8541536000557244, 1.9002166000427678]","[None, 'button2']",1,[1.923997100093402],[1.924002300016582],0,,,0,,,0,,,0,,,0,,,0,,,0,,,0,,,0,,,0,,,0,,,0,,,0,,,0,,,1,[0.8348409999161959],[0.834846599958837],0,,,0,,,0,,,0,,,0,,,0,,,0,,,0,,,0,,,0,,,0,,,0,,,0,,,0,,,None,0,12,12,22,302.8216518999543,,,,,,,,,,,03-1/013_Green_0.png,302.7238357999595,302.7239493000088,03-1/013_Green_0.png,True,Green,2,100,2,"[1.9356279999483377, 2.6525353000033647]",03-1/013_Green_0.png,13,,302.73332730005495,302.8216518999543,302.8216518999543,302.8216518999543,302.8216518999543,302.8216518999543,302.8216518999543,302.8216518999543,302.8216518999543,302.8216518999543,302.8216518999543,302.8216518999543,302.8216518999543,302.8216518999543,302.8216518999543,302.8216518999543,302.8216518999543,302.8216518999543,302.8216518999543,302.8216518999543,302.8216518999543,303.07089610002004,303.67230570001993,307.9622986000031,Green,2,"['space', 'space']","[0.9279255999717861, 1.6940582999959588]","[0.17079410003498197, 0.07089510001242161]",0,,,0,,,0,,,0,,,0,,,0,,,0,,,0,,,0,,,0,,,0,,,0,,,0,,,1,[5.236848799977452],[5.236857799929567],Green,310.23817889997736,310.2553130000597,310.5887282999465,308.3105485000415,308.33607810002286,308.33607810002286,0.023664900101721287,308.33607810002286,,309.4697248999728,310.2377965999767,5.0,1.115518799982965,"[(5.0, 1.115518799982965)]","[0.36333333333333334, 0.041666666666666664]","[0.0125, -0.2966666666666667]","[1, 1]","[0, 0]","[0, 0]","[0.8541536000557244, 1.9002166000427678]","[None, 'button2']",1,[1.923997100093402],[1.924002300016582],0,,,0,,,0,,,0,,,0,,,0,,,0,,,0,,,0,,,0,,,0,,,0,,,0,,,0,,,310.60413150000386,310.61904809996486,310.61904809996486,310.61904809996486,310.61904809996486,310.61904809996486,310.61904809996486,310.61904809996486,311.42481969995424,1,[0.8348409999161959],[0.834846599958837],0,,,0,,,0,,,0,,,0,,,0,,,0,,,0,,,0,,,0,,,0,,,0,,,0,,,0,,,None,311.42518729995936,311.43865799997,311.8714560000226,311.7722728999797,"['Grey', 'Cyan', 'Bordeaux', 'Blue', 'Teal', 'Cyan', 'Pink', 'Bordeaux', 'Teal', 'Brown', 'Teal', 'Pink', 'Green']",,308.33607810002286,,,,,,308.33607810002286,,,,,,,,,,,,001,001,2026-04-09_22h08.18.314,Train3Laptop,,2026.1.1,60.08344387873544,2026-04-09 22h08.19.421849 +0200,
01-1,010_Red.jpg,True,Red,99,0,12,01-1/010_Red_0.png,13,13,0,['space'],[0.5033856999361888],[0.08870640001259744],0,,,0,,,0,,,0,,,0,,,0,,,0,,,0,,,0,,,0,,,0,,,0,,,1,[5.418101300019771],[5.418110099970363],0,,,4.0,1.2009434999199584,"[(4.0, 1.2009434999199584)]","[0.1825, 0.008333333333333333]","[0.0025, -0.32416666666666666]","[1, 1]","[0, 0]","[0, 0]","[0.9790519999805838, 1.929551300010644]","[None, 'button2']",1,[1.9302494999719784],[1.9302545000100508],0,,,0,,,0,,,0,,,0,,,0,,,0,,,0,,,0,,,0,,,0,,,0,,,0,,,0,,,1,[0.7485249999444932],[0.7485308999894187],0,,,0,,,0,,,0,,,0,,,0,,,0,,,0,,,0,,,0,,,0,,,0,,,0,,,0,,,None,0,13,13,10,311.8714560000226,,,,,,,,,,,01-1/010_Red_0.png,311.7729614999844,311.77304410003126,01-1/010_Red_0.png,True,Red,99,0,12,"[0.8176862000254914, 1.5195815999759361]",01-1/010_Red_0.png,14,,311.7811572999926,311.8714560000226,311.8714560000226,311.8714560000226,311.8714560000226,311.8714560000226,311.8714560000226,311.8714560000226,311.8714560000226,311.8714560000226,311.8714560000226,311.8714560000226,311.8714560000226,311.8714560000226,311.8714560000226,311.8714560000226,311.8714560000226,311.8714560000226,311.8714560000226,311.8714560000226,311.8714560000226,312.12043310003355,312.72139690001495,317.19273849995807,Red,2,['space'],[0.5033856999361888],[0.08870640001259744],0,,,0,,,0,,,0,,,0,,,0,,,0,,,0,,,0,,,0,,,0,,,0,,,1,[5.418101300019771],[5.418110099970363],0,,,Red,319.4749709999887,319.4875547999982,319.8212947000284,317.54327559995,317.5688360000495,317.5688360000495,0.00030120008159428835,317.5688360000495,,318.7719810999697,319.4746094000293,4.0,1.2009434999199584,"[(4.0, 1.2009434999199584)]","[0.1825, 0.008333333333333333]","[0.0025, -0.32416666666666666]","[1, 1]","[0, 0]","[0, 0]","[0.9790519999805838, 1.929551300010644]","[None, 'button2']",1,[1.9302494999719784],[1.9302545000100508],0,,,0,,,0,,,0,,,0,,,0,,,0,,,0,,,0,,,0,,,0,,,0,,,0,,,0,,,319.8370893000392,319.85208710003644,319.85208710003644,319.85208710003644,319.85208710003644,319.85208710003644,319.85208710003644,319.85208710003644,320.57515809999313,1,[0.7485249999444932],[0.7485308999894187],0,,,0,,,0,,,0,,,0,,,0,,,0,,,0,,,0,,,0,,,0,,,0,,,0,,,0,,,None,320.575465300004,320.58768969995435,321.00441299995873,320.92170569999143,"['Grey', 'Cyan', 'Bordeaux', 'Blue', 'Teal', 'Cyan', 'Pink', 'Bordeaux', 'Teal', 'Brown', 'Teal', 'Pink', 'Green', 'Red']",,319.85208710003644,,,,,,,317.5688360000495,,,,,,,,,,,001,001,2026-04-09_22h08.18.314,Train3Laptop,,2026.1.1,60.08344387873544,2026-04-09 22h08.19.421849 +0200,
03-1,013_Grey.jpg,True,Grey,47,53,50,03-1/013_Grey_0.png,14,14,0,['space'],[0.30050539993681014],[0.10714690003078431],0,,,0,,,0,,,1,6.807945000007749,6.807958199991845,0,,,0,,,0,,,0,,,0,,,0,,,0,,,0,,,0,,,0,,,5.0,1.5835832000011578,"[(5.0, 1.5835832000011578)]","[0.35333333333333333, 0.05416666666666667]","[-0.028333333333333332, -0.2833333333333333]","[1, 1]","[0, 0]","[0, 0]","[1.3704871999798343, 2.2716318999882787]","[None, 'button2']",1,[2.2869641000870615],[2.2869686000049114],0,,,0,,,0,,,0,,,0,,,0,,,0,,,0,,,0,,,0,,,0,,,0,,,0,,,0,,,1,[0.4501262999838218],[0.45013270003255457],0,,,0,,,0,,,0,,,0,,,0,,,0,,,0,,,0,,,0,,,0,,,0,,,0,,,0,,,None,0,14,14,23,321.00441299995873,,,,,,,,,,,03-1/013_Grey_0.png,320.92238670005463,320.92246240004897,03-1/013_Grey_0.png,True,Grey,47,53,50,"[0.7143864999525249, 1.2222896999446675]",03-1/013_Grey_0.png,15,,320.93036879994906,321.00441299995873,321.00441299995873,321.00441299995873,321.00441299995873,321.00441299995873,321.00441299995873,321.00441299995873,321.00441299995873,321.00441299995873,321.00441299995873,321.00441299995873,321.00441299995873,321.00441299995873,321.00441299995873,321.00441299995873,321.00441299995873,321.00441299995873,321.00441299995873,321.00441299995873,321.00441299995873,321.25376280001365,321.8381837999914,327.7333930999739,Grey,2,['space'],[0.30050539993681014],[0.10714690003078431],0,,,0,,,0,,,1,6.807945000007749,6.807958199991845,0,,,0,,,0,,,0,,,0,,,0,,,0,,,0,,,0,,,0,,,Grey,330.37221389997285,330.38908570003696,330.7375844999915,328.09827319998294,328.1357046000194,328.1357046000194,0.014700100058689713,328.1357046000194,328.1357046000194,329.7041790999938,330.37186229997315,5.0,1.5835832000011578,"[(5.0, 1.5835832000011578)]","[0.35333333333333333, 0.05416666666666667]","[-0.028333333333333332, -0.2833333333333333]","[1, 1]","[0, 0]","[0, 0]","[1.3704871999798343, 2.2716318999882787]","[None, 'button2']",1,[2.2869641000870615],[2.2869686000049114],0,,,0,,,0,,,0,,,0,,,0,,,0,,,0,,,0,,,0,,,0,,,0,,,0,,,0,,,330.75573039997835,330.7688791999826,330.7688791999826,330.7688791999826,330.7688791999826,330.7688791999826,330.7688791999826,330.7688791999826,331.1745163999731,1,[0.4501262999838218],[0.45013270003255457],0,,,0,,,0,,,0,,,0,,,0,,,0,,,0,,,0,,,0,,,0,,,0,,,0,,,0,,,None,331.1750105000101,331.18807759997435,331.6210417000111,331.52116989996284,"['Grey', 'Cyan', 'Bordeaux', 'Blue', 'Teal', 'Cyan', 'Pink', 'Bordeaux', 'Teal', 'Brown', 'Teal', 'Pink', 'Green', 'Red', 'Grey']",,,,,,,,,,,,,,,,,,,,001,001,2026-04-09_22h08.18.314,Train3Laptop,,2026.1.1,60.08344387873544,2026-04-09 22h08.19.421849 +0200,
03-1,011_Brown.jpg,True,Brown,50,15,0,03-1/011_Brown_0.png,15,15,0,"['space', 'space', 'space', 'space']","[0.3145170999923721, 6.096191500080749, 11.327564400038682, 11.823034700006247]","[0.07991570001468062, 0.10678309993818402, 0.13399140001274645, 0.14322259998880327]",1,19.458145100041293,19.45815159997437,0,,,0,,,0,,,0,,,0,,,0,,,0,,,0,,,0,,,0,,,0,,,0,,,0,,,4.0,2.566352599998936,"[(4.0, 2.566352599998936)]","[0.16583333333333333, -0.024166666666666666]","[0.006666666666666667, -0.29333333333333333]","[1, 1]","[0, 0]","[0, 0]","[2.329779400024563, 3.163235199986957]","[None, 'button2']",1,[3.17172920005396],[3.171734100091271],0,,,0,,,0,,,0,,,0,,,0,,,0,,,0,,,0,,,0,,,0,,,0,,,0,,,0,,,1,[0.5265906000277027],[0.5265989999752492],0,,,0,,,0,,,0,,,0,,,0,,,0,,,0,,,0,,,0,,,0,,,0,,,0,,,0,,,None,0,15,15,19,331.6210417000111,,,,,,,,,,,03-1/011_Brown_0.png,331.5218239000533,331.52189860004,03-1/011_Brown_0.png,True,Brown,50,15,0,"[0.8209248000057414, 1.2705862999428064, 7.086451799958013, 12.305976500036195, 12.773338499944657]",03-1/011_Brown_0.png,16,,331.5299043999985,331.6210417000111,331.6210417000111,331.6210417000111,331.6210417000111,331.6210417000111,331.6210417000111,331.6210417000111,331.6210417000111,331.6210417000111,331.6210417000111,331.6210417000111,331.6210417000111,331.6210417000111,331.6210417000111,331.6210417000111,331.6210417000111,331.6210417000111,331.6210417000111,331.6210417000111,331.6210417000111,331.870717599988,332.4706516000442,350.98322950000875,Brown,1,"['space', 'space', 'space', 'space']","[0.3145170999923721, 6.096191500080749, 11.327564400038682, 11.823034700006247]","[0.07991570001468062, 0.10678309993818402, 0.13399140001274645, 0.14322259998880327]",1,19.458145100041293,19.45815159997437,0,,,0,,,0,,,0,,,0,,,0,,,0,,,0,,,0,,,0,,,0,,,0,,,0,,,Brown,354.50681110005826,354.519738300005,354.85342419997323,351.34156860003714,351.3682620000327,351.3682620000327,0.008113900083117187,351.3682620000327,,353.95102479995694,354.50643409998156,4.0,2.566352599998936,"[(4.0, 2.566352599998936)]","[0.16583333333333333, -0.024166666666666666]","[0.006666666666666667, -0.29333333333333333]","[1, 1]","[0, 0]","[0, 0]","[2.329779400024563, 3.163235199986957]","[None, 'button2']",1,[3.17172920005396],[3.171734100091271],0,,,0,,,0,,,0,,,0,,,0,,,0,,,0,,,0,,,0,,,0,,,0,,,0,,,0,,,354.87093740003183,354.8840304999612,354.8840304999612,354.8840304999612,354.8840304999612,354.8840304999612,354.8840304999612,354.8840304999612,355.3851490999805,1,[0.5265906000277027],[0.5265989999752492],0,,,0,,,0,,,0,,,0,,,0,,,0,,,0,,,0,,,0,,,0,,,0,,,0,,,0,,,None,355.3854667999549,355.4015559999971,,355.7366388000082,"['Grey', 'Cyan', 'Bordeaux', 'Blue', 'Teal', 'Cyan', 'Pink', 'Bordeaux', 'Teal', 'Brown', 'Teal', 'Pink', 'Green', 'Red', 'Grey', 'Brown']",,354.8840304999612,,,,,351.3682620000327,,,,,,,,,,,,,001,001,2026-04-09_22h08.18.314,Train3Laptop,,2026.1.1,60.08344387873544,2026-04-09 22h08.19.421849 +0200,
03-1,019_Teal.jpg,True,Teal,0,44,49,03-1/019_Teal_0.png,16,16,0,"['space', 'space']","[0.7638060000026599, 1.4536637000273913]","[0.12510470009874552, 0.08857849997002631]",0,,,1,8.424362399964593,8.424372499925084,0,,,0,,,0,,,0,,,0,,,0,,,0,,,0,,,0,,,0,,,0,,,0,,,5.0,1.4178016999503598,"[(5.0, 1.4178016999503598)]","[0.3225, 0.0008333333333333334]","[-0.023333333333333334, -0.2683333333333333]","[1, 1]","[0, 0]","[0, 0]","[1.1781383999623358, 2.1433622000040486]","[None, 'button2']",1,[2.155584799940698],[2.155592600000091],0,,,0,,,0,,,0,,,0,,,0,,,0,,,0,,,0,,,0,,,0,,,0,,,0,,,0,,,1,[0.8164524999447167],[0.816457899985835],0,,,0,,,0,,,0,,,0,,,0,,,0,,,0,,,0,,,0,,,0,,,0,,,0,,,0,,,None,0,16,16,29,355.8197516000364,,,,,,,,,,,03-1/019_Teal_0.png,355.7373418000061,355.7374421999557,03-1/019_Teal_0.png,True,Teal,0,44,49,"[1.714460999937728, 2.41179679997731]",03-1/019_Teal_0.png,17,,355.74493819999043,355.8197516000364,355.8197516000364,355.8197516000364,355.8197516000364,355.8197516000364,355.8197516000364,355.8197516000364,355.8197516000364,355.8197516000364,355.8197516000364,355.8197516000364,355.8197516000364,355.8197516000364,355.8197516000364,355.8197516000364,355.8197516000364,355.8197516000364,355.8197516000364,355.8197516000364,355.8197516000364,356.0696305000456,356.65320309996605,364.1642969000386,Teal,2,"['space', 'space']","[0.7638060000026599, 1.4536637000273913]","[0.12510470009874552, 0.08857849997002631]",0,,,1,8.424362399964593,8.424372499925084,0,,,0,,,0,,,0,,,0,,,0,,,0,,,0,,,0,,,0,,,0,,,0,,,Teal,366.67194989998825,366.68677539995406,367.0199601999484,364.52619650005363,364.5503768000053,364.5503768000053,0.011700899922288954,364.5503768000053,,365.96950610005297,366.6715762000531,5.0,1.4178016999503598,"[(5.0, 1.4178016999503598)]","[0.3225, 0.0008333333333333334]","[-0.023333333333333334, -0.2683333333333333]","[1, 1]","[0, 0]","[0, 0]","[1.1781383999623358, 2.1433622000040486]","[None, 'button2']",1,[2.155584799940698],[2.155592600000091],0,,,0,,,0,,,0,,,0,,,0,,,0,,,0,,,0,,,0,,,0,,,0,,,0,,,0,,,367.03613589995075,367.05039250000846,367.05039250000846,367.05039250000846,367.05039250000846,367.05039250000846,367.05039250000846,367.05039250000846,367.84026690002065,1,[0.8164524999447167],[0.816457899985835],0,,,0,,,0,,,0,,,0,,,0,,,0,,,0,,,0,,,0,,,0,,,0,,,0,,,0,,,None,367.8405622000573,367.85241080005653,368.28642260003835,368.18606290000025,"['Grey', 'Cyan', 'Bordeaux', 'Blue', 'Teal', 'Cyan', 'Pink', 'Bordeaux', 'Teal', 'Brown', 'Teal', 'Pink', 'Green', 'Red', 'Grey', 'Brown', 'Teal']",,367.05039250000846,,,364.5503768000053,,,,,,,,,,,,,,,001,001,2026-04-09_22h08.18.314,Train3Laptop,,2026.1.1,60.08344387873544,2026-04-09 22h08.19.421849 +0200,
03-1,029_Bordeaux.jpg,True,Bordeaux,54,0,21,03-1/029_Bordeaux_0.png,17,17,0,"['space', 'space']","[5.0238506000023335, 5.61491040000692]","[0.1339221999514848, 0.1255321999778971]",0,,,0,,,1,16.625626699998975,16.62563600006979,0,,,0,,,0,,,0,,,0,,,0,,,0,,,0,,,0,,,0,,,0,,,5.0,1.3517458999995142,"[(5.0, 1.3517458999995142)]","[0.38916666666666666, 0.0175]","[-0.004166666666666667, -0.28]","[1, 1]","[0, 0]","[0, 0]","[1.129276999970898, 2.061562299961224]","[None, 'button2']",1,[2.070607000030577],[2.0706120000686496],0,,,0,,,0,,,0,,,0,,,0,,,0,,,0,,,0,,,0,,,0,,,0,,,0,,,0,,,1,[0.48243119998369366],[0.48243690002709627],0,,,0,,,0,,,0,,,0,,,0,,,0,,,0,,,0,,,0,,,0,,,0,,,0,,,0,,,None,0,17,17,33,368.28642260003835,,,,,,,,,,,03-1/029_Bordeaux_0.png,368.1869357000105,368.1870226999745,03-1/029_Bordeaux_0.png,True,Bordeaux,54,0,21,"[5.988960899994709, 6.606903600040823]",03-1/029_Bordeaux_0.png,18,,368.19479540002067,368.28642260003835,368.28642260003835,368.28642260003835,368.28642260003835,368.28642260003835,368.28642260003835,368.28642260003835,368.28642260003835,368.28642260003835,368.28642260003835,368.28642260003835,368.28642260003835,368.28642260003835,368.28642260003835,368.28642260003835,368.28642260003835,368.28642260003835,368.28642260003835,368.28642260003835,368.28642260003835,368.45114949997514,369.1192723000422,384.8157338000601,Bordeaux,2,"['space', 'space']","[5.0238506000023335, 5.61491040000692]","[0.1339221999514848, 0.1255321999778971]",0,,,0,,,1,16.625626699998975,16.62563600006979,0,,,0,,,0,,,0,,,0,,,0,,,0,,,0,,,0,,,0,,,0,,,Bordeaux,387.2382685999619,387.2519757000264,387.5861933999695,385.1745018999791,385.19980379997287,385.19980379997287,0.00856830005068332,385.19980379997287,,386.56986859999597,387.2378526000539,5.0,1.3517458999995142,"[(5.0, 1.3517458999995142)]","[0.38916666666666666, 0.0175]","[-0.004166666666666667, -0.28]","[1, 1]","[0, 0]","[0, 0]","[1.129276999970898, 2.061562299961224]","[None, 'button2']",1,[2.070607000030577],[2.0706120000686496],0,,,0,,,0,,,0,,,0,,,0,,,0,,,0,,,0,,,0,,,0,,,0,,,0,,,0,,,387.60707949998323,387.6165726999752,387.6165726999752,387.6165726999752,387.6165726999752,387.6165726999752,387.6165726999752,387.6165726999752,388.0723795000231,1,[0.48243119998369366],[0.48243690002709627],0,,,0,,,0,,,0,,,0,,,0,,,0,,,0,,,0,,,0,,,0,,,0,,,0,,,0,,,None,388.0726884000469,388.08569159999024,388.5352447000332,388.41864389996044,"['Grey', 'Cyan', 'Bordeaux', 'Blue', 'Teal', 'Cyan', 'Pink', 'Bordeaux', 'Teal', 'Brown', 'Teal', 'Pink', 'Green', 'Red', 'Grey', 'Brown', 'Teal', 'Bordeaux']",,387.6165726999752,385.19980379997287,,,,,,,,,,,,,,,,,001,001,2026-04-09_22h08.18.314,Train3Laptop,,2026.1.1,60.08344387873544,2026-04-09 22h08.19.421849 +0200,
03-1,012_Bordeaux.jpg,True,Bordeaux,50,2,24,03-1/012_Bordeaux_0.png,18,18,0,"['space', 'space']","[0.6489892000099644, 1.637036700034514]","[0.10715379996690899, 0.0794719000114128]",0,,,0,,,1,9.746016300050542,9.746025200001895,0,,,0,,,0,,,0,,,0,,,0,,,0,,,0,,,0,,,0,,,0,,,5.0,1.170677899965085,"[(5.0, 1.170677899965085)]","[0.37333333333333335, 0.08583333333333333]","[-0.028333333333333332, -0.2575]","[1, 1]","[0, 0]","[0, 0]","[0.9596207999857143, 2.3588115000166]","[None, 'button2']",1,[2.3648112000664696],[2.3648163001053035],0,,,0,,,0,,,0,,,0,,,0,,,0,,,0,,,0,,,0,,,0,,,0,,,0,,,0,,,1,[0.7854208999779075],[0.785427000024356],0,,,0,,,0,,,0,,,0,,,0,,,0,,,0,,,0,,,0,,,0,,,0,,,0,,,0,,,None,0,18,18,21,388.5352447000332,,,,,,,,,,,03-1/012_Bordeaux_0.png,388.41939060005825,388.4194723999826,03-1/012_Bordeaux_0.png,True,Bordeaux,50,2,24,"[1.5445238000247627, 2.550491700065322]",03-1/012_Bordeaux_0.png,19,,388.43178119999357,388.5352447000332,388.5352447000332,388.5352447000332,388.5352447000332,388.5352447000332,388.5352447000332,388.5352447000332,388.5352447000332,388.5352447000332,388.5352447000332,388.5352447000332,388.5352447000332,388.5352447000332,388.5352447000332,388.5352447000332,388.5352447000332,388.5352447000332,388.5352447000332,388.5352447000332,388.5352447000332,388.7174090000335,389.3022856999887,398.16805950005073,Bordeaux,2,"['space', 'space']","[0.6489892000099644, 1.637036700034514]","[0.10715379996690899, 0.0794719000114128]",0,,,0,,,1,9.746016300050542,9.746025200001895,0,,,0,,,0,,,0,,,0,,,0,,,0,,,0,,,0,,,0,,,0,,,Bordeaux,400.88478099997155,400.9020572999725,401.2350605999818,398.5238294999581,398.5493193999864,398.5493193999864,0.005567200016230345,398.5493193999864,,399.7492318999721,400.8843928000424,5.0,1.170677899965085,"[(5.0, 1.170677899965085)]","[0.37333333333333335, 0.08583333333333333]","[-0.028333333333333332, -0.2575]","[1, 1]","[0, 0]","[0, 0]","[0.9596207999857143, 2.3588115000166]","[None, 'button2']",1,[2.3648112000664696],[2.3648163001053035],0,,,0,,,0,,,0,,,0,,,0,,,0,,,0,,,0,,,0,,,0,,,0,,,0,,,0,,,401.24226730002556,401.26560210005846,401.26560210005846,401.26560210005846,401.26560210005846,401.26560210005846,401.26560210005846,401.26560210005846,402.0218287999742,1,[0.7854208999779075],[0.785427000024356],0,,,0,,,0,,,0,,,0,,,0,,,0,,,0,,,0,,,0,,,0,,,0,,,0,,,0,,,None,402.0221434000414,402.03490279999096,402.4679655999644,402.36821680003777,"['Grey', 'Cyan', 'Bordeaux', 'Blue', 'Teal', 'Cyan', 'Pink', 'Bordeaux', 'Teal', 'Brown', 'Teal', 'Pink', 'Green', 'Red', 'Grey', 'Brown', 'Teal', 'Bordeaux', 'Bordeaux']",,398.5493193999864,398.5493193999864,,,,,,,,,,,,,,,,,001,001,2026-04-09_22h08.18.314,Train3Laptop,,2026.1.1,60.08344387873544,2026-04-09 22h08.19.421849 +0200,
03-1,006_Bordeaux.jpg,True,Bordeaux,51,0,12,03-1/006_Bordeaux_0.png,19,19,0,"['space', 'space']","[0.28566039993893355, 0.6629346999106929]","[0.09827459999360144, 0.08868450007867068]",0,,,0,,,1,5.1920103000011295,5.192017699941061,0,,,0,,,0,,,0,,,0,,,0,,,0,,,0,,,0,,,0,,,0,,,5.0,1.2156669999239966,"[(5.0, 1.2156669999239966)]","[0.3883333333333333, 0.0675]","[0.0025, -0.3016666666666667]","[1, 1]","[0, 0]","[0, 0]","[0.9773287000134587, 1.926818700041622]","[None, 'button2']",1,[1.9379682000726461],[1.9379748000064865],0,,,0,,,0,,,0,,,0,,,0,,,0,,,0,,,0,,,0,,,0,,,0,,,0,,,0,,,1,[0.7489454000024125],[0.7489515000488609],0,,,0,,,0,,,0,,,0,,,0,,,0,,,0,,,0,,,0,,,0,,,0,,,0,,,0,,,None,0,19,19,15,402.4679655999644,,,,,,,,,,,03-1/006_Bordeaux_0.png,402.3694486999884,402.3695585000096,03-1/006_Bordeaux_0.png,True,Bordeaux,51,0,12,"[1.2739724999992177, 1.675707699963823]",03-1/006_Bordeaux_0.png,20,,402.37793509999756,402.4679655999644,402.4679655999644,402.4679655999644,402.4679655999644,402.4679655999644,402.4679655999644,402.4679655999644,402.4679655999644,402.4679655999644,402.4679655999644,402.4679655999644,402.4679655999644,402.4679655999644,402.4679655999644,402.4679655999644,402.4679655999644,402.4679655999644,402.4679655999644,402.4679655999644,402.4679655999644,402.6354809999466,403.3345189000247,407.5643577000592,Bordeaux,2,"['space', 'space']","[0.28566039993893355, 0.6629346999106929]","[0.09827459999360144, 0.08868450007867068]",0,,,0,,,1,5.1920103000011295,5.192017699941061,0,,,0,,,0,,,0,,,0,,,0,,,0,,,0,,,0,,,0,,,0,,,Bordeaux,409.8544395000208,409.868337300024,410.20225890004076,407.9251398999477,407.94884420000017,407.94884420000017,0.010602900059893727,407.94884420000017,,409.1850927999476,409.8540711000096,5.0,1.2156669999239966,"[(5.0, 1.2156669999239966)]","[0.3883333333333333, 0.0675]","[0.0025, -0.3016666666666667]","[1, 1]","[0, 0]","[0, 0]","[0.9773287000134587, 1.926818700041622]","[None, 'button2']",1,[1.9379682000726461],[1.9379748000064865],0,,,0,,,0,,,0,,,0,,,0,,,0,,,0,,,0,,,0,,,0,,,0,,,0,,,0,,,410.20952779997606,410.23207819997333,410.23207819997333,410.23207819997333,410.23207819997333,410.23207819997333,410.23207819997333,410.23207819997333,410.95513899996877,1,[0.7489454000024125],[0.7489515000488609],0,,,0,,,0,,,0,,,0,,,0,,,0,,,0,,,0,,,0,,,0,,,0,,,0,,,0,,,None,410.95549580000807,410.96750489994884,411.4011761000147,411.3011010000482,"['Grey', 'Cyan', 'Bordeaux', 'Blue', 'Teal', 'Cyan', 'Pink', 'Bordeaux', 'Teal', 'Brown', 'Teal', 'Pink', 'Green', 'Red', 'Grey', 'Brown', 'Teal', 'Bordeaux', 'Bordeaux', 'Bordeaux']",,410.23207819997333,407.94884420000017,,,,,,,,,,,,,,,,,001,001,2026-04-09_22h08.18.314,Train3Laptop,,2026.1.1,60.08344387873544,2026-04-09 22h08.19.421849 +0200,
03-1,021_Grey.jpg,True,Grey,47,51,57,03-1/021_Grey_0.png,20,20,0,"['space', 'space']","[0.11533210007473826, 0.5409553000936285]","[0.08894950000103563, 0.08863069990184158]",0,,,0,,,0,,,1,4.192396400030702,4.192405199981295,0,,,0,,,0,,,0,,,0,,,0,,,0,,,0,,,0,,,0,,,5.0,2.4335317000513896,"[(5.0, 2.4335317000513896)]","[0.36833333333333335, -0.006666666666666667]","[-0.014166666666666666, -0.2966666666666667]","[1, 1]","[0, 0]","[0, 0]","[2.2260984999593347, 3.0966658999677747]","[None, 'button2']",1,[3.1067691000644118],[3.1067741999868304],0,,,0,,,0,,,0,,,0,,,0,,,0,,,0,,,0,,,0,,,0,,,0,,,0,,,0,,,1,[0.5139304000185803],[0.5139365999493748],0,,,0,,,0,,,0,,,0,,,0,,,0,,,0,,,0,,,0,,,0,,,0,,,0,,,0,,,None,0,20,20,31,411.4011761000147,,,,,,,,,,,03-1/021_Grey_0.png,411.3017882000422,411.3018604000099,03-1/021_Grey_0.png,True,Grey,47,51,57,"[1.1086701999884099, 1.50907490006648]",03-1/021_Grey_0.png,21,,411.30708209995646,411.4011761000147,411.4011761000147,411.4011761000147,411.4011761000147,411.4011761000147,411.4011761000147,411.4011761000147,411.4011761000147,411.4011761000147,411.4011761000147,411.4011761000147,411.4011761000147,411.4011761000147,411.4011761000147,411.4011761000147,411.4011761000147,411.4011761000147,411.4011761000147,411.4011761000147,411.4011761000147,411.566675900016,412.25115559995174,415.4968907999573,Grey,2,"['space', 'space']","[0.11533210007473826, 0.5409553000936285]","[0.08894950000103563, 0.08863069990184158]",0,,,0,,,0,,,1,4.192396400030702,4.192405199981295,0,,,0,,,0,,,0,,,0,,,0,,,0,,,0,,,0,,,0,,,Grey,418.95550819998607,418.96805030002724,419.3050547000021,415.85670330002904,415.88190320006106,415.88190320006106,0.009630699991248548,415.88190320006106,415.88190320006106,418.33250430005137,418.95513769995887,5.0,2.4335317000513896,"[(5.0, 2.4335317000513896)]","[0.36833333333333335, -0.006666666666666667]","[-0.014166666666666666, -0.2966666666666667]","[1, 1]","[0, 0]","[0, 0]","[2.2260984999593347, 3.0966658999677747]","[None, 'button2']",1,[3.1067691000644118],[3.1067741999868304],0,,,0,,,0,,,0,,,0,,,0,,,0,,,0,,,0,,,0,,,0,,,0,,,0,,,0,,,419.3272049999796,419.3498837000225,419.3498837000225,419.3498837000225,419.3498837000225,419.3498837000225,419.3498837000225,419.3498837000225,419.82134679995943,1,[0.5139304000185803],[0.5139365999493748],0,,,0,,,0,,,0,,,0,,,0,,,0,,,0,,,0,,,0,,,0,,,0,,,0,,,0,,,None,419.82167410000693,419.8344105000142,420.26763959997334,420.16862290003337,"['Grey', 'Cyan', 'Bordeaux', 'Blue', 'Teal', 'Cyan', 'Pink', 'Bordeaux', 'Teal', 'Brown', 'Teal', 'Pink', 'Green', 'Red', 'Grey', 'Brown', 'Teal', 'Bordeaux', 'Bordeaux', 'Bordeaux', 'Grey']",,419.3498837000225,,,,,,,,,,,,,,,,,,001,001,2026-04-09_22h08.18.314,Train3Laptop,,2026.1.1,60.08344387873544,2026-04-09 22h08.19.421849 +0200,
03-1,020_Grey.jpg,True,Grey,47,44,45,03-1/020_Grey_0.png,21,21,0,"['space', 'space']","[0.020615199930034578, 0.5433934000320733]","[0.10697170009370893, 0.08958749996963888]",0,,,0,,,0,,,1,5.09425859991461,5.094266399974003,0,,,0,,,0,,,0,,,0,,,0,,,0,,,0,,,0,,,0,,,5.0,1.3848375000525266,"[(5.0, 1.3848375000525266)]","[0.3616666666666667, 0.065]","[-0.045, -0.2608333333333333]","[1, 1]","[0, 0]","[0, 0]","[1.1627055000280961, 2.1756076000165194]","[None, 'button2']",1,[2.1814771000063047],[2.1814839000580832],0,,,0,,,0,,,0,,,0,,,0,,,0,,,0,,,0,,,0,,,0,,,0,,,0,,,0,,,1,[0.400980900041759],[0.40098689997103065],0,,,0,,,0,,,0,,,0,,,0,,,0,,,0,,,0,,,0,,,0,,,0,,,0,,,0,,,None,0,21,21,30,420.26763959997334,,,,,,,,,,,03-1/020_Grey_0.png,420.17045390000567,420.1706137000583,03-1/020_Grey_0.png,True,Grey,47,44,45,"[0.9816251999000087, 1.518210099893622]",03-1/020_Grey_0.png,22,,420.1855106999865,420.26763959997334,420.26763959997334,420.26763959997334,420.26763959997334,420.26763959997334,420.26763959997334,420.26763959997334,420.26763959997334,420.26763959997334,420.26763959997334,420.26763959997334,420.26763959997334,420.26763959997334,420.26763959997334,420.26763959997334,420.26763959997334,420.26763959997334,420.26763959997334,420.26763959997334,420.26763959997334,420.5164810999995,421.1012456000317,425.26723620004486,Grey,2,"['space', 'space']","[0.020615199930034578, 0.5433934000320733]","[0.10697170009370893, 0.08958749996963888]",0,,,0,,,0,,,1,5.09425859991461,5.094266399974003,0,,,0,,,0,,,0,,,0,,,0,,,0,,,0,,,0,,,0,,,Grey,427.8011680999771,427.8176610999508,428.1510916999541,425.6228103999747,425.64813860005233,425.64813860005233,0.005368700018152595,425.64813860005233,425.64813860005233,427.05121659999713,427.8006542000221,5.0,1.3848375000525266,"[(5.0, 1.3848375000525266)]","[0.3616666666666667, 0.065]","[-0.045, -0.2608333333333333]","[1, 1]","[0, 0]","[0, 0]","[1.1627055000280961, 2.1756076000165194]","[None, 'button2']",1,[2.1814771000063047],[2.1814839000580832],0,,,0,,,0,,,0,,,0,,,0,,,0,,,0,,,0,,,0,,,0,,,0,,,0,,,0,,,428.1650363999652,428.1814339000266,428.1814339000266,428.1814339000266,428.1814339000266,428.1814339000266,428.1814339000266,428.1814339000266,428.5541004999541,1,[0.400980900041759],[0.40098689997103065],0,,,0,,,0,,,0,,,0,,,0,,,0,,,0,,,0,,,0,,,0,,,0,,,0,,,0,,,None,428.55440559994895,428.5674322999548,429.00078180001583,428.90352829999756,"['Grey', 'Cyan', 'Bordeaux', 'Blue', 'Teal', 'Cyan', 'Pink', 'Bordeaux', 'Teal', 'Brown', 'Teal', 'Pink', 'Green', 'Red', 'Grey', 'Brown', 'Teal', 'Bordeaux', 'Bordeaux', 'Bordeaux', 'Grey', 'Grey']",,428.1814339000266,,,,,,,,,,,,,,,,,,001,001,2026-04-09_22h08.18.314,Train3Laptop,,2026.1.1,60.08344387873544,2026-04-09 22h08.19.421849 +0200,
03-1,013_Orange.jpg,True,Orange,100,65,4,03-1/013_Orange_0.png,22,22,0,['space'],[1.3393407999537885],[0.0803197999484837],0,,,0,,,0,,,0,,,0,,,0,,,0,,,1,9.666860900004394,9.666871900088154,0,,,0,,,0,,,0,,,0,,,0,,,5.0,1.1479137999704108,"[(5.0, 1.1479137999704108)]","[0.38166666666666665, 0.0008333333333333334]","[-0.0008333333333333334, -0.3075]","[1, 1]","[0, 0]","[0, 0]","[0.8862384000094607, 1.7708236000034958]","[None, 'button2']",1,[1.7953956000274047],[1.7954004999483004],0,,,0,,,0,,,0,,,0,,,0,,,0,,,0,,,0,,,0,,,0,,,0,,,0,,,0,,,1,[0.36478280008304864],[0.3647888001287356],0,,,0,,,0,,,0,,,0,,,0,,,0,,,0,,,0,,,0,,,0,,,0,,,0,,,0,,,None,0,22,22,24,429.00078180001583,,,,,,,,,,,03-1/013_Orange_0.png,428.9044630000135,428.9045519999927,03-1/013_Orange_0.png,True,Orange,100,65,4,"[0.8330684000393376, 2.368621899979189]",03-1/013_Orange_0.png,23,,428.91151190001983,429.00078180001583,429.00078180001583,429.00078180001583,429.00078180001583,429.00078180001583,429.00078180001583,429.00078180001583,429.00078180001583,429.00078180001583,429.00078180001583,429.00078180001583,429.00078180001583,429.00078180001583,429.00078180001583,429.00078180001583,429.00078180001583,429.00078180001583,429.00078180001583,429.00078180001583,429.00078180001583,429.2667430000147,429.86720370000694,438.5733417000156,Orange,2,['space'],[1.3393407999537885],[0.0803197999484837],0,,,0,,,0,,,0,,,0,,,0,,,0,,,1,9.666860900004394,9.666871900088154,0,,,0,,,0,,,0,,,0,,,0,,,Orange,440.7204916999908,440.7338078999892,441.06731089996174,438.9217408000259,438.9478211000096,438.9478211000096,0.024419100023806095,438.9478211000096,,440.1143065999495,440.7201275000116,5.0,1.1479137999704108,"[(5.0, 1.1479137999704108)]","[0.38166666666666665, 0.0008333333333333334]","[-0.0008333333333333334, -0.3075]","[1, 1]","[0, 0]","[0, 0]","[0.8862384000094607, 1.7708236000034958]","[None, 'button2']",1,[1.7953956000274047],[1.7954004999483004],0,,,0,,,0,,,0,,,0,,,0,,,0,,,0,,,0,,,0,,,0,,,0,,,0,,,0,,,441.08410710003227,441.09759070002474,441.09759070002474,441.09759070002474,441.09759070002474,441.09759070002474,441.09759070002474,441.09759070002474,441.4369872000534,1,[0.36478280008304864],[0.3647888001287356],0,,,0,,,0,,,0,,,0,,,0,,,0,,,0,,,0,,,0,,,0,,,0,,,0,,,0,,,None,441.4373278999701,441.45147259999067,,441.79977990000043,"['Grey', 'Cyan', 'Bordeaux', 'Blue', 'Teal', 'Cyan', 'Pink', 'Bordeaux', 'Teal', 'Brown', 'Teal', 'Pink', 'Green', 'Red', 'Grey', 'Brown', 'Teal', 'Bordeaux', 'Bordeaux', 'Bordeaux', 'Grey', 'Grey', 'Orange']",,441.09759070002474,,,,,,,,438.9478211000096,,,,,,,,,,001,001,2026-04-09_22h08.18.314,Train3Laptop,,2026.1.1,60.08344387873544,2026-04-09 22h08.19.421849 +0200,
03-1,006_Brown.jpg,True,Brown,53,20,0,03-1/006_Brown_0.png,23,23,0,"['space', 'space', 'space', 'space', 'space']","[2.197368400054984, 5.613523900043219, 6.1842027000384405, 6.607318800059147, 7.403739599976689]","[0.134087499929592, 0.14345510001294315, 0.11640039994381368, 0.1254083999665454, 0.11589580005966127]",1,19.977088299929164,19.97709830000531,0,,,0,,,0,,,0,,,0,,,0,,,0,,,0,,,0,,,0,,,0,,,0,,,0,,,3.0,1.2343409999739379,"[(3.0, 1.2343409999739379)]","[-0.0225, 0.020833333333333332]","[-0.029166666666666667, -0.2675]","[1, 1]","[0, 0]","[0, 0]","[1.022419200045988, 2.322030400042422]","[None, 'button2']",1,[2.333107800106518],[2.333112800028175],0,,,0,,,0,,,0,,,0,,,0,,,0,,,0,,,0,,,0,,,0,,,0,,,0,,,0,,,1,[0.6198226000415161],[0.6198327000020072],0,,,0,,,0,,,0,,,0,,,0,,,0,,,0,,,0,,,0,,,0,,,0,,,0,,,0,,,None,0,23,23,16,441.90003160003107,,,,,,,,,,,03-1/006_Brown_0.png,441.80049729999155,441.80059720005374,03-1/006_Brown_0.png,True,Brown,53,20,0,"[3.0650341999717057, 6.526941799907945, 7.111178999999538, 7.509423799929209, 8.274929099949077]",03-1/006_Brown_0.png,24,,441.8082251000451,441.90003160003107,441.90003160003107,441.90003160003107,441.90003160003107,441.90003160003107,441.90003160003107,441.90003160003107,441.90003160003107,441.90003160003107,441.90003160003107,441.90003160003107,441.90003160003107,441.90003160003107,441.90003160003107,441.90003160003107,441.90003160003107,441.90003160003107,441.90003160003107,441.90003160003107,441.90003160003107,442.0652502999874,442.6665524999844,461.7807423999766,Brown,1,"['space', 'space', 'space', 'space', 'space']","[2.197368400054984, 5.613523900043219, 6.1842027000384405, 6.607318800059147, 7.403739599976689]","[0.134087499929592, 0.14345510001294315, 0.11640039994381368, 0.1254083999665454, 0.11589580005966127]",1,19.977088299929164,19.97709830000531,0,,,0,,,0,,,0,,,0,,,0,,,0,,,0,,,0,,,0,,,0,,,0,,,0,,,Brown,464.4658655000385,464.48293169995304,464.8162269999739,462.14163309999276,462.18023529998027,462.18023529998027,0.010563200106844306,462.18023529998027,,463.39984770002775,464.4654789000051,3.0,1.2343409999739379,"[(3.0, 1.2343409999739379)]","[-0.0225, 0.020833333333333332]","[-0.029166666666666667, -0.2675]","[1, 1]","[0, 0]","[0, 0]","[1.022419200045988, 2.322030400042422]","[None, 'button2']",1,[2.333107800106518],[2.333112800028175],0,,,0,,,0,,,0,,,0,,,0,,,0,,,0,,,0,,,0,,,0,,,0,,,0,,,0,,,464.8322823999915,464.84661769995,464.84661769995,464.84661769995,464.84661769995,464.84661769995,464.84661769995,464.84661769995,465.43792940001003,1,[0.6198226000415161],[0.6198327000020072],0,,,0,,,0,,,0,,,0,,,0,,,0,,,0,,,0,,,0,,,0,,,0,,,0,,,0,,,None,465.4382328999927,465.4491788999876,465.8996636000229,465.7825301999692,"['Grey', 'Cyan', 'Bordeaux', 'Blue', 'Teal', 'Cyan', 'Pink', 'Bordeaux', 'Teal', 'Brown', 'Teal', 'Pink', 'Green', 'Red', 'Grey', 'Brown', 'Teal', 'Bordeaux', 'Bordeaux', 'Bordeaux', 'Grey', 'Grey', 'Orange', 'Brown']",,,,,,,462.18023529998027,,,,,,,,,,,,,001,001,2026-04-09_22h08.18.314,Train3Laptop,,2026.1.1,60.08344387873544,2026-04-09 22h08.19.421849 +0200,
02-1,011_Orange.jpg,True,Orange,99,48,0,02-1/011_Orange_0.png,24,24,0,"['space', 'space', 'space', 'space', 'space']","[1.0749022000236437, 4.508424400002696, 4.937157399952412, 5.38074269995559, 6.017960099969059]","[0.07982629991602153, 0.13418519997503608, 0.12668690003920346, 0.10733689996413887, 0.13405320001766086]",0,,,0,,,0,,,0,,,0,,,0,,,0,,,1,11.683781999978237,11.683789600036107,0,,,0,,,0,,,0,,,0,,,0,,,5.0,1.2142946999520063,"[(5.0, 1.2142946999520063)]","[0.3775, -0.01]","[-0.024166666666666666, -0.31333333333333335]","[1, 1]","[0, 0]","[0, 0]","[0.9781001000665128, 1.8095336999977008]","[None, 'button2']",1,[1.810384500073269],[1.81038940011058],0,,,0,,,0,,,0,,,0,,,0,,,0,,,0,,,0,,,0,,,0,,,0,,,0,,,0,,,1,[0.6016356999753043],[0.6016449000453576],0,,,0,,,0,,,0,,,0,,,0,,,0,,,0,,,0,,,0,,,0,,,0,,,0,,,0,,,None,0,24,24,3,465.8996636000229,,,,,,,,,,,02-1/011_Orange_0.png,465.78422210004646,465.78438409999944,02-1/011_Orange_0.png,True,Orange,99,48,0,"[1.998940100078471, 5.423686400055885, 5.902897500083782, 6.2729626999935135, 6.975065600010566]",02-1/011_Orange_0.png,25,,465.7966678000521,465.8996636000229,465.8996636000229,465.8996636000229,465.8996636000229,465.8996636000229,465.8996636000229,465.8996636000229,465.8996636000229,465.8996636000229,465.8996636000229,465.8996636000229,465.8996636000229,465.8996636000229,465.8996636000229,465.8996636000229,465.8996636000229,465.8996636000229,465.8996636000229,465.8996636000229,465.8996636000229,466.06440949998796,466.66558140004054,477.47029209998436,Orange,1,"['space', 'space', 'space', 'space', 'space']","[1.0749022000236437, 4.508424400002696, 4.937157399952412, 5.38074269995559, 6.017960099969059]","[0.07982629991602153, 0.13418519997503608, 0.12668690003920346, 0.10733689996413887, 0.13405320001766086]",0,,,0,,,0,,,0,,,0,,,0,,,0,,,1,11.683781999978237,11.683789600036107,0,,,0,,,0,,,0,,,0,,,0,,,Orange,479.63252880005166,479.64903580001555,479.98274949996267,477.8209372999845,477.84733250003774,477.84733250003774,0.00041800003964453936,477.84733250003774,,479.0652705000248,479.6321403000038,5.0,1.2142946999520063,"[(5.0, 1.2142946999520063)]","[0.3775, -0.01]","[-0.024166666666666666, -0.31333333333333335]","[1, 1]","[0, 0]","[0, 0]","[0.9781001000665128, 1.8095336999977008]","[None, 'button2']",1,[1.810384500073269],[1.81038940011058],0,,,0,,,0,,,0,,,0,,,0,,,0,,,0,,,0,,,0,,,0,,,0,,,0,,,0,,,479.99937350000255,480.01311699999496,480.01311699999496,480.01311699999496,480.01311699999496,480.01311699999496,480.01311699999496,480.01311699999496,480.58727420005016,1,[0.6016356999753043],[0.6016449000453576],0,,,0,,,0,,,0,,,0,,,0,,,0,,,0,,,0,,,0,,,0,,,0,,,0,,,0,,,None,480.5877284000162,480.5988309000386,481.0491298000561,480.93261689995416,"['Grey', 'Cyan', 'Bordeaux', 'Blue', 'Teal', 'Cyan', 'Pink', 'Bordeaux', 'Teal', 'Brown', 'Teal', 'Pink', 'Green', 'Red', 'Grey', 'Brown', 'Teal', 'Bordeaux', 'Bordeaux', 'Bordeaux', 'Grey', 'Grey', 'Orange', 'Brown', 'Orange']",,477.84733250003774,,,,,,,,477.84733250003774,,,,,,,,,,001,001,2026-04-09_22h08.18.314,Train3Laptop,,2026.1.1,60.08344387873544,2026-04-09 22h08.19.421849 +0200,
02-1,030_Seafoam.jpg,True,Seafoam,0,99,67,02-1/030_Seafoam_0.png,25,25,0,"['space', 'space', 'space', 'space', 'space']","[1.9778279999736696, 4.153383199940436, 5.768611099920236, 6.252010699943639, 6.604286899906583]","[0.08861420000903308, 0.10638750006910414, 0.11602280009537935, 0.08888729999307543, 0.08933089999482036]",0,,,0,,,0,,,0,,,1,12.694007199956104,12.694017100031488,0,,,0,,,0,,,0,,,0,,,0,,,0,,,0,,,0,,,5.0,1.3978654000675306,"[(5.0, 1.3978654000675306)]","[0.3475, 0.03833333333333333]","[0.015, -0.2525]","[1, 1]","[0, 0]","[0, 0]","[1.1590617999900132, 2.0756876000668854]","[None, 'button2']",1,[2.08351219992619],[2.083517299965024],0,,,0,,,0,,,0,,,0,,,0,,,0,,,0,,,0,,,0,,,0,,,0,,,0,,,0,,,1,[0.5511511999648064],[0.5511574000120163],0,,,0,,,0,,,0,,,0,,,0,,,0,,,0,,,0,,,0,,,0,,,0,,,0,,,0,,,None,0,25,25,14,481.0491298000561,,,,,,,,,,,02-1/030_Seafoam_0.png,480.93384479999077,480.9339642999694,02-1/030_Seafoam_0.png,True,Seafoam,0,99,67,"[2.90260130004026, 5.0921601000009105, 6.687996000051498, 6.980964999995194, 7.156090699951164, 7.556601900025271]",02-1/030_Seafoam_0.png,26,,480.944924899959,481.0491298000561,481.0491298000561,481.0491298000561,481.0491298000561,481.0491298000561,481.0491298000561,481.0491298000561,481.0491298000561,481.0491298000561,481.0491298000561,481.0491298000561,481.0491298000561,481.0491298000561,481.0491298000561,481.0491298000561,481.0491298000561,481.0491298000561,481.0491298000561,481.0491298000561,481.0491298000561,481.2150735000614,481.81543800001964,493.63024299999233,Seafoam,2,"['space', 'space', 'space', 'space', 'space']","[1.9778279999736696, 4.153383199940436, 5.768611099920236, 6.252010699943639, 6.604286899906583]","[0.08861420000903308, 0.10638750006910414, 0.11602280009537935, 0.08888729999307543, 0.08933089999482036]",0,,,0,,,0,,,0,,,1,12.694007199956104,12.694017100031488,0,,,0,,,0,,,0,,,0,,,0,,,0,,,0,,,0,,,Seafoam,496.0656475999858,496.0818413000088,496.41525329998694,493.98790700000245,494.0123210999882,494.0123210999882,0.007444899994879961,494.0123210999882,,495.41478210000787,496.0652696000179,5.0,1.3978654000675306,"[(5.0, 1.3978654000675306)]","[0.3475, 0.03833333333333333]","[0.015, -0.2525]","[1, 1]","[0, 0]","[0, 0]","[1.1590617999900132, 2.0756876000668854]","[None, 'button2']",1,[2.08351219992619],[2.083517299965024],0,,,0,,,0,,,0,,,0,,,0,,,0,,,0,,,0,,,0,,,0,,,0,,,0,,,0,,,496.4338947000215,496.445835200022,496.445835200022,496.445835200022,496.445835200022,496.445835200022,496.445835200022,496.445835200022,496.9688048999524,1,[0.5511511999648064],[0.5511574000120163],0,,,0,,,0,,,0,,,0,,,0,,,0,,,0,,,0,,,0,,,0,,,0,,,0,,,0,,,None,496.969164500013,496.9809221000178,497.43118830001913,497.31447860004846,"['Grey', 'Cyan', 'Bordeaux', 'Blue', 'Teal', 'Cyan', 'Pink', 'Bordeaux', 'Teal', 'Brown', 'Teal', 'Pink', 'Green', 'Red', 'Grey', 'Brown', 'Teal', 'Bordeaux', 'Bordeaux', 'Bordeaux', 'Grey', 'Grey', 'Orange', 'Brown', 'Orange', 'Seafoam']",,496.445835200022,,,,,,,,,494.0123210999882,,,,,,,,,001,001,2026-04-09_22h08.18.314,Train3Laptop,,2026.1.1,60.08344387873544,2026-04-09 22h08.19.421849 +0200,
01-1,008_Purple.jpg,True,Purple,52,0,99,01-1/008_Purple_0.png,26,26,0,"['space', 'space', 'space']","[0.5047856000019237, 1.0953699999954551, 2.171158199897036]","[0.14333110000006855, 0.10693299991544336, 0.0889856000430882]",0,,,0,,,0,,,0,,,0,,,0,,,0,,,0,,,0,,,0,,,1,[5.760403000051156],[5.760414400021546],0,,,0,,,0,,,5.0,1.034868900082074,"[(5.0, 1.034868900082074)]","[0.37166666666666665, 0.059166666666666666]","[-0.0033333333333333335, -0.27416666666666667]","[1, 1]","[0, 0]","[0, 0]","[0.8221900999778882, 2.270293000037782]","[None, 'button2']",1,[2.285483399988152],[2.2854911000467837],0,,,0,,,0,,,0,,,0,,,0,,,0,,,0,,,0,,,0,,,0,,,0,,,0,,,0,,,1,[0.5501911999890581],[0.5501982999267057],0,,,0,,,0,,,0,,,0,,,0,,,0,,,0,,,0,,,0,,,0,,,0,,,0,,,0,,,None,0,26,26,6,497.43118830001913,,,,,,,,,,,01-1/008_Purple_0.png,497.3152216000017,497.3152970999945,01-1/008_Purple_0.png,True,Purple,52,0,99,"[1.4988679999951273, 2.0419584000483155, 3.148936700075865, 3.668687600060366]",01-1/008_Purple_0.png,27,,497.3232548000524,497.43118830001913,497.43118830001913,497.43118830001913,497.43118830001913,497.43118830001913,497.43118830001913,497.43118830001913,497.43118830001913,497.43118830001913,497.43118830001913,497.43118830001913,497.43118830001913,497.43118830001913,497.43118830001913,497.43118830001913,497.43118830001913,497.43118830001913,497.43118830001913,497.43118830001913,497.43118830001913,497.6140376999974,498.24841700005345,503.0775752000045,Purple,0,"['space', 'space', 'space']","[0.5047856000019237, 1.0953699999954551, 2.171158199897036]","[0.14333110000006855, 0.10693299991544336, 0.0889856000430882]",0,,,0,,,0,,,0,,,0,,,0,,,0,,,0,,,0,,,0,,,1,[5.760403000051156],[5.760414400021546],0,,,0,,,0,,,Purple,505.71533879998606,505.7312529999763,506.06694140005857,503.4424264000263,503.47966349998023,503.47966349998023,0.01463980006519705,503.47966349998023,,504.51488459995016,505.7149147000164,5.0,1.034868900082074,"[(5.0, 1.034868900082074)]","[0.37166666666666665, 0.059166666666666666]","[-0.0033333333333333335, -0.27416666666666667]","[1, 1]","[0, 0]","[0, 0]","[0.8221900999778882, 2.270293000037782]","[None, 'button2']",1,[2.285483399988152],[2.2854911000467837],0,,,0,,,0,,,0,,,0,,,0,,,0,,,0,,,0,,,0,,,0,,,0,,,0,,,0,,,506.0940882000141,506.1119173000334,506.1119173000334,506.1119173000334,506.1119173000334,506.1119173000334,506.1119173000334,506.1119173000334,506.617120699957,1,[0.5501911999890581],[0.5501982999267057],0,,,0,,,0,,,0,,,0,,,0,,,0,,,0,,,0,,,0,,,0,,,0,,,0,,,0,,,None,506.6174295999808,506.63135729997884,507.06474149995483,506.96493749995716,"['Grey', 'Cyan', 'Bordeaux', 'Blue', 'Teal', 'Cyan', 'Pink', 'Bordeaux', 'Teal', 'Brown', 'Teal', 'Pink', 'Green', 'Red', 'Grey', 'Brown', 'Teal', 'Bordeaux', 'Bordeaux', 'Bordeaux', 'Grey', 'Grey', 'Orange', 'Brown', 'Orange', 'Seafoam', 'Purple']",,,,,,,,,,,,503.47966349998023,,,,,,,,001,001,2026-04-09_22h08.18.314,Train3Laptop,,2026.1.1,60.08344387873544,2026-04-09 22h08.19.421849 +0200,
03-1,024_Grey.jpg,True,Grey,42,49,52,03-1/024_Grey_0.png,27,27,0,"['space', 'space']","[0.4589931999798864, 0.9139844999881461]","[0.1162062999792397, 0.07982139999512583]",0,,,0,,,0,,,1,4.67086999991443,4.670881500001997,0,,,0,,,0,,,0,,,0,,,0,,,0,,,0,,,0,,,0,,,5.0,1.2652550999773666,"[(5.0, 1.2652550999773666)]","[0.36583333333333334, 0.07416666666666667]","[0.025833333333333333, -0.31333333333333335]","[1, 1]","[0, 0]","[0, 0]","[1.0173269999213517, 2.968259899993427]","[None, 'button2']",1,[2.990933099994436],[2.99093820003327],0,,,0,,,0,,,0,,,0,,,0,,,0,,,0,,,0,,,0,,,0,,,0,,,0,,,0,,,1,[0.9017557001207024],[0.9017650000751019],0,,,0,,,0,,,0,,,0,,,0,,,0,,,0,,,0,,,0,,,0,,,0,,,0,,,0,,,None,0,27,27,32,507.06474149995483,,,,,,,,,,,03-1/024_Grey_0.png,506.9656113999663,506.9657001000596,03-1/024_Grey_0.png,True,Grey,42,49,52,"[1.3505358999827877, 1.8005040999269113]",03-1/024_Grey_0.png,28,,506.9740972999716,507.06474149995483,507.06474149995483,507.06474149995483,507.06474149995483,507.06474149995483,507.06474149995483,507.06474149995483,507.06474149995483,507.06474149995483,507.06474149995483,507.06474149995483,507.06474149995483,507.06474149995483,507.06474149995483,507.06474149995483,507.06474149995483,507.06474149995483,507.06474149995483,507.06474149995483,507.06474149995483,507.3295622000005,507.8482316000154,511.6390343999956,Grey,2,"['space', 'space']","[0.4589931999798864, 0.9139844999881461]","[0.1162062999792397, 0.07982139999512583]",0,,,0,,,0,,,1,4.67086999991443,4.670881500001997,0,,,0,,,0,,,0,,,0,,,0,,,0,,,0,,,0,,,0,,,Grey,514.9819428999908,514.99837200006,515.3324948999798,511.9863249999471,512.0116689000279,512.0116689000279,0.022553900023922324,512.0116689000279,512.0116689000279,513.2953483000165,514.9815601999871,5.0,1.2652550999773666,"[(5.0, 1.2652550999773666)]","[0.36583333333333334, 0.07416666666666667]","[0.025833333333333333, -0.31333333333333335]","[1, 1]","[0, 0]","[0, 0]","[1.0173269999213517, 2.968259899993427]","[None, 'button2']",1,[2.990933099994436],[2.99093820003327],0,,,0,,,0,,,0,,,0,,,0,,,0,,,0,,,0,,,0,,,0,,,0,,,0,,,0,,,515.352270900039,515.3615721999668,515.3615721999668,515.3615721999668,515.3615721999668,515.3615721999668,515.3615721999668,515.3615721999668,516.235858400003,1,[0.9017557001207024],[0.9017650000751019],0,,,0,,,0,,,0,,,0,,,0,,,0,,,0,,,0,,,0,,,0,,,0,,,0,,,0,,,None,516.2361991000362,516.2481379000237,516.6804353999905,516.5809251000173,"['Grey', 'Cyan', 'Bordeaux', 'Blue', 'Teal', 'Cyan', 'Pink', 'Bordeaux', 'Teal', 'Brown', 'Teal', 'Pink', 'Green', 'Red', 'Grey', 'Brown', 'Teal', 'Bordeaux', 'Bordeaux', 'Bordeaux', 'Grey', 'Grey', 'Orange', 'Brown', 'Orange', 'Seafoam', 'Purple', 'Grey']",,512.0116689000279,,,,,,,,,,,,,,,,,,001,001,2026-04-09_22h08.18.314,Train3Laptop,,2026.1.1,60.08344387873544,2026-04-09 22h08.19.421849 +0200,
03-1,016_Brown.jpg,True,Brown,52,18,0,03-1/016_Brown_0.png,28,28,0,"['space', 'space', 'space', 'space', 'space']","[0.763289500027895, 1.5622450000373647, 3.9468925000401214, 4.5411261999979615, 5.303710800013505]","[0.1251142000546679, 0.13442600006237626, 0.14340509998146445, 0.10688420000951737, 0.098163100075908]",1,13.178739199996926,13.178745699930005,0,,,0,,,0,,,0,,,0,,,0,,,0,,,0,,,0,,,0,,,0,,,0,,,0,,,5.0,1.1645026999758556,"[(5.0, 1.1645026999758556)]","[0.3525, 0.043333333333333335]","[0.030833333333333334, -0.32]","[1, 1]","[0, 0]","[0, 0]","[0.943716699955985, 2.044023299938999]","[None, 'button2']",1,[2.051499200053513],[2.051504300092347],0,,,0,,,0,,,0,,,0,,,0,,,0,,,0,,,0,,,0,,,0,,,0,,,0,,,0,,,1,[0.9988877000287175],[0.9988942999625579],0,,,0,,,0,,,0,,,0,,,0,,,0,,,0,,,0,,,0,,,0,,,0,,,0,,,0,,,None,0,28,28,27,516.6804353999905,,,,,,,,,,,03-1/016_Brown_0.png,516.5816171000479,516.5816953999456,03-1/016_Brown_0.png,True,Brown,52,18,0,"[1.7060828999383375, 2.514810499968007, 4.894731899956241, 5.511765099945478, 6.209615899948403]",03-1/016_Brown_0.png,29,,516.5889236000367,516.6804353999905,516.6804353999905,516.6804353999905,516.6804353999905,516.6804353999905,516.6804353999905,516.6804353999905,516.6804353999905,516.6804353999905,516.6804353999905,516.6804353999905,516.6804353999905,516.6804353999905,516.6804353999905,516.6804353999905,516.6804353999905,516.6804353999905,516.6804353999905,516.6804353999905,516.6804353999905,516.8469662000425,517.4637303999625,529.763109600055,Brown,1,"['space', 'space', 'space', 'space', 'space']","[0.763289500027895, 1.5622450000373647, 3.9468925000401214, 4.5411261999979615, 5.303710800013505]","[0.1251142000546679, 0.13442600006237626, 0.14340509998146445, 0.10688420000951737, 0.098163100075908]",1,13.178739199996926,13.178745699930005,0,,,0,,,0,,,0,,,0,,,0,,,0,,,0,,,0,,,0,,,0,,,0,,,0,,,Brown,532.1664705000585,532.1804447999457,532.5139925000258,530.1202466000104,530.1442812000168,530.1442812000168,0.006934200064279139,530.1442812000168,,531.3134986000368,532.1660973000107,5.0,1.1645026999758556,"[(5.0, 1.1645026999758556)]","[0.3525, 0.043333333333333335]","[0.030833333333333334, -0.32]","[1, 1]","[0, 0]","[0, 0]","[0.943716699955985, 2.044023299938999]","[None, 'button2']",1,[2.051499200053513],[2.051504300092347],0,,,0,,,0,,,0,,,0,,,0,,,0,,,0,,,0,,,0,,,0,,,0,,,0,,,0,,,532.5310622999677,532.5441617000615,532.5441617000615,532.5441617000615,532.5441617000615,532.5441617000615,532.5441617000615,532.5441617000615,533.5170401999494,1,[0.9988877000287175],[0.9988942999625579],0,,,0,,,0,,,0,,,0,,,0,,,0,,,0,,,0,,,0,,,0,,,0,,,0,,,0,,,None,533.5173448000569,533.5304672999773,533.9798111000564,533.8637993000448,"['Grey', 'Cyan', 'Bordeaux', 'Blue', 'Teal', 'Cyan', 'Pink', 'Bordeaux', 'Teal', 'Brown', 'Teal', 'Pink', 'Green', 'Red', 'Grey', 'Brown', 'Teal', 'Bordeaux', 'Bordeaux', 'Bordeaux', 'Grey', 'Grey', 'Orange', 'Brown', 'Orange', 'Seafoam', 'Purple', 'Grey', 'Brown']",,532.5441617000615,,,,,530.1442812000168,,,,,,,,,,,,,001,001,2026-04-09_22h08.18.314,Train3Laptop,,2026.1.1,60.08344387873544,2026-04-09 22h08.19.421849 +0200,
02-1,006_Pink.jpg,True,Pink,100,0,50,02-1/006_Pink_0.png,29,29,0,"['space', 'space']","[0.3160480000078678, 0.895080600050278]","[0.1521460999501869, 0.12514289992395788]",0,,,0,,,0,,,0,,,0,,,1,5.0638233999488875,5.063832099898718,0,,,0,,,0,,,0,,,0,,,0,,,0,,,0,,,5.0,0.9480805000057444,"[(5.0, 0.9480805000057444)]","[0.3333333333333333, 0.008333333333333333]","[0.023333333333333334, -0.26666666666666666]","[1, 1]","[0, 0]","[0, 0]","[0.7096390000078827, 2.1238460999447852]","[None, 'button2']",1,[2.1294233000371605],[2.1294290999649093],0,,,0,,,0,,,0,,,0,,,0,,,0,,,0,,,0,,,0,,,0,,,0,,,0,,,0,,,1,[0.5354689999949187],[0.5354764999356121],0,,,0,,,0,,,0,,,0,,,0,,,0,,,0,,,0,,,0,,,0,,,0,,,0,,,0,,,None,0,29,29,8,533.9798111000564,,,,,,,,,,,02-1/006_Pink_0.png,533.8652681000531,533.8654096999671,02-1/006_Pink_0.png,True,Pink,100,0,50,"[1.293402999988757, 1.8906758999219164]",02-1/006_Pink_0.png,30,,533.876711799996,533.9798111000564,533.9798111000564,533.9798111000564,533.9798111000564,533.9798111000564,533.9798111000564,533.9798111000564,533.9798111000564,533.9798111000564,533.9798111000564,533.9798111000564,533.9798111000564,533.9798111000564,533.9798111000564,533.9798111000564,533.9798111000564,533.9798111000564,533.9798111000564,533.9798111000564,533.9798111000564,534.1683838999597,534.7965830999892,538.9315004999517,Pink,2,"['space', 'space']","[0.3160480000078678, 0.895080600050278]","[0.1521460999501869, 0.12514289992395788]",0,,,0,,,0,,,0,,,0,,,1,5.0638233999488875,5.063832099898718,0,,,0,,,0,,,0,,,0,,,0,,,0,,,0,,,Pink,541.4127468999941,541.4298082999885,541.7634515999816,539.2867810999742,539.3105289000086,539.3105289000086,0.005108300014398992,539.3105289000086,,540.2775838000234,541.4123648999957,5.0,0.9480805000057444,"[(5.0, 0.9480805000057444)]","[0.3333333333333333, 0.008333333333333333]","[0.023333333333333334, -0.26666666666666666]","[1, 1]","[0, 0]","[0, 0]","[0.7096390000078827, 2.1238460999447852]","[None, 'button2']",1,[2.1294233000371605],[2.1294290999649093],0,,,0,,,0,,,0,,,0,,,0,,,0,,,0,,,0,,,0,,,0,,,0,,,0,,,0,,,541.7783269999782,541.794388600043,541.794388600043,541.794388600043,541.794388600043,541.794388600043,541.794388600043,541.794388600043,542.3001625000034,1,[0.5354689999949187],[0.5354764999356121],0,,,0,,,0,,,0,,,0,,,0,,,0,,,0,,,0,,,0,,,0,,,0,,,0,,,0,,,None,542.3004713000264,542.3133274000138,542.7468998000259,542.6467309000436,"['Grey', 'Cyan', 'Bordeaux', 'Blue', 'Teal', 'Cyan', 'Pink', 'Bordeaux', 'Teal', 'Brown', 'Teal', 'Pink', 'Green', 'Red', 'Grey', 'Brown', 'Teal', 'Bordeaux', 'Bordeaux', 'Bordeaux', 'Grey', 'Grey', 'Orange', 'Brown', 'Orange', 'Seafoam', 'Purple', 'Grey', 'Brown', 'Pink']",,539.3105289000086,,,,539.3105289000086,,,,,,,,,,,,,,001,001,2026-04-09_22h08.18.314,Train3Laptop,,2026.1.1,60.08344387873544,2026-04-09 22h08.19.421849 +0200,
01-1,007_Cyan.jpg,True,Cyan,1,89,99,01-1/007_Cyan_0.png,30,30,0,"['space', 'space', 'space', 'space', 'space']","[0.18747669993899763, 1.079524299944751, 1.3220171999419108, 1.6677651999052614, 2.4917084999615327]","[0.07026099995709956, 0.11517220002133399, 0.10688330000266433, 0.07978070003446192, 0.08876740001142025]",0,,,0,,,0,,,0,,,0,,,0,,,0,,,0,,,0,,,0,,,0,,,1,[9.771540199988522],[9.771551699959673],0,,,0,,,5.0,1.1654515999834985,"[(5.0, 1.1654515999834985)]","[0.37166666666666665, 0.0275]","[-0.015833333333333335, -0.2825]","[1, 1]","[0, 0]","[0, 0]","[0.914248300017789, 2.374537799973041]","[None, 'button2']",1,[2.374079899978824],[2.3740860000252724],0,,,0,,,0,,,0,,,0,,,0,,,0,,,0,,,0,,,0,,,0,,,0,,,0,,,0,,,1,[0.7691671999637038],[0.7691756000276655],0,,,0,,,0,,,0,,,0,,,0,,,0,,,0,,,0,,,0,,,0,,,0,,,0,,,0,,,None,0,30,30,5,542.7468998000259,,,,,,,,,,,01-1/007_Cyan_0.png,542.6474183000391,542.6474928000243,01-1/007_Cyan_0.png,True,Cyan,1,89,99,"[0.710391000029631, 1.1352728999918327, 2.0406950999749824, 2.322285500005819, 2.607034799992107, 3.485296200029552]",01-1/007_Cyan_0.png,31,,542.6550782000413,542.7468998000259,542.7468998000259,542.7468998000259,542.7468998000259,542.7468998000259,542.7468998000259,542.7468998000259,542.7468998000259,542.7468998000259,542.7468998000259,542.7468998000259,542.7468998000259,542.7468998000259,542.7468998000259,542.7468998000259,542.7468998000259,542.7468998000259,542.7468998000259,542.7468998000259,542.7468998000259,542.9796693000244,543.5636397999479,552.4209053999512,Cyan,2,"['space', 'space', 'space', 'space', 'space']","[0.18747669993899763, 1.079524299944751, 1.3220171999419108, 1.6677651999052614, 2.4917084999615327]","[0.07026099995709956, 0.11517220002133399, 0.10688330000266433, 0.07978070003446192, 0.08876740001142025]",0,,,0,,,0,,,0,,,0,,,0,,,0,,,0,,,0,,,0,,,0,,,1,[9.771540199988522],[9.771551699959673],0,,,0,,,Cyan,555.1473213999998,555.1648790000472,555.4987868999597,552.7702725999989,552.7945980000077,552.7945980000077,-0.0009716000640764832,552.7945980000077,,553.9778376000468,555.1468843000475,5.0,1.1654515999834985,"[(5.0, 1.1654515999834985)]","[0.37166666666666665, 0.0275]","[-0.015833333333333335, -0.2825]","[1, 1]","[0, 0]","[0, 0]","[0.914248300017789, 2.374537799973041]","[None, 'button2']",1,[2.374079899978824],[2.3740860000252724],0,,,0,,,0,,,0,,,0,,,0,,,0,,,0,,,0,,,0,,,0,,,0,,,0,,,0,,,555.51800739998,555.5277656000108,555.5277656000108,555.5277656000108,555.5277656000108,555.5277656000108,555.5277656000108,555.5277656000108,556.2685369000537,1,[0.7691671999637038],[0.7691756000276655],0,,,0,,,0,,,0,,,0,,,0,,,0,,,0,,,0,,,0,,,0,,,0,,,0,,,0,,,None,556.2689331000438,556.2807147999993,556.7297612000257,556.6140447000507,"['Grey', 'Cyan', 'Bordeaux', 'Blue', 'Teal', 'Cyan', 'Pink', 'Bordeaux', 'Teal', 'Brown', 'Teal', 'Pink', 'Green', 'Red', 'Grey', 'Brown', 'Teal', 'Bordeaux', 'Bordeaux', 'Bordeaux', 'Grey', 'Grey', 'Orange', 'Brown', 'Orange', 'Seafoam', 'Purple', 'Grey', 'Brown', 'Pink', 'Cyan']",552.7945980000077,552.7945980000077,,,,,,,,,,,,,,,,,,001,001,2026-04-09_22h08.18.314,Train3Laptop,,2026.1.1,60.08344387873544,2026-04-09 22h08.19.421849 +0200,
01-t,018_Yellow.jpg,True,Yellow,100,88,0,01-t/018_Yellow_0.png,31,31,0,"['space', 'space', 'space', 'space', 'space']","[0.5060262000188231, 2.078405400039628, 5.40533720003441, 5.830586500000209, 6.075357399997301]","[0.12544209999032319, 0.09773779998067766, 0.14307109999936074, 0.09796789998654276, 0.1164361999835819]",0,,,0,,,0,,,0,,,0,,,0,,,0,,,0,,,0,,,1,[20.4671203000471],[20.467131400015205],0,,,0,,,0,,,0,,,4.0,1.3471186000388116,"[(4.0, 1.3471186000388116)]","[0.17666666666666667, 0.0033333333333333335]","[0.016666666666666666, -0.30333333333333334]","[1, 1]","[0, 0]","[0, 0]","[1.0888169999234378, 2.052774899988435]","[None, 'button2']",1,[2.06014340010006],[2.0601480001350865],0,,,0,,,0,,,0,,,0,,,0,,,0,,,0,,,0,,,0,,,0,,,0,,,0,,,0,,,1,[0.8701596000464633],[0.8701648000860587],0,,,0,,,0,,,0,,,0,,,0,,,0,,,0,,,0,,,0,,,0,,,0,,,0,,,0,,,None,0,31,31,11,556.7297612000257,,,,,,,,,,,01-t/018_Yellow_0.png,556.6148707000539,556.6149528999813,01-t/018_Yellow_0.png,True,Yellow,100,88,0,"[1.466840700013563, 2.9826529000420123, 6.309414700022899, 6.75188670004718, 7.035113100078888]",01-t/018_Yellow_0.png,32,,556.6246794000035,556.7297612000257,556.7297612000257,556.7297612000257,556.7297612000257,556.7297612000257,556.7297612000257,556.7297612000257,556.7297612000257,556.7297612000257,556.7297612000257,556.7297612000257,556.7297612000257,556.7297612000257,556.7297612000257,556.7297612000257,556.7297612000257,556.7297612000257,556.7297612000257,556.7297612000257,556.7297612000257,556.9120906000026,557.5130533999763,577.0837717000395,Yellow,1,"['space', 'space', 'space', 'space', 'space']","[0.5060262000188231, 2.078405400039628, 5.40533720003441, 5.830586500000209, 6.075357399997301]","[0.12544209999032319, 0.09773779998067766, 0.14307109999936074, 0.09796789998654276, 0.1164361999835819]",0,,,0,,,0,,,0,,,0,,,0,,,0,,,0,,,0,,,1,[20.4671203000471],[20.467131400015205],0,,,0,,,0,,,0,,,Yellow,579.4955838000169,579.513700200012,579.8609825000167,577.4409211999737,577.47746189998,577.47746189998,0.006907600094564259,577.47746189998,,578.8291253000498,579.4952813000418,4.0,1.3471186000388116,"[(4.0, 1.3471186000388116)]","[0.17666666666666667, 0.0033333333333333335]","[0.016666666666666666, -0.30333333333333334]","[1, 1]","[0, 0]","[0, 0]","[1.0888169999234378, 2.052774899988435]","[None, 'button2']",1,[2.06014340010006],[2.0601480001350865],0,,,0,,,0,,,0,,,0,,,0,,,0,,,0,,,0,,,0,,,0,,,0,,,0,,,0,,,579.8802954000421,579.8925058000023,579.8925058000023,579.8925058000023,579.8925058000023,579.8925058000023,579.8925058000023,579.8925058000023,580.7173298000125,1,[0.8701596000464633],[0.8701648000860587],0,,,0,,,0,,,0,,,0,,,0,,,0,,,0,,,0,,,0,,,0,,,0,,,0,,,0,,,None,580.717594100046,580.7273082999745,581.161078199977,581.0644149000291,"['Grey', 'Cyan', 'Bordeaux', 'Blue', 'Teal', 'Cyan', 'Pink', 'Bordeaux', 'Teal', 'Brown', 'Teal', 'Pink', 'Green', 'Red', 'Grey', 'Brown', 'Teal', 'Bordeaux', 'Bordeaux', 'Bordeaux', 'Grey', 'Grey', 'Orange', 'Brown', 'Orange', 'Seafoam', 'Purple', 'Grey', 'Brown', 'Pink', 'Cyan', 'Yellow']",,577.47746189998,,,,,,,,,,,577.47746189998,,,,,,,001,001,2026-04-09_22h08.18.314,Train3Laptop,,2026.1.1,60.08344387873544,2026-04-09 22h08.19.421849 +0200,
03-1,013_Seafoam.jpg,True,Seafoam,9,100,59,03-1/013_Seafoam_0.png,32,32,0,"['space', 'space']","[0.7336561999982223, 1.3815303000155836]","[0.1437737001106143, 0.10448790004011244]",0,,,0,,,0,,,0,,,1,9.06449799996335,9.064504899899475,0,,,0,,,0,,,0,,,0,,,0,,,0,,,0,,,0,,,5.0,1.8985428001033142,"[(5.0, 1.8985428001033142)]","[0.36666666666666664, 0.08666666666666667]","[0.021666666666666667, -0.315]","[1, 1]","[0, 0]","[0, 0]","[1.6630332000786439, 2.8112710000714287]","[None, 'button2']",1,[2.812508200062439],[2.8125130000989884],0,,,0,,,0,,,0,,,0,,,0,,,0,,,0,,,0,,,0,,,0,,,0,,,0,,,0,,,1,[0.516835100017488],[0.5168410000624135],0,,,0,,,0,,,0,,,0,,,0,,,0,,,0,,,0,,,0,,,0,,,0,,,0,,,0,,,None,0,32,32,25,581.161078199977,,,,,,,,,,,03-1/013_Seafoam_0.png,581.065011800034,581.065080099972,03-1/013_Seafoam_0.png,True,Seafoam,9,100,59,"[1.7159747999394313, 2.3676083999453112]",03-1/013_Seafoam_0.png,33,,581.074288600008,581.161078199977,581.161078199977,581.161078199977,581.161078199977,581.161078199977,581.161078199977,581.161078199977,581.161078199977,581.161078199977,581.161078199977,581.161078199977,581.161078199977,581.161078199977,581.161078199977,581.161078199977,581.161078199977,581.161078199977,581.161078199977,581.161078199977,581.161078199977,581.41005029995,582.0111405999633,590.131694199983,Seafoam,2,"['space', 'space']","[0.7336561999982223, 1.3815303000155836]","[0.1437737001106143, 0.10448790004011244]",0,,,0,,,0,,,0,,,1,9.06449799996335,9.064504899899475,0,,,0,,,0,,,0,,,0,,,0,,,0,,,0,,,0,,,Seafoam,593.2960268000606,593.3129567999858,593.6615282000275,590.4826584999682,590.5090695000254,590.5090695000254,0.0007873000577092171,590.5090695000254,,592.4253949000267,593.2956659999909,5.0,1.8985428001033142,"[(5.0, 1.8985428001033142)]","[0.36666666666666664, 0.08666666666666667]","[0.021666666666666667, -0.315]","[1, 1]","[0, 0]","[0, 0]","[1.6630332000786439, 2.8112710000714287]","[None, 'button2']",1,[2.812508200062439],[2.8125130000989884],0,,,0,,,0,,,0,,,0,,,0,,,0,,,0,,,0,,,0,,,0,,,0,,,0,,,0,,,593.6830921999644,593.6919989000307,593.6919989000307,593.6919989000307,593.6919989000307,593.6919989000307,593.6919989000307,593.6919989000307,594.164556600037,1,[0.516835100017488],[0.5168410000624135],0,,,0,,,0,,,0,,,0,,,0,,,0,,,0,,,0,,,0,,,0,,,0,,,0,,,0,,,None,594.1648594000144,594.1780929999659,594.6275521999924,594.5139692999655,"['Grey', 'Cyan', 'Bordeaux', 'Blue', 'Teal', 'Cyan', 'Pink', 'Bordeaux', 'Teal', 'Brown', 'Teal', 'Pink', 'Green', 'Red', 'Grey', 'Brown', 'Teal', 'Bordeaux', 'Bordeaux', 'Bordeaux', 'Grey', 'Grey', 'Orange', 'Brown', 'Orange', 'Seafoam', 'Purple', 'Grey', 'Brown', 'Pink', 'Cyan', 'Yellow', 'Seafoam']",,590.5090695000254,,,,,,,,,590.5090695000254,,,,,,,,,001,001,2026-04-09_22h08.18.314,Train3Laptop,,2026.1.1,60.08344387873544,2026-04-09 22h08.19.421849 +0200,
02-1,012_Lime-green.jpg,True,Lime-green,61,94,3,02-1/012_Lime-green_0.png,33,33,0,"['space', 'space', 'space', 'space', 'space']","[2.7481552000390366, 4.220509800012223, 7.031277199974284, 7.292602499946952, 7.56105519994162]","[0.10690919996704906, 0.14301100000739098, 0.12477140000555664, 0.10702460003085434, 0.14329120004549623]",0,,,0,,,0,,,0,,,0,,,0,,,1,11.282645599916577,11.282653299975209,0,,,0,,,0,,,0,,,0,,,0,,,0,,,5.0,1.4490569999907166,"[(5.0, 1.4490569999907166)]","[0.3525, 0.03916666666666667]","[-0.0125, -0.25333333333333335]","[1, 1]","[0, 0]","[0, 0]","[1.211113900062628, 2.1104631000198424]","[None, 'button2']",1,[2.110933899995871],[2.110939799924381],0,,,0,,,0,,,0,,,0,,,0,,,0,,,0,,,0,,,0,,,0,,,0,,,0,,,0,,,1,[0.5009839000413194],[0.500990999978967],0,,,0,,,0,,,0,,,0,,,0,,,0,,,0,,,0,,,0,,,0,,,0,,,0,,,0,,,None,0,33,33,13,594.6275521999924,,,,,,,,,,,02-1/012_Lime-green_0.png,594.5147162999492,594.5148228000617,02-1/012_Lime-green_0.png,True,Lime-green,61,94,3,"[3.748910199967213, 5.26608759991359, 8.09371749998536, 8.297726799966767, 8.59248209989164]",02-1/012_Lime-green_0.png,34,,594.5248443000019,594.6275521999924,594.6275521999924,594.6275521999924,594.6275521999924,594.6275521999924,594.6275521999924,594.6275521999924,594.6275521999924,594.6275521999924,594.6275521999924,594.6275521999924,594.6275521999924,594.6275521999924,594.6275521999924,594.6275521999924,594.6275521999924,594.6275521999924,594.6275521999924,594.6275521999924,594.6275521999924,594.8101975000463,595.494131000014,605.799547099974,Lime-green,1,"['space', 'space', 'space', 'space', 'space']","[2.7481552000390366, 4.220509800012223, 7.031277199974284, 7.292602499946952, 7.56105519994162]","[0.10690919996704906, 0.14301100000739098, 0.12477140000555664, 0.10702460003085434, 0.14329120004549623]",0,,,0,,,0,,,0,,,0,,,0,,,1,11.282645599916577,11.282653299975209,0,,,0,,,0,,,0,,,0,,,0,,,0,,,Lime-green,608.2629754999653,608.2788796999957,608.6121334000491,606.149756000028,606.1747794999974,606.1747794999974,-8.200062438845634e-06,606.1747794999974,,607.6432444000384,608.2624741999898,5.0,1.4490569999907166,"[(5.0, 1.4490569999907166)]","[0.3525, 0.03916666666666667]","[-0.0125, -0.25333333333333335]","[1, 1]","[0, 0]","[0, 0]","[1.211113900062628, 2.1104631000198424]","[None, 'button2']",1,[2.110933899995871],[2.110939799924381],0,,,0,,,0,,,0,,,0,,,0,,,0,,,0,,,0,,,0,,,0,,,0,,,0,,,0,,,608.6322083000559,608.6424993999535,608.6424993999535,608.6424993999535,608.6424993999535,608.6424993999535,608.6424993999535,608.6424993999535,609.1160057999659,1,[0.5009839000413194],[0.500990999978967],0,,,0,,,0,,,0,,,0,,,0,,,0,,,0,,,0,,,0,,,0,,,0,,,0,,,0,,,None,609.1163728999672,609.128665999975,609.5956480000168,609.4617189000128,"['Grey', 'Cyan', 'Bordeaux', 'Blue', 'Teal', 'Cyan', 'Pink', 'Bordeaux', 'Teal', 'Brown', 'Teal', 'Pink', 'Green', 'Red', 'Grey', 'Brown', 'Teal', 'Bordeaux', 'Bordeaux', 'Bordeaux', 'Grey', 'Grey', 'Orange', 'Brown', 'Orange', 'Seafoam', 'Purple', 'Grey', 'Brown', 'Pink', 'Cyan', 'Yellow', 'Seafoam', 'Lime-green']",,608.6424993999535,,,,,,,,,,,,606.1747794999974,,,,,,001,001,2026-04-09_22h08.18.314,Train3Laptop,,2026.1.1,60.08344387873544,2026-04-09 22h08.19.421849 +0200,
02-1,008_Orange.jpg,True,Orange,100,53,0,02-1/008_Orange_0.png,34,34,0,['space'],[1.6924619999481365],[0.17944069998338819],0,,,0,,,0,,,0,,,0,,,0,,,0,,,1,8.89197170000989,8.891981599968858,0,,,0,,,0,,,0,,,0,,,0,,,5.0,1.200015899958089,"[(5.0, 1.200015899958089)]","[0.3466666666666667, 0.04666666666666667]","[-0.02, -0.2683333333333333]","[1, 1]","[0, 0]","[0, 0]","[0.9747962000546977, 2.3887128001078963]","[None, 'button2']",1,[2.401129400008358],[2.401135600055568],0,,,0,,,0,,,0,,,0,,,0,,,0,,,0,,,0,,,0,,,0,,,0,,,0,,,0,,,1,[0.5865221000276506],[0.5865283000748605],0,,,0,,,0,,,0,,,0,,,0,,,0,,,0,,,0,,,0,,,0,,,0,,,0,,,0,,,None,0,34,34,2,609.5956480000168,,,,,,,,,,,02-1/008_Orange_0.png,609.4624935999746,609.4625947000459,02-1/008_Orange_0.png,True,Orange,100,53,0,"[1.3480930000077933, 2.7398870999459177]",02-1/008_Orange_0.png,35,,609.4724974000128,609.5956480000168,609.5956480000168,609.5956480000168,609.5956480000168,609.5956480000168,609.5956480000168,609.5956480000168,609.5956480000168,609.5956480000168,609.5956480000168,609.5956480000168,609.5956480000168,609.5956480000168,609.5956480000168,609.5956480000168,609.5956480000168,609.5956480000168,609.5956480000168,609.5956480000168,609.5956480000168,609.8101582999807,610.4277477000142,618.3566232000012,Orange,2,['space'],[1.6924619999481365],[0.17944069998338819],0,,,0,,,0,,,0,,,0,,,0,,,0,,,1,8.89197170000989,8.891981599968858,0,,,0,,,0,,,0,,,0,,,0,,,Orange,621.1100363000296,621.1275333999656,621.4602855000412,618.7189006999834,618.7577420000453,618.7577420000453,0.011862999992445111,618.7577420000453,,619.957867900026,621.1096619999735,5.0,1.200015899958089,"[(5.0, 1.200015899958089)]","[0.3466666666666667, 0.04666666666666667]","[-0.02, -0.2683333333333333]","[1, 1]","[0, 0]","[0, 0]","[0.9747962000546977, 2.3887128001078963]","[None, 'button2']",1,[2.401129400008358],[2.401135600055568],0,,,0,,,0,,,0,,,0,,,0,,,0,,,0,,,0,,,0,,,0,,,0,,,0,,,0,,,621.4762147000292,621.4907854000339,621.4907854000339,621.4907854000339,621.4907854000339,621.4907854000339,621.4907854000339,621.4907854000339,622.0485884000082,1,[0.5865221000276506],[0.5865283000748605],0,,,0,,,0,,,0,,,0,,,0,,,0,,,0,,,0,,,0,,,0,,,0,,,0,,,0,,,None,622.048927100026,622.0597988000372,622.493347999989,622.3939872999908,"['Grey', 'Cyan', 'Bordeaux', 'Blue', 'Teal', 'Cyan', 'Pink', 'Bordeaux', 'Teal', 'Brown', 'Teal', 'Pink', 'Green', 'Red', 'Grey', 'Brown', 'Teal', 'Bordeaux', 'Bordeaux', 'Bordeaux', 'Grey', 'Grey', 'Orange', 'Brown', 'Orange', 'Seafoam', 'Purple', 'Grey', 'Brown', 'Pink', 'Cyan', 'Yellow', 'Seafoam', 'Lime-green', 'Orange']",,,,,,,,,,618.7577420000453,,,,,,,,,,001,001,2026-04-09_22h08.18.314,Train3Laptop,,2026.1.1,60.08344387873544,2026-04-09 22h08.19.421849 +0200,
03-1,010_Brown.jpg,True,Brown,50,18,0,03-1/010_Brown_0.png,35,35,0,"['space', 'space']","[0.5333762000082061, 2.859180700033903]","[0.11619680002331734, 0.08856129995547235]",1,8.284142699907534,8.284149199957028,0,,,0,,,0,,,0,,,0,,,0,,,0,,,0,,,0,,,0,,,0,,,0,,,0,,,5.0,1.3481876000296324,"[(5.0, 1.3481876000296324)]","[0.35583333333333333, 0.07666666666666666]","[-0.02, -0.27416666666666667]","[1, 1]","[0, 0]","[0, 0]","[1.122493700007908, 2.5214686000254005]","[None, 'button2']",1,[2.5282346999738365],[2.528240800020285],0,,,0,,,0,,,0,,,0,,,0,,,0,,,0,,,0,,,0,,,0,,,0,,,0,,,0,,,1,[0.5335259001003578],[0.5335319000296295],0,,,0,,,0,,,0,,,0,,,0,,,0,,,0,,,0,,,0,,,0,,,0,,,0,,,0,,,None,0,35,35,18,622.493347999989,,,,,,,,,,,03-1/010_Brown_0.png,622.3946684000548,622.3947477999609,03-1/010_Brown_0.png,True,Brown,50,18,0,"[1.5009161999914795, 3.834712899988517]",03-1/010_Brown_0.png,36,,622.402597200009,622.493347999989,622.493347999989,622.493347999989,622.493347999989,622.493347999989,622.493347999989,622.493347999989,622.493347999989,622.493347999989,622.493347999989,622.493347999989,622.493347999989,622.493347999989,622.493347999989,622.493347999989,622.493347999989,622.493347999989,622.493347999989,622.493347999989,622.493347999989,622.7469587000087,623.343386100023,630.6815143000567,Brown,2,"['space', 'space']","[0.5333762000082061, 2.859180700033903]","[0.11619680002331734, 0.08856129995547235]",1,8.284142699907534,8.284149199957028,0,,,0,,,0,,,0,,,0,,,0,,,0,,,0,,,0,,,0,,,0,,,0,,,0,,,Brown,633.561956300051,633.5776854000287,633.9271716000512,631.0377689000452,631.0740623000311,631.0740623000311,0.006075199926272035,631.0740623000311,,632.4245007999707,633.5615481999703,5.0,1.3481876000296324,"[(5.0, 1.3481876000296324)]","[0.35583333333333333, 0.07666666666666666]","[-0.02, -0.27416666666666667]","[1, 1]","[0, 0]","[0, 0]","[1.122493700007908, 2.5214686000254005]","[None, 'button2']",1,[2.5282346999738365],[2.528240800020285],0,,,0,,,0,,,0,,,0,,,0,,,0,,,0,,,0,,,0,,,0,,,0,,,0,,,0,,,633.9471993000479,633.9573523000581,633.9573523000581,633.9573523000581,633.9573523000581,633.9573523000581,633.9573523000581,633.9573523000581,634.4471701000584,1,[0.5335259001003578],[0.5335319000296295],0,,,0,,,0,,,0,,,0,,,0,,,0,,,0,,,0,,,0,,,0,,,0,,,0,,,0,,,None,634.4474689000053,634.4593277999666,634.8761768999975,634.7930676999968,"['Grey', 'Cyan', 'Bordeaux', 'Blue', 'Teal', 'Cyan', 'Pink', 'Bordeaux', 'Teal', 'Brown', 'Teal', 'Pink', 'Green', 'Red', 'Grey', 'Brown', 'Teal', 'Bordeaux', 'Bordeaux', 'Bordeaux', 'Grey', 'Grey', 'Orange', 'Brown', 'Orange', 'Seafoam', 'Purple', 'Grey', 'Brown', 'Pink', 'Cyan', 'Yellow', 'Seafoam', 'Lime-green', 'Orange', 'Brown']",,631.0740623000311,,,,,631.0740623000311,,,,,,,,,,,,,001,001,2026-04-09_22h08.18.314,Train3Laptop,,2026.1.1,60.08344387873544,2026-04-09 22h08.19.421849 +0200,
03-1,013_Teal.jpg,True,Teal,0,48,60,03-1/013_Teal_0.png,36,36,0,"['space', 'space', 'space', 'space', 'space', 'space', 'space', 'space', 'space', 'space', 'space', 'space', 'space', 'space', 'space', 'space', 'space']","[4.132425700081512, 9.320155900088139, 10.302533000009134, 15.026014400064014, 15.75375720008742, 21.623186300043017, 22.023386500077322, 23.363807000103407, 25.06827680009883, 27.039889800013043, 33.02291540009901, 33.557467200094834, 34.06821050005965, 35.770702600013465, 38.509809700073674, 38.772156800027005, 39.05133370007388]","[0.15210980002302676, 0.11512299999594688, 0.11612660007085651, 0.1434861000161618, 0.11582579999230802, 0.17053160001523793, 0.15940070000942796, 0.1160737999016419, 0.17054629989434034, 0.19105350004974753, 0.09816910000517964, 0.09788579994346946, 0.1068564000306651, 0.09789269999600947, 0.12466199998743832, 0.12516210007015616, 0.11609549995046109]",0,,,1,47.45487879996654,47.45489170006476,0,,,0,,,0,,,0,,,0,,,0,,,0,,,0,,,0,,,0,,,0,,,0,,,5.0,1.264654100057669,"[(5.0, 1.264654100057669)]","[0.3458333333333333, 0.03333333333333333]","[-0.0025, -0.2916666666666667]","[1, 1]","[0, 0]","[0, 0]","[1.0425913999788463, 2.595963199972175]","[None, 'button2']",1,[2.6075025000609457],[2.607507499982603],0,,,0,,,0,,,0,,,0,,,0,,,0,,,0,,,0,,,0,,,0,,,0,,,0,,,0,,,1,[0.481965999933891],[0.48197139997500926],0,,,0,,,0,,,0,,,0,,,0,,,0,,,0,,,0,,,0,,,0,,,0,,,0,,,0,,,None,0,36,36,26,634.8761768999975,,,,,,,,,,,03-1/013_Teal_0.png,634.7937674999703,634.7938498000149,03-1/013_Teal_0.png,True,Teal,0,48,60,"[5.066891400027089, 10.272463100031018, 11.298424300039187, 16.020733800018206, 16.734781800070778, 22.55005489999894, 22.98209369997494, 24.31932260002941, 25.98533369996585, 28.019970700028352, 33.9665929999901, 34.4840736000333, 35.01793159998488, 36.73777859995607, 39.46733310003765, 39.75394269998651, 40.00370100000873, 40.361842400045134]",03-1/013_Teal_0.png,37,,634.8033288000152,634.8761768999975,634.8761768999975,634.8761768999975,634.8761768999975,634.8761768999975,634.8761768999975,634.8761768999975,634.8761768999975,634.8761768999975,634.8761768999975,634.8761768999975,634.8761768999975,634.8761768999975,634.8761768999975,634.8761768999975,634.8761768999975,634.8761768999975,634.8761768999975,634.8761768999975,634.8761768999975,635.129094999982,635.7094734000275,682.2513122999808,Teal,2,"['space', 'space', 'space', 'space', 'space', 'space', 'space', 'space', 'space', 'space', 'space', 'space', 'space', 'space', 'space', 'space', 'space']","[4.132425700081512, 9.320155900088139, 10.302533000009134, 15.026014400064014, 15.75375720008742, 21.623186300043017, 22.023386500077322, 23.363807000103407, 25.06827680009883, 27.039889800013043, 33.02291540009901, 33.557467200094834, 34.06821050005965, 35.770702600013465, 38.509809700073674, 38.772156800027005, 39.05133370007388]","[0.15210980002302676, 0.11512299999594688, 0.11612660007085651, 0.1434861000161618, 0.11582579999230802, 0.17053160001523793, 0.15940070000942796, 0.1160737999016419, 0.17054629989434034, 0.19105350004974753, 0.09816910000517964, 0.09788579994346946, 0.1068564000306651, 0.09789269999600947, 0.12466199998743832, 0.12516210007015616, 0.11609549995046109]",0,,,1,47.45487879996654,47.45489170006476,0,,,0,,,0,,,0,,,0,,,0,,,0,,,0,,,0,,,0,,,0,,,0,,,Teal,685.2109642999712,685.2248944999883,685.5596408999991,682.6129611999495,682.6558552000206,682.6558552000206,0.011141799972392619,682.6558552000206,,683.9081897999858,685.2105932000559,5.0,1.264654100057669,"[(5.0, 1.264654100057669)]","[0.3458333333333333, 0.03333333333333333]","[-0.0025, -0.2916666666666667]","[1, 1]","[0, 0]","[0, 0]","[1.0425913999788463, 2.595963199972175]","[None, 'button2']",1,[2.6075025000609457],[2.607507499982603],0,,,0,,,0,,,0,,,0,,,0,,,0,,,0,,,0,,,0,,,0,,,0,,,0,,,0,,,685.578395999968,685.5887414000463,685.5887414000463,685.5887414000463,685.5887414000463,685.5887414000463,685.5887414000463,685.5887414000463,686.0445713000372,1,[0.481965999933891],[0.48197139997500926],0,,,0,,,0,,,0,,,0,,,0,,,0,,,0,,,0,,,0,,,0,,,0,,,0,,,0,,,None,686.0450318000512,686.0573857000563,686.4908739000093,686.3909582999768,"['Grey', 'Cyan', 'Bordeaux', 'Blue', 'Teal', 'Cyan', 'Pink', 'Bordeaux', 'Teal', 'Brown', 'Teal', 'Pink', 'Green', 'Red', 'Grey', 'Brown', 'Teal', 'Bordeaux', 'Bordeaux', 'Bordeaux', 'Grey', 'Grey', 'Orange', 'Brown', 'Orange', 'Seafoam', 'Purple', 'Grey', 'Brown', 'Pink', 'Cyan', 'Yellow', 'Seafoam', 'Lime-green', 'Orange', 'Brown', 'Teal']",,685.5887414000463,,,682.6558552000206,,,,,,,,,,,,,,,001,001,2026-04-09_22h08.18.314,Train3Laptop,,2026.1.1,60.08344387873544,2026-04-09 22h08.19.421849 +0200,
01-1,018_Purple.jpg,True,Purple,51,2,100,01-1/018_Purple_0.png,37,37,0,"['space', 'space']","[0.9554288999643177, 1.8752704999642447]","[0.11616450001019984, 0.12538570002652705]",0,,,0,,,0,,,0,,,0,,,0,,,0,,,0,,,0,,,0,,,1,[6.0098185000242665],[6.009831200004555],0,,,0,,,0,,,5.0,1.0145413000136614,"[(5.0, 1.0145413000136614)]","[0.3516666666666667, 0.056666666666666664]","[-0.009166666666666667, -0.2891666666666667]","[1, 1]","[0, 0]","[0, 0]","[0.7789656999520957, 1.912094600033015]","[None, 'button2']",1,[1.9221663000062108],[1.9221714999293908],0,,,0,,,0,,,0,,,0,,,0,,,0,,,0,,,0,,,0,,,0,,,0,,,0,,,0,,,1,[0.49722190003376454],[0.49722989997826517],0,,,0,,,0,,,0,,,0,,,0,,,0,,,0,,,0,,,0,,,0,,,0,,,0,,,0,,,None,0,37,37,7,686.4908739000093,,,,,,,,,,,01-1/018_Purple_0.png,686.3919019000605,686.3919885000214,01-1/018_Purple_0.png,True,Purple,51,2,100,"[1.851903000031598, 2.804709699936211]",01-1/018_Purple_0.png,38,,686.4003630999941,686.4908739000093,686.4908739000093,686.4908739000093,686.4908739000093,686.4908739000093,686.4908739000093,686.4908739000093,686.4908739000093,686.4908739000093,686.4908739000093,686.4908739000093,686.4908739000093,686.4908739000093,686.4908739000093,686.4908739000093,686.4908739000093,686.4908739000093,686.4908739000093,686.4908739000093,686.4908739000093,686.6561764000216,687.2584067999851,692.4037341000512,Purple,2,"['space', 'space']","[0.9554288999643177, 1.8752704999642447]","[0.11616450001019984, 0.12538570002652705]",0,,,0,,,0,,,0,,,0,,,0,,,0,,,0,,,0,,,0,,,1,[6.0098185000242665],[6.009831200004555],0,,,0,,,0,,,Purple,694.6777823000448,694.6905140000163,695.0238269000547,692.7635245999554,692.7886307999725,692.7886307999725,0.009569199988618493,692.7886307999725,,693.8073166999966,694.6774096000008,5.0,1.0145413000136614,"[(5.0, 1.0145413000136614)]","[0.3516666666666667, 0.056666666666666664]","[-0.009166666666666667, -0.2891666666666667]","[1, 1]","[0, 0]","[0, 0]","[0.7789656999520957, 1.912094600033015]","[None, 'button2']",1,[1.9221663000062108],[1.9221714999293908],0,,,0,,,0,,,0,,,0,,,0,,,0,,,0,,,0,,,0,,,0,,,0,,,0,,,0,,,695.0407391999615,695.055138100055,695.055138100055,695.055138100055,695.055138100055,695.055138100055,695.055138100055,695.055138100055,695.5267736000242,1,[0.49722190003376454],[0.49722989997826517],0,,,0,,,0,,,0,,,0,,,0,,,0,,,0,,,0,,,0,,,0,,,0,,,0,,,0,,,None,695.5270724999718,695.5413203999633,695.9047605999513,695.8743237999734,"['Grey', 'Cyan', 'Bordeaux', 'Blue', 'Teal', 'Cyan', 'Pink', 'Bordeaux', 'Teal', 'Brown', 'Teal', 'Pink', 'Green', 'Red', 'Grey', 'Brown', 'Teal', 'Bordeaux', 'Bordeaux', 'Bordeaux', 'Grey', 'Grey', 'Orange', 'Brown', 'Orange', 'Seafoam', 'Purple', 'Grey', 'Brown', 'Pink', 'Cyan', 'Yellow', 'Seafoam', 'Lime-green', 'Orange', 'Brown', 'Teal', 'Purple']",,695.055138100055,,,,,,,,,,692.7886307999725,,,,,,,,001,001,2026-04-09_22h08.18.314,Train3Laptop,,2026.1.1,60.08344387873544,2026-04-09 22h08.19.421849 +0200,
,,,,,,,,,,,,,,,,,,,,,,,,,,,,,,,,,,,,,,,,,,,,,,,,,,,,,,,,,,,,,,,,,,,,,,,,,,,,,,,,,,,,,,,,,,,,,,,,,,,,,,,,,,,,,,,,,,,,,,,,,,,,,,,,,,,,,,,,,,,,,,,,,,,,,,,,,,,,,,,,,,,,,,,,,,,,,,,,,,,,,,,,,,,,,,,,,,,,,,,,,,,,,,,,,,,,,,,,,,,,,,,,,,,,,,,,,,,,,,,,,,,,,,,,,,,,,,,,,,,,,,,,,,,,,,,,,,,,,,,,,,,,,,,,,,,,,,,,,,,,,,,,,,,,,,,,,,,,,,,,,,,,,,,,,,,,,,,,,,,,,,,,,,,,,,,,,,,,,,,,,,,,,,,,,,,,,,,,,,,,,,,,,,,,,,,,,,,,,695.8887849999592,695.9047605999513,698.8736324999481,,,001,001,2026-04-09_22h08.18.314,Train3Laptop,,2026.1.1,60.08344387873544,2026-04-09 22h08.19.421849 +0200,
,,,,,,,,,,,,,,,,,,,,,,,,,,,,,,,,,,,,,,,,,,,,,,,,,,,,,,,,,,,,,,,,,,,,,,,,,,,,,,,,,,,,,,,,,,,,,,,,,,,,,,,,,,,,,,,,,,,,,,,,,,,,,,,,,,,,,,,,,,,,,,,,,,,,,,,,,,,,,,,,,,,,,,,,,,,,,,,,,,,,,,,,,,,,,,,,,,,,,,,,,,,,,,,,,Purple,,,,,,,,,,,,,,,,,,,,,,,,,,,,,,,,,,,,,,,,,,,,,,,,,,,,,,,,,,,,,,,,,,,,,,,,,,,,,,,,,,,,,,,,,,,,,,,,,,,,,,,,,,,,,,,,,,,,,,,,,,,,,,,,,,,,,,,,,,,,,,,,,,,,,,,,,,,,,,,,,,,,,,,,,,,,,,,,,,,,,,,,,,,,,,,38,"['Grey', 'Cyan', 'Bordeaux', 'Blue', 'Teal', 'Cyan', 'Pink', 'Bordeaux', 'Teal', 'Brown', 'Teal', 'Pink', 'Green', 'Red', 'Grey', 'Brown', 'Teal', 'Bordeaux', 'Bordeaux', 'Bordeaux', 'Grey', 'Grey', 'Orange', 'Brown', 'Orange', 'Seafoam', 'Purple', 'Grey', 'Brown', 'Pink', 'Cyan', 'Yellow', 'Seafoam', 'Lime-green', 'Orange', 'Brown', 'Teal', 'Purple']",,,,,,,,,
