277.2079 	INFO 	Loaded monitor calibration from ['2026_03_13 16:59']
277.6998 	INFO 	Using renderer 'Intel(R) Graphics' for graphics
277.6998 	INFO 	OpenGL version supported by driver is 4..
277.8014 	EXP 	Created window1 = Window(allowGUI=True, allowStencil=False, autoLog=True, backendConf=UNKNOWN, backgroundFit=<method-wrapper '__getattribute__' of attributeSetter object at 0x00000188F9670520>, backgroundImage=<method-wrapper '__getattribute__' of attributeSetter object at 0x00000188F9673BB0>, bitsMode=UNKNOWN, blendMode='avg', bpc=(8, 8, 8), color=array([0, 0, 0]), colorSpace='rgb', depthBits=8, fullscr=False, gamma=None, gammaErrorPolicy='raise', infoMsg=UNKNOWN, lms=UNKNOWN, monitor=<psychopy.monitors.calibTools.Monitor object at 0x00000188F9B18DC0>, multiSample=False, name='window1', numSamples=2, pos=[np.float64(0.0), np.float64(0.0)], screen=0, size=array([1920, 1200]), stencilBits=0, stereo=False, title='PsychoPy', units='height', useFBO=True, useRetina=False, viewOri=0.0, viewPos=None, viewScale=None, waitBlanking=True, winType='pyglet')
277.8015 	EXP 	window1: backgroundImage = ''
277.8015 	EXP 	window1: backgroundFit = 'none'
278.5145 	EXP 	window1: Attempting to measure frame rate of screen (0) ...
278.5145 	EXP 	window1: recordFrameIntervals = False
278.6950 	EXP 	window1: recordFrameIntervals = True
280.3617 	EXP 	window1: recordFrameIntervals = False
280.3617 	EXP 	Screen (0) actual frame rate measured at 60.08Hz
280.5947 	INFO 	keyboard.Keyboard is using ptb backend.
280.5948 	EXP 	Train3Laptop: status = STARTED
280.7762 	EXP 	Created Welcome_info = TextStim(__class__=<class 'psychopy.visual.text.TextStim'>, alignHoriz=method-wrapper(...), alignText='center', alignVert=method-wrapper(...), anchorHoriz='center', anchorVert='center', antialias=True, autoDraw=False, autoLog=True, bold=False, color=array([-1., -1., -1.]), colorSpace='rgb', contrast=1.0, depth=0.0, draggable=False, flipHoriz=False, flipVert=False, font='Arial', fontFiles=[], height=np.float64(42.0), italic=False, languageStyle='LTR', name='Welcome_info', opacity=1, ori=0.0, pos=array([0., 0.]), rgb=UNKNOWN, text=str(...), units='pix', win=Window(...), wrapWidth=1500.0)
280.7879 	EXP 	Created PressEnterToContinue = TextStim(__class__=<class 'psychopy.visual.text.TextStim'>, alignHoriz=method-wrapper(...), alignText='center', alignVert=method-wrapper(...), anchorHoriz='center', anchorVert='center', antialias=True, autoDraw=False, autoLog=True, bold=False, color=array([-1., -1., -1.]), colorSpace='rgb', contrast=1.0, depth=-2.0, draggable=False, flipHoriz=False, flipVert=False, font='Arial', fontFiles=[], height=np.float64(50.0), italic=False, languageStyle='LTR', name='PressEnterToContinue', opacity=1, ori=0.0, pos=array([   0., -400.]), rgb=UNKNOWN, text='Press "Enter" to continue.', units='pix', win=Window(...), wrapWidth=900.0)
280.8234 	EXP 	Created img = ImageStim(__class__=<class 'psychopy.visual.image.ImageStim'>, anchor=('center', 'center'), autoLog=True, color=array([1., 1., 1.]), colorSpace='rgb', contrast=1.0, depth=0.0, draggable=False, flipHoriz=np.False_, flipVert=np.False_, image='default.png', interpolate=True, mask=None, maskParams=None, name='img', opacity=1.0, ori=1.0, pos=array([0., 0.]), size=array([1., 1.]), texRes=128.0, units='pix', win=Window(...))
281.0566 	EXP 	Created Instructions = TextStim(__class__=<class 'psychopy.visual.text.TextStim'>, alignHoriz=method-wrapper(...), alignText='center', alignVert=method-wrapper(...), anchorHoriz='center', anchorVert='center', antialias=True, autoDraw=False, autoLog=True, bold=False, color=array([-1., -1., -1.]), colorSpace='rgb', contrast=1.0, depth=-17.0, draggable=False, flipHoriz=False, flipVert=False, font='Arial', fontFiles=[], height=36.0, italic=False, languageStyle='LTR', name='Instructions', opacity=1, ori=0.0, pos=array([  0., 500.]), rgb=UNKNOWN, text='', units='pix', win=Window(...), wrapWidth=1400.0)
281.0736 	EXP 	Created RBGInfo = TextStim(__class__=<class 'psychopy.visual.text.TextStim'>, alignHoriz=method-wrapper(...), alignText='center', alignVert=method-wrapper(...), anchorHoriz='center', anchorVert='center', antialias=True, autoDraw=False, autoLog=True, bold=False, color=array([-1., -1., -1.]), colorSpace='rgb', contrast=1.0, depth=-19.0, draggable=False, flipHoriz=False, flipVert=False, font='Arial', fontFiles=[], height=np.float64(42.0), italic=False, languageStyle='LTR', name='RBGInfo', opacity=1.0, ori=0.0, pos=array([300., 300.]), rgb=UNKNOWN, text='RGB values: 0-100\n\nR:        G:        B:', units='pix', win=Window(...), wrapWidth=500)
281.0747 	EXP 	Created R = TextStim(__class__=<class 'psychopy.visual.text.TextStim'>, alignHoriz=method-wrapper(...), alignText='center', alignVert=method-wrapper(...), anchorHoriz='center', anchorVert='center', antialias=True, autoDraw=False, autoLog=True, bold=False, color=array([-1., -1., -1.]), colorSpace='rgb', contrast=1.0, depth=-20.0, draggable=False, flipHoriz=False, flipVert=False, font='Arial', fontFiles=[], height=42.0, italic=False, languageStyle='LTR', name='R', opacity=1.0, ori=0.0, pos=array([165., 220.]), rgb=UNKNOWN, text='', units='pix', win=Window(...), wrapWidth=500)
281.0758 	EXP 	Created G = TextStim(__class__=<class 'psychopy.visual.text.TextStim'>, alignHoriz=method-wrapper(...), alignText='center', alignVert=method-wrapper(...), anchorHoriz='center', anchorVert='center', antialias=True, autoDraw=False, autoLog=True, bold=False, color=array([-1., -1., -1.]), colorSpace='rgb', contrast=1.0, depth=-21.0, draggable=False, flipHoriz=False, flipVert=False, font='Arial', fontFiles=[], height=42.0, italic=False, languageStyle='LTR', name='G', opacity=1.0, ori=0.0, pos=array([300., 220.]), rgb=UNKNOWN, text='', units='pix', win=Window(...), wrapWidth=500)
281.0767 	EXP 	Created B = TextStim(__class__=<class 'psychopy.visual.text.TextStim'>, alignHoriz=method-wrapper(...), alignText='center', alignVert=method-wrapper(...), anchorHoriz='center', anchorVert='center', antialias=True, autoDraw=False, autoLog=True, bold=False, color=array([-1., -1., -1.]), colorSpace='rgb', contrast=1.0, depth=-22.0, draggable=False, flipHoriz=False, flipVert=False, font='Arial', fontFiles=[], height=42.0, italic=False, languageStyle='LTR', name='B', opacity=1.0, ori=0.0, pos=array([435., 220.]), rgb=UNKNOWN, text='', units='pix', win=Window(...), wrapWidth=500)
281.0784 	EXP 	Created counter_Text = TextStim(__class__=<class 'psychopy.visual.text.TextStim'>, alignHoriz=method-wrapper(...), alignText='center', alignVert=method-wrapper(...), anchorHoriz='center', anchorVert='center', antialias=True, autoDraw=False, autoLog=True, bold=False, color=array([1., 1., 1.]), colorSpace='rgb', contrast=1.0, depth=-23.0, draggable=False, flipHoriz=False, flipVert=False, font='Arial', fontFiles=[], height=72.0, italic=False, languageStyle='LTR', name='counter_Text', opacity=1.0, ori=0.0, pos=array([-520., -400.]), rgb=UNKNOWN, text='', units='pix', win=Window(...), wrapWidth=500)
281.0868 	EXP 	Created total_count = TextStim(__class__=<class 'psychopy.visual.text.TextStim'>, alignHoriz=method-wrapper(...), alignText='center', alignVert=method-wrapper(...), anchorHoriz='center', anchorVert='center', antialias=True, autoDraw=False, autoLog=True, bold=False, color=array([1., 1., 1.]), colorSpace='rgb', contrast=1.0, depth=-24.0, draggable=False, flipHoriz=False, flipVert=False, font='Arial', fontFiles=[], height=np.float64(72.0), italic=False, languageStyle='LTR', name='total_count', opacity=1.0, ori=0.0, pos=array([-475., -400.]), rgb=UNKNOWN, text='      / 38', units='pix', win=Window(...), wrapWidth=500)
281.0895 	EXP 	Created text_8 = TextStim(__class__=<class 'psychopy.visual.text.TextStim'>, alignHoriz=method-wrapper(...), alignText='center', alignVert=method-wrapper(...), anchorHoriz='center', anchorVert='center', antialias=True, autoDraw=False, autoLog=True, bold=False, color=array([1., 1., 1.]), colorSpace='rgb', contrast=1.0, depth=0.0, draggable=False, flipHoriz=False, flipVert=False, font='Arial', fontFiles=[], height=np.float64(0.05), italic=False, languageStyle='LTR', name='text_8', opacity=1, ori=0.0, pos=array([0., 0.]), rgb=UNKNOWN, text='', units='height', win=Window(...), wrapWidth=1)
281.8923 	EXP 	Created slider = Slider(__class__=<class 'psychopy.visual.slider.Slider'>, autoDraw=False, autoLog=True, borderColor=None, color=None, colorSpace='rgb', depth=0, fillColor=None, flip=False, font='Noto Sans', granularity=1.0, labelColor=None, labelHeight=np.float64(36.0), labelWrapWidth=None, labels=tuple(...), lineColor=None, markerColor=None, name='slider', opacity=None, ori=0.0, pos=array([-50.,   0.]), readOnly=False, self=UNKNOWN, size=array([1000.,  100.]), startValue=1, style='rating', styleTweaks=[], ticks=array([1, 2, 3, 4, 5]), units='pix', win=Window(...))
281.9113 	EXP 	Created text_9 = TextStim(__class__=<class 'psychopy.visual.text.TextStim'>, alignHoriz=method-wrapper(...), alignText='center', alignVert=method-wrapper(...), anchorHoriz='center', anchorVert='center', antialias=True, autoDraw=False, autoLog=True, bold=False, color=array([-1., -1., -1.]), colorSpace='rgb', contrast=1.0, depth=-1.0, draggable=False, flipHoriz=False, flipVert=False, font='Arial', fontFiles=[], height=np.float64(0.05), italic=False, languageStyle='LTR', name='text_9', opacity=1, ori=0.0, pos=array([0.  , 0.25]), rgb=UNKNOWN, text='How confident were you in your choice?', units='height', win=Window(...), wrapWidth=1)
281.9284 	EXP 	Created text_answer = TextStim(__class__=<class 'psychopy.visual.text.TextStim'>, alignHoriz=method-wrapper(...), alignText='center', alignVert=method-wrapper(...), anchorHoriz='center', anchorVert='center', antialias=True, autoDraw=False, autoLog=True, bold=False, color=array([-1., -1., -1.]), colorSpace='rgb', contrast=1.0, depth=-4.0, draggable=False, flipHoriz=False, flipVert=False, font='Arial', fontFiles=[], height=0.05, italic=False, languageStyle='LTR', name='text_answer', opacity=1, ori=0.0, pos=array([0.  , 0.35]), rgb=UNKNOWN, text='', units='height', win=Window(...), wrapWidth=1)
282.1481 	EXP 	Created text_8 = TextStim(__class__=<class 'psychopy.visual.text.TextStim'>, alignHoriz=method-wrapper(...), alignText='center', alignVert=method-wrapper(...), anchorHoriz='center', anchorVert='center', antialias=True, autoDraw=False, autoLog=True, bold=False, color=array([1., 1., 1.]), colorSpace='rgb', contrast=1.0, depth=0.0, draggable=False, flipHoriz=False, flipVert=False, font='Arial', fontFiles=[], height=np.float64(0.05), italic=False, languageStyle='LTR', name='text_8', opacity=1, ori=0.0, pos=array([0., 0.]), rgb=UNKNOWN, text='', units='height', win=Window(...), wrapWidth=1)
282.1670 	EXP 	Created correctAnswer = TextStim(__class__=<class 'psychopy.visual.text.TextStim'>, alignHoriz=method-wrapper(...), alignText='center', alignVert=method-wrapper(...), anchorHoriz='center', anchorVert='center', antialias=True, autoDraw=False, autoLog=True, bold=False, color=array([-1., -1., -1.]), colorSpace='rgb', contrast=1.0, depth=-1.0, draggable=False, flipHoriz=False, flipVert=False, font='Arial', fontFiles=[], height=56.0, italic=False, languageStyle='LTR', name='correctAnswer', opacity=1, ori=0.0, pos=array([   0., -150.]), rgb=UNKNOWN, text='', units='pix', win=Window(...), wrapWidth=500)
282.1684 	EXP 	Created wrongAnswer = TextStim(__class__=<class 'psychopy.visual.text.TextStim'>, alignHoriz=method-wrapper(...), alignText='center', alignVert=method-wrapper(...), anchorHoriz='center', anchorVert='center', antialias=True, autoDraw=False, autoLog=True, bold=False, color=array([-1., -1., -1.]), colorSpace='rgb', contrast=1.0, depth=-2.0, draggable=False, flipHoriz=False, flipVert=False, font='Arial', fontFiles=[], height=56.0, italic=False, languageStyle='LTR', name='wrongAnswer', opacity=1.0, ori=0.0, pos=array([   0., -150.]), rgb=UNKNOWN, text='', units='pix', win=Window(...), wrapWidth=500)
282.1697 	EXP 	Created corrColor_2 = TextStim(__class__=<class 'psychopy.visual.text.TextStim'>, alignHoriz=method-wrapper(...), alignText='center', alignVert=method-wrapper(...), anchorHoriz='center', anchorVert='center', antialias=True, autoDraw=False, autoLog=True, bold=False, color=array([-1., -1., -1.]), colorSpace='rgb', contrast=1.0, depth=-3.0, draggable=False, flipHoriz=False, flipVert=False, font='Arial', fontFiles=[], height=56.0, italic=False, languageStyle='LTR', name='corrColor_2', opacity=1.0, ori=0.0, pos=array([   0., -150.]), rgb=UNKNOWN, text='', units='pix', win=Window(...), wrapWidth=500)
282.5132 	EXP 	Created RBGInfo_2 = TextStim(__class__=<class 'psychopy.visual.text.TextStim'>, alignHoriz=method-wrapper(...), alignText='center', alignVert=method-wrapper(...), anchorHoriz='center', anchorVert='center', antialias=True, autoDraw=False, autoLog=True, bold=False, color=array([-1., -1., -1.]), colorSpace='rgb', contrast=1.0, depth=-18.0, draggable=False, flipHoriz=False, flipVert=False, font='Arial', fontFiles=[], height=np.float64(42.0), italic=False, languageStyle='LTR', name='RBGInfo_2', opacity=1.0, ori=0.0, pos=array([300., 300.]), rgb=UNKNOWN, text='RGB values: 0-100\n\nR:        G:        B:', units='pix', win=Window(...), wrapWidth=500)
282.5148 	EXP 	Created R_2 = TextStim(__class__=<class 'psychopy.visual.text.TextStim'>, alignHoriz=method-wrapper(...), alignText='center', alignVert=method-wrapper(...), anchorHoriz='center', anchorVert='center', antialias=True, autoDraw=False, autoLog=True, bold=False, color=array([-1., -1., -1.]), colorSpace='rgb', contrast=1.0, depth=-19.0, draggable=False, flipHoriz=False, flipVert=False, font='Arial', fontFiles=[], height=42.0, italic=False, languageStyle='LTR', name='R_2', opacity=1.0, ori=0.0, pos=array([165., 220.]), rgb=UNKNOWN, text='', units='pix', win=Window(...), wrapWidth=500)
282.5160 	EXP 	Created G_2 = TextStim(__class__=<class 'psychopy.visual.text.TextStim'>, alignHoriz=method-wrapper(...), alignText='center', alignVert=method-wrapper(...), anchorHoriz='center', anchorVert='center', antialias=True, autoDraw=False, autoLog=True, bold=False, color=array([-1., -1., -1.]), colorSpace='rgb', contrast=1.0, depth=-20.0, draggable=False, flipHoriz=False, flipVert=False, font='Arial', fontFiles=[], height=42.0, italic=False, languageStyle='LTR', name='G_2', opacity=1.0, ori=0.0, pos=array([300., 220.]), rgb=UNKNOWN, text='', units='pix', win=Window(...), wrapWidth=500)
282.5171 	EXP 	Created B_2 = TextStim(__class__=<class 'psychopy.visual.text.TextStim'>, alignHoriz=method-wrapper(...), alignText='center', alignVert=method-wrapper(...), anchorHoriz='center', anchorVert='center', antialias=True, autoDraw=False, autoLog=True, bold=False, color=array([-1., -1., -1.]), colorSpace='rgb', contrast=1.0, depth=-21.0, draggable=False, flipHoriz=False, flipVert=False, font='Arial', fontFiles=[], height=42.0, italic=False, languageStyle='LTR', name='B_2', opacity=1.0, ori=0.0, pos=array([435., 220.]), rgb=UNKNOWN, text='', units='pix', win=Window(...), wrapWidth=500)
282.5187 	EXP 	Created text_11 = TextStim(__class__=<class 'psychopy.visual.text.TextStim'>, alignHoriz=method-wrapper(...), alignText='center', alignVert=method-wrapper(...), anchorHoriz='center', anchorVert='center', antialias=True, autoDraw=False, autoLog=True, bold=False, color=array([1., 1., 1.]), colorSpace='rgb', contrast=1.0, depth=0.0, draggable=False, flipHoriz=False, flipVert=False, font='Arial', fontFiles=[], height=np.float64(0.05), italic=False, languageStyle='LTR', name='text_11', opacity=1, ori=0.0, pos=array([0., 0.]), rgb=UNKNOWN, text='', units='height', win=Window(...), wrapWidth=1)
282.5198 	EXP 	Created GoodJob = TextStim(__class__=<class 'psychopy.visual.text.TextStim'>, alignHoriz=method-wrapper(...), alignText='center', alignVert=method-wrapper(...), anchorHoriz='center', anchorVert='center', antialias=True, autoDraw=False, autoLog=True, bold=False, color=array([-1., -1., -1.]), colorSpace='rgb', contrast=1.0, depth=0.0, draggable=False, flipHoriz=False, flipVert=False, font='Arial', fontFiles=[], height=50.0, italic=False, languageStyle='LTR', name='GoodJob', opacity=1.0, ori=0.0, pos=array([0., 0.]), rgb=UNKNOWN, text='', units='pix', win=Window(...), wrapWidth=500)
0.0047 	EXP 	slider: autoLog = True
0.0047 	EXP 	slider: styleTweaks = []
0.0047 	EXP 	slider: styleTweaks = []
0.0047 	EXP 	slider: styleTweaks = []
0.0047 	EXP 	slider: styleTweaks = []
0.0047 	EXP 	slider: contrast = 1.0
0.0047 	EXP 	slider: markerPos = 1
0.0047 	EXP 	slider: autoLog = True
0.0252 	EXP 	Welcome_info: autoDraw = True
0.8079 	INFO 	Keyboard events cleared
1.0079 	EXP 	PressEnterToContinue: autoDraw = True
33.7546 	EXP 	Device response: <KeyPress from None: t=33.73544660001062, value=return, duration=None>
33.7820 	EXP 	Imported ExcelOutputTrainStep3.xlsx as conditions, 38 conditions, 8 params
33.7849 	EXP 	New trial (rep=0, index=0): <Trial 0 (0 in rep 0) data={'folder': '01-t', 'image': '022_Cyan.jpg', 'logical': True, 'corrColor': 'Cyan', 'corrR': 0, 'corrG': 96, 'corrB': 90, 'image_path': '01-t/022_Cyan_0.png', 'thisN': 0, 'thisTrialN': 0, 'thisRepN': 0}>
33.7854 	DATA 	Keypress: return
34.0117 	EXP 	Device response: <KeyPress from None: t=33.73544660001062, value=return, duration=0.14390989998355508>
34.0710 	EXP 	Welcome_info: autoDraw = False
34.0710 	EXP 	PressEnterToContinue: autoDraw = False
34.0710 	EXP 	img: foreColor = <psychopy.colors.Color: white, alpha=1.0>
34.0710 	EXP 	img: ori = np.float64(0.0)
34.0710 	EXP 	Instructions: height = np.float64(36.0)
34.0710 	EXP 	Instructions: height = np.float64(36.0)
34.0710 	EXP 	Instructions: height = np.float64(36.0)
34.0710 	EXP 	Instructions: text = 'Click the spacebar to shuffle through the filters to recognize the color.\nPress the button of the color you think it corresponds to.'
34.0710 	EXP 	counter_Text: height = np.float64(72.0)
34.0710 	EXP 	counter_Text: height = np.float64(72.0)
34.0710 	EXP 	counter_Text: height = np.float64(72.0)
34.0710 	EXP 	counter_Text: text = 1
34.0710 	EXP 	img: autoDraw = True
34.0710 	EXP 	Instructions: autoDraw = True
34.0710 	EXP 	RBGInfo: autoDraw = True
34.0710 	EXP 	G: autoDraw = True
34.0710 	EXP 	B: autoDraw = True
34.0710 	EXP 	counter_Text: autoDraw = True
34.0710 	EXP 	total_count: autoDraw = True
34.0710 	EXP 	G: height = np.float64(42.0)
34.0710 	EXP 	G: height = np.float64(42.0)
34.0710 	EXP 	G: height = np.float64(42.0)
34.0710 	EXP 	G: text = ''
34.0710 	EXP 	B: height = np.float64(42.0)
34.0710 	EXP 	B: height = np.float64(42.0)
34.0710 	EXP 	B: height = np.float64(42.0)
34.0710 	EXP 	B: text = ''
34.2374 	EXP 	R: autoDraw = True
37.4897 	DATA 	Keypress: space
37.4902 	EXP 	Device response: <KeyPress from None: t=37.45970100001432, value=space, duration=None>
37.6478 	EXP 	Device response: <KeyPress from None: t=37.45970100001432, value=space, duration=0.14318699995055795>
37.6669 	DATA 	Keypress: space
37.8170 	EXP 	Device response: <KeyPress from None: t=37.66440679994412, value=space, duration=None>
37.8170 	EXP 	Device response: <KeyPress from None: t=37.66440679994412, value=space, duration=0.0436168999876827>
38.2965 	DATA 	Keypress: space
38.2971 	EXP 	Device response: <KeyPress from None: t=38.24404769996181, value=space, duration=None>
38.4497 	EXP 	Device response: <KeyPress from None: t=38.24404769996181, value=space, duration=0.13403469999320805>
38.9177 	DATA 	Keypress: space
38.9182 	EXP 	Device response: <KeyPress from None: t=38.90519169997424, value=space, duration=None>
39.0777 	EXP 	Device response: <KeyPress from None: t=38.90519169997424, value=space, duration=0.08879230008460581>
39.4104 	DATA 	Keypress: space
39.5235 	EXP 	Device response: <KeyPress from None: t=39.409196299966425, value=space, duration=None>
39.6782 	EXP 	Device response: <KeyPress from None: t=39.409196299966425, value=space, duration=0.13410530006513>
39.9815 	DATA 	Keypress: space
39.9828 	EXP 	Device response: <KeyPress from None: t=39.89178529987112, value=space, duration=None>
39.9828 	EXP 	Device response: <KeyPress from None: t=39.89178529987112, value=space, duration=0.0798282001633197>
41.4680 	DATA 	Keypress: space
41.4696 	EXP 	Device response: <KeyPress from None: t=41.426997900009155, value=space, duration=None>
41.6326 	EXP 	Device response: <KeyPress from None: t=41.426997900009155, value=space, duration=0.11572190001606941>
41.8015 	DATA 	Keypress: space
41.8025 	EXP 	Device response: <KeyPress from None: t=41.752473999978974, value=space, duration=None>
41.9659 	EXP 	Device response: <KeyPress from None: t=41.752473999978974, value=space, duration=0.11603830009698868>
42.1289 	DATA 	Keypress: space
42.1295 	EXP 	Device response: <KeyPress from None: t=42.12421469995752, value=space, duration=None>
42.2975 	EXP 	Device response: <KeyPress from None: t=42.12421469995752, value=space, duration=0.10699020000174642>
45.9284 	DATA 	Mouse: Left button down, pos=(1619,457)
45.9565 	EXP 	img: autoDraw = False
45.9565 	EXP 	Instructions: autoDraw = False
45.9565 	EXP 	RBGInfo: autoDraw = False
45.9565 	EXP 	R: autoDraw = False
45.9565 	EXP 	G: autoDraw = False
45.9565 	EXP 	B: autoDraw = False
45.9565 	EXP 	counter_Text: autoDraw = False
45.9565 	EXP 	total_count: autoDraw = False
45.9565 	EXP 	text_8: autoDraw = True
46.0621 	DATA 	Mouse:  Left button up, pos=(1619,457)
46.3545 	EXP 	text_8: autoDraw = False
46.3545 	EXP 	slider: markerPos = None
46.3545 	EXP 	slider: markerPos = 1
46.3545 	EXP 	slider: autoDraw = True
46.3545 	EXP 	text_9: autoDraw = True
46.3545 	EXP 	text_answer: autoDraw = True
48.4404 	DATA 	Mouse: Left button down, pos=(1382,585)
48.4712 	EXP 	slider: markerPos = np.float64(4.888)
48.5052 	EXP 	slider: markerPos = np.float64(4.888)
48.5383 	EXP 	slider: markerPos = np.float64(4.888)
48.5718 	EXP 	slider: markerPos = np.float64(4.888)
48.6051 	EXP 	slider: markerPos = np.float64(4.888)
48.6385 	EXP 	slider: markerPos = np.float64(4.888)
48.6720 	EXP 	slider: markerPos = np.float64(4.888)
48.6741 	DATA 	Mouse:  Left button up, pos=(1382,585)
48.7050 	EXP 	slider: markerPos = 5.0
49.5777 	DATA 	Mouse: Left button down, pos=(952,253)
49.6046 	EXP 	slider: autoDraw = False
49.6046 	EXP 	text_9: autoDraw = False
49.6046 	EXP 	text_answer: autoDraw = False
49.6046 	EXP 	text_8: autoDraw = True
49.7957 	DATA 	Mouse:  Left button up, pos=(952,253)
50.0049 	INFO 	Keyboard events cleared
50.0047 	EXP 	text_8: autoDraw = False
50.0047 	EXP 	corrColor_2: height = np.float64(56.0)
50.0047 	EXP 	corrColor_2: height = np.float64(56.0)
50.0047 	EXP 	corrColor_2: height = np.float64(56.0)
50.0047 	EXP 	corrColor_2: text = 'Cyan'
50.0047 	EXP 	R_2: height = np.float64(42.0)
50.0047 	EXP 	R_2: height = np.float64(42.0)
50.0047 	EXP 	R_2: height = np.float64(42.0)
50.0047 	EXP 	R_2: text = 0
50.0047 	EXP 	G_2: height = np.float64(42.0)
50.0047 	EXP 	G_2: height = np.float64(42.0)
50.0047 	EXP 	G_2: height = np.float64(42.0)
50.0047 	EXP 	G_2: text = 96
50.0047 	EXP 	B_2: height = np.float64(42.0)
50.0047 	EXP 	B_2: height = np.float64(42.0)
50.0047 	EXP 	B_2: height = np.float64(42.0)
50.0047 	EXP 	B_2: text = 90
50.0047 	EXP 	correctAnswer: autoDraw = True
50.0047 	EXP 	RBGInfo_2: autoDraw = True
50.0047 	EXP 	R_2: autoDraw = True
50.0047 	EXP 	G_2: autoDraw = True
50.0047 	EXP 	B_2: autoDraw = True
50.5301 	DATA 	Mouse: Left button down, pos=(952,253)
50.5708 	EXP 	correctAnswer: autoDraw = False
50.5708 	EXP 	wrongAnswer: autoDraw = False
50.5708 	EXP 	corrColor_2: autoDraw = False
50.5708 	EXP 	RBGInfo_2: autoDraw = False
50.5708 	EXP 	R_2: autoDraw = False
50.5708 	EXP 	G_2: autoDraw = False
50.5708 	EXP 	B_2: autoDraw = False
50.5708 	EXP 	text_11: autoDraw = True
50.7616 	DATA 	Mouse:  Left button up, pos=(952,253)
50.9096 	EXP 	New trial (rep=0, index=1): <Trial 1 (1 in rep 0) data={'folder': '03-1', 'image': '031_Bordeaux.jpg', 'logical': True, 'corrColor': 'Bordeaux', 'corrR': 47, 'corrG': 5, 'corrB': 21, 'image_path': '03-1/031_Bordeaux_0.png', 'thisN': 1, 'thisTrialN': 1, 'thisRepN': 0}>
51.0905 	EXP 	text_11: autoDraw = False
51.0905 	EXP 	img: foreColor = <psychopy.colors.Color: white, alpha=1.0>
51.0905 	EXP 	img: ori = np.float64(0.0)
51.0905 	EXP 	Instructions: text = 'Click the spacebar to shuffle through the filters to recognize the color.\nPress the button of the color you think it corresponds to.'
51.0905 	EXP 	counter_Text: height = np.float64(72.0)
51.0905 	EXP 	counter_Text: height = np.float64(72.0)
51.0905 	EXP 	counter_Text: height = np.float64(72.0)
51.0905 	EXP 	counter_Text: text = 2
51.0905 	EXP 	img: autoDraw = True
51.0905 	EXP 	Instructions: autoDraw = True
51.0905 	EXP 	RBGInfo: autoDraw = True
51.0905 	EXP 	G: autoDraw = True
51.0905 	EXP 	B: autoDraw = True
51.0905 	EXP 	counter_Text: autoDraw = True
51.0905 	EXP 	total_count: autoDraw = True
51.3890 	EXP 	R: autoDraw = True
52.5606 	DATA 	Keypress: space
52.5612 	EXP 	Device response: <KeyPress from None: t=52.541591899935156, value=space, duration=None>
52.7330 	EXP 	Device response: <KeyPress from None: t=52.541591899935156, value=space, duration=0.12505199993029237>
53.3974 	DATA 	Keypress: space
53.4047 	EXP 	Device response: <KeyPress from None: t=53.29880820005201, value=space, duration=None>
53.4048 	EXP 	Device response: <KeyPress from None: t=53.29880820005201, value=space, duration=0.09838339989073575>
54.4780 	DATA 	Keypress: space
54.4795 	EXP 	Device response: <KeyPress from None: t=54.42470519989729, value=space, duration=None>
54.6620 	EXP 	Device response: <KeyPress from None: t=54.42470519989729, value=space, duration=0.0975010001566261>
54.9836 	DATA 	Keypress: space
54.9843 	EXP 	Device response: <KeyPress from None: t=54.89181599998847, value=space, duration=None>
55.1480 	EXP 	Device response: <KeyPress from None: t=54.89181599998847, value=space, duration=0.11576239997521043>
65.3237 	DATA 	Mouse: Left button down, pos=(1594,1002)
65.4711 	EXP 	img: autoDraw = False
65.4711 	EXP 	Instructions: autoDraw = False
65.4711 	EXP 	RBGInfo: autoDraw = False
65.4711 	EXP 	R: autoDraw = False
65.4711 	EXP 	G: autoDraw = False
65.4711 	EXP 	B: autoDraw = False
65.4711 	EXP 	counter_Text: autoDraw = False
65.4711 	EXP 	total_count: autoDraw = False
65.4711 	EXP 	text_8: autoDraw = True
65.5415 	DATA 	Mouse:  Left button up, pos=(1594,1002)
65.8700 	EXP 	text_8: autoDraw = False
65.8700 	EXP 	text_8: autoDraw = False
65.8700 	EXP 	slider: markerPos = None
65.8700 	EXP 	slider: markerPos = 1
65.8700 	EXP 	slider: autoDraw = True
65.8700 	EXP 	text_9: autoDraw = True
65.8700 	EXP 	text_answer: autoDraw = True
66.7542 	DATA 	Mouse: Left button down, pos=(1415,590)
66.8032 	EXP 	slider: markerPos = np.float64(5.02)
66.8367 	EXP 	slider: markerPos = np.float64(5.02)
66.8696 	EXP 	slider: markerPos = np.float64(5.02)
66.9031 	EXP 	slider: markerPos = np.float64(5.02)
66.9365 	EXP 	slider: markerPos = np.float64(5.02)
66.9699 	EXP 	slider: markerPos = np.float64(5.02)
66.9719 	DATA 	Mouse:  Left button up, pos=(1415,590)
67.0045 	EXP 	slider: markerPos = 5.0
67.8517 	DATA 	Mouse: Left button down, pos=(999,289)
67.8900 	EXP 	slider: autoDraw = False
67.8900 	EXP 	text_9: autoDraw = False
67.8900 	EXP 	text_answer: autoDraw = False
67.8900 	EXP 	text_8: autoDraw = True
68.0756 	DATA 	Mouse:  Left button up, pos=(999,289)
68.2698 	INFO 	Keyboard events cleared
68.2696 	EXP 	text_8: autoDraw = False
68.2696 	EXP 	text_8: autoDraw = False
68.2696 	EXP 	corrColor_2: height = np.float64(56.0)
68.2696 	EXP 	corrColor_2: height = np.float64(56.0)
68.2696 	EXP 	corrColor_2: height = np.float64(56.0)
68.2696 	EXP 	corrColor_2: text = 'Bordeaux'
68.2696 	EXP 	R_2: height = np.float64(42.0)
68.2696 	EXP 	R_2: height = np.float64(42.0)
68.2696 	EXP 	R_2: height = np.float64(42.0)
68.2696 	EXP 	R_2: text = 47
68.2696 	EXP 	G_2: height = np.float64(42.0)
68.2696 	EXP 	G_2: height = np.float64(42.0)
68.2696 	EXP 	G_2: height = np.float64(42.0)
68.2696 	EXP 	G_2: text = 5
68.2696 	EXP 	B_2: height = np.float64(42.0)
68.2696 	EXP 	B_2: height = np.float64(42.0)
68.2696 	EXP 	B_2: height = np.float64(42.0)
68.2696 	EXP 	B_2: text = 21
68.2696 	EXP 	correctAnswer: autoDraw = True
68.2696 	EXP 	RBGInfo_2: autoDraw = True
68.2696 	EXP 	R_2: autoDraw = True
68.2696 	EXP 	G_2: autoDraw = True
68.2696 	EXP 	B_2: autoDraw = True
68.7421 	DATA 	Mouse: Left button down, pos=(999,289)
68.7902 	EXP 	correctAnswer: autoDraw = False
68.7902 	EXP 	wrongAnswer: autoDraw = False
68.7902 	EXP 	corrColor_2: autoDraw = False
68.7902 	EXP 	RBGInfo_2: autoDraw = False
68.7902 	EXP 	R_2: autoDraw = False
68.7902 	EXP 	G_2: autoDraw = False
68.7902 	EXP 	B_2: autoDraw = False
68.7902 	EXP 	text_11: autoDraw = True
68.9742 	DATA 	Mouse:  Left button up, pos=(999,289)
69.1248 	EXP 	New trial (rep=0, index=2): <Trial 2 (2 in rep 0) data={'folder': '03-1', 'image': '024_Grey.jpg', 'logical': True, 'corrColor': 'Grey', 'corrR': 42, 'corrG': 49, 'corrB': 52, 'image_path': '03-1/024_Grey_0.png', 'thisN': 2, 'thisTrialN': 2, 'thisRepN': 0}>
69.2879 	EXP 	text_11: autoDraw = False
69.2879 	EXP 	text_11: autoDraw = False
69.2879 	EXP 	img: foreColor = <psychopy.colors.Color: white, alpha=1.0>
69.2879 	EXP 	img: ori = np.float64(0.0)
69.2879 	EXP 	Instructions: text = 'Click the spacebar to shuffle through the filters to recognize the color.\nPress the button of the color you think it corresponds to.'
69.2879 	EXP 	counter_Text: height = np.float64(72.0)
69.2879 	EXP 	counter_Text: height = np.float64(72.0)
69.2879 	EXP 	counter_Text: height = np.float64(72.0)
69.2879 	EXP 	counter_Text: text = 3
69.2879 	EXP 	img: autoDraw = True
69.2879 	EXP 	Instructions: autoDraw = True
69.2879 	EXP 	RBGInfo: autoDraw = True
69.2879 	EXP 	G: autoDraw = True
69.2879 	EXP 	B: autoDraw = True
69.2879 	EXP 	counter_Text: autoDraw = True
69.2879 	EXP 	total_count: autoDraw = True
69.5869 	EXP 	R: autoDraw = True
73.1085 	DATA 	Keypress: space
73.1090 	EXP 	Device response: <KeyPress from None: t=73.10204520006664, value=space, duration=None>
73.2825 	EXP 	Device response: <KeyPress from None: t=73.10204520006664, value=space, duration=0.12488039978779852>
74.5625 	DATA 	Keypress: space
74.5631 	EXP 	Device response: <KeyPress from None: t=74.52402979996987, value=space, duration=None>
74.7219 	EXP 	Device response: <KeyPress from None: t=74.52402979996987, value=space, duration=0.09760159999132156>
76.1238 	DATA 	Keypress: space
76.2324 	EXP 	Device response: <KeyPress from None: t=76.12316099996679, value=space, duration=None>
76.2325 	EXP 	Device response: <KeyPress from None: t=76.12316099996679, value=space, duration=0.09792519989423454>
76.5451 	DATA 	Keypress: space
76.5457 	EXP 	Device response: <KeyPress from None: t=76.5106611000374, value=space, duration=None>
76.6760 	EXP 	Device response: <KeyPress from None: t=76.5106611000374, value=space, duration=0.12507619988173246>
80.3185 	DATA 	Mouse: Left button down, pos=(1615,945)
80.3356 	EXP 	img: autoDraw = False
80.3356 	EXP 	Instructions: autoDraw = False
80.3356 	EXP 	RBGInfo: autoDraw = False
80.3356 	EXP 	R: autoDraw = False
80.3356 	EXP 	G: autoDraw = False
80.3356 	EXP 	B: autoDraw = False
80.3356 	EXP 	counter_Text: autoDraw = False
80.3356 	EXP 	total_count: autoDraw = False
80.3356 	EXP 	text_8: autoDraw = True
80.5412 	DATA 	Mouse:  Left button up, pos=(1615,945)
80.7185 	EXP 	text_8: autoDraw = False
80.7185 	EXP 	text_8: autoDraw = False
80.7185 	EXP 	slider: markerPos = None
80.7185 	EXP 	slider: markerPos = 1
80.7185 	EXP 	slider: autoDraw = True
80.7185 	EXP 	text_9: autoDraw = True
80.7185 	EXP 	text_answer: autoDraw = True
81.6549 	DATA 	Mouse: Left button down, pos=(1414,580)
81.6858 	EXP 	slider: markerPos = np.float64(5.016)
81.7185 	EXP 	slider: markerPos = np.float64(5.016)
81.7521 	EXP 	slider: markerPos = np.float64(5.016)
81.7852 	EXP 	slider: markerPos = np.float64(5.016)
81.8186 	EXP 	slider: markerPos = np.float64(5.016)
81.8526 	EXP 	slider: markerPos = np.float64(5.016)
81.8766 	DATA 	Mouse:  Left button up, pos=(1414,580)
81.8854 	EXP 	slider: markerPos = np.float64(5.016)
81.9186 	EXP 	slider: markerPos = 5.0
82.8705 	DATA 	Mouse: Left button down, pos=(1037,271)
82.9045 	EXP 	slider: autoDraw = False
82.9045 	EXP 	text_9: autoDraw = False
82.9045 	EXP 	text_answer: autoDraw = False
82.9045 	EXP 	text_8: autoDraw = True
83.1067 	DATA 	Mouse:  Left button up, pos=(1037,271)
83.2855 	INFO 	Keyboard events cleared
83.2852 	EXP 	text_8: autoDraw = False
83.2852 	EXP 	text_8: autoDraw = False
83.2852 	EXP 	corrColor_2: height = np.float64(56.0)
83.2852 	EXP 	corrColor_2: height = np.float64(56.0)
83.2852 	EXP 	corrColor_2: height = np.float64(56.0)
83.2852 	EXP 	corrColor_2: text = 'Grey'
83.2852 	EXP 	R_2: height = np.float64(42.0)
83.2852 	EXP 	R_2: height = np.float64(42.0)
83.2852 	EXP 	R_2: height = np.float64(42.0)
83.2852 	EXP 	R_2: text = 42
83.2852 	EXP 	G_2: height = np.float64(42.0)
83.2852 	EXP 	G_2: height = np.float64(42.0)
83.2852 	EXP 	G_2: height = np.float64(42.0)
83.2852 	EXP 	G_2: text = 49
83.2852 	EXP 	B_2: height = np.float64(42.0)
83.2852 	EXP 	B_2: height = np.float64(42.0)
83.2852 	EXP 	B_2: height = np.float64(42.0)
83.2852 	EXP 	B_2: text = 52
83.2852 	EXP 	correctAnswer: autoDraw = True
83.2852 	EXP 	RBGInfo_2: autoDraw = True
83.2852 	EXP 	R_2: autoDraw = True
83.2852 	EXP 	G_2: autoDraw = True
83.2852 	EXP 	B_2: autoDraw = True
83.9408 	DATA 	Mouse: Left button down, pos=(1037,271)
83.9543 	EXP 	correctAnswer: autoDraw = False
83.9543 	EXP 	wrongAnswer: autoDraw = False
83.9543 	EXP 	corrColor_2: autoDraw = False
83.9543 	EXP 	RBGInfo_2: autoDraw = False
83.9543 	EXP 	R_2: autoDraw = False
83.9543 	EXP 	G_2: autoDraw = False
83.9543 	EXP 	B_2: autoDraw = False
83.9543 	EXP 	text_11: autoDraw = True
84.1743 	DATA 	Mouse:  Left button up, pos=(1037,271)
84.2893 	EXP 	New trial (rep=0, index=3): <Trial 3 (3 in rep 0) data={'folder': '03-1', 'image': '019_Teal.jpg', 'logical': True, 'corrColor': 'Teal', 'corrR': 0, 'corrG': 44, 'corrB': 49, 'image_path': '03-1/019_Teal_0.png', 'thisN': 3, 'thisTrialN': 3, 'thisRepN': 0}>
84.4363 	EXP 	text_11: autoDraw = False
84.4363 	EXP 	text_11: autoDraw = False
84.4363 	EXP 	img: foreColor = <psychopy.colors.Color: white, alpha=1.0>
84.4363 	EXP 	img: ori = np.float64(0.0)
84.4363 	EXP 	Instructions: text = 'Click the spacebar to shuffle through the filters to recognize the color.\nPress the button of the color you think it corresponds to.'
84.4363 	EXP 	counter_Text: height = np.float64(72.0)
84.4363 	EXP 	counter_Text: height = np.float64(72.0)
84.4363 	EXP 	counter_Text: height = np.float64(72.0)
84.4363 	EXP 	counter_Text: text = 4
84.4363 	EXP 	img: autoDraw = True
84.4363 	EXP 	Instructions: autoDraw = True
84.4363 	EXP 	RBGInfo: autoDraw = True
84.4363 	EXP 	G: autoDraw = True
84.4363 	EXP 	B: autoDraw = True
84.4363 	EXP 	counter_Text: autoDraw = True
84.4363 	EXP 	total_count: autoDraw = True
84.7019 	EXP 	R: autoDraw = True
87.0352 	DATA 	Keypress: space
87.0358 	EXP 	Device response: <KeyPress from None: t=86.97327499999665, value=space, duration=None>
87.1875 	EXP 	Device response: <KeyPress from None: t=86.97327499999665, value=space, duration=0.12462790007703006>
87.8013 	DATA 	Keypress: space
87.9393 	EXP 	Device response: <KeyPress from None: t=87.80037819989957, value=space, duration=None>
87.9393 	EXP 	Device response: <KeyPress from None: t=87.80037819989957, value=space, duration=0.10686050006188452>
88.9851 	DATA 	Keypress: space
88.9856 	EXP 	Device response: <KeyPress from None: t=88.88619949994609, value=space, duration=None>
89.1488 	EXP 	Device response: <KeyPress from None: t=88.88619949994609, value=space, duration=0.13404319994151592>
89.2998 	DATA 	Keypress: space
89.3016 	EXP 	Device response: <KeyPress from None: t=89.24811480008066, value=space, duration=None>
89.4371 	EXP 	Device response: <KeyPress from None: t=89.24811480008066, value=space, duration=0.11588889989070594>
89.7048 	DATA 	Keypress: space
89.7055 	EXP 	Device response: <KeyPress from None: t=89.64741340000182, value=space, duration=None>
89.8505 	EXP 	Device response: <KeyPress from None: t=89.64741340000182, value=space, duration=0.08869639993645251>
94.9074 	DATA 	Mouse: Left button down, pos=(1619,1063)
94.9186 	EXP 	img: autoDraw = False
94.9186 	EXP 	Instructions: autoDraw = False
94.9186 	EXP 	RBGInfo: autoDraw = False
94.9186 	EXP 	R: autoDraw = False
94.9186 	EXP 	G: autoDraw = False
94.9186 	EXP 	B: autoDraw = False
94.9186 	EXP 	counter_Text: autoDraw = False
94.9186 	EXP 	total_count: autoDraw = False
94.9186 	EXP 	text_8: autoDraw = True
95.0400 	DATA 	Mouse:  Left button up, pos=(1619,1063)
95.3012 	EXP 	text_8: autoDraw = False
95.3012 	EXP 	text_8: autoDraw = False
95.3012 	EXP 	slider: markerPos = None
95.3012 	EXP 	slider: markerPos = 1
95.3012 	EXP 	slider: autoDraw = True
95.3012 	EXP 	text_9: autoDraw = True
95.3012 	EXP 	text_answer: autoDraw = True
96.2692 	DATA 	Mouse: Left button down, pos=(1393,608)
96.3014 	EXP 	slider: markerPos = np.float64(4.932)
96.3346 	EXP 	slider: markerPos = np.float64(4.932)
96.3679 	EXP 	slider: markerPos = np.float64(4.932)
96.4011 	EXP 	slider: markerPos = np.float64(4.932)
96.4343 	EXP 	slider: markerPos = np.float64(4.932)
96.4673 	EXP 	slider: markerPos = np.float64(4.932)
96.4847 	DATA 	Mouse:  Left button up, pos=(1393,608)
96.5012 	EXP 	slider: markerPos = np.float64(4.932)
96.5342 	EXP 	slider: markerPos = 5.0
97.5365 	DATA 	Mouse: Left button down, pos=(963,221)
97.5543 	EXP 	slider: autoDraw = False
97.5543 	EXP 	text_9: autoDraw = False
97.5543 	EXP 	text_answer: autoDraw = False
97.5543 	EXP 	text_8: autoDraw = True
97.7565 	DATA 	Mouse:  Left button up, pos=(963,221)
97.9349 	INFO 	Keyboard events cleared
97.9347 	EXP 	text_8: autoDraw = False
97.9347 	EXP 	text_8: autoDraw = False
97.9347 	EXP 	corrColor_2: height = np.float64(56.0)
97.9347 	EXP 	corrColor_2: height = np.float64(56.0)
97.9347 	EXP 	corrColor_2: height = np.float64(56.0)
97.9347 	EXP 	corrColor_2: text = 'Teal'
97.9347 	EXP 	R_2: height = np.float64(42.0)
97.9347 	EXP 	R_2: height = np.float64(42.0)
97.9347 	EXP 	R_2: height = np.float64(42.0)
97.9347 	EXP 	R_2: text = 0
97.9347 	EXP 	G_2: height = np.float64(42.0)
97.9347 	EXP 	G_2: height = np.float64(42.0)
97.9347 	EXP 	G_2: height = np.float64(42.0)
97.9347 	EXP 	G_2: text = 44
97.9347 	EXP 	B_2: height = np.float64(42.0)
97.9347 	EXP 	B_2: height = np.float64(42.0)
97.9347 	EXP 	B_2: height = np.float64(42.0)
97.9347 	EXP 	B_2: text = 49
97.9347 	EXP 	correctAnswer: autoDraw = True
97.9347 	EXP 	RBGInfo_2: autoDraw = True
97.9347 	EXP 	R_2: autoDraw = True
97.9347 	EXP 	G_2: autoDraw = True
97.9347 	EXP 	B_2: autoDraw = True
98.7464 	DATA 	Mouse: Left button down, pos=(1001,270)
98.7703 	EXP 	correctAnswer: autoDraw = False
98.7703 	EXP 	wrongAnswer: autoDraw = False
98.7703 	EXP 	corrColor_2: autoDraw = False
98.7703 	EXP 	RBGInfo_2: autoDraw = False
98.7703 	EXP 	R_2: autoDraw = False
98.7703 	EXP 	G_2: autoDraw = False
98.7703 	EXP 	B_2: autoDraw = False
98.7703 	EXP 	text_11: autoDraw = True
98.9748 	DATA 	Mouse:  Left button up, pos=(1001,270)
99.1058 	EXP 	New trial (rep=0, index=4): <Trial 4 (4 in rep 0) data={'folder': '03-1', 'image': '006_Bordeaux.jpg', 'logical': True, 'corrColor': 'Bordeaux', 'corrR': 51, 'corrG': 0, 'corrB': 12, 'image_path': '03-1/006_Bordeaux_0.png', 'thisN': 4, 'thisTrialN': 4, 'thisRepN': 0}>
99.2692 	EXP 	text_11: autoDraw = False
99.2692 	EXP 	text_11: autoDraw = False
99.2692 	EXP 	img: foreColor = <psychopy.colors.Color: white, alpha=1.0>
99.2692 	EXP 	img: ori = np.float64(0.0)
99.2692 	EXP 	Instructions: text = 'Click the spacebar to shuffle through the filters to recognize the color.\nPress the button of the color you think it corresponds to.'
99.2692 	EXP 	counter_Text: height = np.float64(72.0)
99.2692 	EXP 	counter_Text: height = np.float64(72.0)
99.2692 	EXP 	counter_Text: height = np.float64(72.0)
99.2692 	EXP 	counter_Text: text = 5
99.2692 	EXP 	img: autoDraw = True
99.2692 	EXP 	Instructions: autoDraw = True
99.2692 	EXP 	RBGInfo: autoDraw = True
99.2692 	EXP 	G: autoDraw = True
99.2692 	EXP 	B: autoDraw = True
99.2692 	EXP 	counter_Text: autoDraw = True
99.2692 	EXP 	total_count: autoDraw = True
99.5682 	EXP 	R: autoDraw = True
104.3161 	DATA 	Keypress: space
104.4336 	EXP 	Device response: <KeyPress from None: t=104.31396940001287, value=space, duration=None>
104.4336 	EXP 	Device response: <KeyPress from None: t=104.31396940001287, value=space, duration=0.10676459991373122>
105.1918 	DATA 	Keypress: space
105.1941 	EXP 	Device response: <KeyPress from None: t=105.07512370008044, value=space, duration=None>
105.1941 	EXP 	Device response: <KeyPress from None: t=105.07512370008044, value=space, duration=0.0976431998424232>
106.2380 	DATA 	Keypress: space
106.2389 	EXP 	Device response: <KeyPress from None: t=106.19369319989346, value=space, duration=None>
106.3887 	EXP 	Device response: <KeyPress from None: t=106.19369319989346, value=space, duration=0.13421540008857846>
106.8390 	DATA 	Keypress: space
106.8396 	EXP 	Device response: <KeyPress from None: t=106.80488579999655, value=space, duration=None>
106.9876 	EXP 	Device response: <KeyPress from None: t=106.80488579999655, value=space, duration=0.13392439996823668>
115.9641 	DATA 	Mouse: Left button down, pos=(1602,1005)
115.9842 	EXP 	img: autoDraw = False
115.9842 	EXP 	Instructions: autoDraw = False
115.9842 	EXP 	RBGInfo: autoDraw = False
115.9842 	EXP 	R: autoDraw = False
115.9842 	EXP 	G: autoDraw = False
115.9842 	EXP 	B: autoDraw = False
115.9842 	EXP 	counter_Text: autoDraw = False
115.9842 	EXP 	total_count: autoDraw = False
115.9842 	EXP 	text_8: autoDraw = True
116.1235 	DATA 	Mouse:  Left button up, pos=(1602,1005)
116.3668 	EXP 	text_8: autoDraw = False
116.3668 	EXP 	text_8: autoDraw = False
116.3668 	EXP 	slider: markerPos = None
116.3668 	EXP 	slider: markerPos = 1
116.3668 	EXP 	slider: autoDraw = True
116.3668 	EXP 	text_9: autoDraw = True
116.3668 	EXP 	text_answer: autoDraw = True
119.0020 	DATA 	Mouse: Left button down, pos=(1414,587)
119.0337 	EXP 	slider: markerPos = np.float64(5.016)
119.0672 	EXP 	slider: markerPos = np.float64(5.016)
119.1005 	EXP 	slider: markerPos = np.float64(5.016)
119.1334 	EXP 	slider: markerPos = np.float64(5.016)
119.1666 	EXP 	slider: markerPos = np.float64(5.016)
119.2001 	EXP 	slider: markerPos = np.float64(5.016)
119.2336 	EXP 	slider: markerPos = np.float64(5.016)
119.2356 	DATA 	Mouse:  Left button up, pos=(1414,587)
119.2668 	EXP 	slider: markerPos = 5.0
121.1177 	DATA 	Mouse: Left button down, pos=(1015,253)
121.1533 	EXP 	slider: autoDraw = False
121.1533 	EXP 	text_9: autoDraw = False
121.1533 	EXP 	text_answer: autoDraw = False
121.1533 	EXP 	text_8: autoDraw = True
121.3382 	DATA 	Mouse:  Left button up, pos=(1015,253)
121.5340 	INFO 	Keyboard events cleared
121.5338 	EXP 	text_8: autoDraw = False
121.5338 	EXP 	text_8: autoDraw = False
121.5338 	EXP 	corrColor_2: height = np.float64(56.0)
121.5338 	EXP 	corrColor_2: height = np.float64(56.0)
121.5338 	EXP 	corrColor_2: height = np.float64(56.0)
121.5338 	EXP 	corrColor_2: text = 'Bordeaux'
121.5338 	EXP 	R_2: height = np.float64(42.0)
121.5338 	EXP 	R_2: height = np.float64(42.0)
121.5338 	EXP 	R_2: height = np.float64(42.0)
121.5338 	EXP 	R_2: text = 51
121.5338 	EXP 	G_2: height = np.float64(42.0)
121.5338 	EXP 	G_2: height = np.float64(42.0)
121.5338 	EXP 	G_2: height = np.float64(42.0)
121.5338 	EXP 	G_2: text = 0
121.5338 	EXP 	B_2: height = np.float64(42.0)
121.5338 	EXP 	B_2: height = np.float64(42.0)
121.5338 	EXP 	B_2: height = np.float64(42.0)
121.5338 	EXP 	B_2: text = 12
121.5338 	EXP 	correctAnswer: autoDraw = True
121.5338 	EXP 	RBGInfo_2: autoDraw = True
121.5338 	EXP 	R_2: autoDraw = True
121.5338 	EXP 	G_2: autoDraw = True
121.5338 	EXP 	B_2: autoDraw = True
122.2612 	DATA 	Mouse: Left button down, pos=(1015,253)
122.2865 	EXP 	correctAnswer: autoDraw = False
122.2865 	EXP 	wrongAnswer: autoDraw = False
122.2865 	EXP 	corrColor_2: autoDraw = False
122.2865 	EXP 	RBGInfo_2: autoDraw = False
122.2865 	EXP 	R_2: autoDraw = False
122.2865 	EXP 	G_2: autoDraw = False
122.2865 	EXP 	B_2: autoDraw = False
122.2865 	EXP 	text_11: autoDraw = True
122.4894 	DATA 	Mouse:  Left button up, pos=(1015,253)
122.6218 	EXP 	New trial (rep=0, index=5): <Trial 5 (5 in rep 0) data={'folder': '03-1', 'image': '013_Green.jpg', 'logical': True, 'corrColor': 'Green', 'corrR': 2, 'corrG': 100, 'corrB': 2, 'image_path': '03-1/013_Green_0.png', 'thisN': 5, 'thisTrialN': 5, 'thisRepN': 0}>
122.7847 	EXP 	text_11: autoDraw = False
122.7847 	EXP 	text_11: autoDraw = False
122.7847 	EXP 	img: foreColor = <psychopy.colors.Color: white, alpha=1.0>
122.7847 	EXP 	img: ori = np.float64(0.0)
122.7847 	EXP 	Instructions: text = 'Click the spacebar to shuffle through the filters to recognize the color.\nPress the button of the color you think it corresponds to.'
122.7847 	EXP 	counter_Text: height = np.float64(72.0)
122.7847 	EXP 	counter_Text: height = np.float64(72.0)
122.7847 	EXP 	counter_Text: height = np.float64(72.0)
122.7847 	EXP 	counter_Text: text = 6
122.7847 	EXP 	img: autoDraw = True
122.7847 	EXP 	Instructions: autoDraw = True
122.7847 	EXP 	RBGInfo: autoDraw = True
122.7847 	EXP 	G: autoDraw = True
122.7847 	EXP 	B: autoDraw = True
122.7847 	EXP 	counter_Text: autoDraw = True
122.7847 	EXP 	total_count: autoDraw = True
123.0679 	EXP 	R: autoDraw = True
136.9935 	DATA 	Keypress: space
137.1018 	EXP 	Device response: <KeyPress from None: t=136.99210919998586, value=space, duration=None>
137.2374 	EXP 	Device response: <KeyPress from None: t=136.99210919998586, value=space, duration=0.12506500002928078>
138.0785 	DATA 	Keypress: space
138.1892 	EXP 	Device response: <KeyPress from None: t=138.07660300005227, value=space, duration=None>
138.1893 	EXP 	Device response: <KeyPress from None: t=138.07660300005227, value=space, duration=0.09771339991129935>
142.2566 	DATA 	Mouse: Left button down, pos=(1646,408)
142.2833 	EXP 	img: autoDraw = False
142.2833 	EXP 	Instructions: autoDraw = False
142.2833 	EXP 	RBGInfo: autoDraw = False
142.2833 	EXP 	R: autoDraw = False
142.2833 	EXP 	G: autoDraw = False
142.2833 	EXP 	B: autoDraw = False
142.2833 	EXP 	counter_Text: autoDraw = False
142.2833 	EXP 	total_count: autoDraw = False
142.2833 	EXP 	text_8: autoDraw = True
142.4543 	DATA 	Mouse:  Left button up, pos=(1646,408)
142.6662 	EXP 	text_8: autoDraw = False
142.6662 	EXP 	slider: markerPos = None
142.6662 	EXP 	slider: markerPos = 1
142.6662 	EXP 	slider: autoDraw = True
142.6662 	EXP 	text_9: autoDraw = True
142.6662 	EXP 	text_answer: autoDraw = True
144.0681 	DATA 	Mouse: Left button down, pos=(1403,587)
144.0990 	EXP 	slider: markerPos = np.float64(4.9719999999999995)
144.1331 	EXP 	slider: markerPos = np.float64(4.9719999999999995)
144.1660 	EXP 	slider: markerPos = np.float64(4.9719999999999995)
144.1994 	EXP 	slider: markerPos = np.float64(4.9719999999999995)
144.2324 	EXP 	slider: markerPos = np.float64(4.9719999999999995)
144.2662 	EXP 	slider: markerPos = np.float64(4.9719999999999995)
144.2853 	DATA 	Mouse:  Left button up, pos=(1403,587)
144.2994 	EXP 	slider: markerPos = np.float64(4.9719999999999995)
144.3325 	EXP 	slider: markerPos = 5.0
145.1826 	DATA 	Mouse: Left button down, pos=(1047,245)
145.2193 	EXP 	slider: autoDraw = False
145.2193 	EXP 	text_9: autoDraw = False
145.2193 	EXP 	text_answer: autoDraw = False
145.2193 	EXP 	text_8: autoDraw = True
145.3888 	DATA 	Mouse:  Left button up, pos=(1047,245)
145.5991 	INFO 	Keyboard events cleared
145.5990 	EXP 	text_8: autoDraw = False
145.5990 	EXP 	text_8: autoDraw = False
145.5990 	EXP 	corrColor_2: height = np.float64(56.0)
145.5990 	EXP 	corrColor_2: height = np.float64(56.0)
145.5990 	EXP 	corrColor_2: height = np.float64(56.0)
145.5990 	EXP 	corrColor_2: text = 'Green'
145.5990 	EXP 	R_2: height = np.float64(42.0)
145.5990 	EXP 	R_2: height = np.float64(42.0)
145.5990 	EXP 	R_2: height = np.float64(42.0)
145.5990 	EXP 	R_2: text = 2
145.5990 	EXP 	G_2: height = np.float64(42.0)
145.5990 	EXP 	G_2: height = np.float64(42.0)
145.5990 	EXP 	G_2: height = np.float64(42.0)
145.5990 	EXP 	G_2: text = 100
145.5990 	EXP 	B_2: height = np.float64(42.0)
145.5990 	EXP 	B_2: height = np.float64(42.0)
145.5990 	EXP 	B_2: height = np.float64(42.0)
145.5990 	EXP 	B_2: text = 2
145.5990 	EXP 	correctAnswer: autoDraw = True
145.5990 	EXP 	RBGInfo_2: autoDraw = True
145.5990 	EXP 	R_2: autoDraw = True
145.5990 	EXP 	G_2: autoDraw = True
145.5990 	EXP 	B_2: autoDraw = True
146.5588 	DATA 	Mouse: Left button down, pos=(1047,245)
146.5861 	EXP 	correctAnswer: autoDraw = False
146.5861 	EXP 	wrongAnswer: autoDraw = False
146.5861 	EXP 	corrColor_2: autoDraw = False
146.5861 	EXP 	RBGInfo_2: autoDraw = False
146.5861 	EXP 	R_2: autoDraw = False
146.5861 	EXP 	G_2: autoDraw = False
146.5861 	EXP 	B_2: autoDraw = False
146.5861 	EXP 	text_11: autoDraw = True
146.7899 	DATA 	Mouse:  Left button up, pos=(1047,245)
146.9212 	EXP 	New trial (rep=0, index=6): <Trial 6 (6 in rep 0) data={'folder': '03-1', 'image': '012_Bordeaux.jpg', 'logical': True, 'corrColor': 'Bordeaux', 'corrR': 50, 'corrG': 2, 'corrB': 24, 'image_path': '03-1/012_Bordeaux_0.png', 'thisN': 6, 'thisTrialN': 6, 'thisRepN': 0}>
147.1009 	EXP 	text_11: autoDraw = False
147.1009 	EXP 	text_11: autoDraw = False
147.1009 	EXP 	img: foreColor = <psychopy.colors.Color: white, alpha=1.0>
147.1009 	EXP 	img: ori = np.float64(0.0)
147.1009 	EXP 	Instructions: text = 'Click the spacebar to shuffle through the filters to recognize the color.\nPress the button of the color you think it corresponds to.'
147.1009 	EXP 	counter_Text: height = np.float64(72.0)
147.1009 	EXP 	counter_Text: height = np.float64(72.0)
147.1009 	EXP 	counter_Text: height = np.float64(72.0)
147.1009 	EXP 	counter_Text: text = 7
147.1009 	EXP 	img: autoDraw = True
147.1009 	EXP 	Instructions: autoDraw = True
147.1009 	EXP 	RBGInfo: autoDraw = True
147.1009 	EXP 	G: autoDraw = True
147.1009 	EXP 	B: autoDraw = True
147.1009 	EXP 	counter_Text: autoDraw = True
147.1009 	EXP 	total_count: autoDraw = True
147.4331 	EXP 	R: autoDraw = True
150.5748 	DATA 	Keypress: space
150.5753 	EXP 	Device response: <KeyPress from None: t=150.50134419999085, value=space, duration=None>
150.7307 	EXP 	Device response: <KeyPress from None: t=150.50134419999085, value=space, duration=0.133903699927032>
151.5459 	DATA 	Keypress: space
151.6796 	EXP 	Device response: <KeyPress from None: t=151.54451669985428, value=space, duration=None>
151.6796 	EXP 	Device response: <KeyPress from None: t=151.54451669985428, value=space, duration=0.1249715001322329>
156.2039 	DATA 	Mouse: Left button down, pos=(1603,1013)
156.2161 	EXP 	img: autoDraw = False
156.2161 	EXP 	Instructions: autoDraw = False
156.2161 	EXP 	RBGInfo: autoDraw = False
156.2161 	EXP 	R: autoDraw = False
156.2161 	EXP 	G: autoDraw = False
156.2161 	EXP 	B: autoDraw = False
156.2161 	EXP 	counter_Text: autoDraw = False
156.2161 	EXP 	total_count: autoDraw = False
156.2161 	EXP 	text_8: autoDraw = True
156.3385 	DATA 	Mouse:  Left button up, pos=(1603,1013)
156.5989 	EXP 	text_8: autoDraw = False
156.5989 	EXP 	text_8: autoDraw = False
156.5989 	EXP 	slider: markerPos = None
156.5989 	EXP 	slider: markerPos = 1
156.5989 	EXP 	slider: autoDraw = True
156.5989 	EXP 	text_9: autoDraw = True
156.5989 	EXP 	text_answer: autoDraw = True
158.2674 	DATA 	Mouse: Left button down, pos=(1408,598)
158.2988 	EXP 	slider: markerPos = np.float64(4.992)
158.3319 	EXP 	slider: markerPos = np.float64(4.992)
158.3657 	EXP 	slider: markerPos = np.float64(4.992)
158.3990 	EXP 	slider: markerPos = np.float64(4.992)
158.4318 	EXP 	slider: markerPos = np.float64(4.992)
158.4655 	EXP 	slider: markerPos = np.float64(4.992)
158.4871 	DATA 	Mouse:  Left button up, pos=(1408,598)
158.4984 	EXP 	slider: markerPos = np.float64(4.992)
158.5320 	EXP 	slider: markerPos = 5.0
159.6476 	DATA 	Mouse: Left button down, pos=(998,260)
159.6856 	EXP 	slider: autoDraw = False
159.6856 	EXP 	text_9: autoDraw = False
159.6856 	EXP 	text_answer: autoDraw = False
159.6856 	EXP 	text_8: autoDraw = True
159.8872 	DATA 	Mouse:  Left button up, pos=(998,260)
160.0656 	INFO 	Keyboard events cleared
160.0654 	EXP 	text_8: autoDraw = False
160.0654 	EXP 	text_8: autoDraw = False
160.0654 	EXP 	corrColor_2: height = np.float64(56.0)
160.0654 	EXP 	corrColor_2: height = np.float64(56.0)
160.0654 	EXP 	corrColor_2: height = np.float64(56.0)
160.0654 	EXP 	corrColor_2: text = 'Bordeaux'
160.0654 	EXP 	R_2: height = np.float64(42.0)
160.0654 	EXP 	R_2: height = np.float64(42.0)
160.0654 	EXP 	R_2: height = np.float64(42.0)
160.0654 	EXP 	R_2: text = 50
160.0654 	EXP 	G_2: height = np.float64(42.0)
160.0654 	EXP 	G_2: height = np.float64(42.0)
160.0654 	EXP 	G_2: height = np.float64(42.0)
160.0654 	EXP 	G_2: text = 2
160.0654 	EXP 	B_2: height = np.float64(42.0)
160.0654 	EXP 	B_2: height = np.float64(42.0)
160.0654 	EXP 	B_2: height = np.float64(42.0)
160.0654 	EXP 	B_2: text = 24
160.0654 	EXP 	correctAnswer: autoDraw = True
160.0654 	EXP 	RBGInfo_2: autoDraw = True
160.0654 	EXP 	R_2: autoDraw = True
160.0654 	EXP 	G_2: autoDraw = True
160.0654 	EXP 	B_2: autoDraw = True
160.9034 	DATA 	Mouse: Left button down, pos=(998,260)
160.9182 	EXP 	correctAnswer: autoDraw = False
160.9182 	EXP 	wrongAnswer: autoDraw = False
160.9182 	EXP 	corrColor_2: autoDraw = False
160.9182 	EXP 	RBGInfo_2: autoDraw = False
160.9182 	EXP 	R_2: autoDraw = False
160.9182 	EXP 	G_2: autoDraw = False
160.9182 	EXP 	B_2: autoDraw = False
160.9182 	EXP 	text_11: autoDraw = True
161.1223 	DATA 	Mouse:  Left button up, pos=(998,260)
161.2540 	EXP 	New trial (rep=0, index=7): <Trial 7 (7 in rep 0) data={'folder': '03-1', 'image': '029_Teal.jpg', 'logical': True, 'corrColor': 'Teal', 'corrR': 0, 'corrG': 47, 'corrB': 43, 'image_path': '03-1/029_Teal_0.png', 'thisN': 7, 'thisTrialN': 7, 'thisRepN': 0}>
161.4165 	EXP 	text_11: autoDraw = False
161.4165 	EXP 	text_11: autoDraw = False
161.4165 	EXP 	img: foreColor = <psychopy.colors.Color: white, alpha=1.0>
161.4165 	EXP 	img: ori = np.float64(0.0)
161.4165 	EXP 	Instructions: text = 'Click the spacebar to shuffle through the filters to recognize the color.\nPress the button of the color you think it corresponds to.'
161.4165 	EXP 	counter_Text: height = np.float64(72.0)
161.4165 	EXP 	counter_Text: height = np.float64(72.0)
161.4165 	EXP 	counter_Text: height = np.float64(72.0)
161.4165 	EXP 	counter_Text: text = 8
161.4165 	EXP 	img: autoDraw = True
161.4165 	EXP 	Instructions: autoDraw = True
161.4165 	EXP 	RBGInfo: autoDraw = True
161.4165 	EXP 	G: autoDraw = True
161.4165 	EXP 	B: autoDraw = True
161.4165 	EXP 	counter_Text: autoDraw = True
161.4165 	EXP 	total_count: autoDraw = True
161.6991 	EXP 	R: autoDraw = True
244.2899 	DATA 	Keypress: space
244.2904 	EXP 	Device response: <KeyPress from None: t=244.25516639999114, value=space, duration=None>
244.4530 	EXP 	Device response: <KeyPress from None: t=244.25516639999114, value=space, duration=0.13414280000142753>
244.8951 	DATA 	Keypress: space
244.8962 	EXP 	Device response: <KeyPress from None: t=244.83902990003116, value=space, duration=None>
245.0499 	EXP 	Device response: <KeyPress from None: t=244.83902990003116, value=space, duration=0.14321749983355403>
249.2444 	DATA 	Mouse: Left button down, pos=(1618,1060)
249.2625 	EXP 	img: autoDraw = False
249.2625 	EXP 	Instructions: autoDraw = False
249.2625 	EXP 	RBGInfo: autoDraw = False
249.2625 	EXP 	R: autoDraw = False
249.2625 	EXP 	G: autoDraw = False
249.2625 	EXP 	B: autoDraw = False
249.2625 	EXP 	counter_Text: autoDraw = False
249.2625 	EXP 	total_count: autoDraw = False
249.2625 	EXP 	text_8: autoDraw = True
249.4537 	DATA 	Mouse:  Left button up, pos=(1618,1060)
249.6622 	EXP 	text_8: autoDraw = False
249.6622 	EXP 	text_8: autoDraw = False
249.6622 	EXP 	slider: markerPos = None
249.6622 	EXP 	slider: markerPos = 1
249.6622 	EXP 	slider: autoDraw = True
249.6622 	EXP 	text_9: autoDraw = True
249.6622 	EXP 	text_answer: autoDraw = True
251.0958 	DATA 	Mouse: Left button down, pos=(1398,592)
251.1453 	EXP 	slider: markerPos = np.float64(4.952)
251.1788 	EXP 	slider: markerPos = np.float64(4.952)
251.2120 	EXP 	slider: markerPos = np.float64(4.952)
251.2455 	EXP 	slider: markerPos = np.float64(4.952)
251.2791 	EXP 	slider: markerPos = np.float64(4.952)
251.3119 	EXP 	slider: markerPos = np.float64(4.952)
251.3153 	DATA 	Mouse:  Left button up, pos=(1398,592)
251.3456 	EXP 	slider: markerPos = 5.0
252.8948 	DATA 	Mouse: Left button down, pos=(1034,288)
252.9317 	EXP 	slider: autoDraw = False
252.9317 	EXP 	text_9: autoDraw = False
252.9317 	EXP 	text_answer: autoDraw = False
252.9317 	EXP 	text_8: autoDraw = True
253.1190 	DATA 	Mouse:  Left button up, pos=(1034,288)
253.3119 	INFO 	Keyboard events cleared
253.3117 	EXP 	text_8: autoDraw = False
253.3117 	EXP 	text_8: autoDraw = False
253.3117 	EXP 	corrColor_2: height = np.float64(56.0)
253.3117 	EXP 	corrColor_2: height = np.float64(56.0)
253.3117 	EXP 	corrColor_2: height = np.float64(56.0)
253.3117 	EXP 	corrColor_2: text = 'Teal'
253.3117 	EXP 	R_2: height = np.float64(42.0)
253.3117 	EXP 	R_2: height = np.float64(42.0)
253.3117 	EXP 	R_2: height = np.float64(42.0)
253.3117 	EXP 	R_2: text = 0
253.3117 	EXP 	G_2: height = np.float64(42.0)
253.3117 	EXP 	G_2: height = np.float64(42.0)
253.3117 	EXP 	G_2: height = np.float64(42.0)
253.3117 	EXP 	G_2: text = 47
253.3117 	EXP 	B_2: height = np.float64(42.0)
253.3117 	EXP 	B_2: height = np.float64(42.0)
253.3117 	EXP 	B_2: height = np.float64(42.0)
253.3117 	EXP 	B_2: text = 43
253.3117 	EXP 	correctAnswer: autoDraw = True
253.3117 	EXP 	RBGInfo_2: autoDraw = True
253.3117 	EXP 	R_2: autoDraw = True
253.3117 	EXP 	G_2: autoDraw = True
253.3117 	EXP 	B_2: autoDraw = True
253.9172 	DATA 	Mouse: Left button down, pos=(1034,288)
253.9305 	EXP 	correctAnswer: autoDraw = False
253.9305 	EXP 	wrongAnswer: autoDraw = False
253.9305 	EXP 	corrColor_2: autoDraw = False
253.9305 	EXP 	RBGInfo_2: autoDraw = False
253.9305 	EXP 	R_2: autoDraw = False
253.9305 	EXP 	G_2: autoDraw = False
253.9305 	EXP 	B_2: autoDraw = False
253.9305 	EXP 	text_11: autoDraw = True
254.1344 	DATA 	Mouse:  Left button up, pos=(1034,288)
254.2662 	EXP 	New trial (rep=0, index=8): <Trial 8 (8 in rep 0) data={'folder': '01-1', 'image': '029_Cyan.jpg', 'logical': True, 'corrColor': 'Cyan', 'corrR': 2, 'corrG': 100, 'corrB': 88, 'image_path': '01-1/029_Cyan_0.png', 'thisN': 8, 'thisTrialN': 8, 'thisRepN': 0}>
254.4297 	EXP 	text_11: autoDraw = False
254.4297 	EXP 	text_11: autoDraw = False
254.4297 	EXP 	img: foreColor = <psychopy.colors.Color: white, alpha=1.0>
254.4297 	EXP 	img: ori = np.float64(0.0)
254.4297 	EXP 	Instructions: text = 'Click the spacebar to shuffle through the filters to recognize the color.\nPress the button of the color you think it corresponds to.'
254.4297 	EXP 	counter_Text: height = np.float64(72.0)
254.4297 	EXP 	counter_Text: height = np.float64(72.0)
254.4297 	EXP 	counter_Text: height = np.float64(72.0)
254.4297 	EXP 	counter_Text: text = 9
254.4297 	EXP 	img: autoDraw = True
254.4297 	EXP 	Instructions: autoDraw = True
254.4297 	EXP 	RBGInfo: autoDraw = True
254.4297 	EXP 	G: autoDraw = True
254.4297 	EXP 	B: autoDraw = True
254.4297 	EXP 	counter_Text: autoDraw = True
254.4297 	EXP 	total_count: autoDraw = True
254.6956 	EXP 	R: autoDraw = True
256.8029 	DATA 	Keypress: space
256.8034 	EXP 	Device response: <KeyPress from None: t=256.75287349987775, value=space, duration=None>
256.9617 	EXP 	Device response: <KeyPress from None: t=256.75287349987775, value=space, duration=0.1342244001571089>
257.5650 	DATA 	Keypress: space
257.6901 	EXP 	Device response: <KeyPress from None: t=257.5632442999631, value=space, duration=None>
257.8399 	EXP 	Device response: <KeyPress from None: t=257.5632442999631, value=space, duration=0.16128730005584657>
263.8003 	DATA 	Mouse: Left button down, pos=(1612,462)
263.8120 	EXP 	img: autoDraw = False
263.8120 	EXP 	Instructions: autoDraw = False
263.8120 	EXP 	RBGInfo: autoDraw = False
263.8120 	EXP 	R: autoDraw = False
263.8120 	EXP 	G: autoDraw = False
263.8120 	EXP 	B: autoDraw = False
263.8120 	EXP 	counter_Text: autoDraw = False
263.8120 	EXP 	total_count: autoDraw = False
263.8120 	EXP 	text_8: autoDraw = True
263.9360 	DATA 	Mouse:  Left button up, pos=(1612,462)
264.1948 	EXP 	text_8: autoDraw = False
264.1948 	EXP 	text_8: autoDraw = False
264.1948 	EXP 	slider: markerPos = None
264.1948 	EXP 	slider: markerPos = 1
264.1948 	EXP 	slider: autoDraw = True
264.1948 	EXP 	text_9: autoDraw = True
264.1948 	EXP 	text_answer: autoDraw = True
265.5637 	DATA 	Mouse: Left button down, pos=(1386,590)
265.5946 	EXP 	slider: markerPos = np.float64(4.904)
265.6284 	EXP 	slider: markerPos = np.float64(4.904)
265.6612 	EXP 	slider: markerPos = np.float64(4.904)
265.6954 	EXP 	slider: markerPos = np.float64(4.904)
265.7282 	EXP 	slider: markerPos = np.float64(4.904)
265.7612 	EXP 	slider: markerPos = np.float64(4.904)
265.7797 	DATA 	Mouse:  Left button up, pos=(1386,590)
265.7951 	EXP 	slider: markerPos = np.float64(4.904)
265.8283 	EXP 	slider: markerPos = 5.0
266.5630 	DATA 	Mouse: Left button down, pos=(1014,258)
266.5808 	EXP 	slider: autoDraw = False
266.5808 	EXP 	text_9: autoDraw = False
266.5808 	EXP 	text_answer: autoDraw = False
266.5808 	EXP 	text_8: autoDraw = True
266.7848 	DATA 	Mouse:  Left button up, pos=(1014,258)
266.9615 	INFO 	Keyboard events cleared
266.9614 	EXP 	text_8: autoDraw = False
266.9614 	EXP 	text_8: autoDraw = False
266.9614 	EXP 	corrColor_2: height = np.float64(56.0)
266.9614 	EXP 	corrColor_2: height = np.float64(56.0)
266.9614 	EXP 	corrColor_2: height = np.float64(56.0)
266.9614 	EXP 	corrColor_2: text = 'Cyan'
266.9614 	EXP 	R_2: height = np.float64(42.0)
266.9614 	EXP 	R_2: height = np.float64(42.0)
266.9614 	EXP 	R_2: height = np.float64(42.0)
266.9614 	EXP 	R_2: text = 2
266.9614 	EXP 	G_2: height = np.float64(42.0)
266.9614 	EXP 	G_2: height = np.float64(42.0)
266.9614 	EXP 	G_2: height = np.float64(42.0)
266.9614 	EXP 	G_2: text = 100
266.9614 	EXP 	B_2: height = np.float64(42.0)
266.9614 	EXP 	B_2: height = np.float64(42.0)
266.9614 	EXP 	B_2: height = np.float64(42.0)
266.9614 	EXP 	B_2: text = 88
266.9614 	EXP 	correctAnswer: autoDraw = True
266.9614 	EXP 	RBGInfo_2: autoDraw = True
266.9614 	EXP 	R_2: autoDraw = True
266.9614 	EXP 	G_2: autoDraw = True
266.9614 	EXP 	B_2: autoDraw = True
267.6032 	DATA 	Mouse: Left button down, pos=(1014,258)
267.6302 	EXP 	correctAnswer: autoDraw = False
267.6302 	EXP 	wrongAnswer: autoDraw = False
267.6302 	EXP 	corrColor_2: autoDraw = False
267.6302 	EXP 	RBGInfo_2: autoDraw = False
267.6302 	EXP 	R_2: autoDraw = False
267.6302 	EXP 	G_2: autoDraw = False
267.6302 	EXP 	B_2: autoDraw = False
267.6302 	EXP 	text_11: autoDraw = True
267.8333 	DATA 	Mouse:  Left button up, pos=(1014,258)
267.9657 	EXP 	New trial (rep=0, index=9): <Trial 9 (9 in rep 0) data={'folder': '01-1', 'image': '007_Cyan.jpg', 'logical': True, 'corrColor': 'Cyan', 'corrR': 1, 'corrG': 89, 'corrB': 99, 'image_path': '01-1/007_Cyan_0.png', 'thisN': 9, 'thisTrialN': 9, 'thisRepN': 0}>
268.1297 	EXP 	text_11: autoDraw = False
268.1297 	EXP 	text_11: autoDraw = False
268.1297 	EXP 	img: foreColor = <psychopy.colors.Color: white, alpha=1.0>
268.1297 	EXP 	img: ori = np.float64(0.0)
268.1297 	EXP 	Instructions: text = 'Click the spacebar to shuffle through the filters to recognize the color.\nPress the button of the color you think it corresponds to.'
268.1297 	EXP 	counter_Text: height = np.float64(72.0)
268.1297 	EXP 	counter_Text: height = np.float64(72.0)
268.1297 	EXP 	counter_Text: height = np.float64(72.0)
268.1297 	EXP 	counter_Text: text = 10
268.1297 	EXP 	img: autoDraw = True
268.1297 	EXP 	Instructions: autoDraw = True
268.1297 	EXP 	RBGInfo: autoDraw = True
268.1297 	EXP 	G: autoDraw = True
268.1297 	EXP 	B: autoDraw = True
268.1297 	EXP 	counter_Text: autoDraw = True
268.1297 	EXP 	total_count: autoDraw = True
268.4130 	EXP 	R: autoDraw = True
269.4296 	DATA 	Keypress: space
269.4310 	EXP 	Device response: <KeyPress from None: t=269.3869962999597, value=space, duration=None>
269.5708 	EXP 	Device response: <KeyPress from None: t=269.3869962999597, value=space, duration=0.1429828000254929>
270.3976 	DATA 	Keypress: space
270.5174 	EXP 	Device response: <KeyPress from None: t=270.394207400037, value=space, duration=None>
270.5175 	EXP 	Device response: <KeyPress from None: t=270.394207400037, value=space, duration=0.10661350004374981>
273.9540 	DATA 	Mouse: Left button down, pos=(1605,468)
273.9780 	EXP 	img: autoDraw = False
273.9780 	EXP 	Instructions: autoDraw = False
273.9780 	EXP 	RBGInfo: autoDraw = False
273.9780 	EXP 	R: autoDraw = False
273.9780 	EXP 	G: autoDraw = False
273.9780 	EXP 	B: autoDraw = False
273.9780 	EXP 	counter_Text: autoDraw = False
273.9780 	EXP 	total_count: autoDraw = False
273.9780 	EXP 	text_8: autoDraw = True
274.1160 	DATA 	Mouse:  Left button up, pos=(1605,468)
274.3445 	EXP 	text_8: autoDraw = False
274.3445 	EXP 	slider: markerPos = None
274.3445 	EXP 	slider: markerPos = 1
274.3445 	EXP 	slider: autoDraw = True
274.3445 	EXP 	text_9: autoDraw = True
274.3445 	EXP 	text_answer: autoDraw = True
275.4955 	DATA 	Mouse: Left button down, pos=(1399,605)
275.5442 	EXP 	slider: markerPos = np.float64(4.9559999999999995)
275.5776 	EXP 	slider: markerPos = np.float64(4.9559999999999995)
275.6111 	EXP 	slider: markerPos = np.float64(4.9559999999999995)
275.6442 	EXP 	slider: markerPos = np.float64(4.9559999999999995)
275.6778 	EXP 	slider: markerPos = np.float64(4.9559999999999995)
275.7114 	EXP 	slider: markerPos = np.float64(4.9559999999999995)
275.7140 	DATA 	Mouse:  Left button up, pos=(1399,605)
275.7446 	EXP 	slider: markerPos = 5.0
277.0972 	DATA 	Mouse: Left button down, pos=(1062,274)
277.1139 	EXP 	slider: autoDraw = False
277.1139 	EXP 	text_9: autoDraw = False
277.1139 	EXP 	text_answer: autoDraw = False
277.1139 	EXP 	text_8: autoDraw = True
277.3348 	DATA 	Mouse:  Left button up, pos=(1062,274)
277.4786 	INFO 	Keyboard events cleared
277.4784 	EXP 	text_8: autoDraw = False
277.4784 	EXP 	text_8: autoDraw = False
277.4784 	EXP 	corrColor_2: text = 'Cyan'
277.4784 	EXP 	R_2: height = np.float64(42.0)
277.4784 	EXP 	R_2: height = np.float64(42.0)
277.4784 	EXP 	R_2: height = np.float64(42.0)
277.4784 	EXP 	R_2: text = 1
277.4784 	EXP 	G_2: height = np.float64(42.0)
277.4784 	EXP 	G_2: height = np.float64(42.0)
277.4784 	EXP 	G_2: height = np.float64(42.0)
277.4784 	EXP 	G_2: text = 89
277.4784 	EXP 	B_2: height = np.float64(42.0)
277.4784 	EXP 	B_2: height = np.float64(42.0)
277.4784 	EXP 	B_2: height = np.float64(42.0)
277.4784 	EXP 	B_2: text = 99
277.4784 	EXP 	correctAnswer: autoDraw = True
277.4784 	EXP 	RBGInfo_2: autoDraw = True
277.4784 	EXP 	R_2: autoDraw = True
277.4784 	EXP 	G_2: autoDraw = True
277.4784 	EXP 	B_2: autoDraw = True
279.7322 	DATA 	Mouse: Left button down, pos=(1062,274)
279.7474 	EXP 	correctAnswer: autoDraw = False
279.7474 	EXP 	wrongAnswer: autoDraw = False
279.7474 	EXP 	corrColor_2: autoDraw = False
279.7474 	EXP 	RBGInfo_2: autoDraw = False
279.7474 	EXP 	R_2: autoDraw = False
279.7474 	EXP 	G_2: autoDraw = False
279.7474 	EXP 	B_2: autoDraw = False
279.7474 	EXP 	text_11: autoDraw = True
279.9500 	DATA 	Mouse:  Left button up, pos=(1062,274)
280.0828 	EXP 	New trial (rep=0, index=10): <Trial 10 (10 in rep 0) data={'folder': '02-1', 'image': '010_Pink.jpg', 'logical': True, 'corrColor': 'Pink', 'corrR': 98, 'corrG': 0, 'corrB': 52, 'image_path': '02-1/010_Pink_0.png', 'thisN': 10, 'thisTrialN': 10, 'thisRepN': 0}>
280.2457 	EXP 	text_11: autoDraw = False
280.2457 	EXP 	text_11: autoDraw = False
280.2457 	EXP 	img: foreColor = <psychopy.colors.Color: white, alpha=1.0>
280.2457 	EXP 	img: ori = np.float64(0.0)
280.2457 	EXP 	Instructions: text = 'Click the spacebar to shuffle through the filters to recognize the color.\nPress the button of the color you think it corresponds to.'
280.2457 	EXP 	counter_Text: height = np.float64(72.0)
280.2457 	EXP 	counter_Text: height = np.float64(72.0)
280.2457 	EXP 	counter_Text: height = np.float64(72.0)
280.2457 	EXP 	counter_Text: text = 11
280.2457 	EXP 	img: autoDraw = True
280.2457 	EXP 	Instructions: autoDraw = True
280.2457 	EXP 	RBGInfo: autoDraw = True
280.2457 	EXP 	G: autoDraw = True
280.2457 	EXP 	B: autoDraw = True
280.2457 	EXP 	counter_Text: autoDraw = True
280.2457 	EXP 	total_count: autoDraw = True
280.5120 	EXP 	R: autoDraw = True
281.7252 	DATA 	Mouse: Left button down, pos=(1062,274)
281.9023 	DATA 	Mouse:  Left button up, pos=(1062,274)
282.3205 	DATA 	Keypress: space
282.4535 	EXP 	Device response: <KeyPress from None: t=282.31934339995496, value=space, duration=None>
282.6096 	EXP 	Device response: <KeyPress from None: t=282.31934339995496, value=space, duration=0.16115429997444153>
283.0208 	DATA 	Keypress: space
283.0216 	EXP 	Device response: <KeyPress from None: t=283.00696219992824, value=space, duration=None>
283.1673 	EXP 	Device response: <KeyPress from None: t=283.00696219992824, value=space, duration=0.10675269993953407>
288.9484 	DATA 	Mouse: Left button down, pos=(1615,813)
289.0614 	EXP 	img: autoDraw = False
289.0614 	EXP 	Instructions: autoDraw = False
289.0614 	EXP 	RBGInfo: autoDraw = False
289.0614 	EXP 	R: autoDraw = False
289.0614 	EXP 	G: autoDraw = False
289.0614 	EXP 	B: autoDraw = False
289.0614 	EXP 	counter_Text: autoDraw = False
289.0614 	EXP 	total_count: autoDraw = False
289.0614 	EXP 	text_8: autoDraw = True
289.1855 	DATA 	Mouse:  Left button up, pos=(1615,813)
289.4443 	EXP 	text_8: autoDraw = False
289.4443 	EXP 	text_8: autoDraw = False
289.4443 	EXP 	slider: markerPos = None
289.4443 	EXP 	slider: markerPos = 1
289.4443 	EXP 	slider: autoDraw = True
289.4443 	EXP 	text_9: autoDraw = True
289.4443 	EXP 	text_answer: autoDraw = True
290.4128 	DATA 	Mouse: Left button down, pos=(1407,618)
290.4438 	EXP 	slider: markerPos = np.float64(4.9879999999999995)
290.4775 	EXP 	slider: markerPos = np.float64(4.9879999999999995)
290.5105 	EXP 	slider: markerPos = np.float64(4.9879999999999995)
290.5443 	EXP 	slider: markerPos = np.float64(4.9879999999999995)
290.5772 	EXP 	slider: markerPos = np.float64(4.9879999999999995)
290.6105 	EXP 	slider: markerPos = np.float64(4.9879999999999995)
290.6341 	DATA 	Mouse:  Left button up, pos=(1407,618)
290.6439 	EXP 	slider: markerPos = np.float64(4.9879999999999995)
290.6776 	EXP 	slider: markerPos = 5.0
292.0471 	DATA 	Mouse: Left button down, pos=(980,253)
292.0638 	EXP 	slider: autoDraw = False
292.0638 	EXP 	text_9: autoDraw = False
292.0638 	EXP 	text_answer: autoDraw = False
292.0638 	EXP 	text_8: autoDraw = True
292.2673 	DATA 	Mouse:  Left button up, pos=(980,253)
292.4444 	INFO 	Keyboard events cleared
292.4442 	EXP 	text_8: autoDraw = False
292.4442 	EXP 	text_8: autoDraw = False
292.4442 	EXP 	corrColor_2: height = np.float64(56.0)
292.4442 	EXP 	corrColor_2: height = np.float64(56.0)
292.4442 	EXP 	corrColor_2: height = np.float64(56.0)
292.4442 	EXP 	corrColor_2: text = 'Pink'
292.4442 	EXP 	R_2: height = np.float64(42.0)
292.4442 	EXP 	R_2: height = np.float64(42.0)
292.4442 	EXP 	R_2: height = np.float64(42.0)
292.4442 	EXP 	R_2: text = 98
292.4442 	EXP 	G_2: height = np.float64(42.0)
292.4442 	EXP 	G_2: height = np.float64(42.0)
292.4442 	EXP 	G_2: height = np.float64(42.0)
292.4442 	EXP 	G_2: text = 0
292.4442 	EXP 	B_2: height = np.float64(42.0)
292.4442 	EXP 	B_2: height = np.float64(42.0)
292.4442 	EXP 	B_2: height = np.float64(42.0)
292.4442 	EXP 	B_2: text = 52
292.4442 	EXP 	correctAnswer: autoDraw = True
292.4442 	EXP 	RBGInfo_2: autoDraw = True
292.4442 	EXP 	R_2: autoDraw = True
292.4442 	EXP 	G_2: autoDraw = True
292.4442 	EXP 	B_2: autoDraw = True
292.9351 	DATA 	Mouse: Left button down, pos=(980,253)
292.9632 	EXP 	correctAnswer: autoDraw = False
292.9632 	EXP 	wrongAnswer: autoDraw = False
292.9632 	EXP 	corrColor_2: autoDraw = False
292.9632 	EXP 	RBGInfo_2: autoDraw = False
292.9632 	EXP 	R_2: autoDraw = False
292.9632 	EXP 	G_2: autoDraw = False
292.9632 	EXP 	B_2: autoDraw = False
292.9632 	EXP 	text_11: autoDraw = True
293.1662 	DATA 	Mouse:  Left button up, pos=(980,253)
293.2991 	EXP 	New trial (rep=0, index=11): <Trial 11 (11 in rep 0) data={'folder': '02-1', 'image': '014_Pink.jpg', 'logical': True, 'corrColor': 'Pink', 'corrR': 100, 'corrG': 9, 'corrB': 40, 'image_path': '02-1/014_Pink_0.png', 'thisN': 11, 'thisTrialN': 11, 'thisRepN': 0}>
293.4828 	EXP 	text_11: autoDraw = False
293.4828 	EXP 	text_11: autoDraw = False
293.4828 	EXP 	img: foreColor = <psychopy.colors.Color: white, alpha=1.0>
293.4828 	EXP 	img: ori = np.float64(0.0)
293.4828 	EXP 	Instructions: text = 'Click the spacebar to shuffle through the filters to recognize the color.\nPress the button of the color you think it corresponds to.'
293.4828 	EXP 	counter_Text: height = np.float64(72.0)
293.4828 	EXP 	counter_Text: height = np.float64(72.0)
293.4828 	EXP 	counter_Text: height = np.float64(72.0)
293.4828 	EXP 	counter_Text: text = 12
293.4828 	EXP 	img: autoDraw = True
293.4828 	EXP 	Instructions: autoDraw = True
293.4828 	EXP 	RBGInfo: autoDraw = True
293.4828 	EXP 	G: autoDraw = True
293.4828 	EXP 	B: autoDraw = True
293.4828 	EXP 	counter_Text: autoDraw = True
293.4828 	EXP 	total_count: autoDraw = True
293.6440 	EXP 	R: autoDraw = True
294.7385 	DATA 	Keypress: space
294.7392 	EXP 	Device response: <KeyPress from None: t=294.6818285000045, value=space, duration=None>
294.9043 	EXP 	Device response: <KeyPress from None: t=294.6818285000045, value=space, duration=0.11595129990018904>
295.5137 	DATA 	Keypress: space
295.6489 	EXP 	Device response: <KeyPress from None: t=295.51320659997873, value=space, duration=None>
295.7949 	EXP 	Device response: <KeyPress from None: t=295.51320659997873, value=space, duration=0.1430021000560373>
305.5040 	DATA 	Mouse: Left button down, pos=(1629,815)
305.5270 	EXP 	img: autoDraw = False
305.5270 	EXP 	Instructions: autoDraw = False
305.5270 	EXP 	RBGInfo: autoDraw = False
305.5270 	EXP 	R: autoDraw = False
305.5270 	EXP 	G: autoDraw = False
305.5270 	EXP 	B: autoDraw = False
305.5270 	EXP 	counter_Text: autoDraw = False
305.5270 	EXP 	total_count: autoDraw = False
305.5270 	EXP 	text_8: autoDraw = True
305.7148 	DATA 	Mouse:  Left button up, pos=(1629,815)
305.9096 	EXP 	text_8: autoDraw = False
305.9096 	EXP 	slider: markerPos = None
305.9096 	EXP 	slider: markerPos = 1
305.9096 	EXP 	slider: autoDraw = True
305.9096 	EXP 	text_9: autoDraw = True
305.9096 	EXP 	text_answer: autoDraw = True
307.1954 	DATA 	Mouse: Left button down, pos=(1417,573)
307.2264 	EXP 	slider: markerPos = np.float64(5.0280000000000005)
307.2606 	EXP 	slider: markerPos = np.float64(5.0280000000000005)
307.2939 	EXP 	slider: markerPos = np.float64(5.0280000000000005)
307.3264 	EXP 	slider: markerPos = np.float64(5.0280000000000005)
307.3599 	EXP 	slider: markerPos = np.float64(5.0280000000000005)
307.3933 	EXP 	slider: markerPos = np.float64(5.0280000000000005)
307.4264 	EXP 	slider: markerPos = np.float64(5.0280000000000005)
307.4282 	DATA 	Mouse:  Left button up, pos=(1417,573)
307.4604 	EXP 	slider: markerPos = 5.0
308.4279 	DATA 	Mouse: Left button down, pos=(1092,274)
308.4788 	EXP 	slider: autoDraw = False
308.4788 	EXP 	text_9: autoDraw = False
308.4788 	EXP 	text_answer: autoDraw = False
308.4788 	EXP 	text_8: autoDraw = True
308.6653 	DATA 	Mouse:  Left button up, pos=(1092,274)
308.8267 	INFO 	Keyboard events cleared
308.8265 	EXP 	text_8: autoDraw = False
308.8265 	EXP 	corrColor_2: text = 'Pink'
308.8265 	EXP 	R_2: height = np.float64(42.0)
308.8265 	EXP 	R_2: height = np.float64(42.0)
308.8265 	EXP 	R_2: height = np.float64(42.0)
308.8265 	EXP 	R_2: text = 100
308.8265 	EXP 	G_2: height = np.float64(42.0)
308.8265 	EXP 	G_2: height = np.float64(42.0)
308.8265 	EXP 	G_2: height = np.float64(42.0)
308.8265 	EXP 	G_2: text = 9
308.8265 	EXP 	B_2: height = np.float64(42.0)
308.8265 	EXP 	B_2: height = np.float64(42.0)
308.8265 	EXP 	B_2: height = np.float64(42.0)
308.8265 	EXP 	B_2: text = 40
308.8265 	EXP 	correctAnswer: autoDraw = True
308.8265 	EXP 	RBGInfo_2: autoDraw = True
308.8265 	EXP 	R_2: autoDraw = True
308.8265 	EXP 	G_2: autoDraw = True
308.8265 	EXP 	B_2: autoDraw = True
309.4494 	DATA 	Mouse: Left button down, pos=(1092,274)
309.4619 	EXP 	correctAnswer: autoDraw = False
309.4619 	EXP 	wrongAnswer: autoDraw = False
309.4619 	EXP 	corrColor_2: autoDraw = False
309.4619 	EXP 	RBGInfo_2: autoDraw = False
309.4619 	EXP 	R_2: autoDraw = False
309.4619 	EXP 	G_2: autoDraw = False
309.4619 	EXP 	B_2: autoDraw = False
309.4619 	EXP 	text_11: autoDraw = True
309.6834 	DATA 	Mouse:  Left button up, pos=(1092,274)
309.7971 	EXP 	New trial (rep=0, index=12): <Trial 12 (12 in rep 0) data={'folder': '02-1', 'image': '008_Orange.jpg', 'logical': True, 'corrColor': 'Orange', 'corrR': 100, 'corrG': 53, 'corrB': 0, 'image_path': '02-1/008_Orange_0.png', 'thisN': 12, 'thisTrialN': 12, 'thisRepN': 0}>
310.0050 	EXP 	text_11: autoDraw = False
310.0050 	EXP 	text_11: autoDraw = False
310.0050 	EXP 	img: foreColor = <psychopy.colors.Color: white, alpha=1.0>
310.0050 	EXP 	img: ori = np.float64(0.0)
310.0050 	EXP 	Instructions: text = 'Click the spacebar to shuffle through the filters to recognize the color.\nPress the button of the color you think it corresponds to.'
310.0050 	EXP 	counter_Text: height = np.float64(72.0)
310.0050 	EXP 	counter_Text: height = np.float64(72.0)
310.0050 	EXP 	counter_Text: height = np.float64(72.0)
310.0050 	EXP 	counter_Text: text = 13
310.0050 	EXP 	img: autoDraw = True
310.0050 	EXP 	Instructions: autoDraw = True
310.0050 	EXP 	RBGInfo: autoDraw = True
310.0050 	EXP 	G: autoDraw = True
310.0050 	EXP 	B: autoDraw = True
310.0050 	EXP 	counter_Text: autoDraw = True
310.0050 	EXP 	total_count: autoDraw = True
310.1448 	EXP 	R: autoDraw = True
311.2945 	DATA 	Keypress: space
311.2956 	EXP 	Device response: <KeyPress from None: t=311.2141601999756, value=space, duration=None>
311.4512 	EXP 	Device response: <KeyPress from None: t=311.2141601999756, value=space, duration=0.15204140008427203>
313.4795 	DATA 	Keypress: space
313.4808 	EXP 	Device response: <KeyPress from None: t=313.38503220002167, value=space, duration=None>
313.6383 	EXP 	Device response: <KeyPress from None: t=313.38503220002167, value=space, duration=0.16091390000656247>
325.6985 	DATA 	Keypress: space
325.6994 	EXP 	Device response: <KeyPress from None: t=325.6445532999933, value=space, duration=None>
325.8619 	EXP 	Device response: <KeyPress from None: t=325.6445532999933, value=space, duration=0.12472549988888204>
326.1593 	DATA 	Keypress: space
326.1598 	EXP 	Device response: <KeyPress from None: t=326.05886529991403, value=space, duration=None>
326.3073 	EXP 	Device response: <KeyPress from None: t=326.05886529991403, value=space, duration=0.17936310009099543>
326.5957 	DATA 	Keypress: space
326.5963 	EXP 	Device response: <KeyPress from None: t=326.55922980001196, value=space, duration=None>
326.7358 	EXP 	Device response: <KeyPress from None: t=326.55922980001196, value=space, duration=0.10710070002824068>
331.0485 	DATA 	Mouse: Left button down, pos=(1625,701)
331.0764 	EXP 	img: autoDraw = False
331.0764 	EXP 	Instructions: autoDraw = False
331.0764 	EXP 	RBGInfo: autoDraw = False
331.0764 	EXP 	R: autoDraw = False
331.0764 	EXP 	G: autoDraw = False
331.0764 	EXP 	B: autoDraw = False
331.0764 	EXP 	counter_Text: autoDraw = False
331.0764 	EXP 	total_count: autoDraw = False
331.0764 	EXP 	text_8: autoDraw = True
331.2650 	DATA 	Mouse:  Left button up, pos=(1625,701)
331.4759 	EXP 	text_8: autoDraw = False
331.4759 	EXP 	slider: markerPos = None
331.4759 	EXP 	slider: markerPos = 1
331.4759 	EXP 	slider: autoDraw = True
331.4759 	EXP 	text_9: autoDraw = True
331.4759 	EXP 	text_answer: autoDraw = True
332.4115 	DATA 	Mouse: Left button down, pos=(1373,571)
332.4424 	EXP 	slider: markerPos = np.float64(4.852)
332.4756 	EXP 	slider: markerPos = np.float64(4.852)
332.5096 	EXP 	slider: markerPos = np.float64(4.852)
332.5427 	EXP 	slider: markerPos = np.float64(4.852)
332.5758 	EXP 	slider: markerPos = np.float64(4.852)
332.6093 	EXP 	slider: markerPos = np.float64(4.852)
332.6298 	DATA 	Mouse:  Left button up, pos=(1373,571)
332.6422 	EXP 	slider: markerPos = np.float64(4.852)
332.6756 	EXP 	slider: markerPos = 5.0
333.6133 	DATA 	Mouse: Left button down, pos=(886,223)
333.6286 	EXP 	slider: autoDraw = False
333.6286 	EXP 	text_9: autoDraw = False
333.6286 	EXP 	text_answer: autoDraw = False
333.6286 	EXP 	text_8: autoDraw = True
333.8311 	DATA 	Mouse:  Left button up, pos=(886,223)
334.0093 	INFO 	Keyboard events cleared
334.0091 	EXP 	text_8: autoDraw = False
334.0091 	EXP 	text_8: autoDraw = False
334.0091 	EXP 	corrColor_2: height = np.float64(56.0)
334.0091 	EXP 	corrColor_2: height = np.float64(56.0)
334.0091 	EXP 	corrColor_2: height = np.float64(56.0)
334.0091 	EXP 	corrColor_2: text = 'Orange'
334.0091 	EXP 	R_2: height = np.float64(42.0)
334.0091 	EXP 	R_2: height = np.float64(42.0)
334.0091 	EXP 	R_2: height = np.float64(42.0)
334.0091 	EXP 	R_2: text = 100
334.0091 	EXP 	G_2: height = np.float64(42.0)
334.0091 	EXP 	G_2: height = np.float64(42.0)
334.0091 	EXP 	G_2: height = np.float64(42.0)
334.0091 	EXP 	G_2: text = 53
334.0091 	EXP 	B_2: height = np.float64(42.0)
334.0091 	EXP 	B_2: height = np.float64(42.0)
334.0091 	EXP 	B_2: height = np.float64(42.0)
334.0091 	EXP 	B_2: text = 0
334.0091 	EXP 	correctAnswer: autoDraw = True
334.0091 	EXP 	RBGInfo_2: autoDraw = True
334.0091 	EXP 	R_2: autoDraw = True
334.0091 	EXP 	G_2: autoDraw = True
334.0091 	EXP 	B_2: autoDraw = True
334.4805 	DATA 	Mouse: Left button down, pos=(886,223)
334.4949 	EXP 	correctAnswer: autoDraw = False
334.4949 	EXP 	wrongAnswer: autoDraw = False
334.4949 	EXP 	corrColor_2: autoDraw = False
334.4949 	EXP 	RBGInfo_2: autoDraw = False
334.4949 	EXP 	R_2: autoDraw = False
334.4949 	EXP 	G_2: autoDraw = False
334.4949 	EXP 	B_2: autoDraw = False
334.4949 	EXP 	text_11: autoDraw = True
334.6976 	DATA 	Mouse:  Left button up, pos=(886,223)
334.8314 	EXP 	New trial (rep=0, index=13): <Trial 13 (13 in rep 0) data={'folder': '03-1', 'image': '011_Brown.jpg', 'logical': True, 'corrColor': 'Brown', 'corrR': 50, 'corrG': 15, 'corrB': 0, 'image_path': '03-1/011_Brown_0.png', 'thisN': 13, 'thisTrialN': 13, 'thisRepN': 0}>
335.0107 	EXP 	text_11: autoDraw = False
335.0107 	EXP 	text_11: autoDraw = False
335.0107 	EXP 	img: foreColor = <psychopy.colors.Color: white, alpha=1.0>
335.0107 	EXP 	img: ori = np.float64(0.0)
335.0107 	EXP 	Instructions: text = 'Click the spacebar to shuffle through the filters to recognize the color.\nPress the button of the color you think it corresponds to.'
335.0107 	EXP 	counter_Text: height = np.float64(72.0)
335.0107 	EXP 	counter_Text: height = np.float64(72.0)
335.0107 	EXP 	counter_Text: height = np.float64(72.0)
335.0107 	EXP 	counter_Text: text = 14
335.0107 	EXP 	img: autoDraw = True
335.0107 	EXP 	Instructions: autoDraw = True
335.0107 	EXP 	RBGInfo: autoDraw = True
335.0107 	EXP 	G: autoDraw = True
335.0107 	EXP 	B: autoDraw = True
335.0107 	EXP 	counter_Text: autoDraw = True
335.0107 	EXP 	total_count: autoDraw = True
335.3266 	EXP 	R: autoDraw = True
336.1532 	DATA 	Keypress: space
336.1538 	EXP 	Device response: <KeyPress from None: t=336.1441655000672, value=space, duration=None>
336.3360 	EXP 	Device response: <KeyPress from None: t=336.1441655000672, value=space, duration=0.13407619995996356>
338.3882 	DATA 	Keypress: space
338.3905 	EXP 	Device response: <KeyPress from None: t=338.3081584998872, value=space, duration=None>
338.5524 	EXP 	Device response: <KeyPress from None: t=338.3081584998872, value=space, duration=0.08847509999759495>
341.3946 	DATA 	Mouse: Left button down, pos=(1608,1117)
341.4097 	EXP 	img: autoDraw = False
341.4097 	EXP 	Instructions: autoDraw = False
341.4097 	EXP 	RBGInfo: autoDraw = False
341.4097 	EXP 	R: autoDraw = False
341.4097 	EXP 	G: autoDraw = False
341.4097 	EXP 	B: autoDraw = False
341.4097 	EXP 	counter_Text: autoDraw = False
341.4097 	EXP 	total_count: autoDraw = False
341.4097 	EXP 	text_8: autoDraw = True
341.5136 	DATA 	Mouse:  Left button up, pos=(1608,1117)
341.7918 	EXP 	text_8: autoDraw = False
341.7918 	EXP 	text_8: autoDraw = False
341.7918 	EXP 	slider: markerPos = None
341.7918 	EXP 	slider: markerPos = 1
341.7918 	EXP 	slider: autoDraw = True
341.7918 	EXP 	text_9: autoDraw = True
341.7918 	EXP 	text_answer: autoDraw = True
342.8921 	DATA 	Mouse: Left button down, pos=(1401,614)
342.9418 	EXP 	slider: markerPos = np.float64(4.964)
342.9753 	EXP 	slider: markerPos = np.float64(4.964)
343.0085 	EXP 	slider: markerPos = np.float64(4.964)
343.0418 	EXP 	slider: markerPos = np.float64(4.964)
343.0750 	EXP 	slider: markerPos = np.float64(4.964)
343.1086 	EXP 	slider: markerPos = np.float64(4.964)
343.1287 	DATA 	Mouse:  Left button up, pos=(1401,614)
343.1418 	EXP 	slider: markerPos = np.float64(4.964)
343.1752 	EXP 	slider: markerPos = 5.0
343.9228 	DATA 	Mouse: Left button down, pos=(973,283)
343.9619 	EXP 	slider: autoDraw = False
343.9619 	EXP 	text_9: autoDraw = False
343.9619 	EXP 	text_answer: autoDraw = False
343.9619 	EXP 	text_8: autoDraw = True
344.1466 	DATA 	Mouse:  Left button up, pos=(973,283)
344.3421 	INFO 	Keyboard events cleared
344.3419 	EXP 	text_8: autoDraw = False
344.3419 	EXP 	text_8: autoDraw = False
344.3419 	EXP 	corrColor_2: height = np.float64(56.0)
344.3419 	EXP 	corrColor_2: height = np.float64(56.0)
344.3419 	EXP 	corrColor_2: height = np.float64(56.0)
344.3419 	EXP 	corrColor_2: text = 'Brown'
344.3419 	EXP 	R_2: height = np.float64(42.0)
344.3419 	EXP 	R_2: height = np.float64(42.0)
344.3419 	EXP 	R_2: height = np.float64(42.0)
344.3419 	EXP 	R_2: text = 50
344.3419 	EXP 	G_2: height = np.float64(42.0)
344.3419 	EXP 	G_2: height = np.float64(42.0)
344.3419 	EXP 	G_2: height = np.float64(42.0)
344.3419 	EXP 	G_2: text = 15
344.3419 	EXP 	B_2: height = np.float64(42.0)
344.3419 	EXP 	B_2: height = np.float64(42.0)
344.3419 	EXP 	B_2: height = np.float64(42.0)
344.3419 	EXP 	B_2: text = 0
344.3419 	EXP 	correctAnswer: autoDraw = True
344.3419 	EXP 	RBGInfo_2: autoDraw = True
344.3419 	EXP 	R_2: autoDraw = True
344.3419 	EXP 	G_2: autoDraw = True
344.3419 	EXP 	B_2: autoDraw = True
344.9460 	DATA 	Mouse: Left button down, pos=(973,283)
344.9615 	EXP 	correctAnswer: autoDraw = False
344.9615 	EXP 	wrongAnswer: autoDraw = False
344.9615 	EXP 	corrColor_2: autoDraw = False
344.9615 	EXP 	RBGInfo_2: autoDraw = False
344.9615 	EXP 	R_2: autoDraw = False
344.9615 	EXP 	G_2: autoDraw = False
344.9615 	EXP 	B_2: autoDraw = False
344.9615 	EXP 	text_11: autoDraw = True
345.1642 	DATA 	Mouse:  Left button up, pos=(973,283)
345.2969 	EXP 	New trial (rep=0, index=14): <Trial 14 (14 in rep 0) data={'folder': '01-1', 'image': '028_Blue.jpg', 'logical': True, 'corrColor': 'Blue', 'corrR': 0, 'corrG': 9, 'corrB': 96, 'image_path': '01-1/028_Blue_0.png', 'thisN': 14, 'thisTrialN': 14, 'thisRepN': 0}>
345.4607 	EXP 	text_11: autoDraw = False
345.4607 	EXP 	text_11: autoDraw = False
345.4607 	EXP 	img: foreColor = <psychopy.colors.Color: white, alpha=1.0>
345.4607 	EXP 	img: ori = np.float64(0.0)
345.4607 	EXP 	Instructions: text = 'Click the spacebar to shuffle through the filters to recognize the color.\nPress the button of the color you think it corresponds to.'
345.4607 	EXP 	counter_Text: height = np.float64(72.0)
345.4607 	EXP 	counter_Text: height = np.float64(72.0)
345.4607 	EXP 	counter_Text: height = np.float64(72.0)
345.4607 	EXP 	counter_Text: text = 15
345.4607 	EXP 	img: autoDraw = True
345.4607 	EXP 	Instructions: autoDraw = True
345.4607 	EXP 	RBGInfo: autoDraw = True
345.4607 	EXP 	G: autoDraw = True
345.4607 	EXP 	B: autoDraw = True
345.4607 	EXP 	counter_Text: autoDraw = True
345.4607 	EXP 	total_count: autoDraw = True
345.7264 	EXP 	R: autoDraw = True
346.4929 	DATA 	Keypress: space
346.6110 	EXP 	Device response: <KeyPress from None: t=346.490158499917, value=space, duration=None>
346.7646 	EXP 	Device response: <KeyPress from None: t=346.490158499917, value=space, duration=0.13419710006564856>
347.4820 	DATA 	Keypress: space
347.4826 	EXP 	Device response: <KeyPress from None: t=347.44579149992205, value=space, duration=None>
347.6472 	EXP 	Device response: <KeyPress from None: t=347.44579149992205, value=space, duration=0.11597510008141398>
351.7109 	DATA 	Mouse: Left button down, pos=(1645,641)
351.7255 	EXP 	img: autoDraw = False
351.7255 	EXP 	Instructions: autoDraw = False
351.7255 	EXP 	RBGInfo: autoDraw = False
351.7255 	EXP 	R: autoDraw = False
351.7255 	EXP 	G: autoDraw = False
351.7255 	EXP 	B: autoDraw = False
351.7255 	EXP 	counter_Text: autoDraw = False
351.7255 	EXP 	total_count: autoDraw = False
351.7255 	EXP 	text_8: autoDraw = True
351.8624 	DATA 	Mouse:  Left button up, pos=(1645,641)
352.1081 	EXP 	text_8: autoDraw = False
352.1081 	EXP 	text_8: autoDraw = False
352.1081 	EXP 	slider: markerPos = None
352.1081 	EXP 	slider: markerPos = 1
352.1081 	EXP 	slider: autoDraw = True
352.1081 	EXP 	text_9: autoDraw = True
352.1081 	EXP 	text_answer: autoDraw = True
353.0424 	DATA 	Mouse: Left button down, pos=(1408,532)
353.2604 	DATA 	Mouse:  Left button up, pos=(1408,532)
354.1414 	DATA 	Mouse: Left button down, pos=(1408,574)
354.1917 	EXP 	slider: markerPos = np.float64(4.992)
354.2249 	EXP 	slider: markerPos = np.float64(4.992)
354.2582 	EXP 	slider: markerPos = np.float64(4.992)
354.2913 	EXP 	slider: markerPos = np.float64(4.992)
354.3246 	EXP 	slider: markerPos = np.float64(4.992)
354.3579 	EXP 	slider: markerPos = np.float64(4.992)
354.3780 	DATA 	Mouse:  Left button up, pos=(1408,574)
354.3916 	EXP 	slider: markerPos = np.float64(4.992)
354.4249 	EXP 	slider: markerPos = 5.0
355.1270 	DATA 	Mouse: Left button down, pos=(995,265)
355.1448 	EXP 	slider: autoDraw = False
355.1448 	EXP 	text_9: autoDraw = False
355.1448 	EXP 	text_answer: autoDraw = False
355.1448 	EXP 	text_8: autoDraw = True
355.3466 	DATA 	Mouse:  Left button up, pos=(995,265)
355.5246 	INFO 	Keyboard events cleared
355.5244 	EXP 	text_8: autoDraw = False
355.5244 	EXP 	text_8: autoDraw = False
355.5244 	EXP 	corrColor_2: height = np.float64(56.0)
355.5244 	EXP 	corrColor_2: height = np.float64(56.0)
355.5244 	EXP 	corrColor_2: height = np.float64(56.0)
355.5244 	EXP 	corrColor_2: text = 'Blue'
355.5244 	EXP 	R_2: height = np.float64(42.0)
355.5244 	EXP 	R_2: height = np.float64(42.0)
355.5244 	EXP 	R_2: height = np.float64(42.0)
355.5244 	EXP 	R_2: text = 0
355.5244 	EXP 	G_2: height = np.float64(42.0)
355.5244 	EXP 	G_2: height = np.float64(42.0)
355.5244 	EXP 	G_2: height = np.float64(42.0)
355.5244 	EXP 	G_2: text = 9
355.5244 	EXP 	B_2: height = np.float64(42.0)
355.5244 	EXP 	B_2: height = np.float64(42.0)
355.5244 	EXP 	B_2: height = np.float64(42.0)
355.5244 	EXP 	B_2: text = 96
355.5244 	EXP 	correctAnswer: autoDraw = True
355.5244 	EXP 	RBGInfo_2: autoDraw = True
355.5244 	EXP 	R_2: autoDraw = True
355.5244 	EXP 	G_2: autoDraw = True
355.5244 	EXP 	B_2: autoDraw = True
356.1320 	DATA 	Mouse: Left button down, pos=(995,265)
356.1577 	EXP 	correctAnswer: autoDraw = False
356.1577 	EXP 	wrongAnswer: autoDraw = False
356.1577 	EXP 	corrColor_2: autoDraw = False
356.1577 	EXP 	RBGInfo_2: autoDraw = False
356.1577 	EXP 	R_2: autoDraw = False
356.1577 	EXP 	G_2: autoDraw = False
356.1577 	EXP 	B_2: autoDraw = False
356.1577 	EXP 	text_11: autoDraw = True
356.3649 	DATA 	Mouse:  Left button up, pos=(995,265)
356.4954 	EXP 	New trial (rep=0, index=15): <Trial 15 (15 in rep 0) data={'folder': '03-1', 'image': '011_Teal.jpg', 'logical': True, 'corrColor': 'Teal', 'corrR': 0, 'corrG': 45, 'corrB': 54, 'image_path': '03-1/011_Teal_0.png', 'thisN': 15, 'thisTrialN': 15, 'thisRepN': 0}>
356.6762 	EXP 	text_11: autoDraw = False
356.6762 	EXP 	img: foreColor = <psychopy.colors.Color: white, alpha=1.0>
356.6762 	EXP 	img: ori = np.float64(0.0)
356.6762 	EXP 	Instructions: text = 'Click the spacebar to shuffle through the filters to recognize the color.\nPress the button of the color you think it corresponds to.'
356.6762 	EXP 	counter_Text: height = np.float64(72.0)
356.6762 	EXP 	counter_Text: height = np.float64(72.0)
356.6762 	EXP 	counter_Text: height = np.float64(72.0)
356.6762 	EXP 	counter_Text: text = 16
356.6762 	EXP 	img: autoDraw = True
356.6762 	EXP 	Instructions: autoDraw = True
356.6762 	EXP 	RBGInfo: autoDraw = True
356.6762 	EXP 	G: autoDraw = True
356.6762 	EXP 	B: autoDraw = True
356.6762 	EXP 	counter_Text: autoDraw = True
356.6762 	EXP 	total_count: autoDraw = True
356.9588 	EXP 	R: autoDraw = True
357.9364 	DATA 	Keypress: space
357.9372 	EXP 	Device response: <KeyPress from None: t=357.8929544999264, value=space, duration=None>
358.1159 	EXP 	Device response: <KeyPress from None: t=357.8929544999264, value=space, duration=0.14308529999107122>
359.1425 	DATA 	Keypress: space
359.1438 	EXP 	Device response: <KeyPress from None: t=359.0318690999411, value=space, duration=None>
359.1438 	EXP 	Device response: <KeyPress from None: t=359.0318690999411, value=space, duration=0.09769399999640882>
364.6257 	DATA 	Mouse: Left button down, pos=(1612,1062)
364.7751 	EXP 	img: autoDraw = False
364.7751 	EXP 	Instructions: autoDraw = False
364.7751 	EXP 	RBGInfo: autoDraw = False
364.7751 	EXP 	R: autoDraw = False
364.7751 	EXP 	G: autoDraw = False
364.7751 	EXP 	B: autoDraw = False
364.7751 	EXP 	counter_Text: autoDraw = False
364.7751 	EXP 	total_count: autoDraw = False
364.7751 	EXP 	text_8: autoDraw = True
364.8486 	DATA 	Mouse:  Left button up, pos=(1612,1062)
365.1578 	EXP 	text_8: autoDraw = False
365.1578 	EXP 	text_8: autoDraw = False
365.1578 	EXP 	slider: markerPos = None
365.1578 	EXP 	slider: markerPos = 1
365.1578 	EXP 	slider: autoDraw = True
365.1578 	EXP 	text_9: autoDraw = True
365.1578 	EXP 	text_answer: autoDraw = True
366.1087 	DATA 	Mouse: Left button down, pos=(1417,587)
366.1583 	EXP 	slider: markerPos = np.float64(5.0280000000000005)
366.1912 	EXP 	slider: markerPos = np.float64(5.0280000000000005)
366.2248 	EXP 	slider: markerPos = np.float64(5.0280000000000005)
366.2580 	EXP 	slider: markerPos = np.float64(5.0280000000000005)
366.2912 	EXP 	slider: markerPos = np.float64(5.0280000000000005)
366.3245 	EXP 	slider: markerPos = np.float64(5.0280000000000005)
366.3474 	DATA 	Mouse:  Left button up, pos=(1417,587)
366.3576 	EXP 	slider: markerPos = np.float64(5.0280000000000005)
366.3919 	EXP 	slider: markerPos = 5.0
367.3601 	DATA 	Mouse: Left button down, pos=(994,309)
367.5788 	DATA 	Mouse:  Left button up, pos=(994,309)
368.2442 	DATA 	Mouse: Left button down, pos=(990,276)
368.2775 	EXP 	slider: autoDraw = False
368.2775 	EXP 	text_9: autoDraw = False
368.2775 	EXP 	text_answer: autoDraw = False
368.2775 	EXP 	text_8: autoDraw = True
368.4626 	DATA 	Mouse:  Left button up, pos=(990,276)
368.6577 	INFO 	Keyboard events cleared
368.6576 	EXP 	text_8: autoDraw = False
368.6576 	EXP 	corrColor_2: height = np.float64(56.0)
368.6576 	EXP 	corrColor_2: height = np.float64(56.0)
368.6576 	EXP 	corrColor_2: height = np.float64(56.0)
368.6576 	EXP 	corrColor_2: text = 'Teal'
368.6576 	EXP 	R_2: height = np.float64(42.0)
368.6576 	EXP 	R_2: height = np.float64(42.0)
368.6576 	EXP 	R_2: height = np.float64(42.0)
368.6576 	EXP 	R_2: text = 0
368.6576 	EXP 	G_2: height = np.float64(42.0)
368.6576 	EXP 	G_2: height = np.float64(42.0)
368.6576 	EXP 	G_2: height = np.float64(42.0)
368.6576 	EXP 	G_2: text = 45
368.6576 	EXP 	B_2: height = np.float64(42.0)
368.6576 	EXP 	B_2: height = np.float64(42.0)
368.6576 	EXP 	B_2: height = np.float64(42.0)
368.6576 	EXP 	B_2: text = 54
368.6576 	EXP 	correctAnswer: autoDraw = True
368.6576 	EXP 	RBGInfo_2: autoDraw = True
368.6576 	EXP 	R_2: autoDraw = True
368.6576 	EXP 	G_2: autoDraw = True
368.6576 	EXP 	B_2: autoDraw = True
369.1514 	DATA 	Mouse: Left button down, pos=(990,276)
369.1790 	EXP 	correctAnswer: autoDraw = False
369.1790 	EXP 	wrongAnswer: autoDraw = False
369.1790 	EXP 	corrColor_2: autoDraw = False
369.1790 	EXP 	RBGInfo_2: autoDraw = False
369.1790 	EXP 	R_2: autoDraw = False
369.1790 	EXP 	G_2: autoDraw = False
369.1790 	EXP 	B_2: autoDraw = False
369.1790 	EXP 	text_11: autoDraw = True
369.3793 	DATA 	Mouse:  Left button up, pos=(990,276)
369.5286 	EXP 	New trial (rep=0, index=16): <Trial 16 (16 in rep 0) data={'folder': '03-1', 'image': '013_Grey.jpg', 'logical': True, 'corrColor': 'Grey', 'corrR': 47, 'corrG': 53, 'corrB': 50, 'image_path': '03-1/013_Grey_0.png', 'thisN': 16, 'thisTrialN': 16, 'thisRepN': 0}>
369.7104 	EXP 	text_11: autoDraw = False
369.7104 	EXP 	img: foreColor = <psychopy.colors.Color: white, alpha=1.0>
369.7104 	EXP 	img: ori = np.float64(0.0)
369.7104 	EXP 	Instructions: text = 'Click the spacebar to shuffle through the filters to recognize the color.\nPress the button of the color you think it corresponds to.'
369.7104 	EXP 	counter_Text: height = np.float64(72.0)
369.7104 	EXP 	counter_Text: height = np.float64(72.0)
369.7104 	EXP 	counter_Text: height = np.float64(72.0)
369.7104 	EXP 	counter_Text: text = 17
369.7104 	EXP 	img: autoDraw = True
369.7104 	EXP 	Instructions: autoDraw = True
369.7104 	EXP 	RBGInfo: autoDraw = True
369.7104 	EXP 	G: autoDraw = True
369.7104 	EXP 	B: autoDraw = True
369.7104 	EXP 	counter_Text: autoDraw = True
369.7104 	EXP 	total_count: autoDraw = True
369.9913 	EXP 	R: autoDraw = True
371.0307 	DATA 	Keypress: space
371.0327 	EXP 	Device response: <KeyPress from None: t=371.0158370998688, value=space, duration=None>
371.2119 	EXP 	Device response: <KeyPress from None: t=371.0158370998688, value=space, duration=0.09782890020869672>
372.2949 	DATA 	Keypress: space
372.2956 	EXP 	Device response: <KeyPress from None: t=372.27737879985943, value=space, duration=None>
372.4431 	EXP 	Device response: <KeyPress from None: t=372.27737879985943, value=space, duration=0.14345260011032224>
376.6151 	DATA 	Mouse: Left button down, pos=(1630,947)
376.6413 	EXP 	img: autoDraw = False
376.6413 	EXP 	Instructions: autoDraw = False
376.6413 	EXP 	RBGInfo: autoDraw = False
376.6413 	EXP 	R: autoDraw = False
376.6413 	EXP 	G: autoDraw = False
376.6413 	EXP 	B: autoDraw = False
376.6413 	EXP 	counter_Text: autoDraw = False
376.6413 	EXP 	total_count: autoDraw = False
376.6413 	EXP 	text_8: autoDraw = True
376.8312 	DATA 	Mouse:  Left button up, pos=(1630,947)
377.0242 	EXP 	text_8: autoDraw = False
377.0242 	EXP 	slider: markerPos = None
377.0242 	EXP 	slider: markerPos = 1
377.0242 	EXP 	slider: autoDraw = True
377.0242 	EXP 	text_9: autoDraw = True
377.0242 	EXP 	text_answer: autoDraw = True
378.2450 	DATA 	Mouse: Left button down, pos=(1362,575)
378.2742 	EXP 	slider: markerPos = np.float64(4.808)
378.3078 	EXP 	slider: markerPos = np.float64(4.808)
378.3411 	EXP 	slider: markerPos = np.float64(4.808)
378.3743 	EXP 	slider: markerPos = np.float64(4.808)
378.4078 	EXP 	slider: markerPos = np.float64(4.808)
378.4408 	EXP 	slider: markerPos = np.float64(4.808)
378.4588 	DATA 	Mouse:  Left button up, pos=(1362,575)
378.4745 	EXP 	slider: markerPos = np.float64(4.808)
378.5070 	EXP 	slider: markerPos = 5.0
379.7429 	DATA 	Mouse: Left button down, pos=(1020,239)
379.7612 	EXP 	slider: autoDraw = False
379.7612 	EXP 	text_9: autoDraw = False
379.7612 	EXP 	text_answer: autoDraw = False
379.7612 	EXP 	text_8: autoDraw = True
379.9630 	DATA 	Mouse:  Left button up, pos=(1020,239)
380.1404 	INFO 	Keyboard events cleared
380.1402 	EXP 	text_8: autoDraw = False
380.1402 	EXP 	text_8: autoDraw = False
380.1402 	EXP 	corrColor_2: height = np.float64(56.0)
380.1402 	EXP 	corrColor_2: height = np.float64(56.0)
380.1402 	EXP 	corrColor_2: height = np.float64(56.0)
380.1402 	EXP 	corrColor_2: text = 'Grey'
380.1402 	EXP 	R_2: height = np.float64(42.0)
380.1402 	EXP 	R_2: height = np.float64(42.0)
380.1402 	EXP 	R_2: height = np.float64(42.0)
380.1402 	EXP 	R_2: text = 47
380.1402 	EXP 	G_2: height = np.float64(42.0)
380.1402 	EXP 	G_2: height = np.float64(42.0)
380.1402 	EXP 	G_2: height = np.float64(42.0)
380.1402 	EXP 	G_2: text = 53
380.1402 	EXP 	B_2: height = np.float64(42.0)
380.1402 	EXP 	B_2: height = np.float64(42.0)
380.1402 	EXP 	B_2: height = np.float64(42.0)
380.1402 	EXP 	B_2: text = 50
380.1402 	EXP 	correctAnswer: autoDraw = True
380.1402 	EXP 	RBGInfo_2: autoDraw = True
380.1402 	EXP 	R_2: autoDraw = True
380.1402 	EXP 	G_2: autoDraw = True
380.1402 	EXP 	B_2: autoDraw = True
380.6126 	DATA 	Mouse: Left button down, pos=(1020,239)
380.6276 	EXP 	correctAnswer: autoDraw = False
380.6276 	EXP 	wrongAnswer: autoDraw = False
380.6276 	EXP 	corrColor_2: autoDraw = False
380.6276 	EXP 	RBGInfo_2: autoDraw = False
380.6276 	EXP 	R_2: autoDraw = False
380.6276 	EXP 	G_2: autoDraw = False
380.6276 	EXP 	B_2: autoDraw = False
380.6276 	EXP 	text_11: autoDraw = True
380.8476 	DATA 	Mouse:  Left button up, pos=(1020,239)
380.9627 	EXP 	New trial (rep=0, index=17): <Trial 17 (17 in rep 0) data={'folder': '03-1', 'image': '006_Brown.jpg', 'logical': True, 'corrColor': 'Brown', 'corrR': 53, 'corrG': 20, 'corrB': 0, 'image_path': '03-1/006_Brown_0.png', 'thisN': 17, 'thisTrialN': 17, 'thisRepN': 0}>
381.1456 	EXP 	text_11: autoDraw = False
381.1456 	EXP 	text_11: autoDraw = False
381.1456 	EXP 	img: foreColor = <psychopy.colors.Color: white, alpha=1.0>
381.1456 	EXP 	img: ori = np.float64(0.0)
381.1456 	EXP 	Instructions: text = 'Click the spacebar to shuffle through the filters to recognize the color.\nPress the button of the color you think it corresponds to.'
381.1456 	EXP 	counter_Text: height = np.float64(72.0)
381.1456 	EXP 	counter_Text: height = np.float64(72.0)
381.1456 	EXP 	counter_Text: height = np.float64(72.0)
381.1456 	EXP 	counter_Text: text = 18
381.1456 	EXP 	img: autoDraw = True
381.1456 	EXP 	Instructions: autoDraw = True
381.1456 	EXP 	RBGInfo: autoDraw = True
381.1456 	EXP 	G: autoDraw = True
381.1456 	EXP 	B: autoDraw = True
381.1456 	EXP 	counter_Text: autoDraw = True
381.1456 	EXP 	total_count: autoDraw = True
381.2918 	EXP 	R: autoDraw = True
383.7561 	DATA 	Keypress: space
383.7566 	EXP 	Device response: <KeyPress from None: t=383.70436459989287, value=space, duration=None>
383.9266 	EXP 	Device response: <KeyPress from None: t=383.70436459989287, value=space, duration=0.11604570015333593>
385.5929 	DATA 	Keypress: space
385.7230 	EXP 	Device response: <KeyPress from None: t=385.5910495000426, value=space, duration=None>
385.7231 	EXP 	Device response: <KeyPress from None: t=385.5910495000426, value=space, duration=0.0889047000091523>
389.0730 	DATA 	Keypress: space
389.0738 	EXP 	Device response: <KeyPress from None: t=389.068751799874, value=space, duration=None>
389.3899 	EXP 	Device response: <KeyPress from None: t=389.068751799874, value=space, duration=0.1884521001484245>
389.5400 	DATA 	Keypress: space
389.5404 	EXP 	Device response: <KeyPress from None: t=389.53673659986816, value=space, duration=None>
389.6969 	EXP 	Device response: <KeyPress from None: t=389.53673659986816, value=space, duration=0.12496370007283986>
390.1441 	DATA 	Keypress: space
390.1447 	EXP 	Device response: <KeyPress from None: t=390.1359771999996, value=space, duration=None>
390.2882 	EXP 	Device response: <KeyPress from None: t=390.1359771999996, value=space, duration=0.10653549991548061>
395.3308 	DATA 	Mouse: Left button down, pos=(1614,1123)
395.3573 	EXP 	img: autoDraw = False
395.3573 	EXP 	Instructions: autoDraw = False
395.3573 	EXP 	RBGInfo: autoDraw = False
395.3573 	EXP 	R: autoDraw = False
395.3573 	EXP 	G: autoDraw = False
395.3573 	EXP 	B: autoDraw = False
395.3573 	EXP 	counter_Text: autoDraw = False
395.3573 	EXP 	total_count: autoDraw = False
395.3573 	EXP 	text_8: autoDraw = True
395.4785 	DATA 	Mouse:  Left button up, pos=(1614,1123)
395.7402 	EXP 	text_8: autoDraw = False
395.7402 	EXP 	slider: markerPos = None
395.7402 	EXP 	slider: markerPos = 1
395.7402 	EXP 	slider: autoDraw = True
395.7402 	EXP 	text_9: autoDraw = True
395.7402 	EXP 	text_answer: autoDraw = True
396.8423 	DATA 	Mouse: Left button down, pos=(1393,588)
396.8732 	EXP 	slider: markerPos = np.float64(4.932)
396.9067 	EXP 	slider: markerPos = np.float64(4.932)
396.9396 	EXP 	slider: markerPos = np.float64(4.932)
396.9732 	EXP 	slider: markerPos = np.float64(4.932)
397.0070 	EXP 	slider: markerPos = np.float64(4.932)
397.0401 	EXP 	slider: markerPos = np.float64(4.932)
397.0623 	DATA 	Mouse:  Left button up, pos=(1393,588)
397.0735 	EXP 	slider: markerPos = np.float64(4.932)
397.1066 	EXP 	slider: markerPos = 5.0
397.9102 	DATA 	Mouse: Left button down, pos=(999,291)
397.9266 	EXP 	slider: autoDraw = False
397.9266 	EXP 	text_9: autoDraw = False
397.9266 	EXP 	text_answer: autoDraw = False
397.9266 	EXP 	text_8: autoDraw = True
398.1283 	DATA 	Mouse:  Left button up, pos=(999,291)
398.3068 	INFO 	Keyboard events cleared
398.3067 	EXP 	text_8: autoDraw = False
398.3067 	EXP 	text_8: autoDraw = False
398.3067 	EXP 	corrColor_2: height = np.float64(56.0)
398.3067 	EXP 	corrColor_2: height = np.float64(56.0)
398.3067 	EXP 	corrColor_2: height = np.float64(56.0)
398.3067 	EXP 	corrColor_2: text = 'Brown'
398.3067 	EXP 	R_2: height = np.float64(42.0)
398.3067 	EXP 	R_2: height = np.float64(42.0)
398.3067 	EXP 	R_2: height = np.float64(42.0)
398.3067 	EXP 	R_2: text = 53
398.3067 	EXP 	G_2: height = np.float64(42.0)
398.3067 	EXP 	G_2: height = np.float64(42.0)
398.3067 	EXP 	G_2: height = np.float64(42.0)
398.3067 	EXP 	G_2: text = 20
398.3067 	EXP 	B_2: height = np.float64(42.0)
398.3067 	EXP 	B_2: height = np.float64(42.0)
398.3067 	EXP 	B_2: height = np.float64(42.0)
398.3067 	EXP 	B_2: text = 0
398.3067 	EXP 	correctAnswer: autoDraw = True
398.3067 	EXP 	RBGInfo_2: autoDraw = True
398.3067 	EXP 	R_2: autoDraw = True
398.3067 	EXP 	G_2: autoDraw = True
398.3067 	EXP 	B_2: autoDraw = True
398.9319 	DATA 	Mouse: Left button down, pos=(999,291)
398.9593 	EXP 	correctAnswer: autoDraw = False
398.9593 	EXP 	wrongAnswer: autoDraw = False
398.9593 	EXP 	corrColor_2: autoDraw = False
398.9593 	EXP 	RBGInfo_2: autoDraw = False
398.9593 	EXP 	R_2: autoDraw = False
398.9593 	EXP 	G_2: autoDraw = False
398.9593 	EXP 	B_2: autoDraw = False
398.9593 	EXP 	text_11: autoDraw = True
399.1624 	DATA 	Mouse:  Left button up, pos=(999,291)
399.2947 	EXP 	New trial (rep=0, index=18): <Trial 18 (18 in rep 0) data={'folder': '01-t', 'image': '018_Yellow.jpg', 'logical': True, 'corrColor': 'Yellow', 'corrR': 100, 'corrG': 88, 'corrB': 0, 'image_path': '01-t/018_Yellow_0.png', 'thisN': 18, 'thisTrialN': 18, 'thisRepN': 0}>
399.4740 	EXP 	text_11: autoDraw = False
399.4740 	EXP 	text_11: autoDraw = False
399.4740 	EXP 	img: foreColor = <psychopy.colors.Color: white, alpha=1.0>
399.4740 	EXP 	img: ori = np.float64(0.0)
399.4740 	EXP 	Instructions: text = 'Click the spacebar to shuffle through the filters to recognize the color.\nPress the button of the color you think it corresponds to.'
399.4740 	EXP 	counter_Text: height = np.float64(72.0)
399.4740 	EXP 	counter_Text: height = np.float64(72.0)
399.4740 	EXP 	counter_Text: height = np.float64(72.0)
399.4740 	EXP 	counter_Text: text = 19
399.4740 	EXP 	img: autoDraw = True
399.4740 	EXP 	Instructions: autoDraw = True
399.4740 	EXP 	RBGInfo: autoDraw = True
399.4740 	EXP 	G: autoDraw = True
399.4740 	EXP 	B: autoDraw = True
399.4740 	EXP 	counter_Text: autoDraw = True
399.4740 	EXP 	total_count: autoDraw = True
399.7405 	EXP 	R: autoDraw = True
401.0438 	DATA 	Keypress: space
401.1655 	EXP 	Device response: <KeyPress from None: t=401.04204239998944, value=space, duration=None>
401.1656 	EXP 	Device response: <KeyPress from None: t=401.04204239998944, value=space, duration=0.09839969989843667>
403.1607 	DATA 	Keypress: space
403.2951 	EXP 	Device response: <KeyPress from None: t=403.1583336000331, value=space, duration=None>
403.4462 	EXP 	Device response: <KeyPress from None: t=403.1583336000331, value=space, duration=0.1431596998590976>
412.8375 	DATA 	Mouse: Left button down, pos=(1609,579)
412.8561 	EXP 	img: autoDraw = False
412.8561 	EXP 	Instructions: autoDraw = False
412.8561 	EXP 	RBGInfo: autoDraw = False
412.8561 	EXP 	R: autoDraw = False
412.8561 	EXP 	G: autoDraw = False
412.8561 	EXP 	B: autoDraw = False
412.8561 	EXP 	counter_Text: autoDraw = False
412.8561 	EXP 	total_count: autoDraw = False
412.8561 	EXP 	text_8: autoDraw = True
413.0123 	DATA 	Mouse:  Left button up, pos=(1609,579)
413.2396 	EXP 	text_8: autoDraw = False
413.2396 	EXP 	text_8: autoDraw = False
413.2396 	EXP 	slider: markerPos = None
413.2396 	EXP 	slider: markerPos = 1
413.2396 	EXP 	slider: autoDraw = True
413.2396 	EXP 	text_9: autoDraw = True
413.2396 	EXP 	text_answer: autoDraw = True
414.2421 	DATA 	Mouse: Left button down, pos=(1397,542)
414.4612 	DATA 	Mouse:  Left button up, pos=(1397,542)
415.3098 	DATA 	Mouse: Left button down, pos=(1397,576)
415.3390 	EXP 	slider: markerPos = np.float64(4.948)
415.3726 	EXP 	slider: markerPos = np.float64(4.948)
415.4060 	EXP 	slider: markerPos = np.float64(4.948)
415.4389 	EXP 	slider: markerPos = np.float64(4.948)
415.4726 	EXP 	slider: markerPos = np.float64(4.948)
415.5063 	EXP 	slider: markerPos = np.float64(4.948)
415.5388 	EXP 	slider: markerPos = np.float64(4.948)
415.5419 	DATA 	Mouse:  Left button up, pos=(1397,576)
415.5728 	EXP 	slider: markerPos = 5.0
416.3569 	DATA 	Mouse: Left button down, pos=(1034,268)
416.3925 	EXP 	slider: autoDraw = False
416.3925 	EXP 	text_9: autoDraw = False
416.3925 	EXP 	text_answer: autoDraw = False
416.3925 	EXP 	text_8: autoDraw = True
416.5973 	DATA 	Mouse:  Left button up, pos=(1034,268)
416.7728 	INFO 	Keyboard events cleared
416.7726 	EXP 	text_8: autoDraw = False
416.7726 	EXP 	text_8: autoDraw = False
416.7726 	EXP 	corrColor_2: height = np.float64(56.0)
416.7726 	EXP 	corrColor_2: height = np.float64(56.0)
416.7726 	EXP 	corrColor_2: height = np.float64(56.0)
416.7726 	EXP 	corrColor_2: text = 'Yellow'
416.7726 	EXP 	R_2: height = np.float64(42.0)
416.7726 	EXP 	R_2: height = np.float64(42.0)
416.7726 	EXP 	R_2: height = np.float64(42.0)
416.7726 	EXP 	R_2: text = 100
416.7726 	EXP 	G_2: height = np.float64(42.0)
416.7726 	EXP 	G_2: height = np.float64(42.0)
416.7726 	EXP 	G_2: height = np.float64(42.0)
416.7726 	EXP 	G_2: text = 88
416.7726 	EXP 	B_2: height = np.float64(42.0)
416.7726 	EXP 	B_2: height = np.float64(42.0)
416.7726 	EXP 	B_2: height = np.float64(42.0)
416.7726 	EXP 	B_2: text = 0
416.7726 	EXP 	correctAnswer: autoDraw = True
416.7726 	EXP 	RBGInfo_2: autoDraw = True
416.7726 	EXP 	R_2: autoDraw = True
416.7726 	EXP 	G_2: autoDraw = True
416.7726 	EXP 	B_2: autoDraw = True
417.3939 	DATA 	Mouse: Left button down, pos=(1034,268)
417.4099 	EXP 	correctAnswer: autoDraw = False
417.4099 	EXP 	wrongAnswer: autoDraw = False
417.4099 	EXP 	corrColor_2: autoDraw = False
417.4099 	EXP 	RBGInfo_2: autoDraw = False
417.4099 	EXP 	R_2: autoDraw = False
417.4099 	EXP 	G_2: autoDraw = False
417.4099 	EXP 	B_2: autoDraw = False
417.4099 	EXP 	text_11: autoDraw = True
417.6115 	DATA 	Mouse:  Left button up, pos=(1034,268)
417.7452 	EXP 	New trial (rep=0, index=19): <Trial 19 (19 in rep 0) data={'folder': '03-1', 'image': '006_Teal.jpg', 'logical': True, 'corrColor': 'Teal', 'corrR': 0, 'corrG': 46, 'corrB': 53, 'image_path': '03-1/006_Teal_0.png', 'thisN': 19, 'thisTrialN': 19, 'thisRepN': 0}>
417.9403 	EXP 	text_11: autoDraw = False
417.9403 	EXP 	text_11: autoDraw = False
417.9403 	EXP 	img: foreColor = <psychopy.colors.Color: white, alpha=1.0>
417.9403 	EXP 	img: ori = np.float64(0.0)
417.9403 	EXP 	Instructions: text = 'Click the spacebar to shuffle through the filters to recognize the color.\nPress the button of the color you think it corresponds to.'
417.9403 	EXP 	counter_Text: height = np.float64(72.0)
417.9403 	EXP 	counter_Text: height = np.float64(72.0)
417.9403 	EXP 	counter_Text: height = np.float64(72.0)
417.9403 	EXP 	counter_Text: text = 20
417.9403 	EXP 	img: autoDraw = True
417.9403 	EXP 	Instructions: autoDraw = True
417.9403 	EXP 	RBGInfo: autoDraw = True
417.9403 	EXP 	G: autoDraw = True
417.9403 	EXP 	B: autoDraw = True
417.9403 	EXP 	counter_Text: autoDraw = True
417.9403 	EXP 	total_count: autoDraw = True
418.0902 	EXP 	R: autoDraw = True
419.3736 	DATA 	Keypress: space
419.3745 	EXP 	Device response: <KeyPress from None: t=419.3003757998813, value=space, duration=None>
419.5486 	EXP 	Device response: <KeyPress from None: t=419.3003757998813, value=space, duration=0.10673400014638901>
421.9411 	DATA 	Keypress: space
421.9417 	EXP 	Device response: <KeyPress from None: t=421.91054699989036, value=space, duration=None>
422.1136 	EXP 	Device response: <KeyPress from None: t=421.91054699989036, value=space, duration=0.07970020011998713>
424.0206 	DATA 	Keypress: space
424.0217 	EXP 	Device response: <KeyPress from None: t=424.018727599876, value=space, duration=None>
424.1958 	EXP 	Device response: <KeyPress from None: t=424.018727599876, value=space, duration=0.13388720015063882>
424.3412 	DATA 	Keypress: space
424.3417 	EXP 	Device response: <KeyPress from None: t=424.32521749986336, value=space, duration=None>
424.4871 	EXP 	Device response: <KeyPress from None: t=424.32521749986336, value=space, duration=0.09790000016801059>
424.7859 	DATA 	Keypress: space
424.7874 	EXP 	Device response: <KeyPress from None: t=424.6793400000315, value=space, duration=None>
424.9427 	EXP 	Device response: <KeyPress from None: t=424.6793400000315, value=space, duration=0.15226659993641078>
427.5899 	DATA 	Mouse: Left button down, pos=(1613,1068)
427.6058 	EXP 	img: autoDraw = False
427.6058 	EXP 	Instructions: autoDraw = False
427.6058 	EXP 	RBGInfo: autoDraw = False
427.6058 	EXP 	R: autoDraw = False
427.6058 	EXP 	G: autoDraw = False
427.6058 	EXP 	B: autoDraw = False
427.6058 	EXP 	counter_Text: autoDraw = False
427.6058 	EXP 	total_count: autoDraw = False
427.6058 	EXP 	text_8: autoDraw = True
427.8102 	DATA 	Mouse:  Left button up, pos=(1613,1068)
427.9885 	EXP 	text_8: autoDraw = False
427.9885 	EXP 	text_8: autoDraw = False
427.9885 	EXP 	slider: markerPos = None
427.9885 	EXP 	slider: markerPos = 1
427.9885 	EXP 	slider: autoDraw = True
427.9885 	EXP 	text_9: autoDraw = True
427.9885 	EXP 	text_answer: autoDraw = True
429.3204 	DATA 	Mouse: Left button down, pos=(1397,596)
429.3721 	EXP 	slider: markerPos = np.float64(4.948)
429.4059 	EXP 	slider: markerPos = np.float64(4.948)
429.4386 	EXP 	slider: markerPos = np.float64(4.948)
429.4718 	EXP 	slider: markerPos = np.float64(4.948)
429.5055 	EXP 	slider: markerPos = np.float64(4.948)
429.5383 	EXP 	slider: markerPos = np.float64(4.948)
429.5404 	DATA 	Mouse:  Left button up, pos=(1397,596)
429.5720 	EXP 	slider: markerPos = 5.0
430.9401 	DATA 	Mouse: Left button down, pos=(1009,234)
430.9583 	EXP 	slider: autoDraw = False
430.9583 	EXP 	text_9: autoDraw = False
430.9583 	EXP 	text_answer: autoDraw = False
430.9583 	EXP 	text_8: autoDraw = True
431.1760 	DATA 	Mouse:  Left button up, pos=(1009,234)
431.3387 	INFO 	Keyboard events cleared
431.3386 	EXP 	text_8: autoDraw = False
431.3386 	EXP 	text_8: autoDraw = False
431.3386 	EXP 	corrColor_2: height = np.float64(56.0)
431.3386 	EXP 	corrColor_2: height = np.float64(56.0)
431.3386 	EXP 	corrColor_2: height = np.float64(56.0)
431.3386 	EXP 	corrColor_2: text = 'Teal'
431.3386 	EXP 	R_2: height = np.float64(42.0)
431.3386 	EXP 	R_2: height = np.float64(42.0)
431.3386 	EXP 	R_2: height = np.float64(42.0)
431.3386 	EXP 	R_2: text = 0
431.3386 	EXP 	G_2: height = np.float64(42.0)
431.3386 	EXP 	G_2: height = np.float64(42.0)
431.3386 	EXP 	G_2: height = np.float64(42.0)
431.3386 	EXP 	G_2: text = 46
431.3386 	EXP 	B_2: height = np.float64(42.0)
431.3386 	EXP 	B_2: height = np.float64(42.0)
431.3386 	EXP 	B_2: height = np.float64(42.0)
431.3386 	EXP 	B_2: text = 53
431.3386 	EXP 	correctAnswer: autoDraw = True
431.3386 	EXP 	RBGInfo_2: autoDraw = True
431.3386 	EXP 	R_2: autoDraw = True
431.3386 	EXP 	G_2: autoDraw = True
431.3386 	EXP 	B_2: autoDraw = True
431.8485 	DATA 	Mouse: Left button down, pos=(1009,234)
431.8746 	EXP 	correctAnswer: autoDraw = False
431.8746 	EXP 	wrongAnswer: autoDraw = False
431.8746 	EXP 	corrColor_2: autoDraw = False
431.8746 	EXP 	RBGInfo_2: autoDraw = False
431.8746 	EXP 	R_2: autoDraw = False
431.8746 	EXP 	G_2: autoDraw = False
431.8746 	EXP 	B_2: autoDraw = False
431.8746 	EXP 	text_11: autoDraw = True
432.0777 	DATA 	Mouse:  Left button up, pos=(1009,234)
432.2098 	EXP 	New trial (rep=0, index=20): <Trial 20 (20 in rep 0) data={'folder': '03-1', 'image': '021_Grey.jpg', 'logical': True, 'corrColor': 'Grey', 'corrR': 47, 'corrG': 51, 'corrB': 57, 'image_path': '03-1/021_Grey_0.png', 'thisN': 20, 'thisTrialN': 20, 'thisRepN': 0}>
432.4065 	EXP 	text_11: autoDraw = False
432.4065 	EXP 	text_11: autoDraw = False
432.4065 	EXP 	img: foreColor = <psychopy.colors.Color: white, alpha=1.0>
432.4065 	EXP 	img: ori = np.float64(0.0)
432.4065 	EXP 	Instructions: text = 'Click the spacebar to shuffle through the filters to recognize the color.\nPress the button of the color you think it corresponds to.'
432.4065 	EXP 	counter_Text: height = np.float64(72.0)
432.4065 	EXP 	counter_Text: height = np.float64(72.0)
432.4065 	EXP 	counter_Text: height = np.float64(72.0)
432.4065 	EXP 	counter_Text: text = 21
432.4065 	EXP 	img: autoDraw = True
432.4065 	EXP 	Instructions: autoDraw = True
432.4065 	EXP 	RBGInfo: autoDraw = True
432.4065 	EXP 	G: autoDraw = True
432.4065 	EXP 	B: autoDraw = True
432.4065 	EXP 	counter_Text: autoDraw = True
432.4065 	EXP 	total_count: autoDraw = True
432.5554 	EXP 	R: autoDraw = True
433.7076 	DATA 	Keypress: space
433.7109 	EXP 	Device response: <KeyPress from None: t=433.6073555999901, value=space, duration=None>
433.7109 	EXP 	Device response: <KeyPress from None: t=433.6073555999901, value=space, duration=0.09747399995103478>
434.3218 	DATA 	Keypress: space
434.3225 	EXP 	Device response: <KeyPress from None: t=434.2536261000205, value=space, duration=None>
434.4837 	EXP 	Device response: <KeyPress from None: t=434.2536261000205, value=space, duration=0.11601120000705123>
437.9078 	DATA 	Mouse: Left button down, pos=(1617,941)
437.9222 	EXP 	img: autoDraw = False
437.9222 	EXP 	Instructions: autoDraw = False
437.9222 	EXP 	RBGInfo: autoDraw = False
437.9222 	EXP 	R: autoDraw = False
437.9222 	EXP 	G: autoDraw = False
437.9222 	EXP 	B: autoDraw = False
437.9222 	EXP 	counter_Text: autoDraw = False
437.9222 	EXP 	total_count: autoDraw = False
437.9222 	EXP 	text_8: autoDraw = True
438.0462 	DATA 	Mouse:  Left button up, pos=(1617,941)
438.3051 	EXP 	text_8: autoDraw = False
438.3051 	EXP 	text_8: autoDraw = False
438.3051 	EXP 	slider: markerPos = None
438.3051 	EXP 	slider: markerPos = 1
438.3051 	EXP 	slider: autoDraw = True
438.3051 	EXP 	text_9: autoDraw = True
438.3051 	EXP 	text_answer: autoDraw = True
439.3075 	DATA 	Mouse: Left button down, pos=(1392,584)
439.3381 	EXP 	slider: markerPos = np.float64(4.928)
439.3715 	EXP 	slider: markerPos = np.float64(4.928)
439.4051 	EXP 	slider: markerPos = np.float64(4.928)
439.4383 	EXP 	slider: markerPos = np.float64(4.928)
439.4717 	EXP 	slider: markerPos = np.float64(4.928)
439.5049 	EXP 	slider: markerPos = np.float64(4.928)
439.5380 	EXP 	slider: markerPos = np.float64(4.928)
439.5402 	DATA 	Mouse:  Left button up, pos=(1392,584)
439.5723 	EXP 	slider: markerPos = 5.0
440.8223 	DATA 	Mouse: Left button down, pos=(1077,301)
441.0417 	DATA 	Mouse:  Left button up, pos=(1077,301)
441.8235 	DATA 	Mouse: Left button down, pos=(1020,258)
441.8575 	EXP 	slider: autoDraw = False
441.8575 	EXP 	text_9: autoDraw = False
441.8575 	EXP 	text_answer: autoDraw = False
441.8575 	EXP 	text_8: autoDraw = True
442.0627 	DATA 	Mouse:  Left button up, pos=(1020,258)
442.2384 	INFO 	Keyboard events cleared
442.2382 	EXP 	text_8: autoDraw = False
442.2382 	EXP 	text_8: autoDraw = False
442.2382 	EXP 	corrColor_2: height = np.float64(56.0)
442.2382 	EXP 	corrColor_2: height = np.float64(56.0)
442.2382 	EXP 	corrColor_2: height = np.float64(56.0)
442.2382 	EXP 	corrColor_2: text = 'Grey'
442.2382 	EXP 	R_2: height = np.float64(42.0)
442.2382 	EXP 	R_2: height = np.float64(42.0)
442.2382 	EXP 	R_2: height = np.float64(42.0)
442.2382 	EXP 	R_2: text = 47
442.2382 	EXP 	G_2: height = np.float64(42.0)
442.2382 	EXP 	G_2: height = np.float64(42.0)
442.2382 	EXP 	G_2: height = np.float64(42.0)
442.2382 	EXP 	G_2: text = 51
442.2382 	EXP 	B_2: height = np.float64(42.0)
442.2382 	EXP 	B_2: height = np.float64(42.0)
442.2382 	EXP 	B_2: height = np.float64(42.0)
442.2382 	EXP 	B_2: text = 57
442.2382 	EXP 	correctAnswer: autoDraw = True
442.2382 	EXP 	RBGInfo_2: autoDraw = True
442.2382 	EXP 	R_2: autoDraw = True
442.2382 	EXP 	G_2: autoDraw = True
442.2382 	EXP 	B_2: autoDraw = True
442.8303 	DATA 	Mouse: Left button down, pos=(1020,258)
442.8578 	EXP 	correctAnswer: autoDraw = False
442.8578 	EXP 	wrongAnswer: autoDraw = False
442.8578 	EXP 	corrColor_2: autoDraw = False
442.8578 	EXP 	RBGInfo_2: autoDraw = False
442.8578 	EXP 	R_2: autoDraw = False
442.8578 	EXP 	G_2: autoDraw = False
442.8578 	EXP 	B_2: autoDraw = False
442.8578 	EXP 	text_11: autoDraw = True
443.0621 	DATA 	Mouse:  Left button up, pos=(1020,258)
443.1932 	EXP 	New trial (rep=0, index=21): <Trial 21 (21 in rep 0) data={'folder': '03-1', 'image': '019_Brown.jpg', 'logical': True, 'corrColor': 'Brown', 'corrR': 50, 'corrG': 17, 'corrB': 0, 'image_path': '03-1/019_Brown_0.png', 'thisN': 21, 'thisTrialN': 21, 'thisRepN': 0}>
443.3729 	EXP 	text_11: autoDraw = False
443.3729 	EXP 	text_11: autoDraw = False
443.3729 	EXP 	img: foreColor = <psychopy.colors.Color: white, alpha=1.0>
443.3729 	EXP 	img: ori = np.float64(0.0)
443.3729 	EXP 	Instructions: text = 'Click the spacebar to shuffle through the filters to recognize the color.\nPress the button of the color you think it corresponds to.'
443.3729 	EXP 	counter_Text: height = np.float64(72.0)
443.3729 	EXP 	counter_Text: height = np.float64(72.0)
443.3729 	EXP 	counter_Text: height = np.float64(72.0)
443.3729 	EXP 	counter_Text: text = 22
443.3729 	EXP 	img: autoDraw = True
443.3729 	EXP 	Instructions: autoDraw = True
443.3729 	EXP 	RBGInfo: autoDraw = True
443.3729 	EXP 	G: autoDraw = True
443.3729 	EXP 	B: autoDraw = True
443.3729 	EXP 	counter_Text: autoDraw = True
443.3729 	EXP 	total_count: autoDraw = True
443.6385 	EXP 	R: autoDraw = True
450.1290 	DATA 	Keypress: space
450.2338 	EXP 	Device response: <KeyPress from None: t=450.128125899937, value=space, duration=None>
450.4012 	EXP 	Device response: <KeyPress from None: t=450.128125899937, value=space, duration=0.1161066999193281>
451.9053 	DATA 	Keypress: space
451.9061 	EXP 	Device response: <KeyPress from None: t=451.83153590001166, value=space, duration=None>
452.0692 	EXP 	Device response: <KeyPress from None: t=451.83153590001166, value=space, duration=0.10669589997269213>
453.7422 	DATA 	Keypress: space
453.7426 	EXP 	Device response: <KeyPress from None: t=453.67703929985873, value=space, duration=None>
453.9046 	EXP 	Device response: <KeyPress from None: t=453.67703929985873, value=space, duration=0.1433389000594616>
454.0580 	DATA 	Keypress: space
454.2055 	EXP 	Device response: <KeyPress from None: t=454.0555072000716, value=space, duration=None>
454.2055 	EXP 	Device response: <KeyPress from None: t=454.0555072000716, value=space, duration=0.07980939978733659>
459.9987 	DATA 	Mouse: Left button down, pos=(1618,1128)
460.1382 	EXP 	img: autoDraw = False
460.1382 	EXP 	Instructions: autoDraw = False
460.1382 	EXP 	RBGInfo: autoDraw = False
460.1382 	EXP 	R: autoDraw = False
460.1382 	EXP 	G: autoDraw = False
460.1382 	EXP 	B: autoDraw = False
460.1382 	EXP 	counter_Text: autoDraw = False
460.1382 	EXP 	total_count: autoDraw = False
460.1382 	EXP 	text_8: autoDraw = True
460.2431 	DATA 	Mouse:  Left button up, pos=(1618,1128)
460.5213 	EXP 	text_8: autoDraw = False
460.5213 	EXP 	text_8: autoDraw = False
460.5213 	EXP 	slider: markerPos = None
460.5213 	EXP 	slider: markerPos = 1
460.5213 	EXP 	slider: autoDraw = True
460.5213 	EXP 	text_9: autoDraw = True
460.5213 	EXP 	text_answer: autoDraw = True
461.8399 	DATA 	Mouse: Left button down, pos=(1405,610)
461.8710 	EXP 	slider: markerPos = np.float64(4.98)
461.9042 	EXP 	slider: markerPos = np.float64(4.98)
461.9374 	EXP 	slider: markerPos = np.float64(4.98)
461.9710 	EXP 	slider: markerPos = np.float64(4.98)
462.0040 	EXP 	slider: markerPos = np.float64(4.98)
462.0379 	EXP 	slider: markerPos = np.float64(4.98)
462.0559 	DATA 	Mouse:  Left button up, pos=(1405,610)
462.0704 	EXP 	slider: markerPos = np.float64(4.98)
462.1044 	EXP 	slider: markerPos = 5.0
463.3065 	DATA 	Mouse: Left button down, pos=(1045,251)
463.3238 	EXP 	slider: autoDraw = False
463.3238 	EXP 	text_9: autoDraw = False
463.3238 	EXP 	text_answer: autoDraw = False
463.3238 	EXP 	text_8: autoDraw = True
463.5114 	DATA 	Mouse:  Left button up, pos=(1045,251)
463.7048 	INFO 	Keyboard events cleared
463.7046 	EXP 	text_8: autoDraw = False
463.7046 	EXP 	text_8: autoDraw = False
463.7046 	EXP 	corrColor_2: height = np.float64(56.0)
463.7046 	EXP 	corrColor_2: height = np.float64(56.0)
463.7046 	EXP 	corrColor_2: height = np.float64(56.0)
463.7046 	EXP 	corrColor_2: text = 'Brown'
463.7046 	EXP 	R_2: height = np.float64(42.0)
463.7046 	EXP 	R_2: height = np.float64(42.0)
463.7046 	EXP 	R_2: height = np.float64(42.0)
463.7046 	EXP 	R_2: text = 50
463.7046 	EXP 	G_2: height = np.float64(42.0)
463.7046 	EXP 	G_2: height = np.float64(42.0)
463.7046 	EXP 	G_2: height = np.float64(42.0)
463.7046 	EXP 	G_2: text = 17
463.7046 	EXP 	B_2: height = np.float64(42.0)
463.7046 	EXP 	B_2: height = np.float64(42.0)
463.7046 	EXP 	B_2: height = np.float64(42.0)
463.7046 	EXP 	B_2: text = 0
463.7046 	EXP 	correctAnswer: autoDraw = True
463.7046 	EXP 	RBGInfo_2: autoDraw = True
463.7046 	EXP 	R_2: autoDraw = True
463.7046 	EXP 	G_2: autoDraw = True
463.7046 	EXP 	B_2: autoDraw = True
464.4929 	DATA 	Mouse: Left button down, pos=(1045,251)
464.5067 	EXP 	correctAnswer: autoDraw = False
464.5067 	EXP 	wrongAnswer: autoDraw = False
464.5067 	EXP 	corrColor_2: autoDraw = False
464.5067 	EXP 	RBGInfo_2: autoDraw = False
464.5067 	EXP 	R_2: autoDraw = False
464.5067 	EXP 	G_2: autoDraw = False
464.5067 	EXP 	B_2: autoDraw = False
464.5067 	EXP 	text_11: autoDraw = True
464.7092 	DATA 	Mouse:  Left button up, pos=(1045,251)
464.8416 	EXP 	New trial (rep=0, index=22): <Trial 22 (22 in rep 0) data={'folder': '01-1', 'image': '018_Purple.jpg', 'logical': True, 'corrColor': 'Purple', 'corrR': 51, 'corrG': 2, 'corrB': 100, 'image_path': '01-1/018_Purple_0.png', 'thisN': 22, 'thisTrialN': 22, 'thisRepN': 0}>
465.0053 	EXP 	text_11: autoDraw = False
465.0053 	EXP 	text_11: autoDraw = False
465.0053 	EXP 	img: foreColor = <psychopy.colors.Color: white, alpha=1.0>
465.0053 	EXP 	img: ori = np.float64(0.0)
465.0053 	EXP 	Instructions: text = 'Click the spacebar to shuffle through the filters to recognize the color.\nPress the button of the color you think it corresponds to.'
465.0053 	EXP 	counter_Text: height = np.float64(72.0)
465.0053 	EXP 	counter_Text: height = np.float64(72.0)
465.0053 	EXP 	counter_Text: height = np.float64(72.0)
465.0053 	EXP 	counter_Text: text = 23
465.0053 	EXP 	img: autoDraw = True
465.0053 	EXP 	Instructions: autoDraw = True
465.0053 	EXP 	RBGInfo: autoDraw = True
465.0053 	EXP 	G: autoDraw = True
465.0053 	EXP 	B: autoDraw = True
465.0053 	EXP 	counter_Text: autoDraw = True
465.0053 	EXP 	total_count: autoDraw = True
465.2879 	EXP 	R: autoDraw = True
467.3927 	DATA 	Keypress: space
467.3932 	EXP 	Device response: <KeyPress from None: t=467.39062019996345, value=space, duration=None>
467.5544 	EXP 	Device response: <KeyPress from None: t=467.39062019996345, value=space, duration=0.09756619995459914>
468.2372 	DATA 	Keypress: space
468.3779 	EXP 	Device response: <KeyPress from None: t=468.2348755998537, value=space, duration=None>
468.3780 	EXP 	Device response: <KeyPress from None: t=468.2348755998537, value=space, duration=0.13391270022839308>
471.8116 	DATA 	Mouse: Left button down, pos=(1639,528)
471.8375 	EXP 	img: autoDraw = False
471.8375 	EXP 	Instructions: autoDraw = False
471.8375 	EXP 	RBGInfo: autoDraw = False
471.8375 	EXP 	R: autoDraw = False
471.8375 	EXP 	G: autoDraw = False
471.8375 	EXP 	B: autoDraw = False
471.8375 	EXP 	counter_Text: autoDraw = False
471.8375 	EXP 	total_count: autoDraw = False
471.8375 	EXP 	text_8: autoDraw = True
471.9920 	DATA 	Mouse:  Left button up, pos=(1639,528)
472.2202 	EXP 	text_8: autoDraw = False
472.2202 	EXP 	slider: markerPos = None
472.2202 	EXP 	slider: markerPos = 1
472.2202 	EXP 	slider: autoDraw = True
472.2202 	EXP 	text_9: autoDraw = True
472.2202 	EXP 	text_answer: autoDraw = True
472.9900 	DATA 	Mouse: Left button down, pos=(1402,595)
473.0213 	EXP 	slider: markerPos = np.float64(4.968)
473.0537 	EXP 	slider: markerPos = np.float64(4.968)
473.0874 	EXP 	slider: markerPos = np.float64(4.968)
473.1208 	EXP 	slider: markerPos = np.float64(4.968)
473.1540 	EXP 	slider: markerPos = np.float64(4.968)
473.1875 	EXP 	slider: markerPos = np.float64(4.968)
473.2088 	DATA 	Mouse:  Left button up, pos=(1402,595)
473.2206 	EXP 	slider: markerPos = np.float64(4.968)
473.2542 	EXP 	slider: markerPos = 5.0
474.3051 	DATA 	Mouse: Left button down, pos=(1034,278)
474.3403 	EXP 	slider: autoDraw = False
474.3403 	EXP 	text_9: autoDraw = False
474.3403 	EXP 	text_answer: autoDraw = False
474.3403 	EXP 	text_8: autoDraw = True
474.5251 	DATA 	Mouse:  Left button up, pos=(1034,278)
474.7202 	INFO 	Keyboard events cleared
474.7200 	EXP 	text_8: autoDraw = False
474.7200 	EXP 	text_8: autoDraw = False
474.7200 	EXP 	corrColor_2: height = np.float64(56.0)
474.7200 	EXP 	corrColor_2: height = np.float64(56.0)
474.7200 	EXP 	corrColor_2: height = np.float64(56.0)
474.7200 	EXP 	corrColor_2: text = 'Purple'
474.7200 	EXP 	R_2: height = np.float64(42.0)
474.7200 	EXP 	R_2: height = np.float64(42.0)
474.7200 	EXP 	R_2: height = np.float64(42.0)
474.7200 	EXP 	R_2: text = 51
474.7200 	EXP 	G_2: height = np.float64(42.0)
474.7200 	EXP 	G_2: height = np.float64(42.0)
474.7200 	EXP 	G_2: height = np.float64(42.0)
474.7200 	EXP 	G_2: text = 2
474.7200 	EXP 	B_2: height = np.float64(42.0)
474.7200 	EXP 	B_2: height = np.float64(42.0)
474.7200 	EXP 	B_2: height = np.float64(42.0)
474.7200 	EXP 	B_2: text = 100
474.7200 	EXP 	correctAnswer: autoDraw = True
474.7200 	EXP 	RBGInfo_2: autoDraw = True
474.7200 	EXP 	R_2: autoDraw = True
474.7200 	EXP 	G_2: autoDraw = True
474.7200 	EXP 	B_2: autoDraw = True
475.3578 	DATA 	Mouse: Left button down, pos=(1034,278)
475.3737 	EXP 	correctAnswer: autoDraw = False
475.3737 	EXP 	wrongAnswer: autoDraw = False
475.3737 	EXP 	corrColor_2: autoDraw = False
475.3737 	EXP 	RBGInfo_2: autoDraw = False
475.3737 	EXP 	R_2: autoDraw = False
475.3737 	EXP 	G_2: autoDraw = False
475.3737 	EXP 	B_2: autoDraw = False
475.3737 	EXP 	text_11: autoDraw = True
475.5765 	DATA 	Mouse:  Left button up, pos=(1034,278)
475.7096 	EXP 	New trial (rep=0, index=23): <Trial 23 (23 in rep 0) data={'folder': '02-1', 'image': '006_Pink.jpg', 'logical': True, 'corrColor': 'Pink', 'corrR': 100, 'corrG': 0, 'corrB': 50, 'image_path': '02-1/006_Pink_0.png', 'thisN': 23, 'thisTrialN': 23, 'thisRepN': 0}>
475.8881 	EXP 	text_11: autoDraw = False
475.8881 	EXP 	text_11: autoDraw = False
475.8881 	EXP 	img: foreColor = <psychopy.colors.Color: white, alpha=1.0>
475.8881 	EXP 	img: ori = np.float64(0.0)
475.8881 	EXP 	Instructions: text = 'Click the spacebar to shuffle through the filters to recognize the color.\nPress the button of the color you think it corresponds to.'
475.8881 	EXP 	counter_Text: height = np.float64(72.0)
475.8881 	EXP 	counter_Text: height = np.float64(72.0)
475.8881 	EXP 	counter_Text: height = np.float64(72.0)
475.8881 	EXP 	counter_Text: text = 24
475.8881 	EXP 	img: autoDraw = True
475.8881 	EXP 	Instructions: autoDraw = True
475.8881 	EXP 	RBGInfo: autoDraw = True
475.8881 	EXP 	G: autoDraw = True
475.8881 	EXP 	B: autoDraw = True
475.8881 	EXP 	counter_Text: autoDraw = True
475.8881 	EXP 	total_count: autoDraw = True
476.1881 	EXP 	R: autoDraw = True
477.1866 	DATA 	Keypress: space
477.1875 	EXP 	Device response: <KeyPress from None: t=477.1199914000463, value=space, duration=None>
477.3614 	EXP 	Device response: <KeyPress from None: t=477.1199914000463, value=space, duration=0.14315369981341064>
477.8343 	DATA 	Keypress: space
477.8352 	EXP 	Device response: <KeyPress from None: t=477.785088500008, value=space, duration=None>
478.0080 	EXP 	Device response: <KeyPress from None: t=477.785088500008, value=space, duration=0.1341959999408573>
482.1945 	DATA 	Mouse: Left button down, pos=(1630,826)
482.2205 	EXP 	img: autoDraw = False
482.2205 	EXP 	Instructions: autoDraw = False
482.2205 	EXP 	RBGInfo: autoDraw = False
482.2205 	EXP 	R: autoDraw = False
482.2205 	EXP 	G: autoDraw = False
482.2205 	EXP 	B: autoDraw = False
482.2205 	EXP 	counter_Text: autoDraw = False
482.2205 	EXP 	total_count: autoDraw = False
482.2205 	EXP 	text_8: autoDraw = True
482.3421 	DATA 	Mouse:  Left button up, pos=(1630,826)
482.6038 	EXP 	text_8: autoDraw = False
482.6038 	EXP 	slider: markerPos = None
482.6038 	EXP 	slider: markerPos = 1
482.6038 	EXP 	slider: autoDraw = True
482.6038 	EXP 	text_9: autoDraw = True
482.6038 	EXP 	text_answer: autoDraw = True
483.3565 	DATA 	Mouse: Left button down, pos=(1378,606)
483.3867 	EXP 	slider: markerPos = np.float64(4.872)
483.4203 	EXP 	slider: markerPos = np.float64(4.872)
483.4532 	EXP 	slider: markerPos = np.float64(4.872)
483.4870 	EXP 	slider: markerPos = np.float64(4.872)
483.5198 	EXP 	slider: markerPos = np.float64(4.872)
483.5538 	EXP 	slider: markerPos = np.float64(4.872)
483.5870 	EXP 	slider: markerPos = np.float64(4.872)
483.5896 	DATA 	Mouse:  Left button up, pos=(1378,606)
483.6202 	EXP 	slider: markerPos = 5.0
484.4027 	DATA 	Mouse: Left button down, pos=(1066,254)
484.4395 	EXP 	slider: autoDraw = False
484.4395 	EXP 	text_9: autoDraw = False
484.4395 	EXP 	text_answer: autoDraw = False
484.4395 	EXP 	text_8: autoDraw = True
484.6242 	DATA 	Mouse:  Left button up, pos=(1066,254)
484.8202 	INFO 	Keyboard events cleared
484.8200 	EXP 	text_8: autoDraw = False
484.8200 	EXP 	text_8: autoDraw = False
484.8200 	EXP 	corrColor_2: height = np.float64(56.0)
484.8200 	EXP 	corrColor_2: height = np.float64(56.0)
484.8200 	EXP 	corrColor_2: height = np.float64(56.0)
484.8200 	EXP 	corrColor_2: text = 'Pink'
484.8200 	EXP 	R_2: height = np.float64(42.0)
484.8200 	EXP 	R_2: height = np.float64(42.0)
484.8200 	EXP 	R_2: height = np.float64(42.0)
484.8200 	EXP 	R_2: text = 100
484.8200 	EXP 	G_2: height = np.float64(42.0)
484.8200 	EXP 	G_2: height = np.float64(42.0)
484.8200 	EXP 	G_2: height = np.float64(42.0)
484.8200 	EXP 	G_2: text = 0
484.8200 	EXP 	B_2: height = np.float64(42.0)
484.8200 	EXP 	B_2: height = np.float64(42.0)
484.8200 	EXP 	B_2: height = np.float64(42.0)
484.8200 	EXP 	B_2: text = 50
484.8200 	EXP 	correctAnswer: autoDraw = True
484.8200 	EXP 	RBGInfo_2: autoDraw = True
484.8200 	EXP 	R_2: autoDraw = True
484.8200 	EXP 	G_2: autoDraw = True
484.8200 	EXP 	B_2: autoDraw = True
485.3090 	DATA 	Mouse: Left button down, pos=(1066,254)
485.3226 	EXP 	correctAnswer: autoDraw = False
485.3226 	EXP 	wrongAnswer: autoDraw = False
485.3226 	EXP 	corrColor_2: autoDraw = False
485.3226 	EXP 	RBGInfo_2: autoDraw = False
485.3226 	EXP 	R_2: autoDraw = False
485.3226 	EXP 	G_2: autoDraw = False
485.3226 	EXP 	B_2: autoDraw = False
485.3226 	EXP 	text_11: autoDraw = True
485.5431 	DATA 	Mouse:  Left button up, pos=(1066,254)
485.6577 	EXP 	New trial (rep=0, index=24): <Trial 24 (24 in rep 0) data={'folder': '03-1', 'image': '029_Bordeaux.jpg', 'logical': True, 'corrColor': 'Bordeaux', 'corrR': 54, 'corrG': 0, 'corrB': 21, 'image_path': '03-1/029_Bordeaux_0.png', 'thisN': 24, 'thisTrialN': 24, 'thisRepN': 0}>
485.8209 	EXP 	text_11: autoDraw = False
485.8209 	EXP 	text_11: autoDraw = False
485.8209 	EXP 	img: foreColor = <psychopy.colors.Color: white, alpha=1.0>
485.8209 	EXP 	img: ori = np.float64(0.0)
485.8209 	EXP 	Instructions: text = 'Click the spacebar to shuffle through the filters to recognize the color.\nPress the button of the color you think it corresponds to.'
485.8209 	EXP 	counter_Text: height = np.float64(72.0)
485.8209 	EXP 	counter_Text: height = np.float64(72.0)
485.8209 	EXP 	counter_Text: height = np.float64(72.0)
485.8209 	EXP 	counter_Text: text = 25
485.8209 	EXP 	img: autoDraw = True
485.8209 	EXP 	Instructions: autoDraw = True
485.8209 	EXP 	RBGInfo: autoDraw = True
485.8209 	EXP 	G: autoDraw = True
485.8209 	EXP 	B: autoDraw = True
485.8209 	EXP 	counter_Text: autoDraw = True
485.8209 	EXP 	total_count: autoDraw = True
486.0868 	EXP 	R: autoDraw = True
487.1269 	DATA 	Keypress: space
487.1277 	EXP 	Device response: <KeyPress from None: t=487.0578081998974, value=space, duration=None>
487.2879 	EXP 	Device response: <KeyPress from None: t=487.0578081998974, value=space, duration=0.13393789995461702>
487.8495 	DATA 	Keypress: space
487.8508 	EXP 	Device response: <KeyPress from None: t=487.7429454000667, value=space, duration=None>
488.0151 	EXP 	Device response: <KeyPress from None: t=487.7429454000667, value=space, duration=0.11594829987734556>
493.4371 	DATA 	Keypress: space
493.5755 	EXP 	Device response: <KeyPress from None: t=493.43372450000606, value=space, duration=None>
493.5756 	EXP 	Device response: <KeyPress from None: t=493.43372450000606, value=space, duration=0.11562160006724298>
493.7401 	DATA 	Keypress: space
493.7412 	EXP 	Device response: <KeyPress from None: t=493.68455350003205, value=space, duration=None>
493.8768 	EXP 	Device response: <KeyPress from None: t=493.68455350003205, value=space, duration=0.0888215999584645>
496.8948 	DATA 	Mouse: Left button down, pos=(1610,1002)
496.9202 	EXP 	img: autoDraw = False
496.9202 	EXP 	Instructions: autoDraw = False
496.9202 	EXP 	RBGInfo: autoDraw = False
496.9202 	EXP 	R: autoDraw = False
496.9202 	EXP 	G: autoDraw = False
496.9202 	EXP 	B: autoDraw = False
496.9202 	EXP 	counter_Text: autoDraw = False
496.9202 	EXP 	total_count: autoDraw = False
496.9202 	EXP 	text_8: autoDraw = True
497.1239 	DATA 	Mouse:  Left button up, pos=(1610,1002)
497.3032 	EXP 	text_8: autoDraw = False
497.3032 	EXP 	slider: markerPos = None
497.3032 	EXP 	slider: markerPos = 1
497.3032 	EXP 	slider: autoDraw = True
497.3032 	EXP 	text_9: autoDraw = True
497.3032 	EXP 	text_answer: autoDraw = True
498.2058 	DATA 	Mouse: Left button down, pos=(1415,593)
498.2361 	EXP 	slider: markerPos = np.float64(5.02)
498.2694 	EXP 	slider: markerPos = np.float64(5.02)
498.3027 	EXP 	slider: markerPos = np.float64(5.02)
498.3361 	EXP 	slider: markerPos = np.float64(5.02)
498.3694 	EXP 	slider: markerPos = np.float64(5.02)
498.4032 	EXP 	slider: markerPos = np.float64(5.02)
498.4221 	DATA 	Mouse:  Left button up, pos=(1415,593)
498.4366 	EXP 	slider: markerPos = np.float64(5.02)
498.4693 	EXP 	slider: markerPos = 5.0
499.4711 	DATA 	Mouse: Left button down, pos=(978,223)
499.5053 	EXP 	slider: autoDraw = False
499.5053 	EXP 	text_9: autoDraw = False
499.5053 	EXP 	text_answer: autoDraw = False
499.5053 	EXP 	text_8: autoDraw = True
499.7088 	DATA 	Mouse:  Left button up, pos=(978,223)
499.8861 	INFO 	Keyboard events cleared
499.8859 	EXP 	text_8: autoDraw = False
499.8859 	EXP 	text_8: autoDraw = False
499.8859 	EXP 	corrColor_2: height = np.float64(56.0)
499.8859 	EXP 	corrColor_2: height = np.float64(56.0)
499.8859 	EXP 	corrColor_2: height = np.float64(56.0)
499.8859 	EXP 	corrColor_2: text = 'Bordeaux'
499.8859 	EXP 	R_2: height = np.float64(42.0)
499.8859 	EXP 	R_2: height = np.float64(42.0)
499.8859 	EXP 	R_2: height = np.float64(42.0)
499.8859 	EXP 	R_2: text = 54
499.8859 	EXP 	G_2: height = np.float64(42.0)
499.8859 	EXP 	G_2: height = np.float64(42.0)
499.8859 	EXP 	G_2: height = np.float64(42.0)
499.8859 	EXP 	G_2: text = 0
499.8859 	EXP 	B_2: height = np.float64(42.0)
499.8859 	EXP 	B_2: height = np.float64(42.0)
499.8859 	EXP 	B_2: height = np.float64(42.0)
499.8859 	EXP 	B_2: text = 21
499.8859 	EXP 	correctAnswer: autoDraw = True
499.8859 	EXP 	RBGInfo_2: autoDraw = True
499.8859 	EXP 	R_2: autoDraw = True
499.8859 	EXP 	G_2: autoDraw = True
499.8859 	EXP 	B_2: autoDraw = True
500.7243 	DATA 	Mouse: Left button down, pos=(978,223)
500.7394 	EXP 	correctAnswer: autoDraw = False
500.7394 	EXP 	wrongAnswer: autoDraw = False
500.7394 	EXP 	corrColor_2: autoDraw = False
500.7394 	EXP 	RBGInfo_2: autoDraw = False
500.7394 	EXP 	R_2: autoDraw = False
500.7394 	EXP 	G_2: autoDraw = False
500.7394 	EXP 	B_2: autoDraw = False
500.7394 	EXP 	text_11: autoDraw = True
500.9591 	DATA 	Mouse:  Left button up, pos=(978,223)
501.0743 	EXP 	New trial (rep=0, index=25): <Trial 25 (25 in rep 0) data={'folder': '03-1', 'image': '013_Seafoam.jpg', 'logical': True, 'corrColor': 'Seafoam', 'corrR': 9, 'corrG': 100, 'corrB': 59, 'image_path': '03-1/013_Seafoam_0.png', 'thisN': 25, 'thisTrialN': 25, 'thisRepN': 0}>
501.2538 	EXP 	text_11: autoDraw = False
501.2538 	EXP 	text_11: autoDraw = False
501.2538 	EXP 	img: foreColor = <psychopy.colors.Color: white, alpha=1.0>
501.2538 	EXP 	img: ori = np.float64(0.0)
501.2538 	EXP 	Instructions: text = 'Click the spacebar to shuffle through the filters to recognize the color.\nPress the button of the color you think it corresponds to.'
501.2538 	EXP 	counter_Text: height = np.float64(72.0)
501.2538 	EXP 	counter_Text: height = np.float64(72.0)
501.2538 	EXP 	counter_Text: height = np.float64(72.0)
501.2538 	EXP 	counter_Text: text = 26
501.2538 	EXP 	img: autoDraw = True
501.2538 	EXP 	Instructions: autoDraw = True
501.2538 	EXP 	RBGInfo: autoDraw = True
501.2538 	EXP 	G: autoDraw = True
501.2538 	EXP 	B: autoDraw = True
501.2538 	EXP 	counter_Text: autoDraw = True
501.2538 	EXP 	total_count: autoDraw = True
501.5528 	EXP 	R: autoDraw = True
502.5855 	DATA 	Keypress: space
502.7029 	EXP 	Device response: <KeyPress from None: t=502.58361419988796, value=space, duration=None>
502.8602 	EXP 	Device response: <KeyPress from None: t=502.58361419988796, value=space, duration=0.14318840019404888>
508.7276 	DATA 	Keypress: space
508.8475 	EXP 	Device response: <KeyPress from None: t=508.72593940002844, value=space, duration=None>
508.8475 	EXP 	Device response: <KeyPress from None: t=508.72593940002844, value=space, duration=0.09780850005336106>
509.6928 	DATA 	Keypress: space
509.6935 	EXP 	Device response: <KeyPress from None: t=509.630195699865, value=space, duration=None>
509.8448 	EXP 	Device response: <KeyPress from None: t=509.630195699865, value=space, duration=0.15201590000651777>
509.9742 	DATA 	Keypress: space
509.9749 	EXP 	Device response: <KeyPress from None: t=509.9677808000706, value=space, duration=None>
510.1092 	EXP 	Device response: <KeyPress from None: t=509.9677808000706, value=space, duration=0.11608499987050891>
510.2738 	DATA 	Keypress: space
510.3871 	EXP 	Device response: <KeyPress from None: t=510.27147469995543, value=space, duration=None>
510.5382 	EXP 	Device response: <KeyPress from None: t=510.27147469995543, value=space, duration=0.15240000002086163>
513.1650 	DATA 	Keypress: space
513.2758 	EXP 	Device response: <KeyPress from None: t=513.1629925000016, value=space, duration=None>
513.2758 	EXP 	Device response: <KeyPress from None: t=513.1629925000016, value=space, duration=0.0977209999691695>
519.9399 	DATA 	Mouse: Left button down, pos=(1610,878)
519.9526 	EXP 	img: autoDraw = False
519.9526 	EXP 	Instructions: autoDraw = False
519.9526 	EXP 	RBGInfo: autoDraw = False
519.9526 	EXP 	R: autoDraw = False
519.9526 	EXP 	G: autoDraw = False
519.9526 	EXP 	B: autoDraw = False
519.9526 	EXP 	counter_Text: autoDraw = False
519.9526 	EXP 	total_count: autoDraw = False
519.9526 	EXP 	text_8: autoDraw = True
520.0749 	DATA 	Mouse:  Left button up, pos=(1610,878)
520.3353 	EXP 	text_8: autoDraw = False
520.3353 	EXP 	text_8: autoDraw = False
520.3353 	EXP 	slider: markerPos = None
520.3353 	EXP 	slider: markerPos = 1
520.3353 	EXP 	slider: autoDraw = True
520.3353 	EXP 	text_9: autoDraw = True
520.3353 	EXP 	text_answer: autoDraw = True
521.1890 	DATA 	Mouse: Left button down, pos=(1376,581)
521.2187 	EXP 	slider: markerPos = np.float64(4.864)
521.2520 	EXP 	slider: markerPos = np.float64(4.864)
521.2852 	EXP 	slider: markerPos = np.float64(4.864)
521.3188 	EXP 	slider: markerPos = np.float64(4.864)
521.3519 	EXP 	slider: markerPos = np.float64(4.864)
521.3854 	EXP 	slider: markerPos = np.float64(4.864)
521.4048 	DATA 	Mouse:  Left button up, pos=(1376,581)
521.4186 	EXP 	slider: markerPos = np.float64(4.864)
521.4519 	EXP 	slider: markerPos = 5.0
522.2214 	DATA 	Mouse: Left button down, pos=(1016,256)
522.2386 	EXP 	slider: autoDraw = False
522.2386 	EXP 	text_9: autoDraw = False
522.2386 	EXP 	text_answer: autoDraw = False
522.2386 	EXP 	text_8: autoDraw = True
522.4401 	DATA 	Mouse:  Left button up, pos=(1016,256)
522.6187 	INFO 	Keyboard events cleared
522.6185 	EXP 	text_8: autoDraw = False
522.6185 	EXP 	text_8: autoDraw = False
522.6185 	EXP 	corrColor_2: height = np.float64(56.0)
522.6185 	EXP 	corrColor_2: height = np.float64(56.0)
522.6185 	EXP 	corrColor_2: height = np.float64(56.0)
522.6185 	EXP 	corrColor_2: text = 'Seafoam'
522.6185 	EXP 	R_2: height = np.float64(42.0)
522.6185 	EXP 	R_2: height = np.float64(42.0)
522.6185 	EXP 	R_2: height = np.float64(42.0)
522.6185 	EXP 	R_2: text = 9
522.6185 	EXP 	G_2: height = np.float64(42.0)
522.6185 	EXP 	G_2: height = np.float64(42.0)
522.6185 	EXP 	G_2: height = np.float64(42.0)
522.6185 	EXP 	G_2: text = 100
522.6185 	EXP 	B_2: height = np.float64(42.0)
522.6185 	EXP 	B_2: height = np.float64(42.0)
522.6185 	EXP 	B_2: height = np.float64(42.0)
522.6185 	EXP 	B_2: text = 59
522.6185 	EXP 	correctAnswer: autoDraw = True
522.6185 	EXP 	RBGInfo_2: autoDraw = True
522.6185 	EXP 	R_2: autoDraw = True
522.6185 	EXP 	G_2: autoDraw = True
522.6185 	EXP 	B_2: autoDraw = True
523.2460 	DATA 	Mouse: Left button down, pos=(1016,256)
523.2727 	EXP 	correctAnswer: autoDraw = False
523.2727 	EXP 	wrongAnswer: autoDraw = False
523.2727 	EXP 	corrColor_2: autoDraw = False
523.2727 	EXP 	RBGInfo_2: autoDraw = False
523.2727 	EXP 	R_2: autoDraw = False
523.2727 	EXP 	G_2: autoDraw = False
523.2727 	EXP 	B_2: autoDraw = False
523.2727 	EXP 	text_11: autoDraw = True
523.4735 	DATA 	Mouse:  Left button up, pos=(1016,256)
523.6226 	EXP 	New trial (rep=0, index=26): <Trial 26 (26 in rep 0) data={'folder': '03-1', 'image': '016_Brown.jpg', 'logical': True, 'corrColor': 'Brown', 'corrR': 52, 'corrG': 18, 'corrB': 0, 'image_path': '03-1/016_Brown_0.png', 'thisN': 26, 'thisTrialN': 26, 'thisRepN': 0}>
523.8196 	EXP 	text_11: autoDraw = False
523.8196 	EXP 	img: foreColor = <psychopy.colors.Color: white, alpha=1.0>
523.8196 	EXP 	img: ori = np.float64(0.0)
523.8196 	EXP 	Instructions: text = 'Click the spacebar to shuffle through the filters to recognize the color.\nPress the button of the color you think it corresponds to.'
523.8196 	EXP 	counter_Text: height = np.float64(72.0)
523.8196 	EXP 	counter_Text: height = np.float64(72.0)
523.8196 	EXP 	counter_Text: height = np.float64(72.0)
523.8196 	EXP 	counter_Text: text = 27
523.8196 	EXP 	img: autoDraw = True
523.8196 	EXP 	Instructions: autoDraw = True
523.8196 	EXP 	RBGInfo: autoDraw = True
523.8196 	EXP 	G: autoDraw = True
523.8196 	EXP 	B: autoDraw = True
523.8196 	EXP 	counter_Text: autoDraw = True
523.8196 	EXP 	total_count: autoDraw = True
523.9858 	EXP 	R: autoDraw = True
526.0400 	DATA 	Keypress: space
526.0413 	EXP 	Device response: <KeyPress from None: t=525.9928424998652, value=space, duration=None>
526.2268 	EXP 	Device response: <KeyPress from None: t=525.9928424998652, value=space, duration=0.09777880017645657>
526.7362 	DATA 	Keypress: space
526.8748 	EXP 	Device response: <KeyPress from None: t=526.7353427999187, value=space, duration=None>
526.8749 	EXP 	Device response: <KeyPress from None: t=526.7353427999187, value=space, duration=0.09834369993768632>
527.9171 	DATA 	Keypress: space
527.9179 	EXP 	Device response: <KeyPress from None: t=527.8649203998502, value=space, duration=None>
528.0916 	EXP 	Device response: <KeyPress from None: t=527.8649203998502, value=space, duration=0.1433202000334859>
528.5397 	DATA 	Keypress: space
528.5402 	EXP 	Device response: <KeyPress from None: t=528.4719042999204, value=space, duration=None>
528.6883 	EXP 	Device response: <KeyPress from None: t=528.4719042999204, value=space, duration=0.10672760009765625>
529.4561 	DATA 	Keypress: space
529.5799 	EXP 	Device response: <KeyPress from None: t=529.4534165998921, value=space, duration=None>
529.5800 	EXP 	Device response: <KeyPress from None: t=529.4534165998921, value=space, duration=0.11594899999909103>
536.4004 	DATA 	Mouse: Left button down, pos=(1605,1130)
536.4188 	EXP 	img: autoDraw = False
536.4188 	EXP 	Instructions: autoDraw = False
536.4188 	EXP 	RBGInfo: autoDraw = False
536.4188 	EXP 	R: autoDraw = False
536.4188 	EXP 	G: autoDraw = False
536.4188 	EXP 	B: autoDraw = False
536.4188 	EXP 	counter_Text: autoDraw = False
536.4188 	EXP 	total_count: autoDraw = False
536.4188 	EXP 	text_8: autoDraw = True
536.5393 	DATA 	Mouse:  Left button up, pos=(1605,1130)
536.8014 	EXP 	text_8: autoDraw = False
536.8014 	EXP 	text_8: autoDraw = False
536.8014 	EXP 	slider: markerPos = None
536.8014 	EXP 	slider: markerPos = 1
536.8014 	EXP 	slider: autoDraw = True
536.8014 	EXP 	text_9: autoDraw = True
536.8014 	EXP 	text_answer: autoDraw = True
537.5858 	DATA 	Mouse: Left button down, pos=(1401,585)
537.6347 	EXP 	slider: markerPos = np.float64(4.964)
537.6683 	EXP 	slider: markerPos = np.float64(4.964)
537.7012 	EXP 	slider: markerPos = np.float64(4.964)
537.7348 	EXP 	slider: markerPos = np.float64(4.964)
537.7681 	EXP 	slider: markerPos = np.float64(4.964)
537.8015 	EXP 	slider: markerPos = np.float64(4.964)
537.8221 	DATA 	Mouse:  Left button up, pos=(1401,585)
537.8347 	EXP 	slider: markerPos = np.float64(4.964)
537.8680 	EXP 	slider: markerPos = 5.0
538.6516 	DATA 	Mouse: Left button down, pos=(1004,289)
538.6880 	EXP 	slider: autoDraw = False
538.6880 	EXP 	text_9: autoDraw = False
538.6880 	EXP 	text_answer: autoDraw = False
538.6880 	EXP 	text_8: autoDraw = True
538.8734 	DATA 	Mouse:  Left button up, pos=(1004,289)
539.0848 	INFO 	Keyboard events cleared
539.0846 	EXP 	text_8: autoDraw = False
539.0846 	EXP 	text_8: autoDraw = False
539.0846 	EXP 	corrColor_2: height = np.float64(56.0)
539.0846 	EXP 	corrColor_2: height = np.float64(56.0)
539.0846 	EXP 	corrColor_2: height = np.float64(56.0)
539.0846 	EXP 	corrColor_2: text = 'Brown'
539.0846 	EXP 	R_2: height = np.float64(42.0)
539.0846 	EXP 	R_2: height = np.float64(42.0)
539.0846 	EXP 	R_2: height = np.float64(42.0)
539.0846 	EXP 	R_2: text = 52
539.0846 	EXP 	G_2: height = np.float64(42.0)
539.0846 	EXP 	G_2: height = np.float64(42.0)
539.0846 	EXP 	G_2: height = np.float64(42.0)
539.0846 	EXP 	G_2: text = 18
539.0846 	EXP 	B_2: height = np.float64(42.0)
539.0846 	EXP 	B_2: height = np.float64(42.0)
539.0846 	EXP 	B_2: height = np.float64(42.0)
539.0846 	EXP 	B_2: text = 0
539.0846 	EXP 	correctAnswer: autoDraw = True
539.0846 	EXP 	RBGInfo_2: autoDraw = True
539.0846 	EXP 	R_2: autoDraw = True
539.0846 	EXP 	G_2: autoDraw = True
539.0846 	EXP 	B_2: autoDraw = True
539.6068 	DATA 	Mouse: Left button down, pos=(1004,289)
539.6205 	EXP 	correctAnswer: autoDraw = False
539.6205 	EXP 	wrongAnswer: autoDraw = False
539.6205 	EXP 	corrColor_2: autoDraw = False
539.6205 	EXP 	RBGInfo_2: autoDraw = False
539.6205 	EXP 	R_2: autoDraw = False
539.6205 	EXP 	G_2: autoDraw = False
539.6205 	EXP 	B_2: autoDraw = False
539.6205 	EXP 	text_11: autoDraw = True
539.8401 	DATA 	Mouse:  Left button up, pos=(1004,289)
539.9558 	EXP 	New trial (rep=0, index=27): <Trial 27 (27 in rep 0) data={'folder': '02-1', 'image': '030_Seafoam.jpg', 'logical': True, 'corrColor': 'Seafoam', 'corrR': 0, 'corrG': 99, 'corrB': 67, 'image_path': '02-1/030_Seafoam_0.png', 'thisN': 27, 'thisTrialN': 27, 'thisRepN': 0}>
540.1355 	EXP 	text_11: autoDraw = False
540.1355 	EXP 	text_11: autoDraw = False
540.1355 	EXP 	img: foreColor = <psychopy.colors.Color: white, alpha=1.0>
540.1355 	EXP 	img: ori = np.float64(0.0)
540.1355 	EXP 	Instructions: text = 'Click the spacebar to shuffle through the filters to recognize the color.\nPress the button of the color you think it corresponds to.'
540.1355 	EXP 	counter_Text: height = np.float64(72.0)
540.1355 	EXP 	counter_Text: height = np.float64(72.0)
540.1355 	EXP 	counter_Text: height = np.float64(72.0)
540.1355 	EXP 	counter_Text: text = 28
540.1355 	EXP 	img: autoDraw = True
540.1355 	EXP 	Instructions: autoDraw = True
540.1355 	EXP 	RBGInfo: autoDraw = True
540.1355 	EXP 	G: autoDraw = True
540.1355 	EXP 	B: autoDraw = True
540.1355 	EXP 	counter_Text: autoDraw = True
540.1355 	EXP 	total_count: autoDraw = True
540.4022 	EXP 	R: autoDraw = True
542.8279 	DATA 	Keypress: space
542.8290 	EXP 	Device response: <KeyPress from None: t=542.7515958999284, value=space, duration=None>
542.9998 	EXP 	Device response: <KeyPress from None: t=542.7515958999284, value=space, duration=0.1156613000202924>
543.9009 	DATA 	Keypress: space
543.9018 	EXP 	Device response: <KeyPress from None: t=543.7940024000127, value=space, duration=None>
543.9105 	EXP 	Device response: <KeyPress from None: t=543.7940024000127, value=space, duration=0.11590379988774657>
547.3310 	DATA 	Keypress: space
547.3322 	EXP 	Device response: <KeyPress from None: t=547.2462788999546, value=space, duration=None>
547.4940 	EXP 	Device response: <KeyPress from None: t=547.2462788999546, value=space, duration=0.15208530006930232>
547.6292 	DATA 	Keypress: space
547.6297 	EXP 	Device response: <KeyPress from None: t=547.5816160000395, value=space, duration=None>
547.7534 	EXP 	Device response: <KeyPress from None: t=547.5816160000395, value=space, duration=0.15204369998537004>
547.9179 	DATA 	Keypress: space
548.0253 	EXP 	Device response: <KeyPress from None: t=547.9152909000404, value=space, duration=None>
548.1676 	EXP 	Device response: <KeyPress from None: t=547.9152909000404, value=space, duration=0.13415239984169602>
549.9574 	DATA 	Keypress: space
550.0550 	EXP 	Device response: <KeyPress from None: t=549.9561145999469, value=space, duration=None>
550.0551 	EXP 	Device response: <KeyPress from None: t=549.9561145999469, value=space, duration=0.07965900003910065>
556.0378 	DATA 	Keypress: space
556.1641 	EXP 	Device response: <KeyPress from None: t=556.0347347999923, value=space, duration=None>
556.3168 	EXP 	Device response: <KeyPress from None: t=556.0347347999923, value=space, duration=0.1521735000424087>
556.6128 	DATA 	Keypress: space
556.6135 	EXP 	Device response: <KeyPress from None: t=556.5736402000766, value=space, duration=None>
556.7596 	EXP 	Device response: <KeyPress from None: t=556.5736402000766, value=space, duration=0.13380769989453256>
557.1759 	DATA 	Keypress: space
557.1763 	EXP 	Device response: <KeyPress from None: t=557.1266103999224, value=space, duration=None>
557.3234 	EXP 	Device response: <KeyPress from None: t=557.1266103999224, value=space, duration=0.14321610005572438>
557.9156 	DATA 	Keypress: space
557.9165 	EXP 	Device response: <KeyPress from None: t=557.8842374999076, value=space, duration=None>
558.0631 	EXP 	Device response: <KeyPress from None: t=557.8842374999076, value=space, duration=0.1340571001637727>
562.5647 	DATA 	Mouse: Left button down, pos=(1616,1006)
562.5843 	EXP 	img: autoDraw = False
562.5843 	EXP 	Instructions: autoDraw = False
562.5843 	EXP 	RBGInfo: autoDraw = False
562.5843 	EXP 	R: autoDraw = False
562.5843 	EXP 	G: autoDraw = False
562.5843 	EXP 	B: autoDraw = False
562.5843 	EXP 	counter_Text: autoDraw = False
562.5843 	EXP 	total_count: autoDraw = False
562.5843 	EXP 	text_8: autoDraw = True
562.7392 	DATA 	Mouse:  Left button up, pos=(1616,1006)
562.9669 	EXP 	text_8: autoDraw = False
562.9669 	EXP 	text_8: autoDraw = False
562.9669 	EXP 	slider: markerPos = None
562.9669 	EXP 	slider: markerPos = 1
562.9669 	EXP 	slider: autoDraw = True
562.9669 	EXP 	text_9: autoDraw = True
562.9669 	EXP 	text_answer: autoDraw = True
564.2506 	DATA 	Mouse: Left button down, pos=(1403,601)
564.3007 	EXP 	slider: markerPos = np.float64(4.9719999999999995)
564.3338 	EXP 	slider: markerPos = np.float64(4.9719999999999995)
564.3672 	EXP 	slider: markerPos = np.float64(4.9719999999999995)
564.4004 	EXP 	slider: markerPos = np.float64(4.9719999999999995)
564.4337 	EXP 	slider: markerPos = np.float64(4.9719999999999995)
564.4667 	EXP 	slider: markerPos = np.float64(4.9719999999999995)
564.4693 	DATA 	Mouse:  Left button up, pos=(1403,601)
564.5002 	EXP 	slider: markerPos = 5.0
565.2382 	DATA 	Mouse: Left button down, pos=(1010,286)
565.2538 	EXP 	slider: autoDraw = False
565.2538 	EXP 	text_9: autoDraw = False
565.2538 	EXP 	text_answer: autoDraw = False
565.2538 	EXP 	text_8: autoDraw = True
565.4550 	DATA 	Mouse:  Left button up, pos=(1010,286)
565.6842 	INFO 	Keyboard events cleared
565.6839 	EXP 	text_8: autoDraw = False
565.6839 	EXP 	text_8: autoDraw = False
565.6839 	EXP 	corrColor_2: height = np.float64(56.0)
565.6839 	EXP 	corrColor_2: height = np.float64(56.0)
565.6839 	EXP 	corrColor_2: height = np.float64(56.0)
565.6839 	EXP 	corrColor_2: text = 'Seafoam'
565.6839 	EXP 	R_2: height = np.float64(42.0)
565.6839 	EXP 	R_2: height = np.float64(42.0)
565.6839 	EXP 	R_2: height = np.float64(42.0)
565.6839 	EXP 	R_2: text = 0
565.6839 	EXP 	G_2: height = np.float64(42.0)
565.6839 	EXP 	G_2: height = np.float64(42.0)
565.6839 	EXP 	G_2: height = np.float64(42.0)
565.6839 	EXP 	G_2: text = 99
565.6839 	EXP 	B_2: height = np.float64(42.0)
565.6839 	EXP 	B_2: height = np.float64(42.0)
565.6839 	EXP 	B_2: height = np.float64(42.0)
565.6839 	EXP 	B_2: text = 67
565.6839 	EXP 	wrongAnswer: autoDraw = True
565.6839 	EXP 	corrColor_2: autoDraw = True
565.6839 	EXP 	RBGInfo_2: autoDraw = True
565.6839 	EXP 	R_2: autoDraw = True
565.6839 	EXP 	G_2: autoDraw = True
565.6839 	EXP 	B_2: autoDraw = True
576.3860 	DATA 	Mouse: Left button down, pos=(1630,877)
576.4695 	EXP 	correctAnswer: autoDraw = True
576.4695 	EXP 	wrongAnswer: autoDraw = False
576.4695 	EXP 	corrColor_2: autoDraw = False
576.6073 	DATA 	Mouse:  Left button up, pos=(1630,877)
578.4721 	DATA 	Mouse: Left button down, pos=(978,256)
578.4855 	EXP 	correctAnswer: autoDraw = False
578.4855 	EXP 	wrongAnswer: autoDraw = False
578.4855 	EXP 	corrColor_2: autoDraw = False
578.4855 	EXP 	RBGInfo_2: autoDraw = False
578.4855 	EXP 	R_2: autoDraw = False
578.4855 	EXP 	G_2: autoDraw = False
578.4855 	EXP 	B_2: autoDraw = False
578.4855 	EXP 	text_11: autoDraw = True
578.7053 	DATA 	Mouse:  Left button up, pos=(978,256)
578.8205 	EXP 	New trial (rep=0, index=28): <Trial 28 (28 in rep 0) data={'folder': '03-1', 'image': '031_Grey.jpg', 'logical': True, 'corrColor': 'Grey', 'corrR': 45, 'corrG': 49, 'corrB': 57, 'image_path': '03-1/031_Grey_0.png', 'thisN': 28, 'thisTrialN': 28, 'thisRepN': 0}>
579.0183 	EXP 	text_11: autoDraw = False
579.0183 	EXP 	text_11: autoDraw = False
579.0183 	EXP 	img: foreColor = <psychopy.colors.Color: white, alpha=1.0>
579.0183 	EXP 	img: ori = np.float64(0.0)
579.0183 	EXP 	Instructions: text = 'Click the spacebar to shuffle through the filters to recognize the color.\nPress the button of the color you think it corresponds to.'
579.0183 	EXP 	counter_Text: height = np.float64(72.0)
579.0183 	EXP 	counter_Text: height = np.float64(72.0)
579.0183 	EXP 	counter_Text: height = np.float64(72.0)
579.0183 	EXP 	counter_Text: text = 29
579.0183 	EXP 	img: autoDraw = True
579.0183 	EXP 	Instructions: autoDraw = True
579.0183 	EXP 	RBGInfo: autoDraw = True
579.0183 	EXP 	G: autoDraw = True
579.0183 	EXP 	B: autoDraw = True
579.0183 	EXP 	counter_Text: autoDraw = True
579.0183 	EXP 	total_count: autoDraw = True
579.1671 	EXP 	R: autoDraw = True
586.2678 	DATA 	Keypress: space
586.3833 	EXP 	Device response: <KeyPress from None: t=586.2661500999238, value=space, duration=None>
586.5512 	EXP 	Device response: <KeyPress from None: t=586.2661500999238, value=space, duration=0.17133560008369386>
587.4532 	DATA 	Keypress: space
587.4573 	EXP 	Device response: <KeyPress from None: t=587.4303560999688, value=space, duration=None>
587.6148 	EXP 	Device response: <KeyPress from None: t=587.4303560999688, value=space, duration=0.1430315999314189>
590.3049 	DATA 	Mouse: Left button down, pos=(1626,948)
590.3165 	EXP 	img: autoDraw = False
590.3165 	EXP 	Instructions: autoDraw = False
590.3165 	EXP 	RBGInfo: autoDraw = False
590.3165 	EXP 	R: autoDraw = False
590.3165 	EXP 	G: autoDraw = False
590.3165 	EXP 	B: autoDraw = False
590.3165 	EXP 	counter_Text: autoDraw = False
590.3165 	EXP 	total_count: autoDraw = False
590.3165 	EXP 	text_8: autoDraw = True
590.5049 	DATA 	Mouse:  Left button up, pos=(1626,948)
590.6990 	EXP 	text_8: autoDraw = False
590.6990 	EXP 	text_8: autoDraw = False
590.6990 	EXP 	slider: markerPos = None
590.6990 	EXP 	slider: markerPos = 1
590.6990 	EXP 	slider: autoDraw = True
590.6990 	EXP 	text_9: autoDraw = True
590.6990 	EXP 	text_answer: autoDraw = True
591.9859 	DATA 	Mouse: Left button down, pos=(1402,602)
592.0161 	EXP 	slider: markerPos = np.float64(4.968)
592.0493 	EXP 	slider: markerPos = np.float64(4.968)
592.0829 	EXP 	slider: markerPos = np.float64(4.968)
592.1161 	EXP 	slider: markerPos = np.float64(4.968)
592.1494 	EXP 	slider: markerPos = np.float64(4.968)
592.1827 	EXP 	slider: markerPos = np.float64(4.968)
592.2046 	DATA 	Mouse:  Left button up, pos=(1402,602)
592.2160 	EXP 	slider: markerPos = np.float64(4.968)
592.2492 	EXP 	slider: markerPos = 5.0
593.7489 	DATA 	Mouse: Left button down, pos=(1012,252)
593.7857 	EXP 	slider: autoDraw = False
593.7857 	EXP 	text_9: autoDraw = False
593.7857 	EXP 	text_answer: autoDraw = False
593.7857 	EXP 	text_8: autoDraw = True
593.9700 	DATA 	Mouse:  Left button up, pos=(1012,252)
594.1661 	INFO 	Keyboard events cleared
594.1660 	EXP 	text_8: autoDraw = False
594.1660 	EXP 	text_8: autoDraw = False
594.1660 	EXP 	corrColor_2: height = np.float64(56.0)
594.1660 	EXP 	corrColor_2: height = np.float64(56.0)
594.1660 	EXP 	corrColor_2: height = np.float64(56.0)
594.1660 	EXP 	corrColor_2: text = 'Grey'
594.1660 	EXP 	R_2: height = np.float64(42.0)
594.1660 	EXP 	R_2: height = np.float64(42.0)
594.1660 	EXP 	R_2: height = np.float64(42.0)
594.1660 	EXP 	R_2: text = 45
594.1660 	EXP 	G_2: height = np.float64(42.0)
594.1660 	EXP 	G_2: height = np.float64(42.0)
594.1660 	EXP 	G_2: height = np.float64(42.0)
594.1660 	EXP 	G_2: text = 49
594.1660 	EXP 	B_2: height = np.float64(42.0)
594.1660 	EXP 	B_2: height = np.float64(42.0)
594.1660 	EXP 	B_2: height = np.float64(42.0)
594.1660 	EXP 	B_2: text = 57
594.1660 	EXP 	correctAnswer: autoDraw = True
594.1660 	EXP 	RBGInfo_2: autoDraw = True
594.1660 	EXP 	R_2: autoDraw = True
594.1660 	EXP 	G_2: autoDraw = True
594.1660 	EXP 	B_2: autoDraw = True
595.3084 	DATA 	Mouse: Left button down, pos=(1022,257)
595.3352 	EXP 	correctAnswer: autoDraw = False
595.3352 	EXP 	wrongAnswer: autoDraw = False
595.3352 	EXP 	corrColor_2: autoDraw = False
595.3352 	EXP 	RBGInfo_2: autoDraw = False
595.3352 	EXP 	R_2: autoDraw = False
595.3352 	EXP 	G_2: autoDraw = False
595.3352 	EXP 	B_2: autoDraw = False
595.3352 	EXP 	text_11: autoDraw = True
595.5215 	DATA 	Mouse:  Left button up, pos=(1022,257)
595.6704 	EXP 	New trial (rep=0, index=29): <Trial 29 (29 in rep 0) data={'folder': '03-1', 'image': '032_Bordeaux.jpg', 'logical': True, 'corrColor': 'Bordeaux', 'corrR': 50, 'corrG': 0, 'corrB': 18, 'image_path': '03-1/032_Bordeaux_0.png', 'thisN': 29, 'thisTrialN': 29, 'thisRepN': 0}>
595.8503 	EXP 	text_11: autoDraw = False
595.8503 	EXP 	text_11: autoDraw = False
595.8503 	EXP 	img: foreColor = <psychopy.colors.Color: white, alpha=1.0>
595.8503 	EXP 	img: ori = np.float64(0.0)
595.8503 	EXP 	Instructions: text = 'Click the spacebar to shuffle through the filters to recognize the color.\nPress the button of the color you think it corresponds to.'
595.8503 	EXP 	counter_Text: height = np.float64(72.0)
595.8503 	EXP 	counter_Text: height = np.float64(72.0)
595.8503 	EXP 	counter_Text: height = np.float64(72.0)
595.8503 	EXP 	counter_Text: text = 30
595.8503 	EXP 	img: autoDraw = True
595.8503 	EXP 	Instructions: autoDraw = True
595.8503 	EXP 	RBGInfo: autoDraw = True
595.8503 	EXP 	G: autoDraw = True
595.8503 	EXP 	B: autoDraw = True
595.8503 	EXP 	counter_Text: autoDraw = True
595.8503 	EXP 	total_count: autoDraw = True
596.1496 	EXP 	R: autoDraw = True
604.0164 	DATA 	Keypress: space
604.0171 	EXP 	Device response: <KeyPress from None: t=604.0140015999787, value=space, duration=None>
604.3363 	EXP 	Device response: <KeyPress from None: t=604.0140015999787, value=space, duration=0.1883761000353843>
604.6979 	DATA 	Keypress: space
604.8384 	EXP 	Device response: <KeyPress from None: t=604.6951272999868, value=space, duration=None>
605.0144 	EXP 	Device response: <KeyPress from None: t=604.6951272999868, value=space, duration=0.17048470000736415>
617.7208 	DATA 	Mouse: Left button down, pos=(1622,1002)
617.7323 	EXP 	img: autoDraw = False
617.7323 	EXP 	Instructions: autoDraw = False
617.7323 	EXP 	RBGInfo: autoDraw = False
617.7323 	EXP 	R: autoDraw = False
617.7323 	EXP 	G: autoDraw = False
617.7323 	EXP 	B: autoDraw = False
617.7323 	EXP 	counter_Text: autoDraw = False
617.7323 	EXP 	total_count: autoDraw = False
617.7323 	EXP 	text_8: autoDraw = True
617.8707 	DATA 	Mouse:  Left button up, pos=(1622,1002)
618.1147 	EXP 	text_8: autoDraw = False
618.1147 	EXP 	text_8: autoDraw = False
618.1147 	EXP 	slider: markerPos = None
618.1147 	EXP 	slider: markerPos = 1
618.1147 	EXP 	slider: autoDraw = True
618.1147 	EXP 	text_9: autoDraw = True
618.1147 	EXP 	text_answer: autoDraw = True
619.2637 	DATA 	Mouse: Left button down, pos=(1375,611)
619.3149 	EXP 	slider: markerPos = np.float64(4.86)
619.3485 	EXP 	slider: markerPos = np.float64(4.86)
619.3819 	EXP 	slider: markerPos = np.float64(4.86)
619.4150 	EXP 	slider: markerPos = np.float64(4.86)
619.4486 	EXP 	slider: markerPos = np.float64(4.86)
619.4820 	EXP 	slider: markerPos = np.float64(4.86)
619.4837 	DATA 	Mouse:  Left button up, pos=(1375,611)
619.5154 	EXP 	slider: markerPos = 5.0
622.0176 	DATA 	Mouse: Left button down, pos=(1007,254)
622.0352 	EXP 	slider: autoDraw = False
622.0352 	EXP 	text_9: autoDraw = False
622.0352 	EXP 	text_answer: autoDraw = False
622.0352 	EXP 	text_8: autoDraw = True
622.2380 	DATA 	Mouse:  Left button up, pos=(1007,254)
622.4154 	INFO 	Keyboard events cleared
622.4152 	EXP 	text_8: autoDraw = False
622.4152 	EXP 	text_8: autoDraw = False
622.4152 	EXP 	corrColor_2: height = np.float64(56.0)
622.4152 	EXP 	corrColor_2: height = np.float64(56.0)
622.4152 	EXP 	corrColor_2: height = np.float64(56.0)
622.4152 	EXP 	corrColor_2: text = 'Bordeaux'
622.4152 	EXP 	R_2: height = np.float64(42.0)
622.4152 	EXP 	R_2: height = np.float64(42.0)
622.4152 	EXP 	R_2: height = np.float64(42.0)
622.4152 	EXP 	R_2: text = 50
622.4152 	EXP 	G_2: height = np.float64(42.0)
622.4152 	EXP 	G_2: height = np.float64(42.0)
622.4152 	EXP 	G_2: height = np.float64(42.0)
622.4152 	EXP 	G_2: text = 0
622.4152 	EXP 	B_2: height = np.float64(42.0)
622.4152 	EXP 	B_2: height = np.float64(42.0)
622.4152 	EXP 	B_2: height = np.float64(42.0)
622.4152 	EXP 	B_2: text = 18
622.4152 	EXP 	correctAnswer: autoDraw = True
622.4152 	EXP 	RBGInfo_2: autoDraw = True
622.4152 	EXP 	R_2: autoDraw = True
622.4152 	EXP 	G_2: autoDraw = True
622.4152 	EXP 	B_2: autoDraw = True
622.9574 	DATA 	Mouse: Left button down, pos=(1007,254)
622.9840 	EXP 	correctAnswer: autoDraw = False
622.9840 	EXP 	wrongAnswer: autoDraw = False
622.9840 	EXP 	corrColor_2: autoDraw = False
622.9840 	EXP 	RBGInfo_2: autoDraw = False
622.9840 	EXP 	R_2: autoDraw = False
622.9840 	EXP 	G_2: autoDraw = False
622.9840 	EXP 	B_2: autoDraw = False
622.9840 	EXP 	text_11: autoDraw = True
623.1870 	DATA 	Mouse:  Left button up, pos=(1007,254)
623.3191 	EXP 	New trial (rep=0, index=30): <Trial 30 (30 in rep 0) data={'folder': '03-1', 'image': '013_Orange.jpg', 'logical': True, 'corrColor': 'Orange', 'corrR': 100, 'corrG': 65, 'corrB': 4, 'image_path': '03-1/013_Orange_0.png', 'thisN': 30, 'thisTrialN': 30, 'thisRepN': 0}>
623.4830 	EXP 	text_11: autoDraw = False
623.4830 	EXP 	text_11: autoDraw = False
623.4830 	EXP 	img: foreColor = <psychopy.colors.Color: white, alpha=1.0>
623.4830 	EXP 	img: ori = np.float64(0.0)
623.4830 	EXP 	Instructions: text = 'Click the spacebar to shuffle through the filters to recognize the color.\nPress the button of the color you think it corresponds to.'
623.4830 	EXP 	counter_Text: height = np.float64(72.0)
623.4830 	EXP 	counter_Text: height = np.float64(72.0)
623.4830 	EXP 	counter_Text: height = np.float64(72.0)
623.4830 	EXP 	counter_Text: text = 31
623.4830 	EXP 	img: autoDraw = True
623.4830 	EXP 	Instructions: autoDraw = True
623.4830 	EXP 	RBGInfo: autoDraw = True
623.4830 	EXP 	G: autoDraw = True
623.4830 	EXP 	B: autoDraw = True
623.4830 	EXP 	counter_Text: autoDraw = True
623.4830 	EXP 	total_count: autoDraw = True
623.7495 	EXP 	R: autoDraw = True
626.5340 	DATA 	Keypress: space
626.5345 	EXP 	Device response: <KeyPress from None: t=626.5003921000753, value=space, duration=None>
626.6925 	EXP 	Device response: <KeyPress from None: t=626.5003921000753, value=space, duration=0.13403949979692698>
627.6245 	DATA 	Keypress: space
627.7556 	EXP 	Device response: <KeyPress from None: t=627.6241003000177, value=space, duration=None>
627.9208 	EXP 	Device response: <KeyPress from None: t=627.6241003000177, value=space, duration=0.16152539988979697>
635.0430 	DATA 	Keypress: space
635.1493 	EXP 	Device response: <KeyPress from None: t=635.0418306998909, value=space, duration=None>
635.3060 	EXP 	Device response: <KeyPress from None: t=635.0418306998909, value=space, duration=0.1250205000396818>
635.4472 	DATA 	Keypress: space
635.5768 	EXP 	Device response: <KeyPress from None: t=635.4460455998778, value=space, duration=None>
635.7176 	EXP 	Device response: <KeyPress from None: t=635.4460455998778, value=space, duration=0.14334820001386106>
635.8527 	DATA 	Keypress: space
635.8533 	EXP 	Device response: <KeyPress from None: t=635.8492133999243, value=space, duration=None>
635.9904 	EXP 	Device response: <KeyPress from None: t=635.8492133999243, value=space, duration=0.10687709995545447>
638.6459 	DATA 	Mouse: Left button down, pos=(1646,692)
638.7650 	EXP 	img: autoDraw = False
638.7650 	EXP 	Instructions: autoDraw = False
638.7650 	EXP 	RBGInfo: autoDraw = False
638.7650 	EXP 	R: autoDraw = False
638.7650 	EXP 	G: autoDraw = False
638.7650 	EXP 	B: autoDraw = False
638.7650 	EXP 	counter_Text: autoDraw = False
638.7650 	EXP 	total_count: autoDraw = False
638.7650 	EXP 	text_8: autoDraw = True
638.8693 	DATA 	Mouse:  Left button up, pos=(1646,692)
639.1478 	EXP 	text_8: autoDraw = False
639.1478 	EXP 	text_8: autoDraw = False
639.1478 	EXP 	slider: markerPos = None
639.1478 	EXP 	slider: markerPos = 1
639.1478 	EXP 	slider: autoDraw = True
639.1478 	EXP 	text_9: autoDraw = True
639.1478 	EXP 	text_answer: autoDraw = True
640.2191 	DATA 	Mouse: Left button down, pos=(1395,627)
640.2487 	EXP 	slider: markerPos = np.float64(4.9399999999999995)
640.2817 	EXP 	slider: markerPos = np.float64(4.9399999999999995)
640.3166 	EXP 	slider: markerPos = np.float64(4.9399999999999995)
640.3473 	EXP 	slider: markerPos = np.float64(4.9399999999999995)
640.3808 	EXP 	slider: markerPos = np.float64(4.9399999999999995)
640.4139 	EXP 	slider: markerPos = np.float64(4.9399999999999995)
640.4329 	DATA 	Mouse:  Left button up, pos=(1395,627)
640.4485 	EXP 	slider: markerPos = np.float64(4.9399999999999995)
640.4810 	EXP 	slider: markerPos = 5.0
641.3806 	DATA 	Mouse: Left button down, pos=(1004,222)
641.4169 	EXP 	slider: autoDraw = False
641.4169 	EXP 	text_9: autoDraw = False
641.4169 	EXP 	text_answer: autoDraw = False
641.4169 	EXP 	text_8: autoDraw = True
641.6059 	DATA 	Mouse:  Left button up, pos=(1004,222)
641.7977 	INFO 	Keyboard events cleared
641.7975 	EXP 	text_8: autoDraw = False
641.7975 	EXP 	text_8: autoDraw = False
641.7975 	EXP 	corrColor_2: height = np.float64(56.0)
641.7975 	EXP 	corrColor_2: height = np.float64(56.0)
641.7975 	EXP 	corrColor_2: height = np.float64(56.0)
641.7975 	EXP 	corrColor_2: text = 'Orange'
641.7975 	EXP 	R_2: height = np.float64(42.0)
641.7975 	EXP 	R_2: height = np.float64(42.0)
641.7975 	EXP 	R_2: height = np.float64(42.0)
641.7975 	EXP 	R_2: text = 100
641.7975 	EXP 	G_2: height = np.float64(42.0)
641.7975 	EXP 	G_2: height = np.float64(42.0)
641.7975 	EXP 	G_2: height = np.float64(42.0)
641.7975 	EXP 	G_2: text = 65
641.7975 	EXP 	B_2: height = np.float64(42.0)
641.7975 	EXP 	B_2: height = np.float64(42.0)
641.7975 	EXP 	B_2: height = np.float64(42.0)
641.7975 	EXP 	B_2: text = 4
641.7975 	EXP 	correctAnswer: autoDraw = True
641.7975 	EXP 	RBGInfo_2: autoDraw = True
641.7975 	EXP 	R_2: autoDraw = True
641.7975 	EXP 	G_2: autoDraw = True
641.7975 	EXP 	B_2: autoDraw = True
642.4861 	DATA 	Mouse: Left button down, pos=(1004,222)
642.4999 	EXP 	correctAnswer: autoDraw = False
642.4999 	EXP 	wrongAnswer: autoDraw = False
642.4999 	EXP 	corrColor_2: autoDraw = False
642.4999 	EXP 	RBGInfo_2: autoDraw = False
642.4999 	EXP 	R_2: autoDraw = False
642.4999 	EXP 	G_2: autoDraw = False
642.4999 	EXP 	B_2: autoDraw = False
642.4999 	EXP 	text_11: autoDraw = True
642.7185 	DATA 	Mouse:  Left button up, pos=(1004,222)
642.8350 	EXP 	New trial (rep=0, index=31): <Trial 31 (31 in rep 0) data={'folder': '02-1', 'image': '011_Orange.jpg', 'logical': True, 'corrColor': 'Orange', 'corrR': 99, 'corrG': 48, 'corrB': 0, 'image_path': '02-1/011_Orange_0.png', 'thisN': 31, 'thisTrialN': 31, 'thisRepN': 0}>
643.0152 	EXP 	text_11: autoDraw = False
643.0152 	EXP 	text_11: autoDraw = False
643.0152 	EXP 	img: foreColor = <psychopy.colors.Color: white, alpha=1.0>
643.0152 	EXP 	img: ori = np.float64(0.0)
643.0152 	EXP 	Instructions: text = 'Click the spacebar to shuffle through the filters to recognize the color.\nPress the button of the color you think it corresponds to.'
643.0152 	EXP 	counter_Text: height = np.float64(72.0)
643.0152 	EXP 	counter_Text: height = np.float64(72.0)
643.0152 	EXP 	counter_Text: height = np.float64(72.0)
643.0152 	EXP 	counter_Text: text = 32
643.0152 	EXP 	img: autoDraw = True
643.0152 	EXP 	Instructions: autoDraw = True
643.0152 	EXP 	RBGInfo: autoDraw = True
643.0152 	EXP 	G: autoDraw = True
643.0152 	EXP 	B: autoDraw = True
643.0152 	EXP 	counter_Text: autoDraw = True
643.0152 	EXP 	total_count: autoDraw = True
643.3143 	EXP 	R: autoDraw = True
667.9067 	DATA 	Keypress: space
667.9091 	EXP 	Device response: <KeyPress from None: t=667.819227, value=space, duration=None>
667.9091 	EXP 	Device response: <KeyPress from None: t=667.819227, value=space, duration=0.025033999932929873>
669.3492 	DATA 	Keypress: space
669.3516 	EXP 	Device response: <KeyPress from None: t=669.2353340999689, value=space, duration=None>
669.5065 	EXP 	Device response: <KeyPress from None: t=669.2353340999689, value=space, duration=0.12496639997698367>
672.5672 	DATA 	Mouse: Left button down, pos=(1665,709)
672.5805 	EXP 	img: autoDraw = False
672.5805 	EXP 	Instructions: autoDraw = False
672.5805 	EXP 	RBGInfo: autoDraw = False
672.5805 	EXP 	R: autoDraw = False
672.5805 	EXP 	G: autoDraw = False
672.5805 	EXP 	B: autoDraw = False
672.5805 	EXP 	counter_Text: autoDraw = False
672.5805 	EXP 	total_count: autoDraw = False
672.5805 	EXP 	text_8: autoDraw = True
672.7355 	DATA 	Mouse:  Left button up, pos=(1665,709)
672.9632 	EXP 	text_8: autoDraw = False
672.9632 	EXP 	text_8: autoDraw = False
672.9632 	EXP 	slider: markerPos = None
672.9632 	EXP 	slider: markerPos = 1
672.9632 	EXP 	slider: autoDraw = True
672.9632 	EXP 	text_9: autoDraw = True
672.9632 	EXP 	text_answer: autoDraw = True
674.1791 	DATA 	Mouse: Left button down, pos=(1407,611)
674.2295 	EXP 	slider: markerPos = np.float64(4.9879999999999995)
674.2630 	EXP 	slider: markerPos = np.float64(4.9879999999999995)
674.2964 	EXP 	slider: markerPos = np.float64(4.9879999999999995)
674.3300 	EXP 	slider: markerPos = np.float64(4.9879999999999995)
674.3632 	EXP 	slider: markerPos = np.float64(4.9879999999999995)
674.3963 	EXP 	slider: markerPos = np.float64(4.9879999999999995)
674.4139 	DATA 	Mouse:  Left button up, pos=(1407,611)
674.4292 	EXP 	slider: markerPos = np.float64(4.9879999999999995)
674.4636 	EXP 	slider: markerPos = 5.0
675.5324 	DATA 	Mouse: Left button down, pos=(1002,259)
675.5503 	EXP 	slider: autoDraw = False
675.5503 	EXP 	text_9: autoDraw = False
675.5503 	EXP 	text_answer: autoDraw = False
675.5503 	EXP 	text_8: autoDraw = True
675.7508 	DATA 	Mouse:  Left button up, pos=(1002,259)
675.9134 	INFO 	Keyboard events cleared
675.9132 	EXP 	text_8: autoDraw = False
675.9132 	EXP 	text_8: autoDraw = False
675.9132 	EXP 	corrColor_2: text = 'Orange'
675.9132 	EXP 	R_2: height = np.float64(42.0)
675.9132 	EXP 	R_2: height = np.float64(42.0)
675.9132 	EXP 	R_2: height = np.float64(42.0)
675.9132 	EXP 	R_2: text = 99
675.9132 	EXP 	G_2: height = np.float64(42.0)
675.9132 	EXP 	G_2: height = np.float64(42.0)
675.9132 	EXP 	G_2: height = np.float64(42.0)
675.9132 	EXP 	G_2: text = 48
675.9132 	EXP 	B_2: height = np.float64(42.0)
675.9132 	EXP 	B_2: height = np.float64(42.0)
675.9132 	EXP 	B_2: height = np.float64(42.0)
675.9132 	EXP 	B_2: text = 0
675.9132 	EXP 	correctAnswer: autoDraw = True
675.9132 	EXP 	RBGInfo_2: autoDraw = True
675.9132 	EXP 	R_2: autoDraw = True
675.9132 	EXP 	G_2: autoDraw = True
675.9132 	EXP 	B_2: autoDraw = True
676.8509 	DATA 	Mouse: Left button down, pos=(1002,259)
676.8655 	EXP 	correctAnswer: autoDraw = False
676.8655 	EXP 	wrongAnswer: autoDraw = False
676.8655 	EXP 	corrColor_2: autoDraw = False
676.8655 	EXP 	RBGInfo_2: autoDraw = False
676.8655 	EXP 	R_2: autoDraw = False
676.8655 	EXP 	G_2: autoDraw = False
676.8655 	EXP 	B_2: autoDraw = False
676.8655 	EXP 	text_11: autoDraw = True
677.0844 	DATA 	Mouse:  Left button up, pos=(1002,259)
677.1996 	EXP 	New trial (rep=0, index=32): <Trial 32 (32 in rep 0) data={'folder': '03-1', 'image': '013_Teal.jpg', 'logical': True, 'corrColor': 'Teal', 'corrR': 0, 'corrG': 48, 'corrB': 60, 'image_path': '03-1/013_Teal_0.png', 'thisN': 32, 'thisTrialN': 32, 'thisRepN': 0}>
677.3645 	EXP 	text_11: autoDraw = False
677.3645 	EXP 	text_11: autoDraw = False
677.3645 	EXP 	img: foreColor = <psychopy.colors.Color: white, alpha=1.0>
677.3645 	EXP 	img: ori = np.float64(0.0)
677.3645 	EXP 	Instructions: text = 'Click the spacebar to shuffle through the filters to recognize the color.\nPress the button of the color you think it corresponds to.'
677.3645 	EXP 	counter_Text: height = np.float64(72.0)
677.3645 	EXP 	counter_Text: height = np.float64(72.0)
677.3645 	EXP 	counter_Text: height = np.float64(72.0)
677.3645 	EXP 	counter_Text: text = 33
677.3645 	EXP 	img: autoDraw = True
677.3645 	EXP 	Instructions: autoDraw = True
677.3645 	EXP 	RBGInfo: autoDraw = True
677.3645 	EXP 	G: autoDraw = True
677.3645 	EXP 	B: autoDraw = True
677.3645 	EXP 	counter_Text: autoDraw = True
677.3645 	EXP 	total_count: autoDraw = True
677.6473 	EXP 	R: autoDraw = True
679.3323 	DATA 	Keypress: space
679.3332 	EXP 	Device response: <KeyPress from None: t=679.2394780998584, value=space, duration=None>
679.4965 	EXP 	Device response: <KeyPress from None: t=679.2394780998584, value=space, duration=0.16109660011716187>
680.2225 	DATA 	Keypress: space
680.2230 	EXP 	Device response: <KeyPress from None: t=680.2210961000528, value=space, duration=None>
680.3839 	EXP 	Device response: <KeyPress from None: t=680.2210961000528, value=space, duration=0.10671059996820986>
687.0185 	DATA 	Keypress: space
687.1353 	EXP 	Device response: <KeyPress from None: t=687.0163531000726, value=space, duration=None>
687.1353 	EXP 	Device response: <KeyPress from None: t=687.0163531000726, value=space, duration=0.10695389984175563>
687.4190 	DATA 	Keypress: space
687.4197 	EXP 	Device response: <KeyPress from None: t=687.3832753999159, value=space, duration=None>
687.5705 	EXP 	Device response: <KeyPress from None: t=687.3832753999159, value=space, duration=0.10701950010843575>
687.7051 	DATA 	Keypress: space
687.7064 	EXP 	Device response: <KeyPress from None: t=687.6730873999186, value=space, duration=None>
687.8380 	EXP 	Device response: <KeyPress from None: t=687.6730873999186, value=space, duration=0.08870119997300208>
688.2546 	DATA 	Keypress: space
688.2551 	EXP 	Device response: <KeyPress from None: t=688.2410303000361, value=space, duration=None>
688.4049 	EXP 	Device response: <KeyPress from None: t=688.2410303000361, value=space, duration=0.09774679993279278>
702.3340 	DATA 	Mouse: Left button down, pos=(1605,1063)
702.3455 	EXP 	img: autoDraw = False
702.3455 	EXP 	Instructions: autoDraw = False
702.3455 	EXP 	RBGInfo: autoDraw = False
702.3455 	EXP 	R: autoDraw = False
702.3455 	EXP 	G: autoDraw = False
702.3455 	EXP 	B: autoDraw = False
702.3455 	EXP 	counter_Text: autoDraw = False
702.3455 	EXP 	total_count: autoDraw = False
702.3455 	EXP 	text_8: autoDraw = True
702.5349 	DATA 	Mouse:  Left button up, pos=(1605,1063)
702.7281 	EXP 	text_8: autoDraw = False
702.7281 	EXP 	text_8: autoDraw = False
702.7281 	EXP 	slider: markerPos = None
702.7281 	EXP 	slider: markerPos = 1
702.7281 	EXP 	slider: autoDraw = True
702.7281 	EXP 	text_9: autoDraw = True
702.7281 	EXP 	text_answer: autoDraw = True
704.3628 	DATA 	Mouse: Left button down, pos=(1177,580)
704.3949 	EXP 	slider: markerPos = np.float64(4.068)
704.4290 	EXP 	slider: markerPos = np.float64(4.068)
704.4618 	EXP 	slider: markerPos = np.float64(4.068)
704.4950 	EXP 	slider: markerPos = np.float64(4.068)
704.5284 	EXP 	slider: markerPos = np.float64(4.068)
704.5620 	EXP 	slider: markerPos = np.float64(4.068)
704.5655 	DATA 	Mouse:  Left button up, pos=(1177,580)
704.5956 	EXP 	slider: markerPos = 4.0
705.4883 	DATA 	Mouse: Left button down, pos=(1006,233)
705.5311 	EXP 	slider: autoDraw = False
705.5311 	EXP 	text_9: autoDraw = False
705.5311 	EXP 	text_answer: autoDraw = False
705.5311 	EXP 	text_8: autoDraw = True
705.6992 	DATA 	Mouse:  Left button up, pos=(1006,233)
707.7458 	INFO 	Keyboard events cleared
707.7456 	EXP 	text_8: autoDraw = False
707.7456 	EXP 	text_8: autoDraw = False
707.7456 	EXP 	corrColor_2: height = np.float64(56.0)
707.7456 	EXP 	corrColor_2: height = np.float64(56.0)
707.7456 	EXP 	corrColor_2: height = np.float64(56.0)
707.7456 	EXP 	corrColor_2: text = 'Teal'
707.7456 	EXP 	R_2: height = np.float64(42.0)
707.7456 	EXP 	R_2: height = np.float64(42.0)
707.7456 	EXP 	R_2: height = np.float64(42.0)
707.7456 	EXP 	R_2: text = 0
707.7456 	EXP 	G_2: height = np.float64(42.0)
707.7456 	EXP 	G_2: height = np.float64(42.0)
707.7456 	EXP 	G_2: height = np.float64(42.0)
707.7456 	EXP 	G_2: text = 48
707.7456 	EXP 	B_2: height = np.float64(42.0)
707.7456 	EXP 	B_2: height = np.float64(42.0)
707.7456 	EXP 	B_2: height = np.float64(42.0)
707.7456 	EXP 	B_2: text = 60
707.7456 	EXP 	correctAnswer: autoDraw = True
707.7456 	EXP 	RBGInfo_2: autoDraw = True
707.7456 	EXP 	R_2: autoDraw = True
707.7456 	EXP 	G_2: autoDraw = True
707.7456 	EXP 	B_2: autoDraw = True
708.7536 	DATA 	Mouse: Left button down, pos=(1013,253)
708.7819 	EXP 	correctAnswer: autoDraw = False
708.7819 	EXP 	wrongAnswer: autoDraw = False
708.7819 	EXP 	corrColor_2: autoDraw = False
708.7819 	EXP 	RBGInfo_2: autoDraw = False
708.7819 	EXP 	R_2: autoDraw = False
708.7819 	EXP 	G_2: autoDraw = False
708.7819 	EXP 	B_2: autoDraw = False
708.7819 	EXP 	text_11: autoDraw = True
708.9838 	DATA 	Mouse:  Left button up, pos=(1013,253)
709.1164 	EXP 	New trial (rep=0, index=33): <Trial 33 (33 in rep 0) data={'folder': '01-1', 'image': '010_Red.jpg', 'logical': True, 'corrColor': 'Red', 'corrR': 99, 'corrG': 0, 'corrB': 12, 'image_path': '01-1/010_Red_0.png', 'thisN': 33, 'thisTrialN': 33, 'thisRepN': 0}>
709.2960 	EXP 	text_11: autoDraw = False
709.2960 	EXP 	text_11: autoDraw = False
709.2960 	EXP 	img: foreColor = <psychopy.colors.Color: white, alpha=1.0>
709.2960 	EXP 	img: ori = np.float64(0.0)
709.2960 	EXP 	Instructions: text = 'Click the spacebar to shuffle through the filters to recognize the color.\nPress the button of the color you think it corresponds to.'
709.2960 	EXP 	counter_Text: height = np.float64(72.0)
709.2960 	EXP 	counter_Text: height = np.float64(72.0)
709.2960 	EXP 	counter_Text: height = np.float64(72.0)
709.2960 	EXP 	counter_Text: text = 34
709.2960 	EXP 	img: autoDraw = True
709.2960 	EXP 	Instructions: autoDraw = True
709.2960 	EXP 	RBGInfo: autoDraw = True
709.2960 	EXP 	G: autoDraw = True
709.2960 	EXP 	B: autoDraw = True
709.2960 	EXP 	counter_Text: autoDraw = True
709.2960 	EXP 	total_count: autoDraw = True
709.5782 	EXP 	R: autoDraw = True
711.6368 	DATA 	Keypress: space
711.6375 	EXP 	Device response: <KeyPress from None: t=711.6000171999913, value=space, duration=None>
711.8030 	EXP 	Device response: <KeyPress from None: t=711.6000171999913, value=space, duration=0.14311220007948577>
712.3724 	DATA 	Keypress: space
712.3729 	EXP 	Device response: <KeyPress from None: t=712.2991408999078, value=space, duration=None>
712.5242 	EXP 	Device response: <KeyPress from None: t=712.2991408999078, value=space, duration=0.10696310014463961>
715.0793 	DATA 	Keypress: space
715.0798 	EXP 	Device response: <KeyPress from None: t=715.0617712000385, value=space, duration=None>
715.2370 	EXP 	Device response: <KeyPress from None: t=715.0617712000385, value=space, duration=0.16100639989599586>
715.5394 	DATA 	Keypress: space
715.5402 	EXP 	Device response: <KeyPress from None: t=715.4930261999834, value=space, duration=None>
715.6945 	EXP 	Device response: <KeyPress from None: t=715.4930261999834, value=space, duration=0.10693329991772771>
723.8705 	DATA 	Mouse: Left button down, pos=(1604,341)
724.0349 	EXP 	img: autoDraw = False
724.0349 	EXP 	Instructions: autoDraw = False
724.0349 	EXP 	RBGInfo: autoDraw = False
724.0349 	EXP 	R: autoDraw = False
724.0349 	EXP 	G: autoDraw = False
724.0349 	EXP 	B: autoDraw = False
724.0349 	EXP 	counter_Text: autoDraw = False
724.0349 	EXP 	total_count: autoDraw = False
724.0349 	EXP 	text_8: autoDraw = True
724.0919 	DATA 	Mouse:  Left button up, pos=(1604,341)
724.4333 	EXP 	text_8: autoDraw = False
724.4333 	EXP 	slider: markerPos = None
724.4333 	EXP 	slider: markerPos = 1
724.4333 	EXP 	slider: autoDraw = True
724.4333 	EXP 	text_9: autoDraw = True
724.4333 	EXP 	text_answer: autoDraw = True
726.4021 	DATA 	Mouse: Left button down, pos=(1169,591)
726.4492 	EXP 	slider: markerPos = np.float64(4.036)
726.4825 	EXP 	slider: markerPos = np.float64(4.036)
726.5157 	EXP 	slider: markerPos = np.float64(4.036)
726.5494 	EXP 	slider: markerPos = np.float64(4.036)
726.5822 	EXP 	slider: markerPos = np.float64(4.036)
726.6161 	EXP 	slider: markerPos = np.float64(4.036)
726.6181 	DATA 	Mouse:  Left button up, pos=(1169,591)
726.6490 	EXP 	slider: markerPos = 4.0
727.4030 	DATA 	Mouse: Left button down, pos=(952,211)
727.4321 	EXP 	slider: autoDraw = False
727.4321 	EXP 	text_9: autoDraw = False
727.4321 	EXP 	text_answer: autoDraw = False
727.4321 	EXP 	text_8: autoDraw = True
727.6224 	DATA 	Mouse:  Left button up, pos=(952,211)
727.8325 	INFO 	Keyboard events cleared
727.8323 	EXP 	text_8: autoDraw = False
727.8323 	EXP 	corrColor_2: height = np.float64(56.0)
727.8323 	EXP 	corrColor_2: height = np.float64(56.0)
727.8323 	EXP 	corrColor_2: height = np.float64(56.0)
727.8323 	EXP 	corrColor_2: text = 'Red'
727.8323 	EXP 	R_2: height = np.float64(42.0)
727.8323 	EXP 	R_2: height = np.float64(42.0)
727.8323 	EXP 	R_2: height = np.float64(42.0)
727.8323 	EXP 	R_2: text = 99
727.8323 	EXP 	G_2: height = np.float64(42.0)
727.8323 	EXP 	G_2: height = np.float64(42.0)
727.8323 	EXP 	G_2: height = np.float64(42.0)
727.8323 	EXP 	G_2: text = 0
727.8323 	EXP 	B_2: height = np.float64(42.0)
727.8323 	EXP 	B_2: height = np.float64(42.0)
727.8323 	EXP 	B_2: height = np.float64(42.0)
727.8323 	EXP 	B_2: text = 12
727.8323 	EXP 	correctAnswer: autoDraw = True
727.8323 	EXP 	RBGInfo_2: autoDraw = True
727.8323 	EXP 	R_2: autoDraw = True
727.8323 	EXP 	G_2: autoDraw = True
727.8323 	EXP 	B_2: autoDraw = True
728.5686 	DATA 	Mouse: Left button down, pos=(1019,257)
728.5973 	EXP 	correctAnswer: autoDraw = False
728.5973 	EXP 	wrongAnswer: autoDraw = False
728.5973 	EXP 	corrColor_2: autoDraw = False
728.5973 	EXP 	RBGInfo_2: autoDraw = False
728.5973 	EXP 	R_2: autoDraw = False
728.5973 	EXP 	G_2: autoDraw = False
728.5973 	EXP 	B_2: autoDraw = False
728.5973 	EXP 	text_11: autoDraw = True
728.7888 	DATA 	Mouse:  Left button up, pos=(1019,257)
728.9361 	EXP 	New trial (rep=0, index=34): <Trial 34 (34 in rep 0) data={'folder': '03-1', 'image': '020_Grey.jpg', 'logical': True, 'corrColor': 'Grey', 'corrR': 47, 'corrG': 44, 'corrB': 45, 'image_path': '03-1/020_Grey_0.png', 'thisN': 34, 'thisTrialN': 34, 'thisRepN': 0}>
729.1179 	EXP 	text_11: autoDraw = False
729.1179 	EXP 	img: foreColor = <psychopy.colors.Color: white, alpha=1.0>
729.1179 	EXP 	img: ori = np.float64(0.0)
729.1179 	EXP 	Instructions: text = 'Click the spacebar to shuffle through the filters to recognize the color.\nPress the button of the color you think it corresponds to.'
729.1179 	EXP 	counter_Text: height = np.float64(72.0)
729.1179 	EXP 	counter_Text: height = np.float64(72.0)
729.1179 	EXP 	counter_Text: height = np.float64(72.0)
729.1179 	EXP 	counter_Text: text = 35
729.1179 	EXP 	img: autoDraw = True
729.1179 	EXP 	Instructions: autoDraw = True
729.1179 	EXP 	RBGInfo: autoDraw = True
729.1179 	EXP 	G: autoDraw = True
729.1179 	EXP 	B: autoDraw = True
729.1179 	EXP 	counter_Text: autoDraw = True
729.1179 	EXP 	total_count: autoDraw = True
729.3996 	EXP 	R: autoDraw = True
730.4799 	DATA 	Keypress: space
730.4817 	EXP 	Device response: <KeyPress from None: t=730.4714089999907, value=space, duration=None>
730.6557 	EXP 	Device response: <KeyPress from None: t=730.4714089999907, value=space, duration=0.09808410005643964>
731.3426 	DATA 	Keypress: space
731.5148 	EXP 	Device response: <KeyPress from None: t=731.3416420998983, value=space, duration=None>
731.5148 	EXP 	Device response: <KeyPress from None: t=731.3416420998983, value=space, duration=0.10681390017271042>
735.8154 	DATA 	Mouse: Left button down, pos=(1653,950)
735.8345 	EXP 	img: autoDraw = False
735.8345 	EXP 	Instructions: autoDraw = False
735.8345 	EXP 	RBGInfo: autoDraw = False
735.8345 	EXP 	R: autoDraw = False
735.8345 	EXP 	G: autoDraw = False
735.8345 	EXP 	B: autoDraw = False
735.8345 	EXP 	counter_Text: autoDraw = False
735.8345 	EXP 	total_count: autoDraw = False
735.8345 	EXP 	text_8: autoDraw = True
735.9064 	DATA 	Mouse:  Left button up, pos=(1653,950)
736.2155 	EXP 	text_8: autoDraw = False
736.2155 	EXP 	text_8: autoDraw = False
736.2155 	EXP 	slider: markerPos = None
736.2155 	EXP 	slider: markerPos = 1
736.2155 	EXP 	slider: autoDraw = True
736.2155 	EXP 	text_9: autoDraw = True
736.2155 	EXP 	text_answer: autoDraw = True
737.2838 	DATA 	Mouse: Left button down, pos=(1380,589)
737.3303 	EXP 	slider: markerPos = np.float64(4.88)
737.3638 	EXP 	slider: markerPos = np.float64(4.88)
737.3970 	EXP 	slider: markerPos = np.float64(4.88)
737.4306 	EXP 	slider: markerPos = np.float64(4.88)
737.4806 	EXP 	slider: markerPos = np.float64(4.88)
737.5138 	EXP 	slider: markerPos = np.float64(4.88)
737.5161 	DATA 	Mouse:  Left button up, pos=(1380,589)
737.5475 	EXP 	slider: markerPos = 5.0
738.4994 	DATA 	Mouse: Left button down, pos=(949,283)
738.5190 	EXP 	slider: autoDraw = False
738.5190 	EXP 	text_9: autoDraw = False
738.5190 	EXP 	text_answer: autoDraw = False
738.5190 	EXP 	text_8: autoDraw = True
738.7211 	DATA 	Mouse:  Left button up, pos=(949,283)
738.8970 	INFO 	Keyboard events cleared
738.8968 	EXP 	text_8: autoDraw = False
738.8968 	EXP 	text_8: autoDraw = False
738.8968 	EXP 	corrColor_2: height = np.float64(56.0)
738.8968 	EXP 	corrColor_2: height = np.float64(56.0)
738.8968 	EXP 	corrColor_2: height = np.float64(56.0)
738.8968 	EXP 	corrColor_2: text = 'Grey'
738.8968 	EXP 	R_2: height = np.float64(42.0)
738.8968 	EXP 	R_2: height = np.float64(42.0)
738.8968 	EXP 	R_2: height = np.float64(42.0)
738.8968 	EXP 	R_2: text = 47
738.8968 	EXP 	G_2: height = np.float64(42.0)
738.8968 	EXP 	G_2: height = np.float64(42.0)
738.8968 	EXP 	G_2: height = np.float64(42.0)
738.8968 	EXP 	G_2: text = 44
738.8968 	EXP 	B_2: height = np.float64(42.0)
738.8968 	EXP 	B_2: height = np.float64(42.0)
738.8968 	EXP 	B_2: height = np.float64(42.0)
738.8968 	EXP 	B_2: text = 45
738.8968 	EXP 	correctAnswer: autoDraw = True
738.8968 	EXP 	RBGInfo_2: autoDraw = True
738.8968 	EXP 	R_2: autoDraw = True
738.8968 	EXP 	G_2: autoDraw = True
738.8968 	EXP 	B_2: autoDraw = True
739.4690 	DATA 	Mouse: Left button down, pos=(949,283)
739.4958 	EXP 	correctAnswer: autoDraw = False
739.4958 	EXP 	wrongAnswer: autoDraw = False
739.4958 	EXP 	corrColor_2: autoDraw = False
739.4958 	EXP 	RBGInfo_2: autoDraw = False
739.4958 	EXP 	R_2: autoDraw = False
739.4958 	EXP 	G_2: autoDraw = False
739.4958 	EXP 	B_2: autoDraw = False
739.4958 	EXP 	text_11: autoDraw = True
739.6884 	DATA 	Mouse:  Left button up, pos=(949,283)
739.8349 	EXP 	New trial (rep=0, index=35): <Trial 35 (35 in rep 0) data={'folder': '01-1', 'image': '008_Purple.jpg', 'logical': True, 'corrColor': 'Purple', 'corrR': 52, 'corrG': 0, 'corrB': 99, 'image_path': '01-1/008_Purple_0.png', 'thisN': 35, 'thisTrialN': 35, 'thisRepN': 0}>
740.0647 	EXP 	text_11: autoDraw = False
740.0647 	EXP 	img: foreColor = <psychopy.colors.Color: white, alpha=1.0>
740.0647 	EXP 	img: ori = np.float64(0.0)
740.0647 	EXP 	Instructions: text = 'Click the spacebar to shuffle through the filters to recognize the color.\nPress the button of the color you think it corresponds to.'
740.0647 	EXP 	counter_Text: height = np.float64(72.0)
740.0647 	EXP 	counter_Text: height = np.float64(72.0)
740.0647 	EXP 	counter_Text: height = np.float64(72.0)
740.0647 	EXP 	counter_Text: text = 36
740.0647 	EXP 	img: autoDraw = True
740.0647 	EXP 	Instructions: autoDraw = True
740.0647 	EXP 	RBGInfo: autoDraw = True
740.0647 	EXP 	G: autoDraw = True
740.0647 	EXP 	B: autoDraw = True
740.0647 	EXP 	counter_Text: autoDraw = True
740.0647 	EXP 	total_count: autoDraw = True
740.2131 	EXP 	R: autoDraw = True
742.1560 	DATA 	Keypress: space
742.2851 	EXP 	Device response: <KeyPress from None: t=742.1544723999687, value=space, duration=None>
742.4570 	EXP 	Device response: <KeyPress from None: t=742.1544723999687, value=space, duration=0.15204429998993874>
742.8723 	DATA 	Keypress: space
742.8728 	EXP 	Device response: <KeyPress from None: t=742.8681145999581, value=space, duration=None>
743.0512 	EXP 	Device response: <KeyPress from None: t=742.8681145999581, value=space, duration=0.13382390001788735>
749.1331 	DATA 	Mouse: Left button down, pos=(1621,524)
749.1613 	EXP 	img: autoDraw = False
749.1613 	EXP 	Instructions: autoDraw = False
749.1613 	EXP 	RBGInfo: autoDraw = False
749.1613 	EXP 	R: autoDraw = False
749.1613 	EXP 	G: autoDraw = False
749.1613 	EXP 	B: autoDraw = False
749.1613 	EXP 	counter_Text: autoDraw = False
749.1613 	EXP 	total_count: autoDraw = False
749.1613 	EXP 	text_8: autoDraw = True
749.3159 	DATA 	Mouse:  Left button up, pos=(1621,524)
749.5438 	EXP 	text_8: autoDraw = False
749.5438 	EXP 	slider: markerPos = None
749.5438 	EXP 	slider: markerPos = 1
749.5438 	EXP 	slider: autoDraw = True
749.5438 	EXP 	text_9: autoDraw = True
749.5438 	EXP 	text_answer: autoDraw = True
750.4465 	DATA 	Mouse: Left button down, pos=(1391,589)
750.4944 	EXP 	slider: markerPos = np.float64(4.9239999999999995)
750.5275 	EXP 	slider: markerPos = np.float64(4.9239999999999995)
750.5605 	EXP 	slider: markerPos = np.float64(4.9239999999999995)
750.5939 	EXP 	slider: markerPos = np.float64(4.9239999999999995)
750.6267 	EXP 	slider: markerPos = np.float64(4.9239999999999995)
750.6452 	DATA 	Mouse:  Left button up, pos=(1391,589)
750.6603 	EXP 	slider: markerPos = np.float64(4.9239999999999995)
750.6937 	EXP 	slider: markerPos = 5.0
751.5780 	DATA 	Mouse: Left button down, pos=(1008,282)
751.6135 	EXP 	slider: autoDraw = False
751.6135 	EXP 	text_9: autoDraw = False
751.6135 	EXP 	text_answer: autoDraw = False
751.6135 	EXP 	text_8: autoDraw = True
751.7982 	DATA 	Mouse:  Left button up, pos=(1008,282)
751.9936 	INFO 	Keyboard events cleared
751.9935 	EXP 	text_8: autoDraw = False
751.9935 	EXP 	text_8: autoDraw = False
751.9935 	EXP 	corrColor_2: height = np.float64(56.0)
751.9935 	EXP 	corrColor_2: height = np.float64(56.0)
751.9935 	EXP 	corrColor_2: height = np.float64(56.0)
751.9935 	EXP 	corrColor_2: text = 'Purple'
751.9935 	EXP 	R_2: height = np.float64(42.0)
751.9935 	EXP 	R_2: height = np.float64(42.0)
751.9935 	EXP 	R_2: height = np.float64(42.0)
751.9935 	EXP 	R_2: text = 52
751.9935 	EXP 	G_2: height = np.float64(42.0)
751.9935 	EXP 	G_2: height = np.float64(42.0)
751.9935 	EXP 	G_2: height = np.float64(42.0)
751.9935 	EXP 	G_2: text = 0
751.9935 	EXP 	B_2: height = np.float64(42.0)
751.9935 	EXP 	B_2: height = np.float64(42.0)
751.9935 	EXP 	B_2: height = np.float64(42.0)
751.9935 	EXP 	B_2: text = 99
751.9935 	EXP 	correctAnswer: autoDraw = True
751.9935 	EXP 	RBGInfo_2: autoDraw = True
751.9935 	EXP 	R_2: autoDraw = True
751.9935 	EXP 	G_2: autoDraw = True
751.9935 	EXP 	B_2: autoDraw = True
752.6660 	DATA 	Mouse: Left button down, pos=(1008,282)
752.6811 	EXP 	correctAnswer: autoDraw = False
752.6811 	EXP 	wrongAnswer: autoDraw = False
752.6811 	EXP 	corrColor_2: autoDraw = False
752.6811 	EXP 	RBGInfo_2: autoDraw = False
752.6811 	EXP 	R_2: autoDraw = False
752.6811 	EXP 	G_2: autoDraw = False
752.6811 	EXP 	B_2: autoDraw = False
752.6811 	EXP 	text_11: autoDraw = True
752.9005 	DATA 	Mouse:  Left button up, pos=(1008,282)
753.0162 	EXP 	New trial (rep=0, index=36): <Trial 36 (36 in rep 0) data={'folder': '02-1', 'image': '012_Lime-green.jpg', 'logical': True, 'corrColor': 'Lime-green', 'corrR': 61, 'corrG': 94, 'corrB': 3, 'image_path': '02-1/012_Lime-green_0.png', 'thisN': 36, 'thisTrialN': 36, 'thisRepN': 0}>
753.2124 	EXP 	text_11: autoDraw = False
753.2124 	EXP 	text_11: autoDraw = False
753.2124 	EXP 	img: foreColor = <psychopy.colors.Color: white, alpha=1.0>
753.2124 	EXP 	img: ori = np.float64(0.0)
753.2124 	EXP 	Instructions: text = 'Click the spacebar to shuffle through the filters to recognize the color.\nPress the button of the color you think it corresponds to.'
753.2124 	EXP 	counter_Text: height = np.float64(72.0)
753.2124 	EXP 	counter_Text: height = np.float64(72.0)
753.2124 	EXP 	counter_Text: height = np.float64(72.0)
753.2124 	EXP 	counter_Text: text = 37
753.2124 	EXP 	img: autoDraw = True
753.2124 	EXP 	Instructions: autoDraw = True
753.2124 	EXP 	RBGInfo: autoDraw = True
753.2124 	EXP 	G: autoDraw = True
753.2124 	EXP 	B: autoDraw = True
753.2124 	EXP 	counter_Text: autoDraw = True
753.2124 	EXP 	total_count: autoDraw = True
753.3780 	EXP 	R: autoDraw = True
756.3856 	DATA 	Keypress: space
756.3861 	EXP 	Device response: <KeyPress from None: t=756.3188545999583, value=space, duration=None>
756.5717 	EXP 	Device response: <KeyPress from None: t=756.3188545999583, value=space, duration=0.1431450000964105>
757.6781 	DATA 	Keypress: space
757.6794 	EXP 	Device response: <KeyPress from None: t=757.5568239998538, value=space, duration=None>
757.6794 	EXP 	Device response: <KeyPress from None: t=757.5568239998538, value=space, duration=0.0977350000757724>
758.3324 	DATA 	Keypress: space
758.3330 	EXP 	Device response: <KeyPress from None: t=758.3019816998858, value=space, duration=None>
758.5004 	EXP 	Device response: <KeyPress from None: t=758.3019816998858, value=space, duration=0.09761920012533665>
758.8095 	DATA 	Keypress: space
758.9781 	EXP 	Device response: <KeyPress from None: t=758.80764429993, value=space, duration=None>
758.9782 	EXP 	Device response: <KeyPress from None: t=758.80764429993, value=space, duration=0.1431726000737399>
759.4741 	DATA 	Keypress: space
759.4751 	EXP 	Device response: <KeyPress from None: t=759.3620322998613, value=space, duration=None>
759.6437 	EXP 	Device response: <KeyPress from None: t=759.3620322998613, value=space, duration=0.16164210019633174>
761.2901 	DATA 	Keypress: space
761.2915 	EXP 	Device response: <KeyPress from None: t=761.2346232000273, value=space, duration=None>
761.4608 	EXP 	Device response: <KeyPress from None: t=761.2346232000273, value=space, duration=0.12515159999020398>
761.6165 	DATA 	Keypress: space
761.6171 	EXP 	Device response: <KeyPress from None: t=761.5225124000572, value=space, duration=None>
761.7760 	DATA 	Keypress: space
761.7766 	EXP 	Device response: <KeyPress from None: t=761.5225124000572, value=space, duration=0.12525979988276958>
761.7766 	EXP 	Device response: <KeyPress from None: t=761.762553999899, value=space, duration=None>
761.9420 	EXP 	Device response: <KeyPress from None: t=761.762553999899, value=space, duration=0.11601750017143786>
765.7864 	DATA 	Mouse: Left button down, pos=(1621,768)
765.8165 	EXP 	img: autoDraw = False
765.8165 	EXP 	Instructions: autoDraw = False
765.8165 	EXP 	RBGInfo: autoDraw = False
765.8165 	EXP 	R: autoDraw = False
765.8165 	EXP 	G: autoDraw = False
765.8165 	EXP 	B: autoDraw = False
765.8165 	EXP 	counter_Text: autoDraw = False
765.8165 	EXP 	total_count: autoDraw = False
765.8165 	EXP 	text_8: autoDraw = True
765.9215 	DATA 	Mouse:  Left button up, pos=(1621,768)
766.2129 	EXP 	text_8: autoDraw = False
766.2129 	EXP 	slider: markerPos = None
766.2129 	EXP 	slider: markerPos = 1
766.2129 	EXP 	slider: autoDraw = True
766.2129 	EXP 	text_9: autoDraw = True
766.2129 	EXP 	text_answer: autoDraw = True
767.1657 	DATA 	Mouse: Left button down, pos=(1381,580)
767.2141 	EXP 	slider: markerPos = np.float64(4.884)
767.2476 	EXP 	slider: markerPos = np.float64(4.884)
767.2809 	EXP 	slider: markerPos = np.float64(4.884)
767.3143 	EXP 	slider: markerPos = np.float64(4.884)
767.3475 	EXP 	slider: markerPos = np.float64(4.884)
767.3809 	EXP 	slider: markerPos = np.float64(4.884)
767.3835 	DATA 	Mouse:  Left button up, pos=(1381,580)
767.4145 	EXP 	slider: markerPos = 5.0
768.2340 	DATA 	Mouse: Left button down, pos=(993,273)
768.2702 	EXP 	slider: autoDraw = False
768.2702 	EXP 	text_9: autoDraw = False
768.2702 	EXP 	text_answer: autoDraw = False
768.2702 	EXP 	text_8: autoDraw = True
768.4542 	DATA 	Mouse:  Left button up, pos=(993,273)
768.6976 	INFO 	Keyboard events cleared
768.6974 	EXP 	text_8: autoDraw = False
768.6974 	EXP 	corrColor_2: height = np.float64(56.0)
768.6974 	EXP 	corrColor_2: height = np.float64(56.0)
768.6974 	EXP 	corrColor_2: height = np.float64(56.0)
768.6974 	EXP 	corrColor_2: text = 'Lime-green'
768.6974 	EXP 	R_2: height = np.float64(42.0)
768.6974 	EXP 	R_2: height = np.float64(42.0)
768.6974 	EXP 	R_2: height = np.float64(42.0)
768.6974 	EXP 	R_2: text = 61
768.6974 	EXP 	G_2: height = np.float64(42.0)
768.6974 	EXP 	G_2: height = np.float64(42.0)
768.6974 	EXP 	G_2: height = np.float64(42.0)
768.6974 	EXP 	G_2: text = 94
768.6974 	EXP 	B_2: height = np.float64(42.0)
768.6974 	EXP 	B_2: height = np.float64(42.0)
768.6974 	EXP 	B_2: height = np.float64(42.0)
768.6974 	EXP 	B_2: text = 3
768.6974 	EXP 	correctAnswer: autoDraw = True
768.6974 	EXP 	RBGInfo_2: autoDraw = True
768.6974 	EXP 	R_2: autoDraw = True
768.6974 	EXP 	G_2: autoDraw = True
768.6974 	EXP 	B_2: autoDraw = True
769.2332 	DATA 	Mouse: Left button down, pos=(993,273)
769.2638 	EXP 	correctAnswer: autoDraw = False
769.2638 	EXP 	wrongAnswer: autoDraw = False
769.2638 	EXP 	corrColor_2: autoDraw = False
769.2638 	EXP 	RBGInfo_2: autoDraw = False
769.2638 	EXP 	R_2: autoDraw = False
769.2638 	EXP 	G_2: autoDraw = False
769.2638 	EXP 	B_2: autoDraw = False
769.2638 	EXP 	text_11: autoDraw = True
769.4749 	DATA 	Mouse:  Left button up, pos=(993,273)
769.6011 	EXP 	New trial (rep=0, index=37): <Trial 37 (37 in rep 0) data={'folder': '03-1', 'image': '010_Brown.jpg', 'logical': True, 'corrColor': 'Brown', 'corrR': 50, 'corrG': 18, 'corrB': 0, 'image_path': '03-1/010_Brown_0.png', 'thisN': 37, 'thisTrialN': 37, 'thisRepN': 0}>
769.7829 	EXP 	text_11: autoDraw = False
769.7829 	EXP 	img: foreColor = <psychopy.colors.Color: white, alpha=1.0>
769.7829 	EXP 	img: ori = np.float64(0.0)
769.7829 	EXP 	Instructions: text = 'Click the spacebar to shuffle through the filters to recognize the color.\nPress the button of the color you think it corresponds to.'
769.7829 	EXP 	counter_Text: height = np.float64(72.0)
769.7829 	EXP 	counter_Text: height = np.float64(72.0)
769.7829 	EXP 	counter_Text: height = np.float64(72.0)
769.7829 	EXP 	counter_Text: text = 38
769.7829 	EXP 	img: autoDraw = True
769.7829 	EXP 	Instructions: autoDraw = True
769.7829 	EXP 	RBGInfo: autoDraw = True
769.7829 	EXP 	G: autoDraw = True
769.7829 	EXP 	B: autoDraw = True
769.7829 	EXP 	counter_Text: autoDraw = True
769.7829 	EXP 	total_count: autoDraw = True
770.1141 	EXP 	R: autoDraw = True
771.2851 	DATA 	Keypress: space
771.4261 	EXP 	Device response: <KeyPress from None: t=771.2831864999607, value=space, duration=None>
771.4262 	EXP 	Device response: <KeyPress from None: t=771.2831864999607, value=space, duration=0.10689370008185506>
773.1871 	DATA 	Keypress: space
773.1878 	EXP 	Device response: <KeyPress from None: t=773.177025699988, value=space, duration=None>
773.3764 	EXP 	Device response: <KeyPress from None: t=773.177025699988, value=space, duration=0.09794009989127517>
773.7486 	DATA 	Keypress: space
773.7498 	EXP 	Device response: <KeyPress from None: t=773.733424999984, value=space, duration=None>
773.9732 	EXP 	Device response: <KeyPress from None: t=773.733424999984, value=space, duration=0.10687580006197095>
774.2027 	DATA 	Keypress: space
774.2034 	EXP 	Device response: <KeyPress from None: t=774.1302507999353, value=space, duration=None>
774.4212 	EXP 	Device response: <KeyPress from None: t=774.1302507999353, value=space, duration=0.09791080001741648>
774.8691 	DATA 	Keypress: space
774.8700 	EXP 	Device response: <KeyPress from None: t=774.8314739000052, value=space, duration=None>
775.1179 	EXP 	Device response: <KeyPress from None: t=774.8314739000052, value=space, duration=0.13408609991893172>
785.4879 	DATA 	Mouse: Left button down, pos=(1592,1128)
785.6659 	EXP 	img: autoDraw = False
785.6659 	EXP 	Instructions: autoDraw = False
785.6659 	EXP 	RBGInfo: autoDraw = False
785.6659 	EXP 	R: autoDraw = False
785.6659 	EXP 	G: autoDraw = False
785.6659 	EXP 	B: autoDraw = False
785.6659 	EXP 	counter_Text: autoDraw = False
785.6659 	EXP 	total_count: autoDraw = False
785.6659 	EXP 	text_8: autoDraw = True
785.7219 	DATA 	Mouse:  Left button up, pos=(1592,1128)
786.0617 	EXP 	text_8: autoDraw = False
786.0617 	EXP 	text_8: autoDraw = False
786.0617 	EXP 	slider: markerPos = None
786.0617 	EXP 	slider: markerPos = 1
786.0617 	EXP 	slider: autoDraw = True
786.0617 	EXP 	text_9: autoDraw = True
786.0617 	EXP 	text_answer: autoDraw = True
787.1325 	DATA 	Mouse: Left button down, pos=(1401,570)
787.1635 	EXP 	slider: markerPos = np.float64(4.964)
787.1967 	EXP 	slider: markerPos = np.float64(4.964)
787.2300 	EXP 	slider: markerPos = np.float64(4.964)
787.2637 	EXP 	slider: markerPos = np.float64(4.964)
787.2969 	EXP 	slider: markerPos = np.float64(4.964)
787.3284 	EXP 	slider: markerPos = np.float64(4.964)
787.3485 	DATA 	Mouse:  Left button up, pos=(1401,570)
787.3619 	EXP 	slider: markerPos = np.float64(4.964)
787.3952 	EXP 	slider: markerPos = 5.0
788.6195 	DATA 	Mouse: Left button down, pos=(1077,280)
788.6614 	EXP 	slider: autoDraw = False
788.6614 	EXP 	text_9: autoDraw = False
788.6614 	EXP 	text_answer: autoDraw = False
788.6614 	EXP 	text_8: autoDraw = True
788.8347 	DATA 	Mouse:  Left button up, pos=(1077,280)
789.0452 	INFO 	Keyboard events cleared
789.0450 	EXP 	text_8: autoDraw = False
789.0450 	EXP 	corrColor_2: height = np.float64(56.0)
789.0450 	EXP 	corrColor_2: height = np.float64(56.0)
789.0450 	EXP 	corrColor_2: height = np.float64(56.0)
789.0450 	EXP 	corrColor_2: text = 'Brown'
789.0450 	EXP 	R_2: height = np.float64(42.0)
789.0450 	EXP 	R_2: height = np.float64(42.0)
789.0450 	EXP 	R_2: height = np.float64(42.0)
789.0450 	EXP 	R_2: text = 50
789.0450 	EXP 	G_2: height = np.float64(42.0)
789.0450 	EXP 	G_2: height = np.float64(42.0)
789.0450 	EXP 	G_2: height = np.float64(42.0)
789.0450 	EXP 	G_2: text = 18
789.0450 	EXP 	B_2: height = np.float64(42.0)
789.0450 	EXP 	B_2: height = np.float64(42.0)
789.0450 	EXP 	B_2: height = np.float64(42.0)
789.0450 	EXP 	B_2: text = 0
789.0450 	EXP 	correctAnswer: autoDraw = True
789.0450 	EXP 	RBGInfo_2: autoDraw = True
789.0450 	EXP 	R_2: autoDraw = True
789.0450 	EXP 	G_2: autoDraw = True
789.0450 	EXP 	B_2: autoDraw = True
789.7387 	DATA 	Mouse: Left button down, pos=(1077,280)
789.7628 	EXP 	correctAnswer: autoDraw = False
789.7628 	EXP 	wrongAnswer: autoDraw = False
789.7628 	EXP 	corrColor_2: autoDraw = False
789.7628 	EXP 	RBGInfo_2: autoDraw = False
789.7628 	EXP 	R_2: autoDraw = False
789.7628 	EXP 	G_2: autoDraw = False
789.7628 	EXP 	B_2: autoDraw = False
789.7628 	EXP 	text_11: autoDraw = True
789.9548 	DATA 	Mouse:  Left button up, pos=(1077,280)
790.1453 	EXP 	text_11: autoDraw = False
790.1453 	EXP 	GoodJob: height = np.float64(50.0)
790.1453 	EXP 	GoodJob: height = np.float64(50.0)
790.1453 	EXP 	GoodJob: height = np.float64(50.0)
790.1453 	EXP 	GoodJob: text = 'Good job!\n\nThe experiment will now close.\n\nThank you.'
790.1453 	EXP 	GoodJob: autoDraw = True
793.1023 	EXP 	GoodJob: autoDraw = False
793.1025 	EXP 	Train3Laptop: status = STOPPED
793.2125 	INFO 	saved data to 'C:\\Users\\lille\\NewOneDrive\\OneDrive\\Emilie\\MasterThesisProject\\data\\001_Train3Laptop_2026-04-14_12h25.39.082.csv'
793.2207 	INFO 	saved data to C:\Users\lille\NewOneDrive\OneDrive\Emilie\MasterThesisProject\data\001_Train3Laptop_2026-04-14_12h25.39.082.psydat
796.4405 	WARNING 	Stopping key buffers but this could be dangerous ifother keyboards rely on the same.
