folder,image,logical,corrColor,corrR,corrG,corrB,image_path,thisN,thisTrialN,thisRepN,spacebar.keys,spacebar.rt,spacebar.duration,brown.numClicks,brown.timesOn,brown.timesOff,teal.numClicks,teal.timesOn,teal.timesOff,bordeaux.numClicks,bordeaux.timesOn,bordeaux.timesOff,grey.numClicks,grey.timesOn,grey.timesOff,seafoam.numClicks,seafoam.timesOn,seafoam.timesOff,pink.numClicks,pink.timesOn,pink.timesOff,lime_green.numClicks,lime_green.timesOn,lime_green.timesOff,orange.numClicks,orange.timesOn,orange.timesOff,blue.numClicks,blue.timesOn,blue.timesOff,yellow.numClicks,yellow.timesOn,yellow.timesOff,purple.numClicks,purple.timesOn,purple.timesOff,cyan.numClicks,cyan.timesOn,cyan.timesOff,red.numClicks,red.timesOn,red.timesOff,green.numClicks,green.timesOn,green.timesOff,slider.response,slider.rt,slider.history,mouse_2.x,mouse_2.y,mouse_2.leftButton,mouse_2.midButton,mouse_2.rightButton,mouse_2.time,mouse_2.clicked_name,button2.numClicks,button2.timesOn,button2.timesOff,brown_3.numClicks,brown_3.timesOn,brown_3.timesOff,teal_3.numClicks,teal_3.timesOn,teal_3.timesOff,bordeaux_3.numClicks,bordeaux_3.timesOn,bordeaux_3.timesOff,grey_3.numClicks,grey_3.timesOn,grey_3.timesOff,seafoam_3.numClicks,seafoam_3.timesOn,seafoam_3.timesOff,pink_3.numClicks,pink_3.timesOn,pink_3.timesOff,lime_green_3.numClicks,lime_green_3.timesOn,lime_green_3.timesOff,orange_3.numClicks,orange_3.timesOn,orange_3.timesOff,blue_3.numClicks,blue_3.timesOn,blue_3.timesOff,yellow_3.numClicks,yellow_3.timesOn,yellow_3.timesOff,purple_3.numClicks,purple_3.timesOn,purple_3.timesOff,cyan_3.numClicks,cyan_3.timesOn,cyan_3.timesOff,red_3.numClicks,red_3.timesOn,red_3.timesOff,green_3.numClicks,green_3.timesOn,green_3.timesOff,Button3.numClicks,Button3.timesOn,Button3.timesOff,brown_2.numClicks,brown_2.timesOn,brown_2.timesOff,teal_2.numClicks,teal_2.timesOn,teal_2.timesOff,bordeaux_2.numClicks,bordeaux_2.timesOn,bordeaux_2.timesOff,grey_2.numClicks,grey_2.timesOn,grey_2.timesOff,seafoam_2.numClicks,seafoam_2.timesOn,seafoam_2.timesOff,pink_2.numClicks,pink_2.timesOn,pink_2.timesOff,lime_green_2.numClicks,lime_green_2.timesOn,lime_green_2.timesOff,orange_2.numClicks,orange_2.timesOn,orange_2.timesOff,blue_2.numClicks,blue_2.timesOn,blue_2.timesOff,yellow_2.numClicks,yellow_2.timesOn,yellow_2.timesOff,purple_2.numClicks,purple_2.timesOn,purple_2.timesOff,cyan_2.numClicks,cyan_2.timesOn,cyan_2.timesOff,red_2.numClicks,red_2.timesOn,red_2.timesOff,green_2.numClicks,green_2.timesOn,green_2.timesOff,key_resp.keys,trials.thisRepN,trials.thisTrialN,trials.thisN,trials.thisIndex,thisRow.t,notes,piloting,Welcome.started,Welcome_info.started,PressEnter.started,PressEnterToContinue.started,Welcome.stopped,PressEnter.keys,PressEnter.rt,PressEnter.duration,img_Var.routineStartVal,initiate.started,initiate.stopped,img_Var.routineEndVal,logical_Var.routineEndVal,corrColor_Var.routineEndVal,corrR_Var.routineEndVal,corrG_Var.routineEndVal,corrB_Var.routineEndVal,filterCount.routineEndVal,img_Var1.routineEndVal,trial_counter.routineEndVal,answer.routineStartVal,trial_1.started,img.started,brown.started,teal.started,bordeaux.started,grey.started,seafoam.started,pink.started,lime_green.started,orange.started,blue.started,yellow.started,purple.started,cyan.started,red.started,green.started,RBGInfo.started,G.started,B.started,counter_Text.started,total_count.started,R.started,spacebar.started,trial_1.stopped,corrColorVar.routineEndVal,filterChange.routineEndVal,trials.spacebar.keys,trials.spacebar.rt,trials.spacebar.duration,trials.brown.numClicks,trials.brown.timesOn,trials.brown.timesOff,trials.teal.numClicks,trials.teal.timesOn,trials.teal.timesOff,trials.bordeaux.numClicks,trials.bordeaux.timesOn,trials.bordeaux.timesOff,trials.grey.numClicks,trials.grey.timesOn,trials.grey.timesOff,trials.seafoam.numClicks,trials.seafoam.timesOn,trials.seafoam.timesOff,trials.pink.numClicks,trials.pink.timesOn,trials.pink.timesOff,trials.lime_green.numClicks,trials.lime_green.timesOn,trials.lime_green.timesOff,trials.orange.numClicks,trials.orange.timesOn,trials.orange.timesOff,trials.blue.numClicks,trials.blue.timesOn,trials.blue.timesOff,trials.yellow.numClicks,trials.yellow.timesOn,trials.yellow.timesOff,trials.purple.numClicks,trials.purple.timesOn,trials.purple.timesOff,trials.cyan.numClicks,trials.cyan.timesOn,trials.cyan.timesOff,trials.red.numClicks,trials.red.timesOn,trials.red.timesOff,trials.green.numClicks,trials.green.timesOn,trials.green.timesOff,answer.routineEndVal,Pause350.started,text_8.started,Pause350.stopped,confidence.started,slider.started,text_9.started,mouse_2.started,text_answer.started,brown_3.started,button2.started,confidence.stopped,trials.slider.response,trials.slider.rt,trials.slider.history,trials.mouse_2.x,trials.mouse_2.y,trials.mouse_2.leftButton,trials.mouse_2.midButton,trials.mouse_2.rightButton,trials.mouse_2.time,trials.mouse_2.clicked_name,trials.button2.numClicks,trials.button2.timesOn,trials.button2.timesOff,trials.brown_3.numClicks,trials.brown_3.timesOn,trials.brown_3.timesOff,trials.teal_3.numClicks,trials.teal_3.timesOn,trials.teal_3.timesOff,trials.bordeaux_3.numClicks,trials.bordeaux_3.timesOn,trials.bordeaux_3.timesOff,trials.grey_3.numClicks,trials.grey_3.timesOn,trials.grey_3.timesOff,trials.seafoam_3.numClicks,trials.seafoam_3.timesOn,trials.seafoam_3.timesOff,trials.pink_3.numClicks,trials.pink_3.timesOn,trials.pink_3.timesOff,trials.lime_green_3.numClicks,trials.lime_green_3.timesOn,trials.lime_green_3.timesOff,trials.orange_3.numClicks,trials.orange_3.timesOn,trials.orange_3.timesOff,trials.blue_3.numClicks,trials.blue_3.timesOn,trials.blue_3.timesOff,trials.yellow_3.numClicks,trials.yellow_3.timesOn,trials.yellow_3.timesOff,trials.purple_3.numClicks,trials.purple_3.timesOn,trials.purple_3.timesOff,trials.cyan_3.numClicks,trials.cyan_3.timesOn,trials.cyan_3.timesOff,trials.red_3.numClicks,trials.red_3.timesOn,trials.red_3.timesOff,trials.green_3.numClicks,trials.green_3.timesOn,trials.green_3.timesOff,text_8.stopped,confirm.started,Button3.started,correctAnswer.started,RBGInfo_2.started,R_2.started,G_2.started,B_2.started,key_resp.started,confirm.stopped,trials.Button3.numClicks,trials.Button3.timesOn,trials.Button3.timesOff,trials.brown_2.numClicks,trials.brown_2.timesOn,trials.brown_2.timesOff,trials.teal_2.numClicks,trials.teal_2.timesOn,trials.teal_2.timesOff,trials.bordeaux_2.numClicks,trials.bordeaux_2.timesOn,trials.bordeaux_2.timesOff,trials.grey_2.numClicks,trials.grey_2.timesOn,trials.grey_2.timesOff,trials.seafoam_2.numClicks,trials.seafoam_2.timesOn,trials.seafoam_2.timesOff,trials.pink_2.numClicks,trials.pink_2.timesOn,trials.pink_2.timesOff,trials.lime_green_2.numClicks,trials.lime_green_2.timesOn,trials.lime_green_2.timesOff,trials.orange_2.numClicks,trials.orange_2.timesOn,trials.orange_2.timesOff,trials.blue_2.numClicks,trials.blue_2.timesOn,trials.blue_2.timesOff,trials.yellow_2.numClicks,trials.yellow_2.timesOn,trials.yellow_2.timesOff,trials.purple_2.numClicks,trials.purple_2.timesOn,trials.purple_2.timesOff,trials.cyan_2.numClicks,trials.cyan_2.timesOn,trials.cyan_2.timesOff,trials.red_2.numClicks,trials.red_2.timesOn,trials.red_2.timesOff,trials.green_2.numClicks,trials.green_2.timesOn,trials.green_2.timesOff,trials.key_resp.keys,PauseEnd.started,text_11.started,text_11.stopped,PauseEnd.stopped,colorList.routineEndVal,bordeaux_3.started,purple_3.started,teal_3.started,orange_3.started,pink_3.started,wrongAnswer.started,corrColor_2.started,brown_2.started,teal_2.started,bordeaux_2.started,grey_2.started,seafoam_2.started,pink_2.started,lime_green_2.started,orange_2.started,blue_2.started,yellow_2.started,purple_2.started,cyan_2.started,red_2.started,green_2.started,seafoam_2.stopped,pink_2.stopped,lime_green_2.stopped,orange_2.stopped,blue_2.stopped,yellow_2.stopped,purple_2.stopped,cyan_2.stopped,red_2.stopped,green_2.stopped,wrongAnswer.stopped,corrColor_2.stopped,brown_2.stopped,teal_2.stopped,bordeaux_2.stopped,grey_2.stopped,grey_3.started,cyan_3.started,blue_3.started,red_3.started,seafoam_3.started,yellow_3.started,lime_green_3.started,green_3.started,congrats.started,GoodJob.started,congrats.stopped,trial_counter.endExpVal,colorList.expEndVal,participant,session,date,expName,expVersion,psychopyVersion,frameRate,expStart,
,,,,,,,,,,,,,,,,,,,,,,,,,,,,,,,,,,,,,,,,,,,,,,,,,,,,,,,,,,,,,,,,,,,,,,,,,,,,,,,,,,,,,,,,,,,,,,,,,,,,,,,,,,,,,,,,,,,,,,,,,,,,,,,,,,,,,,,,,,,,,,,,,,,,,,,,,,,,,,,,,,,False,0.01797619997523725,0.038447999861091375,0.8052623998373747,1.0052875999826938,30.121747199911624,return,29.164375900058076,None,,,,,,,,,,,,,,,,,,,,,,,,,,,,,,,,,,,,,,,,,,,,,,,,,,,,,,,,,,,,,,,,,,,,,,,,,,,,,,,,,,,,,,,,,,,,,,,,,,,,,,,,,,,,,,,,,,,,,,,,,,,,,,,,,,,,,,,,,,,,,,,,,,,,,,,,,,,,,,,,,,,,,,,,,,,,,,,,,,,,,,,,,,,,,,,,,,,,,,,,,,,,,,,,,,,,,,,,,,,,,,,,,,,,,,,,,,,,,,,,,,,,,,,,,,,,,,,,,,,,,,,001,003,2026-04-14_13h01.17.755,Train3Laptop,,2026.1.1,59.60264111180524,2026-04-14 13h01.20.136216 +0200,
03-1,006_Brown.jpg,True,Brown,53,20,0,03-1/006_Brown_0.png,0,0,0,"['space', 'space', 'space', 'space', 'space']","[19.930421199882403, 20.631705099949613, 21.547792499884963, 22.084209099877626, 33.43262099986896]","[0.16109700012020767, 0.13407639996148646, 0.12509849993512034, 0.16141739999875426, 0.13401450007222593]",1,46.48246470000595,46.482476900098845,0,,,0,,,0,,,0,,,0,,,0,,,0,,,0,,,0,,,0,,,0,,,0,,,0,,,5.0,1.3503854000009596,"[(5.0, 1.3503854000009596)]","[0.37416666666666665, 0.011666666666666667]","[-0.0033333333333333335, -0.29833333333333334]","[1, 1]","[0, 0]","[0, 0]","[1.1292288999538869, 2.61133739980869]","[None, 'button2']",1,[2.638549199793488],[2.6385592999868095],0,,,0,,,0,,,0,,,0,,,0,,,0,,,0,,,0,,,0,,,0,,,0,,,0,,,0,,,1,[0.719267699867487],[0.7192827998660505],0,,,0,,,0,,,0,,,0,,,0,,,0,,,0,,,0,,,0,,,0,,,0,,,0,,,0,,,None,0,0,0,14,30.450722299981862,,,,,,,,,,,03-1/006_Brown_0.png,30.17072689998895,30.172763200011104,03-1/006_Brown_0.png,True,Brown,53,20,0,"[21.10648460010998, 21.713618000037968, 22.617098999908194, 23.214111499954015, 34.51116589992307]",03-1/006_Brown_0.png,1,,30.279002299997956,30.450722299981862,30.450722299981862,30.450722299981862,30.450722299981862,30.450722299981862,30.450722299981862,30.450722299981862,30.450722299981862,30.450722299981862,30.450722299981862,30.450722299981862,30.450722299981862,30.450722299981862,30.450722299981862,30.450722299981862,30.450722299981862,30.450722299981862,30.450722299981862,30.450722299981862,30.450722299981862,30.60007769986987,31.200812299968675,76.65985439997166,Brown,1,"['space', 'space', 'space', 'space', 'space']","[19.930421199882403, 20.631705099949613, 21.547792499884963, 22.084209099877626, 33.43262099986896]","[0.16109700012020767, 0.13407639996148646, 0.12509849993512034, 0.16141739999875426, 0.13401450007222593]",1,46.48246470000595,46.482476900098845,0,,,0,,,0,,,0,,,0,,,0,,,0,,,0,,,0,,,0,,,0,,,0,,,0,,,Brown,79.6522678998299,79.66830649995245,80.0021742999088,77.0366720999591,77.08126879995689,77.08126879995689,0.026392399799078703,77.08126879995689,77.08126879995689,78.4315229000058,79.65148160001263,5.0,1.3503854000009596,"[(5.0, 1.3503854000009596)]","[0.37416666666666665, 0.011666666666666667]","[-0.0033333333333333335, -0.29833333333333334]","[1, 1]","[0, 0]","[0, 0]","[1.1292288999538869, 2.61133739980869]","[None, 'button2']",1,[2.638549199793488],[2.6385592999868095],0,,,0,,,0,,,0,,,0,,,0,,,0,,,0,,,0,,,0,,,0,,,0,,,0,,,0,,,80.06510789995082,80.02954409993254,80.06510789995082,80.06510789995082,80.06510789995082,80.06510789995082,80.06510789995082,80.06510789995082,80.06510789995082,80.72546119987965,1,[0.719267699867487],[0.7192827998660505],0,,,0,,,0,,,0,,,0,,,0,,,0,,,0,,,0,,,0,,,0,,,0,,,0,,,0,,,None,80.7261691999156,80.73355500004254,81.24847360001877,81.06752639985643,['Brown'],,,,,,,,,,,,,,,,,,,,,,,,,,,,,,,,,,,,,,,,,,,,,,,,,,,001,003,2026-04-14_13h01.17.755,Train3Laptop,,2026.1.1,59.60264111180524,2026-04-14 13h01.20.136216 +0200,
03-1,029_Bordeaux.jpg,True,Bordeaux,54,0,21,03-1/029_Bordeaux_0.png,1,1,0,"['space', 'space', 'space']","[4.008771599968895, 5.913633499993011, 6.468729600077495]","[0.17050669994205236, 0.12455049995332956, 0.14324779994785786]",0,,,0,,,1,13.905020600184798,13.905031700152904,0,,,0,,,0,,,0,,,0,,,0,,,0,,,0,,,0,,,0,,,0,,,5.0,1.317324300063774,"[(5.0, 1.317324300063774)]","[0.36833333333333335, 0.0275]","[-0.03666666666666667, -0.27166666666666667]","[1, 1]","[0, 0]","[0, 0]","[1.104009100003168, 2.1704031999688596]","[None, 'button2']",1,[2.18544159992598],[2.1854524998925626],0,,,0,,,0,,,0,,,0,,,0,,,0,,,0,,,0,,,0,,,0,,,0,,,0,,,0,,,1,[1.100174899911508],[1.1001860999967903],0,,,0,,,0,,,0,,,0,,,0,,,0,,,0,,,0,,,0,,,0,,,0,,,0,,,0,,,None,0,1,1,31,81.24847360001877,,,,,,,,,,,03-1/029_Bordeaux_0.png,81.06918719992973,81.06934739998542,03-1/029_Bordeaux_0.png,True,Bordeaux,54,0,21,"[4.311889400007203, 5.0605693000834435, 6.9553053001873195, 7.522176400059834]",03-1/029_Bordeaux_0.png,2,,81.08290000003763,81.24847360001877,81.24847360001877,81.24847360001877,81.24847360001877,81.24847360001877,81.24847360001877,81.24847360001877,81.24847360001877,81.24847360001877,81.24847360001877,81.24847360001877,81.24847360001877,81.24847360001877,81.24847360001877,81.24847360001877,81.24847360001877,81.24847360001877,81.24847360001877,81.24847360001877,81.24847360001877,81.53158239996992,82.06522859982215,94.97906219982542,Bordeaux,0,"['space', 'space', 'space']","[4.008771599968895, 5.913633499993011, 6.468729600077495]","[0.17050669994205236, 0.12455049995332956, 0.14324779994785786]",0,,,0,,,1,13.905020600184798,13.905031700152904,0,,,0,,,0,,,0,,,0,,,0,,,0,,,0,,,0,,,0,,,0,,,Bordeaux,97.51887679984793,97.53479579999112,97.88341449992731,95.34371819999069,95.38098279992118,95.38098279992118,0.014271499821916223,95.38098279992118,,96.71394579997286,97.5180762000382,5.0,1.317324300063774,"[(5.0, 1.317324300063774)]","[0.36833333333333335, 0.0275]","[-0.03666666666666667, -0.27166666666666667]","[1, 1]","[0, 0]","[0, 0]","[1.104009100003168, 2.1704031999688596]","[None, 'button2']",1,[2.18544159992598],[2.1854524998925626],0,,,0,,,0,,,0,,,0,,,0,,,0,,,0,,,0,,,0,,,0,,,0,,,0,,,0,,,,97.91660709981807,97.93078779987991,97.93078779987991,97.93078779987991,97.93078779987991,97.93078779987991,97.93078779987991,97.93078779987991,98.97377769998275,1,[1.100174899911508],[1.1001860999967903],0,,,0,,,0,,,0,,,0,,,0,,,0,,,0,,,0,,,0,,,0,,,0,,,0,,,0,,,None,98.97434969991446,98.98470239993185,99.48877739999443,99.31789299985394,"['Brown', 'Bordeaux']",95.38098279992118,,,,,,,,,,,,,,,,,,,,,,,,,,,,,,,,,,,,,,,,,,,,,,,,,,001,003,2026-04-14_13h01.17.755,Train3Laptop,,2026.1.1,59.60264111180524,2026-04-14 13h01.20.136216 +0200,
03-1,032_Bordeaux.jpg,True,Bordeaux,50,0,18,03-1/032_Bordeaux_0.png,2,2,0,"['space', 'space', 'space', 'space']","[38.24468930019066, 38.90745840012096, 40.654935400001705, 41.39329450018704]","[0.11552300001494586, 0.097659399965778, 0.10688230022788048, 0.12509809993207455]",0,,,0,,,1,45.46753399982117,45.46754509978928,0,,,0,,,0,,,0,,,0,,,0,,,0,,,0,,,0,,,0,,,0,,,5.0,1.2483180998824537,"[(5.0, 1.2483180998824537)]","[0.38416666666666666, 0.0825]","[0.018333333333333333, -0.2725]","[1, 1]","[0, 0]","[0, 0]","[1.0368246999569237, 2.370228399988264]","[None, 'button2']",1,[2.3882885999046266],[2.3882992998696864],0,,,0,,,0,,,0,,,0,,,0,,,0,,,0,,,0,,,0,,,0,,,0,,,0,,,0,,,1,[0.5345825999975204],[0.5345983000006527],0,,,0,,,0,,,0,,,0,,,0,,,0,,,0,,,0,,,0,,,0,,,0,,,0,,,0,,,None,0,2,2,35,99.48877739999443,,,,,,,,,,,03-1/032_Bordeaux_0.png,99.31953460001387,99.3196927998215,03-1/032_Bordeaux_0.png,True,Bordeaux,50,0,18,"[39.255749899894, 39.90224809991196, 41.68177439994179, 42.4745184998028]",03-1/032_Bordeaux_0.png,3,,99.33431759988889,99.48877739999443,99.48877739999443,99.48877739999443,99.48877739999443,99.48877739999443,99.48877739999443,99.48877739999443,99.48877739999443,99.48877739999443,99.48877739999443,99.48877739999443,99.48877739999443,99.48877739999443,99.48877739999443,99.48877739999443,99.48877739999443,99.48877739999443,99.48877739999443,99.48877739999443,99.48877739999443,99.81428000004962,100.28157170000486,144.79106689989567,Bordeaux,0,"['space', 'space', 'space', 'space']","[38.24468930019066, 38.90745840012096, 40.654935400001705, 41.39329450018704]","[0.11552300001494586, 0.097659399965778, 0.10688230022788048, 0.12509809993207455]",0,,,0,,,1,45.46753399982117,45.46754509978928,0,,,0,,,0,,,0,,,0,,,0,,,0,,,0,,,0,,,0,,,0,,,Bordeaux,147.5330735000316,147.54946319991723,147.8828443000093,145.15871089999564,145.1954485999886,145.1954485999886,0.017286399845033884,145.1954485999886,,146.4621963999234,147.53238440002315,5.0,1.2483180998824537,"[(5.0, 1.2483180998824537)]","[0.38416666666666666, 0.0825]","[0.018333333333333333, -0.2725]","[1, 1]","[0, 0]","[0, 0]","[1.0368246999569237, 2.370228399988264]","[None, 'button2']",1,[2.3882885999046266],[2.3882992998696864],0,,,0,,,0,,,0,,,0,,,0,,,0,,,0,,,0,,,0,,,0,,,0,,,0,,,0,,,147.91200140002184,147.89556730003096,147.91200140002184,147.91200140002184,147.91200140002184,147.91200140002184,147.91200140002184,147.91200140002184,147.91200140002184,148.4213894000277,1,[0.5345825999975204],[0.5345983000006527],0,,,0,,,0,,,0,,,0,,,0,,,0,,,0,,,0,,,0,,,0,,,0,,,0,,,0,,,None,148.42196619999595,148.43209889996797,148.91304120002314,148.7664163999725,"['Brown', 'Bordeaux', 'Bordeaux']",145.1954485999886,,,,,,,,,,,,,,,,,,,,,,,,,,,,,,,,,,,,,,,,,,,,,,,,,,001,003,2026-04-14_13h01.17.755,Train3Laptop,,2026.1.1,59.60264111180524,2026-04-14 13h01.20.136216 +0200,
01-1,018_Purple.jpg,True,Purple,51,2,100,01-1/018_Purple_0.png,3,3,0,"['space', 'space', 'space']","[0.35126050002872944, 3.7368584000505507, 4.364619599888101]","[0.10679739993065596, 0.10675909998826683, 0.13413850008510053]",0,,,0,,,0,,,0,,,0,,,0,,,0,,,0,,,0,,,0,,,1,[7.851263000164181],[7.851279900176451],0,,,0,,,0,,,5.0,1.0491632998455316,"[(5.0, 1.0491632998455316)]","[0.36, 0.0675]","[-0.021666666666666667, -0.285]","[1, 1]","[0, 0]","[0, 0]","[0.8049963999073952, 2.0401376998052]","[None, 'button2']",1,[2.041961899958551],[2.0419731999281794],0,,,0,,,0,,,0,,,0,,,0,,,0,,,0,,,0,,,0,,,0,,,0,,,0,,,0,,,1,[1.1150743998587132],[1.1150930998846889],0,,,0,,,0,,,0,,,0,,,0,,,0,,,0,,,0,,,0,,,0,,,0,,,0,,,0,,,None,0,3,3,3,148.91304120002314,,,,,,,,,,,01-1/018_Purple_0.png,148.76801889995113,148.76816289988346,01-1/018_Purple_0.png,True,Purple,51,2,100,"[1.3700022001285106, 2.188077900093049, 4.786675800103694, 5.36858500004746]",01-1/018_Purple_0.png,4,,148.78165989997797,148.91304120002314,148.91304120002314,148.91304120002314,148.91304120002314,148.91304120002314,148.91304120002314,148.91304120002314,148.91304120002314,148.91304120002314,148.91304120002314,148.91304120002314,148.91304120002314,148.91304120002314,148.91304120002314,148.91304120002314,148.91304120002314,148.91304120002314,148.91304120002314,148.91304120002314,148.91304120002314,149.20108589995652,149.76314259995706,156.62219599983655,Purple,0,"['space', 'space', 'space']","[0.35126050002872944, 3.7368584000505507, 4.364619599888101]","[0.10679739993065596, 0.10675909998826683, 0.13413850008510053]",0,,,0,,,0,,,0,,,0,,,0,,,0,,,0,,,0,,,0,,,1,[7.851263000164181],[7.851279900176451],0,,,0,,,0,,,Purple,159.01800529984757,159.03236930002458,159.36616199999116,156.97356599988416,157.01152179995552,157.01152179995552,0.0009816000238060951,157.01152179995552,,158.0782691000495,159.0172603998799,5.0,1.0491632998455316,"[(5.0, 1.0491632998455316)]","[0.36, 0.0675]","[-0.021666666666666667, -0.285]","[1, 1]","[0, 0]","[0, 0]","[0.8049963999073952, 2.0401376998052]","[None, 'button2']",1,[2.041961899958551],[2.0419731999281794],0,,,0,,,0,,,0,,,0,,,0,,,0,,,0,,,0,,,0,,,0,,,0,,,0,,,0,,,159.41187379998155,159.3918771999888,159.41187379998155,159.41187379998155,159.41187379998155,159.41187379998155,159.41187379998155,159.41187379998155,159.41187379998155,160.4867275999859,1,[1.1150743998587132],[1.1150930998846889],0,,,0,,,0,,,0,,,0,,,0,,,0,,,0,,,0,,,0,,,0,,,0,,,0,,,0,,,None,160.48744369996712,160.4990817999933,161.00020370003767,160.83267689985223,"['Brown', 'Bordeaux', 'Bordeaux', 'Purple']",,157.01152179995552,,,,,,,,,,,,,,,,,,,,,,,,,,,,,,,,,,,,,,,,,,,,,,,,,001,003,2026-04-14_13h01.17.755,Train3Laptop,,2026.1.1,59.60264111180524,2026-04-14 13h01.20.136216 +0200,
03-1,011_Teal.jpg,True,Teal,0,45,54,03-1/011_Teal_0.png,4,4,0,"['space', 'space', 'space', 'space', 'space', 'space', 'space', 'space', 'space']","[2.8272247000131756, 5.553905599983409, 6.3379227998666465, 7.077694199979305, 8.037374399835244, 20.323192700045183, 20.751979499822482, 21.23682520003058, 23.549558699829504]","[0.197636199882254, 0.18849999993108213, 0.14318290003575385, 0.16156199993565679, 0.18857230013236403, 0.11557129980064929, 0.09796620020642877, 0.1341155997943133, 0.09790380019694567]",0,,,1,29.0337452001404,29.033762200037017,0,,,0,,,0,,,0,,,0,,,0,,,0,,,0,,,0,,,0,,,0,,,0,,,5.0,1.048497699899599,"[(5.0, 1.048497699899599)]","[0.3516666666666667, 0.03916666666666667]","[0.0025, -0.28]","[1, 1]","[0, 0]","[0, 0]","[0.8360710998531431, 2.1362723000347614]","[None, 'button2']",1,[2.1536536999046803],[2.1536615998484194],0,,,0,,,0,,,0,,,0,,,0,,,0,,,0,,,0,,,0,,,0,,,0,,,0,,,0,,,1,[0.6182339997030795],[0.6182468999177217],0,,,0,,,0,,,0,,,0,,,0,,,0,,,0,,,0,,,0,,,0,,,0,,,0,,,0,,,None,0,4,4,18,161.00020370003767,,,,,,,,,,,03-1/011_Teal_0.png,160.83427709992975,160.83455160004087,03-1/011_Teal_0.png,True,Teal,0,45,54,"[2.7201201000716537, 3.927853500004858, 6.697782699950039, 7.46040440001525, 8.17066300008446, 9.205175900133327, 21.401128000114113, 21.82256260002032, 22.40791349997744, 24.622017899993807]",03-1/011_Teal_0.png,5,,160.85103769996203,161.00020370003767,161.00020370003767,161.00020370003767,161.00020370003767,161.00020370003767,161.00020370003767,161.00020370003767,161.00020370003767,161.00020370003767,161.00020370003767,161.00020370003767,161.00020370003767,161.00020370003767,161.00020370003767,161.00020370003767,161.00020370003767,161.00020370003767,161.00020370003767,161.00020370003767,161.00020370003767,161.2959864998702,161.89587929984555,189.87371199997142,Teal,2,"['space', 'space', 'space', 'space', 'space', 'space', 'space', 'space', 'space']","[2.8272247000131756, 5.553905599983409, 6.3379227998666465, 7.077694199979305, 8.037374399835244, 20.323192700045183, 20.751979499822482, 21.23682520003058, 23.549558699829504]","[0.197636199882254, 0.18849999993108213, 0.14318290003575385, 0.16156199993565679, 0.18857230013236403, 0.11557129980064929, 0.09796620020642877, 0.1341155997943133, 0.09790380019694567]",0,,,1,29.0337452001404,29.033762200037017,0,,,0,,,0,,,0,,,0,,,0,,,0,,,0,,,0,,,0,,,0,,,0,,,Teal,192.38107330002822,192.39833589992486,192.73170090001076,190.24126209993847,190.29452739981934,190.29452739981934,0.01663069985806942,190.29452739981934,,191.34403439983726,192.38047319999896,5.0,1.048497699899599,"[(5.0, 1.048497699899599)]","[0.3516666666666667, 0.03916666666666667]","[0.0025, -0.28]","[1, 1]","[0, 0]","[0, 0]","[0.8360710998531431, 2.1362723000347614]","[None, 'button2']",1,[2.1536536999046803],[2.1536615998484194],0,,,0,,,0,,,0,,,0,,,0,,,0,,,0,,,0,,,0,,,0,,,0,,,0,,,0,,,,192.75653709983453,192.77698169997893,192.77698169997893,192.77698169997893,192.77698169997893,192.77698169997893,192.77698169997893,192.77698169997893,193.35239489981905,1,[0.6182339997030795],[0.6182468999177217],0,,,0,,,0,,,0,,,0,,,0,,,0,,,0,,,0,,,0,,,0,,,0,,,0,,,0,,,None,193.35295509989373,193.3625665998552,193.86177159985527,193.69663549982943,"['Brown', 'Bordeaux', 'Bordeaux', 'Purple', 'Teal']",,,190.29452739981934,,,,,,,,,,,,,,,,,,,,,,,,,,,,,,,,,,,,,,,,,,,,,,,,001,003,2026-04-14_13h01.17.755,Train3Laptop,,2026.1.1,59.60264111180524,2026-04-14 13h01.20.136216 +0200,
03-1,019_Teal.jpg,True,Teal,0,44,49,03-1/019_Teal_0.png,5,5,0,"['space', 'space']","[2.273540700087324, 3.085620200028643]","[0.1754910999443382, 0.11602720012888312]",0,,,1,9.344203400192782,9.344214600045234,0,,,0,,,0,,,0,,,0,,,0,,,0,,,0,,,0,,,0,,,0,,,0,,,5.0,1.182817299850285,"[(5.0, 1.182817299850285)]","[0.35833333333333334, 0.030833333333333334]","[-0.0275, -0.2833333333333333]","[1, 1]","[0, 0]","[0, 0]","[0.9690618000458926, 2.23729780013673]","[None, 'button2']",1,[2.248501399764791],[2.2485118999611586],0,,,0,,,0,,,0,,,0,,,0,,,0,,,0,,,0,,,0,,,0,,,0,,,0,,,0,,,1,[0.8350352998822927],[0.8350559000391513],0,,,0,,,0,,,0,,,0,,,0,,,0,,,0,,,0,,,0,,,0,,,0,,,0,,,0,,,None,0,5,5,27,193.86177159985527,,,,,,,,,,,03-1/019_Teal_0.png,193.69820869993418,193.69835399999283,03-1/019_Teal_0.png,True,Teal,0,44,49,"[3.3387846001423895, 4.079999300185591]",03-1/019_Teal_0.png,6,,193.71130619989708,193.86177159985527,193.86177159985527,193.86177159985527,193.86177159985527,193.86177159985527,193.86177159985527,193.86177159985527,193.86177159985527,193.86177159985527,193.86177159985527,193.86177159985527,193.86177159985527,193.86177159985527,193.86177159985527,193.86177159985527,193.86177159985527,193.86177159985527,193.86177159985527,193.86177159985527,193.86177159985527,194.1278585998807,194.64507990004495,203.04688909999095,Teal,2,"['space', 'space']","[2.273540700087324, 3.085620200028643]","[0.1754910999443382, 0.11602720012888312]",0,,,1,9.344203400192782,9.344214600045234,0,,,0,,,0,,,0,,,0,,,0,,,0,,,0,,,0,,,0,,,0,,,0,,,Teal,205.64870879985392,205.66360119986348,205.997367199976,203.4075909999665,203.44363550003618,203.44363550003618,0.01038849982433021,203.44363550003618,,204.6433927998878,205.64808139996603,5.0,1.182817299850285,"[(5.0, 1.182817299850285)]","[0.35833333333333334, 0.030833333333333334]","[-0.0275, -0.2833333333333333]","[1, 1]","[0, 0]","[0, 0]","[0.9690618000458926, 2.23729780013673]","[None, 'button2']",1,[2.248501399764791],[2.2485118999611586],0,,,0,,,0,,,0,,,0,,,0,,,0,,,0,,,0,,,0,,,0,,,0,,,0,,,0,,,206.0269074998796,206.0114622998517,206.0269074998796,206.0269074998796,206.0269074998796,206.0269074998796,206.0269074998796,206.0269074998796,206.0269074998796,206.8378949998878,1,[0.8350352998822927],[0.8350559000391513],0,,,0,,,0,,,0,,,0,,,0,,,0,,,0,,,0,,,0,,,0,,,0,,,0,,,0,,,None,206.8385200998746,206.84757829993032,207.34417719999328,207.18057850003242,"['Brown', 'Bordeaux', 'Bordeaux', 'Purple', 'Teal', 'Teal']",,,203.44363550003618,,,,,,,,,,,,,,,,,,,,,,,,,,,,,,,,,,,,,,,,,,,,,,,,001,003,2026-04-14_13h01.17.755,Train3Laptop,,2026.1.1,59.60264111180524,2026-04-14 13h01.20.136216 +0200,
02-1,011_Orange.jpg,True,Orange,99,48,0,02-1/011_Orange_0.png,6,6,0,"['space', 'space', 'space', 'space', 'space']","[13.980862100142986, 16.031502600060776, 16.609422700013965, 17.050061900168657, 17.526154200080782]","[0.11573700001463294, 0.1790183000266552, 0.12505060015246272, 0.10709699988365173, 0.12492289999499917]",0,,,0,,,0,,,0,,,0,,,0,,,0,,,1,28.393661099951714,28.39367359993048,0,,,0,,,0,,,0,,,0,,,0,,,5.0,1.3148411998990923,"[(5.0, 1.3148411998990923)]","[0.36916666666666664, 0.030833333333333334]","[-0.0016666666666666668, -0.31416666666666665]","[1, 1]","[0, 0]","[0, 0]","[1.1042272001504898, 2.3034996001515538]","[None, 'button2']",1,[2.313070199918002],[2.313080199761316],0,,,0,,,0,,,0,,,0,,,0,,,0,,,0,,,0,,,0,,,0,,,0,,,0,,,0,,,1,[0.9523745998740196],[0.9523889999836683],0,,,0,,,0,,,0,,,0,,,0,,,0,,,0,,,0,,,0,,,0,,,0,,,0,,,0,,,None,0,6,6,9,207.34417719999328,,,,,,,,,,,02-1/011_Orange_0.png,207.18222810002044,207.18240739987232,02-1/011_Orange_0.png,True,Orange,99,48,0,"[15.041817599907517, 17.143275199923664, 17.721754199825227, 18.161064599873498, 18.58827449986711]",02-1/011_Orange_0.png,7,,207.19556290004402,207.34417719999328,207.34417719999328,207.34417719999328,207.34417719999328,207.34417719999328,207.34417719999328,207.34417719999328,207.34417719999328,207.34417719999328,207.34417719999328,207.34417719999328,207.34417719999328,207.34417719999328,207.34417719999328,207.34417719999328,207.34417719999328,207.34417719999328,207.34417719999328,207.34417719999328,207.34417719999328,207.64400650002062,208.21114329993725,235.57957649999298,Orange,1,"['space', 'space', 'space', 'space', 'space']","[13.980862100142986, 16.031502600060776, 16.609422700013965, 17.050061900168657, 17.526154200080782]","[0.11573700001463294, 0.1790183000266552, 0.12505060015246272, 0.10709699988365173, 0.12492289999499917]",0,,,0,,,0,,,0,,,0,,,0,,,0,,,1,28.393661099951714,28.39367359993048,0,,,0,,,0,,,0,,,0,,,0,,,Orange,238.2462547000032,238.26285990001634,238.5963581998367,235.93880290002562,235.9750065000262,235.9750065000262,0.008866899879649282,235.9750065000262,,237.3092954000458,238.24554659985006,5.0,1.3148411998990923,"[(5.0, 1.3148411998990923)]","[0.36916666666666664, 0.030833333333333334]","[-0.0016666666666666668, -0.31416666666666665]","[1, 1]","[0, 0]","[0, 0]","[1.1042272001504898, 2.3034996001515538]","[None, 'button2']",1,[2.313070199918002],[2.313080199761316],0,,,0,,,0,,,0,,,0,,,0,,,0,,,0,,,0,,,0,,,0,,,0,,,0,,,0,,,238.64275350002572,238.62504329998046,238.64275350002572,238.64275350002572,238.64275350002572,238.64275350002572,238.64275350002572,238.64275350002572,238.64275350002572,239.55233819992281,1,[0.9523745998740196],[0.9523889999836683],0,,,0,,,0,,,0,,,0,,,0,,,0,,,0,,,0,,,0,,,0,,,0,,,0,,,0,,,None,239.5529288998805,239.56202930002473,240.0730562999379,239.89603920001537,"['Brown', 'Bordeaux', 'Bordeaux', 'Purple', 'Teal', 'Teal', 'Orange']",,,,235.9750065000262,,,,,,,,,,,,,,,,,,,,,,,,,,,,,,,,,,,,,,,,,,,,,,,001,003,2026-04-14_13h01.17.755,Train3Laptop,,2026.1.1,59.60264111180524,2026-04-14 13h01.20.136216 +0200,
02-1,006_Pink.jpg,True,Pink,100,0,50,02-1/006_Pink_0.png,7,7,0,['space'],[5.985027000075206],[0.1521507001016289],0,,,0,,,0,,,0,,,0,,,1,27.046462700003758,27.046475099865347,0,,,0,,,0,,,0,,,0,,,0,,,0,,,0,,,5.0,1.2974292000290006,"[(5.0, 1.2974292000290006)]","[0.3591666666666667, 0.06583333333333333]","[-0.0175, -0.29]","[1, 1]","[0, 0]","[0, 0]","[1.0552576000336558, 2.186086499830708]","[None, 'button2']",1,[2.1927566998638213],[2.1927687998395413],0,,,0,,,0,,,0,,,0,,,0,,,0,,,0,,,0,,,0,,,0,,,0,,,0,,,0,,,1,[0.7678717998787761],[0.7678876998834312],0,,,0,,,0,,,0,,,0,,,0,,,0,,,0,,,0,,,0,,,0,,,0,,,0,,,0,,,None,0,7,7,6,240.0730562999379,,,,,,,,,,,02-1/006_Pink_0.png,239.89842629991472,239.89862009999342,02-1/006_Pink_0.png,True,Pink,100,0,50,"[6.4629672998562455, 7.07911829999648]",02-1/006_Pink_0.png,8,,239.91273460001685,240.0730562999379,240.0730562999379,240.0730562999379,240.0730562999379,240.0730562999379,240.0730562999379,240.0730562999379,240.0730562999379,240.0730562999379,240.0730562999379,240.0730562999379,240.0730562999379,240.0730562999379,240.0730562999379,240.0730562999379,240.0730562999379,240.0730562999379,240.0730562999379,240.0730562999379,240.0730562999379,240.37576729990542,240.976718199905,266.9485230999999,Pink,2,['space'],[5.985027000075206],[0.1521507001016289],0,,,0,,,0,,,0,,,0,,,1,27.046462700003758,27.046475099865347,0,,,0,,,0,,,0,,,0,,,0,,,0,,,0,,,Pink,269.4951442000456,269.5111960999202,269.8453146000393,267.3047503998969,267.34128970000893,267.34128970000893,0.0059177998919039965,267.34128970000893,,268.65768840000965,269.4944458999671,5.0,1.2974292000290006,"[(5.0, 1.2974292000290006)]","[0.3591666666666667, 0.06583333333333333]","[-0.0175, -0.29]","[1, 1]","[0, 0]","[0, 0]","[1.0552576000336558, 2.186086499830708]","[None, 'button2']",1,[2.1927566998638213],[2.1927687998395413],0,,,0,,,0,,,0,,,0,,,0,,,0,,,0,,,0,,,0,,,0,,,0,,,0,,,0,,,269.8906463999301,269.8723616998177,269.8906463999301,269.8906463999301,269.8906463999301,269.8906463999301,269.8906463999301,269.8906463999301,269.8906463999301,270.617059599841,1,[0.7678717998787761],[0.7678876998834312],0,,,0,,,0,,,0,,,0,,,0,,,0,,,0,,,0,,,0,,,0,,,0,,,0,,,0,,,None,270.61776659986936,270.62676379992627,271.142153599998,270.95999090000987,"['Brown', 'Bordeaux', 'Bordeaux', 'Purple', 'Teal', 'Teal', 'Orange', 'Pink']",,,,,267.34128970000893,,,,,,,,,,,,,,,,,,,,,,,,,,,,,,,,,,,,,,,,,,,,,,001,003,2026-04-14_13h01.17.755,Train3Laptop,,2026.1.1,59.60264111180524,2026-04-14 13h01.20.136216 +0200,
02-1,014_Pink.jpg,True,Pink,100,9,40,02-1/014_Pink_0.png,8,8,0,"['space', 'space']","[1.3630873998627067, 2.1401675997767597]","[0.11594599997624755, 0.10707250004634261]",0,,,0,,,0,,,0,,,0,,,1,7.451750699896365,7.4517640999984,0,,,0,,,0,,,0,,,0,,,0,,,0,,,0,,,5.0,1.5163926999084651,"[(5.0, 1.5163926999084651)]","[0.3566666666666667, 0.06]","[0.008333333333333333, -0.29583333333333334]","[1, 1]","[0, 0]","[0, 0]","[1.2708471999503672, 2.535826300038025]","[None, 'button2']",1,[2.5404171999543905],[2.540429199812934],0,,,0,,,0,,,0,,,0,,,0,,,0,,,0,,,0,,,0,,,0,,,0,,,0,,,0,,,1,[1.0504644999746233],[1.050477399956435],0,,,0,,,0,,,0,,,0,,,0,,,0,,,0,,,0,,,0,,,0,,,0,,,0,,,0,,,None,0,8,8,11,271.142153599998,,,,,,,,,,,02-1/014_Pink_0.png,270.961318799993,270.9614685999695,02-1/014_Pink_0.png,True,Pink,100,9,40,"[2.3773280000314116, 3.168565599946305]",02-1/014_Pink_0.png,9,,270.97481829999015,271.142153599998,271.142153599998,271.142153599998,271.142153599998,271.142153599998,271.142153599998,271.142153599998,271.142153599998,271.142153599998,271.142153599998,271.142153599998,271.142153599998,271.142153599998,271.142153599998,271.142153599998,271.142153599998,271.142153599998,271.142153599998,271.142153599998,271.142153599998,271.4745310000144,271.92528229998425,278.41729669994675,Pink,2,"['space', 'space']","[1.3630873998627067, 2.1401675997767597]","[0.11594599997624755, 0.10707250004634261]",0,,,0,,,0,,,0,,,0,,,1,7.451750699896365,7.4517640999984,0,,,0,,,0,,,0,,,0,,,0,,,0,,,0,,,Pink,281.3118274998851,281.32794300001115,281.6618228999432,278.7712322999723,278.80735230003484,278.80735230003484,0.0035711999516934156,278.80735230003484,,280.3405414998997,281.3110451998655,5.0,1.5163926999084651,"[(5.0, 1.5163926999084651)]","[0.3566666666666667, 0.06]","[0.008333333333333333, -0.29583333333333334]","[1, 1]","[0, 0]","[0, 0]","[1.2708471999503672, 2.535826300038025]","[None, 'button2']",1,[2.5404171999543905],[2.540429199812934],0,,,0,,,0,,,0,,,0,,,0,,,0,,,0,,,0,,,0,,,0,,,0,,,0,,,0,,,281.6902501999866,281.67569499998353,281.6902501999866,281.6902501999866,281.6902501999866,281.6902501999866,281.6902501999866,281.6902501999866,281.6902501999866,282.7154415999539,1,[1.0504644999746233],[1.050477399956435],0,,,0,,,0,,,0,,,0,,,0,,,0,,,0,,,0,,,0,,,0,,,0,,,0,,,0,,,None,282.71604099986143,282.7259879000485,283.2082919999957,283.06032659998164,"['Brown', 'Bordeaux', 'Bordeaux', 'Purple', 'Teal', 'Teal', 'Orange', 'Pink', 'Pink']",,,,,278.80735230003484,,,,,,,,,,,,,,,,,,,,,,,,,,,,,,,,,,,,,,,,,,,,,,001,003,2026-04-14_13h01.17.755,Train3Laptop,,2026.1.1,59.60264111180524,2026-04-14 13h01.20.136216 +0200,
03-1,013_Seafoam.jpg,True,Seafoam,9,100,59,03-1/013_Seafoam_0.png,9,9,0,"['space', 'space', 'space', 'space']","[1.2715555999893695, 10.164019099902362, 10.998508000047877, 12.026876699877903]","[0.13405949994921684, 0.1342287000734359, 0.09843769995495677, 0.1342268001753837]",0,,,0,,,1,17.535558100091293,17.53557449998334,0,,,0,,,0,,,0,,,0,,,0,,,0,,,0,,,0,,,0,,,0,,,1.0,5.167422899976373,"[(5.0, 1.1826212001033127), (1.0, 5.167422899976373)]","[0.38166666666666665, -0.4666666666666667, -0.0025]","[-0.0008333333333333334, -0.024166666666666666, -0.2866666666666667]","[1, 1, 1]","[0, 0, 0]","[0, 0, 0]","[0.9387161999475211, 4.95346700004302, 9.468656199984252]","[None, None, 'button2']",1,[9.488202400039881],[9.488213500007987],0,,,0,,,0,,,0,,,0,,,0,,,0,,,0,,,0,,,0,,,0,,,0,,,0,,,0,,,1,[60.6990960999392],[60.6991068997886],0,,,0,,,0,,,0,,,1,[34.945733699947596],[34.945744099793956],0,,,0,,,0,,,0,,,0,,,0,,,0,,,0,,,0,,,None,0,9,9,23,283.2082919999957,,,,,,,,,,,03-1/013_Seafoam_0.png,283.06192879984155,283.0620844999794,03-1/013_Seafoam_0.png,True,Seafoam,9,100,59,"[1.4669941999018192, 2.2704771999269724, 10.950128099881113, 11.221248999936506, 12.019714999943972, 13.080849800026044]",03-1/013_Seafoam_0.png,10,,283.0749866999686,283.2082919999957,283.2082919999957,283.2082919999957,283.2082919999957,283.2082919999957,283.2082919999957,283.2082919999957,283.2082919999957,283.2082919999957,283.2082919999957,283.2082919999957,283.2082919999957,283.2082919999957,283.2082919999957,283.2082919999957,283.2082919999957,283.2082919999957,283.2082919999957,283.2082919999957,283.2082919999957,283.49128519999795,284.0248260998633,300.60171109996736,Seafoam,2,"['space', 'space', 'space', 'space']","[1.2715555999893695, 10.164019099902362, 10.998508000047877, 12.026876699877903]","[0.13405949994921684, 0.1342287000734359, 0.09843769995495677, 0.1342268001753837]",0,,,0,,,1,17.535558100091293,17.53557449998334,0,,,0,,,0,,,0,,,0,,,0,,,0,,,0,,,0,,,0,,,0,,,Bordeaux,310.4440142000094,310.4601018000394,310.79378689988516,300.97065899986774,301.00609899987467,301.00609899987467,0.018575699999928474,301.00609899987467,,302.20655269990675,310.4430694999173,1.0,5.167422899976373,"[(5.0, 1.1826212001033127), (1.0, 5.167422899976373)]","[0.38166666666666665, -0.4666666666666667, -0.0025]","[-0.0008333333333333334, -0.024166666666666666, -0.2866666666666667]","[1, 1, 1]","[0, 0, 0]","[0, 0, 0]","[0.9387161999475211, 4.95346700004302, 9.468656199984252]","[None, None, 'button2']",1,[9.488202400039881],[9.488213500007987],0,,,0,,,0,,,0,,,0,,,0,,,0,,,0,,,0,,,0,,,0,,,0,,,0,,,0,,,310.89009370002896,310.82211179984733,345.79225029982626,345.79225029982626,310.89009370002896,310.89009370002896,310.89009370002896,310.89009370002896,310.89009370002896,371.4947156000417,1,[60.6990960999392],[60.6991068997886],0,,,0,,,0,,,0,,,1,[34.945733699947596],[34.945744099793956],0,,,0,,,0,,,0,,,0,,,0,,,0,,,0,,,0,,,None,371.49533890001476,371.5071937998291,372.0215473000426,371.842154199956,"['Brown', 'Bordeaux', 'Bordeaux', 'Purple', 'Teal', 'Teal', 'Orange', 'Pink', 'Pink', 'Bordeaux', 'Seafoam']",301.00609899987467,,,,,310.89009370002896,310.89009370002896,310.89009370002896,310.89009370002896,310.89009370002896,310.89009370002896,310.89009370002896,310.89009370002896,310.89009370002896,310.89009370002896,310.89009370002896,310.89009370002896,310.89009370002896,310.89009370002896,310.89009370002896,310.89009370002896,345.77208889997564,345.77208889997564,345.77208889997564,345.77208889997564,345.77208889997564,345.77208889997564,345.77208889997564,345.77208889997564,345.77208889997564,345.77208889997564,345.79225029982626,345.79225029982626,345.79225029982626,345.79225029982626,345.79225029982626,345.79225029982626,,,,,,,,,,,,,,001,003,2026-04-14_13h01.17.755,Train3Laptop,,2026.1.1,59.60264111180524,2026-04-14 13h01.20.136216 +0200,
03-1,021_Grey.jpg,True,Grey,47,51,57,03-1/021_Grey_0.png,10,10,0,"['space', 'space']","[0.8624082999303937, 1.4601871999911964]","[0.11583960009738803, 0.10690689994953573]",0,,,0,,,0,,,1,5.348518899874762,5.348529699956998,0,,,0,,,0,,,0,,,0,,,0,,,0,,,0,,,0,,,0,,,5.0,1.649310999782756,"[(5.0, 1.649310999782756)]","[0.35333333333333333, 0.085]","[-0.020833333333333332, -0.31083333333333335]","[1, 1]","[0, 0]","[0, 0]","[1.4370361000765115, 2.5757620001677424]","[None, 'button2']",1,[2.5802108000498265],[2.5802211000118405],0,,,0,,,0,,,0,,,0,,,0,,,0,,,0,,,0,,,0,,,0,,,0,,,0,,,0,,,1,[0.6966621000319719],[0.6966740000061691],0,,,0,,,0,,,0,,,0,,,0,,,0,,,0,,,0,,,0,,,0,,,0,,,0,,,0,,,None,0,10,10,29,372.0215473000426,,,,,,,,,,,03-1/021_Grey_0.png,371.84341740002856,371.84361819992773,03-1/021_Grey_0.png,True,Grey,47,51,57,"[1.812398700043559, 2.416773800039664]",03-1/021_Grey_0.png,11,,371.86359209986404,372.0215473000426,372.0215473000426,372.0215473000426,372.0215473000426,372.0215473000426,372.0215473000426,372.0215473000426,372.0215473000426,372.0215473000426,372.0215473000426,372.0215473000426,372.0215473000426,372.0215473000426,372.0215473000426,372.0215473000426,372.0215473000426,372.0215473000426,372.0215473000426,372.0215473000426,372.0215473000426,372.33769880002365,372.78873549983837,377.1961224998813,Grey,2,"['space', 'space']","[0.8624082999303937, 1.4601871999911964]","[0.11583960009738803, 0.10690689994953573]",0,,,0,,,0,,,1,5.348518899874762,5.348529699956998,0,,,0,,,0,,,0,,,0,,,0,,,0,,,0,,,0,,,0,,,Grey,380.1302696999628,380.14094309997745,380.4740255998913,377.5501969999168,377.5871331000235,377.5871331000235,0.003759699873626232,377.5871331000235,,379.25367200002074,380.12952860002406,5.0,1.649310999782756,"[(5.0, 1.649310999782756)]","[0.35333333333333333, 0.085]","[-0.020833333333333332, -0.31083333333333335]","[1, 1]","[0, 0]","[0, 0]","[1.4370361000765115, 2.5757620001677424]","[None, 'button2']",1,[2.5802108000498265],[2.5802211000118405],0,,,0,,,0,,,0,,,0,,,0,,,0,,,0,,,0,,,0,,,0,,,0,,,0,,,0,,,380.520201300038,380.4989171999041,380.520201300038,380.520201300038,380.520201300038,380.520201300038,380.520201300038,380.520201300038,380.520201300038,381.18010229989886,1,[0.6966621000319719],[0.6966740000061691],0,,,0,,,0,,,0,,,0,,,0,,,0,,,0,,,0,,,0,,,0,,,0,,,0,,,0,,,None,381.18069149996154,381.1888313998934,381.68907630001195,381.52329529984854,"['Brown', 'Bordeaux', 'Bordeaux', 'Purple', 'Teal', 'Teal', 'Orange', 'Pink', 'Pink', 'Bordeaux', 'Seafoam', 'Grey']",,,,,,,,,,,,,,,,,,,,,,,,,,,,,,,,,,,,,,377.5871331000235,,,,,,,,,,,,,001,003,2026-04-14_13h01.17.755,Train3Laptop,,2026.1.1,59.60264111180524,2026-04-14 13h01.20.136216 +0200,
03-1,010_Brown.jpg,True,Brown,50,18,0,03-1/010_Brown_0.png,11,11,0,"['space', 'space', 'space', 'space']","[1.2342061998788267, 2.5743154999800026, 3.586159999947995, 4.079973099986091]","[0.2884714000392705, 0.09793980000540614, 0.10696189990267158, 0.10696509992703795]",1,8.209784700069577,8.209799200063571,0,,,0,,,0,,,0,,,0,,,0,,,0,,,0,,,0,,,0,,,0,,,0,,,0,,,5.0,1.381062500178814,"[(5.0, 1.381062500178814)]","[0.35583333333333333, 0.030833333333333334]","[-0.0033333333333333335, -0.2708333333333333]","[1, 1]","[0, 0]","[0, 0]","[1.1382335999514908, 2.3362877001054585]","[None, 'button2']",1,[2.3469247999601066],[2.346935600042343],0,,,0,,,0,,,0,,,0,,,0,,,0,,,0,,,0,,,0,,,0,,,0,,,0,,,0,,,1,[0.717459499835968],[0.7174756999593228],0,,,0,,,0,,,0,,,0,,,0,,,0,,,0,,,0,,,0,,,0,,,0,,,0,,,0,,,None,0,11,11,16,381.68907630001195,,,,,,,,,,,03-1/010_Brown_0.png,381.5248404999729,381.52498169988394,03-1/010_Brown_0.png,True,Brown,50,18,0,"[2.303386399988085, 3.6215786000248045, 4.6751472998876125, 5.219195399899036]",03-1/010_Brown_0.png,12,,381.5397014999762,381.68907630001195,381.68907630001195,381.68907630001195,381.68907630001195,381.68907630001195,381.68907630001195,381.68907630001195,381.68907630001195,381.68907630001195,381.68907630001195,381.68907630001195,381.68907630001195,381.68907630001195,381.68907630001195,381.68907630001195,381.68907630001195,381.68907630001195,381.68907630001195,381.68907630001195,381.68907630001195,381.9704763998743,382.5710306998808,389.73987429984845,Brown,0,"['space', 'space', 'space', 'space']","[1.2342061998788267, 2.5743154999800026, 3.586159999947995, 4.079973099986091]","[0.2884714000392705, 0.09793980000540614, 0.10696189990267158, 0.10696509992703795]",1,8.209784700069577,8.209799200063571,0,,,0,,,0,,,0,,,0,,,0,,,0,,,0,,,0,,,0,,,0,,,0,,,0,,,Brown,392.440698399907,392.4573385999538,392.7904908999335,390.10009510000236,390.1362288999371,390.1362288999371,0.009816000005230308,390.1362288999371,390.1362288999371,391.5365494999569,392.4399172998965,5.0,1.381062500178814,"[(5.0, 1.381062500178814)]","[0.35583333333333333, 0.030833333333333334]","[-0.0033333333333333335, -0.2708333333333333]","[1, 1]","[0, 0]","[0, 0]","[1.1382335999514908, 2.3362877001054585]","[None, 'button2']",1,[2.3469247999601066],[2.346935600042343],0,,,0,,,0,,,0,,,0,,,0,,,0,,,0,,,0,,,0,,,0,,,0,,,0,,,0,,,392.83646359993145,392.8159078999888,392.83646359993145,392.83646359993145,392.83646359993145,392.83646359993145,392.83646359993145,392.83646359993145,392.83646359993145,393.5126056999434,1,[0.717459499835968],[0.7174756999593228],0,,,0,,,0,,,0,,,0,,,0,,,0,,,0,,,0,,,0,,,0,,,0,,,0,,,0,,,None,393.5134137000423,393.5232182999607,394.0541350999847,393.85710119991563,"['Brown', 'Bordeaux', 'Bordeaux', 'Purple', 'Teal', 'Teal', 'Orange', 'Pink', 'Pink', 'Bordeaux', 'Seafoam', 'Grey', 'Brown']",,,,,,,,,,,,,,,,,,,,,,,,,,,,,,,,,,,,,,,,,,,,,,,,,,,001,003,2026-04-14_13h01.17.755,Train3Laptop,,2026.1.1,59.60264111180524,2026-04-14 13h01.20.136216 +0200,
03-1,031_Bordeaux.jpg,True,Bordeaux,47,5,21,03-1/031_Bordeaux_0.png,12,12,0,"['space', 'space', 'space', 'space', 'space', 'space']","[5.368754900060594, 6.117765600094572, 7.7121244999580085, 8.416802000021562, 17.77532280003652, 19.301516900071874]","[0.14344479981809855, 0.13404549984261394, 0.1337445001117885, 0.16148409992456436, 0.14330170000903308, 0.12479539983905852]",0,,,0,,,1,27.30240170005709,27.30241270014085,0,,,0,,,0,,,0,,,0,,,0,,,0,,,0,,,0,,,0,,,0,,,5.0,1.2824669000692666,"[(5.0, 1.2824669000692666)]","[0.38916666666666666, 0.07166666666666667]","[-0.02666666666666667, -0.29]","[1, 1]","[0, 0]","[0, 0]","[1.0388453998602927, 2.5359888998791575]","[None, 'button2']",1,[2.5537076997570693],[2.553716499824077],0,,,0,,,0,,,0,,,0,,,0,,,0,,,0,,,0,,,0,,,0,,,0,,,0,,,0,,,1,[0.8526649998966604],[0.8526759997475892],0,,,0,,,0,,,0,,,0,,,0,,,0,,,0,,,0,,,0,,,0,,,0,,,0,,,0,,,None,0,12,12,33,394.0541350999847,,,,,,,,,,,03-1/031_Bordeaux_0.png,393.8586497998331,393.85889489995316,03-1/031_Bordeaux_0.png,True,Bordeaux,47,5,21,"[6.4580637000035495, 7.207656800048426, 8.713793500093743, 9.465009400155395, 18.160450300201774, 18.777738500153646, 20.27816139999777, 22.093697200063616]",03-1/031_Bordeaux_0.png,13,,393.8756400998682,394.0541350999847,394.0541350999847,394.0541350999847,394.0541350999847,394.0541350999847,394.0541350999847,394.0541350999847,394.0541350999847,394.0541350999847,394.0541350999847,394.0541350999847,394.0541350999847,394.0541350999847,394.0541350999847,394.0541350999847,394.0541350999847,394.0541350999847,394.0541350999847,394.0541350999847,394.0541350999847,394.2203766000457,394.82107559987344,421.16523569985293,Bordeaux,0,"['space', 'space', 'space', 'space', 'space', 'space']","[5.368754900060594, 6.117765600094572, 7.7121244999580085, 8.416802000021562, 17.77532280003652, 19.301516900071874]","[0.14344479981809855, 0.13404549984261394, 0.1337445001117885, 0.16148409992456436, 0.14330170000903308, 0.12479539983905852]",0,,,0,,,1,27.30240170005709,27.30241270014085,0,,,0,,,0,,,0,,,0,,,0,,,0,,,0,,,0,,,0,,,0,,,Bordeaux,424.07223779987544,424.08926949999295,424.42289499985054,421.532134299865,421.568452199921,421.568452199921,0.016512899892404675,421.568452199921,,422.868786299834,424.0716189998202,5.0,1.2824669000692666,"[(5.0, 1.2824669000692666)]","[0.38916666666666666, 0.07166666666666667]","[-0.02666666666666667, -0.29]","[1, 1]","[0, 0]","[0, 0]","[1.0388453998602927, 2.5359888998791575]","[None, 'button2']",1,[2.5537076997570693],[2.553716499824077],0,,,0,,,0,,,0,,,0,,,0,,,0,,,0,,,0,,,0,,,0,,,0,,,0,,,0,,,,424.451410099864,424.46863040002063,424.46863040002063,424.46863040002063,424.46863040002063,424.46863040002063,424.46863040002063,424.46863040002063,425.2781579999719,1,[0.8526649998966604],[0.8526759997475892],0,,,0,,,0,,,0,,,0,,,0,,,0,,,0,,,0,,,0,,,0,,,0,,,0,,,0,,,None,425.27920540003106,425.2878137999214,425.76920689991675,425.621744700009,"['Brown', 'Bordeaux', 'Bordeaux', 'Purple', 'Teal', 'Teal', 'Orange', 'Pink', 'Pink', 'Bordeaux', 'Seafoam', 'Grey', 'Brown', 'Bordeaux']",421.568452199921,,,,,,,,,,,,,,,,,,,,,,,,,,,,,,,,,,,,,,,,,,,,,,,,,,001,003,2026-04-14_13h01.17.755,Train3Laptop,,2026.1.1,59.60264111180524,2026-04-14 13h01.20.136216 +0200,
03-1,013_Grey.jpg,True,Grey,47,53,50,03-1/013_Grey_0.png,13,13,0,"['space', 'space', 'space']","[4.115454100072384, 4.72549149999395, 4.952872500056401]","[0.1070167999714613, 0.08841750002466142, 0.10683030006475747]",0,,,0,,,0,,,1,12.495668299961835,12.495685299858451,0,,,0,,,0,,,0,,,0,,,0,,,0,,,0,,,0,,,0,,,5.0,2.0486214999109507,"[(5.0, 2.0486214999109507)]","[0.35333333333333333, 0.056666666666666664]","[0.0008333333333333334, -0.3]","[1, 1]","[0, 0]","[0, 0]","[1.8058380000293255, 3.0714082999620587]","[None, 'button2']",1,[3.080569399986416],[3.0805800000671297],0,,,0,,,0,,,0,,,0,,,0,,,0,,,0,,,0,,,0,,,0,,,0,,,0,,,0,,,1,[0.8825201999861747],[0.8825339998584241],0,,,0,,,0,,,0,,,0,,,0,,,0,,,0,,,0,,,0,,,0,,,0,,,0,,,0,,,None,0,13,13,21,425.76920689991675,,,,,,,,,,,03-1/013_Grey_0.png,425.623401499819,425.62355299992487,03-1/013_Grey_0.png,True,Grey,47,53,50,"[3.9011800999287516, 5.126145099988207, 5.73286179988645, 6.009052200010046]",03-1/013_Grey_0.png,14,,425.6389553998597,425.76920689991675,425.76920689991675,425.76920689991675,425.76920689991675,425.76920689991675,425.76920689991675,425.76920689991675,425.76920689991675,425.76920689991675,425.76920689991675,425.76920689991675,425.76920689991675,425.76920689991675,425.76920689991675,425.76920689991675,425.76920689991675,425.76920689991675,425.76920689991675,425.76920689991675,425.76920689991675,426.0523254999425,426.58618439990096,438.12306509981863,Grey,0,"['space', 'space', 'space']","[4.115454100072384, 4.72549149999395, 4.952872500056401]","[0.1070167999714613, 0.08841750002466142, 0.10683030006475747]",0,,,0,,,0,,,1,12.495668299961835,12.495685299858451,0,,,0,,,0,,,0,,,0,,,0,,,0,,,0,,,0,,,0,,,Grey,441.5574964999687,441.57176179997623,441.9058012999594,438.4816906999331,438.5182378999889,438.5182378999889,0.008267499972134829,438.5182378999889,,440.5844846998807,441.55669660004787,5.0,2.0486214999109507,"[(5.0, 2.0486214999109507)]","[0.35333333333333333, 0.056666666666666664]","[0.0008333333333333334, -0.3]","[1, 1]","[0, 0]","[0, 0]","[1.8058380000293255, 3.0714082999620587]","[None, 'button2']",1,[3.080569399986416],[3.0805800000671297],0,,,0,,,0,,,0,,,0,,,0,,,0,,,0,,,0,,,0,,,0,,,0,,,0,,,0,,,441.9507003999315,441.93732879986055,441.9507003999315,441.9507003999315,441.9507003999315,441.9507003999315,441.9507003999315,441.9507003999315,441.9507003999315,442.79302389989607,1,[0.8825201999861747],[0.8825339998584241],0,,,0,,,0,,,0,,,0,,,0,,,0,,,0,,,0,,,0,,,0,,,0,,,0,,,0,,,None,442.7935984998476,442.80318990000524,443.33551639993675,443.13764399988577,"['Brown', 'Bordeaux', 'Bordeaux', 'Purple', 'Teal', 'Teal', 'Orange', 'Pink', 'Pink', 'Bordeaux', 'Seafoam', 'Grey', 'Brown', 'Bordeaux', 'Grey']",,,,,,,,,,,,,,,,,,,,,,,,,,,,,,,,,,,,,,438.5182378999889,,,,,,,,,,,,,001,003,2026-04-14_13h01.17.755,Train3Laptop,,2026.1.1,59.60264111180524,2026-04-14 13h01.20.136216 +0200,
01-t,022_Cyan.jpg,True,Cyan,0,96,90,01-t/022_Cyan_0.png,14,14,0,['space'],[39.35432170005515],[0.1342541000340134],0,,,0,,,0,,,0,,,0,,,0,,,0,,,0,,,0,,,0,,,0,,,1,[45.22370160021819],[45.22371520008892],0,,,0,,,5.0,1.8147119998466223,"[(5.0, 1.8147119998466223)]","[0.35583333333333333, 0.0575]","[0.009166666666666667, -0.30833333333333335]","[1, 1]","[0, 0]","[0, 0]","[1.573827699990943, 3.503848500084132]","[None, 'button2']",1,[3.5174044999293983],[3.517413599882275],0,,,0,,,0,,,0,,,0,,,0,,,0,,,0,,,0,,,0,,,0,,,0,,,0,,,0,,,1,[1.170378599781543],[1.170392899774015],0,,,0,,,0,,,0,,,0,,,0,,,0,,,0,,,0,,,0,,,0,,,0,,,0,,,0,,,None,0,14,14,37,443.33551639993675,,,,,,,,,,,01-t/022_Cyan_0.png,443.1392037998885,443.13935239985585,01-t/022_Cyan_0.png,True,Cyan,0,96,90,"[37.93136450019665, 38.848975900094956, 40.37829200015403, 40.855608800193295, 42.216551600024104]",01-t/022_Cyan_0.png,15,,443.15461419988424,443.33551639993675,443.33551639993675,443.33551639993675,443.33551639993675,443.33551639993675,443.33551639993675,443.33551639993675,443.33551639993675,443.33551639993675,443.33551639993675,443.33551639993675,443.33551639993675,443.33551639993675,443.33551639993675,443.33551639993675,443.33551639993675,443.33551639993675,443.33551639993675,443.33551639993675,443.33551639993675,443.4855805998668,444.08533269981854,488.365814199904,Cyan,1,['space'],[39.35432170005515],[0.1342541000340134],0,,,0,,,0,,,0,,,0,,,0,,,0,,,0,,,0,,,0,,,0,,,1,[45.22370160021819],[45.22371520008892],0,,,0,,,Cyan,492.23697019997053,492.2531776998658,492.60339850001037,488.7290630999487,488.7662921999581,488.7662921999581,0.012848899932578206,488.7662921999581,,490.59930030000396,492.236203199951,5.0,1.8147119998466223,"[(5.0, 1.8147119998466223)]","[0.35583333333333333, 0.0575]","[0.009166666666666667, -0.30833333333333335]","[1, 1]","[0, 0]","[0, 0]","[1.573827699990943, 3.503848500084132]","[None, 'button2']",1,[3.5174044999293983],[3.517413599882275],0,,,0,,,0,,,0,,,0,,,0,,,0,,,0,,,0,,,0,,,0,,,0,,,0,,,0,,,,492.63142369990237,492.64943959983066,492.64943959983066,492.64943959983066,492.64943959983066,492.64943959983066,492.64943959983066,492.64943959983066,493.7610056998674,1,[1.170378599781543],[1.170392899774015],0,,,0,,,0,,,0,,,0,,,0,,,0,,,0,,,0,,,0,,,0,,,0,,,0,,,0,,,None,493.76158329984173,493.7688960998785,494.26725249993615,494.1020351999905,"['Brown', 'Bordeaux', 'Bordeaux', 'Purple', 'Teal', 'Teal', 'Orange', 'Pink', 'Pink', 'Bordeaux', 'Seafoam', 'Grey', 'Brown', 'Bordeaux', 'Grey', 'Cyan']",,,,,,,,,,,,,,,,,,,,,,,,,,,,,,,,,,,,,,,488.7662921999581,,,,,,,,,,,,001,003,2026-04-14_13h01.17.755,Train3Laptop,,2026.1.1,59.60264111180524,2026-04-14 13h01.20.136216 +0200,
03-1,024_Grey.jpg,True,Grey,42,49,52,03-1/024_Grey_0.png,15,15,0,"['space', 'space']","[1.9827191999647766, 2.4096901998855174]","[0.10672800010070205, 0.115821200190112]",0,,,0,,,0,,,1,5.954254999989644,5.954272100003436,0,,,0,,,0,,,0,,,0,,,0,,,0,,,0,,,0,,,0,,,5.0,1.2150737999472767,"[(5.0, 1.2150737999472767)]","[0.3575, 0.008333333333333333]","[-0.005, -0.2825]","[1, 1]","[0, 0]","[0, 0]","[1.0015085998456925, 3.003172699827701]","[None, 'button2']",1,[3.019983100006357],[3.0199946998618543],0,,,0,,,0,,,0,,,0,,,0,,,0,,,0,,,0,,,0,,,0,,,0,,,0,,,0,,,1,[0.5328911000397056],[0.5329078000504524],0,,,0,,,0,,,0,,,0,,,0,,,0,,,0,,,0,,,0,,,0,,,0,,,0,,,0,,,None,0,15,15,30,494.26725249993615,,,,,,,,,,,03-1/024_Grey_0.png,494.1036201999523,494.10375789995305,03-1/024_Grey_0.png,True,Grey,42,49,52,"[3.0435973000712693, 3.494242199929431]",03-1/024_Grey_0.png,16,,494.11848849989474,494.26725249993615,494.26725249993615,494.26725249993615,494.26725249993615,494.26725249993615,494.26725249993615,494.26725249993615,494.26725249993615,494.26725249993615,494.26725249993615,494.26725249993615,494.26725249993615,494.26725249993615,494.26725249993615,494.26725249993615,494.26725249993615,494.26725249993615,494.26725249993615,494.26725249993615,494.26725249993615,494.5498350998387,495.1172018998768,500.0645593998488,Grey,2,"['space', 'space']","[1.9827191999647766, 2.4096901998855174]","[0.10672800010070205, 0.115821200190112]",0,,,0,,,0,,,1,5.954254999989644,5.954272100003436,0,,,0,,,0,,,0,,,0,,,0,,,0,,,0,,,0,,,0,,,Grey,503.43839859985746,503.4531926999334,503.78620109986514,500.4306428998243,500.4659473998472,500.4659473998472,0.015692499931901693,500.4659473998472,,501.69842739985324,503.43771119997837,5.0,1.2150737999472767,"[(5.0, 1.2150737999472767)]","[0.3575, 0.008333333333333333]","[-0.005, -0.2825]","[1, 1]","[0, 0]","[0, 0]","[1.0015085998456925, 3.003172699827701]","[None, 'button2']",1,[3.019983100006357],[3.0199946998618543],0,,,0,,,0,,,0,,,0,,,0,,,0,,,0,,,0,,,0,,,0,,,0,,,0,,,0,,,503.83235759986565,503.8154783998616,503.83235759986565,503.83235759986565,503.83235759986565,503.83235759986565,503.83235759986565,503.83235759986565,503.83235759986565,504.32559609995224,1,[0.5328911000397056],[0.5329078000504524],0,,,0,,,0,,,0,,,0,,,0,,,0,,,0,,,0,,,0,,,0,,,0,,,0,,,0,,,None,504.32623360003345,504.336043599993,504.81663479981944,504.6696542999707,"['Brown', 'Bordeaux', 'Bordeaux', 'Purple', 'Teal', 'Teal', 'Orange', 'Pink', 'Pink', 'Bordeaux', 'Seafoam', 'Grey', 'Brown', 'Bordeaux', 'Grey', 'Cyan', 'Grey']",,,,,,,,,,,,,,,,,,,,,,,,,,,,,,,,,,,,,,500.4659473998472,,,,,,,,,,,,,001,003,2026-04-14_13h01.17.755,Train3Laptop,,2026.1.1,59.60264111180524,2026-04-14 13h01.20.136216 +0200,
03-1,013_Orange.jpg,True,Orange,100,65,4,03-1/013_Orange_0.png,16,16,0,"['space', 'space', 'space', 'space']","[2.188330300152302, 2.734562400029972, 4.063218400115147, 4.391071500023827]","[0.15216589998453856, 0.11598789994604886, 0.12497789994813502, 0.09789009997621179]",0,,,0,,,0,,,0,,,0,,,0,,,0,,,1,16.95225050020963,16.952262100065127,0,,,0,,,0,,,0,,,0,,,0,,,5.0,1.216072800103575,"[(5.0, 1.216072800103575)]","[0.35083333333333333, 0.034166666666666665]","[-0.021666666666666667, -0.2875]","[1, 1]","[0, 0]","[0, 0]","[0.9711219999007881, 2.1183163998648524]","[None, 'button2']",1,[2.1375026998575777],[2.137513699941337],0,,,0,,,0,,,0,,,0,,,0,,,0,,,0,,,0,,,0,,,0,,,0,,,0,,,0,,,1,[1.6522692998405546],[1.65228659985587],0,,,0,,,0,,,0,,,0,,,0,,,0,,,0,,,0,,,0,,,0,,,0,,,0,,,0,,,None,0,16,16,22,504.81663479981944,,,,,,,,,,,03-1/013_Orange_0.png,504.6717825999949,504.6719468999654,03-1/013_Orange_0.png,True,Orange,100,65,4,"[3.18291710014455, 3.7535788000095636, 4.828790700063109, 5.103279900038615, 5.378123600035906]",03-1/013_Orange_0.png,17,,504.68822230002843,504.81663479981944,504.81663479981944,504.81663479981944,504.81663479981944,504.81663479981944,504.81663479981944,504.81663479981944,504.81663479981944,504.81663479981944,504.81663479981944,504.81663479981944,504.81663479981944,504.81663479981944,504.81663479981944,504.81663479981944,504.81663479981944,504.81663479981944,504.81663479981944,504.81663479981944,504.81663479981944,505.09904549992643,505.63337479997426,521.6274611998815,Orange,1,"['space', 'space', 'space', 'space']","[2.188330300152302, 2.734562400029972, 4.063218400115147, 4.391071500023827]","[0.15216589998453856, 0.11598789994604886, 0.12497789994813502, 0.09789009997621179]",0,,,0,,,0,,,0,,,0,,,0,,,0,,,1,16.95225050020963,16.952262100065127,0,,,0,,,0,,,0,,,0,,,0,,,Orange,524.1188155999407,524.1352349999361,524.4691166998819,521.9955466999672,522.0318899999838,522.0318899999838,0.017723599914461374,522.0318899999838,,523.2645782998297,524.1180067998357,5.0,1.216072800103575,"[(5.0, 1.216072800103575)]","[0.35083333333333333, 0.034166666666666665]","[-0.021666666666666667, -0.2875]","[1, 1]","[0, 0]","[0, 0]","[0.9711219999007881, 2.1183163998648524]","[None, 'button2']",1,[2.1375026998575777],[2.137513699941337],0,,,0,,,0,,,0,,,0,,,0,,,0,,,0,,,0,,,0,,,0,,,0,,,0,,,0,,,,524.4978916998953,524.5146303998772,524.5146303998772,524.5146303998772,524.5146303998772,524.5146303998772,524.5146303998772,524.5146303998772,526.1249471998308,1,[1.6522692998405546],[1.65228659985587],0,,,0,,,0,,,0,,,0,,,0,,,0,,,0,,,0,,,0,,,0,,,0,,,0,,,0,,,None,526.1256343999412,526.1339030999225,526.6487183000427,526.4676732998341,"['Brown', 'Bordeaux', 'Bordeaux', 'Purple', 'Teal', 'Teal', 'Orange', 'Pink', 'Pink', 'Bordeaux', 'Seafoam', 'Grey', 'Brown', 'Bordeaux', 'Grey', 'Cyan', 'Grey', 'Orange']",,,,522.0318899999838,,,,,,,,,,,,,,,,,,,,,,,,,,,,,,,,,,,,,,,,,,,,,,,001,003,2026-04-14_13h01.17.755,Train3Laptop,,2026.1.1,59.60264111180524,2026-04-14 13h01.20.136216 +0200,
03-1,006_Bordeaux.jpg,True,Bordeaux,51,0,12,03-1/006_Bordeaux_0.png,17,17,0,"['space', 'space']","[3.2414044002071023, 3.8783245000522584]","[0.11580599984154105, 0.08888119994662702]",0,,,0,,,1,10.646550099831074,10.646565199829638,0,,,0,,,0,,,0,,,0,,,0,,,0,,,0,,,0,,,0,,,0,,,5.0,1.1819613999687135,"[(5.0, 1.1819613999687135)]","[0.37583333333333335, 0.0975]","[-0.01, -0.2791666666666667]","[1, 1]","[0, 0]","[0, 0]","[0.9387521001044661, 2.205272600054741]","[None, 'button2']",1,[2.2125180999282748],[2.2125307000242174],0,,,0,,,0,,,0,,,0,,,0,,,0,,,0,,,0,,,0,,,0,,,0,,,0,,,0,,,1,[0.5990509998518974],[0.5990647997241467],0,,,0,,,0,,,0,,,0,,,0,,,0,,,0,,,0,,,0,,,0,,,0,,,0,,,0,,,None,0,17,17,13,526.6487183000427,,,,,,,,,,,03-1/006_Bordeaux_0.png,526.4692575000226,526.4693974999245,03-1/006_Bordeaux_0.png,True,Bordeaux,51,0,12,"[4.261264699976891, 4.888346699997783]",03-1/006_Bordeaux_0.png,18,,526.4845254998654,526.6487183000427,526.6487183000427,526.6487183000427,526.6487183000427,526.6487183000427,526.6487183000427,526.6487183000427,526.6487183000427,526.6487183000427,526.6487183000427,526.6487183000427,526.6487183000427,526.6487183000427,526.6487183000427,526.6487183000427,526.6487183000427,526.6487183000427,526.6487183000427,526.6487183000427,526.6487183000427,526.9661536000203,527.3988460998517,537.1214403000195,Bordeaux,2,"['space', 'space']","[3.2414044002071023, 3.8783245000522584]","[0.11580599984154105, 0.08888119994662702]",0,,,0,,,1,10.646550099831074,10.646565199829638,0,,,0,,,0,,,0,,,0,,,0,,,0,,,0,,,0,,,0,,,0,,,Bordeaux,539.6878517000005,539.7015927999746,540.0349290999584,537.4782008000184,537.5142790998798,537.5142790998798,0.006380999926477671,537.5142790998798,,538.7144005999435,539.6870483998209,5.0,1.1819613999687135,"[(5.0, 1.1819613999687135)]","[0.37583333333333335, 0.0975]","[-0.01, -0.2791666666666667]","[1, 1]","[0, 0]","[0, 0]","[0.9387521001044661, 2.205272600054741]","[None, 'button2']",1,[2.2125180999282748],[2.2125307000242174],0,,,0,,,0,,,0,,,0,,,0,,,0,,,0,,,0,,,0,,,0,,,0,,,0,,,0,,,540.0805178999435,540.0627215998247,540.0805178999435,540.0805178999435,540.0805178999435,540.0805178999435,540.0805178999435,540.0805178999435,540.0805178999435,540.6409375998192,1,[0.5990509998518974],[0.5990647997241467],0,,,0,,,0,,,0,,,0,,,0,,,0,,,0,,,0,,,0,,,0,,,0,,,0,,,0,,,None,540.6416169998702,540.650204999838,541.1488697000314,540.9834649998229,"['Brown', 'Bordeaux', 'Bordeaux', 'Purple', 'Teal', 'Teal', 'Orange', 'Pink', 'Pink', 'Bordeaux', 'Seafoam', 'Grey', 'Brown', 'Bordeaux', 'Grey', 'Cyan', 'Grey', 'Orange', 'Bordeaux']",537.5142790998798,,,,,,,,,,,,,,,,,,,,,,,,,,,,,,,,,,,,,,,,,,,,,,,,,,001,003,2026-04-14_13h01.17.755,Train3Laptop,,2026.1.1,59.60264111180524,2026-04-14 13h01.20.136216 +0200,
03-1,016_Brown.jpg,True,Brown,52,18,0,03-1/016_Brown_0.png,18,18,0,"['space', 'space', 'space', 'space', 'space', 'space', 'space', 'space']","[1.1605597001034766, 3.099150500027463, 3.8260327000170946, 4.4807295999489725, 8.091584400041029, 8.600845000008121, 9.07713899994269, 10.577872199937701]","[0.09795079985633492, 0.16129720001481473, 0.11603330005891621, 0.14324570004828274, 0.09802869986742735, 0.17990310001187027, 0.1431754999794066, 0.15272440016269684]",1,15.985456499969587,15.985466700047255,0,,,0,,,0,,,0,,,0,,,0,,,0,,,0,,,0,,,0,,,0,,,0,,,0,,,5.0,1.7149898000061512,"[(5.0, 1.7149898000061512)]","[0.38, 0.065, 0.04416666666666667]","[-0.004166666666666667, -0.24916666666666668, -0.2808333333333333]","[1, 1, 1]","[0, 0, 0]","[0, 0, 0]","[1.4709196998737752, 2.5403501999098808, 3.404245699988678]","[None, None, 'button2']",1,[3.4056432999204844],[3.4056511998642236],0,,,0,,,0,,,0,,,0,,,0,,,0,,,0,,,0,,,0,,,0,,,0,,,0,,,0,,,1,[0.5339538999833167],[0.5339677999727428],0,,,0,,,0,,,0,,,0,,,0,,,0,,,0,,,0,,,0,,,0,,,0,,,0,,,0,,,None,0,18,18,25,541.1488697000314,,,,,,,,,,,03-1/016_Brown_0.png,540.9851094998885,540.9852620998863,03-1/016_Brown_0.png,True,Brown,52,18,0,"[1.6345528999809176, 2.2705133999697864, 4.21679800003767, 4.968853499973193, 5.565612300066277, 9.220378500176594, 9.811799800023437, 10.262047700118273, 11.76101760007441]",03-1/016_Brown_0.png,19,,540.9986954999622,541.1488697000314,541.1488697000314,541.1488697000314,541.1488697000314,541.1488697000314,541.1488697000314,541.1488697000314,541.1488697000314,541.1488697000314,541.1488697000314,541.1488697000314,541.1488697000314,541.1488697000314,541.1488697000314,541.1488697000314,541.1488697000314,541.1488697000314,541.1488697000314,541.1488697000314,541.1488697000314,541.4481305000372,542.0653869998641,556.9751390998717,Brown,1,"['space', 'space', 'space', 'space', 'space', 'space', 'space', 'space']","[1.1605597001034766, 3.099150500027463, 3.8260327000170946, 4.4807295999489725, 8.091584400041029, 8.600845000008121, 9.07713899994269, 10.577872199937701]","[0.09795079985633492, 0.16129720001481473, 0.11603330005891621, 0.14324570004828274, 0.09802869986742735, 0.17990310001187027, 0.1431754999794066, 0.15272440016269684]",1,15.985456499969587,15.985466700047255,0,,,0,,,0,,,0,,,0,,,0,,,0,,,0,,,0,,,0,,,0,,,0,,,0,,,Brown,560.7339706998318,560.7511837000493,561.0842976998538,557.3261504999828,557.3634646998253,557.3634646998253,0.0006124000065028667,557.3634646998253,557.3634646998253,559.0966091000009,560.7333485998679,5.0,1.7149898000061512,"[(5.0, 1.7149898000061512)]","[0.38, 0.065, 0.04416666666666667]","[-0.004166666666666667, -0.24916666666666668, -0.2808333333333333]","[1, 1, 1]","[0, 0, 0]","[0, 0, 0]","[1.4709196998737752, 2.5403501999098808, 3.404245699988678]","[None, None, 'button2']",1,[3.4056432999204844],[3.4056511998642236],0,,,0,,,0,,,0,,,0,,,0,,,0,,,0,,,0,,,0,,,0,,,0,,,0,,,0,,,557.3634646998253,561.1140526998788,561.130576599855,561.130576599855,561.130576599855,561.130576599855,561.130576599855,561.130576599855,561.130576599855,561.6216325999703,1,[0.5339538999833167],[0.5339677999727428],0,,,0,,,0,,,0,,,0,,,0,,,0,,,0,,,0,,,0,,,0,,,0,,,0,,,0,,,None,561.6223073999863,561.6343397998717,562.1476141000167,561.9677702998742,"['Brown', 'Bordeaux', 'Bordeaux', 'Purple', 'Teal', 'Teal', 'Orange', 'Pink', 'Pink', 'Bordeaux', 'Seafoam', 'Grey', 'Brown', 'Bordeaux', 'Grey', 'Cyan', 'Grey', 'Orange', 'Bordeaux', 'Brown']",,,,,,,,,,,,,,,,,,,,,,,,,,,,,,,,,,,,,,,,,,,,,,,,,,,001,003,2026-04-14_13h01.17.755,Train3Laptop,,2026.1.1,59.60264111180524,2026-04-14 13h01.20.136216 +0200,
02-1,010_Pink.jpg,True,Pink,98,0,52,02-1/010_Pink_0.png,19,19,0,"['space', 'space', 'space', 'space']","[1.1898360000923276, 2.1855161001440138, 3.615031700115651, 4.147911600070074]","[0.14306130004115403, 0.08849449991248548, 0.12490330007858574, 0.11603350006043911]",0,,,0,,,0,,,0,,,0,,,1,9.255910200066864,9.255920900031924,0,,,0,,,0,,,0,,,0,,,0,,,0,,,0,,,5.0,1.3153152000159025,"[(5.0, 1.3153152000159025)]","[0.36083333333333334, 0.01]","[-0.0016666666666666668, -0.32416666666666666]","[1, 1]","[0, 0]","[0, 0]","[1.0707352000754327, 2.16917399992235]","[None, 'button2']",1,[2.1845182997640222],[2.1845292998477817],0,,,0,,,0,,,0,,,0,,,0,,,0,,,0,,,0,,,0,,,0,,,0,,,0,,,0,,,1,[1.3028444000519812],[1.3028583000414073],0,,,0,,,0,,,0,,,0,,,0,,,0,,,0,,,0,,,0,,,0,,,0,,,0,,,0,,,None,0,19,19,8,562.1476141000167,,,,,,,,,,,02-1/010_Pink_0.png,561.9690125999041,561.9691446998622,02-1/010_Pink_0.png,True,Pink,98,0,52,"[2.268603299977258, 3.288183599943295, 4.76030379999429, 5.213225600076839]",02-1/010_Pink_0.png,20,,561.9837823000271,562.1476141000167,562.1476141000167,562.1476141000167,562.1476141000167,562.1476141000167,562.1476141000167,562.1476141000167,562.1476141000167,562.1476141000167,562.1476141000167,562.1476141000167,562.1476141000167,562.1476141000167,562.1476141000167,562.1476141000167,562.1476141000167,562.1476141000167,562.1476141000167,562.1476141000167,562.1476141000167,562.4474847000092,563.0144017999992,571.2290918999352,Pink,0,"['space', 'space', 'space', 'space']","[1.1898360000923276, 2.1855161001440138, 3.615031700115651, 4.147911600070074]","[0.14306130004115403, 0.08849449991248548, 0.12490330007858574, 0.11603350006043911]",0,,,0,,,0,,,0,,,0,,,1,9.255910200066864,9.255920900031924,0,,,0,,,0,,,0,,,0,,,0,,,0,,,0,,,Pink,573.7674263999797,573.7834660999943,574.1182325999252,571.5940006000455,571.6296695999335,571.6296695999335,0.014522999757900834,571.6296695999335,,572.9637608998455,573.7666621999815,5.0,1.3153152000159025,"[(5.0, 1.3153152000159025)]","[0.36083333333333334, 0.01]","[-0.0016666666666666668, -0.32416666666666666]","[1, 1]","[0, 0]","[0, 0]","[1.0707352000754327, 2.16917399992235]","[None, 'button2']",1,[2.1845182997640222],[2.1845292998477817],0,,,0,,,0,,,0,,,0,,,0,,,0,,,0,,,0,,,0,,,0,,,0,,,0,,,0,,,574.1796639999375,574.1519543000031,574.1796639999375,574.1796639999375,574.1796639999375,574.1796639999375,574.1796639999375,574.1796639999375,574.1796639999375,575.4240555998404,1,[1.3028444000519812],[1.3028583000414073],0,,,0,,,0,,,0,,,0,,,0,,,0,,,0,,,0,,,0,,,0,,,0,,,0,,,0,,,None,575.4247124998365,575.4324568999,575.9303309000097,575.7660123000387,"['Brown', 'Bordeaux', 'Bordeaux', 'Purple', 'Teal', 'Teal', 'Orange', 'Pink', 'Pink', 'Bordeaux', 'Seafoam', 'Grey', 'Brown', 'Bordeaux', 'Grey', 'Cyan', 'Grey', 'Orange', 'Bordeaux', 'Brown', 'Pink']",,,,,571.6296695999335,,,,,,,,,,,,,,,,,,,,,,,,,,,,,,,,,,,,,,,,,,,,,,001,003,2026-04-14_13h01.17.755,Train3Laptop,,2026.1.1,59.60264111180524,2026-04-14 13h01.20.136216 +0200,
01-1,028_Blue.jpg,True,Blue,0,9,96,01-1/028_Blue_0.png,20,20,0,"['space', 'space', 'space', 'space', 'space']","[1.3625964999664575, 2.323163399938494, 2.6086103999987245, 2.826676100026816, 3.041440699947998]","[0.1610918000806123, 0.13398830010555685, 0.12520539993420243, 0.0978295998647809, 0.0981330000795424]",0,,,0,,,0,,,0,,,0,,,0,,,0,,,0,,,1,[8.107294700108469],[8.107307400088757],0,,,0,,,0,,,0,,,0,,,5.0,1.1183800001163036,"[(5.0, 1.1183800001163036)]","[0.37083333333333335, 0.0475]","[-0.011666666666666667, -0.2966666666666667]","[1, 1]","[0, 0]","[0, 0]","[0.8700693000573665, 2.1041433000937104]","[None, 'button2']",1,[2.1187925999984145],[2.1188029998447746],0,,,0,,,0,,,0,,,0,,,0,,,0,,,0,,,0,,,0,,,0,,,0,,,0,,,0,,,1,[1.666900800075382],[1.666911199921742],0,,,0,,,0,,,0,,,0,,,0,,,0,,,0,,,0,,,0,,,0,,,0,,,0,,,0,,,None,0,20,20,4,575.9303309000097,,,,,,,,,,,01-1/028_Blue_0.png,575.7675631998572,575.767718499992,01-1/028_Blue_0.png,True,Blue,0,9,96,"[1.4993883001152426, 2.4950619000010192, 3.4185440000146627, 3.608312100172043, 3.9033129999879748, 4.061532800085843]",01-1/028_Blue_0.png,21,,575.7821973999962,575.9303309000097,575.9303309000097,575.9303309000097,575.9303309000097,575.9303309000097,575.9303309000097,575.9303309000097,575.9303309000097,575.9303309000097,575.9303309000097,575.9303309000097,575.9303309000097,575.9303309000097,575.9303309000097,575.9303309000097,575.9303309000097,575.9303309000097,575.9303309000097,575.9303309000097,575.9303309000097,576.2137907999568,576.7644185000099,583.8787258998491,Blue,2,"['space', 'space', 'space', 'space', 'space']","[1.3625964999664575, 2.323163399938494, 2.6086103999987245, 2.826676100026816, 3.041440699947998]","[0.1610918000806123, 0.13398830010555685, 0.12520539993420243, 0.0978295998647809, 0.0981330000795424]",0,,,0,,,0,,,0,,,0,,,0,,,0,,,0,,,1,[8.107294700108469],[8.107307400088757],0,,,0,,,0,,,0,,,0,,,Blue,586.3516720000189,586.3665280998684,586.699917800026,584.2430449000094,584.2793707000092,584.2793707000092,0.013892299961298704,584.2793707000092,,585.4125279998407,586.3508573998697,5.0,1.1183800001163036,"[(5.0, 1.1183800001163036)]","[0.37083333333333335, 0.0475]","[-0.011666666666666667, -0.2966666666666667]","[1, 1]","[0, 0]","[0, 0]","[0.8700693000573665, 2.1041433000937104]","[None, 'button2']",1,[2.1187925999984145],[2.1188029998447746],0,,,0,,,0,,,0,,,0,,,0,,,0,,,0,,,0,,,0,,,0,,,0,,,0,,,0,,,586.7458504999522,586.7275969998445,586.7458504999522,586.7458504999522,586.7458504999522,586.7458504999522,586.7458504999522,586.7458504999522,586.7458504999522,588.3716041999869,1,[1.666900800075382],[1.666911199921742],0,,,0,,,0,,,0,,,0,,,0,,,0,,,0,,,0,,,0,,,0,,,0,,,0,,,0,,,None,588.3721800998319,588.3811305998825,588.880111800041,588.715371399885,"['Brown', 'Bordeaux', 'Bordeaux', 'Purple', 'Teal', 'Teal', 'Orange', 'Pink', 'Pink', 'Bordeaux', 'Seafoam', 'Grey', 'Brown', 'Bordeaux', 'Grey', 'Cyan', 'Grey', 'Orange', 'Bordeaux', 'Brown', 'Pink', 'Blue']",,,,,,,,,,,,,,,,,,,,,,,,,,,,,,,,,,,,,,,,584.2793707000092,,,,,,,,,,,001,003,2026-04-14_13h01.17.755,Train3Laptop,,2026.1.1,59.60264111180524,2026-04-14 13h01.20.136216 +0200,
01-1,010_Red.jpg,True,Red,99,0,12,01-1/010_Red_0.png,21,21,0,"['space', 'space', 'space']","[1.3538814999628812, 2.457256800029427, 2.8759016001131386]","[0.07963800011202693, 0.0888368000742048, 0.12525359983555973]",0,,,0,,,0,,,0,,,0,,,0,,,0,,,0,,,0,,,0,,,0,,,0,,,1,[10.32578089996241],[10.325798300094903],0,,,5.0,1.251515399897471,"[(5.0, 1.251515399897471)]","[0.3575, 0.058333333333333334]","[-0.0016666666666666668, -0.2925]","[1, 1]","[0, 0]","[0, 0]","[1.0385057001840323, 2.27092960011214]","[None, 'button2']",1,[2.282793699996546],[2.2828043999616057],0,,,0,,,0,,,0,,,0,,,0,,,0,,,0,,,0,,,0,,,0,,,0,,,0,,,0,,,1,[0.5031006999779493],[0.5031150998547673],0,,,0,,,0,,,0,,,0,,,0,,,0,,,0,,,0,,,0,,,0,,,0,,,0,,,0,,,None,0,21,21,2,588.880111800041,,,,,,,,,,,01-1/010_Red_0.png,588.7168824998662,588.7170199998654,01-1/010_Red_0.png,True,Red,99,0,12,"[1.4478929999750108, 2.4603077000938356, 3.530575899872929, 3.9753475000616163]",01-1/010_Red_0.png,22,,588.7317418998573,588.880111800041,588.880111800041,588.880111800041,588.880111800041,588.880111800041,588.880111800041,588.880111800041,588.880111800041,588.880111800041,588.880111800041,588.880111800041,588.880111800041,588.880111800041,588.880111800041,588.880111800041,588.880111800041,588.880111800041,588.880111800041,588.880111800041,588.880111800041,589.1800414999016,589.7631498000119,599.0460053998977,Red,0,"['space', 'space', 'space']","[1.3538814999628812, 2.457256800029427, 2.8759016001131386]","[0.07963800011202693, 0.0888368000742048, 0.12525359983555973]",0,,,0,,,0,,,0,,,0,,,0,,,0,,,0,,,0,,,0,,,0,,,0,,,1,[10.32578089996241],[10.325798300094903],0,,,Red,601.682378700003,601.6991586999502,602.0330770998262,599.4075154999737,599.4452749998309,599.4452749998309,0.011114299995824695,599.4452749998309,,600.7119885999709,601.681709599914,5.0,1.251515399897471,"[(5.0, 1.251515399897471)]","[0.3575, 0.058333333333333334]","[-0.0016666666666666668, -0.2925]","[1, 1]","[0, 0]","[0, 0]","[1.0385057001840323, 2.27092960011214]","[None, 'button2']",1,[2.282793699996546],[2.2828043999616057],0,,,0,,,0,,,0,,,0,,,0,,,0,,,0,,,0,,,0,,,0,,,0,,,0,,,0,,,,602.0585048999637,602.0786865998525,602.0786865998525,602.0786865998525,602.0786865998525,602.0786865998525,602.0786865998525,602.0786865998525,602.539155599894,1,[0.5031006999779493],[0.5031150998547673],0,,,0,,,0,,,0,,,0,,,0,,,0,,,0,,,0,,,0,,,0,,,0,,,0,,,0,,,None,602.5397717999294,602.547507399926,603.0462060999125,602.8814807999879,"['Brown', 'Bordeaux', 'Bordeaux', 'Purple', 'Teal', 'Teal', 'Orange', 'Pink', 'Pink', 'Bordeaux', 'Seafoam', 'Grey', 'Brown', 'Bordeaux', 'Grey', 'Cyan', 'Grey', 'Orange', 'Bordeaux', 'Brown', 'Pink', 'Blue', 'Red']",,,,,,,,,,,,,,,,,,,,,,,,,,,,,,,,,,,,,,,,,599.4452749998309,,,,,,,,,,001,003,2026-04-14_13h01.17.755,Train3Laptop,,2026.1.1,59.60264111180524,2026-04-14 13h01.20.136216 +0200,
01-1,008_Purple.jpg,True,Purple,52,0,99,01-1/008_Purple_0.png,22,22,0,"['space', 'space']","[0.4725496000610292, 1.206428000004962]","[0.09764689998701215, 0.13422219990752637]",0,,,0,,,0,,,0,,,0,,,0,,,0,,,0,,,0,,,0,,,1,[7.016304499935359],[7.01631630002521],0,,,0,,,0,,,5.0,1.0520918001420796,"[(5.0, 1.0520918001420796)]","[0.3516666666666667, 0.051666666666666666]","[-0.0175, -0.3]","[1, 1]","[0, 0]","[0, 0]","[0.8365672000218183, 2.169599700020626]","[None, 'button2']",1,[2.175804799888283],[2.1758151999674737],0,,,0,,,0,,,0,,,0,,,0,,,0,,,0,,,0,,,0,,,0,,,0,,,0,,,0,,,1,[0.5344658000394702],[0.5344824998173863],0,,,0,,,0,,,0,,,0,,,0,,,0,,,0,,,0,,,0,,,0,,,0,,,0,,,0,,,None,0,22,22,1,603.0462060999125,,,,,,,,,,,01-1/008_Purple_0.png,602.88327199989,602.8836586999241,01-1/008_Purple_0.png,True,Purple,52,0,99,"[1.6136594999115914, 2.2853484998922795]",01-1/008_Purple_0.png,23,,602.9036973998882,603.0462060999125,603.0462060999125,603.0462060999125,603.0462060999125,603.0462060999125,603.0462060999125,603.0462060999125,603.0462060999125,603.0462060999125,603.0462060999125,603.0462060999125,603.0462060999125,603.0462060999125,603.0462060999125,603.0462060999125,603.0462060999125,603.0462060999125,603.0462060999125,603.0462060999125,603.0462060999125,603.3456296999939,603.9465903998353,609.9026799998246,Purple,2,"['space', 'space']","[0.4725496000610292, 1.206428000004962]","[0.09764689998701215, 0.13422219990752637]",0,,,0,,,0,,,0,,,0,,,0,,,0,,,0,,,0,,,0,,,1,[7.016304499935359],[7.01631630002521],0,,,0,,,0,,,Purple,612.4324772998225,612.4488718998618,612.7824780000374,610.2585459998809,610.2954610998277,610.2954610998277,0.005514899967238307,610.2954610998277,,611.3617897999939,612.4317371998914,5.0,1.0520918001420796,"[(5.0, 1.0520918001420796)]","[0.3516666666666667, 0.051666666666666666]","[-0.0175, -0.3]","[1, 1]","[0, 0]","[0, 0]","[0.8365672000218183, 2.169599700020626]","[None, 'button2']",1,[2.175804799888283],[2.1758151999674737],0,,,0,,,0,,,0,,,0,,,0,,,0,,,0,,,0,,,0,,,0,,,0,,,0,,,0,,,612.8283547998872,612.8108685000334,612.8283547998872,612.8283547998872,612.8283547998872,612.8283547998872,612.8283547998872,612.8283547998872,612.8283547998872,613.3209903999232,1,[0.5344658000394702],[0.5344824998173863],0,,,0,,,0,,,0,,,0,,,0,,,0,,,0,,,0,,,0,,,0,,,0,,,0,,,0,,,None,613.3215876000468,613.332411200041,613.8122890000232,613.665543399984,"['Brown', 'Bordeaux', 'Bordeaux', 'Purple', 'Teal', 'Teal', 'Orange', 'Pink', 'Pink', 'Bordeaux', 'Seafoam', 'Grey', 'Brown', 'Bordeaux', 'Grey', 'Cyan', 'Grey', 'Orange', 'Bordeaux', 'Brown', 'Pink', 'Blue', 'Red', 'Purple']",,610.2954610998277,,,,,,,,,,,,,,,,,,,,,,,,,,,,,,,,,,,,,,,,,,,,,,,,,001,003,2026-04-14_13h01.17.755,Train3Laptop,,2026.1.1,59.60264111180524,2026-04-14 13h01.20.136216 +0200,
03-1,011_Brown.jpg,True,Brown,50,15,0,03-1/011_Brown_0.png,23,23,0,"['space', 'space', 'space', 'space']","[1.368373499950394, 4.974576600128785, 5.3654084000736475, 8.696296700043604]","[0.08858960005454719, 0.08849100000225008, 0.11586620006710291, 0.11592529993504286]",1,14.120773299830034,14.120790099957958,0,,,0,,,0,,,0,,,0,,,0,,,0,,,0,,,0,,,0,,,0,,,0,,,0,,,5.0,1.1652067999821156,"[(5.0, 1.1652067999821156)]","[0.3541666666666667, 0.03833333333333333]","[0.006666666666666667, -0.2658333333333333]","[1, 1]","[0, 0]","[0, 0]","[0.9506127000786364, 2.400130200199783]","[None, 'button2']",1,[2.417699599871412],[2.417708999942988],0,,,0,,,0,,,0,,,0,,,0,,,0,,,0,,,0,,,0,,,0,,,0,,,0,,,0,,,1,[0.36863799998536706],[0.36864819983020425],0,,,0,,,0,,,0,,,0,,,0,,,0,,,0,,,0,,,0,,,0,,,0,,,0,,,0,,,None,0,23,23,17,613.8122890000232,,,,,,,,,,,03-1/011_Brown_0.png,613.6670674998313,613.6672157000285,03-1/011_Brown_0.png,True,Brown,50,15,0,"[1.5884669998195022, 2.338400299893692, 5.979012300027534, 6.438170199980959, 9.714579199906439]",03-1/011_Brown_0.png,24,,613.6833297000267,613.8122890000232,613.8122890000232,613.8122890000232,613.8122890000232,613.8122890000232,613.8122890000232,613.8122890000232,613.8122890000232,613.8122890000232,613.8122890000232,613.8122890000232,613.8122890000232,613.8122890000232,613.8122890000232,613.8122890000232,613.8122890000232,613.8122890000232,613.8122890000232,613.8122890000232,613.8122890000232,614.0783126999158,614.6291539999656,627.7932654998731,Brown,1,"['space', 'space', 'space', 'space']","[1.368373499950394, 4.974576600128785, 5.3654084000736475, 8.696296700043604]","[0.08858960005454719, 0.08849100000225008, 0.11586620006710291, 0.11592529993504286]",1,14.120773299830034,14.120790099957958,0,,,0,,,0,,,0,,,0,,,0,,,0,,,0,,,0,,,0,,,0,,,0,,,0,,,Brown,630.5645204999018,630.581135599874,630.9143870999105,628.1598501999397,628.1944943999406,628.1944943999406,0.01610289979726076,628.1944943999406,628.1944943999406,629.3772974000312,630.563903399976,5.0,1.1652067999821156,"[(5.0, 1.1652067999821156)]","[0.3541666666666667, 0.03833333333333333]","[0.006666666666666667, -0.2658333333333333]","[1, 1]","[0, 0]","[0, 0]","[0.9506127000786364, 2.400130200199783]","[None, 'button2']",1,[2.417699599871412],[2.417708999942988],0,,,0,,,0,,,0,,,0,,,0,,,0,,,0,,,0,,,0,,,0,,,0,,,0,,,0,,,630.9606633998919,630.9379514998291,630.9606633998919,630.9606633998919,630.9606633998919,630.9606633998919,630.9606633998919,630.9606633998919,630.9606633998919,631.2861641999334,1,[0.36863799998536706],[0.36864819983020425],0,,,0,,,0,,,0,,,0,,,0,,,0,,,0,,,0,,,0,,,0,,,0,,,0,,,0,,,None,631.2867280999199,631.2962517000269,631.7951020000037,631.6305484999903,"['Brown', 'Bordeaux', 'Bordeaux', 'Purple', 'Teal', 'Teal', 'Orange', 'Pink', 'Pink', 'Bordeaux', 'Seafoam', 'Grey', 'Brown', 'Bordeaux', 'Grey', 'Cyan', 'Grey', 'Orange', 'Bordeaux', 'Brown', 'Pink', 'Blue', 'Red', 'Purple', 'Brown']",,,,,,,,,,,,,,,,,,,,,,,,,,,,,,,,,,,,,,,,,,,,,,,,,,,001,003,2026-04-14_13h01.17.755,Train3Laptop,,2026.1.1,59.60264111180524,2026-04-14 13h01.20.136216 +0200,
02-1,008_Orange.jpg,True,Orange,100,53,0,02-1/008_Orange_0.png,24,24,0,"['space', 'space', 'space', 'space']","[0.6023049999494106, 4.724660899955779, 5.775982500053942, 6.371810300042853]","[0.11591259995475411, 0.07078059995546937, 0.09792369999922812, 0.11603390006348491]",0,,,0,,,0,,,0,,,0,,,0,,,0,,,1,17.756989700021222,17.757002899888903,0,,,0,,,0,,,0,,,0,,,0,,,5.0,1.0351167998742312,"[(5.0, 1.0351167998742312)]","[0.3425, -0.025]","[-0.005, -0.2758333333333333]","[1, 1]","[0, 0]","[0, 0]","[0.8198137998115271, 1.889065899886191]","[None, 'button2']",1,[1.9040405999403447],[1.9040509997867048],0,,,0,,,0,,,0,,,0,,,0,,,0,,,0,,,0,,,0,,,0,,,0,,,0,,,0,,,1,[0.7647864997852594],[0.7648024999070913],0,,,0,,,0,,,0,,,0,,,0,,,0,,,0,,,0,,,0,,,0,,,0,,,0,,,0,,,None,0,24,24,7,631.7951020000037,,,,,,,,,,,02-1/008_Orange_0.png,631.6321177999489,631.6322703999467,02-1/008_Orange_0.png,True,Orange,100,53,0,"[1.7630347998347133, 5.8555093999020755, 6.911033599870279, 7.511746299918741, 8.114116499898955]",02-1/008_Orange_0.png,25,,631.6458649998531,631.7951020000037,631.7951020000037,631.7951020000037,631.7951020000037,631.7951020000037,631.7951020000037,631.7951020000037,631.7951020000037,631.7951020000037,631.7951020000037,631.7951020000037,631.7951020000037,631.7951020000037,631.7951020000037,631.7951020000037,631.7951020000037,631.7951020000037,631.7951020000037,631.7951020000037,631.7951020000037,632.0955057998654,632.6950216998812,649.3927551000379,Orange,1,"['space', 'space', 'space', 'space']","[0.6023049999494106, 4.724660899955779, 5.775982500053942, 6.371810300042853]","[0.11591259995475411, 0.07078059995546937, 0.09792369999922812, 0.11603390006348491]",0,,,0,,,0,,,0,,,0,,,0,,,0,,,1,17.756989700021222,17.757002899888903,0,,,0,,,0,,,0,,,0,,,0,,,Orange,651.6506386999972,651.6637356998399,651.9984231998678,649.7572693999391,649.793465099996,649.793465099996,0.01414129976183176,649.793465099996,,650.8435036998708,651.6498926000204,5.0,1.0351167998742312,"[(5.0, 1.0351167998742312)]","[0.3425, -0.025]","[-0.005, -0.2758333333333333]","[1, 1]","[0, 0]","[0, 0]","[0.8198137998115271, 1.889065899886191]","[None, 'button2']",1,[1.9040405999403447],[1.9040509997867048],0,,,0,,,0,,,0,,,0,,,0,,,0,,,0,,,0,,,0,,,0,,,0,,,0,,,0,,,652.043664299883,652.0266634998843,652.043664299883,652.043664299883,652.043664299883,652.043664299883,652.043664299883,652.043664299883,652.043664299883,652.7694178000093,1,[0.7647864997852594],[0.7648024999070913],0,,,0,,,0,,,0,,,0,,,0,,,0,,,0,,,0,,,0,,,0,,,0,,,0,,,0,,,None,652.7700149999,652.7789366999641,653.261063599959,653.113085199846,"['Brown', 'Bordeaux', 'Bordeaux', 'Purple', 'Teal', 'Teal', 'Orange', 'Pink', 'Pink', 'Bordeaux', 'Seafoam', 'Grey', 'Brown', 'Bordeaux', 'Grey', 'Cyan', 'Grey', 'Orange', 'Bordeaux', 'Brown', 'Pink', 'Blue', 'Red', 'Purple', 'Brown', 'Orange']",,,,649.793465099996,,,,,,,,,,,,,,,,,,,,,,,,,,,,,,,,,,,,,,,,,,,,,,,001,003,2026-04-14_13h01.17.755,Train3Laptop,,2026.1.1,59.60264111180524,2026-04-14 13h01.20.136216 +0200,
02-1,030_Seafoam.jpg,True,Seafoam,0,99,67,02-1/030_Seafoam_0.png,25,25,0,"['space', 'space', 'space', 'space', 'space', 'space']","[0.3265311000868678, 3.2541785000357777, 7.187796300044283, 7.674437100067735, 8.141912499908358, 10.008539600064978]","[0.079802299849689, 0.12986689992249012, 0.11584359989501536, 0.1070001998450607, 0.12490250007249415, 0.05241869995370507]",0,,,0,,,0,,,0,,,1,16.712060400051996,16.71207239991054,0,,,0,,,0,,,0,,,0,,,0,,,0,,,0,,,0,,,5.0,1.432088399771601,"[(5.0, 1.432088399771601)]","[0.36, 0.03]","[-0.009166666666666667, -0.3]","[1, 1]","[0, 0]","[0, 0]","[1.2201090999878943, 3.153222099877894]","[None, 'button2']",1,[3.1627617001067847],[3.1627722000703216],0,,,0,,,0,,,0,,,0,,,0,,,0,,,0,,,0,,,0,,,0,,,0,,,0,,,0,,,1,[0.7493021998088807],[0.7493141999002546],0,,,0,,,0,,,0,,,0,,,0,,,0,,,0,,,0,,,0,,,0,,,0,,,0,,,0,,,None,0,25,25,12,653.261063599959,,,,,,,,,,,02-1/030_Seafoam_0.png,653.1148622999899,653.115038999822,02-1/030_Seafoam_0.png,True,Seafoam,0,99,67,"[1.352279500104487, 4.308941999915987, 8.223528299946338, 8.678504300070927, 9.233737699920312, 11.02357090008445]",02-1/030_Seafoam_0.png,26,,653.1318124998361,653.261063599959,653.261063599959,653.261063599959,653.261063599959,653.261063599959,653.261063599959,653.261063599959,653.261063599959,653.261063599959,653.261063599959,653.261063599959,653.261063599959,653.261063599959,653.261063599959,653.261063599959,653.261063599959,653.261063599959,653.261063599959,653.261063599959,653.261063599959,653.5442855998408,654.1105608998332,669.8306003999896,Seafoam,2,"['space', 'space', 'space', 'space', 'space', 'space']","[0.3265311000868678, 3.2541785000357777, 7.187796300044283, 7.674437100067735, 8.141912499908358, 10.008539600064978]","[0.079802299849689, 0.12986689992249012, 0.11584359989501536, 0.1070001998450607, 0.12490250007249415, 0.05241869995370507]",0,,,0,,,0,,,0,,,1,16.712060400051996,16.71207239991054,0,,,0,,,0,,,0,,,0,,,0,,,0,,,0,,,0,,,Seafoam,673.3472615999635,673.363394399872,673.6971539999358,670.1897628000006,670.2260485999286,670.2260485999286,0.008796100039035082,670.2260485999286,,671.6760315999854,673.3464205998462,5.0,1.432088399771601,"[(5.0, 1.432088399771601)]","[0.36, 0.03]","[-0.009166666666666667, -0.3]","[1, 1]","[0, 0]","[0, 0]","[1.2201090999878943, 3.153222099877894]","[None, 'button2']",1,[3.1627617001067847],[3.1627722000703216],0,,,0,,,0,,,0,,,0,,,0,,,0,,,0,,,0,,,0,,,0,,,0,,,0,,,0,,,673.7426362000406,673.7239257998299,673.7426362000406,673.7426362000406,673.7426362000406,673.7426362000406,673.7426362000406,673.7426362000406,673.7426362000406,674.4496980998665,1,[0.7493021998088807],[0.7493141999002546],0,,,0,,,0,,,0,,,0,,,0,,,0,,,0,,,0,,,0,,,0,,,0,,,0,,,0,,,None,674.4502822000068,674.4623185999226,675.01031279983,674.7966269999743,"['Brown', 'Bordeaux', 'Bordeaux', 'Purple', 'Teal', 'Teal', 'Orange', 'Pink', 'Pink', 'Bordeaux', 'Seafoam', 'Grey', 'Brown', 'Bordeaux', 'Grey', 'Cyan', 'Grey', 'Orange', 'Bordeaux', 'Brown', 'Pink', 'Blue', 'Red', 'Purple', 'Brown', 'Orange', 'Seafoam']",,,,,,,,,,,,,,,,,,,,,,,,,,,,,,,,,,,,,,,,,,670.2260485999286,,,,,,,,,001,003,2026-04-14_13h01.17.755,Train3Laptop,,2026.1.1,59.60264111180524,2026-04-14 13h01.20.136216 +0200,
03-1,029_Teal.jpg,True,Teal,0,47,43,03-1/029_Teal_0.png,26,26,0,None,,,0,,,1,8.266729299910367,8.266746900044382,0,,,0,,,0,,,0,,,0,,,0,,,0,,,0,,,0,,,0,,,0,,,0,,,5.0,2.2858412000350654,"[(5.0, 2.2858412000350654)]","[0.37916666666666665, 0.37333333333333335, 0.005833333333333334]","[-0.05, -0.02666666666666667, -0.2675]","[1, 1, 1]","[0, 0, 0]","[0, 0, 0]","[1.036476599983871, 2.0700936999637634, 3.1697471998631954]","[None, None, 'button2']",1,[3.1732475999742746],[3.1732569998130202],0,,,0,,,0,,,0,,,0,,,0,,,0,,,0,,,0,,,0,,,0,,,0,,,0,,,0,,,1,[0.7028634999878705],[0.7028762998525053],0,,,0,,,0,,,0,,,0,,,0,,,0,,,0,,,0,,,0,,,0,,,0,,,0,,,0,,,None,0,26,26,32,675.01031279983,,,,,,,,,,,03-1/029_Teal_0.png,674.7982685999013,674.7984166999813,03-1/029_Teal_0.png,True,Teal,0,47,43,"[3.528526899870485, 4.375318099977449]",03-1/029_Teal_0.png,27,,674.815573599888,675.01031279983,675.01031279983,675.01031279983,675.01031279983,675.01031279983,675.01031279983,675.01031279983,675.01031279983,675.01031279983,675.01031279983,675.01031279983,675.01031279983,675.01031279983,675.01031279983,675.01031279983,675.01031279983,675.01031279983,675.01031279983,675.01031279983,675.01031279983,675.1596925000194,675.8267347998917,683.069464399945,Teal,2,None,,,0,,,1,8.266729299910367,8.266746900044382,0,,,0,,,0,,,0,,,0,,,0,,,0,,,0,,,0,,,0,,,0,,,0,,,Teal,686.5961462999694,686.6122969998978,686.9462111999746,683.4224801999517,683.4589296998456,683.4589296998456,0.002724000019952655,683.4589296998456,,685.7587258999702,686.595491199987,5.0,2.2858412000350654,"[(5.0, 2.2858412000350654)]","[0.37916666666666665, 0.37333333333333335, 0.005833333333333334]","[-0.05, -0.02666666666666667, -0.2675]","[1, 1, 1]","[0, 0, 0]","[0, 0, 0]","[1.036476599983871, 2.0700936999637634, 3.1697471998631954]","[None, None, 'button2']",1,[3.1732475999742746],[3.1732569998130202],0,,,0,,,0,,,0,,,0,,,0,,,0,,,0,,,0,,,0,,,0,,,0,,,0,,,0,,,686.9920620999765,686.9716737999115,686.9920620999765,686.9920620999765,686.9920620999765,686.9920620999765,686.9920620999765,686.9920620999765,686.9920620999765,687.6527287999634,1,[0.7028634999878705],[0.7028762998525053],0,,,0,,,0,,,0,,,0,,,0,,,0,,,0,,,0,,,0,,,0,,,0,,,0,,,0,,,None,687.6533778999001,687.6615064998623,688.1429991999175,687.9946777999867,"['Brown', 'Bordeaux', 'Bordeaux', 'Purple', 'Teal', 'Teal', 'Orange', 'Pink', 'Pink', 'Bordeaux', 'Seafoam', 'Grey', 'Brown', 'Bordeaux', 'Grey', 'Cyan', 'Grey', 'Orange', 'Bordeaux', 'Brown', 'Pink', 'Blue', 'Red', 'Purple', 'Brown', 'Orange', 'Seafoam', 'Teal']",,,683.4589296998456,,,,,,,,,,,,,,,,,,,,,,,,,,,,,,,,,,,,,,,,,,,,,,,,001,003,2026-04-14_13h01.17.755,Train3Laptop,,2026.1.1,59.60264111180524,2026-04-14 13h01.20.136216 +0200,
03-1,013_Teal.jpg,True,Teal,0,48,60,03-1/013_Teal_0.png,27,27,0,"['space', 'space']","[0.20073279994539917, 1.0011754999868572]","[0.1248753999825567, 0.10700499988161027]",0,,,1,9.61833620001562,9.618349700002,0,,,0,,,0,,,0,,,0,,,0,,,0,,,0,,,0,,,0,,,0,,,0,,,5.0,1.1317427998874336,"[(5.0, 1.1317427998874336)]","[0.38416666666666666, 0.034166666666666665]","[0.019166666666666665, -0.2941666666666667]","[1, 1]","[0, 0]","[0, 0]","[0.8919168999418616, 1.9553729000035673]","[None, 'button2']",1,[1.9561200998723507],[1.9561285998206586],0,,,0,,,0,,,0,,,0,,,0,,,0,,,0,,,0,,,0,,,0,,,0,,,0,,,0,,,1,[0.5688495999202132],[0.5688602000009269],0,,,0,,,0,,,0,,,0,,,0,,,0,,,0,,,0,,,0,,,0,,,0,,,0,,,0,,,None,0,27,27,24,688.1429991999175,,,,,,,,,,,03-1/013_Teal_0.png,687.9961708998308,687.9963191999123,03-1/013_Teal_0.png,True,Teal,0,48,60,"[1.2063438999466598, 2.0229582998435944]",03-1/013_Teal_0.png,28,,688.0122727998532,688.1429991999175,688.1429991999175,688.1429991999175,688.1429991999175,688.1429991999175,688.1429991999175,688.1429991999175,688.1429991999175,688.1429991999175,688.1429991999175,688.1429991999175,688.1429991999175,688.1429991999175,688.1429991999175,688.1429991999175,688.1429991999175,688.1429991999175,688.1429991999175,688.1429991999175,688.1429991999175,688.4257286998909,688.9765935000032,697.6192806998733,Teal,2,"['space', 'space']","[0.20073279994539917, 1.0011754999868572]","[0.1248753999825567, 0.10700499988161027]",0,,,1,9.61833620001562,9.618349700002,0,,,0,,,0,,,0,,,0,,,0,,,0,,,0,,,0,,,0,,,0,,,0,,,Teal,699.9292494000401,699.9468659998383,700.2947074999101,697.9696292998269,697.9917413999792,697.9917413999792,1.219986006617546e-05,697.9917413999792,,699.1582832999993,699.9286048999056,5.0,1.1317427998874336,"[(5.0, 1.1317427998874336)]","[0.38416666666666666, 0.034166666666666665]","[0.019166666666666665, -0.2941666666666667]","[1, 1]","[0, 0]","[0, 0]","[0.8919168999418616, 1.9553729000035673]","[None, 'button2']",1,[1.9561200998723507],[1.9561285998206586],0,,,0,,,0,,,0,,,0,,,0,,,0,,,0,,,0,,,0,,,0,,,0,,,0,,,0,,,697.9917413999792,700.3099603999872,700.3250350998715,700.3250350998715,700.3250350998715,700.3250350998715,700.3250350998715,700.3250350998715,700.3250350998715,700.8510575999971,1,[0.5688495999202132],[0.5688602000009269],0,,,0,,,0,,,0,,,0,,,0,,,0,,,0,,,0,,,0,,,0,,,0,,,0,,,0,,,None,700.8516188999638,700.8612631999422,701.3925606999546,701.1946087998804,"['Brown', 'Bordeaux', 'Bordeaux', 'Purple', 'Teal', 'Teal', 'Orange', 'Pink', 'Pink', 'Bordeaux', 'Seafoam', 'Grey', 'Brown', 'Bordeaux', 'Grey', 'Cyan', 'Grey', 'Orange', 'Bordeaux', 'Brown', 'Pink', 'Blue', 'Red', 'Purple', 'Brown', 'Orange', 'Seafoam', 'Teal', 'Teal']",,,697.9917413999792,,,,,,,,,,,,,,,,,,,,,,,,,,,,,,,,,,,,,,,,,,,,,,,,001,003,2026-04-14_13h01.17.755,Train3Laptop,,2026.1.1,59.60264111180524,2026-04-14 13h01.20.136216 +0200,
03-1,012_Bordeaux.jpg,True,Bordeaux,50,2,24,03-1/012_Bordeaux_0.png,28,28,0,"['space', 'space', 'space', 'space']","[0.18721730005927384, 1.4823934000451118, 3.4665082001592964, 3.9599359000567347]","[0.1252713999710977, 0.10685040010139346, 0.11590189998969436, 0.10691450000740588]",0,,,0,,,1,10.539625599980354,10.539637099951506,0,,,0,,,0,,,0,,,0,,,0,,,0,,,0,,,0,,,0,,,0,,,5.0,1.6175911999307573,"[(5.0, 1.6175911999307573)]","[0.3566666666666667, 0.028333333333333332]","[-0.005833333333333334, -0.305]","[1, 1]","[0, 0]","[0, 0]","[1.3714256000239402, 2.6068324998486787]","[None, 'button2']",1,[2.61912879999727],[2.619141199858859],0,,,0,,,0,,,0,,,0,,,0,,,0,,,0,,,0,,,0,,,0,,,0,,,0,,,0,,,1,[0.7998385999817401],[0.799855399876833],0,,,0,,,0,,,0,,,0,,,0,,,0,,,0,,,0,,,0,,,0,,,0,,,0,,,0,,,None,0,28,28,19,701.3925606999546,,,,,,,,,,,03-1/012_Bordeaux_0.png,701.1963104999159,701.1965159999672,03-1/012_Bordeaux_0.png,True,Bordeaux,50,2,24,"[1.2681855000555515, 2.5049642000813037, 4.513193799881265, 4.985101300058886]",03-1/012_Bordeaux_0.png,29,,701.2093103998341,701.3925606999546,701.3925606999546,701.3925606999546,701.3925606999546,701.3925606999546,701.3925606999546,701.3925606999546,701.3925606999546,701.3925606999546,701.3925606999546,701.3925606999546,701.3925606999546,701.3925606999546,701.3925606999546,701.3925606999546,701.3925606999546,701.3925606999546,701.3925606999546,701.3925606999546,701.3925606999546,701.5593236000277,702.2091150998604,711.7413157999981,Bordeaux,0,"['space', 'space', 'space', 'space']","[0.18721730005927384, 1.4823934000451118, 3.4665082001592964, 3.9599359000567347]","[0.1252713999710977, 0.10685040010139346, 0.11590189998969436, 0.10691450000740588]",0,,,0,,,1,10.539625599980354,10.539637099951506,0,,,0,,,0,,,0,,,0,,,0,,,0,,,0,,,0,,,0,,,0,,,Bordeaux,714.7143875998445,714.7284899998922,715.0620833998546,712.103326600045,712.1409940000158,712.1409940000158,0.011559800012037158,712.1409940000158,,713.774508100003,714.713647400029,5.0,1.6175911999307573,"[(5.0, 1.6175911999307573)]","[0.3566666666666667, 0.028333333333333332]","[-0.005833333333333334, -0.305]","[1, 1]","[0, 0]","[0, 0]","[1.3714256000239402, 2.6068324998486787]","[None, 'button2']",1,[2.61912879999727],[2.619141199858859],0,,,0,,,0,,,0,,,0,,,0,,,0,,,0,,,0,,,0,,,0,,,0,,,0,,,0,,,715.1078269998543,715.0912676998414,715.1078269998543,715.1078269998543,715.1078269998543,715.1078269998543,715.1078269998543,715.1078269998543,715.1078269998543,715.8679618998431,1,[0.7998385999817401],[0.799855399876833],0,,,0,,,0,,,0,,,0,,,0,,,0,,,0,,,0,,,0,,,0,,,0,,,0,,,0,,,None,715.8685190998949,715.8767009000294,716.3589335998986,716.2109228998888,"['Brown', 'Bordeaux', 'Bordeaux', 'Purple', 'Teal', 'Teal', 'Orange', 'Pink', 'Pink', 'Bordeaux', 'Seafoam', 'Grey', 'Brown', 'Bordeaux', 'Grey', 'Cyan', 'Grey', 'Orange', 'Bordeaux', 'Brown', 'Pink', 'Blue', 'Red', 'Purple', 'Brown', 'Orange', 'Seafoam', 'Teal', 'Teal', 'Bordeaux']",712.1409940000158,,,,,,,,,,,,,,,,,,,,,,,,,,,,,,,,,,,,,,,,,,,,,,,,,,001,003,2026-04-14_13h01.17.755,Train3Laptop,,2026.1.1,59.60264111180524,2026-04-14 13h01.20.136216 +0200,
03-1,020_Grey.jpg,True,Grey,47,44,45,03-1/020_Grey_0.png,29,29,0,"['space', 'space']","[1.138911599991843, 1.6409316000062972]","[0.11593650002032518, 0.09775559999980032]",0,,,0,,,0,,,1,5.0804914000909775,5.080507900100201,0,,,0,,,0,,,0,,,0,,,0,,,0,,,0,,,0,,,0,,,5.0,1.1498336000368,"[(5.0, 1.1498336000368)]","[0.36, 0.08666666666666667]","[0.03166666666666667, -0.27]","[1, 1]","[0, 0]","[0, 0]","[0.939147099852562, 2.2425462999381125]","[None, 'button2']",1,[2.2494290999602526],[2.249441299820319],0,,,0,,,0,,,0,,,0,,,0,,,0,,,0,,,0,,,0,,,0,,,0,,,0,,,0,,,1,[0.5787674998864532],[0.5787839000113308],0,,,0,,,0,,,0,,,0,,,0,,,0,,,0,,,0,,,0,,,0,,,0,,,0,,,0,,,None,0,29,29,28,716.3589335998986,,,,,,,,,,,03-1/020_Grey_0.png,716.2125464000273,716.2126974998973,03-1/020_Grey_0.png,True,Grey,47,44,45,"[2.2428910001181066, 2.6950422001536936]",03-1/020_Grey_0.png,30,,716.2271839999594,716.3589335998986,716.3589335998986,716.3589335998986,716.3589335998986,716.3589335998986,716.3589335998986,716.3589335998986,716.3589335998986,716.3589335998986,716.3589335998986,716.3589335998986,716.3589335998986,716.3589335998986,716.3589335998986,716.3589335998986,716.3589335998986,716.3589335998986,716.3589335998986,716.3589335998986,716.3589335998986,716.6412303999532,717.2086326999124,721.2977136999834,Grey,2,"['space', 'space']","[1.138911599991843, 1.6409316000062972]","[0.11593650002032518, 0.09775559999980032]",0,,,0,,,0,,,1,5.0804914000909775,5.080507900100201,0,,,0,,,0,,,0,,,0,,,0,,,0,,,0,,,0,,,0,,,Grey,723.9011029000394,723.9115344998427,724.2452257999685,721.6541728999,721.6910126998555,721.6910126998555,0.006142899859696627,721.6910126998555,,722.8579628998414,723.9004591000266,5.0,1.1498336000368,"[(5.0, 1.1498336000368)]","[0.36, 0.08666666666666667]","[0.03166666666666667, -0.27]","[1, 1]","[0, 0]","[0, 0]","[0.939147099852562, 2.2425462999381125]","[None, 'button2']",1,[2.2494290999602526],[2.249441299820319],0,,,0,,,0,,,0,,,0,,,0,,,0,,,0,,,0,,,0,,,0,,,0,,,0,,,0,,,724.2909587000031,724.2729406999424,724.2909587000031,724.2909587000031,724.2909587000031,724.2909587000031,724.2909587000031,724.2909587000031,724.2909587000031,724.834061600035,1,[0.5787674998864532],[0.5787839000113308],0,,,0,,,0,,,0,,,0,,,0,,,0,,,0,,,0,,,0,,,0,,,0,,,0,,,0,,,None,724.8348635998555,724.8442644998431,725.3250839998946,725.1785704998765,"['Brown', 'Bordeaux', 'Bordeaux', 'Purple', 'Teal', 'Teal', 'Orange', 'Pink', 'Pink', 'Bordeaux', 'Seafoam', 'Grey', 'Brown', 'Bordeaux', 'Grey', 'Cyan', 'Grey', 'Orange', 'Bordeaux', 'Brown', 'Pink', 'Blue', 'Red', 'Purple', 'Brown', 'Orange', 'Seafoam', 'Teal', 'Teal', 'Bordeaux', 'Grey']",,,,,,,,,,,,,,,,,,,,,,,,,,,,,,,,,,,,,,721.6910126998555,,,,,,,,,,,,,001,003,2026-04-14_13h01.17.755,Train3Laptop,,2026.1.1,59.60264111180524,2026-04-14 13h01.20.136216 +0200,
01-t,018_Yellow.jpg,True,Yellow,100,88,0,01-t/018_Yellow_0.png,30,30,0,"['space', 'space', 'space']","[2.7220238000154495, 3.315283899893984, 4.387313699815422]","[0.11607540003024042, 0.13414199999533594, 0.07059210003353655]",0,,,0,,,0,,,0,,,0,,,0,,,0,,,0,,,0,,,1,[22.051312999799848],[22.051331099821255],0,,,0,,,0,,,0,,,5.0,1.2181448000483215,"[(5.0, 1.2181448000483215)]","[0.3625, 0.045]","[0.0033333333333333335, -0.26416666666666666]","[1, 1]","[0, 0]","[0, 0]","[0.9740469001699239, 2.5083151999861]","[None, 'button2']",1,[2.5256628999486566],[2.525680699851364],0,,,0,,,0,,,0,,,0,,,0,,,0,,,0,,,0,,,0,,,0,,,0,,,0,,,0,,,1,[0.6456176999490708],[0.6456316998228431],0,,,0,,,0,,,0,,,0,,,0,,,0,,,0,,,0,,,0,,,0,,,0,,,0,,,0,,,None,0,30,30,36,725.3250839998946,,,,,,,,,,,01-t/018_Yellow_0.png,725.1801326998975,725.1802759999409,01-t/018_Yellow_0.png,True,Yellow,100,88,0,"[3.7275435999035835, 4.284492099890485, 5.241226099897176, 5.412089999997988, 5.944463999941945]",01-t/018_Yellow_0.png,31,,725.1961190998554,725.3250839998946,725.3250839998946,725.3250839998946,725.3250839998946,725.3250839998946,725.3250839998946,725.3250839998946,725.3250839998946,725.3250839998946,725.3250839998946,725.3250839998946,725.3250839998946,725.3250839998946,725.3250839998946,725.3250839998946,725.3250839998946,725.3250839998946,725.3250839998946,725.3250839998946,725.3250839998946,725.591029800009,726.1416122999508,747.2348787998781,Yellow,1,"['space', 'space', 'space']","[2.7220238000154495, 3.315283899893984, 4.387313699815422]","[0.11607540003024042, 0.13414199999533594, 0.07059210003353655]",0,,,0,,,0,,,0,,,0,,,0,,,0,,,0,,,0,,,1,[22.051312999799848],[22.051331099821255],0,,,0,,,0,,,0,,,Yellow,750.1146005999763,750.1238170999568,750.4577786999289,747.6016962998547,747.6398499999195,747.6398499999195,0.01628969982266426,747.6398499999195,,748.8735058999155,750.113841699902,5.0,1.2181448000483215,"[(5.0, 1.2181448000483215)]","[0.3625, 0.045]","[0.0033333333333333335, -0.26416666666666666]","[1, 1]","[0, 0]","[0, 0]","[0.9740469001699239, 2.5083151999861]","[None, 'button2']",1,[2.5256628999486566],[2.525680699851364],0,,,0,,,0,,,0,,,0,,,0,,,0,,,0,,,0,,,0,,,0,,,0,,,0,,,0,,,750.5065097999759,750.4836838999763,750.5065097999759,750.5065097999759,750.5065097999759,750.5065097999759,750.5065097999759,750.5065097999759,750.5065097999759,751.1146907999646,1,[0.6456176999490708],[0.6456316998228431],0,,,0,,,0,,,0,,,0,,,0,,,0,,,0,,,0,,,0,,,0,,,0,,,0,,,0,,,None,751.1152526999358,751.1237184999045,751.6344602999743,751.4574123998173,"['Brown', 'Bordeaux', 'Bordeaux', 'Purple', 'Teal', 'Teal', 'Orange', 'Pink', 'Pink', 'Bordeaux', 'Seafoam', 'Grey', 'Brown', 'Bordeaux', 'Grey', 'Cyan', 'Grey', 'Orange', 'Bordeaux', 'Brown', 'Pink', 'Blue', 'Red', 'Purple', 'Brown', 'Orange', 'Seafoam', 'Teal', 'Teal', 'Bordeaux', 'Grey', 'Yellow']",,,,,,,,,,,,,,,,,,,,,,,,,,,,,,,,,,,,,,,,,,,747.6398499999195,,,,,,,,001,003,2026-04-14_13h01.17.755,Train3Laptop,,2026.1.1,59.60264111180524,2026-04-14 13h01.20.136216 +0200,
02-1,012_Lime-green.jpg,True,Lime-green,61,94,3,02-1/012_Lime-green_0.png,31,31,0,"['space', 'space', 'space', 'space']","[19.88388969982043, 21.477520399959758, 22.148786399979144, 22.695985399885103]","[0.10664610005915165, 0.11583239980973303, 0.10687089990824461, 0.10691209998913109]",0,,,0,,,0,,,0,,,0,,,0,,,1,56.95508859981783,56.955109499860555,0,,,0,,,0,,,0,,,0,,,0,,,0,,,5.0,1.0996582000516355,"[(5.0, 1.0996582000516355)]","[0.36083333333333334, 0.0125]","[0.008333333333333333, -0.29833333333333334]","[1, 1]","[0, 0]","[0, 0]","[0.8529801999684423, 2.2858174999710172]","[None, 'button2']",1,[2.3023691000416875],[2.3023796998895705],0,,,0,,,0,,,0,,,0,,,0,,,0,,,0,,,0,,,0,,,0,,,0,,,0,,,0,,,1,[0.5156540998723358],[0.5156652997247875],0,,,0,,,0,,,0,,,0,,,0,,,0,,,0,,,0,,,0,,,0,,,0,,,0,,,0,,,None,0,31,31,10,751.6344602999743,,,,,,,,,,,02-1/012_Lime-green_0.png,751.4590257999953,751.4591689000372,02-1/012_Lime-green_0.png,True,Lime-green,61,94,3,"[20.855564599856734, 22.447209100006148, 23.197267399867997, 23.655697599984705, 47.8410066999495]",02-1/012_Lime-green_0.png,32,,751.4748857000377,751.6344602999743,751.6344602999743,751.6344602999743,751.6344602999743,751.6344602999743,751.6344602999743,751.6344602999743,751.6344602999743,751.6344602999743,751.6344602999743,751.6344602999743,751.6344602999743,751.6344602999743,751.6344602999743,751.6344602999743,751.6344602999743,751.6344602999743,751.6344602999743,751.6344602999743,751.6344602999743,751.9567509999033,752.407467099838,808.4191201999784,Lime-green,1,"['space', 'space', 'space', 'space']","[19.88388969982043, 21.477520399959758, 22.148786399979144, 22.695985399885103]","[0.10664610005915165, 0.11583239980973303, 0.10687089990824461, 0.10691209998913109]",0,,,0,,,0,,,0,,,0,,,0,,,1,56.95508859981783,56.955109499860555,0,,,0,,,0,,,0,,,0,,,0,,,0,,,Lime-green,811.0751640000381,811.0889830000233,811.4219808999915,808.7848775999155,808.8376674000174,808.8376674000174,0.015346300089731812,808.8376674000174,,809.9378978000022,811.0744825999718,5.0,1.0996582000516355,"[(5.0, 1.0996582000516355)]","[0.36083333333333334, 0.0125]","[0.008333333333333333, -0.29833333333333334]","[1, 1]","[0, 0]","[0, 0]","[0.8529801999684423, 2.2858174999710172]","[None, 'button2']",1,[2.3023691000416875],[2.3023796998895705],0,,,0,,,0,,,0,,,0,,,0,,,0,,,0,,,0,,,0,,,0,,,0,,,0,,,0,,,811.4706251998432,811.4498999000061,811.4706251998432,811.4706251998432,811.4706251998432,811.4706251998432,811.4706251998432,811.4706251998432,811.4706251998432,811.9443896999583,1,[0.5156540998723358],[0.5156652997247875],0,,,0,,,0,,,0,,,0,,,0,,,0,,,0,,,0,,,0,,,0,,,0,,,0,,,0,,,None,811.9449538998306,811.9549665998202,812.4550856000278,812.2889000999276,"['Brown', 'Bordeaux', 'Bordeaux', 'Purple', 'Teal', 'Teal', 'Orange', 'Pink', 'Pink', 'Bordeaux', 'Seafoam', 'Grey', 'Brown', 'Bordeaux', 'Grey', 'Cyan', 'Grey', 'Orange', 'Bordeaux', 'Brown', 'Pink', 'Blue', 'Red', 'Purple', 'Brown', 'Orange', 'Seafoam', 'Teal', 'Teal', 'Bordeaux', 'Grey', 'Yellow', 'Lime-green']",,,,,,,,,,,,,,,,,,,,,,,,,,,,,,,,,,,,,,,,,,,,808.8376674000174,,,,,,,001,003,2026-04-14_13h01.17.755,Train3Laptop,,2026.1.1,59.60264111180524,2026-04-14 13h01.20.136216 +0200,
03-1,031_Grey.jpg,True,Grey,45,49,57,03-1/031_Grey_0.png,32,32,0,"['space', 'space']","[2.1481999000534415, 3.238413699902594]","[0.10686589987017214, 0.10702480003237724]",0,,,0,,,0,,,1,7.121758700115606,7.1217702000867575,0,,,0,,,0,,,0,,,0,,,0,,,0,,,0,,,0,,,0,,,5.0,1.4828832000494003,"[(5.0, 1.4828832000494003)]","[0.38333333333333336, -0.0008333333333333334]","[-0.010833333333333334, -0.2966666666666667]","[1, 1]","[0, 0]","[0, 0]","[1.2390191999729723, 2.388088900130242]","[None, 'button2']",1,[2.4049336998723447],[2.404943899717182],0,,,0,,,0,,,0,,,0,,,0,,,0,,,0,,,0,,,0,,,0,,,0,,,0,,,0,,,1,[0.5482682997826487],[0.5483652998227626],0,,,0,,,0,,,0,,,0,,,0,,,0,,,0,,,0,,,0,,,0,,,0,,,0,,,0,,,None,0,32,32,34,812.4550856000278,,,,,,,,,,,03-1/031_Grey_0.png,812.2905146998819,812.2906677999999,03-1/031_Grey_0.png,True,Grey,45,49,57,"[3.205752700101584, 4.271863900125027]",03-1/031_Grey_0.png,33,,812.3062092999462,812.4550856000278,812.4550856000278,812.4550856000278,812.4550856000278,812.4550856000278,812.4550856000278,812.4550856000278,812.4550856000278,812.4550856000278,812.4550856000278,812.4550856000278,812.4550856000278,812.4550856000278,812.4550856000278,812.4550856000278,812.4550856000278,812.4550856000278,812.4550856000278,812.4550856000278,812.4550856000278,812.7711558998562,813.2719429000281,819.4162816000171,Grey,2,"['space', 'space']","[2.1481999000534415, 3.238413699902594]","[0.10686589987017214, 0.10702480003237724]",0,,,0,,,0,,,1,7.121758700115606,7.1217702000867575,0,,,0,,,0,,,0,,,0,,,0,,,0,,,0,,,0,,,0,,,Grey,822.1749893999659,822.1886016998906,822.521831799997,819.7825936998706,819.8206430999562,819.8206430999562,0.016008899779990315,819.8206430999562,,821.3204482998699,822.1741928998381,5.0,1.4828832000494003,"[(5.0, 1.4828832000494003)]","[0.38333333333333336, -0.0008333333333333334]","[-0.010833333333333334, -0.2966666666666667]","[1, 1]","[0, 0]","[0, 0]","[1.2390191999729723, 2.388088900130242]","[None, 'button2']",1,[2.4049336998723447],[2.404943899717182],0,,,0,,,0,,,0,,,0,,,0,,,0,,,0,,,0,,,0,,,0,,,0,,,0,,,0,,,822.5703608000185,822.5530283998232,822.5703608000185,822.5703608000185,822.5703608000185,822.5703608000185,822.5703608000185,822.5703608000185,822.5703608000185,823.0766485999338,1,[0.5482682997826487],[0.5483652998227626],0,,,0,,,0,,,0,,,0,,,0,,,0,,,0,,,0,,,0,,,0,,,0,,,0,,,0,,,None,823.0773708999623,823.0881495999638,823.5879169998225,823.4216338999104,"['Brown', 'Bordeaux', 'Bordeaux', 'Purple', 'Teal', 'Teal', 'Orange', 'Pink', 'Pink', 'Bordeaux', 'Seafoam', 'Grey', 'Brown', 'Bordeaux', 'Grey', 'Cyan', 'Grey', 'Orange', 'Bordeaux', 'Brown', 'Pink', 'Blue', 'Red', 'Purple', 'Brown', 'Orange', 'Seafoam', 'Teal', 'Teal', 'Bordeaux', 'Grey', 'Yellow', 'Lime-green', 'Grey']",,,,,,,,,,,,,,,,,,,,,,,,,,,,,,,,,,,,,,819.8206430999562,,,,,,,,,,,,,001,003,2026-04-14_13h01.17.755,Train3Laptop,,2026.1.1,59.60264111180524,2026-04-14 13h01.20.136216 +0200,
01-1,029_Cyan.jpg,True,Cyan,2,100,88,01-1/029_Cyan_0.png,33,33,0,['space'],[0.6795876999385655],[0.12472399999387562],0,,,0,,,0,,,0,,,0,,,0,,,0,,,0,,,0,,,0,,,0,,,1,[8.366859000176191],[8.36687310016714],0,,,0,,,5.0,1.049931899877265,"[(5.0, 1.049931899877265)]","[0.3641666666666667, 0.03]","[0.021666666666666667, -0.2708333333333333]","[1, 1]","[0, 0]","[0, 0]","[0.8062803999055177, 2.007660900009796]","[None, 'button2']",1,[2.0149970001075417],[2.0150071000680327],0,,,0,,,0,,,0,,,0,,,0,,,0,,,0,,,0,,,0,,,0,,,0,,,0,,,0,,,1,[0.34591949987225235],[0.3459338997490704],0,,,0,,,0,,,0,,,0,,,0,,,0,,,0,,,0,,,0,,,0,,,0,,,0,,,0,,,None,0,33,33,5,823.5879169998225,,,,,,,,,,,01-1/029_Cyan_0.png,823.4231826998293,823.4233248999808,01-1/029_Cyan_0.png,True,Cyan,2,100,88,"[1.8064394001848996, 2.86058730003424]",01-1/029_Cyan_0.png,34,,823.4381633999292,823.5879169998225,823.5879169998225,823.5879169998225,823.5879169998225,823.5879169998225,823.5879169998225,823.5879169998225,823.5879169998225,823.5879169998225,823.5879169998225,823.5879169998225,823.5879169998225,823.5879169998225,823.5879169998225,823.5879169998225,823.5879169998225,823.5879169998225,823.5879169998225,823.5879169998225,823.5879169998225,823.8708762000315,824.4384113999549,831.7930614999495,Cyan,2,['space'],[0.6795876999385655],[0.12472399999387562],0,,,0,,,0,,,0,,,0,,,0,,,0,,,0,,,0,,,0,,,0,,,1,[8.366859000176191],[8.36687310016714],0,,,0,,,Cyan,834.1622346998192,834.1713995998725,834.5044837000314,832.149778699968,832.1868395998608,832.1868395998608,0.0063495999202132225,832.1868395998608,,833.2535699999426,834.1614502000157,5.0,1.049931899877265,"[(5.0, 1.049931899877265)]","[0.3641666666666667, 0.03]","[0.021666666666666667, -0.2708333333333333]","[1, 1]","[0, 0]","[0, 0]","[0.8062803999055177, 2.007660900009796]","[None, 'button2']",1,[2.0149970001075417],[2.0150071000680327],0,,,0,,,0,,,0,,,0,,,0,,,0,,,0,,,0,,,0,,,0,,,0,,,0,,,0,,,834.5532386000268,834.5308137999382,834.5532386000268,834.5532386000268,834.5532386000268,834.5532386000268,834.5532386000268,834.5532386000268,834.5532386000268,834.8620360000059,1,[0.34591949987225235],[0.3459338997490704],0,,,0,,,0,,,0,,,0,,,0,,,0,,,0,,,0,,,0,,,0,,,0,,,0,,,0,,,None,834.8626874999609,834.8708726998884,835.3878072998486,835.2043222000357,"['Brown', 'Bordeaux', 'Bordeaux', 'Purple', 'Teal', 'Teal', 'Orange', 'Pink', 'Pink', 'Bordeaux', 'Seafoam', 'Grey', 'Brown', 'Bordeaux', 'Grey', 'Cyan', 'Grey', 'Orange', 'Bordeaux', 'Brown', 'Pink', 'Blue', 'Red', 'Purple', 'Brown', 'Orange', 'Seafoam', 'Teal', 'Teal', 'Bordeaux', 'Grey', 'Yellow', 'Lime-green', 'Grey', 'Cyan']",,,,,,,,,,,,,,,,,,,,,,,,,,,,,,,,,,,,,,,832.1868395998608,,,,,,,,,,,,001,003,2026-04-14_13h01.17.755,Train3Laptop,,2026.1.1,59.60264111180524,2026-04-14 13h01.20.136216 +0200,
03-1,013_Green.jpg,True,Green,2,100,2,03-1/013_Green_0.png,34,34,0,['space'],[-0.0021164999343454838],[0.12507120007649064],0,,,0,,,0,,,0,,,0,,,0,,,0,,,0,,,0,,,0,,,0,,,0,,,0,,,1,[5.540909900097176],[5.54092189995572],5.0,1.6826013000681996,"[(5.0, 1.6826013000681996)]","[0.3925, 0.0275]","[0.0008333333333333334, -0.29333333333333333]","[1, 1]","[0, 0]","[0, 0]","[1.4400032998528332, 2.903665699996054]","[None, 'button2']",1,[2.9208642998710275],[2.9208727998193353],0,,,0,,,0,,,0,,,0,,,0,,,0,,,0,,,0,,,0,,,0,,,0,,,0,,,0,,,1,[1.8005009999033064],[1.8005119001027197],0,,,0,,,0,,,0,,,0,,,0,,,0,,,0,,,0,,,0,,,0,,,0,,,0,,,0,,,None,0,34,34,20,835.3878072998486,,,,,,,,,,,03-1/013_Green_0.png,835.2058679999318,835.2060059998184,03-1/013_Green_0.png,True,Green,2,100,2,"[1.1264597999397665, 1.9573560999706388]",03-1/013_Green_0.png,35,,835.2228989000432,835.3878072998486,835.3878072998486,835.3878072998486,835.3878072998486,835.3878072998486,835.3878072998486,835.3878072998486,835.3878072998486,835.3878072998486,835.3878072998486,835.3878072998486,835.3878072998486,835.3878072998486,835.3878072998486,835.3878072998486,835.3878072998486,835.3878072998486,835.3878072998486,835.3878072998486,835.3878072998486,835.6705675998237,836.2419008999132,840.7488514999859,Green,2,['space'],[-0.0021164999343454838],[0.12507120007649064],0,,,0,,,0,,,0,,,0,,,0,,,0,,,0,,,0,,,0,,,0,,,0,,,0,,,1,[5.540909900097176],[5.54092189995572],Green,844.0228971999604,844.0368591998704,844.3706520998385,841.1156242999714,841.1534112000372,841.1534112000372,0.01644119992852211,841.1534112000372,,842.852570099989,844.0222880998626,5.0,1.6826013000681996,"[(5.0, 1.6826013000681996)]","[0.3925, 0.0275]","[0.0008333333333333334, -0.29333333333333333]","[1, 1]","[0, 0]","[0, 0]","[1.4400032998528332, 2.903665699996054]","[None, 'button2']",1,[2.9208642998710275],[2.9208727998193353],0,,,0,,,0,,,0,,,0,,,0,,,0,,,0,,,0,,,0,,,0,,,0,,,0,,,0,,,844.4191288999282,844.3981736998539,844.4191288999282,844.4191288999282,844.4191288999282,844.4191288999282,844.4191288999282,844.4191288999282,844.4191288999282,846.1765137999319,1,[1.8005009999033064],[1.8005119001027197],0,,,0,,,0,,,0,,,0,,,0,,,0,,,0,,,0,,,0,,,0,,,0,,,0,,,0,,,None,846.1771014998667,846.1875385998283,846.6706638999749,846.521258899942,"['Brown', 'Bordeaux', 'Bordeaux', 'Purple', 'Teal', 'Teal', 'Orange', 'Pink', 'Pink', 'Bordeaux', 'Seafoam', 'Grey', 'Brown', 'Bordeaux', 'Grey', 'Cyan', 'Grey', 'Orange', 'Bordeaux', 'Brown', 'Pink', 'Blue', 'Red', 'Purple', 'Brown', 'Orange', 'Seafoam', 'Teal', 'Teal', 'Bordeaux', 'Grey', 'Yellow', 'Lime-green', 'Grey', 'Cyan', 'Green']",,,,,,,,,,,,,,,,,,,,,,,,,,,,,,,,,,,,,,,,,,,,,841.1534112000372,,,,,,001,003,2026-04-14_13h01.17.755,Train3Laptop,,2026.1.1,59.60264111180524,2026-04-14 13h01.20.136216 +0200,
03-1,019_Brown.jpg,True,Brown,50,17,0,03-1/019_Brown_0.png,35,35,0,"['space', 'space', 'space', 'space']","[3.3175217998214066, 4.1072391998022795, 5.572757599875331, 6.06423019990325]","[0.11523420014418662, 0.08900830009952188, 0.07046020007692277, 0.11601809994317591]",1,17.217142699984834,17.217161000007764,0,,,0,,,0,,,0,,,0,,,0,,,0,,,0,,,0,,,0,,,0,,,0,,,0,,,5.0,1.6320942000020295,"[(5.0, 1.6320942000020295)]","[0.36, 0.0425]","[-0.0016666666666666668, -0.2725]","[1, 1]","[0, 0]","[0, 0]","[1.3867338001728058, 2.553424400044605]","[None, 'button2']",1,[2.556323899887502],[2.5563340997323394],0,,,0,,,0,,,0,,,0,,,0,,,0,,,0,,,0,,,0,,,0,,,0,,,0,,,0,,,1,[0.5824043997563422],[0.5824220997747034],0,,,0,,,0,,,0,,,0,,,0,,,0,,,0,,,0,,,0,,,0,,,0,,,0,,,0,,,None,0,35,35,26,846.6706638999749,,,,,,,,,,,03-1/019_Brown_0.png,846.5228383999784,846.5229881999549,03-1/019_Brown_0.png,True,Brown,50,17,0,"[4.315839200047776, 5.067992700031027, 6.564045799896121, 7.012483399827033, 13.347384499851614]",03-1/019_Brown_0.png,36,,846.5389314000495,846.6706638999749,846.6706638999749,846.6706638999749,846.6706638999749,846.6706638999749,846.6706638999749,846.6706638999749,846.6706638999749,846.6706638999749,846.6706638999749,846.6706638999749,846.6706638999749,846.6706638999749,846.6706638999749,846.6706638999749,846.6706638999749,846.6706638999749,846.6706638999749,846.6706638999749,846.6706638999749,846.9536218999419,847.4535602999385,863.7462287999224,Brown,1,"['space', 'space', 'space', 'space']","[3.3175217998214066, 4.1072391998022795, 5.572757599875331, 6.06423019990325]","[0.11523420014418662, 0.08900830009952188, 0.07046020007692277, 0.11601809994317591]",1,17.217142699984834,17.217161000007764,0,,,0,,,0,,,0,,,0,,,0,,,0,,,0,,,0,,,0,,,0,,,0,,,0,,,Brown,866.6565950999502,866.6699922999833,867.0031461999752,864.0986239998601,864.1355409999378,864.1355409999378,0.0019726997707039118,864.1355409999378,864.1355409999378,865.7854587000329,866.6558034999762,5.0,1.6320942000020295,"[(5.0, 1.6320942000020295)]","[0.36, 0.0425]","[-0.0016666666666666668, -0.2725]","[1, 1]","[0, 0]","[0, 0]","[1.3867338001728058, 2.553424400044605]","[None, 'button2']",1,[2.556323899887502],[2.5563340997323394],0,,,0,,,0,,,0,,,0,,,0,,,0,,,0,,,0,,,0,,,0,,,0,,,0,,,0,,,867.0356169999577,867.0254889000207,867.0356169999577,867.0356169999577,867.0356169999577,867.0356169999577,867.0356169999577,867.0356169999577,867.0356169999577,867.5924825998954,1,[0.5824043997563422],[0.5824220997747034],0,,,0,,,0,,,0,,,0,,,0,,,0,,,0,,,0,,,0,,,0,,,0,,,0,,,0,,,None,867.5930259998422,867.6031382998917,868.0862659998238,867.9364863999654,"['Brown', 'Bordeaux', 'Bordeaux', 'Purple', 'Teal', 'Teal', 'Orange', 'Pink', 'Pink', 'Bordeaux', 'Seafoam', 'Grey', 'Brown', 'Bordeaux', 'Grey', 'Cyan', 'Grey', 'Orange', 'Bordeaux', 'Brown', 'Pink', 'Blue', 'Red', 'Purple', 'Brown', 'Orange', 'Seafoam', 'Teal', 'Teal', 'Bordeaux', 'Grey', 'Yellow', 'Lime-green', 'Grey', 'Cyan', 'Green', 'Brown']",,,,,,,,,,,,,,,,,,,,,,,,,,,,,,,,,,,,,,,,,,,,,,,,,,,001,003,2026-04-14_13h01.17.755,Train3Laptop,,2026.1.1,59.60264111180524,2026-04-14 13h01.20.136216 +0200,
01-1,007_Cyan.jpg,True,Cyan,1,89,99,01-1/007_Cyan_0.png,36,36,0,['space'],[2.1758395000360906],[0.09792390000075102],0,,,0,,,0,,,0,,,0,,,0,,,0,,,0,,,0,,,0,,,0,,,1,[6.170923799974844],[6.170939899981022],0,,,0,,,5.0,1.2489143998827785,"[(5.0, 1.2489143998827785)]","[0.3591666666666667, 0.06166666666666667]","[0.020833333333333332, -0.265]","[1, 1]","[0, 0]","[0, 0]","[1.0061210999265313, 2.340783999999985]","[None, 'button2']",1,[2.343192799948156],[2.3432036999147385],0,,,0,,,0,,,0,,,0,,,0,,,0,,,0,,,0,,,0,,,0,,,0,,,0,,,0,,,1,[0.547105899779126],[0.5471196998842061],0,,,0,,,0,,,0,,,0,,,0,,,0,,,0,,,0,,,0,,,0,,,0,,,0,,,0,,,None,0,36,36,0,868.0862659998238,,,,,,,,,,,01-1/007_Cyan_0.png,867.9380564999301,867.9382050000131,01-1/007_Cyan_0.png,True,Cyan,1,89,99,"[2.3344531999900937, 3.1692780999001116]",01-1/007_Cyan_0.png,37,,867.9533758000471,868.0862659998238,868.0862659998238,868.0862659998238,868.0862659998238,868.0862659998238,868.0862659998238,868.0862659998238,868.0862659998238,868.0862659998238,868.0862659998238,868.0862659998238,868.0862659998238,868.0862659998238,868.0862659998238,868.0862659998238,868.0862659998238,868.0862659998238,868.0862659998238,868.0862659998238,868.0862659998238,868.387024599826,868.9200842999853,874.1116660998669,Cyan,2,['space'],[2.1758395000360906],[0.09792390000075102],0,,,0,,,0,,,0,,,0,,,0,,,0,,,0,,,0,,,0,,,0,,,1,[6.170923799974844],[6.170939899981022],0,,,0,,,Cyan,876.8086649999022,876.8191758999601,877.1529292999767,874.4636438000016,874.5018062999006,874.5018062999006,0.001632999861612916,874.5018062999006,,875.768342099851,876.807884800015,5.0,1.2489143998827785,"[(5.0, 1.2489143998827785)]","[0.3591666666666667, 0.06166666666666667]","[0.020833333333333332, -0.265]","[1, 1]","[0, 0]","[0, 0]","[1.0061210999265313, 2.340783999999985]","[None, 'button2']",1,[2.343192799948156],[2.3432036999147385],0,,,0,,,0,,,0,,,0,,,0,,,0,,,0,,,0,,,0,,,0,,,0,,,0,,,0,,,877.2021367000416,877.1786392999347,877.2021367000416,877.2021367000416,877.2021367000416,877.2021367000416,877.2021367000416,877.2021367000416,877.2021367000416,877.7091200000141,1,[0.547105899779126],[0.5471196998842061],0,,,0,,,0,,,0,,,0,,,0,,,0,,,0,,,0,,,0,,,0,,,0,,,0,,,0,,,None,877.7096990998834,877.7195858999621,878.2194772998337,878.0530262999237,"['Brown', 'Bordeaux', 'Bordeaux', 'Purple', 'Teal', 'Teal', 'Orange', 'Pink', 'Pink', 'Bordeaux', 'Seafoam', 'Grey', 'Brown', 'Bordeaux', 'Grey', 'Cyan', 'Grey', 'Orange', 'Bordeaux', 'Brown', 'Pink', 'Blue', 'Red', 'Purple', 'Brown', 'Orange', 'Seafoam', 'Teal', 'Teal', 'Bordeaux', 'Grey', 'Yellow', 'Lime-green', 'Grey', 'Cyan', 'Green', 'Brown', 'Cyan']",,,,,,,,,,,,,,,,,,,,,,,,,,,,,,,,,,,,,,,874.5018062999006,,,,,,,,,,,,001,003,2026-04-14_13h01.17.755,Train3Laptop,,2026.1.1,59.60264111180524,2026-04-14 13h01.20.136216 +0200,
03-1,006_Teal.jpg,True,Teal,0,46,53,03-1/006_Teal_0.png,37,37,0,"['space', 'space']","[0.734880100004375, 1.7367255999706686]","[0.10675090015865862, 0.06163660017773509]",0,,,1,6.534676499897614,6.534687399864197,0,,,0,,,0,,,0,,,0,,,0,,,0,,,0,,,0,,,0,,,0,,,0,,,5.0,1.9833400000352412,"[(5.0, 1.9833400000352412)]","[0.3566666666666667, 0.06666666666666667]","[0.01, -0.2708333333333333]","[1, 1]","[0, 0]","[0, 0]","[1.7396485998760909, 3.1704639999661595]","[None, 'button2']",1,[3.17510429979302],[3.1751141999848187],0,,,0,,,0,,,0,,,0,,,0,,,0,,,0,,,0,,,0,,,0,,,0,,,0,,,0,,,1,[0.732039500027895],[0.7320505001116544],0,,,0,,,0,,,0,,,0,,,0,,,0,,,0,,,0,,,0,,,0,,,0,,,0,,,0,,,None,0,37,37,15,878.2194772998337,,,,,,,,,,,03-1/006_Teal_0.png,878.0546247998718,878.0547784999944,03-1/006_Teal_0.png,True,Teal,0,46,53,"[1.848119999980554, 2.780037899967283]",03-1/006_Teal_0.png,38,,878.0700463999528,878.2194772998337,878.2194772998337,878.2194772998337,878.2194772998337,878.2194772998337,878.2194772998337,878.2194772998337,878.2194772998337,878.2194772998337,878.2194772998337,878.2194772998337,878.2194772998337,878.2194772998337,878.2194772998337,878.2194772998337,878.2194772998337,878.2194772998337,878.2194772998337,878.2194772998337,878.2194772998337,878.5226137000136,879.0692722999956,884.5935164999682,Teal,2,"['space', 'space']","[0.734880100004375, 1.7367255999706686]","[0.10675090015865862, 0.06163660017773509]",0,,,1,6.534676499897614,6.534687399864197,0,,,0,,,0,,,0,,,0,,,0,,,0,,,0,,,0,,,0,,,0,,,0,,,Teal,888.1219180999324,888.1352188999299,888.4692211998627,884.9477395999711,884.9846357998904,884.9846357998904,0.0039022997952997684,884.9846357998904,,886.984793700045,888.1213098999579,5.0,1.9833400000352412,"[(5.0, 1.9833400000352412)]","[0.3566666666666667, 0.06666666666666667]","[0.01, -0.2708333333333333]","[1, 1]","[0, 0]","[0, 0]","[1.7396485998760909, 3.1704639999661595]","[None, 'button2']",1,[3.17510429979302],[3.1751141999848187],0,,,0,,,0,,,0,,,0,,,0,,,0,,,0,,,0,,,0,,,0,,,0,,,0,,,0,,,888.5180497998372,888.4966732000466,888.5180497998372,888.5180497998372,888.5180497998372,888.5180497998372,888.5180497998372,888.5180497998372,888.5180497998372,889.2070331999566,1,[0.732039500027895],[0.7320505001116544],0,,,0,,,0,,,0,,,0,,,0,,,0,,,0,,,0,,,0,,,0,,,0,,,0,,,0,,,None,889.2075991998427,889.2193916998804,889.5840922000352,889.5522696999833,"['Brown', 'Bordeaux', 'Bordeaux', 'Purple', 'Teal', 'Teal', 'Orange', 'Pink', 'Pink', 'Bordeaux', 'Seafoam', 'Grey', 'Brown', 'Bordeaux', 'Grey', 'Cyan', 'Grey', 'Orange', 'Bordeaux', 'Brown', 'Pink', 'Blue', 'Red', 'Purple', 'Brown', 'Orange', 'Seafoam', 'Teal', 'Teal', 'Bordeaux', 'Grey', 'Yellow', 'Lime-green', 'Grey', 'Cyan', 'Green', 'Brown', 'Cyan', 'Teal']",,,884.9846357998904,,,,,,,,,,,,,,,,,,,,,,,,,,,,,,,,,,,,,,,,,,,,,,,,001,003,2026-04-14_13h01.17.755,Train3Laptop,,2026.1.1,59.60264111180524,2026-04-14 13h01.20.136216 +0200,
,,,,,,,,,,,,,,,,,,,,,,,,,,,,,,,,,,,,,,,,,,,,,,,,,,,,,,,,,,,,,,,,,,,,,,,,,,,,,,,,,,,,,,,,,,,,,,,,,,,,,,,,,,,,,,,,,,,,,,,,,,,,,,,,,,,,,,,,,,,,,,,,,,,,,,,,,,,,,,,,,,,,,,,,,,,,,,,,,,,,,,,,,,,,,,,,,,,,,,,,,,,,,,,,,,,,,,,,,,,,,,,,,,,,,,,,,,,,,,,,,,,,,,,,,,,,,,,,,,,,,,,,,,,,,,,,,,,,,,,,,,,,,,,,,,,,,,,,,,,,,,,,,,,,,,,,,,,,,,,,,,,,,,,,,,,,,,,,,,,,,,,,,,,,,,,,,,,,,,,,,,,,,,,,,,,,,,,,,,,,,,,,,,,,,,,,,,,,,,,,,,,,,,,,,,,,,,,,,,,,,,,,,,,,,889.5737570000347,889.5840922000352,892.552218799945,,,001,003,2026-04-14_13h01.17.755,Train3Laptop,,2026.1.1,59.60264111180524,2026-04-14 13h01.20.136216 +0200,
,,,,,,,,,,,,,,,,,,,,,,,,,,,,,,,,,,,,,,,,,,,,,,,,,,,,,,,,,,,,,,,,,,,,,,,,,,,,,,,,,,,,,,,,,,,,,,,,,,,,,,,,,,,,,,,,,,,,,,,,,,,,,,,,,,,,,,,,,,,,,,,,,,,,,,,,,,,,,,,,,,,,,,,,,,,,,,,,,,,,,,,,,,,,,,,,,,,,,,,,,,,,,,,,,Teal,,,,,,,,,,,,,,,,,,,,,,,,,,,,,,,,,,,,,,,,,,,,,,,,,,,,,,,,,,,,,,,,,,,,,,,,,,,,,,,,,,,,,,,,,,,,,,,,,,,,,,,,,,,,,,,,,,,,,,,,,,,,,,,,,,,,,,,,,,,,,,,,,,,,,,,,,,,,,,,,,,,,,,,,,,,,,,,,,,,,,,,,,,,,,,,,,,,,,,,,,,,,,,,,,,,,,,,,,,,,,,,38,"['Brown', 'Bordeaux', 'Bordeaux', 'Purple', 'Teal', 'Teal', 'Orange', 'Pink', 'Pink', 'Bordeaux', 'Seafoam', 'Grey', 'Brown', 'Bordeaux', 'Grey', 'Cyan', 'Grey', 'Orange', 'Bordeaux', 'Brown', 'Pink', 'Blue', 'Red', 'Purple', 'Brown', 'Orange', 'Seafoam', 'Teal', 'Teal', 'Bordeaux', 'Grey', 'Yellow', 'Lime-green', 'Grey', 'Cyan', 'Green', 'Brown', 'Cyan', 'Teal']",,,,,,,,,
