662.6991 	INFO 	Loaded monitor calibration from ['2026_03_13 16:59']
664.5145 	INFO 	Using renderer 'Intel(R) Graphics' for graphics
664.5145 	INFO 	OpenGL version supported by driver is 4..
664.6268 	EXP 	Created window1 = Window(allowGUI=True, allowStencil=False, autoLog=True, backendConf=UNKNOWN, backgroundFit=<method-wrapper '__getattribute__' of attributeSetter object at 0x000001EFD614D720>, backgroundImage=<method-wrapper '__getattribute__' of attributeSetter object at 0x000001EFD614CE80>, bitsMode=UNKNOWN, blendMode='avg', bpc=(8, 8, 8), color=array([0, 0, 0]), colorSpace='rgb', depthBits=8, fullscr=False, gamma=None, gammaErrorPolicy='raise', infoMsg=UNKNOWN, lms=UNKNOWN, monitor=<psychopy.monitors.calibTools.Monitor object at 0x000001EFD7EA9A50>, multiSample=False, name='window1', numSamples=2, pos=[np.float64(0.0), np.float64(0.0)], screen=0, size=array([1920, 1200]), stencilBits=0, stereo=False, title='PsychoPy', units='height', useFBO=True, useRetina=False, viewOri=0.0, viewPos=None, viewScale=None, waitBlanking=True, winType='pyglet')
664.6269 	EXP 	window1: backgroundImage = ''
664.6270 	EXP 	window1: backgroundFit = 'none'
665.4550 	EXP 	window1: Attempting to measure frame rate of screen (0) ...
665.4550 	EXP 	window1: recordFrameIntervals = False
665.6636 	EXP 	window1: recordFrameIntervals = True
666.0200 	DATA 	Mouse: Left button down, pos=(926,513)
666.2338 	DATA 	Mouse:  Left button up, pos=(926,513)
667.3283 	EXP 	window1: recordFrameIntervals = False
667.3284 	EXP 	Screen (0) actual frame rate measured at 59.60Hz
667.4767 	INFO 	keyboard.Keyboard is using ptb backend.
667.4768 	EXP 	Train3Laptop: status = STARTED
667.9901 	EXP 	Created Welcome_info = TextStim(__class__=<class 'psychopy.visual.text.TextStim'>, alignHoriz=method-wrapper(...), alignText='center', alignVert=method-wrapper(...), anchorHoriz='center', anchorVert='center', antialias=True, autoDraw=False, autoLog=True, bold=False, color=array([-1., -1., -1.]), colorSpace='rgb', contrast=1.0, depth=0.0, draggable=False, flipHoriz=False, flipVert=False, font='Arial', fontFiles=[], height=np.float64(42.0), italic=False, languageStyle='LTR', name='Welcome_info', opacity=1, ori=0.0, pos=array([0., 0.]), rgb=UNKNOWN, text=str(...), units='pix', win=Window(...), wrapWidth=1500.0)
668.0035 	EXP 	Created PressEnterToContinue = TextStim(__class__=<class 'psychopy.visual.text.TextStim'>, alignHoriz=method-wrapper(...), alignText='center', alignVert=method-wrapper(...), anchorHoriz='center', anchorVert='center', antialias=True, autoDraw=False, autoLog=True, bold=False, color=array([-1., -1., -1.]), colorSpace='rgb', contrast=1.0, depth=-2.0, draggable=False, flipHoriz=False, flipVert=False, font='Arial', fontFiles=[], height=np.float64(50.0), italic=False, languageStyle='LTR', name='PressEnterToContinue', opacity=1, ori=0.0, pos=array([   0., -400.]), rgb=UNKNOWN, text='Press "Enter" to continue.', units='pix', win=Window(...), wrapWidth=900.0)
668.0345 	EXP 	Created img = ImageStim(__class__=<class 'psychopy.visual.image.ImageStim'>, anchor=('center', 'center'), autoLog=True, color=array([1., 1., 1.]), colorSpace='rgb', contrast=1.0, depth=0.0, draggable=False, flipHoriz=np.False_, flipVert=np.False_, image='default.png', interpolate=True, mask=None, maskParams=None, name='img', opacity=1.0, ori=1.0, pos=array([0., 0.]), size=array([1., 1.]), texRes=128.0, units='pix', win=Window(...))
668.2714 	EXP 	Created Instructions = TextStim(__class__=<class 'psychopy.visual.text.TextStim'>, alignHoriz=method-wrapper(...), alignText='center', alignVert=method-wrapper(...), anchorHoriz='center', anchorVert='center', antialias=True, autoDraw=False, autoLog=True, bold=False, color=array([-1., -1., -1.]), colorSpace='rgb', contrast=1.0, depth=-17.0, draggable=False, flipHoriz=False, flipVert=False, font='Arial', fontFiles=[], height=36.0, italic=False, languageStyle='LTR', name='Instructions', opacity=1, ori=0.0, pos=array([  0., 500.]), rgb=UNKNOWN, text='', units='pix', win=Window(...), wrapWidth=1400.0)
668.2902 	EXP 	Created RBGInfo = TextStim(__class__=<class 'psychopy.visual.text.TextStim'>, alignHoriz=method-wrapper(...), alignText='center', alignVert=method-wrapper(...), anchorHoriz='center', anchorVert='center', antialias=True, autoDraw=False, autoLog=True, bold=False, color=array([-1., -1., -1.]), colorSpace='rgb', contrast=1.0, depth=-19.0, draggable=False, flipHoriz=False, flipVert=False, font='Arial', fontFiles=[], height=np.float64(42.0), italic=False, languageStyle='LTR', name='RBGInfo', opacity=1.0, ori=0.0, pos=array([300., 300.]), rgb=UNKNOWN, text='RGB values: 0-100\n\nR:        G:        B:', units='pix', win=Window(...), wrapWidth=500)
668.2913 	EXP 	Created R = TextStim(__class__=<class 'psychopy.visual.text.TextStim'>, alignHoriz=method-wrapper(...), alignText='center', alignVert=method-wrapper(...), anchorHoriz='center', anchorVert='center', antialias=True, autoDraw=False, autoLog=True, bold=False, color=array([-1., -1., -1.]), colorSpace='rgb', contrast=1.0, depth=-20.0, draggable=False, flipHoriz=False, flipVert=False, font='Arial', fontFiles=[], height=42.0, italic=False, languageStyle='LTR', name='R', opacity=1.0, ori=0.0, pos=array([165., 220.]), rgb=UNKNOWN, text='', units='pix', win=Window(...), wrapWidth=500)
668.2923 	EXP 	Created G = TextStim(__class__=<class 'psychopy.visual.text.TextStim'>, alignHoriz=method-wrapper(...), alignText='center', alignVert=method-wrapper(...), anchorHoriz='center', anchorVert='center', antialias=True, autoDraw=False, autoLog=True, bold=False, color=array([-1., -1., -1.]), colorSpace='rgb', contrast=1.0, depth=-21.0, draggable=False, flipHoriz=False, flipVert=False, font='Arial', fontFiles=[], height=42.0, italic=False, languageStyle='LTR', name='G', opacity=1.0, ori=0.0, pos=array([300., 220.]), rgb=UNKNOWN, text='', units='pix', win=Window(...), wrapWidth=500)
668.2933 	EXP 	Created B = TextStim(__class__=<class 'psychopy.visual.text.TextStim'>, alignHoriz=method-wrapper(...), alignText='center', alignVert=method-wrapper(...), anchorHoriz='center', anchorVert='center', antialias=True, autoDraw=False, autoLog=True, bold=False, color=array([-1., -1., -1.]), colorSpace='rgb', contrast=1.0, depth=-22.0, draggable=False, flipHoriz=False, flipVert=False, font='Arial', fontFiles=[], height=42.0, italic=False, languageStyle='LTR', name='B', opacity=1.0, ori=0.0, pos=array([435., 220.]), rgb=UNKNOWN, text='', units='pix', win=Window(...), wrapWidth=500)
668.2949 	EXP 	Created counter_Text = TextStim(__class__=<class 'psychopy.visual.text.TextStim'>, alignHoriz=method-wrapper(...), alignText='center', alignVert=method-wrapper(...), anchorHoriz='center', anchorVert='center', antialias=True, autoDraw=False, autoLog=True, bold=False, color=array([1., 1., 1.]), colorSpace='rgb', contrast=1.0, depth=-23.0, draggable=False, flipHoriz=False, flipVert=False, font='Arial', fontFiles=[], height=72.0, italic=False, languageStyle='LTR', name='counter_Text', opacity=1.0, ori=0.0, pos=array([-520., -400.]), rgb=UNKNOWN, text='', units='pix', win=Window(...), wrapWidth=500)
668.3043 	EXP 	Created total_count = TextStim(__class__=<class 'psychopy.visual.text.TextStim'>, alignHoriz=method-wrapper(...), alignText='center', alignVert=method-wrapper(...), anchorHoriz='center', anchorVert='center', antialias=True, autoDraw=False, autoLog=True, bold=False, color=array([1., 1., 1.]), colorSpace='rgb', contrast=1.0, depth=-24.0, draggable=False, flipHoriz=False, flipVert=False, font='Arial', fontFiles=[], height=np.float64(72.0), italic=False, languageStyle='LTR', name='total_count', opacity=1.0, ori=0.0, pos=array([-475., -400.]), rgb=UNKNOWN, text='      / 38', units='pix', win=Window(...), wrapWidth=500)
668.3077 	EXP 	Created text_8 = TextStim(__class__=<class 'psychopy.visual.text.TextStim'>, alignHoriz=method-wrapper(...), alignText='center', alignVert=method-wrapper(...), anchorHoriz='center', anchorVert='center', antialias=True, autoDraw=False, autoLog=True, bold=False, color=array([1., 1., 1.]), colorSpace='rgb', contrast=1.0, depth=0.0, draggable=False, flipHoriz=False, flipVert=False, font='Arial', fontFiles=[], height=np.float64(0.05), italic=False, languageStyle='LTR', name='text_8', opacity=1, ori=0.0, pos=array([0., 0.]), rgb=UNKNOWN, text='', units='height', win=Window(...), wrapWidth=1)
669.2090 	EXP 	Created slider = Slider(__class__=<class 'psychopy.visual.slider.Slider'>, autoDraw=False, autoLog=True, borderColor=None, color=None, colorSpace='rgb', depth=0, fillColor=None, flip=False, font='Noto Sans', granularity=1.0, labelColor=None, labelHeight=np.float64(36.0), labelWrapWidth=None, labels=tuple(...), lineColor=None, markerColor=None, name='slider', opacity=None, ori=0.0, pos=array([-50.,   0.]), readOnly=False, self=UNKNOWN, size=array([1000.,  100.]), startValue=1, style='rating', styleTweaks=[], ticks=array([1, 2, 3, 4, 5]), units='pix', win=Window(...))
669.2306 	EXP 	Created text_9 = TextStim(__class__=<class 'psychopy.visual.text.TextStim'>, alignHoriz=method-wrapper(...), alignText='center', alignVert=method-wrapper(...), anchorHoriz='center', anchorVert='center', antialias=True, autoDraw=False, autoLog=True, bold=False, color=array([-1., -1., -1.]), colorSpace='rgb', contrast=1.0, depth=-1.0, draggable=False, flipHoriz=False, flipVert=False, font='Arial', fontFiles=[], height=np.float64(0.05), italic=False, languageStyle='LTR', name='text_9', opacity=1, ori=0.0, pos=array([0.  , 0.25]), rgb=UNKNOWN, text='How confident were you in your choice?', units='height', win=Window(...), wrapWidth=1)
669.2476 	EXP 	Created text_answer = TextStim(__class__=<class 'psychopy.visual.text.TextStim'>, alignHoriz=method-wrapper(...), alignText='center', alignVert=method-wrapper(...), anchorHoriz='center', anchorVert='center', antialias=True, autoDraw=False, autoLog=True, bold=False, color=array([-1., -1., -1.]), colorSpace='rgb', contrast=1.0, depth=-4.0, draggable=False, flipHoriz=False, flipVert=False, font='Arial', fontFiles=[], height=0.05, italic=False, languageStyle='LTR', name='text_answer', opacity=1, ori=0.0, pos=array([0.  , 0.35]), rgb=UNKNOWN, text='', units='height', win=Window(...), wrapWidth=1)
669.4686 	EXP 	Created text_8 = TextStim(__class__=<class 'psychopy.visual.text.TextStim'>, alignHoriz=method-wrapper(...), alignText='center', alignVert=method-wrapper(...), anchorHoriz='center', anchorVert='center', antialias=True, autoDraw=False, autoLog=True, bold=False, color=array([1., 1., 1.]), colorSpace='rgb', contrast=1.0, depth=0.0, draggable=False, flipHoriz=False, flipVert=False, font='Arial', fontFiles=[], height=np.float64(0.05), italic=False, languageStyle='LTR', name='text_8', opacity=1, ori=0.0, pos=array([0., 0.]), rgb=UNKNOWN, text='', units='height', win=Window(...), wrapWidth=1)
669.4867 	EXP 	Created correctAnswer = TextStim(__class__=<class 'psychopy.visual.text.TextStim'>, alignHoriz=method-wrapper(...), alignText='center', alignVert=method-wrapper(...), anchorHoriz='center', anchorVert='center', antialias=True, autoDraw=False, autoLog=True, bold=False, color=array([-1., -1., -1.]), colorSpace='rgb', contrast=1.0, depth=-1.0, draggable=False, flipHoriz=False, flipVert=False, font='Arial', fontFiles=[], height=56.0, italic=False, languageStyle='LTR', name='correctAnswer', opacity=1, ori=0.0, pos=array([   0., -150.]), rgb=UNKNOWN, text='', units='pix', win=Window(...), wrapWidth=500)
669.4886 	EXP 	Created wrongAnswer = TextStim(__class__=<class 'psychopy.visual.text.TextStim'>, alignHoriz=method-wrapper(...), alignText='center', alignVert=method-wrapper(...), anchorHoriz='center', anchorVert='center', antialias=True, autoDraw=False, autoLog=True, bold=False, color=array([-1., -1., -1.]), colorSpace='rgb', contrast=1.0, depth=-2.0, draggable=False, flipHoriz=False, flipVert=False, font='Arial', fontFiles=[], height=56.0, italic=False, languageStyle='LTR', name='wrongAnswer', opacity=1.0, ori=0.0, pos=array([   0., -150.]), rgb=UNKNOWN, text='', units='pix', win=Window(...), wrapWidth=500)
669.4902 	EXP 	Created corrColor_2 = TextStim(__class__=<class 'psychopy.visual.text.TextStim'>, alignHoriz=method-wrapper(...), alignText='center', alignVert=method-wrapper(...), anchorHoriz='center', anchorVert='center', antialias=True, autoDraw=False, autoLog=True, bold=False, color=array([-1., -1., -1.]), colorSpace='rgb', contrast=1.0, depth=-3.0, draggable=False, flipHoriz=False, flipVert=False, font='Arial', fontFiles=[], height=56.0, italic=False, languageStyle='LTR', name='corrColor_2', opacity=1.0, ori=0.0, pos=array([   0., -150.]), rgb=UNKNOWN, text='', units='pix', win=Window(...), wrapWidth=500)
669.8324 	EXP 	Created RBGInfo_2 = TextStim(__class__=<class 'psychopy.visual.text.TextStim'>, alignHoriz=method-wrapper(...), alignText='center', alignVert=method-wrapper(...), anchorHoriz='center', anchorVert='center', antialias=True, autoDraw=False, autoLog=True, bold=False, color=array([-1., -1., -1.]), colorSpace='rgb', contrast=1.0, depth=-18.0, draggable=False, flipHoriz=False, flipVert=False, font='Arial', fontFiles=[], height=np.float64(42.0), italic=False, languageStyle='LTR', name='RBGInfo_2', opacity=1.0, ori=0.0, pos=array([300., 300.]), rgb=UNKNOWN, text='RGB values: 0-100\n\nR:        G:        B:', units='pix', win=Window(...), wrapWidth=500)
669.8336 	EXP 	Created R_2 = TextStim(__class__=<class 'psychopy.visual.text.TextStim'>, alignHoriz=method-wrapper(...), alignText='center', alignVert=method-wrapper(...), anchorHoriz='center', anchorVert='center', antialias=True, autoDraw=False, autoLog=True, bold=False, color=array([-1., -1., -1.]), colorSpace='rgb', contrast=1.0, depth=-19.0, draggable=False, flipHoriz=False, flipVert=False, font='Arial', fontFiles=[], height=42.0, italic=False, languageStyle='LTR', name='R_2', opacity=1.0, ori=0.0, pos=array([165., 220.]), rgb=UNKNOWN, text='', units='pix', win=Window(...), wrapWidth=500)
669.8347 	EXP 	Created G_2 = TextStim(__class__=<class 'psychopy.visual.text.TextStim'>, alignHoriz=method-wrapper(...), alignText='center', alignVert=method-wrapper(...), anchorHoriz='center', anchorVert='center', antialias=True, autoDraw=False, autoLog=True, bold=False, color=array([-1., -1., -1.]), colorSpace='rgb', contrast=1.0, depth=-20.0, draggable=False, flipHoriz=False, flipVert=False, font='Arial', fontFiles=[], height=42.0, italic=False, languageStyle='LTR', name='G_2', opacity=1.0, ori=0.0, pos=array([300., 220.]), rgb=UNKNOWN, text='', units='pix', win=Window(...), wrapWidth=500)
669.8357 	EXP 	Created B_2 = TextStim(__class__=<class 'psychopy.visual.text.TextStim'>, alignHoriz=method-wrapper(...), alignText='center', alignVert=method-wrapper(...), anchorHoriz='center', anchorVert='center', antialias=True, autoDraw=False, autoLog=True, bold=False, color=array([-1., -1., -1.]), colorSpace='rgb', contrast=1.0, depth=-21.0, draggable=False, flipHoriz=False, flipVert=False, font='Arial', fontFiles=[], height=42.0, italic=False, languageStyle='LTR', name='B_2', opacity=1.0, ori=0.0, pos=array([435., 220.]), rgb=UNKNOWN, text='', units='pix', win=Window(...), wrapWidth=500)
669.8377 	EXP 	Created text_11 = TextStim(__class__=<class 'psychopy.visual.text.TextStim'>, alignHoriz=method-wrapper(...), alignText='center', alignVert=method-wrapper(...), anchorHoriz='center', anchorVert='center', antialias=True, autoDraw=False, autoLog=True, bold=False, color=array([1., 1., 1.]), colorSpace='rgb', contrast=1.0, depth=0.0, draggable=False, flipHoriz=False, flipVert=False, font='Arial', fontFiles=[], height=np.float64(0.05), italic=False, languageStyle='LTR', name='text_11', opacity=1, ori=0.0, pos=array([0., 0.]), rgb=UNKNOWN, text='', units='height', win=Window(...), wrapWidth=1)
669.8395 	EXP 	Created GoodJob = TextStim(__class__=<class 'psychopy.visual.text.TextStim'>, alignHoriz=method-wrapper(...), alignText='center', alignVert=method-wrapper(...), anchorHoriz='center', anchorVert='center', antialias=True, autoDraw=False, autoLog=True, bold=False, color=array([-1., -1., -1.]), colorSpace='rgb', contrast=1.0, depth=0.0, draggable=False, flipHoriz=False, flipVert=False, font='Arial', fontFiles=[], height=50.0, italic=False, languageStyle='LTR', name='GoodJob', opacity=1.0, ori=0.0, pos=array([0., 0.]), rgb=UNKNOWN, text='', units='pix', win=Window(...), wrapWidth=500)
0.0177 	EXP 	slider: autoLog = True
0.0177 	EXP 	slider: styleTweaks = []
0.0177 	EXP 	slider: styleTweaks = []
0.0177 	EXP 	slider: styleTweaks = []
0.0177 	EXP 	slider: styleTweaks = []
0.0177 	EXP 	slider: contrast = 1.0
0.0177 	EXP 	slider: markerPos = 1
0.0177 	EXP 	slider: autoLog = True
0.0384 	EXP 	Welcome_info: autoDraw = True
0.8055 	INFO 	Keyboard events cleared
1.0053 	EXP 	PressEnterToContinue: autoDraw = True
30.1215 	EXP 	Device response: <KeyPress from None: t=29.969743699999526, value=return, duration=None>
30.1217 	EXP 	Device response: <KeyPress from None: t=29.969743699999526, value=return, duration=0.13317259983159602>
30.1697 	EXP 	Imported ExcelOutputTrainStep3.xlsx as conditions, 38 conditions, 8 params
30.1706 	EXP 	New trial (rep=0, index=0): <Trial 0 (0 in rep 0) data={'folder': '03-1', 'image': '006_Brown.jpg', 'logical': True, 'corrColor': 'Brown', 'corrR': 53, 'corrG': 20, 'corrB': 0, 'image_path': '03-1/006_Brown_0.png', 'thisN': 0, 'thisTrialN': 0, 'thisRepN': 0}>
30.1711 	DATA 	Keypress: return
30.4507 	EXP 	Welcome_info: autoDraw = False
30.4507 	EXP 	PressEnterToContinue: autoDraw = False
30.4507 	EXP 	img: foreColor = <psychopy.colors.Color: white, alpha=1.0>
30.4507 	EXP 	img: ori = np.float64(0.0)
30.4507 	EXP 	Instructions: height = np.float64(36.0)
30.4507 	EXP 	Instructions: height = np.float64(36.0)
30.4507 	EXP 	Instructions: height = np.float64(36.0)
30.4507 	EXP 	Instructions: text = 'Click the spacebar to shuffle through the filters to recognize the color.\nPress the button of the color you think it corresponds to.'
30.4507 	EXP 	counter_Text: height = np.float64(72.0)
30.4507 	EXP 	counter_Text: height = np.float64(72.0)
30.4507 	EXP 	counter_Text: height = np.float64(72.0)
30.4507 	EXP 	counter_Text: text = 1
30.4507 	EXP 	img: autoDraw = True
30.4507 	EXP 	Instructions: autoDraw = True
30.4507 	EXP 	RBGInfo: autoDraw = True
30.4507 	EXP 	G: autoDraw = True
30.4507 	EXP 	B: autoDraw = True
30.4507 	EXP 	counter_Text: autoDraw = True
30.4507 	EXP 	total_count: autoDraw = True
30.4507 	EXP 	G: height = np.float64(42.0)
30.4507 	EXP 	G: height = np.float64(42.0)
30.4507 	EXP 	G: height = np.float64(42.0)
30.4507 	EXP 	G: text = ''
30.4507 	EXP 	B: height = np.float64(42.0)
30.4507 	EXP 	B: height = np.float64(42.0)
30.4507 	EXP 	B: height = np.float64(42.0)
30.4507 	EXP 	B: text = ''
30.6001 	EXP 	R: autoDraw = True
51.1321 	EXP 	Device response: <KeyPress from None: t=51.13128659990616, value=space, duration=None>
51.1355 	DATA 	Keypress: space
51.4361 	EXP 	Device response: <KeyPress from None: t=51.13128659990616, value=space, duration=0.16109700012020767>
51.8860 	DATA 	Keypress: space
51.8868 	EXP 	Device response: <KeyPress from None: t=51.83257049997337, value=space, duration=None>
52.0309 	EXP 	Device response: <KeyPress from None: t=51.83257049997337, value=space, duration=0.13407639996148646>
52.7896 	DATA 	Keypress: space
52.7903 	EXP 	Device response: <KeyPress from None: t=52.74865789990872, value=space, duration=None>
52.9356 	EXP 	Device response: <KeyPress from None: t=52.74865789990872, value=space, duration=0.12509849993512034>
53.3866 	DATA 	Keypress: space
53.3872 	EXP 	Device response: <KeyPress from None: t=53.285074499901384, value=space, duration=None>
53.5364 	EXP 	Device response: <KeyPress from None: t=53.285074499901384, value=space, duration=0.16141739999875426>
64.6837 	DATA 	Keypress: space
64.6845 	EXP 	Device response: <KeyPress from None: t=64.63348639989272, value=space, duration=None>
64.8318 	EXP 	Device response: <KeyPress from None: t=64.63348639989272, value=space, duration=0.13401450007222593>
76.6543 	DATA 	Mouse: Left button down, pos=(1611,1133)
76.6817 	EXP 	img: autoDraw = False
76.6817 	EXP 	Instructions: autoDraw = False
76.6817 	EXP 	RBGInfo: autoDraw = False
76.6817 	EXP 	R: autoDraw = False
76.6817 	EXP 	G: autoDraw = False
76.6817 	EXP 	B: autoDraw = False
76.6817 	EXP 	counter_Text: autoDraw = False
76.6817 	EXP 	total_count: autoDraw = False
76.6817 	EXP 	text_8: autoDraw = True
76.8531 	DATA 	Mouse:  Left button up, pos=(1611,1133)
77.0813 	EXP 	text_8: autoDraw = False
77.0813 	EXP 	slider: markerPos = None
77.0813 	EXP 	slider: markerPos = 1
77.0813 	EXP 	slider: autoDraw = True
77.0813 	EXP 	text_9: autoDraw = True
77.0813 	EXP 	text_answer: autoDraw = True
78.1495 	DATA 	Mouse: Left button down, pos=(1409,596)
78.1980 	EXP 	slider: markerPos = np.float64(4.996)
78.2315 	EXP 	slider: markerPos = np.float64(4.996)
78.2647 	EXP 	slider: markerPos = np.float64(4.996)
78.2983 	EXP 	slider: markerPos = np.float64(4.996)
78.3311 	EXP 	slider: markerPos = np.float64(4.996)
78.3647 	EXP 	slider: markerPos = np.float64(4.996)
78.3684 	DATA 	Mouse:  Left button up, pos=(1409,596)
78.3987 	EXP 	slider: markerPos = 5.0
79.6335 	DATA 	Mouse: Left button down, pos=(974,242)
79.6683 	EXP 	slider: autoDraw = False
79.6683 	EXP 	text_9: autoDraw = False
79.6683 	EXP 	text_answer: autoDraw = False
79.6683 	EXP 	text_8: autoDraw = True
79.8723 	DATA 	Mouse:  Left button up, pos=(974,242)
80.0653 	INFO 	Keyboard events cleared
80.0651 	EXP 	text_8: autoDraw = False
80.0651 	EXP 	text_8: autoDraw = False
80.0651 	EXP 	corrColor_2: height = np.float64(56.0)
80.0651 	EXP 	corrColor_2: height = np.float64(56.0)
80.0651 	EXP 	corrColor_2: height = np.float64(56.0)
80.0651 	EXP 	corrColor_2: text = 'Brown'
80.0651 	EXP 	R_2: height = np.float64(42.0)
80.0651 	EXP 	R_2: height = np.float64(42.0)
80.0651 	EXP 	R_2: height = np.float64(42.0)
80.0651 	EXP 	R_2: text = 53
80.0651 	EXP 	G_2: height = np.float64(42.0)
80.0651 	EXP 	G_2: height = np.float64(42.0)
80.0651 	EXP 	G_2: height = np.float64(42.0)
80.0651 	EXP 	G_2: text = 20
80.0651 	EXP 	B_2: height = np.float64(42.0)
80.0651 	EXP 	B_2: height = np.float64(42.0)
80.0651 	EXP 	B_2: height = np.float64(42.0)
80.0651 	EXP 	B_2: text = 0
80.0651 	EXP 	correctAnswer: autoDraw = True
80.0651 	EXP 	RBGInfo_2: autoDraw = True
80.0651 	EXP 	R_2: autoDraw = True
80.0651 	EXP 	G_2: autoDraw = True
80.0651 	EXP 	B_2: autoDraw = True
80.7209 	DATA 	Mouse: Left button down, pos=(974,242)
80.7336 	EXP 	correctAnswer: autoDraw = False
80.7336 	EXP 	wrongAnswer: autoDraw = False
80.7336 	EXP 	corrColor_2: autoDraw = False
80.7336 	EXP 	RBGInfo_2: autoDraw = False
80.7336 	EXP 	R_2: autoDraw = False
80.7336 	EXP 	G_2: autoDraw = False
80.7336 	EXP 	B_2: autoDraw = False
80.7336 	EXP 	text_11: autoDraw = True
80.9355 	DATA 	Mouse:  Left button up, pos=(974,242)
81.0690 	EXP 	New trial (rep=0, index=1): <Trial 1 (1 in rep 0) data={'folder': '03-1', 'image': '029_Bordeaux.jpg', 'logical': True, 'corrColor': 'Bordeaux', 'corrR': 54, 'corrG': 0, 'corrB': 21, 'image_path': '03-1/029_Bordeaux_0.png', 'thisN': 1, 'thisTrialN': 1, 'thisRepN': 0}>
81.2485 	EXP 	text_11: autoDraw = False
81.2485 	EXP 	text_11: autoDraw = False
81.2485 	EXP 	img: foreColor = <psychopy.colors.Color: white, alpha=1.0>
81.2485 	EXP 	img: ori = np.float64(0.0)
81.2485 	EXP 	Instructions: text = 'Click the spacebar to shuffle through the filters to recognize the color.\nPress the button of the color you think it corresponds to.'
81.2485 	EXP 	counter_Text: height = np.float64(72.0)
81.2485 	EXP 	counter_Text: height = np.float64(72.0)
81.2485 	EXP 	counter_Text: height = np.float64(72.0)
81.2485 	EXP 	counter_Text: text = 2
81.2485 	EXP 	img: autoDraw = True
81.2485 	EXP 	Instructions: autoDraw = True
81.2485 	EXP 	RBGInfo: autoDraw = True
81.2485 	EXP 	G: autoDraw = True
81.2485 	EXP 	B: autoDraw = True
81.2485 	EXP 	counter_Text: autoDraw = True
81.2485 	EXP 	total_count: autoDraw = True
81.5316 	EXP 	R: autoDraw = True
85.2504 	DATA 	Keypress: space
85.3817 	EXP 	Device response: <KeyPress from None: t=85.24755740002729, value=space, duration=None>
85.3817 	EXP 	Device response: <KeyPress from None: t=85.24755740002729, value=space, duration=0.08860879996791482>
86.1295 	DATA 	Keypress: space
86.1303 	EXP 	Device response: <KeyPress from None: t=86.07404779992066, value=space, duration=None>
86.2782 	EXP 	Device response: <KeyPress from None: t=86.07404779992066, value=space, duration=0.17050669994205236>
88.0242 	DATA 	Keypress: space
88.0250 	EXP 	Device response: <KeyPress from None: t=87.97890969994478, value=space, duration=None>
88.1644 	EXP 	Device response: <KeyPress from None: t=87.97890969994478, value=space, duration=0.12455049995332956>
88.5913 	DATA 	Keypress: space
88.5918 	EXP 	Device response: <KeyPress from None: t=88.53400580002926, value=space, duration=None>
88.7427 	EXP 	Device response: <KeyPress from None: t=88.53400580002926, value=space, duration=0.14324779994785786>
94.9735 	DATA 	Mouse: Left button down, pos=(1604,994)
94.9978 	EXP 	img: autoDraw = False
94.9978 	EXP 	Instructions: autoDraw = False
94.9978 	EXP 	RBGInfo: autoDraw = False
94.9978 	EXP 	R: autoDraw = False
94.9978 	EXP 	G: autoDraw = False
94.9978 	EXP 	B: autoDraw = False
94.9978 	EXP 	counter_Text: autoDraw = False
94.9978 	EXP 	total_count: autoDraw = False
94.9978 	EXP 	text_8: autoDraw = True
95.1197 	DATA 	Mouse:  Left button up, pos=(1604,994)
95.3810 	EXP 	text_8: autoDraw = False
95.3810 	EXP 	slider: markerPos = None
95.3810 	EXP 	slider: markerPos = 1
95.3810 	EXP 	slider: autoDraw = True
95.3810 	EXP 	text_9: autoDraw = True
95.3810 	EXP 	text_answer: autoDraw = True
96.4310 	DATA 	Mouse: Left button down, pos=(1402,556)
96.4808 	EXP 	slider: markerPos = np.float64(4.968)
96.5140 	EXP 	slider: markerPos = np.float64(4.968)
96.5477 	EXP 	slider: markerPos = np.float64(4.968)
96.5849 	EXP 	slider: markerPos = np.float64(4.968)
96.6144 	EXP 	slider: markerPos = np.float64(4.968)
96.6475 	EXP 	slider: markerPos = np.float64(4.968)
96.6511 	DATA 	Mouse:  Left button up, pos=(1402,556)
96.6810 	EXP 	slider: markerPos = 5.0
97.5017 	DATA 	Mouse: Left button down, pos=(993,274)
97.5348 	EXP 	slider: autoDraw = False
97.5348 	EXP 	text_9: autoDraw = False
97.5348 	EXP 	text_answer: autoDraw = False
97.5348 	EXP 	text_8: autoDraw = True
97.7186 	DATA 	Mouse:  Left button up, pos=(993,274)
97.9310 	INFO 	Keyboard events cleared
97.9308 	EXP 	text_8: autoDraw = False
97.9308 	EXP 	corrColor_2: height = np.float64(56.0)
97.9308 	EXP 	corrColor_2: height = np.float64(56.0)
97.9308 	EXP 	corrColor_2: height = np.float64(56.0)
97.9308 	EXP 	corrColor_2: text = 'Bordeaux'
97.9308 	EXP 	R_2: height = np.float64(42.0)
97.9308 	EXP 	R_2: height = np.float64(42.0)
97.9308 	EXP 	R_2: height = np.float64(42.0)
97.9308 	EXP 	R_2: text = 54
97.9308 	EXP 	G_2: height = np.float64(42.0)
97.9308 	EXP 	G_2: height = np.float64(42.0)
97.9308 	EXP 	G_2: height = np.float64(42.0)
97.9308 	EXP 	G_2: text = 0
97.9308 	EXP 	B_2: height = np.float64(42.0)
97.9308 	EXP 	B_2: height = np.float64(42.0)
97.9308 	EXP 	B_2: height = np.float64(42.0)
97.9308 	EXP 	B_2: text = 21
97.9308 	EXP 	correctAnswer: autoDraw = True
97.9308 	EXP 	RBGInfo_2: autoDraw = True
97.9308 	EXP 	R_2: autoDraw = True
97.9308 	EXP 	G_2: autoDraw = True
97.9308 	EXP 	B_2: autoDraw = True
98.9685 	DATA 	Mouse: Left button down, pos=(997,271)
98.9847 	EXP 	correctAnswer: autoDraw = False
98.9847 	EXP 	wrongAnswer: autoDraw = False
98.9847 	EXP 	corrColor_2: autoDraw = False
98.9847 	EXP 	RBGInfo_2: autoDraw = False
98.9847 	EXP 	R_2: autoDraw = False
98.9847 	EXP 	G_2: autoDraw = False
98.9847 	EXP 	B_2: autoDraw = False
98.9847 	EXP 	text_11: autoDraw = True
99.1865 	DATA 	Mouse:  Left button up, pos=(997,271)
99.3194 	EXP 	New trial (rep=0, index=2): <Trial 2 (2 in rep 0) data={'folder': '03-1', 'image': '032_Bordeaux.jpg', 'logical': True, 'corrColor': 'Bordeaux', 'corrR': 50, 'corrG': 0, 'corrB': 18, 'image_path': '03-1/032_Bordeaux_0.png', 'thisN': 2, 'thisTrialN': 2, 'thisRepN': 0}>
99.4888 	EXP 	text_11: autoDraw = False
99.4888 	EXP 	text_11: autoDraw = False
99.4888 	EXP 	img: foreColor = <psychopy.colors.Color: white, alpha=1.0>
99.4888 	EXP 	img: ori = np.float64(0.0)
99.4888 	EXP 	Instructions: text = 'Click the spacebar to shuffle through the filters to recognize the color.\nPress the button of the color you think it corresponds to.'
99.4888 	EXP 	counter_Text: height = np.float64(72.0)
99.4888 	EXP 	counter_Text: height = np.float64(72.0)
99.4888 	EXP 	counter_Text: height = np.float64(72.0)
99.4888 	EXP 	counter_Text: text = 3
99.4888 	EXP 	img: autoDraw = True
99.4888 	EXP 	Instructions: autoDraw = True
99.4888 	EXP 	RBGInfo: autoDraw = True
99.4888 	EXP 	G: autoDraw = True
99.4888 	EXP 	B: autoDraw = True
99.4888 	EXP 	counter_Text: autoDraw = True
99.4888 	EXP 	total_count: autoDraw = True
99.8143 	EXP 	R: autoDraw = True
138.5753 	DATA 	Keypress: space
138.5764 	EXP 	Device response: <KeyPress from None: t=138.52631310001016, value=space, duration=None>
138.7391 	EXP 	Device response: <KeyPress from None: t=138.52631310001016, value=space, duration=0.11552300001494586>
139.2217 	DATA 	Keypress: space
139.2222 	EXP 	Device response: <KeyPress from None: t=139.18908219994046, value=space, duration=None>
139.3946 	EXP 	Device response: <KeyPress from None: t=139.18908219994046, value=space, duration=0.097659399965778>
141.0012 	DATA 	Keypress: space
141.0017 	EXP 	Device response: <KeyPress from None: t=140.9365591998212, value=space, duration=None>
141.1736 	EXP 	Device response: <KeyPress from None: t=140.9365591998212, value=space, duration=0.10688230022788048>
141.7940 	DATA 	Keypress: space
141.7946 	EXP 	Device response: <KeyPress from None: t=141.67491830000654, value=space, duration=None>
141.9553 	EXP 	Device response: <KeyPress from None: t=141.67491830000654, value=space, duration=0.12509809993207455>
144.7864 	DATA 	Mouse: Left button down, pos=(1638,1007)
144.8132 	EXP 	img: autoDraw = False
144.8132 	EXP 	Instructions: autoDraw = False
144.8132 	EXP 	RBGInfo: autoDraw = False
144.8132 	EXP 	R: autoDraw = False
144.8132 	EXP 	G: autoDraw = False
144.8132 	EXP 	B: autoDraw = False
144.8132 	EXP 	counter_Text: autoDraw = False
144.8132 	EXP 	total_count: autoDraw = False
144.8132 	EXP 	text_8: autoDraw = True
144.9349 	DATA 	Mouse:  Left button up, pos=(1638,1007)
145.1954 	EXP 	text_8: autoDraw = False
145.1954 	EXP 	slider: markerPos = None
145.1954 	EXP 	slider: markerPos = 1
145.1954 	EXP 	slider: autoDraw = True
145.1954 	EXP 	text_9: autoDraw = True
145.1954 	EXP 	text_answer: autoDraw = True
146.1800 	DATA 	Mouse: Left button down, pos=(1421,622)
146.2286 	EXP 	slider: markerPos = np.float64(5.0440000000000005)
146.2620 	EXP 	slider: markerPos = np.float64(5.0440000000000005)
146.2954 	EXP 	slider: markerPos = np.float64(5.0440000000000005)
146.3289 	EXP 	slider: markerPos = np.float64(5.0440000000000005)
146.3621 	EXP 	slider: markerPos = np.float64(5.0440000000000005)
146.3955 	EXP 	slider: markerPos = np.float64(5.0440000000000005)
146.3976 	DATA 	Mouse:  Left button up, pos=(1421,622)
146.4298 	EXP 	slider: markerPos = 5.0
147.5135 	DATA 	Mouse: Left button down, pos=(1059,273)
147.5495 	EXP 	slider: autoDraw = False
147.5495 	EXP 	text_9: autoDraw = False
147.5495 	EXP 	text_answer: autoDraw = False
147.5495 	EXP 	text_8: autoDraw = True
147.7510 	DATA 	Mouse:  Left button up, pos=(1059,273)
147.9122 	INFO 	Keyboard events cleared
147.9120 	EXP 	text_8: autoDraw = False
147.9120 	EXP 	text_8: autoDraw = False
147.9120 	EXP 	corrColor_2: text = 'Bordeaux'
147.9120 	EXP 	R_2: height = np.float64(42.0)
147.9120 	EXP 	R_2: height = np.float64(42.0)
147.9120 	EXP 	R_2: height = np.float64(42.0)
147.9120 	EXP 	R_2: text = 50
147.9120 	EXP 	G_2: height = np.float64(42.0)
147.9120 	EXP 	G_2: height = np.float64(42.0)
147.9120 	EXP 	G_2: height = np.float64(42.0)
147.9120 	EXP 	G_2: text = 0
147.9120 	EXP 	B_2: height = np.float64(42.0)
147.9120 	EXP 	B_2: height = np.float64(42.0)
147.9120 	EXP 	B_2: height = np.float64(42.0)
147.9120 	EXP 	B_2: text = 18
147.9120 	EXP 	correctAnswer: autoDraw = True
147.9120 	EXP 	RBGInfo_2: autoDraw = True
147.9120 	EXP 	R_2: autoDraw = True
147.9120 	EXP 	G_2: autoDraw = True
147.9120 	EXP 	B_2: autoDraw = True
148.4171 	DATA 	Mouse: Left button down, pos=(1059,273)
148.4321 	EXP 	correctAnswer: autoDraw = False
148.4321 	EXP 	wrongAnswer: autoDraw = False
148.4321 	EXP 	corrColor_2: autoDraw = False
148.4321 	EXP 	RBGInfo_2: autoDraw = False
148.4321 	EXP 	R_2: autoDraw = False
148.4321 	EXP 	G_2: autoDraw = False
148.4321 	EXP 	B_2: autoDraw = False
148.4321 	EXP 	text_11: autoDraw = True
148.6496 	DATA 	Mouse:  Left button up, pos=(1059,273)
148.7679 	EXP 	New trial (rep=0, index=3): <Trial 3 (3 in rep 0) data={'folder': '01-1', 'image': '018_Purple.jpg', 'logical': True, 'corrColor': 'Purple', 'corrR': 51, 'corrG': 2, 'corrB': 100, 'image_path': '01-1/018_Purple_0.png', 'thisN': 3, 'thisTrialN': 3, 'thisRepN': 0}>
148.9130 	EXP 	text_11: autoDraw = False
148.9130 	EXP 	text_11: autoDraw = False
148.9130 	EXP 	img: foreColor = <psychopy.colors.Color: white, alpha=1.0>
148.9130 	EXP 	img: ori = np.float64(0.0)
148.9130 	EXP 	Instructions: text = 'Click the spacebar to shuffle through the filters to recognize the color.\nPress the button of the color you think it corresponds to.'
148.9130 	EXP 	counter_Text: height = np.float64(72.0)
148.9130 	EXP 	counter_Text: height = np.float64(72.0)
148.9130 	EXP 	counter_Text: height = np.float64(72.0)
148.9130 	EXP 	counter_Text: text = 4
148.9130 	EXP 	img: autoDraw = True
148.9130 	EXP 	Instructions: autoDraw = True
148.9130 	EXP 	RBGInfo: autoDraw = True
148.9130 	EXP 	G: autoDraw = True
148.9130 	EXP 	B: autoDraw = True
148.9130 	EXP 	counter_Text: autoDraw = True
148.9130 	EXP 	total_count: autoDraw = True
149.2011 	EXP 	R: autoDraw = True
150.1380 	DATA 	Keypress: space
150.1386 	EXP 	Device response: <KeyPress from None: t=150.11445440002717, value=space, duration=None>
150.2667 	EXP 	Device response: <KeyPress from None: t=150.11445440002717, value=space, duration=0.10679739993065596>
150.8120 	DATA 	Keypress: space
150.9566 	EXP 	Device response: <KeyPress from None: t=150.81026229984127, value=space, duration=None>
150.9566 	EXP 	Device response: <KeyPress from None: t=150.81026229984127, value=space, duration=0.09770470019429922>
153.5543 	DATA 	Keypress: space
153.5555 	EXP 	Device response: <KeyPress from None: t=153.500052300049, value=space, duration=None>
153.7184 	EXP 	Device response: <KeyPress from None: t=153.500052300049, value=space, duration=0.10675909998826683>
154.1364 	DATA 	Keypress: space
154.1372 	EXP 	Device response: <KeyPress from None: t=154.12781349988654, value=space, duration=None>
154.2656 	EXP 	Device response: <KeyPress from None: t=154.12781349988654, value=space, duration=0.13413850008510053>
156.4789 	DATA 	Mouse: Left button down, pos=(1604,530)
156.6289 	EXP 	img: autoDraw = False
156.6289 	EXP 	Instructions: autoDraw = False
156.6289 	EXP 	RBGInfo: autoDraw = False
156.6289 	EXP 	R: autoDraw = False
156.6289 	EXP 	G: autoDraw = False
156.6289 	EXP 	B: autoDraw = False
156.6289 	EXP 	counter_Text: autoDraw = False
156.6289 	EXP 	total_count: autoDraw = False
156.6289 	EXP 	text_8: autoDraw = True
156.7182 	DATA 	Mouse:  Left button up, pos=(1604,530)
157.0115 	EXP 	text_8: autoDraw = False
157.0115 	EXP 	text_8: autoDraw = False
157.0115 	EXP 	slider: markerPos = None
157.0115 	EXP 	slider: markerPos = 1
157.0115 	EXP 	slider: autoDraw = True
157.0115 	EXP 	text_9: autoDraw = True
157.0115 	EXP 	text_answer: autoDraw = True
157.7617 	DATA 	Mouse: Left button down, pos=(1392,574)
157.8116 	EXP 	slider: markerPos = np.float64(4.928)
157.8455 	EXP 	slider: markerPos = np.float64(4.928)
157.8783 	EXP 	slider: markerPos = np.float64(4.928)
157.9118 	EXP 	slider: markerPos = np.float64(4.928)
157.9451 	EXP 	slider: markerPos = np.float64(4.928)
157.9783 	EXP 	slider: markerPos = np.float64(4.928)
157.9988 	DATA 	Mouse:  Left button up, pos=(1392,574)
158.0122 	EXP 	slider: markerPos = np.float64(4.928)
158.0452 	EXP 	slider: markerPos = 5.0
159.0139 	DATA 	Mouse: Left button down, pos=(1041,258)
159.0324 	EXP 	slider: autoDraw = False
159.0324 	EXP 	text_9: autoDraw = False
159.0324 	EXP 	text_answer: autoDraw = False
159.0324 	EXP 	text_8: autoDraw = True
159.2495 	DATA 	Mouse:  Left button up, pos=(1041,258)
159.4120 	INFO 	Keyboard events cleared
159.4119 	EXP 	text_8: autoDraw = False
159.4119 	EXP 	text_8: autoDraw = False
159.4119 	EXP 	corrColor_2: height = np.float64(56.0)
159.4119 	EXP 	corrColor_2: height = np.float64(56.0)
159.4119 	EXP 	corrColor_2: height = np.float64(56.0)
159.4119 	EXP 	corrColor_2: text = 'Purple'
159.4119 	EXP 	R_2: height = np.float64(42.0)
159.4119 	EXP 	R_2: height = np.float64(42.0)
159.4119 	EXP 	R_2: height = np.float64(42.0)
159.4119 	EXP 	R_2: text = 51
159.4119 	EXP 	G_2: height = np.float64(42.0)
159.4119 	EXP 	G_2: height = np.float64(42.0)
159.4119 	EXP 	G_2: height = np.float64(42.0)
159.4119 	EXP 	G_2: text = 2
159.4119 	EXP 	B_2: height = np.float64(42.0)
159.4119 	EXP 	B_2: height = np.float64(42.0)
159.4119 	EXP 	B_2: height = np.float64(42.0)
159.4119 	EXP 	B_2: text = 100
159.4119 	EXP 	correctAnswer: autoDraw = True
159.4119 	EXP 	RBGInfo_2: autoDraw = True
159.4119 	EXP 	R_2: autoDraw = True
159.4119 	EXP 	G_2: autoDraw = True
159.4119 	EXP 	B_2: autoDraw = True
160.4721 	DATA 	Mouse: Left button down, pos=(1024,251)
160.4991 	EXP 	correctAnswer: autoDraw = False
160.4991 	EXP 	wrongAnswer: autoDraw = False
160.4991 	EXP 	corrColor_2: autoDraw = False
160.4991 	EXP 	RBGInfo_2: autoDraw = False
160.4991 	EXP 	R_2: autoDraw = False
160.4991 	EXP 	G_2: autoDraw = False
160.4991 	EXP 	B_2: autoDraw = False
160.4991 	EXP 	text_11: autoDraw = True
160.7042 	DATA 	Mouse:  Left button up, pos=(1024,251)
160.8341 	EXP 	New trial (rep=0, index=4): <Trial 4 (4 in rep 0) data={'folder': '03-1', 'image': '011_Teal.jpg', 'logical': True, 'corrColor': 'Teal', 'corrR': 0, 'corrG': 45, 'corrB': 54, 'image_path': '03-1/011_Teal_0.png', 'thisN': 4, 'thisTrialN': 4, 'thisRepN': 0}>
161.0002 	EXP 	text_11: autoDraw = False
161.0002 	EXP 	text_11: autoDraw = False
161.0002 	EXP 	img: foreColor = <psychopy.colors.Color: white, alpha=1.0>
161.0002 	EXP 	img: ori = np.float64(0.0)
161.0002 	EXP 	Instructions: text = 'Click the spacebar to shuffle through the filters to recognize the color.\nPress the button of the color you think it corresponds to.'
161.0002 	EXP 	counter_Text: height = np.float64(72.0)
161.0002 	EXP 	counter_Text: height = np.float64(72.0)
161.0002 	EXP 	counter_Text: height = np.float64(72.0)
161.0002 	EXP 	counter_Text: text = 5
161.0002 	EXP 	img: autoDraw = True
161.0002 	EXP 	Instructions: autoDraw = True
161.0002 	EXP 	RBGInfo: autoDraw = True
161.0002 	EXP 	G: autoDraw = True
161.0002 	EXP 	B: autoDraw = True
161.0002 	EXP 	counter_Text: autoDraw = True
161.0002 	EXP 	total_count: autoDraw = True
161.2960 	EXP 	R: autoDraw = True
163.4217 	DATA 	Keypress: space
163.5559 	EXP 	Device response: <KeyPress from None: t=163.4196299999021, value=space, duration=None>
163.5560 	EXP 	Device response: <KeyPress from None: t=163.4196299999021, value=space, duration=0.08912619994953275>
164.7622 	DATA 	Keypress: space
164.7628 	EXP 	Device response: <KeyPress from None: t=164.72315440000966, value=space, duration=None>
165.0504 	EXP 	Device response: <KeyPress from None: t=164.72315440000966, value=space, duration=0.197636199882254>
167.5321 	DATA 	Keypress: space
167.5326 	EXP 	Device response: <KeyPress from None: t=167.4498352999799, value=space, duration=None>
167.6950 	EXP 	Device response: <KeyPress from None: t=167.4498352999799, value=space, duration=0.18849999993108213>
168.2948 	DATA 	Keypress: space
168.2955 	EXP 	Device response: <KeyPress from None: t=168.23385249986313, value=space, duration=None>
168.4461 	EXP 	Device response: <KeyPress from None: t=168.23385249986313, value=space, duration=0.14318290003575385>
169.0050 	DATA 	Keypress: space
169.0057 	EXP 	Device response: <KeyPress from None: t=168.9736238999758, value=space, duration=None>
169.1442 	EXP 	Device response: <KeyPress from None: t=168.9736238999758, value=space, duration=0.16156199993565679>
170.0396 	DATA 	Keypress: space
170.0401 	EXP 	Device response: <KeyPress from None: t=169.93330409983173, value=space, duration=None>
170.1899 	EXP 	Device response: <KeyPress from None: t=169.93330409983173, value=space, duration=0.18857230013236403>
182.2355 	DATA 	Keypress: space
182.2362 	EXP 	Device response: <KeyPress from None: t=182.21912240004167, value=space, duration=None>
182.3798 	EXP 	Device response: <KeyPress from None: t=182.21912240004167, value=space, duration=0.11557129980064929>
182.6570 	DATA 	Keypress: space
182.6588 	EXP 	Device response: <KeyPress from None: t=182.64790919981897, value=space, duration=None>
182.8097 	EXP 	Device response: <KeyPress from None: t=182.64790919981897, value=space, duration=0.09796620020642877>
183.2423 	DATA 	Keypress: space
183.2431 	EXP 	Device response: <KeyPress from None: t=183.13275490002707, value=space, duration=None>
183.3890 	EXP 	Device response: <KeyPress from None: t=183.13275490002707, value=space, duration=0.1341155997943133>
185.4564 	DATA 	Keypress: space
185.4569 	EXP 	Device response: <KeyPress from None: t=185.445488399826, value=space, duration=None>
185.5998 	EXP 	Device response: <KeyPress from None: t=185.445488399826, value=space, duration=0.09790380019694567>
189.7496 	DATA 	Mouse: Left button down, pos=(1626,1070)
189.8947 	EXP 	img: autoDraw = False
189.8947 	EXP 	Instructions: autoDraw = False
189.8947 	EXP 	RBGInfo: autoDraw = False
189.8947 	EXP 	R: autoDraw = False
189.8947 	EXP 	G: autoDraw = False
189.8947 	EXP 	B: autoDraw = False
189.8947 	EXP 	counter_Text: autoDraw = False
189.8947 	EXP 	total_count: autoDraw = False
189.8947 	EXP 	text_8: autoDraw = True
189.9834 	DATA 	Mouse:  Left button up, pos=(1626,1070)
190.2945 	EXP 	text_8: autoDraw = False
190.2945 	EXP 	slider: markerPos = None
190.2945 	EXP 	slider: markerPos = 1
190.2945 	EXP 	slider: autoDraw = True
190.2945 	EXP 	text_9: autoDraw = True
190.2945 	EXP 	text_answer: autoDraw = True
191.0630 	DATA 	Mouse: Left button down, pos=(1382,603)
191.1106 	EXP 	slider: markerPos = np.float64(4.888)
191.1437 	EXP 	slider: markerPos = np.float64(4.888)
191.1774 	EXP 	slider: markerPos = np.float64(4.888)
191.2105 	EXP 	slider: markerPos = np.float64(4.888)
191.2440 	EXP 	slider: markerPos = np.float64(4.888)
191.2773 	EXP 	slider: markerPos = np.float64(4.888)
191.2784 	DATA 	Mouse:  Left button up, pos=(1382,603)
191.3109 	EXP 	slider: markerPos = 5.0
192.3595 	DATA 	Mouse: Left button down, pos=(1007,264)
192.3983 	EXP 	slider: autoDraw = False
192.3983 	EXP 	text_9: autoDraw = False
192.3983 	EXP 	text_answer: autoDraw = False
192.3983 	EXP 	text_8: autoDraw = True
192.5994 	DATA 	Mouse:  Left button up, pos=(1007,264)
192.7771 	INFO 	Keyboard events cleared
192.7770 	EXP 	text_8: autoDraw = False
192.7770 	EXP 	corrColor_2: height = np.float64(56.0)
192.7770 	EXP 	corrColor_2: height = np.float64(56.0)
192.7770 	EXP 	corrColor_2: height = np.float64(56.0)
192.7770 	EXP 	corrColor_2: text = 'Teal'
192.7770 	EXP 	R_2: height = np.float64(42.0)
192.7770 	EXP 	R_2: height = np.float64(42.0)
192.7770 	EXP 	R_2: height = np.float64(42.0)
192.7770 	EXP 	R_2: text = 0
192.7770 	EXP 	G_2: height = np.float64(42.0)
192.7770 	EXP 	G_2: height = np.float64(42.0)
192.7770 	EXP 	G_2: height = np.float64(42.0)
192.7770 	EXP 	G_2: text = 45
192.7770 	EXP 	B_2: height = np.float64(42.0)
192.7770 	EXP 	B_2: height = np.float64(42.0)
192.7770 	EXP 	B_2: height = np.float64(42.0)
192.7770 	EXP 	B_2: text = 54
192.7770 	EXP 	correctAnswer: autoDraw = True
192.7770 	EXP 	RBGInfo_2: autoDraw = True
192.7770 	EXP 	R_2: autoDraw = True
192.7770 	EXP 	G_2: autoDraw = True
192.7770 	EXP 	B_2: autoDraw = True
193.3350 	DATA 	Mouse: Left button down, pos=(1007,264)
193.3626 	EXP 	correctAnswer: autoDraw = False
193.3626 	EXP 	wrongAnswer: autoDraw = False
193.3626 	EXP 	corrColor_2: autoDraw = False
193.3626 	EXP 	RBGInfo_2: autoDraw = False
193.3626 	EXP 	R_2: autoDraw = False
193.3626 	EXP 	G_2: autoDraw = False
193.3626 	EXP 	B_2: autoDraw = False
193.3626 	EXP 	text_11: autoDraw = True
193.5650 	DATA 	Mouse:  Left button up, pos=(1007,264)
193.6981 	EXP 	New trial (rep=0, index=5): <Trial 5 (5 in rep 0) data={'folder': '03-1', 'image': '019_Teal.jpg', 'logical': True, 'corrColor': 'Teal', 'corrR': 0, 'corrG': 44, 'corrB': 49, 'image_path': '03-1/019_Teal_0.png', 'thisN': 5, 'thisTrialN': 5, 'thisRepN': 0}>
193.8618 	EXP 	text_11: autoDraw = False
193.8618 	EXP 	text_11: autoDraw = False
193.8618 	EXP 	img: foreColor = <psychopy.colors.Color: white, alpha=1.0>
193.8618 	EXP 	img: ori = np.float64(0.0)
193.8618 	EXP 	Instructions: text = 'Click the spacebar to shuffle through the filters to recognize the color.\nPress the button of the color you think it corresponds to.'
193.8618 	EXP 	counter_Text: height = np.float64(72.0)
193.8618 	EXP 	counter_Text: height = np.float64(72.0)
193.8618 	EXP 	counter_Text: height = np.float64(72.0)
193.8618 	EXP 	counter_Text: text = 6
193.8618 	EXP 	img: autoDraw = True
193.8618 	EXP 	Instructions: autoDraw = True
193.8618 	EXP 	RBGInfo: autoDraw = True
193.8618 	EXP 	G: autoDraw = True
193.8618 	EXP 	B: autoDraw = True
193.8618 	EXP 	counter_Text: autoDraw = True
193.8618 	EXP 	total_count: autoDraw = True
194.1279 	EXP 	R: autoDraw = True
196.9189 	DATA 	Keypress: space
197.0374 	EXP 	Device response: <KeyPress from None: t=196.9186700999271, value=space, duration=None>
197.1962 	EXP 	Device response: <KeyPress from None: t=196.9186700999271, value=space, duration=0.1754910999443382>
197.7781 	DATA 	Keypress: space
197.7789 	EXP 	Device response: <KeyPress from None: t=197.73074959986843, value=space, duration=None>
197.9410 	EXP 	Device response: <KeyPress from None: t=197.73074959986843, value=space, duration=0.11602720012888312>
203.0419 	DATA 	Mouse: Left button down, pos=(1616,1073)
203.0604 	EXP 	img: autoDraw = False
203.0604 	EXP 	Instructions: autoDraw = False
203.0604 	EXP 	RBGInfo: autoDraw = False
203.0604 	EXP 	R: autoDraw = False
203.0604 	EXP 	G: autoDraw = False
203.0604 	EXP 	B: autoDraw = False
203.0604 	EXP 	counter_Text: autoDraw = False
203.0604 	EXP 	total_count: autoDraw = False
203.0604 	EXP 	text_8: autoDraw = True
203.1821 	DATA 	Mouse:  Left button up, pos=(1616,1073)
203.4436 	EXP 	text_8: autoDraw = False
203.4436 	EXP 	text_8: autoDraw = False
203.4436 	EXP 	slider: markerPos = None
203.4436 	EXP 	slider: markerPos = 1
203.4436 	EXP 	slider: autoDraw = True
203.4436 	EXP 	text_9: autoDraw = True
203.4436 	EXP 	text_answer: autoDraw = True
204.3571 	DATA 	Mouse: Left button down, pos=(1390,567)
204.4102 	EXP 	slider: markerPos = np.float64(4.92)
204.4440 	EXP 	slider: markerPos = np.float64(4.92)
204.4768 	EXP 	slider: markerPos = np.float64(4.92)
204.5101 	EXP 	slider: markerPos = np.float64(4.92)
204.5434 	EXP 	slider: markerPos = np.float64(4.92)
204.5770 	EXP 	slider: markerPos = np.float64(4.92)
204.5794 	DATA 	Mouse:  Left button up, pos=(1390,567)
204.6100 	EXP 	slider: markerPos = 5.0
205.6451 	DATA 	Mouse: Left button down, pos=(997,260)
205.6636 	EXP 	slider: autoDraw = False
205.6636 	EXP 	text_9: autoDraw = False
205.6636 	EXP 	text_answer: autoDraw = False
205.6636 	EXP 	text_8: autoDraw = True
205.8675 	DATA 	Mouse:  Left button up, pos=(997,260)
206.0271 	INFO 	Keyboard events cleared
206.0269 	EXP 	text_8: autoDraw = False
206.0269 	EXP 	text_8: autoDraw = False
206.0269 	EXP 	corrColor_2: text = 'Teal'
206.0269 	EXP 	R_2: height = np.float64(42.0)
206.0269 	EXP 	R_2: height = np.float64(42.0)
206.0269 	EXP 	R_2: height = np.float64(42.0)
206.0269 	EXP 	R_2: text = 0
206.0269 	EXP 	G_2: height = np.float64(42.0)
206.0269 	EXP 	G_2: height = np.float64(42.0)
206.0269 	EXP 	G_2: height = np.float64(42.0)
206.0269 	EXP 	G_2: text = 44
206.0269 	EXP 	B_2: height = np.float64(42.0)
206.0269 	EXP 	B_2: height = np.float64(42.0)
206.0269 	EXP 	B_2: height = np.float64(42.0)
206.0269 	EXP 	B_2: text = 49
206.0269 	EXP 	correctAnswer: autoDraw = True
206.0269 	EXP 	RBGInfo_2: autoDraw = True
206.0269 	EXP 	R_2: autoDraw = True
206.0269 	EXP 	G_2: autoDraw = True
206.0269 	EXP 	B_2: autoDraw = True
206.8329 	DATA 	Mouse: Left button down, pos=(1017,278)
206.8476 	EXP 	correctAnswer: autoDraw = False
206.8476 	EXP 	wrongAnswer: autoDraw = False
206.8476 	EXP 	corrColor_2: autoDraw = False
206.8476 	EXP 	RBGInfo_2: autoDraw = False
206.8476 	EXP 	R_2: autoDraw = False
206.8476 	EXP 	G_2: autoDraw = False
206.8476 	EXP 	B_2: autoDraw = False
206.8476 	EXP 	text_11: autoDraw = True
207.0490 	DATA 	Mouse:  Left button up, pos=(1017,278)
207.1821 	EXP 	New trial (rep=0, index=6): <Trial 6 (6 in rep 0) data={'folder': '02-1', 'image': '011_Orange.jpg', 'logical': True, 'corrColor': 'Orange', 'corrR': 99, 'corrG': 48, 'corrB': 0, 'image_path': '02-1/011_Orange_0.png', 'thisN': 6, 'thisTrialN': 6, 'thisRepN': 0}>
207.3442 	EXP 	text_11: autoDraw = False
207.3442 	EXP 	text_11: autoDraw = False
207.3442 	EXP 	img: foreColor = <psychopy.colors.Color: white, alpha=1.0>
207.3442 	EXP 	img: ori = np.float64(0.0)
207.3442 	EXP 	Instructions: text = 'Click the spacebar to shuffle through the filters to recognize the color.\nPress the button of the color you think it corresponds to.'
207.3442 	EXP 	counter_Text: height = np.float64(72.0)
207.3442 	EXP 	counter_Text: height = np.float64(72.0)
207.3442 	EXP 	counter_Text: height = np.float64(72.0)
207.3442 	EXP 	counter_Text: text = 7
207.3442 	EXP 	img: autoDraw = True
207.3442 	EXP 	Instructions: autoDraw = True
207.3442 	EXP 	RBGInfo: autoDraw = True
207.3442 	EXP 	G: autoDraw = True
207.3442 	EXP 	B: autoDraw = True
207.3442 	EXP 	counter_Text: autoDraw = True
207.3442 	EXP 	total_count: autoDraw = True
207.6440 	EXP 	R: autoDraw = True
222.2240 	DATA 	Keypress: space
222.2246 	EXP 	Device response: <KeyPress from None: t=222.19205740001053, value=space, duration=None>
222.3730 	EXP 	Device response: <KeyPress from None: t=222.19205740001053, value=space, duration=0.11573700001463294>
224.3255 	DATA 	Keypress: space
224.3269 	EXP 	Device response: <KeyPress from None: t=224.24269789992832, value=space, duration=None>
224.4702 	EXP 	Device response: <KeyPress from None: t=224.24269789992832, value=space, duration=0.1790183000266552>
224.9034 	DATA 	Keypress: space
224.9046 	EXP 	Device response: <KeyPress from None: t=224.8206179998815, value=space, duration=None>
225.0591 	EXP 	Device response: <KeyPress from None: t=224.8206179998815, value=space, duration=0.12505060015246272>
225.3433 	DATA 	Keypress: space
225.3439 	EXP 	Device response: <KeyPress from None: t=225.2612572000362, value=space, duration=None>
225.4872 	EXP 	Device response: <KeyPress from None: t=225.2612572000362, value=space, duration=0.10709699988365173>
225.7704 	DATA 	Keypress: space
225.7710 	EXP 	Device response: <KeyPress from None: t=225.73734949994832, value=space, duration=None>
225.9275 	EXP 	Device response: <KeyPress from None: t=225.73734949994832, value=space, duration=0.12492289999499917>
235.5743 	DATA 	Mouse: Left button down, pos=(1593,703)
235.5926 	EXP 	img: autoDraw = False
235.5926 	EXP 	Instructions: autoDraw = False
235.5926 	EXP 	RBGInfo: autoDraw = False
235.5926 	EXP 	R: autoDraw = False
235.5926 	EXP 	G: autoDraw = False
235.5926 	EXP 	B: autoDraw = False
235.5926 	EXP 	counter_Text: autoDraw = False
235.5926 	EXP 	total_count: autoDraw = False
235.5926 	EXP 	text_8: autoDraw = True
235.6856 	DATA 	Mouse:  Left button up, pos=(1593,703)
235.9750 	EXP 	text_8: autoDraw = False
235.9750 	EXP 	text_8: autoDraw = False
235.9750 	EXP 	slider: markerPos = None
235.9750 	EXP 	slider: markerPos = 1
235.9750 	EXP 	slider: autoDraw = True
235.9750 	EXP 	text_9: autoDraw = True
235.9750 	EXP 	text_answer: autoDraw = True
237.0239 	DATA 	Mouse: Left button down, pos=(1403,598)
237.0755 	EXP 	slider: markerPos = np.float64(4.9719999999999995)
237.1085 	EXP 	slider: markerPos = np.float64(4.9719999999999995)
237.1421 	EXP 	slider: markerPos = np.float64(4.9719999999999995)
237.1757 	EXP 	slider: markerPos = np.float64(4.9719999999999995)
237.2094 	EXP 	slider: markerPos = np.float64(4.9719999999999995)
237.2421 	EXP 	slider: markerPos = np.float64(4.9719999999999995)
237.2437 	DATA 	Mouse:  Left button up, pos=(1403,598)
237.2766 	EXP 	slider: markerPos = 5.0
238.2290 	DATA 	Mouse: Left button down, pos=(997,223)
238.2629 	EXP 	slider: autoDraw = False
238.2629 	EXP 	text_9: autoDraw = False
238.2629 	EXP 	text_answer: autoDraw = False
238.2629 	EXP 	text_8: autoDraw = True
238.4643 	DATA 	Mouse:  Left button up, pos=(997,223)
238.6429 	INFO 	Keyboard events cleared
238.6428 	EXP 	text_8: autoDraw = False
238.6428 	EXP 	text_8: autoDraw = False
238.6428 	EXP 	corrColor_2: height = np.float64(56.0)
238.6428 	EXP 	corrColor_2: height = np.float64(56.0)
238.6428 	EXP 	corrColor_2: height = np.float64(56.0)
238.6428 	EXP 	corrColor_2: text = 'Orange'
238.6428 	EXP 	R_2: height = np.float64(42.0)
238.6428 	EXP 	R_2: height = np.float64(42.0)
238.6428 	EXP 	R_2: height = np.float64(42.0)
238.6428 	EXP 	R_2: text = 99
238.6428 	EXP 	G_2: height = np.float64(42.0)
238.6428 	EXP 	G_2: height = np.float64(42.0)
238.6428 	EXP 	G_2: height = np.float64(42.0)
238.6428 	EXP 	G_2: text = 48
238.6428 	EXP 	B_2: height = np.float64(42.0)
238.6428 	EXP 	B_2: height = np.float64(42.0)
238.6428 	EXP 	B_2: height = np.float64(42.0)
238.6428 	EXP 	B_2: text = 0
238.6428 	EXP 	correctAnswer: autoDraw = True
238.6428 	EXP 	RBGInfo_2: autoDraw = True
238.6428 	EXP 	R_2: autoDraw = True
238.6428 	EXP 	G_2: autoDraw = True
238.6428 	EXP 	B_2: autoDraw = True
239.5479 	DATA 	Mouse: Left button down, pos=(1017,255)
239.5620 	EXP 	correctAnswer: autoDraw = False
239.5620 	EXP 	wrongAnswer: autoDraw = False
239.5620 	EXP 	corrColor_2: autoDraw = False
239.5620 	EXP 	RBGInfo_2: autoDraw = False
239.5620 	EXP 	R_2: autoDraw = False
239.5620 	EXP 	G_2: autoDraw = False
239.5620 	EXP 	B_2: autoDraw = False
239.5620 	EXP 	text_11: autoDraw = True
239.7647 	DATA 	Mouse:  Left button up, pos=(1017,255)
239.8983 	EXP 	New trial (rep=0, index=7): <Trial 7 (7 in rep 0) data={'folder': '02-1', 'image': '006_Pink.jpg', 'logical': True, 'corrColor': 'Pink', 'corrR': 100, 'corrG': 0, 'corrB': 50, 'image_path': '02-1/006_Pink_0.png', 'thisN': 7, 'thisTrialN': 7, 'thisRepN': 0}>
240.0731 	EXP 	text_11: autoDraw = False
240.0731 	EXP 	text_11: autoDraw = False
240.0731 	EXP 	img: foreColor = <psychopy.colors.Color: white, alpha=1.0>
240.0731 	EXP 	img: ori = np.float64(0.0)
240.0731 	EXP 	Instructions: text = 'Click the spacebar to shuffle through the filters to recognize the color.\nPress the button of the color you think it corresponds to.'
240.0731 	EXP 	counter_Text: height = np.float64(72.0)
240.0731 	EXP 	counter_Text: height = np.float64(72.0)
240.0731 	EXP 	counter_Text: height = np.float64(72.0)
240.0731 	EXP 	counter_Text: text = 8
240.0731 	EXP 	img: autoDraw = True
240.0731 	EXP 	Instructions: autoDraw = True
240.0731 	EXP 	RBGInfo: autoDraw = True
240.0731 	EXP 	G: autoDraw = True
240.0731 	EXP 	B: autoDraw = True
240.0731 	EXP 	counter_Text: autoDraw = True
240.0731 	EXP 	total_count: autoDraw = True
240.3758 	EXP 	R: autoDraw = True
246.2270 	DATA 	Keypress: space
246.3619 	EXP 	Device response: <KeyPress from None: t=246.22516339994036, value=space, duration=None>
246.3620 	EXP 	Device response: <KeyPress from None: t=246.22516339994036, value=space, duration=0.12486259988509119>
246.9770 	DATA 	Keypress: space
246.9781 	EXP 	Device response: <KeyPress from None: t=246.96181209990755, value=space, duration=None>
247.1247 	EXP 	Device response: <KeyPress from None: t=246.96181209990755, value=space, duration=0.1521507001016289>
266.9436 	DATA 	Mouse: Left button down, pos=(1599,820)
266.9609 	EXP 	img: autoDraw = False
266.9609 	EXP 	Instructions: autoDraw = False
266.9609 	EXP 	RBGInfo: autoDraw = False
266.9609 	EXP 	R: autoDraw = False
266.9609 	EXP 	G: autoDraw = False
266.9609 	EXP 	B: autoDraw = False
266.9609 	EXP 	counter_Text: autoDraw = False
266.9609 	EXP 	total_count: autoDraw = False
266.9609 	EXP 	text_8: autoDraw = True
267.1155 	DATA 	Mouse:  Left button up, pos=(1599,820)
267.3413 	EXP 	text_8: autoDraw = False
267.3413 	EXP 	text_8: autoDraw = False
267.3413 	EXP 	slider: markerPos = None
267.3413 	EXP 	slider: markerPos = 1
267.3413 	EXP 	slider: autoDraw = True
267.3413 	EXP 	text_9: autoDraw = True
267.3413 	EXP 	text_answer: autoDraw = True
268.3598 	DATA 	Mouse: Left button down, pos=(1391,579)
268.3907 	EXP 	slider: markerPos = np.float64(4.9239999999999995)
268.4244 	EXP 	slider: markerPos = np.float64(4.9239999999999995)
268.4574 	EXP 	slider: markerPos = np.float64(4.9239999999999995)
268.4908 	EXP 	slider: markerPos = np.float64(4.9239999999999995)
268.5247 	EXP 	slider: markerPos = np.float64(4.9239999999999995)
268.5579 	EXP 	slider: markerPos = np.float64(4.9239999999999995)
268.5768 	DATA 	Mouse:  Left button up, pos=(1391,579)
268.5914 	EXP 	slider: markerPos = np.float64(4.9239999999999995)
268.6242 	EXP 	slider: markerPos = 5.0
269.4730 	DATA 	Mouse: Left button down, pos=(1039,252)
269.5112 	EXP 	slider: autoDraw = False
269.5112 	EXP 	text_9: autoDraw = False
269.5112 	EXP 	text_answer: autoDraw = False
269.5112 	EXP 	text_8: autoDraw = True
269.6808 	DATA 	Mouse:  Left button up, pos=(1039,252)
269.8908 	INFO 	Keyboard events cleared
269.8906 	EXP 	text_8: autoDraw = False
269.8906 	EXP 	text_8: autoDraw = False
269.8906 	EXP 	corrColor_2: height = np.float64(56.0)
269.8906 	EXP 	corrColor_2: height = np.float64(56.0)
269.8906 	EXP 	corrColor_2: height = np.float64(56.0)
269.8906 	EXP 	corrColor_2: text = 'Pink'
269.8906 	EXP 	R_2: height = np.float64(42.0)
269.8906 	EXP 	R_2: height = np.float64(42.0)
269.8906 	EXP 	R_2: height = np.float64(42.0)
269.8906 	EXP 	R_2: text = 100
269.8906 	EXP 	G_2: height = np.float64(42.0)
269.8906 	EXP 	G_2: height = np.float64(42.0)
269.8906 	EXP 	G_2: height = np.float64(42.0)
269.8906 	EXP 	G_2: text = 0
269.8906 	EXP 	B_2: height = np.float64(42.0)
269.8906 	EXP 	B_2: height = np.float64(42.0)
269.8906 	EXP 	B_2: height = np.float64(42.0)
269.8906 	EXP 	B_2: text = 50
269.8906 	EXP 	correctAnswer: autoDraw = True
269.8906 	EXP 	RBGInfo_2: autoDraw = True
269.8906 	EXP 	R_2: autoDraw = True
269.8906 	EXP 	G_2: autoDraw = True
269.8906 	EXP 	B_2: autoDraw = True
270.5999 	DATA 	Mouse: Left button down, pos=(1039,252)
270.6268 	EXP 	correctAnswer: autoDraw = False
270.6268 	EXP 	wrongAnswer: autoDraw = False
270.6268 	EXP 	corrColor_2: autoDraw = False
270.6268 	EXP 	RBGInfo_2: autoDraw = False
270.6268 	EXP 	R_2: autoDraw = False
270.6268 	EXP 	G_2: autoDraw = False
270.6268 	EXP 	B_2: autoDraw = False
270.6268 	EXP 	text_11: autoDraw = True
270.8300 	DATA 	Mouse:  Left button up, pos=(1039,252)
270.9612 	EXP 	New trial (rep=0, index=8): <Trial 8 (8 in rep 0) data={'folder': '02-1', 'image': '014_Pink.jpg', 'logical': True, 'corrColor': 'Pink', 'corrR': 100, 'corrG': 9, 'corrB': 40, 'image_path': '02-1/014_Pink_0.png', 'thisN': 8, 'thisTrialN': 8, 'thisRepN': 0}>
271.1422 	EXP 	text_11: autoDraw = False
271.1422 	EXP 	text_11: autoDraw = False
271.1422 	EXP 	img: foreColor = <psychopy.colors.Color: white, alpha=1.0>
271.1422 	EXP 	img: ori = np.float64(0.0)
271.1422 	EXP 	Instructions: text = 'Click the spacebar to shuffle through the filters to recognize the color.\nPress the button of the color you think it corresponds to.'
271.1422 	EXP 	counter_Text: height = np.float64(72.0)
271.1422 	EXP 	counter_Text: height = np.float64(72.0)
271.1422 	EXP 	counter_Text: height = np.float64(72.0)
271.1422 	EXP 	counter_Text: text = 9
271.1422 	EXP 	img: autoDraw = True
271.1422 	EXP 	Instructions: autoDraw = True
271.1422 	EXP 	RBGInfo: autoDraw = True
271.1422 	EXP 	G: autoDraw = True
271.1422 	EXP 	B: autoDraw = True
271.1422 	EXP 	counter_Text: autoDraw = True
271.1422 	EXP 	total_count: autoDraw = True
271.4745 	EXP 	R: autoDraw = True
273.3386 	DATA 	Keypress: space
273.3392 	EXP 	Device response: <KeyPress from None: t=273.2884235999081, value=space, duration=None>
273.5137 	EXP 	Device response: <KeyPress from None: t=273.2884235999081, value=space, duration=0.11594599997624755>
274.1297 	DATA 	Keypress: space
274.1304 	EXP 	Device response: <KeyPress from None: t=274.0655037998222, value=space, duration=None>
274.3126 	EXP 	Device response: <KeyPress from None: t=274.0655037998222, value=space, duration=0.10707250004634261>
278.4115 	DATA 	Mouse: Left button down, pos=(1605,830)
278.4246 	EXP 	img: autoDraw = False
278.4246 	EXP 	Instructions: autoDraw = False
278.4246 	EXP 	RBGInfo: autoDraw = False
278.4246 	EXP 	R: autoDraw = False
278.4246 	EXP 	G: autoDraw = False
278.4246 	EXP 	B: autoDraw = False
278.4246 	EXP 	counter_Text: autoDraw = False
278.4246 	EXP 	total_count: autoDraw = False
278.4246 	EXP 	text_8: autoDraw = True
278.5482 	DATA 	Mouse:  Left button up, pos=(1605,830)
278.8074 	EXP 	text_8: autoDraw = False
278.8074 	EXP 	text_8: autoDraw = False
278.8074 	EXP 	slider: markerPos = None
278.8074 	EXP 	slider: markerPos = 1
278.8074 	EXP 	slider: autoDraw = True
278.8074 	EXP 	text_9: autoDraw = True
278.8074 	EXP 	text_answer: autoDraw = True
280.0422 	DATA 	Mouse: Left button down, pos=(1388,610)
280.0738 	EXP 	slider: markerPos = np.float64(4.912)
280.1073 	EXP 	slider: markerPos = np.float64(4.912)
280.1403 	EXP 	slider: markerPos = np.float64(4.912)
280.1740 	EXP 	slider: markerPos = np.float64(4.912)
280.2072 	EXP 	slider: markerPos = np.float64(4.912)
280.2404 	EXP 	slider: markerPos = np.float64(4.912)
280.2583 	DATA 	Mouse:  Left button up, pos=(1388,610)
280.2740 	EXP 	slider: markerPos = np.float64(4.912)
280.3073 	EXP 	slider: markerPos = 5.0
281.2885 	DATA 	Mouse: Left button down, pos=(1032,245)
281.3279 	EXP 	slider: autoDraw = False
281.3279 	EXP 	text_9: autoDraw = False
281.3279 	EXP 	text_answer: autoDraw = False
281.3279 	EXP 	text_8: autoDraw = True
281.5117 	DATA 	Mouse:  Left button up, pos=(1032,245)
281.6905 	INFO 	Keyboard events cleared
281.6903 	EXP 	text_8: autoDraw = False
281.6903 	EXP 	text_8: autoDraw = False
281.6903 	EXP 	corrColor_2: text = 'Pink'
281.6903 	EXP 	R_2: height = np.float64(42.0)
281.6903 	EXP 	R_2: height = np.float64(42.0)
281.6903 	EXP 	R_2: height = np.float64(42.0)
281.6903 	EXP 	R_2: text = 100
281.6903 	EXP 	G_2: height = np.float64(42.0)
281.6903 	EXP 	G_2: height = np.float64(42.0)
281.6903 	EXP 	G_2: height = np.float64(42.0)
281.6903 	EXP 	G_2: text = 9
281.6903 	EXP 	B_2: height = np.float64(42.0)
281.6903 	EXP 	B_2: height = np.float64(42.0)
281.6903 	EXP 	B_2: height = np.float64(42.0)
281.6903 	EXP 	B_2: text = 40
281.6903 	EXP 	correctAnswer: autoDraw = True
281.6903 	EXP 	RBGInfo_2: autoDraw = True
281.6903 	EXP 	R_2: autoDraw = True
281.6903 	EXP 	G_2: autoDraw = True
281.6903 	EXP 	B_2: autoDraw = True
282.7006 	DATA 	Mouse: Left button down, pos=(1053,287)
282.7260 	EXP 	correctAnswer: autoDraw = False
282.7260 	EXP 	wrongAnswer: autoDraw = False
282.7260 	EXP 	corrColor_2: autoDraw = False
282.7260 	EXP 	RBGInfo_2: autoDraw = False
282.7260 	EXP 	R_2: autoDraw = False
282.7260 	EXP 	G_2: autoDraw = False
282.7260 	EXP 	B_2: autoDraw = False
282.7260 	EXP 	text_11: autoDraw = True
282.9283 	DATA 	Mouse:  Left button up, pos=(1053,287)
283.0618 	EXP 	New trial (rep=0, index=9): <Trial 9 (9 in rep 0) data={'folder': '03-1', 'image': '013_Seafoam.jpg', 'logical': True, 'corrColor': 'Seafoam', 'corrR': 9, 'corrG': 100, 'corrB': 59, 'image_path': '03-1/013_Seafoam_0.png', 'thisN': 9, 'thisTrialN': 9, 'thisRepN': 0}>
283.2083 	EXP 	text_11: autoDraw = False
283.2083 	EXP 	text_11: autoDraw = False
283.2083 	EXP 	img: foreColor = <psychopy.colors.Color: white, alpha=1.0>
283.2083 	EXP 	img: ori = np.float64(0.0)
283.2083 	EXP 	Instructions: text = 'Click the spacebar to shuffle through the filters to recognize the color.\nPress the button of the color you think it corresponds to.'
283.2083 	EXP 	counter_Text: height = np.float64(72.0)
283.2083 	EXP 	counter_Text: height = np.float64(72.0)
283.2083 	EXP 	counter_Text: height = np.float64(72.0)
283.2083 	EXP 	counter_Text: text = 10
283.2083 	EXP 	img: autoDraw = True
283.2083 	EXP 	Instructions: autoDraw = True
283.2083 	EXP 	RBGInfo: autoDraw = True
283.2083 	EXP 	G: autoDraw = True
283.2083 	EXP 	B: autoDraw = True
283.2083 	EXP 	counter_Text: autoDraw = True
283.2083 	EXP 	total_count: autoDraw = True
283.4913 	EXP 	R: autoDraw = True
284.4126 	DATA 	Keypress: space
284.5295 	EXP 	Device response: <KeyPress from None: t=284.4117240998894, value=space, duration=None>
284.5296 	EXP 	Device response: <KeyPress from None: t=284.4117240998894, value=space, duration=0.10697610001079738>
285.3320 	DATA 	Keypress: space
285.3331 	EXP 	Device response: <KeyPress from None: t=285.2964280999731, value=space, duration=None>
285.4636 	EXP 	Device response: <KeyPress from None: t=285.2964280999731, value=space, duration=0.13405949994921684>
293.8818 	EXP 	Device response: <KeyPress from None: t=293.88098649983294, value=space, duration=None>
293.8856 	DATA 	Keypress: space
294.0125 	EXP 	Device response: <KeyPress from None: t=293.88098649983294, value=space, duration=0.0976876001805067>
294.2829 	DATA 	Keypress: space
294.2836 	EXP 	Device response: <KeyPress from None: t=294.1888915998861, value=space, duration=None>
294.4116 	EXP 	Device response: <KeyPress from None: t=294.1888915998861, value=space, duration=0.1342287000734359>
295.0815 	DATA 	Keypress: space
295.0821 	EXP 	Device response: <KeyPress from None: t=295.02338050003164, value=space, duration=None>
295.2104 	EXP 	Device response: <KeyPress from None: t=295.02338050003164, value=space, duration=0.09843769995495677>
296.1428 	DATA 	Keypress: space
296.1435 	EXP 	Device response: <KeyPress from None: t=296.05174919986166, value=space, duration=None>
296.2841 	EXP 	Device response: <KeyPress from None: t=296.05174919986166, value=space, duration=0.1342268001753837>
300.4807 	DATA 	Mouse: Left button down, pos=(1605,997)
300.6237 	EXP 	img: autoDraw = False
300.6237 	EXP 	Instructions: autoDraw = False
300.6237 	EXP 	RBGInfo: autoDraw = False
300.6237 	EXP 	R: autoDraw = False
300.6237 	EXP 	G: autoDraw = False
300.6237 	EXP 	B: autoDraw = False
300.6237 	EXP 	counter_Text: autoDraw = False
300.6237 	EXP 	total_count: autoDraw = False
300.6237 	EXP 	text_8: autoDraw = True
300.7116 	DATA 	Mouse:  Left button up, pos=(1605,997)
301.0061 	EXP 	text_8: autoDraw = False
301.0061 	EXP 	slider: markerPos = None
301.0061 	EXP 	slider: markerPos = 1
301.0061 	EXP 	slider: autoDraw = True
301.0061 	EXP 	text_9: autoDraw = True
301.0061 	EXP 	text_answer: autoDraw = True
301.9096 	DATA 	Mouse: Left button down, pos=(1418,599)
301.9393 	EXP 	slider: markerPos = np.float64(5.032)
301.9733 	EXP 	slider: markerPos = np.float64(5.032)
302.0068 	EXP 	slider: markerPos = np.float64(5.032)
302.0398 	EXP 	slider: markerPos = np.float64(5.032)
302.0737 	EXP 	slider: markerPos = np.float64(5.032)
302.1064 	EXP 	slider: markerPos = np.float64(5.032)
302.1398 	EXP 	slider: markerPos = np.float64(5.032)
302.1415 	DATA 	Mouse:  Left button up, pos=(1418,599)
302.1732 	EXP 	slider: markerPos = 5.0
305.9246 	DATA 	Mouse: Left button down, pos=(400,571)
305.9566 	EXP 	slider: markerPos = np.float64(0.96)
305.9895 	EXP 	slider: markerPos = np.float64(0.96)
306.0230 	EXP 	slider: markerPos = np.float64(0.96)
306.0567 	EXP 	slider: markerPos = np.float64(0.96)
306.0896 	EXP 	slider: markerPos = np.float64(0.96)
306.1233 	EXP 	slider: markerPos = np.float64(0.96)
306.1262 	DATA 	Mouse:  Left button up, pos=(400,571)
306.1562 	EXP 	slider: markerPos = 1.0
310.4216 	DATA 	Mouse: Left button down, pos=(957,256)
310.4601 	EXP 	slider: autoDraw = False
310.4601 	EXP 	text_9: autoDraw = False
310.4601 	EXP 	text_answer: autoDraw = False
310.4601 	EXP 	text_8: autoDraw = True
310.6434 	DATA 	Mouse:  Left button up, pos=(957,256)
310.8904 	INFO 	Keyboard events cleared
310.8901 	EXP 	text_8: autoDraw = False
310.8901 	EXP 	text_8: autoDraw = False
310.8901 	EXP 	corrColor_2: height = np.float64(56.0)
310.8901 	EXP 	corrColor_2: height = np.float64(56.0)
310.8901 	EXP 	corrColor_2: height = np.float64(56.0)
310.8901 	EXP 	corrColor_2: text = 'Seafoam'
310.8901 	EXP 	R_2: height = np.float64(42.0)
310.8901 	EXP 	R_2: height = np.float64(42.0)
310.8901 	EXP 	R_2: height = np.float64(42.0)
310.8901 	EXP 	R_2: text = 9
310.8901 	EXP 	G_2: height = np.float64(42.0)
310.8901 	EXP 	G_2: height = np.float64(42.0)
310.8901 	EXP 	G_2: height = np.float64(42.0)
310.8901 	EXP 	G_2: text = 100
310.8901 	EXP 	B_2: height = np.float64(42.0)
310.8901 	EXP 	B_2: height = np.float64(42.0)
310.8901 	EXP 	B_2: height = np.float64(42.0)
310.8901 	EXP 	B_2: text = 59
310.8901 	EXP 	wrongAnswer: autoDraw = True
310.8901 	EXP 	corrColor_2: autoDraw = True
310.8901 	EXP 	RBGInfo_2: autoDraw = True
310.8901 	EXP 	R_2: autoDraw = True
310.8901 	EXP 	G_2: autoDraw = True
310.8901 	EXP 	B_2: autoDraw = True
345.7129 	DATA 	Mouse: Left button down, pos=(1609,881)
345.7923 	EXP 	correctAnswer: autoDraw = True
345.7923 	EXP 	wrongAnswer: autoDraw = False
345.7923 	EXP 	corrColor_2: autoDraw = False
345.9279 	DATA 	Mouse:  Left button up, pos=(1609,881)
371.4926 	DATA 	Mouse: Left button down, pos=(941,249)
371.5072 	EXP 	correctAnswer: autoDraw = False
371.5072 	EXP 	wrongAnswer: autoDraw = False
371.5072 	EXP 	corrColor_2: autoDraw = False
371.5072 	EXP 	RBGInfo_2: autoDraw = False
371.5072 	EXP 	R_2: autoDraw = False
371.5072 	EXP 	G_2: autoDraw = False
371.5072 	EXP 	B_2: autoDraw = False
371.5072 	EXP 	text_11: autoDraw = True
371.7251 	DATA 	Mouse:  Left button up, pos=(941,249)
371.8433 	EXP 	New trial (rep=0, index=10): <Trial 10 (10 in rep 0) data={'folder': '03-1', 'image': '021_Grey.jpg', 'logical': True, 'corrColor': 'Grey', 'corrR': 47, 'corrG': 51, 'corrB': 57, 'image_path': '03-1/021_Grey_0.png', 'thisN': 10, 'thisTrialN': 10, 'thisRepN': 0}>
372.0215 	EXP 	text_11: autoDraw = False
372.0215 	EXP 	text_11: autoDraw = False
372.0215 	EXP 	img: foreColor = <psychopy.colors.Color: white, alpha=1.0>
372.0215 	EXP 	img: ori = np.float64(0.0)
372.0215 	EXP 	Instructions: text = 'Click the spacebar to shuffle through the filters to recognize the color.\nPress the button of the color you think it corresponds to.'
372.0215 	EXP 	counter_Text: height = np.float64(72.0)
372.0215 	EXP 	counter_Text: height = np.float64(72.0)
372.0215 	EXP 	counter_Text: height = np.float64(72.0)
372.0215 	EXP 	counter_Text: text = 11
372.0215 	EXP 	img: autoDraw = True
372.0215 	EXP 	Instructions: autoDraw = True
372.0215 	EXP 	RBGInfo: autoDraw = True
372.0215 	EXP 	G: autoDraw = True
372.0215 	EXP 	B: autoDraw = True
372.0215 	EXP 	counter_Text: autoDraw = True
372.0215 	EXP 	total_count: autoDraw = True
372.3377 	EXP 	R: autoDraw = True
373.6558 	DATA 	Keypress: space
373.6564 	EXP 	Device response: <KeyPress from None: t=373.651198099833, value=space, duration=None>
373.8107 	EXP 	Device response: <KeyPress from None: t=373.651198099833, value=space, duration=0.11583960009738803>
374.2602 	DATA 	Keypress: space
374.2607 	EXP 	Device response: <KeyPress from None: t=374.2489769998938, value=space, duration=None>
374.4266 	EXP 	Device response: <KeyPress from None: t=374.2489769998938, value=space, duration=0.10690689994953573>
377.1911 	DATA 	Mouse: Left button down, pos=(1628,936)
377.2043 	EXP 	img: autoDraw = False
377.2043 	EXP 	Instructions: autoDraw = False
377.2043 	EXP 	RBGInfo: autoDraw = False
377.2043 	EXP 	R: autoDraw = False
377.2043 	EXP 	G: autoDraw = False
377.2043 	EXP 	B: autoDraw = False
377.2043 	EXP 	counter_Text: autoDraw = False
377.2043 	EXP 	total_count: autoDraw = False
377.2043 	EXP 	text_8: autoDraw = True
377.3415 	DATA 	Mouse:  Left button up, pos=(1628,936)
377.5871 	EXP 	text_8: autoDraw = False
377.5871 	EXP 	text_8: autoDraw = False
377.5871 	EXP 	slider: markerPos = None
377.5871 	EXP 	slider: markerPos = 1
377.5871 	EXP 	slider: autoDraw = True
377.5871 	EXP 	text_9: autoDraw = True
377.5871 	EXP 	text_answer: autoDraw = True
378.9669 	DATA 	Mouse: Left button down, pos=(1384,575)
379.0201 	EXP 	slider: markerPos = np.float64(4.896)
379.0536 	EXP 	slider: markerPos = np.float64(4.896)
379.0871 	EXP 	slider: markerPos = np.float64(4.896)
379.1203 	EXP 	slider: markerPos = np.float64(4.896)
379.1540 	EXP 	slider: markerPos = np.float64(4.896)
379.1871 	EXP 	slider: markerPos = np.float64(4.896)
379.1889 	DATA 	Mouse:  Left button up, pos=(1384,575)
379.2201 	EXP 	slider: markerPos = 5.0
380.1260 	DATA 	Mouse: Left button down, pos=(1062,227)
380.1409 	EXP 	slider: autoDraw = False
380.1409 	EXP 	text_9: autoDraw = False
380.1409 	EXP 	text_answer: autoDraw = False
380.1409 	EXP 	text_8: autoDraw = True
380.3425 	DATA 	Mouse:  Left button up, pos=(1062,227)
380.5204 	INFO 	Keyboard events cleared
380.5202 	EXP 	text_8: autoDraw = False
380.5202 	EXP 	text_8: autoDraw = False
380.5202 	EXP 	corrColor_2: height = np.float64(56.0)
380.5202 	EXP 	corrColor_2: height = np.float64(56.0)
380.5202 	EXP 	corrColor_2: height = np.float64(56.0)
380.5202 	EXP 	corrColor_2: text = 'Grey'
380.5202 	EXP 	R_2: height = np.float64(42.0)
380.5202 	EXP 	R_2: height = np.float64(42.0)
380.5202 	EXP 	R_2: height = np.float64(42.0)
380.5202 	EXP 	R_2: text = 47
380.5202 	EXP 	G_2: height = np.float64(42.0)
380.5202 	EXP 	G_2: height = np.float64(42.0)
380.5202 	EXP 	G_2: height = np.float64(42.0)
380.5202 	EXP 	G_2: text = 51
380.5202 	EXP 	B_2: height = np.float64(42.0)
380.5202 	EXP 	B_2: height = np.float64(42.0)
380.5202 	EXP 	B_2: height = np.float64(42.0)
380.5202 	EXP 	B_2: text = 57
380.5202 	EXP 	correctAnswer: autoDraw = True
380.5202 	EXP 	RBGInfo_2: autoDraw = True
380.5202 	EXP 	R_2: autoDraw = True
380.5202 	EXP 	G_2: autoDraw = True
380.5202 	EXP 	B_2: autoDraw = True
381.1763 	DATA 	Mouse: Left button down, pos=(1062,227)
381.1888 	EXP 	correctAnswer: autoDraw = False
381.1888 	EXP 	wrongAnswer: autoDraw = False
381.1888 	EXP 	corrColor_2: autoDraw = False
381.1888 	EXP 	RBGInfo_2: autoDraw = False
381.1888 	EXP 	R_2: autoDraw = False
381.1888 	EXP 	G_2: autoDraw = False
381.1888 	EXP 	B_2: autoDraw = False
381.1888 	EXP 	text_11: autoDraw = True
381.4090 	DATA 	Mouse:  Left button up, pos=(1062,227)
381.5247 	EXP 	New trial (rep=0, index=11): <Trial 11 (11 in rep 0) data={'folder': '03-1', 'image': '010_Brown.jpg', 'logical': True, 'corrColor': 'Brown', 'corrR': 50, 'corrG': 18, 'corrB': 0, 'image_path': '03-1/010_Brown_0.png', 'thisN': 11, 'thisTrialN': 11, 'thisRepN': 0}>
381.6891 	EXP 	text_11: autoDraw = False
381.6891 	EXP 	text_11: autoDraw = False
381.6891 	EXP 	img: foreColor = <psychopy.colors.Color: white, alpha=1.0>
381.6891 	EXP 	img: ori = np.float64(0.0)
381.6891 	EXP 	Instructions: text = 'Click the spacebar to shuffle through the filters to recognize the color.\nPress the button of the color you think it corresponds to.'
381.6891 	EXP 	counter_Text: height = np.float64(72.0)
381.6891 	EXP 	counter_Text: height = np.float64(72.0)
381.6891 	EXP 	counter_Text: height = np.float64(72.0)
381.6891 	EXP 	counter_Text: text = 12
381.6891 	EXP 	img: autoDraw = True
381.6891 	EXP 	Instructions: autoDraw = True
381.6891 	EXP 	RBGInfo: autoDraw = True
381.6891 	EXP 	G: autoDraw = True
381.6891 	EXP 	B: autoDraw = True
381.6891 	EXP 	counter_Text: autoDraw = True
381.6891 	EXP 	total_count: autoDraw = True
381.9705 	EXP 	R: autoDraw = True
383.8282 	DATA 	Keypress: space
383.8289 	EXP 	Device response: <KeyPress from None: t=383.8052840998862, value=space, duration=None>
384.1148 	EXP 	Device response: <KeyPress from None: t=383.8052840998862, value=space, duration=0.2884714000392705>
385.1464 	DATA 	Keypress: space
385.1469 	EXP 	Device response: <KeyPress from None: t=385.14539339998737, value=space, duration=None>
385.2717 	EXP 	Device response: <KeyPress from None: t=385.14539339998737, value=space, duration=0.09793980000540614>
386.1996 	DATA 	Keypress: space
386.2007 	EXP 	Device response: <KeyPress from None: t=386.15723789995536, value=space, duration=None>
386.3456 	EXP 	Device response: <KeyPress from None: t=386.15723789995536, value=space, duration=0.10696189990267158>
386.7439 	DATA 	Keypress: space
386.7444 	EXP 	Device response: <KeyPress from None: t=386.65105099999346, value=space, duration=None>
386.8943 	EXP 	Device response: <KeyPress from None: t=386.65105099999346, value=space, duration=0.10696509992703795>
389.7341 	DATA 	Mouse: Left button down, pos=(1649,1111)
389.7539 	EXP 	img: autoDraw = False
389.7539 	EXP 	Instructions: autoDraw = False
389.7539 	EXP 	RBGInfo: autoDraw = False
389.7539 	EXP 	R: autoDraw = False
389.7539 	EXP 	G: autoDraw = False
389.7539 	EXP 	B: autoDraw = False
389.7539 	EXP 	counter_Text: autoDraw = False
389.7539 	EXP 	total_count: autoDraw = False
389.7539 	EXP 	text_8: autoDraw = True
389.9426 	DATA 	Mouse:  Left button up, pos=(1649,1111)
390.1362 	EXP 	text_8: autoDraw = False
390.1362 	EXP 	text_8: autoDraw = False
390.1362 	EXP 	slider: markerPos = None
390.1362 	EXP 	slider: markerPos = 1
390.1362 	EXP 	slider: autoDraw = True
390.1362 	EXP 	text_9: autoDraw = True
390.1362 	EXP 	text_answer: autoDraw = True
391.2382 	DATA 	Mouse: Left button down, pos=(1387,596)
391.2699 	EXP 	slider: markerPos = np.float64(4.9079999999999995)
391.3034 	EXP 	slider: markerPos = np.float64(4.9079999999999995)
391.3365 	EXP 	slider: markerPos = np.float64(4.9079999999999995)
391.3698 	EXP 	slider: markerPos = np.float64(4.9079999999999995)
391.4033 	EXP 	slider: markerPos = np.float64(4.9079999999999995)
391.4363 	EXP 	slider: markerPos = np.float64(4.9079999999999995)
391.4549 	DATA 	Mouse:  Left button up, pos=(1387,596)
391.4700 	EXP 	slider: markerPos = np.float64(4.9079999999999995)
391.5032 	EXP 	slider: markerPos = 5.0
392.4185 	DATA 	Mouse: Left button down, pos=(997,275)
392.4573 	EXP 	slider: autoDraw = False
392.4573 	EXP 	text_9: autoDraw = False
392.4573 	EXP 	text_answer: autoDraw = False
392.4573 	EXP 	text_8: autoDraw = True
392.6398 	DATA 	Mouse:  Left button up, pos=(997,275)
392.8366 	INFO 	Keyboard events cleared
392.8365 	EXP 	text_8: autoDraw = False
392.8365 	EXP 	text_8: autoDraw = False
392.8365 	EXP 	corrColor_2: height = np.float64(56.0)
392.8365 	EXP 	corrColor_2: height = np.float64(56.0)
392.8365 	EXP 	corrColor_2: height = np.float64(56.0)
392.8365 	EXP 	corrColor_2: text = 'Brown'
392.8365 	EXP 	R_2: height = np.float64(42.0)
392.8365 	EXP 	R_2: height = np.float64(42.0)
392.8365 	EXP 	R_2: height = np.float64(42.0)
392.8365 	EXP 	R_2: text = 50
392.8365 	EXP 	G_2: height = np.float64(42.0)
392.8365 	EXP 	G_2: height = np.float64(42.0)
392.8365 	EXP 	G_2: height = np.float64(42.0)
392.8365 	EXP 	G_2: text = 18
392.8365 	EXP 	B_2: height = np.float64(42.0)
392.8365 	EXP 	B_2: height = np.float64(42.0)
392.8365 	EXP 	B_2: height = np.float64(42.0)
392.8365 	EXP 	B_2: text = 0
392.8365 	EXP 	correctAnswer: autoDraw = True
392.8365 	EXP 	RBGInfo_2: autoDraw = True
392.8365 	EXP 	R_2: autoDraw = True
392.8365 	EXP 	G_2: autoDraw = True
392.8365 	EXP 	B_2: autoDraw = True
393.5075 	DATA 	Mouse: Left button down, pos=(997,275)
393.5232 	EXP 	correctAnswer: autoDraw = False
393.5232 	EXP 	wrongAnswer: autoDraw = False
393.5232 	EXP 	corrColor_2: autoDraw = False
393.5232 	EXP 	RBGInfo_2: autoDraw = False
393.5232 	EXP 	R_2: autoDraw = False
393.5232 	EXP 	G_2: autoDraw = False
393.5232 	EXP 	B_2: autoDraw = False
393.5232 	EXP 	text_11: autoDraw = True
393.7252 	DATA 	Mouse:  Left button up, pos=(997,275)
393.8585 	EXP 	New trial (rep=0, index=12): <Trial 12 (12 in rep 0) data={'folder': '03-1', 'image': '031_Bordeaux.jpg', 'logical': True, 'corrColor': 'Bordeaux', 'corrR': 47, 'corrG': 5, 'corrB': 21, 'image_path': '03-1/031_Bordeaux_0.png', 'thisN': 12, 'thisTrialN': 12, 'thisRepN': 0}>
394.0541 	EXP 	text_11: autoDraw = False
394.0541 	EXP 	text_11: autoDraw = False
394.0541 	EXP 	img: foreColor = <psychopy.colors.Color: white, alpha=1.0>
394.0541 	EXP 	img: ori = np.float64(0.0)
394.0541 	EXP 	Instructions: text = 'Click the spacebar to shuffle through the filters to recognize the color.\nPress the button of the color you think it corresponds to.'
394.0541 	EXP 	counter_Text: height = np.float64(72.0)
394.0541 	EXP 	counter_Text: height = np.float64(72.0)
394.0541 	EXP 	counter_Text: height = np.float64(72.0)
394.0541 	EXP 	counter_Text: text = 13
394.0541 	EXP 	img: autoDraw = True
394.0541 	EXP 	Instructions: autoDraw = True
394.0541 	EXP 	RBGInfo: autoDraw = True
394.0541 	EXP 	G: autoDraw = True
394.0541 	EXP 	B: autoDraw = True
394.0541 	EXP 	counter_Text: autoDraw = True
394.0541 	EXP 	total_count: autoDraw = True
394.2204 	EXP 	R: autoDraw = True
400.1924 	DATA 	Keypress: space
400.3172 	EXP 	Device response: <KeyPress from None: t=400.1898849999998, value=space, duration=None>
400.4797 	EXP 	Device response: <KeyPress from None: t=400.1898849999998, value=space, duration=0.14344479981809855>
400.9406 	DATA 	Keypress: space
401.0668 	EXP 	Device response: <KeyPress from None: t=400.93889570003375, value=space, duration=None>
401.2283 	EXP 	Device response: <KeyPress from None: t=400.93889570003375, value=space, duration=0.13404549984261394>
402.5725 	DATA 	Keypress: space
402.5731 	EXP 	Device response: <KeyPress from None: t=402.5332545998972, value=space, duration=None>
402.7368 	EXP 	Device response: <KeyPress from None: t=402.5332545998972, value=space, duration=0.1337445001117885>
403.3237 	DATA 	Keypress: space
403.3243 	EXP 	Device response: <KeyPress from None: t=403.23793209996074, value=space, duration=None>
403.4720 	EXP 	Device response: <KeyPress from None: t=403.23793209996074, value=space, duration=0.16148409992456436>
411.8828 	DATA 	Keypress: space
412.0197 	EXP 	Device response: <KeyPress from None: t=411.88058110000566, value=space, duration=None>
412.0198 	EXP 	Device response: <KeyPress from None: t=411.88058110000566, value=space, duration=0.08858839981257915>
412.6363 	DATA 	Keypress: space
412.6370 	EXP 	Device response: <KeyPress from None: t=412.5964528999757, value=space, duration=None>
412.7911 	EXP 	Device response: <KeyPress from None: t=412.5964528999757, value=space, duration=0.14330170000903308>
414.1368 	DATA 	Keypress: space
414.1374 	EXP 	Device response: <KeyPress from None: t=414.12264700001106, value=space, duration=None>
414.2951 	EXP 	Device response: <KeyPress from None: t=414.12264700001106, value=space, duration=0.12479539983905852>
415.8221 	DATA 	Keypress: space
415.9529 	EXP 	Device response: <KeyPress from None: t=415.8208365000319, value=space, duration=None>
415.9530 	EXP 	Device response: <KeyPress from None: t=415.8208365000319, value=space, duration=0.1251079998910427>
421.1604 	DATA 	Mouse: Left button down, pos=(1627,1007)
421.1857 	EXP 	img: autoDraw = False
421.1857 	EXP 	Instructions: autoDraw = False
421.1857 	EXP 	RBGInfo: autoDraw = False
421.1857 	EXP 	R: autoDraw = False
421.1857 	EXP 	G: autoDraw = False
421.1857 	EXP 	B: autoDraw = False
421.1857 	EXP 	counter_Text: autoDraw = False
421.1857 	EXP 	total_count: autoDraw = False
421.1857 	EXP 	text_8: autoDraw = True
421.3080 	DATA 	Mouse:  Left button up, pos=(1627,1007)
421.5685 	EXP 	text_8: autoDraw = False
421.5685 	EXP 	slider: markerPos = None
421.5685 	EXP 	slider: markerPos = 1
421.5685 	EXP 	slider: autoDraw = True
421.5685 	EXP 	text_9: autoDraw = True
421.5685 	EXP 	text_answer: autoDraw = True
422.5713 	DATA 	Mouse: Left button down, pos=(1427,568)
422.6017 	EXP 	slider: markerPos = np.float64(5.068)
422.6352 	EXP 	slider: markerPos = np.float64(5.068)
422.6686 	EXP 	slider: markerPos = np.float64(5.068)
422.7017 	EXP 	slider: markerPos = np.float64(5.068)
422.7350 	EXP 	slider: markerPos = np.float64(5.068)
422.7688 	EXP 	slider: markerPos = np.float64(5.068)
422.7881 	DATA 	Mouse:  Left button up, pos=(1427,568)
422.8020 	EXP 	slider: markerPos = np.float64(5.068)
422.8357 	EXP 	slider: markerPos = 5.0
424.0560 	DATA 	Mouse: Left button down, pos=(1046,252)
424.0893 	EXP 	slider: autoDraw = False
424.0893 	EXP 	text_9: autoDraw = False
424.0893 	EXP 	text_answer: autoDraw = False
424.0893 	EXP 	text_8: autoDraw = True
424.2738 	DATA 	Mouse:  Left button up, pos=(1046,252)
424.4688 	INFO 	Keyboard events cleared
424.4686 	EXP 	text_8: autoDraw = False
424.4686 	EXP 	corrColor_2: height = np.float64(56.0)
424.4686 	EXP 	corrColor_2: height = np.float64(56.0)
424.4686 	EXP 	corrColor_2: height = np.float64(56.0)
424.4686 	EXP 	corrColor_2: text = 'Bordeaux'
424.4686 	EXP 	R_2: height = np.float64(42.0)
424.4686 	EXP 	R_2: height = np.float64(42.0)
424.4686 	EXP 	R_2: height = np.float64(42.0)
424.4686 	EXP 	R_2: text = 47
424.4686 	EXP 	G_2: height = np.float64(42.0)
424.4686 	EXP 	G_2: height = np.float64(42.0)
424.4686 	EXP 	G_2: height = np.float64(42.0)
424.4686 	EXP 	G_2: text = 5
424.4686 	EXP 	B_2: height = np.float64(42.0)
424.4686 	EXP 	B_2: height = np.float64(42.0)
424.4686 	EXP 	B_2: height = np.float64(42.0)
424.4686 	EXP 	B_2: text = 21
424.4686 	EXP 	correctAnswer: autoDraw = True
424.4686 	EXP 	RBGInfo_2: autoDraw = True
424.4686 	EXP 	R_2: autoDraw = True
424.4686 	EXP 	G_2: autoDraw = True
424.4686 	EXP 	B_2: autoDraw = True
425.2744 	DATA 	Mouse: Left button down, pos=(1020,261)
425.2878 	EXP 	correctAnswer: autoDraw = False
425.2878 	EXP 	wrongAnswer: autoDraw = False
425.2878 	EXP 	corrColor_2: autoDraw = False
425.2878 	EXP 	RBGInfo_2: autoDraw = False
425.2878 	EXP 	R_2: autoDraw = False
425.2878 	EXP 	G_2: autoDraw = False
425.2878 	EXP 	B_2: autoDraw = False
425.2878 	EXP 	text_11: autoDraw = True
425.5078 	DATA 	Mouse:  Left button up, pos=(1020,261)
425.6233 	EXP 	New trial (rep=0, index=13): <Trial 13 (13 in rep 0) data={'folder': '03-1', 'image': '013_Grey.jpg', 'logical': True, 'corrColor': 'Grey', 'corrR': 47, 'corrG': 53, 'corrB': 50, 'image_path': '03-1/013_Grey_0.png', 'thisN': 13, 'thisTrialN': 13, 'thisRepN': 0}>
425.7692 	EXP 	text_11: autoDraw = False
425.7692 	EXP 	text_11: autoDraw = False
425.7692 	EXP 	img: foreColor = <psychopy.colors.Color: white, alpha=1.0>
425.7692 	EXP 	img: ori = np.float64(0.0)
425.7692 	EXP 	Instructions: text = 'Click the spacebar to shuffle through the filters to recognize the color.\nPress the button of the color you think it corresponds to.'
425.7692 	EXP 	counter_Text: height = np.float64(72.0)
425.7692 	EXP 	counter_Text: height = np.float64(72.0)
425.7692 	EXP 	counter_Text: height = np.float64(72.0)
425.7692 	EXP 	counter_Text: text = 14
425.7692 	EXP 	img: autoDraw = True
425.7692 	EXP 	Instructions: autoDraw = True
425.7692 	EXP 	RBGInfo: autoDraw = True
425.7692 	EXP 	G: autoDraw = True
425.7692 	EXP 	B: autoDraw = True
425.7692 	EXP 	counter_Text: autoDraw = True
425.7692 	EXP 	total_count: autoDraw = True
426.0523 	EXP 	R: autoDraw = True
429.3892 	EXP 	Device response: <KeyPress from None: t=429.38884039991535, value=space, duration=None>
429.3924 	DATA 	Keypress: space
429.5251 	EXP 	Device response: <KeyPress from None: t=429.38884039991535, value=space, duration=0.11590440012514591>
430.7495 	DATA 	Keypress: space
430.7500 	EXP 	Device response: <KeyPress from None: t=430.7016867999919, value=space, duration=None>
430.8820 	EXP 	Device response: <KeyPress from None: t=430.7016867999919, value=space, duration=0.1070167999714613>
431.3561 	DATA 	Keypress: space
431.3568 	EXP 	Device response: <KeyPress from None: t=431.31172419991344, value=space, duration=None>
431.5101 	EXP 	Device response: <KeyPress from None: t=431.31172419991344, value=space, duration=0.08841750002466142>
431.5411 	DATA 	Keypress: space
431.6330 	EXP 	Device response: <KeyPress from None: t=431.5391051999759, value=space, duration=None>
431.7619 	EXP 	Device response: <KeyPress from None: t=431.5391051999759, value=space, duration=0.10683030006475747>
438.0178 	DATA 	Mouse: Left button down, pos=(1610,936)
438.1354 	EXP 	img: autoDraw = False
438.1354 	EXP 	Instructions: autoDraw = False
438.1354 	EXP 	RBGInfo: autoDraw = False
438.1354 	EXP 	R: autoDraw = False
438.1354 	EXP 	G: autoDraw = False
438.1354 	EXP 	B: autoDraw = False
438.1354 	EXP 	counter_Text: autoDraw = False
438.1354 	EXP 	total_count: autoDraw = False
438.1354 	EXP 	text_8: autoDraw = True
438.2607 	DATA 	Mouse:  Left button up, pos=(1610,936)
438.5182 	EXP 	text_8: autoDraw = False
438.5182 	EXP 	text_8: autoDraw = False
438.5182 	EXP 	slider: markerPos = None
438.5182 	EXP 	slider: markerPos = 1
438.5182 	EXP 	slider: autoDraw = True
438.5182 	EXP 	text_9: autoDraw = True
438.5182 	EXP 	text_answer: autoDraw = True
440.2876 	DATA 	Mouse: Left button down, pos=(1384,601)
440.3188 	EXP 	slider: markerPos = np.float64(4.896)
440.3511 	EXP 	slider: markerPos = np.float64(4.896)
440.3846 	EXP 	slider: markerPos = np.float64(4.896)
440.4182 	EXP 	slider: markerPos = np.float64(4.896)
440.4512 	EXP 	slider: markerPos = np.float64(4.896)
440.4846 	EXP 	slider: markerPos = np.float64(4.896)
440.5028 	DATA 	Mouse:  Left button up, pos=(1384,601)
440.5179 	EXP 	slider: markerPos = np.float64(4.896)
440.5514 	EXP 	slider: markerPos = 5.0
441.5534 	DATA 	Mouse: Left button down, pos=(1028,240)
441.5718 	EXP 	slider: autoDraw = False
441.5718 	EXP 	text_9: autoDraw = False
441.5718 	EXP 	text_answer: autoDraw = False
441.5718 	EXP 	text_8: autoDraw = True
441.7732 	DATA 	Mouse:  Left button up, pos=(1028,240)
441.9509 	INFO 	Keyboard events cleared
441.9507 	EXP 	text_8: autoDraw = False
441.9507 	EXP 	text_8: autoDraw = False
441.9507 	EXP 	corrColor_2: height = np.float64(56.0)
441.9507 	EXP 	corrColor_2: height = np.float64(56.0)
441.9507 	EXP 	corrColor_2: height = np.float64(56.0)
441.9507 	EXP 	corrColor_2: text = 'Grey'
441.9507 	EXP 	R_2: height = np.float64(42.0)
441.9507 	EXP 	R_2: height = np.float64(42.0)
441.9507 	EXP 	R_2: height = np.float64(42.0)
441.9507 	EXP 	R_2: text = 47
441.9507 	EXP 	G_2: height = np.float64(42.0)
441.9507 	EXP 	G_2: height = np.float64(42.0)
441.9507 	EXP 	G_2: height = np.float64(42.0)
441.9507 	EXP 	G_2: text = 53
441.9507 	EXP 	B_2: height = np.float64(42.0)
441.9507 	EXP 	B_2: height = np.float64(42.0)
441.9507 	EXP 	B_2: height = np.float64(42.0)
441.9507 	EXP 	B_2: text = 50
441.9507 	EXP 	correctAnswer: autoDraw = True
441.9507 	EXP 	RBGInfo_2: autoDraw = True
441.9507 	EXP 	R_2: autoDraw = True
441.9507 	EXP 	G_2: autoDraw = True
441.9507 	EXP 	B_2: autoDraw = True
442.7773 	DATA 	Mouse: Left button down, pos=(1030,254)
442.8032 	EXP 	correctAnswer: autoDraw = False
442.8032 	EXP 	wrongAnswer: autoDraw = False
442.8032 	EXP 	corrColor_2: autoDraw = False
442.8032 	EXP 	RBGInfo_2: autoDraw = False
442.8032 	EXP 	R_2: autoDraw = False
442.8032 	EXP 	G_2: autoDraw = False
442.8032 	EXP 	B_2: autoDraw = False
442.8032 	EXP 	text_11: autoDraw = True
443.0055 	DATA 	Mouse:  Left button up, pos=(1030,254)
443.1391 	EXP 	New trial (rep=0, index=14): <Trial 14 (14 in rep 0) data={'folder': '01-t', 'image': '022_Cyan.jpg', 'logical': True, 'corrColor': 'Cyan', 'corrR': 0, 'corrG': 96, 'corrB': 90, 'image_path': '01-t/022_Cyan_0.png', 'thisN': 14, 'thisTrialN': 14, 'thisRepN': 0}>
443.3355 	EXP 	text_11: autoDraw = False
443.3355 	EXP 	text_11: autoDraw = False
443.3355 	EXP 	img: foreColor = <psychopy.colors.Color: white, alpha=1.0>
443.3355 	EXP 	img: ori = np.float64(0.0)
443.3355 	EXP 	Instructions: text = 'Click the spacebar to shuffle through the filters to recognize the color.\nPress the button of the color you think it corresponds to.'
443.3355 	EXP 	counter_Text: height = np.float64(72.0)
443.3355 	EXP 	counter_Text: height = np.float64(72.0)
443.3355 	EXP 	counter_Text: height = np.float64(72.0)
443.3355 	EXP 	counter_Text: text = 15
443.3355 	EXP 	img: autoDraw = True
443.3355 	EXP 	Instructions: autoDraw = True
443.3355 	EXP 	RBGInfo: autoDraw = True
443.3355 	EXP 	G: autoDraw = True
443.3355 	EXP 	B: autoDraw = True
443.3355 	EXP 	counter_Text: autoDraw = True
443.3355 	EXP 	total_count: autoDraw = True
443.4856 	EXP 	R: autoDraw = True
481.0696 	DATA 	Keypress: space
481.0713 	EXP 	Device response: <KeyPress from None: t=480.9633283999283, value=space, duration=None>
481.0713 	EXP 	Device response: <KeyPress from None: t=480.9633283999283, value=space, duration=0.07920329994522035>
481.9876 	DATA 	Keypress: space
481.9888 	EXP 	Device response: <KeyPress from None: t=481.8803043998778, value=space, duration=None>
481.9888 	EXP 	Device response: <KeyPress from None: t=481.8803043998778, value=space, duration=0.10677490010857582>
483.5175 	DATA 	Keypress: space
483.5179 	EXP 	Device response: <KeyPress from None: t=483.4397068999242, value=space, duration=None>
483.6879 	EXP 	Device response: <KeyPress from None: t=483.4397068999242, value=space, duration=0.1342541000340134>
483.8537 	DATA 	Keypress: space
483.9955 	EXP 	Device response: <KeyPress from None: t=483.85190410004, value=space, duration=None>
483.9955 	EXP 	Device response: <KeyPress from None: t=483.85190410004, value=space, duration=0.11595949996262789>
485.2280 	DATA 	Keypress: space
485.3563 	EXP 	Device response: <KeyPress from None: t=485.2263001999818, value=space, duration=None>
485.3564 	EXP 	Device response: <KeyPress from None: t=485.2263001999818, value=space, duration=0.08860390004701912>
488.3604 	DATA 	Mouse: Left button down, pos=(1612,466)
488.3842 	EXP 	img: autoDraw = False
488.3842 	EXP 	Instructions: autoDraw = False
488.3842 	EXP 	RBGInfo: autoDraw = False
488.3842 	EXP 	R: autoDraw = False
488.3842 	EXP 	G: autoDraw = False
488.3842 	EXP 	B: autoDraw = False
488.3842 	EXP 	counter_Text: autoDraw = False
488.3842 	EXP 	total_count: autoDraw = False
488.3842 	EXP 	text_8: autoDraw = True
488.5055 	DATA 	Mouse:  Left button up, pos=(1612,466)
488.7663 	EXP 	text_8: autoDraw = False
488.7663 	EXP 	slider: markerPos = None
488.7663 	EXP 	slider: markerPos = 1
488.7663 	EXP 	slider: autoDraw = True
488.7663 	EXP 	text_9: autoDraw = True
488.7663 	EXP 	text_answer: autoDraw = True
490.3028 	DATA 	Mouse: Left button down, pos=(1387,611)
490.3326 	EXP 	slider: markerPos = np.float64(4.9079999999999995)
490.3664 	EXP 	slider: markerPos = np.float64(4.9079999999999995)
490.3994 	EXP 	slider: markerPos = np.float64(4.9079999999999995)
490.4332 	EXP 	slider: markerPos = np.float64(4.9079999999999995)
490.4665 	EXP 	slider: markerPos = np.float64(4.9079999999999995)
490.4995 	EXP 	slider: markerPos = np.float64(4.9079999999999995)
490.5206 	DATA 	Mouse:  Left button up, pos=(1387,611)
490.5327 	EXP 	slider: markerPos = np.float64(4.9079999999999995)
490.5659 	EXP 	slider: markerPos = 5.0
492.2173 	DATA 	Mouse: Left button down, pos=(1029,230)
492.2532 	EXP 	slider: autoDraw = False
492.2532 	EXP 	text_9: autoDraw = False
492.2532 	EXP 	text_answer: autoDraw = False
492.2532 	EXP 	text_8: autoDraw = True
492.4401 	DATA 	Mouse:  Left button up, pos=(1029,230)
492.6496 	INFO 	Keyboard events cleared
492.6494 	EXP 	text_8: autoDraw = False
492.6494 	EXP 	corrColor_2: height = np.float64(56.0)
492.6494 	EXP 	corrColor_2: height = np.float64(56.0)
492.6494 	EXP 	corrColor_2: height = np.float64(56.0)
492.6494 	EXP 	corrColor_2: text = 'Cyan'
492.6494 	EXP 	R_2: height = np.float64(42.0)
492.6494 	EXP 	R_2: height = np.float64(42.0)
492.6494 	EXP 	R_2: height = np.float64(42.0)
492.6494 	EXP 	R_2: text = 0
492.6494 	EXP 	G_2: height = np.float64(42.0)
492.6494 	EXP 	G_2: height = np.float64(42.0)
492.6494 	EXP 	G_2: height = np.float64(42.0)
492.6494 	EXP 	G_2: text = 96
492.6494 	EXP 	B_2: height = np.float64(42.0)
492.6494 	EXP 	B_2: height = np.float64(42.0)
492.6494 	EXP 	B_2: height = np.float64(42.0)
492.6494 	EXP 	B_2: text = 90
492.6494 	EXP 	correctAnswer: autoDraw = True
492.6494 	EXP 	RBGInfo_2: autoDraw = True
492.6494 	EXP 	R_2: autoDraw = True
492.6494 	EXP 	G_2: autoDraw = True
492.6494 	EXP 	B_2: autoDraw = True
493.7567 	DATA 	Mouse: Left button down, pos=(986,255)
493.7689 	EXP 	correctAnswer: autoDraw = False
493.7689 	EXP 	wrongAnswer: autoDraw = False
493.7689 	EXP 	corrColor_2: autoDraw = False
493.7689 	EXP 	RBGInfo_2: autoDraw = False
493.7689 	EXP 	R_2: autoDraw = False
493.7689 	EXP 	G_2: autoDraw = False
493.7689 	EXP 	B_2: autoDraw = False
493.7689 	EXP 	text_11: autoDraw = True
493.9707 	DATA 	Mouse:  Left button up, pos=(986,255)
494.1035 	EXP 	New trial (rep=0, index=15): <Trial 15 (15 in rep 0) data={'folder': '03-1', 'image': '024_Grey.jpg', 'logical': True, 'corrColor': 'Grey', 'corrR': 42, 'corrG': 49, 'corrB': 52, 'image_path': '03-1/024_Grey_0.png', 'thisN': 15, 'thisTrialN': 15, 'thisRepN': 0}>
494.2673 	EXP 	text_11: autoDraw = False
494.2673 	EXP 	text_11: autoDraw = False
494.2673 	EXP 	img: foreColor = <psychopy.colors.Color: white, alpha=1.0>
494.2673 	EXP 	img: ori = np.float64(0.0)
494.2673 	EXP 	Instructions: text = 'Click the spacebar to shuffle through the filters to recognize the color.\nPress the button of the color you think it corresponds to.'
494.2673 	EXP 	counter_Text: height = np.float64(72.0)
494.2673 	EXP 	counter_Text: height = np.float64(72.0)
494.2673 	EXP 	counter_Text: height = np.float64(72.0)
494.2673 	EXP 	counter_Text: text = 16
494.2673 	EXP 	img: autoDraw = True
494.2673 	EXP 	Instructions: autoDraw = True
494.2673 	EXP 	RBGInfo: autoDraw = True
494.2673 	EXP 	G: autoDraw = True
494.2673 	EXP 	B: autoDraw = True
494.2673 	EXP 	counter_Text: autoDraw = True
494.2673 	EXP 	total_count: autoDraw = True
494.5498 	EXP 	R: autoDraw = True
497.1470 	DATA 	Keypress: space
497.1478 	EXP 	Device response: <KeyPress from None: t=497.09997919993475, value=space, duration=None>
497.3093 	EXP 	Device response: <KeyPress from None: t=497.09997919993475, value=space, duration=0.10672800010070205>
497.5978 	DATA 	Keypress: space
497.5989 	EXP 	Device response: <KeyPress from None: t=497.5269501998555, value=space, duration=None>
497.7502 	EXP 	Device response: <KeyPress from None: t=497.5269501998555, value=space, duration=0.115821200190112>
499.9245 	DATA 	Mouse: Left button down, pos=(1627,940)
500.0826 	EXP 	img: autoDraw = False
500.0826 	EXP 	Instructions: autoDraw = False
500.0826 	EXP 	RBGInfo: autoDraw = False
500.0826 	EXP 	R: autoDraw = False
500.0826 	EXP 	G: autoDraw = False
500.0826 	EXP 	B: autoDraw = False
500.0826 	EXP 	counter_Text: autoDraw = False
500.0826 	EXP 	total_count: autoDraw = False
500.0826 	EXP 	text_8: autoDraw = True
500.1539 	DATA 	Mouse:  Left button up, pos=(1627,940)
500.4659 	EXP 	text_8: autoDraw = False
500.4659 	EXP 	slider: markerPos = None
500.4659 	EXP 	slider: markerPos = 1
500.4659 	EXP 	slider: autoDraw = True
500.4659 	EXP 	text_9: autoDraw = True
500.4659 	EXP 	text_answer: autoDraw = True
501.4149 	DATA 	Mouse: Left button down, pos=(1389,594)
501.4655 	EXP 	slider: markerPos = np.float64(4.916)
501.4988 	EXP 	slider: markerPos = np.float64(4.916)
501.5324 	EXP 	slider: markerPos = np.float64(4.916)
501.5658 	EXP 	slider: markerPos = np.float64(4.916)
501.5992 	EXP 	slider: markerPos = np.float64(4.916)
501.6326 	EXP 	slider: markerPos = np.float64(4.916)
501.6345 	DATA 	Mouse:  Left button up, pos=(1389,594)
501.6660 	EXP 	slider: markerPos = 5.0
503.4343 	DATA 	Mouse: Left button down, pos=(970,261)
503.4532 	EXP 	slider: autoDraw = False
503.4532 	EXP 	text_9: autoDraw = False
503.4532 	EXP 	text_answer: autoDraw = False
503.4532 	EXP 	text_8: autoDraw = True
503.6697 	DATA 	Mouse:  Left button up, pos=(970,261)
503.8325 	INFO 	Keyboard events cleared
503.8324 	EXP 	text_8: autoDraw = False
503.8324 	EXP 	text_8: autoDraw = False
503.8324 	EXP 	corrColor_2: height = np.float64(56.0)
503.8324 	EXP 	corrColor_2: height = np.float64(56.0)
503.8324 	EXP 	corrColor_2: height = np.float64(56.0)
503.8324 	EXP 	corrColor_2: text = 'Grey'
503.8324 	EXP 	R_2: height = np.float64(42.0)
503.8324 	EXP 	R_2: height = np.float64(42.0)
503.8324 	EXP 	R_2: height = np.float64(42.0)
503.8324 	EXP 	R_2: text = 42
503.8324 	EXP 	G_2: height = np.float64(42.0)
503.8324 	EXP 	G_2: height = np.float64(42.0)
503.8324 	EXP 	G_2: height = np.float64(42.0)
503.8324 	EXP 	G_2: text = 49
503.8324 	EXP 	B_2: height = np.float64(42.0)
503.8324 	EXP 	B_2: height = np.float64(42.0)
503.8324 	EXP 	B_2: height = np.float64(42.0)
503.8324 	EXP 	B_2: text = 52
503.8324 	EXP 	correctAnswer: autoDraw = True
503.8324 	EXP 	RBGInfo_2: autoDraw = True
503.8324 	EXP 	R_2: autoDraw = True
503.8324 	EXP 	G_2: autoDraw = True
503.8324 	EXP 	B_2: autoDraw = True
504.3206 	DATA 	Mouse: Left button down, pos=(970,261)
504.3360 	EXP 	correctAnswer: autoDraw = False
504.3360 	EXP 	wrongAnswer: autoDraw = False
504.3360 	EXP 	corrColor_2: autoDraw = False
504.3360 	EXP 	RBGInfo_2: autoDraw = False
504.3360 	EXP 	R_2: autoDraw = False
504.3360 	EXP 	G_2: autoDraw = False
504.3360 	EXP 	B_2: autoDraw = False
504.3360 	EXP 	text_11: autoDraw = True
504.5535 	DATA 	Mouse:  Left button up, pos=(970,261)
504.6711 	EXP 	New trial (rep=0, index=16): <Trial 16 (16 in rep 0) data={'folder': '03-1', 'image': '013_Orange.jpg', 'logical': True, 'corrColor': 'Orange', 'corrR': 100, 'corrG': 65, 'corrB': 4, 'image_path': '03-1/013_Orange_0.png', 'thisN': 16, 'thisTrialN': 16, 'thisRepN': 0}>
504.8166 	EXP 	text_11: autoDraw = False
504.8166 	EXP 	text_11: autoDraw = False
504.8166 	EXP 	img: foreColor = <psychopy.colors.Color: white, alpha=1.0>
504.8166 	EXP 	img: ori = np.float64(0.0)
504.8166 	EXP 	Instructions: text = 'Click the spacebar to shuffle through the filters to recognize the color.\nPress the button of the color you think it corresponds to.'
504.8166 	EXP 	counter_Text: height = np.float64(72.0)
504.8166 	EXP 	counter_Text: height = np.float64(72.0)
504.8166 	EXP 	counter_Text: height = np.float64(72.0)
504.8166 	EXP 	counter_Text: text = 17
504.8166 	EXP 	img: autoDraw = True
504.8166 	EXP 	Instructions: autoDraw = True
504.8166 	EXP 	RBGInfo: autoDraw = True
504.8166 	EXP 	G: autoDraw = True
504.8166 	EXP 	B: autoDraw = True
504.8166 	EXP 	counter_Text: autoDraw = True
504.8166 	EXP 	total_count: autoDraw = True
505.0990 	EXP 	R: autoDraw = True
507.8545 	DATA 	Keypress: space
507.8555 	EXP 	Device response: <KeyPress from None: t=507.82175450003706, value=space, duration=None>
508.0035 	EXP 	Device response: <KeyPress from None: t=507.82175450003706, value=space, duration=0.15216589998453856>
508.4253 	DATA 	Keypress: space
508.4258 	EXP 	Device response: <KeyPress from None: t=508.36798659991473, value=space, duration=None>
508.5611 	EXP 	Device response: <KeyPress from None: t=508.36798659991473, value=space, duration=0.11598789994604886>
509.3871 	DATA 	Keypress: space
509.5012 	EXP 	Device response: <KeyPress from None: t=509.3835539999418, value=space, duration=None>
509.5012 	EXP 	Device response: <KeyPress from None: t=509.3835539999418, value=space, duration=0.11590999993495643>
509.7750 	DATA 	Keypress: space
509.7756 	EXP 	Device response: <KeyPress from None: t=509.6966425999999, value=space, duration=None>
509.9214 	EXP 	Device response: <KeyPress from None: t=509.6966425999999, value=space, duration=0.12497789994813502>
510.0497 	DATA 	Keypress: space
510.0505 	EXP 	Device response: <KeyPress from None: t=510.0244956999086, value=space, duration=None>
510.1895 	EXP 	Device response: <KeyPress from None: t=510.0244956999086, value=space, duration=0.09789009997621179>
521.6226 	DATA 	Mouse: Left button down, pos=(1628,699)
521.6485 	EXP 	img: autoDraw = False
521.6485 	EXP 	Instructions: autoDraw = False
521.6485 	EXP 	RBGInfo: autoDraw = False
521.6485 	EXP 	R: autoDraw = False
521.6485 	EXP 	G: autoDraw = False
521.6485 	EXP 	B: autoDraw = False
521.6485 	EXP 	counter_Text: autoDraw = False
521.6485 	EXP 	total_count: autoDraw = False
521.6485 	EXP 	text_8: autoDraw = True
521.8195 	DATA 	Mouse:  Left button up, pos=(1628,699)
522.0319 	EXP 	text_8: autoDraw = False
522.0319 	EXP 	slider: markerPos = None
522.0319 	EXP 	slider: markerPos = 1
522.0319 	EXP 	slider: autoDraw = True
522.0319 	EXP 	text_9: autoDraw = True
522.0319 	EXP 	text_answer: autoDraw = True
522.9672 	DATA 	Mouse: Left button down, pos=(1381,574)
522.9979 	EXP 	slider: markerPos = np.float64(4.884)
523.0312 	EXP 	slider: markerPos = np.float64(4.884)
523.0648 	EXP 	slider: markerPos = np.float64(4.884)
523.0983 	EXP 	slider: markerPos = np.float64(4.884)
523.1316 	EXP 	slider: markerPos = np.float64(4.884)
523.1650 	EXP 	slider: markerPos = np.float64(4.884)
523.1983 	EXP 	slider: markerPos = np.float64(4.884)
523.2004 	DATA 	Mouse:  Left button up, pos=(1381,574)
523.2318 	EXP 	slider: markerPos = 5.0
524.0990 	DATA 	Mouse: Left button down, pos=(1001,255)
524.1352 	EXP 	slider: autoDraw = False
524.1352 	EXP 	text_9: autoDraw = False
524.1352 	EXP 	text_answer: autoDraw = False
524.1352 	EXP 	text_8: autoDraw = True
524.3191 	DATA 	Mouse:  Left button up, pos=(1001,255)
524.5148 	INFO 	Keyboard events cleared
524.5146 	EXP 	text_8: autoDraw = False
524.5146 	EXP 	corrColor_2: height = np.float64(56.0)
524.5146 	EXP 	corrColor_2: height = np.float64(56.0)
524.5146 	EXP 	corrColor_2: height = np.float64(56.0)
524.5146 	EXP 	corrColor_2: text = 'Orange'
524.5146 	EXP 	R_2: height = np.float64(42.0)
524.5146 	EXP 	R_2: height = np.float64(42.0)
524.5146 	EXP 	R_2: height = np.float64(42.0)
524.5146 	EXP 	R_2: text = 100
524.5146 	EXP 	G_2: height = np.float64(42.0)
524.5146 	EXP 	G_2: height = np.float64(42.0)
524.5146 	EXP 	G_2: height = np.float64(42.0)
524.5146 	EXP 	G_2: text = 65
524.5146 	EXP 	B_2: height = np.float64(42.0)
524.5146 	EXP 	B_2: height = np.float64(42.0)
524.5146 	EXP 	B_2: height = np.float64(42.0)
524.5146 	EXP 	B_2: text = 4
524.5146 	EXP 	correctAnswer: autoDraw = True
524.5146 	EXP 	RBGInfo_2: autoDraw = True
524.5146 	EXP 	R_2: autoDraw = True
524.5146 	EXP 	G_2: autoDraw = True
524.5146 	EXP 	B_2: autoDraw = True
526.1062 	DATA 	Mouse: Left button down, pos=(1001,255)
526.1339 	EXP 	correctAnswer: autoDraw = False
526.1339 	EXP 	wrongAnswer: autoDraw = False
526.1339 	EXP 	corrColor_2: autoDraw = False
526.1339 	EXP 	RBGInfo_2: autoDraw = False
526.1339 	EXP 	R_2: autoDraw = False
526.1339 	EXP 	G_2: autoDraw = False
526.1339 	EXP 	B_2: autoDraw = False
526.1339 	EXP 	text_11: autoDraw = True
526.3206 	DATA 	Mouse:  Left button up, pos=(1001,255)
526.4692 	EXP 	New trial (rep=0, index=17): <Trial 17 (17 in rep 0) data={'folder': '03-1', 'image': '006_Bordeaux.jpg', 'logical': True, 'corrColor': 'Bordeaux', 'corrR': 51, 'corrG': 0, 'corrB': 12, 'image_path': '03-1/006_Bordeaux_0.png', 'thisN': 17, 'thisTrialN': 17, 'thisRepN': 0}>
526.6487 	EXP 	text_11: autoDraw = False
526.6487 	EXP 	text_11: autoDraw = False
526.6487 	EXP 	img: foreColor = <psychopy.colors.Color: white, alpha=1.0>
526.6487 	EXP 	img: ori = np.float64(0.0)
526.6487 	EXP 	Instructions: text = 'Click the spacebar to shuffle through the filters to recognize the color.\nPress the button of the color you think it corresponds to.'
526.6487 	EXP 	counter_Text: height = np.float64(72.0)
526.6487 	EXP 	counter_Text: height = np.float64(72.0)
526.6487 	EXP 	counter_Text: height = np.float64(72.0)
526.6487 	EXP 	counter_Text: text = 18
526.6487 	EXP 	img: autoDraw = True
526.6487 	EXP 	Instructions: autoDraw = True
526.6487 	EXP 	RBGInfo: autoDraw = True
526.6487 	EXP 	G: autoDraw = True
526.6487 	EXP 	B: autoDraw = True
526.6487 	EXP 	counter_Text: autoDraw = True
526.6487 	EXP 	total_count: autoDraw = True
526.9662 	EXP 	R: autoDraw = True
530.7305 	DATA 	Keypress: space
530.7314 	EXP 	Device response: <KeyPress from None: t=530.6402928000316, value=space, duration=None>
530.8967 	EXP 	Device response: <KeyPress from None: t=530.6402928000316, value=space, duration=0.11580599984154105>
531.3575 	DATA 	Keypress: space
531.3582 	EXP 	Device response: <KeyPress from None: t=531.2772128998768, value=space, duration=None>
531.5242 	EXP 	Device response: <KeyPress from None: t=531.2772128998768, value=space, duration=0.08888119994662702>
537.1148 	DATA 	Mouse: Left button down, pos=(1622,1007)
537.1313 	EXP 	img: autoDraw = False
537.1313 	EXP 	Instructions: autoDraw = False
537.1313 	EXP 	RBGInfo: autoDraw = False
537.1313 	EXP 	R: autoDraw = False
537.1313 	EXP 	G: autoDraw = False
537.1313 	EXP 	B: autoDraw = False
537.1313 	EXP 	counter_Text: autoDraw = False
537.1313 	EXP 	total_count: autoDraw = False
537.1313 	EXP 	text_8: autoDraw = True
537.2542 	DATA 	Mouse:  Left button up, pos=(1622,1007)
537.5143 	EXP 	text_8: autoDraw = False
537.5143 	EXP 	text_8: autoDraw = False
537.5143 	EXP 	slider: markerPos = None
537.5143 	EXP 	slider: markerPos = 1
537.5143 	EXP 	slider: autoDraw = True
537.5143 	EXP 	text_9: autoDraw = True
537.5143 	EXP 	text_answer: autoDraw = True
538.4168 	DATA 	Mouse: Left button down, pos=(1411,588)
538.4481 	EXP 	slider: markerPos = np.float64(5.004)
538.4806 	EXP 	slider: markerPos = np.float64(5.004)
538.5144 	EXP 	slider: markerPos = np.float64(5.004)
538.5475 	EXP 	slider: markerPos = np.float64(5.004)
538.5808 	EXP 	slider: markerPos = np.float64(5.004)
538.6140 	EXP 	slider: markerPos = np.float64(5.004)
538.6342 	DATA 	Mouse:  Left button up, pos=(1411,588)
538.6486 	EXP 	slider: markerPos = np.float64(5.004)
538.6812 	EXP 	slider: markerPos = 5.0
539.6836 	DATA 	Mouse: Left button down, pos=(1077,265)
539.7016 	EXP 	slider: autoDraw = False
539.7016 	EXP 	text_9: autoDraw = False
539.7016 	EXP 	text_answer: autoDraw = False
539.7016 	EXP 	text_8: autoDraw = True
539.9038 	DATA 	Mouse:  Left button up, pos=(1077,265)
540.0807 	INFO 	Keyboard events cleared
540.0805 	EXP 	text_8: autoDraw = False
540.0805 	EXP 	text_8: autoDraw = False
540.0805 	EXP 	corrColor_2: height = np.float64(56.0)
540.0805 	EXP 	corrColor_2: height = np.float64(56.0)
540.0805 	EXP 	corrColor_2: height = np.float64(56.0)
540.0805 	EXP 	corrColor_2: text = 'Bordeaux'
540.0805 	EXP 	R_2: height = np.float64(42.0)
540.0805 	EXP 	R_2: height = np.float64(42.0)
540.0805 	EXP 	R_2: height = np.float64(42.0)
540.0805 	EXP 	R_2: text = 51
540.0805 	EXP 	G_2: height = np.float64(42.0)
540.0805 	EXP 	G_2: height = np.float64(42.0)
540.0805 	EXP 	G_2: height = np.float64(42.0)
540.0805 	EXP 	G_2: text = 0
540.0805 	EXP 	B_2: height = np.float64(42.0)
540.0805 	EXP 	B_2: height = np.float64(42.0)
540.0805 	EXP 	B_2: height = np.float64(42.0)
540.0805 	EXP 	B_2: text = 12
540.0805 	EXP 	correctAnswer: autoDraw = True
540.0805 	EXP 	RBGInfo_2: autoDraw = True
540.0805 	EXP 	R_2: autoDraw = True
540.0805 	EXP 	G_2: autoDraw = True
540.0805 	EXP 	B_2: autoDraw = True
540.6363 	DATA 	Mouse: Left button down, pos=(1077,265)
540.6502 	EXP 	correctAnswer: autoDraw = False
540.6502 	EXP 	wrongAnswer: autoDraw = False
540.6502 	EXP 	corrColor_2: autoDraw = False
540.6502 	EXP 	RBGInfo_2: autoDraw = False
540.6502 	EXP 	R_2: autoDraw = False
540.6502 	EXP 	G_2: autoDraw = False
540.6502 	EXP 	B_2: autoDraw = False
540.6502 	EXP 	text_11: autoDraw = True
540.8553 	DATA 	Mouse:  Left button up, pos=(1077,265)
540.9850 	EXP 	New trial (rep=0, index=18): <Trial 18 (18 in rep 0) data={'folder': '03-1', 'image': '016_Brown.jpg', 'logical': True, 'corrColor': 'Brown', 'corrR': 52, 'corrG': 18, 'corrB': 0, 'image_path': '03-1/016_Brown_0.png', 'thisN': 18, 'thisTrialN': 18, 'thisRepN': 0}>
541.1489 	EXP 	text_11: autoDraw = False
541.1489 	EXP 	text_11: autoDraw = False
541.1489 	EXP 	img: foreColor = <psychopy.colors.Color: white, alpha=1.0>
541.1489 	EXP 	img: ori = np.float64(0.0)
541.1489 	EXP 	Instructions: text = 'Click the spacebar to shuffle through the filters to recognize the color.\nPress the button of the color you think it corresponds to.'
541.1489 	EXP 	counter_Text: height = np.float64(72.0)
541.1489 	EXP 	counter_Text: height = np.float64(72.0)
541.1489 	EXP 	counter_Text: height = np.float64(72.0)
541.1489 	EXP 	counter_Text: text = 19
541.1489 	EXP 	img: autoDraw = True
541.1489 	EXP 	Instructions: autoDraw = True
541.1489 	EXP 	RBGInfo: autoDraw = True
541.1489 	EXP 	G: autoDraw = True
541.1489 	EXP 	B: autoDraw = True
541.1489 	EXP 	counter_Text: autoDraw = True
541.1489 	EXP 	total_count: autoDraw = True
541.4481 	EXP 	R: autoDraw = True
542.4800 	DATA 	Keypress: space
542.6203 	EXP 	Device response: <KeyPress from None: t=542.4770957999863, value=space, duration=None>
542.6204 	EXP 	Device response: <KeyPress from None: t=542.4770957999863, value=space, duration=0.12489719991572201>
543.2555 	DATA 	Keypress: space
543.2561 	EXP 	Device response: <KeyPress from None: t=543.2260000000242, value=space, duration=None>
543.4062 	EXP 	Device response: <KeyPress from None: t=543.2260000000242, value=space, duration=0.09795079985633492>
545.2018 	DATA 	Keypress: space
545.2024 	EXP 	Device response: <KeyPress from None: t=545.1645907999482, value=space, duration=None>
545.3543 	EXP 	Device response: <KeyPress from None: t=545.1645907999482, value=space, duration=0.16129720001481473>
545.9535 	DATA 	Keypress: space
545.9548 	EXP 	Device response: <KeyPress from None: t=545.8914729999378, value=space, duration=None>
546.0953 	EXP 	Device response: <KeyPress from None: t=545.8914729999378, value=space, duration=0.11603330005891621>
546.5504 	DATA 	Keypress: space
546.5514 	EXP 	Device response: <KeyPress from None: t=546.5461698998697, value=space, duration=None>
546.7122 	EXP 	Device response: <KeyPress from None: t=546.5461698998697, value=space, duration=0.14324570004828274>
550.2055 	DATA 	Keypress: space
550.2066 	EXP 	Device response: <KeyPress from None: t=550.1570246999618, value=space, duration=None>
550.3476 	EXP 	Device response: <KeyPress from None: t=550.1570246999618, value=space, duration=0.09802869986742735>
550.6668 	DATA 	Keypress: space
550.7973 	EXP 	Device response: <KeyPress from None: t=550.6662852999289, value=space, duration=None>
550.9570 	EXP 	Device response: <KeyPress from None: t=550.6662852999289, value=space, duration=0.17990310001187027>
551.2471 	DATA 	Keypress: space
551.2477 	EXP 	Device response: <KeyPress from None: t=551.1425792998634, value=space, duration=None>
551.3980 	EXP 	Device response: <KeyPress from None: t=551.1425792998634, value=space, duration=0.1431754999794066>
552.7459 	DATA 	Keypress: space
552.7467 	EXP 	Device response: <KeyPress from None: t=552.6433124998584, value=space, duration=None>
552.9072 	EXP 	Device response: <KeyPress from None: t=552.6433124998584, value=space, duration=0.15272440016269684>
556.9703 	DATA 	Mouse: Left button down, pos=(1650,1124)
556.9809 	EXP 	img: autoDraw = False
556.9809 	EXP 	Instructions: autoDraw = False
556.9809 	EXP 	RBGInfo: autoDraw = False
556.9809 	EXP 	R: autoDraw = False
556.9809 	EXP 	G: autoDraw = False
556.9809 	EXP 	B: autoDraw = False
556.9809 	EXP 	counter_Text: autoDraw = False
556.9809 	EXP 	total_count: autoDraw = False
556.9809 	EXP 	text_8: autoDraw = True
557.1029 	DATA 	Mouse:  Left button up, pos=(1650,1124)
557.3635 	EXP 	text_8: autoDraw = False
557.3635 	EXP 	text_8: autoDraw = False
557.3635 	EXP 	slider: markerPos = None
557.3635 	EXP 	slider: markerPos = 1
557.3635 	EXP 	slider: autoDraw = True
557.3635 	EXP 	text_9: autoDraw = True
557.3635 	EXP 	text_answer: autoDraw = True
558.7802 	DATA 	Mouse: Left button down, pos=(1416,595)
558.8305 	EXP 	slider: markerPos = np.float64(5.024)
558.8634 	EXP 	slider: markerPos = np.float64(5.024)
558.8972 	EXP 	slider: markerPos = np.float64(5.024)
558.9301 	EXP 	slider: markerPos = np.float64(5.024)
558.9631 	EXP 	slider: markerPos = np.float64(5.024)
558.9968 	EXP 	slider: markerPos = np.float64(5.024)
559.0172 	DATA 	Mouse:  Left button up, pos=(1416,595)
559.0301 	EXP 	slider: markerPos = np.float64(5.024)
559.0636 	EXP 	slider: markerPos = 5.0
559.8667 	DATA 	Mouse: Left button down, pos=(1038,301)
560.0841 	DATA 	Mouse:  Left button up, pos=(1038,301)
560.7202 	DATA 	Mouse: Left button down, pos=(1013,263)
560.7512 	EXP 	slider: autoDraw = False
560.7512 	EXP 	text_9: autoDraw = False
560.7512 	EXP 	text_answer: autoDraw = False
560.7512 	EXP 	text_8: autoDraw = True
560.9530 	DATA 	Mouse:  Left button up, pos=(1013,263)
561.1308 	INFO 	Keyboard events cleared
561.1306 	EXP 	text_8: autoDraw = False
561.1306 	EXP 	corrColor_2: height = np.float64(56.0)
561.1306 	EXP 	corrColor_2: height = np.float64(56.0)
561.1306 	EXP 	corrColor_2: height = np.float64(56.0)
561.1306 	EXP 	corrColor_2: text = 'Brown'
561.1306 	EXP 	R_2: height = np.float64(42.0)
561.1306 	EXP 	R_2: height = np.float64(42.0)
561.1306 	EXP 	R_2: height = np.float64(42.0)
561.1306 	EXP 	R_2: text = 52
561.1306 	EXP 	G_2: height = np.float64(42.0)
561.1306 	EXP 	G_2: height = np.float64(42.0)
561.1306 	EXP 	G_2: height = np.float64(42.0)
561.1306 	EXP 	G_2: text = 18
561.1306 	EXP 	B_2: height = np.float64(42.0)
561.1306 	EXP 	B_2: height = np.float64(42.0)
561.1306 	EXP 	B_2: height = np.float64(42.0)
561.1306 	EXP 	B_2: text = 0
561.1306 	EXP 	correctAnswer: autoDraw = True
561.1306 	EXP 	RBGInfo_2: autoDraw = True
561.1306 	EXP 	R_2: autoDraw = True
561.1306 	EXP 	G_2: autoDraw = True
561.1306 	EXP 	B_2: autoDraw = True
561.6074 	DATA 	Mouse: Left button down, pos=(1013,263)
561.6343 	EXP 	correctAnswer: autoDraw = False
561.6343 	EXP 	wrongAnswer: autoDraw = False
561.6343 	EXP 	corrColor_2: autoDraw = False
561.6343 	EXP 	RBGInfo_2: autoDraw = False
561.6343 	EXP 	R_2: autoDraw = False
561.6343 	EXP 	G_2: autoDraw = False
561.6343 	EXP 	B_2: autoDraw = False
561.6343 	EXP 	text_11: autoDraw = True
561.8368 	DATA 	Mouse:  Left button up, pos=(1013,263)
561.9689 	EXP 	New trial (rep=0, index=19): <Trial 19 (19 in rep 0) data={'folder': '02-1', 'image': '010_Pink.jpg', 'logical': True, 'corrColor': 'Pink', 'corrR': 98, 'corrG': 0, 'corrB': 52, 'image_path': '02-1/010_Pink_0.png', 'thisN': 19, 'thisTrialN': 19, 'thisRepN': 0}>
562.1476 	EXP 	text_11: autoDraw = False
562.1476 	EXP 	text_11: autoDraw = False
562.1476 	EXP 	img: foreColor = <psychopy.colors.Color: white, alpha=1.0>
562.1476 	EXP 	img: ori = np.float64(0.0)
562.1476 	EXP 	Instructions: text = 'Click the spacebar to shuffle through the filters to recognize the color.\nPress the button of the color you think it corresponds to.'
562.1476 	EXP 	counter_Text: height = np.float64(72.0)
562.1476 	EXP 	counter_Text: height = np.float64(72.0)
562.1476 	EXP 	counter_Text: height = np.float64(72.0)
562.1476 	EXP 	counter_Text: text = 20
562.1476 	EXP 	img: autoDraw = True
562.1476 	EXP 	Instructions: autoDraw = True
562.1476 	EXP 	RBGInfo: autoDraw = True
562.1476 	EXP 	G: autoDraw = True
562.1476 	EXP 	B: autoDraw = True
562.1476 	EXP 	counter_Text: autoDraw = True
562.1476 	EXP 	total_count: autoDraw = True
562.4475 	EXP 	R: autoDraw = True
564.2375 	DATA 	Keypress: space
564.2380 	EXP 	Device response: <KeyPress from None: t=564.204293299932, value=space, duration=None>
564.3935 	EXP 	Device response: <KeyPress from None: t=564.204293299932, value=space, duration=0.14306130004115403>
565.2571 	DATA 	Keypress: space
565.2578 	EXP 	Device response: <KeyPress from None: t=565.1999733999837, value=space, duration=None>
565.4044 	EXP 	Device response: <KeyPress from None: t=565.1999733999837, value=space, duration=0.08849449991248548>
566.6305 	DATA 	Keypress: space
566.7297 	EXP 	Device response: <KeyPress from None: t=566.6294889999554, value=space, duration=None>
566.8941 	EXP 	Device response: <KeyPress from None: t=566.6294889999554, value=space, duration=0.12490330007858574>
567.1822 	DATA 	Keypress: space
567.1827 	EXP 	Device response: <KeyPress from None: t=567.1623688999098, value=space, duration=None>
567.3233 	EXP 	Device response: <KeyPress from None: t=567.1623688999098, value=space, duration=0.11603350006043911>
571.2237 	DATA 	Mouse: Left button down, pos=(1626,823)
571.2467 	EXP 	img: autoDraw = False
571.2467 	EXP 	Instructions: autoDraw = False
571.2467 	EXP 	RBGInfo: autoDraw = False
571.2467 	EXP 	R: autoDraw = False
571.2467 	EXP 	G: autoDraw = False
571.2467 	EXP 	B: autoDraw = False
571.2467 	EXP 	counter_Text: autoDraw = False
571.2467 	EXP 	total_count: autoDraw = False
571.2467 	EXP 	text_8: autoDraw = True
571.3509 	DATA 	Mouse:  Left button up, pos=(1626,823)
571.6297 	EXP 	text_8: autoDraw = False
571.6297 	EXP 	slider: markerPos = None
571.6297 	EXP 	slider: markerPos = 1
571.6297 	EXP 	slider: autoDraw = True
571.6297 	EXP 	text_9: autoDraw = True
571.6297 	EXP 	text_answer: autoDraw = True
572.6648 	DATA 	Mouse: Left button down, pos=(1393,598)
572.6963 	EXP 	slider: markerPos = np.float64(4.932)
572.7299 	EXP 	slider: markerPos = np.float64(4.932)
572.7629 	EXP 	slider: markerPos = np.float64(4.932)
572.7960 	EXP 	slider: markerPos = np.float64(4.932)
572.8294 	EXP 	slider: markerPos = np.float64(4.932)
572.8632 	EXP 	slider: markerPos = np.float64(4.932)
572.8820 	DATA 	Mouse:  Left button up, pos=(1393,598)
572.8969 	EXP 	slider: markerPos = np.float64(4.932)
572.9300 	EXP 	slider: markerPos = 5.0
573.7462 	DATA 	Mouse: Left button down, pos=(972,211)
573.7835 	EXP 	slider: autoDraw = False
573.7835 	EXP 	text_9: autoDraw = False
573.7835 	EXP 	text_answer: autoDraw = False
573.7835 	EXP 	text_8: autoDraw = True
573.9521 	DATA 	Mouse:  Left button up, pos=(972,211)
574.1799 	INFO 	Keyboard events cleared
574.1797 	EXP 	text_8: autoDraw = False
574.1797 	EXP 	text_8: autoDraw = False
574.1797 	EXP 	corrColor_2: height = np.float64(56.0)
574.1797 	EXP 	corrColor_2: height = np.float64(56.0)
574.1797 	EXP 	corrColor_2: height = np.float64(56.0)
574.1797 	EXP 	corrColor_2: text = 'Pink'
574.1797 	EXP 	R_2: height = np.float64(42.0)
574.1797 	EXP 	R_2: height = np.float64(42.0)
574.1797 	EXP 	R_2: height = np.float64(42.0)
574.1797 	EXP 	R_2: text = 98
574.1797 	EXP 	G_2: height = np.float64(42.0)
574.1797 	EXP 	G_2: height = np.float64(42.0)
574.1797 	EXP 	G_2: height = np.float64(42.0)
574.1797 	EXP 	G_2: text = 0
574.1797 	EXP 	B_2: height = np.float64(42.0)
574.1797 	EXP 	B_2: height = np.float64(42.0)
574.1797 	EXP 	B_2: height = np.float64(42.0)
574.1797 	EXP 	B_2: text = 52
574.1797 	EXP 	correctAnswer: autoDraw = True
574.1797 	EXP 	RBGInfo_2: autoDraw = True
574.1797 	EXP 	R_2: autoDraw = True
574.1797 	EXP 	G_2: autoDraw = True
574.1797 	EXP 	B_2: autoDraw = True
575.4196 	DATA 	Mouse: Left button down, pos=(1006,288)
575.4325 	EXP 	correctAnswer: autoDraw = False
575.4325 	EXP 	wrongAnswer: autoDraw = False
575.4325 	EXP 	corrColor_2: autoDraw = False
575.4325 	EXP 	RBGInfo_2: autoDraw = False
575.4325 	EXP 	R_2: autoDraw = False
575.4325 	EXP 	G_2: autoDraw = False
575.4325 	EXP 	B_2: autoDraw = False
575.4325 	EXP 	text_11: autoDraw = True
575.6354 	DATA 	Mouse:  Left button up, pos=(1006,288)
575.7675 	EXP 	New trial (rep=0, index=20): <Trial 20 (20 in rep 0) data={'folder': '01-1', 'image': '028_Blue.jpg', 'logical': True, 'corrColor': 'Blue', 'corrR': 0, 'corrG': 9, 'corrB': 96, 'image_path': '01-1/028_Blue_0.png', 'thisN': 20, 'thisTrialN': 20, 'thisRepN': 0}>
575.9303 	EXP 	text_11: autoDraw = False
575.9303 	EXP 	text_11: autoDraw = False
575.9303 	EXP 	img: foreColor = <psychopy.colors.Color: white, alpha=1.0>
575.9303 	EXP 	img: ori = np.float64(0.0)
575.9303 	EXP 	Instructions: text = 'Click the spacebar to shuffle through the filters to recognize the color.\nPress the button of the color you think it corresponds to.'
575.9303 	EXP 	counter_Text: height = np.float64(72.0)
575.9303 	EXP 	counter_Text: height = np.float64(72.0)
575.9303 	EXP 	counter_Text: height = np.float64(72.0)
575.9303 	EXP 	counter_Text: text = 21
575.9303 	EXP 	img: autoDraw = True
575.9303 	EXP 	Instructions: autoDraw = True
575.9303 	EXP 	RBGInfo: autoDraw = True
575.9303 	EXP 	G: autoDraw = True
575.9303 	EXP 	B: autoDraw = True
575.9303 	EXP 	counter_Text: autoDraw = True
575.9303 	EXP 	total_count: autoDraw = True
576.2138 	EXP 	R: autoDraw = True
577.1413 	DATA 	Keypress: space
577.2677 	EXP 	Device response: <KeyPress from None: t=577.1379996000323, value=space, duration=None>
577.2677 	EXP 	Device response: <KeyPress from None: t=577.1379996000323, value=space, duration=0.1067950997967273>
578.1277 	DATA 	Keypress: space
578.2630 	EXP 	Device response: <KeyPress from None: t=578.1270691999234, value=space, duration=None>
578.4162 	EXP 	Device response: <KeyPress from None: t=578.1270691999234, value=space, duration=0.1610918000806123>
579.1860 	DATA 	Keypress: space
579.1866 	EXP 	Device response: <KeyPress from None: t=579.0876360998955, value=space, duration=None>
579.3755 	DATA 	Keypress: space
579.3770 	EXP 	Device response: <KeyPress from None: t=579.0876360998955, value=space, duration=0.13398830010555685>
579.3770 	EXP 	Device response: <KeyPress from None: t=579.3730830999557, value=space, duration=None>
579.5229 	EXP 	Device response: <KeyPress from None: t=579.3730830999557, value=space, duration=0.12520539993420243>
579.6707 	DATA 	Keypress: space
579.6714 	EXP 	Device response: <KeyPress from None: t=579.5911487999838, value=space, duration=None>
579.8291 	DATA 	Keypress: space
579.8298 	EXP 	Device response: <KeyPress from None: t=579.5911487999838, value=space, duration=0.0978295998647809>
579.8299 	EXP 	Device response: <KeyPress from None: t=579.805913399905, value=space, duration=None>
579.9879 	EXP 	Device response: <KeyPress from None: t=579.805913399905, value=space, duration=0.0981330000795424>
583.8731 	DATA 	Mouse: Left button down, pos=(1620,637)
583.8975 	EXP 	img: autoDraw = False
583.8975 	EXP 	Instructions: autoDraw = False
583.8975 	EXP 	RBGInfo: autoDraw = False
583.8975 	EXP 	R: autoDraw = False
583.8975 	EXP 	G: autoDraw = False
583.8975 	EXP 	B: autoDraw = False
583.8975 	EXP 	counter_Text: autoDraw = False
583.8975 	EXP 	total_count: autoDraw = False
583.8975 	EXP 	text_8: autoDraw = True
584.0006 	DATA 	Mouse:  Left button up, pos=(1620,637)
584.2794 	EXP 	text_8: autoDraw = False
584.2794 	EXP 	slider: markerPos = None
584.2794 	EXP 	slider: markerPos = 1
584.2794 	EXP 	slider: autoDraw = True
584.2794 	EXP 	text_9: autoDraw = True
584.2794 	EXP 	text_answer: autoDraw = True
585.0973 	DATA 	Mouse: Left button down, pos=(1405,586)
585.1460 	EXP 	slider: markerPos = np.float64(4.98)
585.1789 	EXP 	slider: markerPos = np.float64(4.98)
585.2123 	EXP 	slider: markerPos = np.float64(4.98)
585.2458 	EXP 	slider: markerPos = np.float64(4.98)
585.2790 	EXP 	slider: markerPos = np.float64(4.98)
585.3125 	EXP 	slider: markerPos = np.float64(4.98)
585.3342 	DATA 	Mouse:  Left button up, pos=(1405,586)
585.3461 	EXP 	slider: markerPos = np.float64(4.98)
585.3794 	EXP 	slider: markerPos = 5.0
586.3473 	DATA 	Mouse: Left button down, pos=(1017,244)
586.3665 	EXP 	slider: autoDraw = False
586.3665 	EXP 	text_9: autoDraw = False
586.3665 	EXP 	text_answer: autoDraw = False
586.3665 	EXP 	text_8: autoDraw = True
586.5694 	DATA 	Mouse:  Left button up, pos=(1017,244)
586.7460 	INFO 	Keyboard events cleared
586.7459 	EXP 	text_8: autoDraw = False
586.7459 	EXP 	text_8: autoDraw = False
586.7459 	EXP 	corrColor_2: height = np.float64(56.0)
586.7459 	EXP 	corrColor_2: height = np.float64(56.0)
586.7459 	EXP 	corrColor_2: height = np.float64(56.0)
586.7459 	EXP 	corrColor_2: text = 'Blue'
586.7459 	EXP 	R_2: height = np.float64(42.0)
586.7459 	EXP 	R_2: height = np.float64(42.0)
586.7459 	EXP 	R_2: height = np.float64(42.0)
586.7459 	EXP 	R_2: text = 0
586.7459 	EXP 	G_2: height = np.float64(42.0)
586.7459 	EXP 	G_2: height = np.float64(42.0)
586.7459 	EXP 	G_2: height = np.float64(42.0)
586.7459 	EXP 	G_2: text = 9
586.7459 	EXP 	B_2: height = np.float64(42.0)
586.7459 	EXP 	B_2: height = np.float64(42.0)
586.7459 	EXP 	B_2: height = np.float64(42.0)
586.7459 	EXP 	B_2: text = 96
586.7459 	EXP 	correctAnswer: autoDraw = True
586.7459 	EXP 	RBGInfo_2: autoDraw = True
586.7459 	EXP 	R_2: autoDraw = True
586.7459 	EXP 	G_2: autoDraw = True
586.7459 	EXP 	B_2: autoDraw = True
588.3680 	DATA 	Mouse: Left button down, pos=(1017,244)
588.3811 	EXP 	correctAnswer: autoDraw = False
588.3811 	EXP 	wrongAnswer: autoDraw = False
588.3811 	EXP 	corrColor_2: autoDraw = False
588.3811 	EXP 	RBGInfo_2: autoDraw = False
588.3811 	EXP 	R_2: autoDraw = False
588.3811 	EXP 	G_2: autoDraw = False
588.3811 	EXP 	B_2: autoDraw = False
588.3811 	EXP 	text_11: autoDraw = True
588.6014 	DATA 	Mouse:  Left button up, pos=(1017,244)
588.7168 	EXP 	New trial (rep=0, index=21): <Trial 21 (21 in rep 0) data={'folder': '01-1', 'image': '010_Red.jpg', 'logical': True, 'corrColor': 'Red', 'corrR': 99, 'corrG': 0, 'corrB': 12, 'image_path': '01-1/010_Red_0.png', 'thisN': 21, 'thisTrialN': 21, 'thisRepN': 0}>
588.8801 	EXP 	text_11: autoDraw = False
588.8801 	EXP 	text_11: autoDraw = False
588.8801 	EXP 	img: foreColor = <psychopy.colors.Color: white, alpha=1.0>
588.8801 	EXP 	img: ori = np.float64(0.0)
588.8801 	EXP 	Instructions: text = 'Click the spacebar to shuffle through the filters to recognize the color.\nPress the button of the color you think it corresponds to.'
588.8801 	EXP 	counter_Text: height = np.float64(72.0)
588.8801 	EXP 	counter_Text: height = np.float64(72.0)
588.8801 	EXP 	counter_Text: height = np.float64(72.0)
588.8801 	EXP 	counter_Text: text = 22
588.8801 	EXP 	img: autoDraw = True
588.8801 	EXP 	Instructions: autoDraw = True
588.8801 	EXP 	RBGInfo: autoDraw = True
588.8801 	EXP 	G: autoDraw = True
588.8801 	EXP 	B: autoDraw = True
588.8801 	EXP 	counter_Text: autoDraw = True
588.8801 	EXP 	total_count: autoDraw = True
589.1800 	EXP 	R: autoDraw = True
590.0448 	DATA 	Keypress: space
590.1653 	EXP 	Device response: <KeyPress from None: t=590.0439126999117, value=space, duration=None>
590.1653 	EXP 	Device response: <KeyPress from None: t=590.0439126999117, value=space, duration=0.05268540000542998>
591.1771 	DATA 	Keypress: space
591.1778 	EXP 	Device response: <KeyPress from None: t=591.1170891998336, value=space, duration=None>
591.3143 	EXP 	Device response: <KeyPress from None: t=591.1170891998336, value=space, duration=0.07963800011202693>
592.2474 	DATA 	Keypress: space
592.2481 	EXP 	Device response: <KeyPress from None: t=592.2204644999001, value=space, duration=None>
592.3966 	EXP 	Device response: <KeyPress from None: t=592.2204644999001, value=space, duration=0.0888368000742048>
592.6912 	DATA 	Keypress: space
592.6929 	EXP 	Device response: <KeyPress from None: t=592.6391092999838, value=space, duration=None>
592.8512 	EXP 	Device response: <KeyPress from None: t=592.6391092999838, value=space, duration=0.12525359983555973>
599.0399 	DATA 	Mouse: Left button down, pos=(1613,343)
599.0624 	EXP 	img: autoDraw = False
599.0624 	EXP 	Instructions: autoDraw = False
599.0624 	EXP 	RBGInfo: autoDraw = False
599.0624 	EXP 	R: autoDraw = False
599.0624 	EXP 	G: autoDraw = False
599.0624 	EXP 	B: autoDraw = False
599.0624 	EXP 	counter_Text: autoDraw = False
599.0624 	EXP 	total_count: autoDraw = False
599.0624 	EXP 	text_8: autoDraw = True
599.2330 	DATA 	Mouse:  Left button up, pos=(1613,343)
599.4453 	EXP 	text_8: autoDraw = False
599.4453 	EXP 	slider: markerPos = None
599.4453 	EXP 	slider: markerPos = 1
599.4453 	EXP 	slider: autoDraw = True
599.4453 	EXP 	text_9: autoDraw = True
599.4453 	EXP 	text_answer: autoDraw = True
600.4302 	DATA 	Mouse: Left button down, pos=(1389,598)
600.4787 	EXP 	slider: markerPos = np.float64(4.916)
600.5122 	EXP 	slider: markerPos = np.float64(4.916)
600.5454 	EXP 	slider: markerPos = np.float64(4.916)
600.5791 	EXP 	slider: markerPos = np.float64(4.916)
600.6120 	EXP 	slider: markerPos = np.float64(4.916)
600.6452 	EXP 	slider: markerPos = np.float64(4.916)
600.6492 	DATA 	Mouse:  Left button up, pos=(1389,598)
600.6787 	EXP 	slider: markerPos = 5.0
601.6597 	DATA 	Mouse: Left button down, pos=(1030,249)
601.6992 	EXP 	slider: autoDraw = False
601.6992 	EXP 	text_9: autoDraw = False
601.6992 	EXP 	text_answer: autoDraw = False
601.6992 	EXP 	text_8: autoDraw = True
601.8850 	DATA 	Mouse:  Left button up, pos=(1030,249)
602.0789 	INFO 	Keyboard events cleared
602.0787 	EXP 	text_8: autoDraw = False
602.0787 	EXP 	corrColor_2: height = np.float64(56.0)
602.0787 	EXP 	corrColor_2: height = np.float64(56.0)
602.0787 	EXP 	corrColor_2: height = np.float64(56.0)
602.0787 	EXP 	corrColor_2: text = 'Red'
602.0787 	EXP 	R_2: height = np.float64(42.0)
602.0787 	EXP 	R_2: height = np.float64(42.0)
602.0787 	EXP 	R_2: height = np.float64(42.0)
602.0787 	EXP 	R_2: text = 99
602.0787 	EXP 	G_2: height = np.float64(42.0)
602.0787 	EXP 	G_2: height = np.float64(42.0)
602.0787 	EXP 	G_2: height = np.float64(42.0)
602.0787 	EXP 	G_2: text = 0
602.0787 	EXP 	B_2: height = np.float64(42.0)
602.0787 	EXP 	B_2: height = np.float64(42.0)
602.0787 	EXP 	B_2: height = np.float64(42.0)
602.0787 	EXP 	B_2: text = 12
602.0787 	EXP 	correctAnswer: autoDraw = True
602.0787 	EXP 	RBGInfo_2: autoDraw = True
602.0787 	EXP 	R_2: autoDraw = True
602.0787 	EXP 	G_2: autoDraw = True
602.0787 	EXP 	B_2: autoDraw = True
602.5349 	DATA 	Mouse: Left button down, pos=(1030,249)
602.5475 	EXP 	correctAnswer: autoDraw = False
602.5475 	EXP 	wrongAnswer: autoDraw = False
602.5475 	EXP 	corrColor_2: autoDraw = False
602.5475 	EXP 	RBGInfo_2: autoDraw = False
602.5475 	EXP 	R_2: autoDraw = False
602.5475 	EXP 	G_2: autoDraw = False
602.5475 	EXP 	B_2: autoDraw = False
602.5475 	EXP 	text_11: autoDraw = True
602.7690 	DATA 	Mouse:  Left button up, pos=(1030,249)
602.8831 	EXP 	New trial (rep=0, index=22): <Trial 22 (22 in rep 0) data={'folder': '01-1', 'image': '008_Purple.jpg', 'logical': True, 'corrColor': 'Purple', 'corrR': 52, 'corrG': 0, 'corrB': 99, 'image_path': '01-1/008_Purple_0.png', 'thisN': 22, 'thisTrialN': 22, 'thisRepN': 0}>
603.0462 	EXP 	text_11: autoDraw = False
603.0462 	EXP 	text_11: autoDraw = False
603.0462 	EXP 	img: foreColor = <psychopy.colors.Color: white, alpha=1.0>
603.0462 	EXP 	img: ori = np.float64(0.0)
603.0462 	EXP 	Instructions: text = 'Click the spacebar to shuffle through the filters to recognize the color.\nPress the button of the color you think it corresponds to.'
603.0462 	EXP 	counter_Text: height = np.float64(72.0)
603.0462 	EXP 	counter_Text: height = np.float64(72.0)
603.0462 	EXP 	counter_Text: height = np.float64(72.0)
603.0462 	EXP 	counter_Text: text = 23
603.0462 	EXP 	img: autoDraw = True
603.0462 	EXP 	Instructions: autoDraw = True
603.0462 	EXP 	RBGInfo: autoDraw = True
603.0462 	EXP 	G: autoDraw = True
603.0462 	EXP 	B: autoDraw = True
603.0462 	EXP 	counter_Text: autoDraw = True
603.0462 	EXP 	total_count: autoDraw = True
603.3456 	EXP 	R: autoDraw = True
604.4971 	DATA 	Keypress: space
604.4977 	EXP 	Device response: <KeyPress from None: t=604.4192009000108, value=space, duration=None>
604.6296 	EXP 	Device response: <KeyPress from None: t=604.4192009000108, value=space, duration=0.09764689998701215>
605.1688 	DATA 	Keypress: space
605.1693 	EXP 	Device response: <KeyPress from None: t=605.1530792999547, value=space, duration=None>
605.3103 	EXP 	Device response: <KeyPress from None: t=605.1530792999547, value=space, duration=0.13422219990752637>
609.8978 	DATA 	Mouse: Left button down, pos=(1624,526)
609.9123 	EXP 	img: autoDraw = False
609.9123 	EXP 	Instructions: autoDraw = False
609.9123 	EXP 	RBGInfo: autoDraw = False
609.9123 	EXP 	R: autoDraw = False
609.9123 	EXP 	G: autoDraw = False
609.9123 	EXP 	B: autoDraw = False
609.9123 	EXP 	counter_Text: autoDraw = False
609.9123 	EXP 	total_count: autoDraw = False
609.9123 	EXP 	text_8: autoDraw = True
610.0334 	DATA 	Mouse:  Left button up, pos=(1624,526)
610.2955 	EXP 	text_8: autoDraw = False
610.2955 	EXP 	text_8: autoDraw = False
610.2955 	EXP 	slider: markerPos = None
610.2955 	EXP 	slider: markerPos = 1
610.2955 	EXP 	slider: autoDraw = True
610.2955 	EXP 	text_9: autoDraw = True
610.2955 	EXP 	text_answer: autoDraw = True
611.0777 	DATA 	Mouse: Left button down, pos=(1382,579)
611.1280 	EXP 	slider: markerPos = np.float64(4.888)
611.1613 	EXP 	slider: markerPos = np.float64(4.888)
611.1952 	EXP 	slider: markerPos = np.float64(4.888)
611.2284 	EXP 	slider: markerPos = np.float64(4.888)
611.2618 	EXP 	slider: markerPos = np.float64(4.888)
611.2952 	EXP 	slider: markerPos = np.float64(4.888)
611.2998 	DATA 	Mouse:  Left button up, pos=(1382,579)
611.3286 	EXP 	slider: markerPos = 5.0
612.4121 	DATA 	Mouse: Left button down, pos=(1022,240)
612.4489 	EXP 	slider: autoDraw = False
612.4489 	EXP 	text_9: autoDraw = False
612.4489 	EXP 	text_answer: autoDraw = False
612.4489 	EXP 	text_8: autoDraw = True
612.6503 	DATA 	Mouse:  Left button up, pos=(1022,240)
612.8286 	INFO 	Keyboard events cleared
612.8284 	EXP 	text_8: autoDraw = False
612.8284 	EXP 	text_8: autoDraw = False
612.8284 	EXP 	corrColor_2: height = np.float64(56.0)
612.8284 	EXP 	corrColor_2: height = np.float64(56.0)
612.8284 	EXP 	corrColor_2: height = np.float64(56.0)
612.8284 	EXP 	corrColor_2: text = 'Purple'
612.8284 	EXP 	R_2: height = np.float64(42.0)
612.8284 	EXP 	R_2: height = np.float64(42.0)
612.8284 	EXP 	R_2: height = np.float64(42.0)
612.8284 	EXP 	R_2: text = 52
612.8284 	EXP 	G_2: height = np.float64(42.0)
612.8284 	EXP 	G_2: height = np.float64(42.0)
612.8284 	EXP 	G_2: height = np.float64(42.0)
612.8284 	EXP 	G_2: text = 0
612.8284 	EXP 	B_2: height = np.float64(42.0)
612.8284 	EXP 	B_2: height = np.float64(42.0)
612.8284 	EXP 	B_2: height = np.float64(42.0)
612.8284 	EXP 	B_2: text = 99
612.8284 	EXP 	correctAnswer: autoDraw = True
612.8284 	EXP 	RBGInfo_2: autoDraw = True
612.8284 	EXP 	R_2: autoDraw = True
612.8284 	EXP 	G_2: autoDraw = True
612.8284 	EXP 	B_2: autoDraw = True
613.3162 	DATA 	Mouse: Left button down, pos=(1022,240)
613.3324 	EXP 	correctAnswer: autoDraw = False
613.3324 	EXP 	wrongAnswer: autoDraw = False
613.3324 	EXP 	corrColor_2: autoDraw = False
613.3324 	EXP 	RBGInfo_2: autoDraw = False
613.3324 	EXP 	R_2: autoDraw = False
613.3324 	EXP 	G_2: autoDraw = False
613.3324 	EXP 	B_2: autoDraw = False
613.3324 	EXP 	text_11: autoDraw = True
613.5494 	DATA 	Mouse:  Left button up, pos=(1022,240)
613.6670 	EXP 	New trial (rep=0, index=23): <Trial 23 (23 in rep 0) data={'folder': '03-1', 'image': '011_Brown.jpg', 'logical': True, 'corrColor': 'Brown', 'corrR': 50, 'corrG': 15, 'corrB': 0, 'image_path': '03-1/011_Brown_0.png', 'thisN': 23, 'thisTrialN': 23, 'thisRepN': 0}>
613.8123 	EXP 	text_11: autoDraw = False
613.8123 	EXP 	text_11: autoDraw = False
613.8123 	EXP 	img: foreColor = <psychopy.colors.Color: white, alpha=1.0>
613.8123 	EXP 	img: ori = np.float64(0.0)
613.8123 	EXP 	Instructions: text = 'Click the spacebar to shuffle through the filters to recognize the color.\nPress the button of the color you think it corresponds to.'
613.8123 	EXP 	counter_Text: height = np.float64(72.0)
613.8123 	EXP 	counter_Text: height = np.float64(72.0)
613.8123 	EXP 	counter_Text: height = np.float64(72.0)
613.8123 	EXP 	counter_Text: text = 24
613.8123 	EXP 	img: autoDraw = True
613.8123 	EXP 	Instructions: autoDraw = True
613.8123 	EXP 	RBGInfo: autoDraw = True
613.8123 	EXP 	G: autoDraw = True
613.8123 	EXP 	B: autoDraw = True
613.8123 	EXP 	counter_Text: autoDraw = True
613.8123 	EXP 	total_count: autoDraw = True
614.0783 	EXP 	R: autoDraw = True
615.1394 	DATA 	Keypress: space
615.2566 	EXP 	Device response: <KeyPress from None: t=615.1375775998458, value=space, duration=None>
615.2566 	EXP 	Device response: <KeyPress from None: t=615.1375775998458, value=space, duration=0.09768060012720525>
616.0053 	DATA 	Keypress: space
616.0061 	EXP 	Device response: <KeyPress from None: t=615.9975764998235, value=space, duration=None>
616.1519 	EXP 	Device response: <KeyPress from None: t=615.9975764998235, value=space, duration=0.08858960005454719>
619.6460 	DATA 	Keypress: space
619.6466 	EXP 	Device response: <KeyPress from None: t=619.6037796000019, value=space, duration=None>
619.8180 	EXP 	Device response: <KeyPress from None: t=619.6037796000019, value=space, duration=0.08849100000225008>
620.1051 	DATA 	Keypress: space
620.1058 	EXP 	Device response: <KeyPress from None: t=619.9946113999467, value=space, duration=None>
620.2407 	EXP 	Device response: <KeyPress from None: t=619.9946113999467, value=space, duration=0.11586620006710291>
623.3816 	DATA 	Keypress: space
623.3822 	EXP 	Device response: <KeyPress from None: t=623.3254996999167, value=space, duration=None>
623.5236 	EXP 	Device response: <KeyPress from None: t=623.3254996999167, value=space, duration=0.11592529993504286>
627.6639 	DATA 	Mouse: Left button down, pos=(1604,1135)
627.8113 	EXP 	img: autoDraw = False
627.8113 	EXP 	Instructions: autoDraw = False
627.8113 	EXP 	RBGInfo: autoDraw = False
627.8113 	EXP 	R: autoDraw = False
627.8113 	EXP 	G: autoDraw = False
627.8113 	EXP 	B: autoDraw = False
627.8113 	EXP 	counter_Text: autoDraw = False
627.8113 	EXP 	total_count: autoDraw = False
627.8113 	EXP 	text_8: autoDraw = True
627.9000 	DATA 	Mouse:  Left button up, pos=(1604,1135)
628.1945 	EXP 	text_8: autoDraw = False
628.1945 	EXP 	slider: markerPos = None
628.1945 	EXP 	slider: markerPos = 1
628.1945 	EXP 	slider: autoDraw = True
628.1945 	EXP 	text_9: autoDraw = True
628.1945 	EXP 	text_answer: autoDraw = True
629.0943 	DATA 	Mouse: Left button down, pos=(1385,608)
629.1446 	EXP 	slider: markerPos = np.float64(4.9)
629.1779 	EXP 	slider: markerPos = np.float64(4.9)
629.2109 	EXP 	slider: markerPos = np.float64(4.9)
629.2442 	EXP 	slider: markerPos = np.float64(4.9)
629.2778 	EXP 	slider: markerPos = np.float64(4.9)
629.3113 	EXP 	slider: markerPos = np.float64(4.9)
629.3126 	DATA 	Mouse:  Left button up, pos=(1385,608)
629.3462 	EXP 	slider: markerPos = 5.0
630.5413 	DATA 	Mouse: Left button down, pos=(1006,281)
630.5811 	EXP 	slider: autoDraw = False
630.5811 	EXP 	text_9: autoDraw = False
630.5811 	EXP 	text_answer: autoDraw = False
630.5811 	EXP 	text_8: autoDraw = True
630.7683 	DATA 	Mouse:  Left button up, pos=(1006,281)
630.9608 	INFO 	Keyboard events cleared
630.9607 	EXP 	text_8: autoDraw = False
630.9607 	EXP 	text_8: autoDraw = False
630.9607 	EXP 	corrColor_2: height = np.float64(56.0)
630.9607 	EXP 	corrColor_2: height = np.float64(56.0)
630.9607 	EXP 	corrColor_2: height = np.float64(56.0)
630.9607 	EXP 	corrColor_2: text = 'Brown'
630.9607 	EXP 	R_2: height = np.float64(42.0)
630.9607 	EXP 	R_2: height = np.float64(42.0)
630.9607 	EXP 	R_2: height = np.float64(42.0)
630.9607 	EXP 	R_2: text = 50
630.9607 	EXP 	G_2: height = np.float64(42.0)
630.9607 	EXP 	G_2: height = np.float64(42.0)
630.9607 	EXP 	G_2: height = np.float64(42.0)
630.9607 	EXP 	G_2: text = 15
630.9607 	EXP 	B_2: height = np.float64(42.0)
630.9607 	EXP 	B_2: height = np.float64(42.0)
630.9607 	EXP 	B_2: height = np.float64(42.0)
630.9607 	EXP 	B_2: text = 0
630.9607 	EXP 	correctAnswer: autoDraw = True
630.9607 	EXP 	RBGInfo_2: autoDraw = True
630.9607 	EXP 	R_2: autoDraw = True
630.9607 	EXP 	G_2: autoDraw = True
630.9607 	EXP 	B_2: autoDraw = True
631.2827 	DATA 	Mouse: Left button down, pos=(1006,281)
631.2963 	EXP 	correctAnswer: autoDraw = False
631.2963 	EXP 	wrongAnswer: autoDraw = False
631.2963 	EXP 	corrColor_2: autoDraw = False
631.2963 	EXP 	RBGInfo_2: autoDraw = False
631.2963 	EXP 	R_2: autoDraw = False
631.2963 	EXP 	G_2: autoDraw = False
631.2963 	EXP 	B_2: autoDraw = False
631.2963 	EXP 	text_11: autoDraw = True
631.4987 	DATA 	Mouse:  Left button up, pos=(1006,281)
631.6320 	EXP 	New trial (rep=0, index=24): <Trial 24 (24 in rep 0) data={'folder': '02-1', 'image': '008_Orange.jpg', 'logical': True, 'corrColor': 'Orange', 'corrR': 100, 'corrG': 53, 'corrB': 0, 'image_path': '02-1/008_Orange_0.png', 'thisN': 24, 'thisTrialN': 24, 'thisRepN': 0}>
631.7951 	EXP 	text_11: autoDraw = False
631.7951 	EXP 	text_11: autoDraw = False
631.7951 	EXP 	img: foreColor = <psychopy.colors.Color: white, alpha=1.0>
631.7951 	EXP 	img: ori = np.float64(0.0)
631.7951 	EXP 	Instructions: text = 'Click the spacebar to shuffle through the filters to recognize the color.\nPress the button of the color you think it corresponds to.'
631.7951 	EXP 	counter_Text: height = np.float64(72.0)
631.7951 	EXP 	counter_Text: height = np.float64(72.0)
631.7951 	EXP 	counter_Text: height = np.float64(72.0)
631.7951 	EXP 	counter_Text: text = 25
631.7951 	EXP 	img: autoDraw = True
631.7951 	EXP 	Instructions: autoDraw = True
631.7951 	EXP 	RBGInfo: autoDraw = True
631.7951 	EXP 	G: autoDraw = True
631.7951 	EXP 	B: autoDraw = True
631.7951 	EXP 	counter_Text: autoDraw = True
631.7951 	EXP 	total_count: autoDraw = True
632.0955 	EXP 	R: autoDraw = True
633.3951 	DATA 	Keypress: space
633.3956 	EXP 	Device response: <KeyPress from None: t=633.297377999872, value=space, duration=None>
633.5333 	EXP 	Device response: <KeyPress from None: t=633.297377999872, value=space, duration=0.11591259995475411>
637.4873 	DATA 	Keypress: space
637.4882 	EXP 	Device response: <KeyPress from None: t=637.4197338998783, value=space, duration=None>
637.4922 	EXP 	Device response: <KeyPress from None: t=637.4197338998783, value=space, duration=0.07078059995546937>
638.5430 	DATA 	Keypress: space
638.5436 	EXP 	Device response: <KeyPress from None: t=638.4710554999765, value=space, duration=None>
638.6933 	EXP 	Device response: <KeyPress from None: t=638.4710554999765, value=space, duration=0.09792369999922812>
639.1438 	DATA 	Keypress: space
639.1443 	EXP 	Device response: <KeyPress from None: t=639.0668832999654, value=space, duration=None>
639.2921 	EXP 	Device response: <KeyPress from None: t=639.0668832999654, value=space, duration=0.11603390006348491>
639.6051 	DATA 	Keypress: space
639.7468 	EXP 	Device response: <KeyPress from None: t=639.6020620998461, value=space, duration=None>
639.7468 	EXP 	Device response: <KeyPress from None: t=639.6020620998461, value=space, duration=0.08920460008084774>
649.3875 	DATA 	Mouse: Left button down, pos=(1627,694)
649.4105 	EXP 	img: autoDraw = False
649.4105 	EXP 	Instructions: autoDraw = False
649.4105 	EXP 	RBGInfo: autoDraw = False
649.4105 	EXP 	R: autoDraw = False
649.4105 	EXP 	G: autoDraw = False
649.4105 	EXP 	B: autoDraw = False
649.4105 	EXP 	counter_Text: autoDraw = False
649.4105 	EXP 	total_count: autoDraw = False
649.4105 	EXP 	text_8: autoDraw = True
649.5993 	DATA 	Mouse:  Left button up, pos=(1627,694)
649.7935 	EXP 	text_8: autoDraw = False
649.7935 	EXP 	slider: markerPos = None
649.7935 	EXP 	slider: markerPos = 1
649.7935 	EXP 	slider: autoDraw = True
649.7935 	EXP 	text_9: autoDraw = True
649.7935 	EXP 	text_answer: autoDraw = True
650.5643 	DATA 	Mouse: Left button down, pos=(1371,594)
650.6104 	EXP 	slider: markerPos = np.float64(4.844)
650.6434 	EXP 	slider: markerPos = np.float64(4.844)
650.6771 	EXP 	slider: markerPos = np.float64(4.844)
650.7101 	EXP 	slider: markerPos = np.float64(4.844)
650.7433 	EXP 	slider: markerPos = np.float64(4.844)
650.7767 	EXP 	slider: markerPos = np.float64(4.844)
650.7813 	DATA 	Mouse:  Left button up, pos=(1371,594)
650.8104 	EXP 	slider: markerPos = 5.0
651.6465 	DATA 	Mouse: Left button down, pos=(930,269)
651.6637 	EXP 	slider: autoDraw = False
651.6637 	EXP 	text_9: autoDraw = False
651.6637 	EXP 	text_answer: autoDraw = False
651.6637 	EXP 	text_8: autoDraw = True
651.8524 	DATA 	Mouse:  Left button up, pos=(930,269)
652.0438 	INFO 	Keyboard events cleared
652.0437 	EXP 	text_8: autoDraw = False
652.0437 	EXP 	text_8: autoDraw = False
652.0437 	EXP 	corrColor_2: height = np.float64(56.0)
652.0437 	EXP 	corrColor_2: height = np.float64(56.0)
652.0437 	EXP 	corrColor_2: height = np.float64(56.0)
652.0437 	EXP 	corrColor_2: text = 'Orange'
652.0437 	EXP 	R_2: height = np.float64(42.0)
652.0437 	EXP 	R_2: height = np.float64(42.0)
652.0437 	EXP 	R_2: height = np.float64(42.0)
652.0437 	EXP 	R_2: text = 100
652.0437 	EXP 	G_2: height = np.float64(42.0)
652.0437 	EXP 	G_2: height = np.float64(42.0)
652.0437 	EXP 	G_2: height = np.float64(42.0)
652.0437 	EXP 	G_2: text = 53
652.0437 	EXP 	B_2: height = np.float64(42.0)
652.0437 	EXP 	B_2: height = np.float64(42.0)
652.0437 	EXP 	B_2: height = np.float64(42.0)
652.0437 	EXP 	B_2: text = 0
652.0437 	EXP 	correctAnswer: autoDraw = True
652.0437 	EXP 	RBGInfo_2: autoDraw = True
652.0437 	EXP 	R_2: autoDraw = True
652.0437 	EXP 	G_2: autoDraw = True
652.0437 	EXP 	B_2: autoDraw = True
652.7515 	DATA 	Mouse: Left button down, pos=(930,269)
652.7789 	EXP 	correctAnswer: autoDraw = False
652.7789 	EXP 	wrongAnswer: autoDraw = False
652.7789 	EXP 	corrColor_2: autoDraw = False
652.7789 	EXP 	RBGInfo_2: autoDraw = False
652.7789 	EXP 	R_2: autoDraw = False
652.7789 	EXP 	G_2: autoDraw = False
652.7789 	EXP 	B_2: autoDraw = False
652.7789 	EXP 	text_11: autoDraw = True
652.9814 	DATA 	Mouse:  Left button up, pos=(930,269)
653.1147 	EXP 	New trial (rep=0, index=25): <Trial 25 (25 in rep 0) data={'folder': '02-1', 'image': '030_Seafoam.jpg', 'logical': True, 'corrColor': 'Seafoam', 'corrR': 0, 'corrG': 99, 'corrB': 67, 'image_path': '02-1/030_Seafoam_0.png', 'thisN': 25, 'thisTrialN': 25, 'thisRepN': 0}>
653.2611 	EXP 	text_11: autoDraw = False
653.2611 	EXP 	text_11: autoDraw = False
653.2611 	EXP 	img: foreColor = <psychopy.colors.Color: white, alpha=1.0>
653.2611 	EXP 	img: ori = np.float64(0.0)
653.2611 	EXP 	Instructions: text = 'Click the spacebar to shuffle through the filters to recognize the color.\nPress the button of the color you think it corresponds to.'
653.2611 	EXP 	counter_Text: height = np.float64(72.0)
653.2611 	EXP 	counter_Text: height = np.float64(72.0)
653.2611 	EXP 	counter_Text: height = np.float64(72.0)
653.2611 	EXP 	counter_Text: text = 26
653.2611 	EXP 	img: autoDraw = True
653.2611 	EXP 	Instructions: autoDraw = True
653.2611 	EXP 	RBGInfo: autoDraw = True
653.2611 	EXP 	G: autoDraw = True
653.2611 	EXP 	B: autoDraw = True
653.2611 	EXP 	counter_Text: autoDraw = True
653.2611 	EXP 	total_count: autoDraw = True
653.5443 	EXP 	R: autoDraw = True
654.4671 	DATA 	Keypress: space
654.4676 	EXP 	Device response: <KeyPress from None: t=654.4371380000375, value=space, duration=None>
654.6056 	EXP 	Device response: <KeyPress from None: t=654.4371380000375, value=space, duration=0.079802299849689>
657.4238 	DATA 	Keypress: space
657.4246 	EXP 	Device response: <KeyPress from None: t=657.3647853999864, value=space, duration=None>
657.5691 	EXP 	Device response: <KeyPress from None: t=657.3647853999864, value=space, duration=0.12986689992249012>
661.3383 	DATA 	Keypress: space
661.3388 	EXP 	Device response: <KeyPress from None: t=661.2984031999949, value=space, duration=None>
661.4966 	EXP 	Device response: <KeyPress from None: t=661.2984031999949, value=space, duration=0.11584359989501536>
661.7933 	DATA 	Keypress: space
661.7939 	EXP 	Device response: <KeyPress from None: t=661.7850440000184, value=space, duration=None>
661.9390 	EXP 	Device response: <KeyPress from None: t=661.7850440000184, value=space, duration=0.1070001998450607>
662.2530 	DATA 	Keypress: space
662.3490 	EXP 	Device response: <KeyPress from None: t=662.252519399859, value=space, duration=None>
662.4936 	EXP 	Device response: <KeyPress from None: t=662.252519399859, value=space, duration=0.12490250007249415>
664.1384 	DATA 	Keypress: space
664.1391 	EXP 	Device response: <KeyPress from None: t=664.1191465000156, value=space, duration=None>
664.2832 	EXP 	Device response: <KeyPress from None: t=664.1191465000156, value=space, duration=0.05241869995370507>
669.8259 	DATA 	Mouse: Left button down, pos=(1635,884)
669.8429 	EXP 	img: autoDraw = False
669.8429 	EXP 	Instructions: autoDraw = False
669.8429 	EXP 	RBGInfo: autoDraw = False
669.8429 	EXP 	R: autoDraw = False
669.8429 	EXP 	G: autoDraw = False
669.8429 	EXP 	B: autoDraw = False
669.8429 	EXP 	counter_Text: autoDraw = False
669.8429 	EXP 	total_count: autoDraw = False
669.8429 	EXP 	text_8: autoDraw = True
670.0673 	DATA 	Mouse:  Left button up, pos=(1635,884)
670.2260 	EXP 	text_8: autoDraw = False
670.2260 	EXP 	text_8: autoDraw = False
670.2260 	EXP 	slider: markerPos = None
670.2260 	EXP 	slider: markerPos = 1
670.2260 	EXP 	slider: autoDraw = True
670.2260 	EXP 	text_9: autoDraw = True
670.2260 	EXP 	text_answer: autoDraw = True
671.3938 	DATA 	Mouse: Left button down, pos=(1392,589)
671.4431 	EXP 	slider: markerPos = np.float64(4.928)
671.4758 	EXP 	slider: markerPos = np.float64(4.928)
671.5095 	EXP 	slider: markerPos = np.float64(4.928)
671.5424 	EXP 	slider: markerPos = np.float64(4.928)
671.5759 	EXP 	slider: markerPos = np.float64(4.928)
671.6096 	EXP 	slider: markerPos = np.float64(4.928)
671.6111 	DATA 	Mouse:  Left button up, pos=(1392,589)
671.6429 	EXP 	slider: markerPos = 5.0
673.3324 	DATA 	Mouse: Left button down, pos=(996,240)
673.3634 	EXP 	slider: autoDraw = False
673.3634 	EXP 	text_9: autoDraw = False
673.3634 	EXP 	text_answer: autoDraw = False
673.3634 	EXP 	text_8: autoDraw = True
673.5648 	DATA 	Mouse:  Left button up, pos=(996,240)
673.7428 	INFO 	Keyboard events cleared
673.7426 	EXP 	text_8: autoDraw = False
673.7426 	EXP 	text_8: autoDraw = False
673.7426 	EXP 	corrColor_2: height = np.float64(56.0)
673.7426 	EXP 	corrColor_2: height = np.float64(56.0)
673.7426 	EXP 	corrColor_2: height = np.float64(56.0)
673.7426 	EXP 	corrColor_2: text = 'Seafoam'
673.7426 	EXP 	R_2: height = np.float64(42.0)
673.7426 	EXP 	R_2: height = np.float64(42.0)
673.7426 	EXP 	R_2: height = np.float64(42.0)
673.7426 	EXP 	R_2: text = 0
673.7426 	EXP 	G_2: height = np.float64(42.0)
673.7426 	EXP 	G_2: height = np.float64(42.0)
673.7426 	EXP 	G_2: height = np.float64(42.0)
673.7426 	EXP 	G_2: text = 99
673.7426 	EXP 	B_2: height = np.float64(42.0)
673.7426 	EXP 	B_2: height = np.float64(42.0)
673.7426 	EXP 	B_2: height = np.float64(42.0)
673.7426 	EXP 	B_2: text = 67
673.7426 	EXP 	correctAnswer: autoDraw = True
673.7426 	EXP 	RBGInfo_2: autoDraw = True
673.7426 	EXP 	R_2: autoDraw = True
673.7426 	EXP 	G_2: autoDraw = True
673.7426 	EXP 	B_2: autoDraw = True
674.4344 	DATA 	Mouse: Left button down, pos=(996,240)
674.4623 	EXP 	correctAnswer: autoDraw = False
674.4623 	EXP 	wrongAnswer: autoDraw = False
674.4623 	EXP 	corrColor_2: autoDraw = False
674.4623 	EXP 	RBGInfo_2: autoDraw = False
674.4623 	EXP 	R_2: autoDraw = False
674.4623 	EXP 	G_2: autoDraw = False
674.4623 	EXP 	B_2: autoDraw = False
674.4623 	EXP 	text_11: autoDraw = True
674.6682 	DATA 	Mouse:  Left button up, pos=(996,240)
674.7982 	EXP 	New trial (rep=0, index=26): <Trial 26 (26 in rep 0) data={'folder': '03-1', 'image': '029_Teal.jpg', 'logical': True, 'corrColor': 'Teal', 'corrR': 0, 'corrG': 47, 'corrB': 43, 'image_path': '03-1/029_Teal_0.png', 'thisN': 26, 'thisTrialN': 26, 'thisRepN': 0}>
675.0103 	EXP 	text_11: autoDraw = False
675.0103 	EXP 	text_11: autoDraw = False
675.0103 	EXP 	img: foreColor = <psychopy.colors.Color: white, alpha=1.0>
675.0103 	EXP 	img: ori = np.float64(0.0)
675.0103 	EXP 	Instructions: text = 'Click the spacebar to shuffle through the filters to recognize the color.\nPress the button of the color you think it corresponds to.'
675.0103 	EXP 	counter_Text: height = np.float64(72.0)
675.0103 	EXP 	counter_Text: height = np.float64(72.0)
675.0103 	EXP 	counter_Text: height = np.float64(72.0)
675.0103 	EXP 	counter_Text: text = 27
675.0103 	EXP 	img: autoDraw = True
675.0103 	EXP 	Instructions: autoDraw = True
675.0103 	EXP 	RBGInfo: autoDraw = True
675.0103 	EXP 	G: autoDraw = True
675.0103 	EXP 	B: autoDraw = True
675.0103 	EXP 	counter_Text: autoDraw = True
675.0103 	EXP 	total_count: autoDraw = True
675.1597 	EXP 	R: autoDraw = True
678.3263 	DATA 	Keypress: space
678.3278 	EXP 	Device response: <KeyPress from None: t=678.2426089998335, value=space, duration=None>
678.3278 	EXP 	Device response: <KeyPress from None: t=678.2426089998335, value=space, duration=0.0706009001005441>
679.0617 	DATA 	Keypress: space
679.1741 	EXP 	Device response: <KeyPress from None: t=679.0601309998892, value=space, duration=None>
679.1741 	EXP 	Device response: <KeyPress from None: t=679.0601309998892, value=space, duration=0.10678800009191036>
682.9342 	DATA 	Mouse: Left button down, pos=(1634,1067)
683.0755 	EXP 	img: autoDraw = False
683.0755 	EXP 	Instructions: autoDraw = False
683.0755 	EXP 	RBGInfo: autoDraw = False
683.0755 	EXP 	R: autoDraw = False
683.0755 	EXP 	G: autoDraw = False
683.0755 	EXP 	B: autoDraw = False
683.0755 	EXP 	counter_Text: autoDraw = False
683.0755 	EXP 	total_count: autoDraw = False
683.0755 	EXP 	text_8: autoDraw = True
683.1664 	DATA 	Mouse:  Left button up, pos=(1634,1067)
683.4589 	EXP 	text_8: autoDraw = False
683.4589 	EXP 	text_8: autoDraw = False
683.4589 	EXP 	slider: markerPos = None
683.4589 	EXP 	slider: markerPos = 1
683.4589 	EXP 	slider: autoDraw = True
683.4589 	EXP 	text_9: autoDraw = True
683.4589 	EXP 	text_answer: autoDraw = True
684.4425 	DATA 	Mouse: Left button down, pos=(1415,540)
684.6621 	DATA 	Mouse:  Left button up, pos=(1415,540)
685.4774 	DATA 	Mouse: Left button down, pos=(1408,568)
685.5255 	EXP 	slider: markerPos = np.float64(4.992)
685.5593 	EXP 	slider: markerPos = np.float64(4.992)
685.5921 	EXP 	slider: markerPos = np.float64(4.992)
685.6253 	EXP 	slider: markerPos = np.float64(4.992)
685.6586 	EXP 	slider: markerPos = np.float64(4.992)
685.6924 	EXP 	slider: markerPos = np.float64(4.992)
685.6974 	DATA 	Mouse:  Left button up, pos=(1408,568)
685.7251 	EXP 	slider: markerPos = 5.0
686.5650 	DATA 	Mouse: Left button down, pos=(967,279)
686.6123 	EXP 	slider: autoDraw = False
686.6123 	EXP 	text_9: autoDraw = False
686.6123 	EXP 	text_answer: autoDraw = False
686.6123 	EXP 	text_8: autoDraw = True
686.7817 	DATA 	Mouse:  Left button up, pos=(967,279)
686.9922 	INFO 	Keyboard events cleared
686.9921 	EXP 	text_8: autoDraw = False
686.9921 	EXP 	text_8: autoDraw = False
686.9921 	EXP 	corrColor_2: height = np.float64(56.0)
686.9921 	EXP 	corrColor_2: height = np.float64(56.0)
686.9921 	EXP 	corrColor_2: height = np.float64(56.0)
686.9921 	EXP 	corrColor_2: text = 'Teal'
686.9921 	EXP 	R_2: height = np.float64(42.0)
686.9921 	EXP 	R_2: height = np.float64(42.0)
686.9921 	EXP 	R_2: height = np.float64(42.0)
686.9921 	EXP 	R_2: text = 0
686.9921 	EXP 	G_2: height = np.float64(42.0)
686.9921 	EXP 	G_2: height = np.float64(42.0)
686.9921 	EXP 	G_2: height = np.float64(42.0)
686.9921 	EXP 	G_2: text = 47
686.9921 	EXP 	B_2: height = np.float64(42.0)
686.9921 	EXP 	B_2: height = np.float64(42.0)
686.9921 	EXP 	B_2: height = np.float64(42.0)
686.9921 	EXP 	B_2: text = 43
686.9921 	EXP 	correctAnswer: autoDraw = True
686.9921 	EXP 	RBGInfo_2: autoDraw = True
686.9921 	EXP 	R_2: autoDraw = True
686.9921 	EXP 	G_2: autoDraw = True
686.9921 	EXP 	B_2: autoDraw = True
687.6484 	DATA 	Mouse: Left button down, pos=(967,279)
687.6615 	EXP 	correctAnswer: autoDraw = False
687.6615 	EXP 	wrongAnswer: autoDraw = False
687.6615 	EXP 	corrColor_2: autoDraw = False
687.6615 	EXP 	RBGInfo_2: autoDraw = False
687.6615 	EXP 	R_2: autoDraw = False
687.6615 	EXP 	G_2: autoDraw = False
687.6615 	EXP 	B_2: autoDraw = False
687.6615 	EXP 	text_11: autoDraw = True
687.8644 	DATA 	Mouse:  Left button up, pos=(967,279)
687.9961 	EXP 	New trial (rep=0, index=27): <Trial 27 (27 in rep 0) data={'folder': '03-1', 'image': '013_Teal.jpg', 'logical': True, 'corrColor': 'Teal', 'corrR': 0, 'corrG': 48, 'corrB': 60, 'image_path': '03-1/013_Teal_0.png', 'thisN': 27, 'thisTrialN': 27, 'thisRepN': 0}>
688.1430 	EXP 	text_11: autoDraw = False
688.1430 	EXP 	text_11: autoDraw = False
688.1430 	EXP 	img: foreColor = <psychopy.colors.Color: white, alpha=1.0>
688.1430 	EXP 	img: ori = np.float64(0.0)
688.1430 	EXP 	Instructions: text = 'Click the spacebar to shuffle through the filters to recognize the color.\nPress the button of the color you think it corresponds to.'
688.1430 	EXP 	counter_Text: height = np.float64(72.0)
688.1430 	EXP 	counter_Text: height = np.float64(72.0)
688.1430 	EXP 	counter_Text: height = np.float64(72.0)
688.1430 	EXP 	counter_Text: text = 28
688.1430 	EXP 	img: autoDraw = True
688.1430 	EXP 	Instructions: autoDraw = True
688.1430 	EXP 	RBGInfo: autoDraw = True
688.1430 	EXP 	G: autoDraw = True
688.1430 	EXP 	B: autoDraw = True
688.1430 	EXP 	counter_Text: autoDraw = True
688.1430 	EXP 	total_count: autoDraw = True
688.4257 	EXP 	R: autoDraw = True
689.2025 	DATA 	Keypress: space
689.2031 	EXP 	Device response: <KeyPress from None: t=689.177377999993, value=space, duration=None>
689.3460 	EXP 	Device response: <KeyPress from None: t=689.177377999993, value=space, duration=0.1248753999825567>
690.0188 	DATA 	Keypress: space
690.0198 	EXP 	Device response: <KeyPress from None: t=689.9778207000345, value=space, duration=None>
690.1629 	EXP 	Device response: <KeyPress from None: t=689.9778207000345, value=space, duration=0.10700499988161027>
697.6139 	DATA 	Mouse: Left button down, pos=(1641,1070)
697.6259 	EXP 	img: autoDraw = False
697.6259 	EXP 	Instructions: autoDraw = False
697.6259 	EXP 	RBGInfo: autoDraw = False
697.6259 	EXP 	R: autoDraw = False
697.6259 	EXP 	G: autoDraw = False
697.6259 	EXP 	B: autoDraw = False
697.6259 	EXP 	counter_Text: autoDraw = False
697.6259 	EXP 	total_count: autoDraw = False
697.6259 	EXP 	text_8: autoDraw = True
697.7631 	DATA 	Mouse:  Left button up, pos=(1641,1070)
697.9917 	EXP 	text_8: autoDraw = False
697.9917 	EXP 	text_8: autoDraw = False
697.9917 	EXP 	slider: markerPos = None
697.9917 	EXP 	slider: markerPos = 1
697.9917 	EXP 	slider: autoDraw = True
697.9917 	EXP 	text_9: autoDraw = True
697.9917 	EXP 	text_answer: autoDraw = True
698.8615 	DATA 	Mouse: Left button down, pos=(1421,623)
698.8917 	EXP 	slider: markerPos = np.float64(5.0440000000000005)
698.9253 	EXP 	slider: markerPos = np.float64(5.0440000000000005)
698.9585 	EXP 	slider: markerPos = np.float64(5.0440000000000005)
698.9917 	EXP 	slider: markerPos = np.float64(5.0440000000000005)
699.0252 	EXP 	slider: markerPos = np.float64(5.0440000000000005)
699.0581 	EXP 	slider: markerPos = np.float64(5.0440000000000005)
699.0808 	DATA 	Mouse:  Left button up, pos=(1421,623)
699.0917 	EXP 	slider: markerPos = np.float64(5.0440000000000005)
699.1249 	EXP 	slider: markerPos = 5.0
699.9083 	DATA 	Mouse: Left button down, pos=(1001,247)
699.9469 	EXP 	slider: autoDraw = False
699.9469 	EXP 	text_9: autoDraw = False
699.9469 	EXP 	text_answer: autoDraw = False
699.9469 	EXP 	text_8: autoDraw = True
700.1293 	DATA 	Mouse:  Left button up, pos=(1001,247)
700.3252 	INFO 	Keyboard events cleared
700.3250 	EXP 	text_8: autoDraw = False
700.3250 	EXP 	corrColor_2: text = 'Teal'
700.3250 	EXP 	R_2: height = np.float64(42.0)
700.3250 	EXP 	R_2: height = np.float64(42.0)
700.3250 	EXP 	R_2: height = np.float64(42.0)
700.3250 	EXP 	R_2: text = 0
700.3250 	EXP 	G_2: height = np.float64(42.0)
700.3250 	EXP 	G_2: height = np.float64(42.0)
700.3250 	EXP 	G_2: height = np.float64(42.0)
700.3250 	EXP 	G_2: text = 48
700.3250 	EXP 	B_2: height = np.float64(42.0)
700.3250 	EXP 	B_2: height = np.float64(42.0)
700.3250 	EXP 	B_2: height = np.float64(42.0)
700.3250 	EXP 	B_2: text = 60
700.3250 	EXP 	correctAnswer: autoDraw = True
700.3250 	EXP 	RBGInfo_2: autoDraw = True
700.3250 	EXP 	R_2: autoDraw = True
700.3250 	EXP 	G_2: autoDraw = True
700.3250 	EXP 	B_2: autoDraw = True
700.8476 	DATA 	Mouse: Left button down, pos=(1001,247)
700.8613 	EXP 	correctAnswer: autoDraw = False
700.8613 	EXP 	wrongAnswer: autoDraw = False
700.8613 	EXP 	corrColor_2: autoDraw = False
700.8613 	EXP 	RBGInfo_2: autoDraw = False
700.8613 	EXP 	R_2: autoDraw = False
700.8613 	EXP 	G_2: autoDraw = False
700.8613 	EXP 	B_2: autoDraw = False
700.8613 	EXP 	text_11: autoDraw = True
701.0628 	DATA 	Mouse:  Left button up, pos=(1001,247)
701.1962 	EXP 	New trial (rep=0, index=28): <Trial 28 (28 in rep 0) data={'folder': '03-1', 'image': '012_Bordeaux.jpg', 'logical': True, 'corrColor': 'Bordeaux', 'corrR': 50, 'corrG': 2, 'corrB': 24, 'image_path': '03-1/012_Bordeaux_0.png', 'thisN': 28, 'thisTrialN': 28, 'thisRepN': 0}>
701.3926 	EXP 	text_11: autoDraw = False
701.3926 	EXP 	text_11: autoDraw = False
701.3926 	EXP 	img: foreColor = <psychopy.colors.Color: white, alpha=1.0>
701.3926 	EXP 	img: ori = np.float64(0.0)
701.3926 	EXP 	Instructions: text = 'Click the spacebar to shuffle through the filters to recognize the color.\nPress the button of the color you think it corresponds to.'
701.3926 	EXP 	counter_Text: height = np.float64(72.0)
701.3926 	EXP 	counter_Text: height = np.float64(72.0)
701.3926 	EXP 	counter_Text: height = np.float64(72.0)
701.3926 	EXP 	counter_Text: text = 29
701.3926 	EXP 	img: autoDraw = True
701.3926 	EXP 	Instructions: autoDraw = True
701.3926 	EXP 	RBGInfo: autoDraw = True
701.3926 	EXP 	G: autoDraw = True
701.3926 	EXP 	B: autoDraw = True
701.3926 	EXP 	counter_Text: autoDraw = True
701.3926 	EXP 	total_count: autoDraw = True
701.5593 	EXP 	R: autoDraw = True
702.4645 	DATA 	Keypress: space
702.4650 	EXP 	Device response: <KeyPress from None: t=702.3963750998955, value=space, duration=None>
702.6236 	EXP 	Device response: <KeyPress from None: t=702.3963750998955, value=space, duration=0.1252713999710977>
703.7013 	DATA 	Keypress: space
703.7018 	EXP 	Device response: <KeyPress from None: t=703.6915511998814, value=space, duration=None>
703.8861 	EXP 	Device response: <KeyPress from None: t=703.6915511998814, value=space, duration=0.10685040010139346>
705.7095 	DATA 	Keypress: space
705.7102 	EXP 	Device response: <KeyPress from None: t=705.6756659999955, value=space, duration=None>
705.8864 	EXP 	Device response: <KeyPress from None: t=705.6756659999955, value=space, duration=0.11590189998969436>
706.1814 	DATA 	Keypress: space
706.1819 	EXP 	Device response: <KeyPress from None: t=706.169093699893, value=space, duration=None>
706.3312 	EXP 	Device response: <KeyPress from None: t=706.169093699893, value=space, duration=0.10691450000740588>
711.7353 	DATA 	Mouse: Left button down, pos=(1610,1004)
711.7584 	EXP 	img: autoDraw = False
711.7584 	EXP 	Instructions: autoDraw = False
711.7584 	EXP 	RBGInfo: autoDraw = False
711.7584 	EXP 	R: autoDraw = False
711.7584 	EXP 	G: autoDraw = False
711.7584 	EXP 	B: autoDraw = False
711.7584 	EXP 	counter_Text: autoDraw = False
711.7584 	EXP 	total_count: autoDraw = False
711.7584 	EXP 	text_8: autoDraw = True
711.8955 	DATA 	Mouse:  Left button up, pos=(1610,1004)
712.1410 	EXP 	text_8: autoDraw = False
712.1410 	EXP 	slider: markerPos = None
712.1410 	EXP 	slider: markerPos = 1
712.1410 	EXP 	slider: autoDraw = True
712.1410 	EXP 	text_9: autoDraw = True
712.1410 	EXP 	text_answer: autoDraw = True
713.4598 	DATA 	Mouse: Left button down, pos=(1388,593)
713.5076 	EXP 	slider: markerPos = np.float64(4.912)
713.5411 	EXP 	slider: markerPos = np.float64(4.912)
713.5747 	EXP 	slider: markerPos = np.float64(4.912)
713.6081 	EXP 	slider: markerPos = np.float64(4.912)
713.6413 	EXP 	slider: markerPos = np.float64(4.912)
713.6746 	EXP 	slider: markerPos = np.float64(4.912)
713.6963 	DATA 	Mouse:  Left button up, pos=(1388,593)
713.7080 	EXP 	slider: markerPos = np.float64(4.912)
713.7411 	EXP 	slider: markerPos = 5.0
714.7102 	DATA 	Mouse: Left button down, pos=(994,234)
714.7285 	EXP 	slider: autoDraw = False
714.7285 	EXP 	text_9: autoDraw = False
714.7285 	EXP 	text_answer: autoDraw = False
714.7285 	EXP 	text_8: autoDraw = True
714.9291 	DATA 	Mouse:  Left button up, pos=(994,234)
715.1080 	INFO 	Keyboard events cleared
715.1078 	EXP 	text_8: autoDraw = False
715.1078 	EXP 	text_8: autoDraw = False
715.1078 	EXP 	corrColor_2: height = np.float64(56.0)
715.1078 	EXP 	corrColor_2: height = np.float64(56.0)
715.1078 	EXP 	corrColor_2: height = np.float64(56.0)
715.1078 	EXP 	corrColor_2: text = 'Bordeaux'
715.1078 	EXP 	R_2: height = np.float64(42.0)
715.1078 	EXP 	R_2: height = np.float64(42.0)
715.1078 	EXP 	R_2: height = np.float64(42.0)
715.1078 	EXP 	R_2: text = 50
715.1078 	EXP 	G_2: height = np.float64(42.0)
715.1078 	EXP 	G_2: height = np.float64(42.0)
715.1078 	EXP 	G_2: height = np.float64(42.0)
715.1078 	EXP 	G_2: text = 2
715.1078 	EXP 	B_2: height = np.float64(42.0)
715.1078 	EXP 	B_2: height = np.float64(42.0)
715.1078 	EXP 	B_2: height = np.float64(42.0)
715.1078 	EXP 	B_2: text = 24
715.1078 	EXP 	correctAnswer: autoDraw = True
715.1078 	EXP 	RBGInfo_2: autoDraw = True
715.1078 	EXP 	R_2: autoDraw = True
715.1078 	EXP 	G_2: autoDraw = True
715.1078 	EXP 	B_2: autoDraw = True
715.8633 	DATA 	Mouse: Left button down, pos=(994,234)
715.8767 	EXP 	correctAnswer: autoDraw = False
715.8767 	EXP 	wrongAnswer: autoDraw = False
715.8767 	EXP 	corrColor_2: autoDraw = False
715.8767 	EXP 	RBGInfo_2: autoDraw = False
715.8767 	EXP 	R_2: autoDraw = False
715.8767 	EXP 	G_2: autoDraw = False
715.8767 	EXP 	B_2: autoDraw = False
715.8767 	EXP 	text_11: autoDraw = True
716.0791 	DATA 	Mouse:  Left button up, pos=(994,234)
716.2124 	EXP 	New trial (rep=0, index=29): <Trial 29 (29 in rep 0) data={'folder': '03-1', 'image': '020_Grey.jpg', 'logical': True, 'corrColor': 'Grey', 'corrR': 47, 'corrG': 44, 'corrB': 45, 'image_path': '03-1/020_Grey_0.png', 'thisN': 29, 'thisTrialN': 29, 'thisRepN': 0}>
716.3589 	EXP 	text_11: autoDraw = False
716.3589 	EXP 	text_11: autoDraw = False
716.3589 	EXP 	img: foreColor = <psychopy.colors.Color: white, alpha=1.0>
716.3589 	EXP 	img: ori = np.float64(0.0)
716.3589 	EXP 	Instructions: text = 'Click the spacebar to shuffle through the filters to recognize the color.\nPress the button of the color you think it corresponds to.'
716.3589 	EXP 	counter_Text: height = np.float64(72.0)
716.3589 	EXP 	counter_Text: height = np.float64(72.0)
716.3589 	EXP 	counter_Text: height = np.float64(72.0)
716.3589 	EXP 	counter_Text: text = 30
716.3589 	EXP 	img: autoDraw = True
716.3589 	EXP 	Instructions: autoDraw = True
716.3589 	EXP 	RBGInfo: autoDraw = True
716.3589 	EXP 	G: autoDraw = True
716.3589 	EXP 	B: autoDraw = True
716.3589 	EXP 	counter_Text: autoDraw = True
716.3589 	EXP 	total_count: autoDraw = True
716.6412 	EXP 	R: autoDraw = True
718.4552 	DATA 	Keypress: space
718.4562 	EXP 	Device response: <KeyPress from None: t=718.3475911000278, value=space, duration=None>
718.6090 	EXP 	Device response: <KeyPress from None: t=718.3475911000278, value=space, duration=0.11593650002032518>
718.9070 	DATA 	Keypress: space
718.9107 	EXP 	Device response: <KeyPress from None: t=718.8496111000422, value=space, duration=None>
719.0485 	EXP 	Device response: <KeyPress from None: t=718.8496111000422, value=space, duration=0.09775559999980032>
721.1770 	DATA 	Mouse: Left button down, pos=(1648,943)
721.3081 	EXP 	img: autoDraw = False
721.3081 	EXP 	Instructions: autoDraw = False
721.3081 	EXP 	RBGInfo: autoDraw = False
721.3081 	EXP 	R: autoDraw = False
721.3081 	EXP 	G: autoDraw = False
721.3081 	EXP 	B: autoDraw = False
721.3081 	EXP 	counter_Text: autoDraw = False
721.3081 	EXP 	total_count: autoDraw = False
721.3081 	EXP 	text_8: autoDraw = True
721.4131 	DATA 	Mouse:  Left button up, pos=(1648,943)
721.6910 	EXP 	text_8: autoDraw = False
721.6910 	EXP 	text_8: autoDraw = False
721.6910 	EXP 	slider: markerPos = None
721.6910 	EXP 	slider: markerPos = 1
721.6910 	EXP 	slider: autoDraw = True
721.6910 	EXP 	text_9: autoDraw = True
721.6910 	EXP 	text_answer: autoDraw = True
722.5931 	DATA 	Mouse: Left button down, pos=(1392,638)
722.6239 	EXP 	slider: markerPos = np.float64(4.928)
722.6573 	EXP 	slider: markerPos = np.float64(4.928)
722.6907 	EXP 	slider: markerPos = np.float64(4.928)
722.7240 	EXP 	slider: markerPos = np.float64(4.928)
722.7572 	EXP 	slider: markerPos = np.float64(4.928)
722.7903 	EXP 	slider: markerPos = np.float64(4.928)
722.7939 	DATA 	Mouse:  Left button up, pos=(1392,638)
722.8242 	EXP 	slider: markerPos = 5.0
723.8966 	DATA 	Mouse: Left button down, pos=(1064,276)
723.9115 	EXP 	slider: autoDraw = False
723.9115 	EXP 	text_9: autoDraw = False
723.9115 	EXP 	text_answer: autoDraw = False
723.9115 	EXP 	text_8: autoDraw = True
724.1322 	DATA 	Mouse:  Left button up, pos=(1064,276)
724.2912 	INFO 	Keyboard events cleared
724.2910 	EXP 	text_8: autoDraw = False
724.2910 	EXP 	text_8: autoDraw = False
724.2910 	EXP 	corrColor_2: height = np.float64(56.0)
724.2910 	EXP 	corrColor_2: height = np.float64(56.0)
724.2910 	EXP 	corrColor_2: height = np.float64(56.0)
724.2910 	EXP 	corrColor_2: text = 'Grey'
724.2910 	EXP 	R_2: height = np.float64(42.0)
724.2910 	EXP 	R_2: height = np.float64(42.0)
724.2910 	EXP 	R_2: height = np.float64(42.0)
724.2910 	EXP 	R_2: text = 47
724.2910 	EXP 	G_2: height = np.float64(42.0)
724.2910 	EXP 	G_2: height = np.float64(42.0)
724.2910 	EXP 	G_2: height = np.float64(42.0)
724.2910 	EXP 	G_2: text = 44
724.2910 	EXP 	B_2: height = np.float64(42.0)
724.2910 	EXP 	B_2: height = np.float64(42.0)
724.2910 	EXP 	B_2: height = np.float64(42.0)
724.2910 	EXP 	B_2: text = 45
724.2910 	EXP 	correctAnswer: autoDraw = True
724.2910 	EXP 	RBGInfo_2: autoDraw = True
724.2910 	EXP 	R_2: autoDraw = True
724.2910 	EXP 	G_2: autoDraw = True
724.2910 	EXP 	B_2: autoDraw = True
724.8291 	DATA 	Mouse: Left button down, pos=(1064,276)
724.8443 	EXP 	correctAnswer: autoDraw = False
724.8443 	EXP 	wrongAnswer: autoDraw = False
724.8443 	EXP 	corrColor_2: autoDraw = False
724.8443 	EXP 	RBGInfo_2: autoDraw = False
724.8443 	EXP 	R_2: autoDraw = False
724.8443 	EXP 	G_2: autoDraw = False
724.8443 	EXP 	B_2: autoDraw = False
724.8443 	EXP 	text_11: autoDraw = True
725.0622 	DATA 	Mouse:  Left button up, pos=(1064,276)
725.1800 	EXP 	New trial (rep=0, index=30): <Trial 30 (30 in rep 0) data={'folder': '01-t', 'image': '018_Yellow.jpg', 'logical': True, 'corrColor': 'Yellow', 'corrR': 100, 'corrG': 88, 'corrB': 0, 'image_path': '01-t/018_Yellow_0.png', 'thisN': 30, 'thisTrialN': 30, 'thisRepN': 0}>
725.3251 	EXP 	text_11: autoDraw = False
725.3251 	EXP 	text_11: autoDraw = False
725.3251 	EXP 	img: foreColor = <psychopy.colors.Color: white, alpha=1.0>
725.3251 	EXP 	img: ori = np.float64(0.0)
725.3251 	EXP 	Instructions: text = 'Click the spacebar to shuffle through the filters to recognize the color.\nPress the button of the color you think it corresponds to.'
725.3251 	EXP 	counter_Text: height = np.float64(72.0)
725.3251 	EXP 	counter_Text: height = np.float64(72.0)
725.3251 	EXP 	counter_Text: height = np.float64(72.0)
725.3251 	EXP 	counter_Text: text = 31
725.3251 	EXP 	img: autoDraw = True
725.3251 	EXP 	Instructions: autoDraw = True
725.3251 	EXP 	RBGInfo: autoDraw = True
725.3251 	EXP 	G: autoDraw = True
725.3251 	EXP 	B: autoDraw = True
725.3251 	EXP 	counter_Text: autoDraw = True
725.3251 	EXP 	total_count: autoDraw = True
725.5910 	EXP 	R: autoDraw = True
728.9073 	DATA 	Keypress: space
728.9088 	EXP 	Device response: <KeyPress from None: t=728.8636888000183, value=space, duration=None>
729.0487 	EXP 	Device response: <KeyPress from None: t=728.8636888000183, value=space, duration=0.11607540003024042>
729.4644 	DATA 	Keypress: space
729.4651 	EXP 	Device response: <KeyPress from None: t=729.4569488998968, value=space, duration=None>
729.6039 	EXP 	Device response: <KeyPress from None: t=729.4569488998968, value=space, duration=0.13414199999533594>
730.3015 	DATA 	Keypress: space
730.4219 	EXP 	Device response: <KeyPress from None: t=730.299613500014, value=space, duration=None>
730.4220 	EXP 	Device response: <KeyPress from None: t=730.299613500014, value=space, duration=0.07991169998422265>
730.5921 	DATA 	Keypress: space
730.5927 	EXP 	Device response: <KeyPress from None: t=730.5289786998183, value=space, duration=None>
730.7315 	EXP 	Device response: <KeyPress from None: t=730.5289786998183, value=space, duration=0.07059210003353655>
730.9795 	EXP 	Device response: <KeyPress from None: t=730.9219090000261, value=space, duration=None>
730.9845 	DATA 	Keypress: space
731.1250 	EXP 	Device response: <KeyPress from None: t=730.9219090000261, value=space, duration=0.09786889981478453>
747.1085 	DATA 	Mouse: Left button down, pos=(1616,579)
747.2572 	EXP 	img: autoDraw = False
747.2572 	EXP 	Instructions: autoDraw = False
747.2572 	EXP 	RBGInfo: autoDraw = False
747.2572 	EXP 	R: autoDraw = False
747.2572 	EXP 	G: autoDraw = False
747.2572 	EXP 	B: autoDraw = False
747.2572 	EXP 	counter_Text: autoDraw = False
747.2572 	EXP 	total_count: autoDraw = False
747.2572 	EXP 	text_8: autoDraw = True
747.3427 	DATA 	Mouse:  Left button up, pos=(1616,579)
747.6398 	EXP 	text_8: autoDraw = False
747.6398 	EXP 	slider: markerPos = None
747.6398 	EXP 	slider: markerPos = 1
747.6398 	EXP 	slider: autoDraw = True
747.6398 	EXP 	text_9: autoDraw = True
747.6398 	EXP 	text_answer: autoDraw = True
748.5757 	DATA 	Mouse: Left button down, pos=(1395,604)
748.6066 	EXP 	slider: markerPos = np.float64(4.9399999999999995)
748.6401 	EXP 	slider: markerPos = np.float64(4.9399999999999995)
748.6731 	EXP 	slider: markerPos = np.float64(4.9399999999999995)
748.7065 	EXP 	slider: markerPos = np.float64(4.9399999999999995)
748.7398 	EXP 	slider: markerPos = np.float64(4.9399999999999995)
748.7730 	EXP 	slider: markerPos = np.float64(4.9399999999999995)
748.8064 	EXP 	slider: markerPos = np.float64(4.9399999999999995)
748.8081 	DATA 	Mouse:  Left button up, pos=(1395,604)
748.8400 	EXP 	slider: markerPos = 5.0
750.1103 	DATA 	Mouse: Left button down, pos=(1014,283)
750.1238 	EXP 	slider: autoDraw = False
750.1238 	EXP 	text_9: autoDraw = False
750.1238 	EXP 	text_answer: autoDraw = False
750.1238 	EXP 	text_8: autoDraw = True
750.3422 	DATA 	Mouse:  Left button up, pos=(1014,283)
750.5067 	INFO 	Keyboard events cleared
750.5065 	EXP 	text_8: autoDraw = False
750.5065 	EXP 	text_8: autoDraw = False
750.5065 	EXP 	corrColor_2: height = np.float64(56.0)
750.5065 	EXP 	corrColor_2: height = np.float64(56.0)
750.5065 	EXP 	corrColor_2: height = np.float64(56.0)
750.5065 	EXP 	corrColor_2: text = 'Yellow'
750.5065 	EXP 	R_2: height = np.float64(42.0)
750.5065 	EXP 	R_2: height = np.float64(42.0)
750.5065 	EXP 	R_2: height = np.float64(42.0)
750.5065 	EXP 	R_2: text = 100
750.5065 	EXP 	G_2: height = np.float64(42.0)
750.5065 	EXP 	G_2: height = np.float64(42.0)
750.5065 	EXP 	G_2: height = np.float64(42.0)
750.5065 	EXP 	G_2: text = 88
750.5065 	EXP 	B_2: height = np.float64(42.0)
750.5065 	EXP 	B_2: height = np.float64(42.0)
750.5065 	EXP 	B_2: height = np.float64(42.0)
750.5065 	EXP 	B_2: text = 0
750.5065 	EXP 	correctAnswer: autoDraw = True
750.5065 	EXP 	RBGInfo_2: autoDraw = True
750.5065 	EXP 	R_2: autoDraw = True
750.5065 	EXP 	G_2: autoDraw = True
750.5065 	EXP 	B_2: autoDraw = True
751.1096 	DATA 	Mouse: Left button down, pos=(1014,283)
751.1237 	EXP 	correctAnswer: autoDraw = False
751.1237 	EXP 	wrongAnswer: autoDraw = False
751.1237 	EXP 	corrColor_2: autoDraw = False
751.1237 	EXP 	RBGInfo_2: autoDraw = False
751.1237 	EXP 	R_2: autoDraw = False
751.1237 	EXP 	G_2: autoDraw = False
751.1237 	EXP 	B_2: autoDraw = False
751.1237 	EXP 	text_11: autoDraw = True
751.3269 	DATA 	Mouse:  Left button up, pos=(1014,283)
751.4589 	EXP 	New trial (rep=0, index=31): <Trial 31 (31 in rep 0) data={'folder': '02-1', 'image': '012_Lime-green.jpg', 'logical': True, 'corrColor': 'Lime-green', 'corrR': 61, 'corrG': 94, 'corrB': 3, 'image_path': '02-1/012_Lime-green_0.png', 'thisN': 31, 'thisTrialN': 31, 'thisRepN': 0}>
751.6345 	EXP 	text_11: autoDraw = False
751.6345 	EXP 	text_11: autoDraw = False
751.6345 	EXP 	img: foreColor = <psychopy.colors.Color: white, alpha=1.0>
751.6345 	EXP 	img: ori = np.float64(0.0)
751.6345 	EXP 	Instructions: text = 'Click the spacebar to shuffle through the filters to recognize the color.\nPress the button of the color you think it corresponds to.'
751.6345 	EXP 	counter_Text: height = np.float64(72.0)
751.6345 	EXP 	counter_Text: height = np.float64(72.0)
751.6345 	EXP 	counter_Text: height = np.float64(72.0)
751.6345 	EXP 	counter_Text: text = 32
751.6345 	EXP 	img: autoDraw = True
751.6345 	EXP 	Instructions: autoDraw = True
751.6345 	EXP 	RBGInfo: autoDraw = True
751.6345 	EXP 	G: autoDraw = True
751.6345 	EXP 	B: autoDraw = True
751.6345 	EXP 	counter_Text: autoDraw = True
751.6345 	EXP 	total_count: autoDraw = True
751.9568 	EXP 	R: autoDraw = True
772.3143 	DATA 	Keypress: space
772.3156 	EXP 	Device response: <KeyPress from None: t=772.2913998998702, value=space, duration=None>
772.4799 	EXP 	Device response: <KeyPress from None: t=772.2913998998702, value=space, duration=0.10664610005915165>
773.9062 	DATA 	Keypress: space
773.9072 	EXP 	Device response: <KeyPress from None: t=773.8850306000095, value=space, duration=None>
774.0617 	EXP 	Device response: <KeyPress from None: t=773.8850306000095, value=space, duration=0.11583239980973303>
774.6562 	DATA 	Keypress: space
774.6567 	EXP 	Device response: <KeyPress from None: t=774.5562966000289, value=space, duration=None>
774.8084 	EXP 	Device response: <KeyPress from None: t=774.5562966000289, value=space, duration=0.10687089990824461>
775.1146 	DATA 	Keypress: space
775.1168 	EXP 	Device response: <KeyPress from None: t=775.1034955999348, value=space, duration=None>
775.2606 	EXP 	Device response: <KeyPress from None: t=775.1034955999348, value=space, duration=0.10691209998913109>
799.1455 	EXP 	Device response: <KeyPress from None: t=799.1433436998632, value=space, duration=None>
799.1489 	DATA 	Keypress: space
799.3005 	EXP 	Device response: <KeyPress from None: t=799.1433436998632, value=space, duration=0.1066817999817431>
808.2646 	DATA 	Mouse: Left button down, pos=(1653,759)
808.4383 	EXP 	img: autoDraw = False
808.4383 	EXP 	Instructions: autoDraw = False
808.4383 	EXP 	RBGInfo: autoDraw = False
808.4383 	EXP 	R: autoDraw = False
808.4383 	EXP 	G: autoDraw = False
808.4383 	EXP 	B: autoDraw = False
808.4383 	EXP 	counter_Text: autoDraw = False
808.4383 	EXP 	total_count: autoDraw = False
808.4383 	EXP 	text_8: autoDraw = True
808.4914 	DATA 	Mouse:  Left button up, pos=(1653,759)
808.8377 	EXP 	text_8: autoDraw = False
808.8377 	EXP 	slider: markerPos = None
808.8377 	EXP 	slider: markerPos = 1
808.8377 	EXP 	slider: autoDraw = True
808.8377 	EXP 	text_9: autoDraw = True
808.8377 	EXP 	text_answer: autoDraw = True
809.6266 	DATA 	Mouse: Left button down, pos=(1393,610)
809.6710 	EXP 	slider: markerPos = np.float64(4.932)
809.7046 	EXP 	slider: markerPos = np.float64(4.932)
809.7382 	EXP 	slider: markerPos = np.float64(4.932)
809.7711 	EXP 	slider: markerPos = np.float64(4.932)
809.8046 	EXP 	slider: markerPos = np.float64(4.932)
809.8376 	EXP 	slider: markerPos = np.float64(4.932)
809.8569 	DATA 	Mouse:  Left button up, pos=(1393,610)
809.8710 	EXP 	slider: markerPos = np.float64(4.932)
809.9044 	EXP 	slider: markerPos = 5.0
811.0522 	DATA 	Mouse: Left button down, pos=(975,242)
811.0890 	EXP 	slider: autoDraw = False
811.0890 	EXP 	text_9: autoDraw = False
811.0890 	EXP 	text_answer: autoDraw = False
811.0890 	EXP 	text_8: autoDraw = True
811.2895 	DATA 	Mouse:  Left button up, pos=(975,242)
811.4708 	INFO 	Keyboard events cleared
811.4706 	EXP 	text_8: autoDraw = False
811.4706 	EXP 	text_8: autoDraw = False
811.4706 	EXP 	corrColor_2: height = np.float64(56.0)
811.4706 	EXP 	corrColor_2: height = np.float64(56.0)
811.4706 	EXP 	corrColor_2: height = np.float64(56.0)
811.4706 	EXP 	corrColor_2: text = 'Lime-green'
811.4706 	EXP 	R_2: height = np.float64(42.0)
811.4706 	EXP 	R_2: height = np.float64(42.0)
811.4706 	EXP 	R_2: height = np.float64(42.0)
811.4706 	EXP 	R_2: text = 61
811.4706 	EXP 	G_2: height = np.float64(42.0)
811.4706 	EXP 	G_2: height = np.float64(42.0)
811.4706 	EXP 	G_2: height = np.float64(42.0)
811.4706 	EXP 	G_2: text = 94
811.4706 	EXP 	B_2: height = np.float64(42.0)
811.4706 	EXP 	B_2: height = np.float64(42.0)
811.4706 	EXP 	B_2: height = np.float64(42.0)
811.4706 	EXP 	B_2: text = 3
811.4706 	EXP 	correctAnswer: autoDraw = True
811.4706 	EXP 	RBGInfo_2: autoDraw = True
811.4706 	EXP 	R_2: autoDraw = True
811.4706 	EXP 	G_2: autoDraw = True
811.4706 	EXP 	B_2: autoDraw = True
811.9403 	DATA 	Mouse: Left button down, pos=(975,242)
811.9550 	EXP 	correctAnswer: autoDraw = False
811.9550 	EXP 	wrongAnswer: autoDraw = False
811.9550 	EXP 	corrColor_2: autoDraw = False
811.9550 	EXP 	RBGInfo_2: autoDraw = False
811.9550 	EXP 	R_2: autoDraw = False
811.9550 	EXP 	G_2: autoDraw = False
811.9550 	EXP 	B_2: autoDraw = False
811.9550 	EXP 	text_11: autoDraw = True
812.1737 	DATA 	Mouse:  Left button up, pos=(975,242)
812.2904 	EXP 	New trial (rep=0, index=32): <Trial 32 (32 in rep 0) data={'folder': '03-1', 'image': '031_Grey.jpg', 'logical': True, 'corrColor': 'Grey', 'corrR': 45, 'corrG': 49, 'corrB': 57, 'image_path': '03-1/031_Grey_0.png', 'thisN': 32, 'thisTrialN': 32, 'thisRepN': 0}>
812.4551 	EXP 	text_11: autoDraw = False
812.4551 	EXP 	text_11: autoDraw = False
812.4551 	EXP 	img: foreColor = <psychopy.colors.Color: white, alpha=1.0>
812.4551 	EXP 	img: ori = np.float64(0.0)
812.4551 	EXP 	Instructions: text = 'Click the spacebar to shuffle through the filters to recognize the color.\nPress the button of the color you think it corresponds to.'
812.4551 	EXP 	counter_Text: height = np.float64(72.0)
812.4551 	EXP 	counter_Text: height = np.float64(72.0)
812.4551 	EXP 	counter_Text: height = np.float64(72.0)
812.4551 	EXP 	counter_Text: text = 33
812.4551 	EXP 	img: autoDraw = True
812.4551 	EXP 	Instructions: autoDraw = True
812.4551 	EXP 	RBGInfo: autoDraw = True
812.4551 	EXP 	G: autoDraw = True
812.4551 	EXP 	B: autoDraw = True
812.4551 	EXP 	counter_Text: autoDraw = True
812.4551 	EXP 	total_count: autoDraw = True
812.7712 	EXP 	R: autoDraw = True
815.4962 	DATA 	Keypress: space
815.4967 	EXP 	Device response: <KeyPress from None: t=815.4201929999981, value=space, duration=None>
815.6574 	EXP 	Device response: <KeyPress from None: t=815.4201929999981, value=space, duration=0.10686589987017214>
816.5623 	DATA 	Keypress: space
816.5629 	EXP 	Device response: <KeyPress from None: t=816.5104067998473, value=space, duration=None>
816.7222 	EXP 	Device response: <KeyPress from None: t=816.5104067998473, value=space, duration=0.10702480003237724>
819.4114 	DATA 	Mouse: Left button down, pos=(1604,932)
819.4376 	EXP 	img: autoDraw = False
819.4376 	EXP 	Instructions: autoDraw = False
819.4376 	EXP 	RBGInfo: autoDraw = False
819.4376 	EXP 	R: autoDraw = False
819.4376 	EXP 	G: autoDraw = False
819.4376 	EXP 	B: autoDraw = False
819.4376 	EXP 	counter_Text: autoDraw = False
819.4376 	EXP 	total_count: autoDraw = False
819.4376 	EXP 	text_8: autoDraw = True
819.5736 	DATA 	Mouse:  Left button up, pos=(1604,932)
819.8206 	EXP 	text_8: autoDraw = False
819.8206 	EXP 	slider: markerPos = None
819.8206 	EXP 	slider: markerPos = 1
819.8206 	EXP 	slider: autoDraw = True
819.8206 	EXP 	text_9: autoDraw = True
819.8206 	EXP 	text_answer: autoDraw = True
821.0217 	DATA 	Mouse: Left button down, pos=(1420,587)
821.0538 	EXP 	slider: markerPos = np.float64(5.04)
821.0871 	EXP 	slider: markerPos = np.float64(5.04)
821.1204 	EXP 	slider: markerPos = np.float64(5.04)
821.1538 	EXP 	slider: markerPos = np.float64(5.04)
821.1873 	EXP 	slider: markerPos = np.float64(5.04)
821.2204 	EXP 	slider: markerPos = np.float64(5.04)
821.2402 	DATA 	Mouse:  Left button up, pos=(1420,587)
821.2539 	EXP 	slider: markerPos = np.float64(5.04)
821.2876 	EXP 	slider: markerPos = 5.0
822.1547 	DATA 	Mouse: Left button down, pos=(959,244)
822.1886 	EXP 	slider: autoDraw = False
822.1886 	EXP 	text_9: autoDraw = False
822.1886 	EXP 	text_answer: autoDraw = False
822.1886 	EXP 	text_8: autoDraw = True
822.3732 	DATA 	Mouse:  Left button up, pos=(959,244)
822.5705 	INFO 	Keyboard events cleared
822.5704 	EXP 	text_8: autoDraw = False
822.5704 	EXP 	text_8: autoDraw = False
822.5704 	EXP 	corrColor_2: height = np.float64(56.0)
822.5704 	EXP 	corrColor_2: height = np.float64(56.0)
822.5704 	EXP 	corrColor_2: height = np.float64(56.0)
822.5704 	EXP 	corrColor_2: text = 'Grey'
822.5704 	EXP 	R_2: height = np.float64(42.0)
822.5704 	EXP 	R_2: height = np.float64(42.0)
822.5704 	EXP 	R_2: height = np.float64(42.0)
822.5704 	EXP 	R_2: text = 45
822.5704 	EXP 	G_2: height = np.float64(42.0)
822.5704 	EXP 	G_2: height = np.float64(42.0)
822.5704 	EXP 	G_2: height = np.float64(42.0)
822.5704 	EXP 	G_2: text = 49
822.5704 	EXP 	B_2: height = np.float64(42.0)
822.5704 	EXP 	B_2: height = np.float64(42.0)
822.5704 	EXP 	B_2: height = np.float64(42.0)
822.5704 	EXP 	B_2: text = 57
822.5704 	EXP 	correctAnswer: autoDraw = True
822.5704 	EXP 	RBGInfo_2: autoDraw = True
822.5704 	EXP 	R_2: autoDraw = True
822.5704 	EXP 	G_2: autoDraw = True
822.5704 	EXP 	B_2: autoDraw = True
823.0620 	DATA 	Mouse: Left button down, pos=(959,244)
823.0881 	EXP 	correctAnswer: autoDraw = False
823.0881 	EXP 	wrongAnswer: autoDraw = False
823.0881 	EXP 	corrColor_2: autoDraw = False
823.0881 	EXP 	RBGInfo_2: autoDraw = False
823.0881 	EXP 	R_2: autoDraw = False
823.0881 	EXP 	G_2: autoDraw = False
823.0881 	EXP 	B_2: autoDraw = False
823.0881 	EXP 	text_11: autoDraw = True
823.3096 	DATA 	Mouse:  Left button up, pos=(959,244)
823.4231 	EXP 	New trial (rep=0, index=33): <Trial 33 (33 in rep 0) data={'folder': '01-1', 'image': '029_Cyan.jpg', 'logical': True, 'corrColor': 'Cyan', 'corrR': 2, 'corrG': 100, 'corrB': 88, 'image_path': '01-1/029_Cyan_0.png', 'thisN': 33, 'thisTrialN': 33, 'thisRepN': 0}>
823.5879 	EXP 	text_11: autoDraw = False
823.5879 	EXP 	text_11: autoDraw = False
823.5879 	EXP 	img: foreColor = <psychopy.colors.Color: white, alpha=1.0>
823.5879 	EXP 	img: ori = np.float64(0.0)
823.5879 	EXP 	Instructions: text = 'Click the spacebar to shuffle through the filters to recognize the color.\nPress the button of the color you think it corresponds to.'
823.5879 	EXP 	counter_Text: height = np.float64(72.0)
823.5879 	EXP 	counter_Text: height = np.float64(72.0)
823.5879 	EXP 	counter_Text: height = np.float64(72.0)
823.5879 	EXP 	counter_Text: text = 34
823.5879 	EXP 	img: autoDraw = True
823.5879 	EXP 	Instructions: autoDraw = True
823.5879 	EXP 	RBGInfo: autoDraw = True
823.5879 	EXP 	G: autoDraw = True
823.5879 	EXP 	B: autoDraw = True
823.5879 	EXP 	counter_Text: autoDraw = True
823.5879 	EXP 	total_count: autoDraw = True
823.8709 	EXP 	R: autoDraw = True
825.1213 	DATA 	Keypress: space
825.2300 	EXP 	Device response: <KeyPress from None: t=825.118056199979, value=space, duration=None>
825.3918 	EXP 	Device response: <KeyPress from None: t=825.118056199979, value=space, duration=0.12472399999387562>
826.1460 	DATA 	Keypress: space
826.2848 	EXP 	Device response: <KeyPress from None: t=826.144108499866, value=space, duration=None>
826.2848 	EXP 	Device response: <KeyPress from None: t=826.144108499866, value=space, duration=0.1067818000447005>
831.7873 	DATA 	Mouse: Left button down, pos=(1662,472)
831.8041 	EXP 	img: autoDraw = False
831.8041 	EXP 	Instructions: autoDraw = False
831.8041 	EXP 	RBGInfo: autoDraw = False
831.8041 	EXP 	R: autoDraw = False
831.8041 	EXP 	G: autoDraw = False
831.8041 	EXP 	B: autoDraw = False
831.8041 	EXP 	counter_Text: autoDraw = False
831.8041 	EXP 	total_count: autoDraw = False
831.8041 	EXP 	text_8: autoDraw = True
831.9896 	DATA 	Mouse:  Left button up, pos=(1662,472)
832.1868 	EXP 	text_8: autoDraw = False
832.1868 	EXP 	text_8: autoDraw = False
832.1868 	EXP 	slider: markerPos = None
832.1868 	EXP 	slider: markerPos = 1
832.1868 	EXP 	slider: autoDraw = True
832.1868 	EXP 	text_9: autoDraw = True
832.1868 	EXP 	text_answer: autoDraw = True
832.9562 	DATA 	Mouse: Left button down, pos=(1397,626)
832.9874 	EXP 	slider: markerPos = np.float64(4.948)
833.0200 	EXP 	slider: markerPos = np.float64(4.948)
833.0533 	EXP 	slider: markerPos = np.float64(4.948)
833.0866 	EXP 	slider: markerPos = np.float64(4.948)
833.1198 	EXP 	slider: markerPos = np.float64(4.948)
833.1533 	EXP 	slider: markerPos = np.float64(4.948)
833.1864 	EXP 	slider: markerPos = np.float64(4.948)
833.1880 	DATA 	Mouse:  Left button up, pos=(1397,626)
833.2200 	EXP 	slider: markerPos = 5.0
834.1578 	DATA 	Mouse: Left button down, pos=(996,275)
834.1714 	EXP 	slider: autoDraw = False
834.1714 	EXP 	text_9: autoDraw = False
834.1714 	EXP 	text_answer: autoDraw = False
834.1714 	EXP 	text_8: autoDraw = True
834.3722 	DATA 	Mouse:  Left button up, pos=(996,275)
834.5534 	INFO 	Keyboard events cleared
834.5532 	EXP 	text_8: autoDraw = False
834.5532 	EXP 	text_8: autoDraw = False
834.5532 	EXP 	corrColor_2: height = np.float64(56.0)
834.5532 	EXP 	corrColor_2: height = np.float64(56.0)
834.5532 	EXP 	corrColor_2: height = np.float64(56.0)
834.5532 	EXP 	corrColor_2: text = 'Cyan'
834.5532 	EXP 	R_2: height = np.float64(42.0)
834.5532 	EXP 	R_2: height = np.float64(42.0)
834.5532 	EXP 	R_2: height = np.float64(42.0)
834.5532 	EXP 	R_2: text = 2
834.5532 	EXP 	G_2: height = np.float64(42.0)
834.5532 	EXP 	G_2: height = np.float64(42.0)
834.5532 	EXP 	G_2: height = np.float64(42.0)
834.5532 	EXP 	G_2: text = 100
834.5532 	EXP 	B_2: height = np.float64(42.0)
834.5532 	EXP 	B_2: height = np.float64(42.0)
834.5532 	EXP 	B_2: height = np.float64(42.0)
834.5532 	EXP 	B_2: text = 88
834.5532 	EXP 	correctAnswer: autoDraw = True
834.5532 	EXP 	RBGInfo_2: autoDraw = True
834.5532 	EXP 	R_2: autoDraw = True
834.5532 	EXP 	G_2: autoDraw = True
834.5532 	EXP 	B_2: autoDraw = True
834.8575 	DATA 	Mouse: Left button down, pos=(996,275)
834.8709 	EXP 	correctAnswer: autoDraw = False
834.8709 	EXP 	wrongAnswer: autoDraw = False
834.8709 	EXP 	corrColor_2: autoDraw = False
834.8709 	EXP 	RBGInfo_2: autoDraw = False
834.8709 	EXP 	R_2: autoDraw = False
834.8709 	EXP 	G_2: autoDraw = False
834.8709 	EXP 	B_2: autoDraw = False
834.8709 	EXP 	text_11: autoDraw = True
835.0734 	DATA 	Mouse:  Left button up, pos=(996,275)
835.2058 	EXP 	New trial (rep=0, index=34): <Trial 34 (34 in rep 0) data={'folder': '03-1', 'image': '013_Green.jpg', 'logical': True, 'corrColor': 'Green', 'corrR': 2, 'corrG': 100, 'corrB': 2, 'image_path': '03-1/013_Green_0.png', 'thisN': 34, 'thisTrialN': 34, 'thisRepN': 0}>
835.3878 	EXP 	text_11: autoDraw = False
835.3878 	EXP 	text_11: autoDraw = False
835.3878 	EXP 	img: foreColor = <psychopy.colors.Color: white, alpha=1.0>
835.3878 	EXP 	img: ori = np.float64(0.0)
835.3878 	EXP 	Instructions: text = 'Click the spacebar to shuffle through the filters to recognize the color.\nPress the button of the color you think it corresponds to.'
835.3878 	EXP 	counter_Text: height = np.float64(72.0)
835.3878 	EXP 	counter_Text: height = np.float64(72.0)
835.3878 	EXP 	counter_Text: height = np.float64(72.0)
835.3878 	EXP 	counter_Text: text = 35
835.3878 	EXP 	img: autoDraw = True
835.3878 	EXP 	Instructions: autoDraw = True
835.3878 	EXP 	RBGInfo: autoDraw = True
835.3878 	EXP 	G: autoDraw = True
835.3878 	EXP 	B: autoDraw = True
835.3878 	EXP 	counter_Text: autoDraw = True
835.3878 	EXP 	total_count: autoDraw = True
835.6706 	EXP 	R: autoDraw = True
836.3323 	DATA 	Keypress: space
836.3328 	EXP 	Device response: <KeyPress from None: t=836.2398425999563, value=space, duration=None>
836.4864 	EXP 	Device response: <KeyPress from None: t=836.2398425999563, value=space, duration=0.12507120007649064>
837.0514 	DATA 	Keypress: space
837.1639 	EXP 	Device response: <KeyPress from None: t=837.0502335999627, value=space, duration=None>
837.1640 	EXP 	Device response: <KeyPress from None: t=837.0502335999627, value=space, duration=0.0975565998815>
840.7444 	DATA 	Mouse: Left button down, pos=(1662,395)
840.7703 	EXP 	img: autoDraw = False
840.7703 	EXP 	Instructions: autoDraw = False
840.7703 	EXP 	RBGInfo: autoDraw = False
840.7703 	EXP 	R: autoDraw = False
840.7703 	EXP 	G: autoDraw = False
840.7703 	EXP 	B: autoDraw = False
840.7703 	EXP 	counter_Text: autoDraw = False
840.7703 	EXP 	total_count: autoDraw = False
840.7703 	EXP 	text_8: autoDraw = True
840.9224 	DATA 	Mouse:  Left button up, pos=(1662,395)
841.1534 	EXP 	text_8: autoDraw = False
841.1534 	EXP 	slider: markerPos = None
841.1534 	EXP 	slider: markerPos = 1
841.1534 	EXP 	slider: autoDraw = True
841.1534 	EXP 	text_9: autoDraw = True
841.1534 	EXP 	text_answer: autoDraw = True
842.5554 	DATA 	Mouse: Left button down, pos=(1431,601)
842.5867 	EXP 	slider: markerPos = np.float64(5.084)
842.6196 	EXP 	slider: markerPos = np.float64(5.084)
842.6530 	EXP 	slider: markerPos = np.float64(5.084)
842.6862 	EXP 	slider: markerPos = np.float64(5.084)
842.7196 	EXP 	slider: markerPos = np.float64(5.084)
842.7538 	EXP 	slider: markerPos = np.float64(5.084)
842.7738 	DATA 	Mouse:  Left button up, pos=(1431,601)
842.7864 	EXP 	slider: markerPos = np.float64(5.084)
842.8196 	EXP 	slider: markerPos = 5.0
844.0038 	DATA 	Mouse: Left button down, pos=(993,248)
844.0369 	EXP 	slider: autoDraw = False
844.0369 	EXP 	text_9: autoDraw = False
844.0369 	EXP 	text_answer: autoDraw = False
844.0369 	EXP 	text_8: autoDraw = True
844.2219 	DATA 	Mouse:  Left button up, pos=(993,248)
844.4193 	INFO 	Keyboard events cleared
844.4191 	EXP 	text_8: autoDraw = False
844.4191 	EXP 	text_8: autoDraw = False
844.4191 	EXP 	corrColor_2: height = np.float64(56.0)
844.4191 	EXP 	corrColor_2: height = np.float64(56.0)
844.4191 	EXP 	corrColor_2: height = np.float64(56.0)
844.4191 	EXP 	corrColor_2: text = 'Green'
844.4191 	EXP 	R_2: height = np.float64(42.0)
844.4191 	EXP 	R_2: height = np.float64(42.0)
844.4191 	EXP 	R_2: height = np.float64(42.0)
844.4191 	EXP 	R_2: text = 2
844.4191 	EXP 	G_2: height = np.float64(42.0)
844.4191 	EXP 	G_2: height = np.float64(42.0)
844.4191 	EXP 	G_2: height = np.float64(42.0)
844.4191 	EXP 	G_2: text = 100
844.4191 	EXP 	B_2: height = np.float64(42.0)
844.4191 	EXP 	B_2: height = np.float64(42.0)
844.4191 	EXP 	B_2: height = np.float64(42.0)
844.4191 	EXP 	B_2: text = 2
844.4191 	EXP 	correctAnswer: autoDraw = True
844.4191 	EXP 	RBGInfo_2: autoDraw = True
844.4191 	EXP 	R_2: autoDraw = True
844.4191 	EXP 	G_2: autoDraw = True
844.4191 	EXP 	B_2: autoDraw = True
846.1729 	DATA 	Mouse: Left button down, pos=(1017,254)
846.1875 	EXP 	correctAnswer: autoDraw = False
846.1875 	EXP 	wrongAnswer: autoDraw = False
846.1875 	EXP 	corrColor_2: autoDraw = False
846.1875 	EXP 	RBGInfo_2: autoDraw = False
846.1875 	EXP 	R_2: autoDraw = False
846.1875 	EXP 	G_2: autoDraw = False
846.1875 	EXP 	B_2: autoDraw = False
846.1875 	EXP 	text_11: autoDraw = True
846.3902 	DATA 	Mouse:  Left button up, pos=(1017,254)
846.5227 	EXP 	New trial (rep=0, index=35): <Trial 35 (35 in rep 0) data={'folder': '03-1', 'image': '019_Brown.jpg', 'logical': True, 'corrColor': 'Brown', 'corrR': 50, 'corrG': 17, 'corrB': 0, 'image_path': '03-1/019_Brown_0.png', 'thisN': 35, 'thisTrialN': 35, 'thisRepN': 0}>
846.6707 	EXP 	text_11: autoDraw = False
846.6707 	EXP 	text_11: autoDraw = False
846.6707 	EXP 	img: foreColor = <psychopy.colors.Color: white, alpha=1.0>
846.6707 	EXP 	img: ori = np.float64(0.0)
846.6707 	EXP 	Instructions: text = 'Click the spacebar to shuffle through the filters to recognize the color.\nPress the button of the color you think it corresponds to.'
846.6707 	EXP 	counter_Text: height = np.float64(72.0)
846.6707 	EXP 	counter_Text: height = np.float64(72.0)
846.6707 	EXP 	counter_Text: height = np.float64(72.0)
846.6707 	EXP 	counter_Text: text = 36
846.6707 	EXP 	img: autoDraw = True
846.6707 	EXP 	Instructions: autoDraw = True
846.6707 	EXP 	RBGInfo: autoDraw = True
846.6707 	EXP 	G: autoDraw = True
846.6707 	EXP 	B: autoDraw = True
846.6707 	EXP 	counter_Text: autoDraw = True
846.6707 	EXP 	total_count: autoDraw = True
846.9536 	EXP 	R: autoDraw = True
850.8386 	DATA 	Keypress: space
850.8394 	EXP 	Device response: <KeyPress from None: t=850.7711232998408, value=space, duration=None>
850.9896 	EXP 	Device response: <KeyPress from None: t=850.7711232998408, value=space, duration=0.11523420014418662>
851.5908 	DATA 	Keypress: space
851.5912 	EXP 	Device response: <KeyPress from None: t=851.5608406998217, value=space, duration=None>
851.7466 	EXP 	Device response: <KeyPress from None: t=851.5608406998217, value=space, duration=0.08900830009952188>
853.0868 	DATA 	Keypress: space
853.0874 	EXP 	Device response: <KeyPress from None: t=853.0263590998948, value=space, duration=None>
853.2393 	EXP 	Device response: <KeyPress from None: t=853.0263590998948, value=space, duration=0.07046020007692277>
853.5351 	DATA 	Keypress: space
853.5360 	EXP 	Device response: <KeyPress from None: t=853.5178316999227, value=space, duration=None>
853.6685 	EXP 	Device response: <KeyPress from None: t=853.5178316999227, value=space, duration=0.11601809994317591>
859.7716 	DATA 	Keypress: space
859.8709 	EXP 	Device response: <KeyPress from None: t=859.7700041998178, value=space, duration=None>
859.8709 	EXP 	Device response: <KeyPress from None: t=859.7700041998178, value=space, duration=0.0705808000639081>
863.7396 	DATA 	Mouse: Left button down, pos=(1681,1131)
863.7528 	EXP 	img: autoDraw = False
863.7528 	EXP 	Instructions: autoDraw = False
863.7528 	EXP 	RBGInfo: autoDraw = False
863.7528 	EXP 	R: autoDraw = False
863.7528 	EXP 	G: autoDraw = False
863.7528 	EXP 	B: autoDraw = False
863.7528 	EXP 	counter_Text: autoDraw = False
863.7528 	EXP 	total_count: autoDraw = False
863.7528 	EXP 	text_8: autoDraw = True
863.9059 	DATA 	Mouse:  Left button up, pos=(1681,1131)
864.1355 	EXP 	text_8: autoDraw = False
864.1355 	EXP 	text_8: autoDraw = False
864.1355 	EXP 	slider: markerPos = None
864.1355 	EXP 	slider: markerPos = 1
864.1355 	EXP 	slider: autoDraw = True
864.1355 	EXP 	text_9: autoDraw = True
864.1355 	EXP 	text_answer: autoDraw = True
865.4697 	DATA 	Mouse: Left button down, pos=(1392,598)
865.5190 	EXP 	slider: markerPos = np.float64(4.928)
865.5520 	EXP 	slider: markerPos = np.float64(4.928)
865.5855 	EXP 	slider: markerPos = np.float64(4.928)
865.6185 	EXP 	slider: markerPos = np.float64(4.928)
865.6521 	EXP 	slider: markerPos = np.float64(4.928)
865.6852 	EXP 	slider: markerPos = np.float64(4.928)
865.7048 	DATA 	Mouse:  Left button up, pos=(1392,598)
865.7190 	EXP 	slider: markerPos = np.float64(4.928)
865.7524 	EXP 	slider: markerPos = 5.0
866.6433 	DATA 	Mouse: Left button down, pos=(1011,273)
866.6700 	EXP 	slider: autoDraw = False
866.6700 	EXP 	text_9: autoDraw = False
866.6700 	EXP 	text_answer: autoDraw = False
866.6700 	EXP 	text_8: autoDraw = True
866.8710 	DATA 	Mouse:  Left button up, pos=(1011,273)
867.0358 	INFO 	Keyboard events cleared
867.0356 	EXP 	text_8: autoDraw = False
867.0356 	EXP 	text_8: autoDraw = False
867.0356 	EXP 	corrColor_2: height = np.float64(56.0)
867.0356 	EXP 	corrColor_2: height = np.float64(56.0)
867.0356 	EXP 	corrColor_2: height = np.float64(56.0)
867.0356 	EXP 	corrColor_2: text = 'Brown'
867.0356 	EXP 	R_2: height = np.float64(42.0)
867.0356 	EXP 	R_2: height = np.float64(42.0)
867.0356 	EXP 	R_2: height = np.float64(42.0)
867.0356 	EXP 	R_2: text = 50
867.0356 	EXP 	G_2: height = np.float64(42.0)
867.0356 	EXP 	G_2: height = np.float64(42.0)
867.0356 	EXP 	G_2: height = np.float64(42.0)
867.0356 	EXP 	G_2: text = 17
867.0356 	EXP 	B_2: height = np.float64(42.0)
867.0356 	EXP 	B_2: height = np.float64(42.0)
867.0356 	EXP 	B_2: height = np.float64(42.0)
867.0356 	EXP 	B_2: text = 0
867.0356 	EXP 	correctAnswer: autoDraw = True
867.0356 	EXP 	RBGInfo_2: autoDraw = True
867.0356 	EXP 	R_2: autoDraw = True
867.0356 	EXP 	G_2: autoDraw = True
867.0356 	EXP 	B_2: autoDraw = True
867.5883 	DATA 	Mouse: Left button down, pos=(1011,273)
867.6031 	EXP 	correctAnswer: autoDraw = False
867.6031 	EXP 	wrongAnswer: autoDraw = False
867.6031 	EXP 	corrColor_2: autoDraw = False
867.6031 	EXP 	RBGInfo_2: autoDraw = False
867.6031 	EXP 	R_2: autoDraw = False
867.6031 	EXP 	G_2: autoDraw = False
867.6031 	EXP 	B_2: autoDraw = False
867.6031 	EXP 	text_11: autoDraw = True
867.8243 	DATA 	Mouse:  Left button up, pos=(1011,273)
867.9380 	EXP 	New trial (rep=0, index=36): <Trial 36 (36 in rep 0) data={'folder': '01-1', 'image': '007_Cyan.jpg', 'logical': True, 'corrColor': 'Cyan', 'corrR': 1, 'corrG': 89, 'corrB': 99, 'image_path': '01-1/007_Cyan_0.png', 'thisN': 36, 'thisTrialN': 36, 'thisRepN': 0}>
868.0863 	EXP 	text_11: autoDraw = False
868.0863 	EXP 	text_11: autoDraw = False
868.0863 	EXP 	img: foreColor = <psychopy.colors.Color: white, alpha=1.0>
868.0863 	EXP 	img: ori = np.float64(0.0)
868.0863 	EXP 	Instructions: text = 'Click the spacebar to shuffle through the filters to recognize the color.\nPress the button of the color you think it corresponds to.'
868.0863 	EXP 	counter_Text: height = np.float64(72.0)
868.0863 	EXP 	counter_Text: height = np.float64(72.0)
868.0863 	EXP 	counter_Text: height = np.float64(72.0)
868.0863 	EXP 	counter_Text: text = 37
868.0863 	EXP 	img: autoDraw = True
868.0863 	EXP 	Instructions: autoDraw = True
868.0863 	EXP 	RBGInfo: autoDraw = True
868.0863 	EXP 	G: autoDraw = True
868.0863 	EXP 	B: autoDraw = True
868.0863 	EXP 	counter_Text: autoDraw = True
868.0863 	EXP 	total_count: autoDraw = True
868.3870 	EXP 	R: autoDraw = True
870.2717 	DATA 	Keypress: space
870.2736 	EXP 	Device response: <KeyPress from None: t=870.169619999826, value=space, duration=None>
870.2737 	EXP 	Device response: <KeyPress from None: t=870.169619999826, value=space, duration=0.07979129999876022>
871.1073 	DATA 	Keypress: space
871.1077 	EXP 	Device response: <KeyPress from None: t=871.0959817999974, value=space, duration=None>
871.2563 	EXP 	Device response: <KeyPress from None: t=871.0959817999974, value=space, duration=0.09792390000075102>
874.1068 	DATA 	Mouse: Left button down, pos=(1640,471)
874.1191 	EXP 	img: autoDraw = False
874.1191 	EXP 	Instructions: autoDraw = False
874.1191 	EXP 	RBGInfo: autoDraw = False
874.1191 	EXP 	R: autoDraw = False
874.1191 	EXP 	G: autoDraw = False
874.1191 	EXP 	B: autoDraw = False
874.1191 	EXP 	counter_Text: autoDraw = False
874.1191 	EXP 	total_count: autoDraw = False
874.1191 	EXP 	text_8: autoDraw = True
874.3382 	DATA 	Mouse:  Left button up, pos=(1640,471)
874.5018 	EXP 	text_8: autoDraw = False
874.5018 	EXP 	text_8: autoDraw = False
874.5018 	EXP 	slider: markerPos = None
874.5018 	EXP 	slider: markerPos = 1
874.5018 	EXP 	slider: autoDraw = True
874.5018 	EXP 	text_9: autoDraw = True
874.5018 	EXP 	text_answer: autoDraw = True
875.4695 	DATA 	Mouse: Left button down, pos=(1391,625)
875.5018 	EXP 	slider: markerPos = np.float64(4.9239999999999995)
875.5347 	EXP 	slider: markerPos = np.float64(4.9239999999999995)
875.5684 	EXP 	slider: markerPos = np.float64(4.9239999999999995)
875.6018 	EXP 	slider: markerPos = np.float64(4.9239999999999995)
875.6351 	EXP 	slider: markerPos = np.float64(4.9239999999999995)
875.6686 	EXP 	slider: markerPos = np.float64(4.9239999999999995)
875.6872 	DATA 	Mouse:  Left button up, pos=(1391,625)
875.7017 	EXP 	slider: markerPos = np.float64(4.9239999999999995)
875.7351 	EXP 	slider: markerPos = 5.0
876.8046 	DATA 	Mouse: Left button down, pos=(1034,282)
876.8192 	EXP 	slider: autoDraw = False
876.8192 	EXP 	text_9: autoDraw = False
876.8192 	EXP 	text_answer: autoDraw = False
876.8192 	EXP 	text_8: autoDraw = True
877.0380 	DATA 	Mouse:  Left button up, pos=(1034,282)
877.2023 	INFO 	Keyboard events cleared
877.2021 	EXP 	text_8: autoDraw = False
877.2021 	EXP 	text_8: autoDraw = False
877.2021 	EXP 	corrColor_2: height = np.float64(56.0)
877.2021 	EXP 	corrColor_2: height = np.float64(56.0)
877.2021 	EXP 	corrColor_2: height = np.float64(56.0)
877.2021 	EXP 	corrColor_2: text = 'Cyan'
877.2021 	EXP 	R_2: height = np.float64(42.0)
877.2021 	EXP 	R_2: height = np.float64(42.0)
877.2021 	EXP 	R_2: height = np.float64(42.0)
877.2021 	EXP 	R_2: text = 1
877.2021 	EXP 	G_2: height = np.float64(42.0)
877.2021 	EXP 	G_2: height = np.float64(42.0)
877.2021 	EXP 	G_2: height = np.float64(42.0)
877.2021 	EXP 	G_2: text = 89
877.2021 	EXP 	B_2: height = np.float64(42.0)
877.2021 	EXP 	B_2: height = np.float64(42.0)
877.2021 	EXP 	B_2: height = np.float64(42.0)
877.2021 	EXP 	B_2: text = 99
877.2021 	EXP 	correctAnswer: autoDraw = True
877.2021 	EXP 	RBGInfo_2: autoDraw = True
877.2021 	EXP 	R_2: autoDraw = True
877.2021 	EXP 	G_2: autoDraw = True
877.2021 	EXP 	B_2: autoDraw = True
877.6919 	DATA 	Mouse: Left button down, pos=(1034,282)
877.7196 	EXP 	correctAnswer: autoDraw = False
877.7196 	EXP 	wrongAnswer: autoDraw = False
877.7196 	EXP 	corrColor_2: autoDraw = False
877.7196 	EXP 	RBGInfo_2: autoDraw = False
877.7196 	EXP 	R_2: autoDraw = False
877.7196 	EXP 	G_2: autoDraw = False
877.7196 	EXP 	B_2: autoDraw = False
877.7196 	EXP 	text_11: autoDraw = True
877.9236 	DATA 	Mouse:  Left button up, pos=(1034,282)
878.0545 	EXP 	New trial (rep=0, index=37): <Trial 37 (37 in rep 0) data={'folder': '03-1', 'image': '006_Teal.jpg', 'logical': True, 'corrColor': 'Teal', 'corrR': 0, 'corrG': 46, 'corrB': 53, 'image_path': '03-1/006_Teal_0.png', 'thisN': 37, 'thisTrialN': 37, 'thisRepN': 0}>
878.2195 	EXP 	text_11: autoDraw = False
878.2195 	EXP 	text_11: autoDraw = False
878.2195 	EXP 	img: foreColor = <psychopy.colors.Color: white, alpha=1.0>
878.2195 	EXP 	img: ori = np.float64(0.0)
878.2195 	EXP 	Instructions: text = 'Click the spacebar to shuffle through the filters to recognize the color.\nPress the button of the color you think it corresponds to.'
878.2195 	EXP 	counter_Text: height = np.float64(72.0)
878.2195 	EXP 	counter_Text: height = np.float64(72.0)
878.2195 	EXP 	counter_Text: height = np.float64(72.0)
878.2195 	EXP 	counter_Text: text = 38
878.2195 	EXP 	img: autoDraw = True
878.2195 	EXP 	Instructions: autoDraw = True
878.2195 	EXP 	RBGInfo: autoDraw = True
878.2195 	EXP 	G: autoDraw = True
878.2195 	EXP 	B: autoDraw = True
878.2195 	EXP 	counter_Text: autoDraw = True
878.2195 	EXP 	total_count: autoDraw = True
878.5226 	EXP 	R: autoDraw = True
879.9026 	DATA 	Keypress: space
879.9036 	EXP 	Device response: <KeyPress from None: t=879.8041961998679, value=space, duration=None>
880.0665 	EXP 	Device response: <KeyPress from None: t=879.8041961998679, value=space, duration=0.10675090015865862>
880.8346 	DATA 	Keypress: space
880.8352 	EXP 	Device response: <KeyPress from None: t=880.8060416998342, value=space, duration=None>
880.9809 	EXP 	Device response: <KeyPress from None: t=880.8060416998342, value=space, duration=0.06163660017773509>
884.5888 	DATA 	Mouse: Left button down, pos=(1647,1065)
884.6017 	EXP 	img: autoDraw = False
884.6017 	EXP 	Instructions: autoDraw = False
884.6017 	EXP 	RBGInfo: autoDraw = False
884.6017 	EXP 	R: autoDraw = False
884.6017 	EXP 	G: autoDraw = False
884.6017 	EXP 	B: autoDraw = False
884.6017 	EXP 	counter_Text: autoDraw = False
884.6017 	EXP 	total_count: autoDraw = False
884.6017 	EXP 	text_8: autoDraw = True
884.7033 	DATA 	Mouse:  Left button up, pos=(1647,1065)
884.9846 	EXP 	text_8: autoDraw = False
884.9846 	EXP 	text_8: autoDraw = False
884.9846 	EXP 	slider: markerPos = None
884.9846 	EXP 	slider: markerPos = 1
884.9846 	EXP 	slider: autoDraw = True
884.9846 	EXP 	text_9: autoDraw = True
884.9846 	EXP 	text_answer: autoDraw = True
886.6872 	DATA 	Mouse: Left button down, pos=(1388,612)
886.7181 	EXP 	slider: markerPos = np.float64(4.912)
886.7513 	EXP 	slider: markerPos = np.float64(4.912)
886.7849 	EXP 	slider: markerPos = np.float64(4.912)
886.8180 	EXP 	slider: markerPos = np.float64(4.912)
886.8514 	EXP 	slider: markerPos = np.float64(4.912)
886.8848 	EXP 	slider: markerPos = np.float64(4.912)
886.9075 	DATA 	Mouse:  Left button up, pos=(1388,612)
886.9181 	EXP 	slider: markerPos = np.float64(4.912)
886.9513 	EXP 	slider: markerPos = 5.0
888.0992 	DATA 	Mouse: Left button down, pos=(1040,275)
888.1352 	EXP 	slider: autoDraw = False
888.1352 	EXP 	text_9: autoDraw = False
888.1352 	EXP 	text_answer: autoDraw = False
888.1352 	EXP 	text_8: autoDraw = True
888.3205 	DATA 	Mouse:  Left button up, pos=(1040,275)
888.5182 	INFO 	Keyboard events cleared
888.5180 	EXP 	text_8: autoDraw = False
888.5180 	EXP 	text_8: autoDraw = False
888.5180 	EXP 	corrColor_2: height = np.float64(56.0)
888.5180 	EXP 	corrColor_2: height = np.float64(56.0)
888.5180 	EXP 	corrColor_2: height = np.float64(56.0)
888.5180 	EXP 	corrColor_2: text = 'Teal'
888.5180 	EXP 	R_2: height = np.float64(42.0)
888.5180 	EXP 	R_2: height = np.float64(42.0)
888.5180 	EXP 	R_2: height = np.float64(42.0)
888.5180 	EXP 	R_2: text = 0
888.5180 	EXP 	G_2: height = np.float64(42.0)
888.5180 	EXP 	G_2: height = np.float64(42.0)
888.5180 	EXP 	G_2: height = np.float64(42.0)
888.5180 	EXP 	G_2: text = 46
888.5180 	EXP 	B_2: height = np.float64(42.0)
888.5180 	EXP 	B_2: height = np.float64(42.0)
888.5180 	EXP 	B_2: height = np.float64(42.0)
888.5180 	EXP 	B_2: text = 53
888.5180 	EXP 	correctAnswer: autoDraw = True
888.5180 	EXP 	RBGInfo_2: autoDraw = True
888.5180 	EXP 	R_2: autoDraw = True
888.5180 	EXP 	G_2: autoDraw = True
888.5180 	EXP 	B_2: autoDraw = True
889.1922 	DATA 	Mouse: Left button down, pos=(1040,275)
889.2194 	EXP 	correctAnswer: autoDraw = False
889.2194 	EXP 	wrongAnswer: autoDraw = False
889.2194 	EXP 	corrColor_2: autoDraw = False
889.2194 	EXP 	RBGInfo_2: autoDraw = False
889.2194 	EXP 	R_2: autoDraw = False
889.2194 	EXP 	G_2: autoDraw = False
889.2194 	EXP 	B_2: autoDraw = False
889.2194 	EXP 	text_11: autoDraw = True
889.4209 	DATA 	Mouse:  Left button up, pos=(1040,275)
889.5841 	EXP 	text_11: autoDraw = False
889.5841 	EXP 	text_11: autoDraw = False
889.5841 	EXP 	GoodJob: height = np.float64(50.0)
889.5841 	EXP 	GoodJob: height = np.float64(50.0)
889.5841 	EXP 	GoodJob: height = np.float64(50.0)
889.5841 	EXP 	GoodJob: text = 'Good job!\n\nThe experiment will now close.\n\nThank you.'
889.5841 	EXP 	GoodJob: autoDraw = True
892.5687 	EXP 	GoodJob: autoDraw = False
892.5689 	EXP 	Train3Laptop: status = STOPPED
892.6723 	INFO 	saved data to 'C:\\Users\\lille\\NewOneDrive\\OneDrive\\Emilie\\MasterThesisProject\\data\\001_Train3Laptop_2026-04-14_12h51.11.050.csv'
892.6791 	INFO 	saved data to C:\Users\lille\NewOneDrive\OneDrive\Emilie\MasterThesisProject\data\001_Train3Laptop_2026-04-14_12h51.11.050.psydat
893.1850 	WARNING 	Stopping key buffers but this could be dangerous ifother keyboards rely on the same.
