folder,image,logical,corrColor,corrR,corrG,corrB,image_path,thisN,thisTrialN,thisRepN,spacebar.keys,spacebar.rt,spacebar.duration,brown.numClicks,brown.timesOn,brown.timesOff,teal.numClicks,teal.timesOn,teal.timesOff,bordeaux.numClicks,bordeaux.timesOn,bordeaux.timesOff,grey.numClicks,grey.timesOn,grey.timesOff,seafoam.numClicks,seafoam.timesOn,seafoam.timesOff,pink.numClicks,pink.timesOn,pink.timesOff,lime_green.numClicks,lime_green.timesOn,lime_green.timesOff,orange.numClicks,orange.timesOn,orange.timesOff,blue.numClicks,blue.timesOn,blue.timesOff,yellow.numClicks,yellow.timesOn,yellow.timesOff,purple.numClicks,purple.timesOn,purple.timesOff,cyan.numClicks,cyan.timesOn,cyan.timesOff,red.numClicks,red.timesOn,red.timesOff,green.numClicks,green.timesOn,green.timesOff,slider.response,slider.rt,slider.history,mouse_2.x,mouse_2.y,mouse_2.leftButton,mouse_2.midButton,mouse_2.rightButton,mouse_2.time,mouse_2.clicked_name,button2.numClicks,button2.timesOn,button2.timesOff,brown_3.numClicks,brown_3.timesOn,brown_3.timesOff,teal_3.numClicks,teal_3.timesOn,teal_3.timesOff,bordeaux_3.numClicks,bordeaux_3.timesOn,bordeaux_3.timesOff,grey_3.numClicks,grey_3.timesOn,grey_3.timesOff,seafoam_3.numClicks,seafoam_3.timesOn,seafoam_3.timesOff,pink_3.numClicks,pink_3.timesOn,pink_3.timesOff,lime_green_3.numClicks,lime_green_3.timesOn,lime_green_3.timesOff,orange_3.numClicks,orange_3.timesOn,orange_3.timesOff,blue_3.numClicks,blue_3.timesOn,blue_3.timesOff,yellow_3.numClicks,yellow_3.timesOn,yellow_3.timesOff,purple_3.numClicks,purple_3.timesOn,purple_3.timesOff,cyan_3.numClicks,cyan_3.timesOn,cyan_3.timesOff,red_3.numClicks,red_3.timesOn,red_3.timesOff,green_3.numClicks,green_3.timesOn,green_3.timesOff,Button3.numClicks,Button3.timesOn,Button3.timesOff,brown_2.numClicks,brown_2.timesOn,brown_2.timesOff,teal_2.numClicks,teal_2.timesOn,teal_2.timesOff,bordeaux_2.numClicks,bordeaux_2.timesOn,bordeaux_2.timesOff,grey_2.numClicks,grey_2.timesOn,grey_2.timesOff,seafoam_2.numClicks,seafoam_2.timesOn,seafoam_2.timesOff,pink_2.numClicks,pink_2.timesOn,pink_2.timesOff,lime_green_2.numClicks,lime_green_2.timesOn,lime_green_2.timesOff,orange_2.numClicks,orange_2.timesOn,orange_2.timesOff,blue_2.numClicks,blue_2.timesOn,blue_2.timesOff,yellow_2.numClicks,yellow_2.timesOn,yellow_2.timesOff,purple_2.numClicks,purple_2.timesOn,purple_2.timesOff,cyan_2.numClicks,cyan_2.timesOn,cyan_2.timesOff,red_2.numClicks,red_2.timesOn,red_2.timesOff,green_2.numClicks,green_2.timesOn,green_2.timesOff,key_resp.keys,trials.thisRepN,trials.thisTrialN,trials.thisN,trials.thisIndex,thisRow.t,notes,piloting,Welcome.started,Welcome_info.started,PressEnter.started,PressEnterToContinue.started,Welcome.stopped,PressEnter.keys,PressEnter.rt,PressEnter.duration,img_Var.routineStartVal,initiate.started,initiate.stopped,img_Var.routineEndVal,logical_Var.routineEndVal,corrColor_Var.routineEndVal,corrR_Var.routineEndVal,corrG_Var.routineEndVal,corrB_Var.routineEndVal,filterCount.routineEndVal,img_Var1.routineEndVal,trial_counter.routineEndVal,answer.routineStartVal,trial_1.started,img.started,brown.started,teal.started,bordeaux.started,grey.started,seafoam.started,pink.started,lime_green.started,orange.started,blue.started,yellow.started,purple.started,cyan.started,red.started,green.started,RBGInfo.started,G.started,B.started,counter_Text.started,total_count.started,R.started,spacebar.started,trial_1.stopped,corrColorVar.routineEndVal,filterChange.routineEndVal,trials.spacebar.keys,trials.spacebar.rt,trials.spacebar.duration,trials.brown.numClicks,trials.brown.timesOn,trials.brown.timesOff,trials.teal.numClicks,trials.teal.timesOn,trials.teal.timesOff,trials.bordeaux.numClicks,trials.bordeaux.timesOn,trials.bordeaux.timesOff,trials.grey.numClicks,trials.grey.timesOn,trials.grey.timesOff,trials.seafoam.numClicks,trials.seafoam.timesOn,trials.seafoam.timesOff,trials.pink.numClicks,trials.pink.timesOn,trials.pink.timesOff,trials.lime_green.numClicks,trials.lime_green.timesOn,trials.lime_green.timesOff,trials.orange.numClicks,trials.orange.timesOn,trials.orange.timesOff,trials.blue.numClicks,trials.blue.timesOn,trials.blue.timesOff,trials.yellow.numClicks,trials.yellow.timesOn,trials.yellow.timesOff,trials.purple.numClicks,trials.purple.timesOn,trials.purple.timesOff,trials.cyan.numClicks,trials.cyan.timesOn,trials.cyan.timesOff,trials.red.numClicks,trials.red.timesOn,trials.red.timesOff,trials.green.numClicks,trials.green.timesOn,trials.green.timesOff,answer.routineEndVal,Pause350.started,text_8.started,Pause350.stopped,confidence.started,slider.started,text_9.started,mouse_2.started,text_answer.started,cyan_3.started,button2.started,confidence.stopped,trials.slider.response,trials.slider.rt,trials.slider.history,trials.mouse_2.x,trials.mouse_2.y,trials.mouse_2.leftButton,trials.mouse_2.midButton,trials.mouse_2.rightButton,trials.mouse_2.time,trials.mouse_2.clicked_name,trials.button2.numClicks,trials.button2.timesOn,trials.button2.timesOff,trials.brown_3.numClicks,trials.brown_3.timesOn,trials.brown_3.timesOff,trials.teal_3.numClicks,trials.teal_3.timesOn,trials.teal_3.timesOff,trials.bordeaux_3.numClicks,trials.bordeaux_3.timesOn,trials.bordeaux_3.timesOff,trials.grey_3.numClicks,trials.grey_3.timesOn,trials.grey_3.timesOff,trials.seafoam_3.numClicks,trials.seafoam_3.timesOn,trials.seafoam_3.timesOff,trials.pink_3.numClicks,trials.pink_3.timesOn,trials.pink_3.timesOff,trials.lime_green_3.numClicks,trials.lime_green_3.timesOn,trials.lime_green_3.timesOff,trials.orange_3.numClicks,trials.orange_3.timesOn,trials.orange_3.timesOff,trials.blue_3.numClicks,trials.blue_3.timesOn,trials.blue_3.timesOff,trials.yellow_3.numClicks,trials.yellow_3.timesOn,trials.yellow_3.timesOff,trials.purple_3.numClicks,trials.purple_3.timesOn,trials.purple_3.timesOff,trials.cyan_3.numClicks,trials.cyan_3.timesOn,trials.cyan_3.timesOff,trials.red_3.numClicks,trials.red_3.timesOn,trials.red_3.timesOff,trials.green_3.numClicks,trials.green_3.timesOn,trials.green_3.timesOff,confirm.started,Button3.started,correctAnswer.started,RBGInfo_2.started,R_2.started,G_2.started,B_2.started,key_resp.started,confirm.stopped,trials.Button3.numClicks,trials.Button3.timesOn,trials.Button3.timesOff,trials.brown_2.numClicks,trials.brown_2.timesOn,trials.brown_2.timesOff,trials.teal_2.numClicks,trials.teal_2.timesOn,trials.teal_2.timesOff,trials.bordeaux_2.numClicks,trials.bordeaux_2.timesOn,trials.bordeaux_2.timesOff,trials.grey_2.numClicks,trials.grey_2.timesOn,trials.grey_2.timesOff,trials.seafoam_2.numClicks,trials.seafoam_2.timesOn,trials.seafoam_2.timesOff,trials.pink_2.numClicks,trials.pink_2.timesOn,trials.pink_2.timesOff,trials.lime_green_2.numClicks,trials.lime_green_2.timesOn,trials.lime_green_2.timesOff,trials.orange_2.numClicks,trials.orange_2.timesOn,trials.orange_2.timesOff,trials.blue_2.numClicks,trials.blue_2.timesOn,trials.blue_2.timesOff,trials.yellow_2.numClicks,trials.yellow_2.timesOn,trials.yellow_2.timesOff,trials.purple_2.numClicks,trials.purple_2.timesOn,trials.purple_2.timesOff,trials.cyan_2.numClicks,trials.cyan_2.timesOn,trials.cyan_2.timesOff,trials.red_2.numClicks,trials.red_2.timesOn,trials.red_2.timesOff,trials.green_2.numClicks,trials.green_2.timesOn,trials.green_2.timesOff,trials.key_resp.keys,PauseEnd.started,text_11.started,PauseEnd.stopped,colorList.routineEndVal,text_8.stopped,bordeaux_3.started,text_11.stopped,grey_3.started,teal_3.started,green_3.started,pink_3.started,orange_3.started,brown_3.started,blue_3.started,yellow_3.started,purple_3.started,seafoam_3.started,wrongAnswer.started,corrColor_2.started,brown_2.started,teal_2.started,bordeaux_2.started,grey_2.started,seafoam_2.started,pink_2.started,lime_green_2.started,orange_2.started,blue_2.started,yellow_2.started,purple_2.started,cyan_2.started,red_2.started,green_2.started,seafoam_2.stopped,pink_2.stopped,lime_green_2.stopped,orange_2.stopped,blue_2.stopped,yellow_2.stopped,purple_2.stopped,cyan_2.stopped,red_2.stopped,green_2.stopped,wrongAnswer.stopped,corrColor_2.stopped,brown_2.stopped,teal_2.stopped,bordeaux_2.stopped,grey_2.stopped,red_3.started,lime_green_3.started,congrats.started,GoodJob.started,congrats.stopped,trial_counter.endExpVal,colorList.expEndVal,participant,session,date,expName,expVersion,psychopyVersion,frameRate,expStart,
,,,,,,,,,,,,,,,,,,,,,,,,,,,,,,,,,,,,,,,,,,,,,,,,,,,,,,,,,,,,,,,,,,,,,,,,,,,,,,,,,,,,,,,,,,,,,,,,,,,,,,,,,,,,,,,,,,,,,,,,,,,,,,,,,,,,,,,,,,,,,,,,,,,,,,,,,,,,,,,,,,,False,0.0052356000524014235,0.02520520007237792,0.8077976999338716,1.0078702999744564,33.754787399899215,return,32.92759810015559,None,,,,,,,,,,,,,,,,,,,,,,,,,,,,,,,,,,,,,,,,,,,,,,,,,,,,,,,,,,,,,,,,,,,,,,,,,,,,,,,,,,,,,,,,,,,,,,,,,,,,,,,,,,,,,,,,,,,,,,,,,,,,,,,,,,,,,,,,,,,,,,,,,,,,,,,,,,,,,,,,,,,,,,,,,,,,,,,,,,,,,,,,,,,,,,,,,,,,,,,,,,,,,,,,,,,,,,,,,,,,,,,,,,,,,,,,,,,,,,,,,,,,,,,,,,,,,,,,,,,,,,,001,002,2026-04-14_12h30.02.409,Train3Laptop,,2026.1.1,60.07839032106961,2026-04-14 12h30.04.339305 +0200,
01-t,022_Cyan.jpg,True,Cyan,0,96,90,01-t/022_Cyan_0.png,0,0,0,"['space', 'space', 'space', 'space', 'space', 'space', 'space']","[2.621716800145805, 3.406063500093296, 4.067207500105724, 4.57121210009791, 6.58901370014064, 6.914489800110459, 7.286230500089005]","[0.14318699995055795, 0.13403469999320805, 0.08879230008460581, 0.13410530006513, 0.11572190001606941, 0.11603830009698868, 0.10699020000174642]",0,,,0,,,0,,,0,,,0,,,0,,,0,,,0,,,0,,,0,,,0,,,1,[12.146880799904466],[12.146897999802604],0,,,0,,,5.0,2.3828902998939157,"[(5.0, 2.3828902998939157)]","[0.3516666666666667, -0.006666666666666667]","[-0.0125, -0.2891666666666667]","[1, 1]","[0, 0]","[0, 0]","[2.1308751001488417, 3.2677486001048237]","[None, 'button2']",1,[3.291701499838382],[3.2917127998080105],0,,,0,,,0,,,0,,,0,,,0,,,0,,,0,,,0,,,0,,,0,,,0,,,0,,,0,,,1,[0.6114926000591367],[0.611510300077498],0,,,0,,,0,,,0,,,0,,,0,,,0,,,0,,,0,,,0,,,0,,,0,,,0,,,0,,,None,0,0,0,37,34.07104930002242,,,,,,,,,,,01-t/022_Cyan_0.png,33.78497579996474,33.78568880003877,01-t/022_Cyan_0.png,True,Cyan,0,96,90,"[3.7042299997992814, 4.030783699825406, 4.5110666998662055, 5.1321615998167545, 5.737599199870601, 6.19654419994913, 7.682845499832183, 8.016183299943805, 8.343494299799204]",01-t/022_Cyan_0.png,1,,33.89197980007157,34.07104930002242,34.07104930002242,34.07104930002242,34.07104930002242,34.07104930002242,34.07104930002242,34.07104930002242,34.07104930002242,34.07104930002242,34.07104930002242,34.07104930002242,34.07104930002242,34.07104930002242,34.07104930002242,34.07104930002242,34.07104930002242,34.07104930002242,34.07104930002242,34.07104930002242,34.07104930002242,34.23739519994706,34.83792599989101,45.93608699995093,Cyan,1,"['space', 'space', 'space', 'space', 'space', 'space', 'space']","[2.621716800145805, 3.406063500093296, 4.067207500105724, 4.57121210009791, 6.58901370014064, 6.914489800110459, 7.286230500089005]","[0.14318699995055795, 0.13403469999320805, 0.08879230008460581, 0.13410530006513, 0.11572190001606941, 0.11603830009698868, 0.10699020000174642]",0,,,0,,,0,,,0,,,0,,,0,,,0,,,0,,,0,,,0,,,0,,,1,[12.146880799904466],[12.146897999802604],0,,,0,,,Cyan,49.58275950001553,49.60460500000045,49.942021099850535,46.30948859988712,46.354508799966425,46.354508799966425,0.022791599854826927,46.354508799966425,46.354508799966425,48.73866859986447,49.58177839987911,5.0,2.3828902998939157,"[(5.0, 2.3828902998939157)]","[0.3516666666666667, -0.006666666666666667]","[-0.0125, -0.2891666666666667]","[1, 1]","[0, 0]","[0, 0]","[2.1308751001488417, 3.2677486001048237]","[None, 'button2']",1,[3.291701499838382],[3.2917127998080105],0,,,0,,,0,,,0,,,0,,,0,,,0,,,0,,,0,,,0,,,0,,,0,,,0,,,0,,,49.97189729986712,50.00465889996849,50.00465889996849,50.00465889996849,50.00465889996849,50.00465889996849,50.00465889996849,50.00465889996849,50.54828429990448,1,[0.6114926000591367],[0.611510300077498],0,,,0,,,0,,,0,,,0,,,0,,,0,,,0,,,0,,,0,,,0,,,0,,,0,,,0,,,None,50.5490681999363,50.57075269985944,50.90814349986613,['Cyan'],,,,,,,,,,,,,,,,,,,,,,,,,,,,,,,,,,,,,,,,,,,,,,,,,,,,,001,002,2026-04-14_12h30.02.409,Train3Laptop,,2026.1.1,60.07839032106961,2026-04-14 12h30.04.339305 +0200,
03-1,031_Bordeaux.jpg,True,Bordeaux,47,5,21,03-1/031_Bordeaux_0.png,1,1,0,"['space', 'space', 'space']","[0.5514781998936087, 2.434591499855742, 2.901702299946919]","[0.12505199993029237, 0.0975010001566261, 0.11576239997521043]",0,,,0,,,1,14.54734759987332,14.547363999998197,0,,,0,,,0,,,0,,,0,,,0,,,0,,,0,,,0,,,0,,,0,,,5.0,1.1653640000149608,"[(5.0, 1.1653640000149608)]","[0.37916666666666665, 0.0325]","[-0.008333333333333333, -0.25916666666666666]","[1, 1]","[0, 0]","[0, 0]","[0.952911299886182, 2.0519709999207407]","[None, 'button2']",1,[2.058940199902281],[2.058950699865818],0,,,0,,,0,,,0,,,0,,,0,,,0,,,0,,,0,,,0,,,0,,,0,,,0,,,0,,,1,[0.547517899889499],[0.5475325998850167],0,,,0,,,0,,,0,,,0,,,0,,,0,,,0,,,0,,,0,,,0,,,0,,,0,,,0,,,None,0,1,1,33,51.090513800038025,,,,,,,,,,,03-1/031_Bordeaux_0.png,50.90971349994652,50.909905900014564,03-1/031_Bordeaux_0.png,True,Bordeaux,47,5,21,"[1.650904200039804, 2.4944875999353826, 3.568668599938974, 4.074040199862793]",03-1/031_Bordeaux_0.png,2,,50.926170099992305,51.090513800038025,51.090513800038025,51.090513800038025,51.090513800038025,51.090513800038025,51.090513800038025,51.090513800038025,51.090513800038025,51.090513800038025,51.090513800038025,51.090513800038025,51.090513800038025,51.090513800038025,51.090513800038025,51.090513800038025,51.090513800038025,51.090513800038025,51.090513800038025,51.090513800038025,51.090513800038025,51.389001699863,51.9900617999956,65.46118759992532,Bordeaux,0,"['space', 'space', 'space']","[0.5514781998936087, 2.434591499855742, 2.901702299946919]","[0.12505199993029237, 0.0975010001566261, 0.11576239997521043]",0,,,0,,,1,14.54734759987332,14.547363999998197,0,,,0,,,0,,,0,,,0,,,0,,,0,,,0,,,0,,,0,,,0,,,Bordeaux,67.87379750004038,67.88999739987776,68.22368300007656,65.81738559994847,65.86997859994881,65.86997859994881,0.005847099935635924,65.86997859994881,,67.03674170002341,67.87310319999233,5.0,1.1653640000149608,"[(5.0, 1.1653640000149608)]","[0.37916666666666665, 0.0325]","[-0.008333333333333333, -0.25916666666666666]","[1, 1]","[0, 0]","[0, 0]","[0.952911299886182, 2.0519709999207407]","[None, 'button2']",1,[2.058940199902281],[2.058950699865818],0,,,0,,,0,,,0,,,0,,,0,,,0,,,0,,,0,,,0,,,0,,,0,,,0,,,0,,,68.25452139996924,68.26960889995098,68.26960889995098,68.26960889995098,68.26960889995098,68.26960889995098,68.26960889995098,68.26960889995098,68.77398249995895,1,[0.547517899889499],[0.5475325998850167],0,,,0,,,0,,,0,,,0,,,0,,,0,,,0,,,0,,,0,,,0,,,0,,,0,,,0,,,None,68.77472199988551,68.7901653998997,69.12343579996377,"['Cyan', 'Bordeaux']",68.26960889995098,65.86997859994881,69.28794459998608,,,,,,,,,,,,,,,,,,,,,,,,,,,,,,,,,,,,,,,,,,,,,,,,,,001,002,2026-04-14_12h30.02.409,Train3Laptop,,2026.1.1,60.07839032106961,2026-04-14 12h30.04.339305 +0200,
03-1,024_Grey.jpg,True,Grey,42,49,52,03-1/024_Grey_0.png,2,2,0,"['space', 'space', 'space']","[2.9480458002071828, 4.370030400110409, 6.356661700177938]","[0.12488039978779852, 0.09760159999132156, 0.12507619988173246]",0,,,0,,,0,,,1,11.19456349988468,11.1945758999791,0,,,0,,,0,,,0,,,0,,,0,,,0,,,0,,,0,,,0,,,5.0,1.2152464999817312,"[(5.0, 1.2152464999817312)]","[0.37833333333333335, 0.06416666666666666]","[-0.016666666666666666, -0.27416666666666667]","[1, 1]","[0, 0]","[0, 0]","[0.972374300006777, 2.2024507001042366]","[None, 'button2']",1,[2.2119060000404716],[2.211915999883786],0,,,0,,,0,,,0,,,0,,,0,,,0,,,0,,,0,,,0,,,0,,,0,,,0,,,0,,,1,[0.7021850997116417],[0.7021995999384671],0,,,0,,,0,,,0,,,0,,,0,,,0,,,0,,,0,,,0,,,0,,,0,,,0,,,0,,,None,0,2,2,30,69.28794459998608,,,,,,,,,,,03-1/024_Grey_0.png,69.12492819991894,69.12506740004756,03-1/024_Grey_0.png,True,Grey,42,49,52,"[3.9836555998772383, 5.437664499972016, 7.1068728000391275, 7.420282099861652]",03-1/024_Grey_0.png,3,,69.14032609993592,69.28794459998608,69.28794459998608,69.28794459998608,69.28794459998608,69.28794459998608,69.28794459998608,69.28794459998608,69.28794459998608,69.28794459998608,69.28794459998608,69.28794459998608,69.28794459998608,69.28794459998608,69.28794459998608,69.28794459998608,69.28794459998608,69.28794459998608,69.28794459998608,69.28794459998608,69.28794459998608,69.58685149997473,70.15394170000218,80.3236145998817,Grey,0,"['space', 'space', 'space']","[2.9480458002071828, 4.370030400110409, 6.356661700177938]","[0.12488039978779852, 0.09760159999132156, 0.12507619988173246]",0,,,0,,,0,,,1,11.19456349988468,11.1945758999791,0,,,0,,,0,,,0,,,0,,,0,,,0,,,0,,,0,,,0,,,Grey,82.88929189997725,82.90454009990208,83.23871669988148,80.68267920007929,80.71845779987052,80.71845779987052,0.008695599855855107,80.71845779987052,,81.95184729993343,82.88852140004747,5.0,1.2152464999817312,"[(5.0, 1.2152464999817312)]","[0.37833333333333335, 0.06416666666666666]","[-0.016666666666666666, -0.27416666666666667]","[1, 1]","[0, 0]","[0, 0]","[0.972374300006777, 2.2024507001042366]","[None, 'button2']",1,[2.2119060000404716],[2.211915999883786],0,,,0,,,0,,,0,,,0,,,0,,,0,,,0,,,0,,,0,,,0,,,0,,,0,,,0,,,83.26727569987997,83.28521950007416,83.28521950007416,83.28521950007416,83.28521950007416,83.28521950007416,83.28521950007416,83.28521950007416,83.94542649993673,1,[0.7021850997116417],[0.7021995999384671],0,,,0,,,0,,,0,,,0,,,0,,,0,,,0,,,0,,,0,,,0,,,0,,,0,,,0,,,None,83.94616349996068,83.95430639991537,84.28791740001179,"['Cyan', 'Bordeaux', 'Grey']",83.28521950007416,,84.43625169992447,80.71845779987052,,,,,,,,,,,,,,,,,,,,,,,,,,,,,,,,,,,,,,,,,,,,,,,,,001,002,2026-04-14_12h30.02.409,Train3Laptop,,2026.1.1,60.07839032106961,2026-04-14 12h30.04.339305 +0200,
03-1,019_Teal.jpg,True,Teal,0,44,49,03-1/019_Teal_0.png,3,3,0,"['space', 'space', 'space', 'space']","[1.7369556999765337, 3.649880199925974, 4.011795500060543, 4.41109409998171]","[0.12462790007703006, 0.13404319994151592, 0.11588889989070594, 0.08869639993645251]",0,,,1,10.618690799921751,10.61870629992336,0,,,0,,,0,,,0,,,0,,,0,,,0,,,0,,,0,,,0,,,0,,,0,,,5.0,1.2477239000145346,"[(5.0, 1.2477239000145346)]","[0.36083333333333334, 0.0025]","[0.006666666666666667, -0.31583333333333335]","[1, 1]","[0, 0]","[0, 0]","[1.0042296999599785, 2.2712318000849336]","[None, 'button2']",1,[2.274082599906251],[2.2740931001026183],0,,,0,,,0,,,0,,,0,,,0,,,0,,,0,,,0,,,0,,,0,,,0,,,0,,,0,,,1,[0.8643843999598175],[0.8643996000755578],0,,,0,,,0,,,0,,,0,,,0,,,0,,,0,,,0,,,0,,,0,,,0,,,0,,,0,,,None,0,3,3,27,84.43625169992447,,,,,,,,,,,03-1/019_Teal_0.png,84.28943630005233,84.28957789996639,03-1/019_Teal_0.png,True,Teal,0,44,49,"[2.745802399935201, 3.649320799857378, 4.6956675997935236, 5.011656999820843, 5.415369699941948]",03-1/019_Teal_0.png,4,,84.30383959994651,84.43625169992447,84.43625169992447,84.43625169992447,84.43625169992447,84.43625169992447,84.43625169992447,84.43625169992447,84.43625169992447,84.43625169992447,84.43625169992447,84.43625169992447,84.43625169992447,84.43625169992447,84.43625169992447,84.43625169992447,84.43625169992447,84.43625169992447,84.43625169992447,84.43625169992447,84.43625169992447,84.70193069986999,85.23626059992239,94.91274589998648,Teal,1,"['space', 'space', 'space', 'space']","[1.7369556999765337, 3.649880199925974, 4.011795500060543, 4.41109409998171]","[0.12462790007703006, 0.13404319994151592, 0.11588889989070594, 0.08869639993645251]",0,,,1,10.618690799921751,10.61870629992336,0,,,0,,,0,,,0,,,0,,,0,,,0,,,0,,,0,,,0,,,0,,,0,,,Teal,97.54081430006772,97.55425380007364,97.88802519999444,95.26506490004249,95.30123890005052,95.30123890005052,0.0019402001053094864,95.30123890005052,,96.56789399986155,97.5400401998777,5.0,1.2477239000145346,"[(5.0, 1.2477239000145346)]","[0.36083333333333334, 0.0025]","[0.006666666666666667, -0.31583333333333335]","[1, 1]","[0, 0]","[0, 0]","[1.0042296999599785, 2.2712318000849336]","[None, 'button2']",1,[2.274082599906251],[2.2740931001026183],0,,,0,,,0,,,0,,,0,,,0,,,0,,,0,,,0,,,0,,,0,,,0,,,0,,,0,,,97.91454839985818,97.93467310001142,97.93467310001142,97.93467310001142,97.93467310001142,97.93467310001142,97.93467310001142,97.93467310001142,98.75843929988332,1,[0.8643843999598175],[0.8643996000755578],0,,,0,,,0,,,0,,,0,,,0,,,0,,,0,,,0,,,0,,,0,,,0,,,0,,,0,,,None,98.75952879991382,98.77029570005834,99.10443919990212,"['Cyan', 'Bordeaux', 'Grey', 'Teal']",97.93467310001142,,99.269203200005,,95.30123890005052,,,,,,,,,,,,,,,,,,,,,,,,,,,,,,,,,,,,,,,,,,,,,,,,001,002,2026-04-14_12h30.02.409,Train3Laptop,,2026.1.1,60.07839032106961,2026-04-14 12h30.04.339305 +0200,
03-1,006_Bordeaux.jpg,True,Bordeaux,51,0,12,03-1/006_Bordeaux_0.png,4,4,0,"['space', 'space']","[6.008247699821368, 6.619440299924463]","[0.13421540008857846, 0.13392439996823668]",0,,,0,,,1,16.859223100123927,16.859239500015974,0,,,0,,,0,,,0,,,0,,,0,,,0,,,0,,,0,,,0,,,0,,,5.0,2.9156398999039084,"[(5.0, 2.9156398999039084)]","[0.37833333333333335, 0.04583333333333333]","[-0.010833333333333334, -0.2891666666666667]","[1, 1]","[0, 0]","[0, 0]","[2.673337300075218, 4.804667500080541]","[None, 'button2']",1,[4.814410400111228],[4.814418300054967],0,,,0,,,0,,,0,,,0,,,0,,,0,,,0,,,0,,,0,,,0,,,0,,,0,,,0,,,1,[0.7830238998867571],[0.7830380999948829],0,,,0,,,0,,,0,,,0,,,0,,,0,,,0,,,0,,,0,,,0,,,0,,,0,,,0,,,None,0,4,4,13,99.269203200005,,,,,,,,,,,03-1/006_Bordeaux_0.png,99.1059020999819,99.10605810000561,03-1/006_Bordeaux_0.png,True,Bordeaux,51,0,12,"[5.327153400052339, 6.086380100110546, 7.132411100203171, 7.73320830008015]",03-1/006_Bordeaux_0.png,5,,99.12193519994617,99.269203200005,99.269203200005,99.269203200005,99.269203200005,99.269203200005,99.269203200005,99.269203200005,99.269203200005,99.269203200005,99.269203200005,99.269203200005,99.269203200005,99.269203200005,99.269203200005,99.269203200005,99.269203200005,99.269203200005,99.269203200005,99.269203200005,99.269203200005,99.56823679991066,100.1853910998907,115.96970589994453,Bordeaux,0,"['space', 'space']","[6.008247699821368, 6.619440299924463]","[0.13421540008857846, 0.13392439996823668]",0,,,0,,,1,16.859223100123927,16.859239500015974,0,,,0,,,0,,,0,,,0,,,0,,,0,,,0,,,0,,,0,,,0,,,Bordeaux,121.13779439986683,121.15328349987976,121.48673209990375,116.32908109994605,116.36677049985155,116.36677049985155,0.00896349991671741,116.36677049985155,,119.3006070998963,121.13715429999866,5.0,2.9156398999039084,"[(5.0, 2.9156398999039084)]","[0.37833333333333335, 0.04583333333333333]","[-0.010833333333333334, -0.2891666666666667]","[1, 1]","[0, 0]","[0, 0]","[2.673337300075218, 4.804667500080541]","[None, 'button2']",1,[4.814410400111228],[4.814418300054967],0,,,0,,,0,,,0,,,0,,,0,,,0,,,0,,,0,,,0,,,0,,,0,,,0,,,0,,,121.51800230005756,121.5338457999751,121.5338457999751,121.5338457999751,121.5338457999751,121.5338457999751,121.5338457999751,121.5338457999751,122.2744547999464,1,[0.7830238998867571],[0.7830380999948829],0,,,0,,,0,,,0,,,0,,,0,,,0,,,0,,,0,,,0,,,0,,,0,,,0,,,0,,,None,122.27506330003962,122.28646119986661,122.62023520004004,"['Cyan', 'Bordeaux', 'Grey', 'Teal', 'Bordeaux']",121.5338457999751,116.36677049985155,122.78468400007114,,,,,,,,,,,,,,,,,,,,,,,,,,,,,,,,,,,,,,,,,,,,,,,,,,001,002,2026-04-14_12h30.02.409,Train3Laptop,,2026.1.1,60.07839032106961,2026-04-14 12h30.04.339305 +0200,
03-1,013_Green.jpg,True,Green,2,100,2,03-1/013_Green_0.png,5,5,0,['space'],[13.390893100062385],[0.12506500002928078],0,,,0,,,0,,,0,,,0,,,0,,,0,,,0,,,0,,,0,,,0,,,0,,,0,,,1,[19.63791979989037],[19.637934899888933],5.0,1.681012500077486,"[(5.0, 1.681012500077486)]","[0.36916666666666664, 0.0725]","[-0.010833333333333334, -0.29583333333333334]","[1, 1]","[0, 0]","[0, 0]","[1.4395290999673307, 2.5712635999079794]","[None, 'button2']",1,[2.588091899873689],[2.5881032997276634],0,,,0,,,0,,,0,,,0,,,0,,,0,,,0,,,0,,,0,,,0,,,0,,,0,,,0,,,1,[1.016862299758941],[1.0168779997620732],0,,,0,,,0,,,0,,,0,,,0,,,0,,,0,,,0,,,0,,,0,,,0,,,0,,,0,,,None,0,5,5,20,122.78468400007114,,,,,,,,,,,03-1/013_Green_0.png,122.62187050003558,122.62202599993907,03-1/013_Green_0.png,True,Green,2,100,2,"[14.479575499892235, 15.566880999831483]",03-1/013_Green_0.png,6,,122.63840369996615,122.78468400007114,122.78468400007114,122.78468400007114,122.78468400007114,122.78468400007114,122.78468400007114,122.78468400007114,122.78468400007114,122.78468400007114,122.78468400007114,122.78468400007114,122.78468400007114,122.78468400007114,122.78468400007114,122.78468400007114,122.78468400007114,122.78468400007114,122.78468400007114,122.78468400007114,122.78468400007114,123.06790070002899,123.60112689994276,142.26213099993765,Green,2,['space'],[13.390893100062385],[0.12506500002928078],0,,,0,,,0,,,0,,,0,,,0,,,0,,,0,,,0,,,0,,,0,,,0,,,0,,,1,[19.63791979989037],[19.637934899888933],Green,145.20408659987152,145.21929709985852,145.55353250005282,142.62862199987285,142.666227000067,142.666227000067,0.016013999935239553,142.666227000067,,144.36654590000398,145.2033029999584,5.0,1.681012500077486,"[(5.0, 1.681012500077486)]","[0.36916666666666664, 0.0725]","[-0.010833333333333334, -0.29583333333333334]","[1, 1]","[0, 0]","[0, 0]","[1.4395290999673307, 2.5712635999079794]","[None, 'button2']",1,[2.588091899873689],[2.5881032997276634],0,,,0,,,0,,,0,,,0,,,0,,,0,,,0,,,0,,,0,,,0,,,0,,,0,,,0,,,145.5791289000772,145.5989727000706,145.5989727000706,145.5989727000706,145.5989727000706,145.5989727000706,145.5989727000706,145.5989727000706,146.5742347999476,1,[1.016862299758941],[1.0168779997620732],0,,,0,,,0,,,0,,,0,,,0,,,0,,,0,,,0,,,0,,,0,,,0,,,0,,,0,,,None,146.5748234000057,146.58608369994909,146.91970069985837,"['Cyan', 'Bordeaux', 'Grey', 'Teal', 'Bordeaux', 'Green']",145.5989727000706,,147.10092439991422,,,142.666227000067,,,,,,,,,,,,,,,,,,,,,,,,,,,,,,,,,,,,,,,,,,,,,,,001,002,2026-04-14_12h30.02.409,Train3Laptop,,2026.1.1,60.07839032106961,2026-04-14 12h30.04.339305 +0200,
03-1,012_Bordeaux.jpg,True,Bordeaux,50,2,24,03-1/012_Bordeaux_0.png,6,6,0,['space'],[2.5838614001404494],[0.133903699927032],0,,,0,,,1,9.283401200082153,9.283412399934605,0,,,0,,,0,,,0,,,0,,,0,,,0,,,0,,,0,,,0,,,0,,,5.0,1.947799100074917,"[(5.0, 1.947799100074917)]","[0.37333333333333335, 0.03166666666666667]","[-0.0016666666666666668, -0.2833333333333333]","[1, 1]","[0, 0]","[0, 0]","[1.7037075001280755, 3.1020091001410037]","[None, 'button2']",1,[3.106706199934706],[3.1067158000078052],0,,,0,,,0,,,0,,,0,,,0,,,0,,,0,,,0,,,0,,,0,,,0,,,0,,,0,,,1,[0.8841092998627573],[0.8841216000728309],0,,,0,,,0,,,0,,,0,,,0,,,0,,,0,,,0,,,0,,,0,,,0,,,0,,,0,,,None,0,6,6,19,147.10092439991422,,,,,,,,,,,03-1/012_Bordeaux_0.png,146.92125519993715,146.92139929998666,03-1/012_Bordeaux_0.png,True,Bordeaux,50,2,24,"[3.653595600044355, 4.757457199972123]",03-1/012_Bordeaux_0.png,7,,146.9363414000254,147.10092439991422,147.10092439991422,147.10092439991422,147.10092439991422,147.10092439991422,147.10092439991422,147.10092439991422,147.10092439991422,147.10092439991422,147.10092439991422,147.10092439991422,147.10092439991422,147.10092439991422,147.10092439991422,147.10092439991422,147.10092439991422,147.10092439991422,147.10092439991422,147.10092439991422,147.10092439991422,147.43306860001758,147.917423899984,156.20957489986904,Bordeaux,2,['space'],[2.5838614001404494],[0.133903699927032],0,,,0,,,1,9.283401200082153,9.283412399934605,0,,,0,,,0,,,0,,,0,,,0,,,0,,,0,,,0,,,0,,,0,,,Bordeaux,159.669973900076,159.68556099990383,160.01868709991686,156.56357700005174,156.59885209985077,156.59885209985077,0.0037016000133007765,156.59885209985077,,158.56516349990852,159.66922799986787,5.0,1.947799100074917,"[(5.0, 1.947799100074917)]","[0.37333333333333335, 0.03166666666666667]","[-0.0016666666666666668, -0.2833333333333333]","[1, 1]","[0, 0]","[0, 0]","[1.7037075001280755, 3.1020091001410037]","[None, 'button2']",1,[3.106706199934706],[3.1067158000078052],0,,,0,,,0,,,0,,,0,,,0,,,0,,,0,,,0,,,0,,,0,,,0,,,0,,,0,,,160.05011680000462,160.06543969991617,160.06543969991617,160.06543969991617,160.06543969991617,160.06543969991617,160.06543969991617,160.06543969991617,160.90737239993177,1,[0.8841092998627573],[0.8841216000728309],0,,,0,,,0,,,0,,,0,,,0,,,0,,,0,,,0,,,0,,,0,,,0,,,0,,,0,,,None,160.90810530004092,160.91820509987883,161.25261159986258,"['Cyan', 'Bordeaux', 'Grey', 'Teal', 'Bordeaux', 'Green', 'Bordeaux']",160.06543969991617,156.59885209985077,161.4165459999349,,,,,,,,,,,,,,,,,,,,,,,,,,,,,,,,,,,,,,,,,,,,,,,,,,001,002,2026-04-14_12h30.02.409,Train3Laptop,,2026.1.1,60.07839032106961,2026-04-14 12h30.04.339305 +0200,
03-1,029_Teal.jpg,True,Teal,0,47,43,03-1/029_Teal_0.png,7,7,0,"['space', 'space']","[81.98899130010977, 82.5728548001498]","[0.13414280000142753, 0.14321749983355403]",0,,,1,87.99133129999973,87.99134650011547,0,,,0,,,0,,,0,,,0,,,0,,,0,,,0,,,0,,,0,,,0,,,0,,,5.0,1.7169476000126451,"[(5.0, 1.7169476000126451)]","[0.365, 0.06166666666666667]","[-0.006666666666666667, -0.26]","[1, 1]","[0, 0]","[0, 0]","[1.5018921999726444, 3.301194499945268]","[None, 'button2']",1,[3.31098089995794],[3.310991199919954],0,,,0,,,0,,,0,,,0,,,0,,,0,,,0,,,0,,,0,,,0,,,0,,,0,,,0,,,1,[0.6519578997977078],[0.6519718999043107],0,,,0,,,0,,,0,,,0,,,0,,,0,,,0,,,0,,,0,,,0,,,0,,,0,,,0,,,None,0,7,7,32,161.4165459999349,,,,,,,,,,,03-1/029_Teal_0.png,161.25413100002334,161.25428309990093,03-1/029_Teal_0.png,True,Teal,0,47,43,"[83.03583200019784, 83.64104030001909]",03-1/029_Teal_0.png,8,,161.27025959989987,161.4165459999349,161.4165459999349,161.4165459999349,161.4165459999349,161.4165459999349,161.4165459999349,161.4165459999349,161.4165459999349,161.4165459999349,161.4165459999349,161.4165459999349,161.4165459999349,161.4165459999349,161.4165459999349,161.4165459999349,161.4165459999349,161.4165459999349,161.4165459999349,161.4165459999349,161.4165459999349,161.6991349000018,162.266107799951,249.2510710998904,Teal,2,"['space', 'space']","[81.98899130010977, 82.5728548001498]","[0.13414280000142753, 0.14321749983355403]",0,,,1,87.99133129999973,87.99134650011547,0,,,0,,,0,,,0,,,0,,,0,,,0,,,0,,,0,,,0,,,0,,,0,,,Teal,252.91592719987966,252.93170999991708,253.2657902999781,249.61030910001136,249.66219209996052,249.66219209996052,0.008801799966022372,249.66219209996052,,251.3785681000445,252.91518700006418,5.0,1.7169476000126451,"[(5.0, 1.7169476000126451)]","[0.365, 0.06166666666666667]","[-0.006666666666666667, -0.26]","[1, 1]","[0, 0]","[0, 0]","[1.5018921999726444, 3.301194499945268]","[None, 'button2']",1,[3.31098089995794],[3.310991199919954],0,,,0,,,0,,,0,,,0,,,0,,,0,,,0,,,0,,,0,,,0,,,0,,,0,,,0,,,253.29509230004624,253.31167689990252,253.31167689990252,253.31167689990252,253.31167689990252,253.31167689990252,253.31167689990252,253.31167689990252,253.9215965999756,1,[0.6519578997977078],[0.6519718999043107],0,,,0,,,0,,,0,,,0,,,0,,,0,,,0,,,0,,,0,,,0,,,0,,,0,,,0,,,None,253.92218729993328,253.9304959999863,254.26476430008188,"['Cyan', 'Bordeaux', 'Grey', 'Teal', 'Bordeaux', 'Green', 'Bordeaux', 'Teal']",253.31167689990252,,254.4297372000292,,249.66219209996052,,,,,,,,,,,,,,,,,,,,,,,,,,,,,,,,,,,,,,,,,,,,,,,,001,002,2026-04-14_12h30.02.409,Train3Laptop,,2026.1.1,60.07839032106961,2026-04-14 12h30.04.339305 +0200,
01-1,029_Cyan.jpg,True,Cyan,2,100,88,01-1/029_Cyan_0.png,8,8,0,"['space', 'space']","[1.5230955998413265, 2.3334663999266922]","[0.1342244001571089, 0.16128730005584657]",0,,,0,,,0,,,0,,,0,,,0,,,0,,,0,,,0,,,0,,,0,,,1,[9.536120499949902],[9.536134700058028],0,,,0,,,5.0,1.6492268999572843,"[(5.0, 1.6492268999572843)]","[0.355, 0.045]","[-0.008333333333333333, -0.285]","[1, 1]","[0, 0]","[0, 0]","[1.4053239000495523, 2.4043342999648303]","[None, 'button2']",1,[2.407298999838531],[2.407308300025761],0,,,0,,,0,,,0,,,0,,,0,,,0,,,0,,,0,,,0,,,0,,,0,,,0,,,0,,,1,[0.7001965998206288],[0.7002093999180943],0,,,0,,,0,,,0,,,0,,,0,,,0,,,0,,,0,,,0,,,0,,,0,,,0,,,0,,,None,0,8,8,5,254.4297372000292,,,,,,,,,,,01-1/029_Cyan_0.png,254.26630919985473,254.26703940005973,01-1/029_Cyan_0.png,True,Cyan,2,100,88,"[2.5361156999133527, 3.422820100095123]",01-1/029_Cyan_0.png,9,,254.28213359997608,254.4297372000292,254.4297372000292,254.4297372000292,254.4297372000292,254.4297372000292,254.4297372000292,254.4297372000292,254.4297372000292,254.4297372000292,254.4297372000292,254.4297372000292,254.4297372000292,254.4297372000292,254.4297372000292,254.4297372000292,254.4297372000292,254.4297372000292,254.4297372000292,254.4297372000292,254.4297372000292,254.69561360008083,255.22973160003312,263.8059070999734,Cyan,2,"['space', 'space']","[1.5230955998413265, 2.3334663999266922]","[0.1342244001571089, 0.16128730005584657]",0,,,0,,,0,,,0,,,0,,,0,,,0,,,0,,,0,,,0,,,0,,,1,[9.536120499949902],[9.536134700058028],0,,,0,,,Cyan,266.56648560008034,266.58080550003797,266.91481889993884,264.1583177000284,264.1948189998511,264.1948189998511,0.002049200003966689,264.1948189998511,264.1948189998511,265.86174159985967,266.565877399873,5.0,1.6492268999572843,"[(5.0, 1.6492268999572843)]","[0.355, 0.045]","[-0.008333333333333333, -0.285]","[1, 1]","[0, 0]","[0, 0]","[1.4053239000495523, 2.4043342999648303]","[None, 'button2']",1,[2.407298999838531],[2.407308300025761],0,,,0,,,0,,,0,,,0,,,0,,,0,,,0,,,0,,,0,,,0,,,0,,,0,,,0,,,266.9452563000377,266.9613617998548,266.9613617998548,266.9613617998548,266.9613617998548,266.9613617998548,266.9613617998548,266.9613617998548,267.6200685999356,1,[0.7001965998206288],[0.7002093999180943],0,,,0,,,0,,,0,,,0,,,0,,,0,,,0,,,0,,,0,,,0,,,0,,,0,,,0,,,None,267.62063800008036,267.6302056000568,267.9642640000675,"['Cyan', 'Bordeaux', 'Grey', 'Teal', 'Bordeaux', 'Green', 'Bordeaux', 'Teal', 'Cyan']",266.9613617998548,,268.12973490008153,,,,,,,,,,,,,,,,,,,,,,,,,,,,,,,,,,,,,,,,,,,,,,,,,,001,002,2026-04-14_12h30.02.409,Train3Laptop,,2026.1.1,60.07839032106961,2026-04-14 12h30.04.339305 +0200,
01-1,007_Cyan.jpg,True,Cyan,1,89,99,01-1/007_Cyan_0.png,9,9,0,['space'],[0.44152250001206994],[0.1429828000254929],0,,,0,,,0,,,0,,,0,,,0,,,0,,,0,,,0,,,0,,,0,,,1,[5.9918066000100225],[5.991820599883795],0,,,0,,,5.0,1.400397599907592,"[(5.0, 1.400397599907592)]","[0.36583333333333334, 0.085]","[0.004166666666666667, -0.27166666666666667]","[1, 1]","[0, 0]","[0, 0]","[1.1878401001449674, 2.7733207000419497]","[None, 'button2']",1,[2.7872862997464836],[2.7872958998195827],0,,,0,,,0,,,0,,,0,,,0,,,0,,,0,,,0,,,0,,,0,,,0,,,0,,,0,,,1,[2.2812546000350267],[2.2812673000153154],0,,,0,,,0,,,0,,,0,,,0,,,0,,,0,,,0,,,0,,,0,,,0,,,0,,,0,,,None,0,9,9,0,268.12973490008153,,,,,,,,,,,01-1/007_Cyan_0.png,267.96584520000033,267.96599519997835,01-1/007_Cyan_0.png,True,Cyan,1,89,99,"[1.4640806999523193, 2.551093899877742]",01-1/007_Cyan_0.png,10,,267.98090839991346,268.12973490008153,268.12973490008153,268.12973490008153,268.12973490008153,268.12973490008153,268.12973490008153,268.12973490008153,268.12973490008153,268.12973490008153,268.12973490008153,268.12973490008153,268.12973490008153,268.12973490008153,268.12973490008153,268.12973490008153,268.12973490008153,268.12973490008153,268.12973490008153,268.12973490008153,268.12973490008153,268.41303210007027,268.9454193999991,273.9607472999487,Cyan,2,['space'],[0.44152250001206994],[0.1429828000254929],0,,,0,,,0,,,0,,,0,,,0,,,0,,,0,,,0,,,0,,,0,,,1,[5.9918066000100225],[5.991820599883795],0,,,0,,,Cyan,277.1016158000566,277.11387000000104,277.4481538999826,274.32419139984995,274.3444574000314,274.3444574000314,0.013106899801641703,274.3444574000314,274.3444574000314,275.77809290005825,277.100896500051,5.0,1.400397599907592,"[(5.0, 1.400397599907592)]","[0.36583333333333334, 0.085]","[0.004166666666666667, -0.27166666666666667]","[1, 1]","[0, 0]","[0, 0]","[1.1878401001449674, 2.7733207000419497]","[None, 'button2']",1,[2.7872862997464836],[2.7872958998195827],0,,,0,,,0,,,0,,,0,,,0,,,0,,,0,,,0,,,0,,,0,,,0,,,0,,,0,,,277.46203249995597,277.47837090003304,277.47837090003304,277.47837090003304,277.47837090003304,277.47837090003304,277.47837090003304,277.47837090003304,279.7368397999089,1,[2.2812546000350267],[2.2812673000153154],0,,,0,,,0,,,0,,,0,,,0,,,0,,,0,,,0,,,0,,,0,,,0,,,0,,,0,,,None,279.73757070000283,279.7473987999838,280.0812514000572,"['Cyan', 'Bordeaux', 'Grey', 'Teal', 'Bordeaux', 'Green', 'Bordeaux', 'Teal', 'Cyan', 'Cyan']",277.47837090003304,,280.24571869987994,,,,,,,,,,,,,,,,,,,,,,,,,,,,,,,,,,,,,,,,,,,,,,,,,,001,002,2026-04-14_12h30.02.409,Train3Laptop,,2026.1.1,60.07839032106961,2026-04-14 12h30.04.339305 +0200,
02-1,010_Pink.jpg,True,Pink,98,0,52,02-1/010_Pink_0.png,10,10,0,"['space', 'space']","[1.2571503999643028, 1.944769199937582]","[0.16115429997444153, 0.10675269993953407]",0,,,0,,,0,,,0,,,0,,,1,8.963640700094402,8.96365680010058,0,,,0,,,0,,,0,,,0,,,0,,,0,,,0,,,5.0,1.2467959001660347,"[(5.0, 1.2467959001660347)]","[0.3725, 0.016666666666666666]","[0.015, -0.2891666666666667]","[1, 1]","[0, 0]","[0, 0]","[1.0055104000493884, 2.639562899945304]","[None, 'button2']",1,[2.647140899905935],[2.64715229999274],0,,,0,,,0,,,0,,,0,,,0,,,0,,,0,,,0,,,0,,,0,,,0,,,0,,,0,,,1,[0.546679699793458],[0.5466913999989629],0,,,0,,,0,,,0,,,0,,,0,,,0,,,0,,,0,,,0,,,0,,,0,,,0,,,0,,,None,0,10,10,8,280.24571869987994,,,,,,,,,,,02-1/010_Pink_0.png,280.0828627999872,280.0830063999165,02-1/010_Pink_0.png,True,Pink,98,0,52,"[2.370223400183022, 2.938152699964121]",02-1/010_Pink_0.png,11,,280.0955985998735,280.24571869987994,280.24571869987994,280.24571869987994,280.24571869987994,280.24571869987994,280.24571869987994,280.24571869987994,280.24571869987994,280.24571869987994,280.24571869987994,280.24571869987994,280.24571869987994,280.24571869987994,280.24571869987994,280.24571869987994,280.24571869987994,280.24571869987994,280.24571869987994,280.24571869987994,280.24571869987994,280.51201050006784,281.06213820003904,289.0502740999218,Pink,2,"['space', 'space']","[1.2571503999643028, 1.944769199937582]","[0.16115429997444153, 0.10675269993953407]",0,,,0,,,0,,,0,,,0,,,1,8.963640700094402,8.96365680010058,0,,,0,,,0,,,0,,,0,,,0,,,0,,,0,,,Pink,292.0512858000584,292.063768299995,292.39875629986636,289.40733519988135,289.4443137999624,289.4443137999624,0.006741699995473027,289.4443137999624,,290.7105292000342,292.0505242999643,5.0,1.2467959001660347,"[(5.0, 1.2467959001660347)]","[0.3725, 0.016666666666666666]","[0.015, -0.2891666666666667]","[1, 1]","[0, 0]","[0, 0]","[1.0055104000493884, 2.639562899945304]","[None, 'button2']",1,[2.647140899905935],[2.64715229999274],0,,,0,,,0,,,0,,,0,,,0,,,0,,,0,,,0,,,0,,,0,,,0,,,0,,,0,,,292.4292500000447,292.4442429000046,292.4442429000046,292.4442429000046,292.4442429000046,292.4442429000046,292.4442429000046,292.4442429000046,292.95115779992193,1,[0.546679699793458],[0.5466913999989629],0,,,0,,,0,,,0,,,0,,,0,,,0,,,0,,,0,,,0,,,0,,,0,,,0,,,0,,,None,292.9517464998644,292.96323250001296,293.2972444999032,"['Cyan', 'Bordeaux', 'Grey', 'Teal', 'Bordeaux', 'Green', 'Bordeaux', 'Teal', 'Cyan', 'Cyan', 'Pink']",292.4442429000046,,293.4828228999395,,,,289.4443137999624,,,,,,,,,,,,,,,,,,,,,,,,,,,,,,,,,,,,,,,,,,,,,,001,002,2026-04-14_12h30.02.409,Train3Laptop,,2026.1.1,60.07839032106961,2026-04-14 12h30.04.339305 +0200,
02-1,014_Pink.jpg,True,Pink,100,9,40,02-1/014_Pink_0.png,11,11,0,"['space', 'space']","[0.45371749997138977, 1.2850955999456346]","[0.11595129990018904, 0.1430021000560373]",0,,,0,,,0,,,0,,,0,,,1,12.206036600051448,12.20604950003326,0,,,0,,,0,,,0,,,0,,,0,,,0,,,0,,,5.0,1.5654094000346959,"[(5.0, 1.5654094000346959)]","[0.38083333333333336, 0.11]","[-0.0225, -0.27166666666666667]","[1, 1]","[0, 0]","[0, 0]","[1.3217221999075264, 2.5539914998225868]","[None, 'button2']",1,[2.568663900019601],[2.568671999964863],0,,,0,,,0,,,0,,,0,,,0,,,0,,,0,,,0,,,0,,,0,,,0,,,0,,,0,,,1,[0.6685868999920785],[0.6685985999647528],0,,,0,,,0,,,0,,,0,,,0,,,0,,,0,,,0,,,0,,,0,,,0,,,0,,,0,,,None,0,11,11,11,293.4828228999395,,,,,,,,,,,02-1/014_Pink_0.png,293.2992112999782,293.2993743000552,02-1/014_Pink_0.png,True,Pink,100,9,40,"[1.43928789999336, 2.349290099926293]",02-1/014_Pink_0.png,12,,293.31643919995986,293.4828228999395,293.4828228999395,293.4828228999395,293.4828228999395,293.4828228999395,293.4828228999395,293.4828228999395,293.4828228999395,293.4828228999395,293.4828228999395,293.4828228999395,293.4828228999395,293.4828228999395,293.4828228999395,293.4828228999395,293.4828228999395,293.4828228999395,293.4828228999395,293.4828228999395,293.4828228999395,293.6440051998943,294.22806190000847,305.509639600059,Pink,2,"['space', 'space']","[0.45371749997138977, 1.2850955999456346]","[0.11595129990018904, 0.1430021000560373]",0,,,0,,,0,,,0,,,0,,,1,12.206036600051448,12.20604950003326,0,,,0,,,0,,,0,,,0,,,0,,,0,,,0,,,Pink,308.43136899988167,308.4787787999958,308.7967576999217,305.87371059996076,305.90963679994456,305.90963679994456,0.013887699926272035,305.90963679994456,,307.493474900024,308.4307397999801,5.0,1.5654094000346959,"[(5.0, 1.5654094000346959)]","[0.38083333333333336, 0.11]","[-0.0225, -0.27166666666666667]","[1, 1]","[0, 0]","[0, 0]","[1.3217221999075264, 2.5539914998225868]","[None, 'button2']",1,[2.568663900019601],[2.568671999964863],0,,,0,,,0,,,0,,,0,,,0,,,0,,,0,,,0,,,0,,,0,,,0,,,0,,,0,,,308.8101127999835,308.8265037999954,308.8265037999954,308.8265037999954,308.8265037999954,308.8265037999954,308.8265037999954,308.8265037999954,309.4530050000176,1,[0.6685868999920785],[0.6685985999647528],0,,,0,,,0,,,0,,,0,,,0,,,0,,,0,,,0,,,0,,,0,,,0,,,0,,,0,,,None,309.4535622999538,309.4618776999414,309.79564619995654,"['Cyan', 'Bordeaux', 'Grey', 'Teal', 'Bordeaux', 'Green', 'Bordeaux', 'Teal', 'Cyan', 'Cyan', 'Pink', 'Pink']",,,310.0049707000144,,,,305.90963679994456,,,,,,,,,,,,,,,,,,,,,,,,,,,,,,,,,,,,,,,,,,,,,,001,002,2026-04-14_12h30.02.409,Train3Laptop,,2026.1.1,60.07839032106961,2026-04-14 12h30.04.339305 +0200,
02-1,008_Orange.jpg,True,Orange,100,53,0,02-1/008_Orange_0.png,12,12,0,"['space', 'space', 'space', 'space', 'space']","[0.46949329995550215, 2.6403653000015765, 14.899886399973184, 15.31419839989394, 15.81456289999187]","[0.15204140008427203, 0.16091390000656247, 0.12472549988888204, 0.17936310009099543, 0.10710070002824068]",0,,,0,,,0,,,0,,,0,,,0,,,0,,,1,21.254546799929813,21.25456660008058,0,,,0,,,0,,,0,,,0,,,0,,,5.0,1.2316090001259,"[(5.0, 1.2316090001259)]","[0.3441666666666667, -0.06166666666666667]","[-0.024166666666666666, -0.31416666666666665]","[1, 1]","[0, 0]","[0, 0]","[0.9907099001575261, 2.192140500061214]","[None, 'button2']",1,[2.207192200003192],[2.2072030999697745],0,,,0,,,0,,,0,,,0,,,0,,,0,,,0,,,0,,,0,,,0,,,0,,,0,,,0,,,1,[0.5139803998172283],[0.5139913000166416],0,,,0,,,0,,,0,,,0,,,0,,,0,,,0,,,0,,,0,,,0,,,0,,,0,,,0,,,None,0,12,12,7,310.0049707000144,,,,,,,,,,,02-1/008_Orange_0.png,309.7972252999898,309.7973964000121,02-1/008_Orange_0.png,True,Orange,100,53,0,"[1.4974350999109447, 3.682624700013548, 15.901570899877697, 16.36209789989516, 16.79855339997448]",02-1/008_Orange_0.png,13,,309.8113168000709,310.0049707000144,310.0049707000144,310.0049707000144,310.0049707000144,310.0049707000144,310.0049707000144,310.0049707000144,310.0049707000144,310.0049707000144,310.0049707000144,310.0049707000144,310.0049707000144,310.0049707000144,310.0049707000144,310.0049707000144,310.0049707000144,310.0049707000144,310.0049707000144,310.0049707000144,310.0049707000144,310.1448480999097,310.7446073999163,331.0562215000391,Orange,1,"['space', 'space', 'space', 'space', 'space']","[0.46949329995550215, 2.6403653000015765, 14.899886399973184, 15.31419839989394, 15.81456289999187]","[0.15204140008427203, 0.16091390000656247, 0.12472549988888204, 0.17936310009099543, 0.10710070002824068]",0,,,0,,,0,,,0,,,0,,,0,,,0,,,1,21.254546799929813,21.25456660008058,0,,,0,,,0,,,0,,,0,,,0,,,Orange,333.6170785999857,333.6285647000186,333.9624250999186,331.4208978000097,331.47593229985796,331.47593229985796,0.014201599871739745,331.47593229985796,,332.70901479991153,333.6164213998709,5.0,1.2316090001259,"[(5.0, 1.2316090001259)]","[0.3441666666666667, -0.06166666666666667]","[-0.024166666666666666, -0.31416666666666665]","[1, 1]","[0, 0]","[0, 0]","[0.9907099001575261, 2.192140500061214]","[None, 'button2']",1,[2.207192200003192],[2.2072030999697745],0,,,0,,,0,,,0,,,0,,,0,,,0,,,0,,,0,,,0,,,0,,,0,,,0,,,0,,,333.9930103998631,334.00914219999686,334.00914219999686,334.00914219999686,334.00914219999686,334.00914219999686,334.00914219999686,334.00914219999686,334.48411329998635,1,[0.5139803998172283],[0.5139913000166416],0,,,0,,,0,,,0,,,0,,,0,,,0,,,0,,,0,,,0,,,0,,,0,,,0,,,0,,,None,334.4846713000443,334.4949372999836,334.82985799992457,"['Cyan', 'Bordeaux', 'Grey', 'Teal', 'Bordeaux', 'Green', 'Bordeaux', 'Teal', 'Cyan', 'Cyan', 'Pink', 'Pink', 'Orange']",334.00914219999686,,335.01065519987606,,,,,331.47593229985796,,,,,,,,,,,,,,,,,,,,,,,,,,,,,,,,,,,,,,,,,,,,,001,002,2026-04-14_12h30.02.409,Train3Laptop,,2026.1.1,60.07839032106961,2026-04-14 12h30.04.339305 +0200,
03-1,011_Brown.jpg,True,Brown,50,15,0,03-1/011_Brown_0.png,13,13,0,"['space', 'space']","[0.23396470001898706, 2.3979576998390257]","[0.13407619995996356, 0.08847509999759495]",1,6.563434400130063,6.563445900101215,0,,,0,,,0,,,0,,,0,,,0,,,0,,,0,,,0,,,0,,,0,,,0,,,0,,,5.0,1.3987851000856608,"[(5.0, 1.3987851000856608)]","[0.3675, 0.010833333333333334]","[0.011666666666666667, -0.26416666666666666]","[1, 1]","[0, 0]","[0, 0]","[1.1544633999001235, 2.187187499832362]","[None, 'button2']",1,[2.1926122999284416],[2.192623799899593],0,,,0,,,0,,,0,,,0,,,0,,,0,,,0,,,0,,,0,,,0,,,0,,,0,,,0,,,1,[0.6506733999121934],[0.6506853997707367],0,,,0,,,0,,,0,,,0,,,0,,,0,,,0,,,0,,,0,,,0,,,0,,,0,,,0,,,None,0,13,13,17,335.01065519987606,,,,,,,,,,,03-1/011_Brown_0.png,334.8314710999839,334.831616200041,03-1/011_Brown_0.png,True,Brown,50,15,0,"[1.3218299001455307, 3.557000500150025]",03-1/011_Brown_0.png,14,,334.846633200068,335.01065519987606,335.01065519987606,335.01065519987606,335.01065519987606,335.01065519987606,335.01065519987606,335.01065519987606,335.01065519987606,335.01065519987606,335.01065519987606,335.01065519987606,335.01065519987606,335.01065519987606,335.01065519987606,335.01065519987606,335.01065519987606,335.01065519987606,335.01065519987606,335.01065519987606,335.01065519987606,335.32664079987444,335.9101499998942,341.3995626999531,Brown,2,"['space', 'space']","[0.23396470001898706, 2.3979576998390257]","[0.13407619995996356, 0.08847509999759495]",1,6.563434400130063,6.563445900101215,0,,,0,,,0,,,0,,,0,,,0,,,0,,,0,,,0,,,0,,,0,,,0,,,0,,,Brown,343.94605979998596,343.9618515998591,344.2956666999962,341.7545437000226,341.7918489999138,341.7918489999138,0.004659799858927727,341.7918489999138,,343.20843779994175,343.94527620007284,5.0,1.3987851000856608,"[(5.0, 1.3987851000856608)]","[0.3675, 0.010833333333333334]","[0.011666666666666667, -0.26416666666666666]","[1, 1]","[0, 0]","[0, 0]","[1.1544633999001235, 2.187187499832362]","[None, 'button2']",1,[2.1926122999284416],[2.192623799899593],0,,,0,,,0,,,0,,,0,,,0,,,0,,,0,,,0,,,0,,,0,,,0,,,0,,,0,,,344.3211672999896,344.3418926000595,344.3418926000595,344.3418926000595,344.3418926000595,344.3418926000595,344.3418926000595,344.3418926000595,344.95120769995265,1,[0.6506733999121934],[0.6506853997707367],0,,,0,,,0,,,0,,,0,,,0,,,0,,,0,,,0,,,0,,,0,,,0,,,0,,,0,,,None,344.9518820999656,344.9614971000701,345.29551450000145,"['Cyan', 'Bordeaux', 'Grey', 'Teal', 'Bordeaux', 'Green', 'Bordeaux', 'Teal', 'Cyan', 'Cyan', 'Pink', 'Pink', 'Orange', 'Brown']",344.3418926000595,,345.46065849997103,,,,,,341.7918489999138,,,,,,,,,,,,,,,,,,,,,,,,,,,,,,,,,,,,,,,,,,,,001,002,2026-04-14_12h30.02.409,Train3Laptop,,2026.1.1,60.07839032106961,2026-04-14 12h30.04.339305 +0200,
01-1,028_Blue.jpg,True,Blue,0,9,96,01-1/028_Blue_0.png,14,14,0,"['space', 'space']","[0.23036219994537532, 1.185995199950412]","[0.13419710006564856, 0.11597510008141398]",0,,,0,,,0,,,0,,,0,,,0,,,0,,,0,,,1,[6.41574260010384],[6.415754799963906],0,,,0,,,0,,,0,,,0,,,5.0,2.330814099870622,"[(5.0, 2.330814099870622)]","[0.37333333333333335, 0.37333333333333335, 0.029166666666666667]","[-0.056666666666666664, -0.021666666666666667, -0.2791666666666667]","[1, 1, 1]","[0, 0, 0]","[0, 0, 0]","[0.9859209000132978, 2.086018200032413, 3.0547255999408662]","[None, None, 'button2']",1,[3.061590800061822],[3.0616021999157965],0,,,0,,,0,,,0,,,0,,,0,,,0,,,0,,,0,,,0,,,0,,,0,,,0,,,0,,,1,[0.6515628998167813],[0.6515776999294758],0,,,0,,,0,,,0,,,0,,,0,,,0,,,0,,,0,,,0,,,0,,,0,,,0,,,0,,,None,0,14,14,4,345.46065849997103,,,,,,,,,,,01-1/028_Blue_0.png,345.29700320004486,345.2971445999574,01-1/028_Blue_0.png,True,Blue,0,9,96,"[1.3135800000745803, 2.1851449999958277]",01-1/028_Blue_0.png,15,,345.31284859986044,345.46065849997103,345.46065849997103,345.46065849997103,345.46065849997103,345.46065849997103,345.46065849997103,345.46065849997103,345.46065849997103,345.46065849997103,345.46065849997103,345.46065849997103,345.46065849997103,345.46065849997103,345.46065849997103,345.46065849997103,345.46065849997103,345.46065849997103,345.46065849997103,345.46065849997103,345.46065849997103,345.72640300006606,346.25974839995615,351.71598229999654,Blue,2,"['space', 'space']","[0.23036219994537532, 1.185995199950412]","[0.13419710006564856, 0.11597510008141398]",0,,,0,,,0,,,0,,,0,,,0,,,0,,,0,,,1,[6.41574260010384],[6.415754799963906],0,,,0,,,0,,,0,,,0,,,Blue,355.1311123999767,355.14478600001894,355.4781126999296,352.07231769990176,352.10809080000035,352.10809080000035,0.005967400036752224,352.10809080000035,,354.45813310006633,355.13045000005513,5.0,2.330814099870622,"[(5.0, 2.330814099870622)]","[0.37333333333333335, 0.37333333333333335, 0.029166666666666667]","[-0.056666666666666664, -0.021666666666666667, -0.2791666666666667]","[1, 1, 1]","[0, 0, 0]","[0, 0, 0]","[0.9859209000132978, 2.086018200032413, 3.0547255999408662]","[None, None, 'button2']",1,[3.061590800061822],[3.0616021999157965],0,,,0,,,0,,,0,,,0,,,0,,,0,,,0,,,0,,,0,,,0,,,0,,,0,,,0,,,355.509972400032,355.52440039999783,355.52440039999783,355.52440039999783,355.52440039999783,355.52440039999783,355.52440039999783,355.52440039999783,356.13693069992587,1,[0.6515628998167813],[0.6515776999294758],0,,,0,,,0,,,0,,,0,,,0,,,0,,,0,,,0,,,0,,,0,,,0,,,0,,,0,,,None,356.1377357998863,356.1576525999699,356.4941503999289,"['Cyan', 'Bordeaux', 'Grey', 'Teal', 'Bordeaux', 'Green', 'Bordeaux', 'Teal', 'Cyan', 'Cyan', 'Pink', 'Pink', 'Orange', 'Brown', 'Blue']",355.52440039999783,,,,,,,,,352.10809080000035,,,,,,,,,,,,,,,,,,,,,,,,,,,,,,,,,,,,,,,,,,,001,002,2026-04-14_12h30.02.409,Train3Laptop,,2026.1.1,60.07839032106961,2026-04-14 12h30.04.339305 +0200,
03-1,011_Teal.jpg,True,Teal,0,45,54,03-1/011_Teal_0.png,15,15,0,['space'],[0.3507517999969423],[0.14308529999107122],0,,,1,8.268829300068319,8.268846200080588,0,,,0,,,0,,,0,,,0,,,0,,,0,,,0,,,0,,,0,,,0,,,0,,,5.0,1.2475810998585075,"[(5.0, 1.2475810998585075)]","[0.38083333333333336, 0.028333333333333332, 0.025]","[-0.010833333333333334, -0.2425, -0.27]","[1, 1, 1]","[0, 0, 0]","[0, 0, 0]","[1.0036471001803875, 2.238506300142035, 3.136035199975595]","[None, None, 'button2']",1,[3.1384987998753786],[3.138507599942386],0,,,0,,,0,,,0,,,0,,,0,,,0,,,0,,,0,,,0,,,0,,,0,,,0,,,0,,,1,[0.5411369998473674],[0.5411604999098927],0,,,0,,,0,,,0,,,0,,,0,,,0,,,0,,,0,,,0,,,0,,,0,,,0,,,0,,,None,0,15,15,18,356.6761576998979,,,,,,,,,,,03-1/011_Teal_0.png,356.4954993999563,356.4956628999207,03-1/011_Teal_0.png,True,Teal,0,45,54,"[1.4411617000587285, 2.647597099887207]",03-1/011_Teal_0.png,16,,356.51171420002356,356.6761576998979,356.6761576998979,356.6761576998979,356.6761576998979,356.6761576998979,356.6761576998979,356.6761576998979,356.6761576998979,356.6761576998979,356.6761576998979,356.6761576998979,356.6761576998979,356.6761576998979,356.6761576998979,356.6761576998979,356.6761576998979,356.6761576998979,356.6761576998979,356.6761576998979,356.6761576998979,356.95877359993756,357.54215110000223,364.76934770005755,Teal,2,['space'],[0.3507517999969423],[0.14308529999107122],0,,,1,8.268829300068319,8.268846200080588,0,,,0,,,0,,,0,,,0,,,0,,,0,,,0,,,0,,,0,,,0,,,0,,,Teal,368.2611702999566,368.2774954000488,368.6113068999257,365.1214060999919,365.1577536999248,365.1577536999248,0.0017303999047726393,365.1577536999248,,366.42553399992175,368.26054649986327,5.0,1.2475810998585075,"[(5.0, 1.2475810998585075)]","[0.38083333333333336, 0.028333333333333332, 0.025]","[-0.010833333333333334, -0.2425, -0.27]","[1, 1, 1]","[0, 0, 0]","[0, 0, 0]","[1.0036471001803875, 2.238506300142035, 3.136035199975595]","[None, None, 'button2']",1,[3.1384987998753786],[3.138507599942386],0,,,0,,,0,,,0,,,0,,,0,,,0,,,0,,,0,,,0,,,0,,,0,,,0,,,0,,,368.6382587000262,368.6575654000044,368.6575654000044,368.6575654000044,368.6575654000044,368.6575654000044,368.6575654000044,368.6575654000044,369.1631964999251,1,[0.5411369998473674],[0.5411604999098927],0,,,0,,,0,,,0,,,0,,,0,,,0,,,0,,,0,,,0,,,0,,,0,,,0,,,0,,,None,369.16425559995696,369.1789806999732,369.5275059998967,"['Cyan', 'Bordeaux', 'Grey', 'Teal', 'Bordeaux', 'Green', 'Bordeaux', 'Teal', 'Cyan', 'Cyan', 'Pink', 'Pink', 'Orange', 'Brown', 'Blue', 'Teal']",365.1577536999248,,,,365.1577536999248,,,,,,,,,,,,,,,,,,,,,,,,,,,,,,,,,,,,,,,,,,,,,,,,001,002,2026-04-14_12h30.02.409,Train3Laptop,,2026.1.1,60.07839032106961,2026-04-14 12h30.04.339305 +0200,
03-1,013_Grey.jpg,True,Grey,47,53,50,03-1/013_Grey_0.png,16,16,0,"['space', 'space']","[0.4904535999521613, 1.7519952999427915]","[0.09782890020869672, 0.14345260011032224]",0,,,0,,,0,,,1,7.087220299988985,7.08723170007579,0,,,0,,,0,,,0,,,0,,,0,,,0,,,0,,,0,,,0,,,5.0,1.4994914999697357,"[(5.0, 1.4994914999697357)]","[0.335, 0.05]","[-0.020833333333333332, -0.30083333333333334]","[1, 1]","[0, 0]","[0, 0]","[1.2570347001310438, 2.754753800109029]","[None, 'button2']",1,[2.772664599819109],[2.7726765999104828],0,,,0,,,0,,,0,,,0,,,0,,,0,,,0,,,0,,,0,,,0,,,0,,,0,,,0,,,1,[0.5158431997988373],[0.5158566997852176],0,,,0,,,0,,,0,,,0,,,0,,,0,,,0,,,0,,,0,,,0,,,0,,,0,,,0,,,None,0,16,16,21,369.7103534999769,,,,,,,,,,,03-1/013_Grey_0.png,369.52872359985486,369.52887809998356,03-1/013_Grey_0.png,True,Grey,47,53,50,"[1.50203249999322, 2.766320199938491]",03-1/013_Grey_0.png,17,,369.5437555999961,369.7103534999769,369.7103534999769,369.7103534999769,369.7103534999769,369.7103534999769,369.7103534999769,369.7103534999769,369.7103534999769,369.7103534999769,369.7103534999769,369.7103534999769,369.7103534999769,369.7103534999769,369.7103534999769,369.7103534999769,369.7103534999769,369.7103534999769,369.7103534999769,369.7103534999769,369.7103534999769,369.9913129999768,370.5253318999894,376.62074739998206,Grey,2,"['space', 'space']","[0.4904535999521613, 1.7519952999427915]","[0.09782890020869672, 0.14345260011032224]",0,,,0,,,0,,,1,7.087220299988985,7.08723170007579,0,,,0,,,0,,,0,,,0,,,0,,,0,,,0,,,0,,,0,,,Grey,379.74740609992296,379.7612480998505,380.09421529993415,376.98792540002614,377.0241624999326,377.0241624999326,0.016852299915626645,377.0241624999326,,378.54041419993155,379.7467120999936,5.0,1.4994914999697357,"[(5.0, 1.4994914999697357)]","[0.335, 0.05]","[-0.020833333333333332, -0.30083333333333334]","[1, 1]","[0, 0]","[0, 0]","[1.2570347001310438, 2.754753800109029]","[None, 'button2']",1,[2.772664599819109],[2.7726765999104828],0,,,0,,,0,,,0,,,0,,,0,,,0,,,0,,,0,,,0,,,0,,,0,,,0,,,0,,,380.12773839989677,380.1402030000463,380.1402030000463,380.1402030000463,380.1402030000463,380.1402030000463,380.1402030000463,380.1402030000463,380.61775989993475,1,[0.5158431997988373],[0.5158566997852176],0,,,0,,,0,,,0,,,0,,,0,,,0,,,0,,,0,,,0,,,0,,,0,,,0,,,0,,,None,380.6185178998858,380.627570200013,380.9612119998783,"['Cyan', 'Bordeaux', 'Grey', 'Teal', 'Bordeaux', 'Green', 'Bordeaux', 'Teal', 'Cyan', 'Cyan', 'Pink', 'Pink', 'Orange', 'Brown', 'Blue', 'Teal', 'Grey']",380.1402030000463,,381.1456432000268,377.0241624999326,,,,,,,,,,,,,,,,,,,,,,,,,,,,,,,,,,,,,,,,,,,,,,,,,001,002,2026-04-14_12h30.02.409,Train3Laptop,,2026.1.1,60.07839032106961,2026-04-14 12h30.04.339305 +0200,
03-1,006_Brown.jpg,True,Brown,53,20,0,03-1/006_Brown_0.png,17,17,0,"['space', 'space', 'space', 'space']","[1.6629949999041855, 7.027382199885324, 7.495366999879479, 8.094607600010931]","[0.11604570015333593, 0.1884521001484245, 0.12496370007283986, 0.10653549991548061]",1,14.368200900033116,14.368212000001222,0,,,0,,,0,,,0,,,0,,,0,,,0,,,0,,,0,,,0,,,0,,,0,,,0,,,5.0,1.3802463000174612,"[(5.0, 1.3802463000174612)]","[0.36083333333333334, 0.0325]","[-0.01, -0.2575]","[1, 1]","[0, 0]","[0, 0]","[1.1353001000825316, 2.2029808000661433]","[None, 'button2']",1,[2.224223099881783],[2.22423359984532],0,,,0,,,0,,,0,,,0,,,0,,,0,,,0,,,0,,,0,,,0,,,0,,,0,,,0,,,1,[0.6803365999367088],[0.6803532999474555],0,,,0,,,0,,,0,,,0,,,0,,,0,,,0,,,0,,,0,,,0,,,0,,,0,,,0,,,None,0,17,17,14,381.1456432000268,,,,,,,,,,,03-1/006_Brown_0.png,380.9628496998921,380.9630179000087,03-1/006_Brown_0.png,True,Brown,53,20,0,"[2.7932631000876427, 4.759713100036606, 8.110165200196207, 8.577153900172561, 9.18138590012677]",03-1/006_Brown_0.png,18,,380.9782330999151,381.1456432000268,381.1456432000268,381.1456432000268,381.1456432000268,381.1456432000268,381.1456432000268,381.1456432000268,381.1456432000268,381.1456432000268,381.1456432000268,381.1456432000268,381.1456432000268,381.1456432000268,381.1456432000268,381.1456432000268,381.1456432000268,381.1456432000268,381.1456432000268,381.1456432000268,381.1456432000268,381.29180229990743,382.041324299993,395.3359550999012,Brown,1,"['space', 'space', 'space', 'space']","[1.6629949999041855, 7.027382199885324, 7.495366999879479, 8.094607600010931]","[0.11604570015333593, 0.1884521001484245, 0.12496370007283986, 0.10653549991548061]",1,14.368200900033116,14.368212000001222,0,,,0,,,0,,,0,,,0,,,0,,,0,,,0,,,0,,,0,,,0,,,0,,,0,,,Brown,397.91419399995357,397.9265693000052,398.260180399986,395.7065115000587,395.7402250999585,395.7402250999585,0.019886699737980962,395.7402250999585,,397.13994279992767,397.9134337999858,5.0,1.3802463000174612,"[(5.0, 1.3802463000174612)]","[0.36083333333333334, 0.0325]","[-0.01, -0.2575]","[1, 1]","[0, 0]","[0, 0]","[1.1353001000825316, 2.2029808000661433]","[None, 'button2']",1,[2.224223099881783],[2.22423359984532],0,,,0,,,0,,,0,,,0,,,0,,,0,,,0,,,0,,,0,,,0,,,0,,,0,,,0,,,398.28533719992265,398.30667439987883,398.30667439987883,398.30667439987883,398.30667439987883,398.30667439987883,398.30667439987883,398.30667439987883,398.94763259985484,1,[0.6803365999367088],[0.6803532999474555],0,,,0,,,0,,,0,,,0,,,0,,,0,,,0,,,0,,,0,,,0,,,0,,,0,,,0,,,None,398.9482187998947,398.95926499995403,399.29336660006084,"['Cyan', 'Bordeaux', 'Grey', 'Teal', 'Bordeaux', 'Green', 'Bordeaux', 'Teal', 'Cyan', 'Cyan', 'Pink', 'Pink', 'Orange', 'Brown', 'Blue', 'Teal', 'Grey', 'Brown']",398.30667439987883,,399.4740390998777,,,,,,395.7402250999585,,,,,,,,,,,,,,,,,,,,,,,,,,,,,,,,,,,,,,,,,,,,001,002,2026-04-14_12h30.02.409,Train3Laptop,,2026.1.1,60.07839032106961,2026-04-14 12h30.04.339305 +0200,
01-t,018_Yellow.jpg,True,Yellow,100,88,0,01-t/018_Yellow_0.png,18,18,0,['space'],[2.883847099961713],[0.1431596998590976],0,,,0,,,0,,,0,,,0,,,0,,,0,,,0,,,0,,,1,[13.544627399882302],[13.54463869985193],0,,,0,,,0,,,0,,,5.0,2.3497597000095993,"[(5.0, 2.3497597000095993)]","[0.3641666666666667, 0.3641666666666667, 0.06166666666666667]","[-0.04833333333333333, -0.02, -0.27666666666666667]","[1, 1, 1]","[0, 0, 0]","[0, 0, 0]","[1.0388432000763714, 2.106177299981937, 3.168858899967745]","[None, None, 'button2']",1,[3.1799754998646677],[3.1799858000595123],0,,,0,,,0,,,0,,,0,,,0,,,0,,,0,,,0,,,0,,,0,,,0,,,0,,,0,,,1,[0.6679263999685645],[0.6679375998210162],0,,,0,,,0,,,0,,,0,,,0,,,0,,,0,,,0,,,0,,,0,,,0,,,0,,,0,,,None,0,18,18,36,399.4740390998777,,,,,,,,,,,01-t/018_Yellow_0.png,399.2948449999094,399.2949848000426,01-t/018_Yellow_0.png,True,Yellow,100,88,0,"[1.8673507999628782, 3.999912600032985]",01-t/018_Yellow_0.png,19,,399.31188819999807,399.4740390998777,399.4740390998777,399.4740390998777,399.4740390998777,399.4740390998777,399.4740390998777,399.4740390998777,399.4740390998777,399.4740390998777,399.4740390998777,399.4740390998777,399.4740390998777,399.4740390998777,399.4740390998777,399.4740390998777,399.4740390998777,399.4740390998777,399.4740390998777,399.4740390998777,399.4740390998777,399.74051929987036,400.274426799966,412.8428509000223,Yellow,2,['space'],[2.883847099961713],[0.1431596998590976],0,,,0,,,0,,,0,,,0,,,0,,,0,,,0,,,0,,,1,[13.544627399882302],[13.54463869985193],0,,,0,,,0,,,0,,,Yellow,416.37650229991414,416.39252469991334,416.7260596998967,413.20329479989596,413.23958839988336,413.23958839988336,0.010082300053909421,413.23958839988336,,415.60666320007294,416.3758065998554,5.0,2.3497597000095993,"[(5.0, 2.3497597000095993)]","[0.3641666666666667, 0.3641666666666667, 0.06166666666666667]","[-0.04833333333333333, -0.02, -0.27666666666666667]","[1, 1, 1]","[0, 0, 0]","[0, 0, 0]","[1.0388432000763714, 2.106177299981937, 3.168858899967745]","[None, None, 'button2']",1,[3.1799754998646677],[3.1799858000595123],0,,,0,,,0,,,0,,,0,,,0,,,0,,,0,,,0,,,0,,,0,,,0,,,0,,,0,,,416.75610419991426,416.77264199987985,416.77264199987985,416.77264199987985,416.77264199987985,416.77264199987985,416.77264199987985,416.77264199987985,417.39789659995586,1,[0.6679263999685645],[0.6679375998210162],0,,,0,,,0,,,0,,,0,,,0,,,0,,,0,,,0,,,0,,,0,,,0,,,0,,,0,,,None,417.39848129986785,417.40994519996457,417.74349600006826,"['Cyan', 'Bordeaux', 'Grey', 'Teal', 'Bordeaux', 'Green', 'Bordeaux', 'Teal', 'Cyan', 'Cyan', 'Pink', 'Pink', 'Orange', 'Brown', 'Blue', 'Teal', 'Grey', 'Brown', 'Yellow']",416.77264199987985,,417.9402777000796,,,,,,,,413.23958839988336,,,,,,,,,,,,,,,,,,,,,,,,,,,,,,,,,,,,,,,,,,001,002,2026-04-14_12h30.02.409,Train3Laptop,,2026.1.1,60.07839032106961,2026-04-14 12h30.04.339305 +0200,
03-1,006_Teal.jpg,True,Teal,0,46,53,03-1/006_Teal_0.png,19,19,0,"['space', 'space', 'space', 'space', 'space']","[0.626905599841848, 3.237076799850911, 5.345257399836555, 5.65174729982391, 6.00586979999207]","[0.10673400014638901, 0.07970020011998713, 0.13388720015063882, 0.09790000016801059, 0.15226659993641078]",0,,,1,9.845137999858707,9.84514919994399,0,,,0,,,0,,,0,,,0,,,0,,,0,,,0,,,0,,,0,,,0,,,0,,,5.0,1.59858059999533,"[(5.0, 1.59858059999533)]","[0.3641666666666667, 0.04083333333333333]","[-0.0033333333333333335, -0.305]","[1, 1]","[0, 0]","[0, 0]","[1.3865839999634773, 2.987817799905315]","[None, 'button2']",1,[2.9954554999712855],[2.995466700056568],0,,,0,,,0,,,0,,,0,,,0,,,0,,,0,,,0,,,0,,,0,,,0,,,0,,,0,,,1,[0.5660314997658134],[0.5660437997430563],0,,,0,,,0,,,0,,,0,,,0,,,0,,,0,,,0,,,0,,,0,,,0,,,0,,,0,,,None,0,19,19,15,417.9402777000796,,,,,,,,,,,03-1/006_Teal_0.png,417.74527029995807,417.74541309988126,03-1/006_Teal_0.png,True,Teal,0,46,53,"[1.6283395998179913, 4.195884299930185, 6.275912799872458, 6.596034099813551, 7.041397999972105]",03-1/006_Teal_0.png,20,,417.76133179990575,417.9402777000796,417.9402777000796,417.9402777000796,417.9402777000796,417.9402777000796,417.9402777000796,417.9402777000796,417.9402777000796,417.9402777000796,417.9402777000796,417.9402777000796,417.9402777000796,417.9402777000796,417.9402777000796,417.9402777000796,417.9402777000796,417.9402777000796,417.9402777000796,417.9402777000796,417.9402777000796,418.090182099957,418.67341759987175,427.5949711999856,Teal,1,"['space', 'space', 'space', 'space', 'space']","[0.626905599841848, 3.237076799850911, 5.345257399836555, 5.65174729982391, 6.00586979999207]","[0.10673400014638901, 0.07970020011998713, 0.13388720015063882, 0.09790000016801059, 0.15226659993641078]",0,,,1,9.845137999858707,9.84514919994399,0,,,0,,,0,,,0,,,0,,,0,,,0,,,0,,,0,,,0,,,0,,,0,,,Teal,430.9442892000079,430.9582730999682,431.2922550998628,427.9522098999005,427.9885259999428,427.9885259999428,0.00686699990183115,427.9885259999428,,429.6053476999514,430.9435228998773,5.0,1.59858059999533,"[(5.0, 1.59858059999533)]","[0.3641666666666667, 0.04083333333333333]","[-0.0033333333333333335, -0.305]","[1, 1]","[0, 0]","[0, 0]","[1.3865839999634773, 2.987817799905315]","[None, 'button2']",1,[2.9954554999712855],[2.995466700056568],0,,,0,,,0,,,0,,,0,,,0,,,0,,,0,,,0,,,0,,,0,,,0,,,0,,,0,,,431.3216756999027,431.3385947998613,431.3385947998613,431.3385947998613,431.3385947998613,431.3385947998613,431.3385947998613,431.3385947998613,431.863413099898,1,[0.5660314997658134],[0.5660437997430563],0,,,0,,,0,,,0,,,0,,,0,,,0,,,0,,,0,,,0,,,0,,,0,,,0,,,0,,,None,431.86400040006265,431.87455200008117,432.20843959995545,"['Cyan', 'Bordeaux', 'Grey', 'Teal', 'Bordeaux', 'Green', 'Bordeaux', 'Teal', 'Cyan', 'Cyan', 'Pink', 'Pink', 'Orange', 'Brown', 'Blue', 'Teal', 'Grey', 'Brown', 'Yellow', 'Teal']",431.3385947998613,,432.4065320000518,,427.9885259999428,,,,,,,,,,,,,,,,,,,,,,,,,,,,,,,,,,,,,,,,,,,,,,,,001,002,2026-04-14_12h30.02.409,Train3Laptop,,2026.1.1,60.07839032106961,2026-04-14 12h30.04.339305 +0200,
03-1,021_Grey.jpg,True,Grey,47,51,57,03-1/021_Grey_0.png,20,20,0,['space'],[1.0966509999707341],[0.11601120000705123],0,,,0,,,0,,,1,5.698698400054127,5.698709600139409,0,,,0,,,0,,,0,,,0,,,0,,,0,,,0,,,0,,,0,,,5.0,1.2821737001650035,"[(5.0, 1.2821737001650035)]","[0.36, 0.0975, 0.05]","[-0.013333333333333334, -0.24916666666666668, -0.285]","[1, 1, 1]","[0, 0, 0]","[0, 0, 0]","[1.0386856000404805, 2.569682599976659, 3.5695573000703007]","[None, None, 'button2']",1,[3.5755875997710973],[3.5755951998289675],0,,,0,,,0,,,0,,,0,,,0,,,0,,,0,,,0,,,0,,,0,,,0,,,0,,,0,,,1,[0.6516050999052823],[0.6516189000103623],0,,,0,,,0,,,0,,,0,,,0,,,0,,,0,,,0,,,0,,,0,,,0,,,0,,,0,,,None,0,20,20,29,432.4065320000518,,,,,,,,,,,03-1/021_Grey_0.png,432.20992340007797,432.2100754000712,03-1/021_Grey_0.png,True,Grey,47,51,57,"[1.4983552999328822, 2.1120060000102967]",03-1/021_Grey_0.png,21,,432.2262347000651,432.4065320000518,432.4065320000518,432.4065320000518,432.4065320000518,432.4065320000518,432.4065320000518,432.4065320000518,432.4065320000518,432.4065320000518,432.4065320000518,432.4065320000518,432.4065320000518,432.4065320000518,432.4065320000518,432.4065320000518,432.4065320000518,432.4065320000518,432.4065320000518,432.4065320000518,432.4065320000518,432.555435199989,433.1569218998775,437.9133953000419,Grey,2,['space'],[1.0966509999707341],[0.11601120000705123],0,,,0,,,0,,,1,5.698698400054127,5.698709600139409,0,,,0,,,0,,,0,,,0,,,0,,,0,,,0,,,0,,,0,,,Grey,441.84211129997857,441.85747070005164,442.1922583000269,438.26888089999557,438.30508530000225,438.30508530000225,0.0051745998207479715,438.30508530000225,,439.6050914998632,441.84149449993856,5.0,1.2821737001650035,"[(5.0, 1.2821737001650035)]","[0.36, 0.0975, 0.05]","[-0.013333333333333334, -0.24916666666666668, -0.285]","[1, 1, 1]","[0, 0, 0]","[0, 0, 0]","[1.0386856000404805, 2.569682599976659, 3.5695573000703007]","[None, None, 'button2']",1,[3.5755875997710973],[3.5755951998289675],0,,,0,,,0,,,0,,,0,,,0,,,0,,,0,,,0,,,0,,,0,,,0,,,0,,,0,,,442.22129469993524,442.2381932998542,442.2381932998542,442.2381932998542,442.2381932998542,442.2381932998542,442.2381932998542,442.2381932998542,442.8478945000097,1,[0.6516050999052823],[0.6516189000103623],0,,,0,,,0,,,0,,,0,,,0,,,0,,,0,,,0,,,0,,,0,,,0,,,0,,,0,,,None,442.848577799974,442.85782089992426,443.191746099852,"['Cyan', 'Bordeaux', 'Grey', 'Teal', 'Bordeaux', 'Green', 'Bordeaux', 'Teal', 'Cyan', 'Cyan', 'Pink', 'Pink', 'Orange', 'Brown', 'Blue', 'Teal', 'Grey', 'Brown', 'Yellow', 'Teal', 'Grey']",442.2381932998542,,443.37291610008106,438.30508530000225,,,,,,,,,,,,,,,,,,,,,,,,,,,,,,,,,,,,,,,,,,,,,,,,,001,002,2026-04-14_12h30.02.409,Train3Laptop,,2026.1.1,60.07839032106961,2026-04-14 12h30.04.339305 +0200,
03-1,019_Brown.jpg,True,Brown,50,17,0,03-1/019_Brown_0.png,21,21,0,"['space', 'space', 'space']","[5.98880170006305, 7.692211700137705, 9.53771509998478]","[0.1161066999193281, 0.10669589997269213, 0.1433389000594616]",1,16.926022599916905,16.92603879980743,0,,,0,,,0,,,0,,,0,,,0,,,0,,,0,,,0,,,0,,,0,,,0,,,0,,,5.0,1.596796300029382,"[(5.0, 1.596796300029382)]","[0.37083333333333335, 0.07083333333333333]","[0.008333333333333333, -0.29083333333333333]","[1, 1]","[0, 0]","[0, 0]","[1.3536868998780847, 2.8199559999629855]","[None, 'button2']",1,[2.832715999800712],[2.832725999876857],0,,,0,,,0,,,0,,,0,,,0,,,0,,,0,,,0,,,0,,,0,,,0,,,0,,,0,,,1,[0.832537799840793],[0.832549599930644],0,,,0,,,0,,,0,,,0,,,0,,,0,,,0,,,0,,,0,,,0,,,0,,,0,,,0,,,None,0,21,21,26,443.37291610008106,,,,,,,,,,,03-1/019_Brown_0.png,443.19332759990357,443.19347149995156,03-1/019_Brown_0.png,True,Brown,50,17,0,"[7.0400453000329435, 8.712277099955827, 10.548872399842367, 11.011592499911785]",03-1/019_Brown_0.png,22,,443.2121443999931,443.37291610008106,443.37291610008106,443.37291610008106,443.37291610008106,443.37291610008106,443.37291610008106,443.37291610008106,443.37291610008106,443.37291610008106,443.37291610008106,443.37291610008106,443.37291610008106,443.37291610008106,443.37291610008106,443.37291610008106,443.37291610008106,443.37291610008106,443.37291610008106,443.37291610008106,443.37291610008106,443.638502900023,444.13927330006845,460.12398639996536,Brown,0,"['space', 'space', 'space']","[5.98880170006305, 7.692211700137705, 9.53771509998478]","[0.1161066999193281, 0.10669589997269213, 0.1433389000594616]",1,16.926022599916905,16.92603879980743,0,,,0,,,0,,,0,,,0,,,0,,,0,,,0,,,0,,,0,,,0,,,0,,,0,,,Brown,463.3108774998691,463.32378289988264,463.6578249000013,460.48625040007755,460.5212755999528,460.5212755999528,0.01189539977349341,460.5212755999528,,462.13752139988355,463.3101111999713,5.0,1.596796300029382,"[(5.0, 1.596796300029382)]","[0.37083333333333335, 0.07083333333333333]","[0.008333333333333333, -0.29083333333333333]","[1, 1]","[0, 0]","[0, 0]","[1.3536868998780847, 2.8199559999629855]","[None, 'button2']",1,[2.832715999800712],[2.832725999876857],0,,,0,,,0,,,0,,,0,,,0,,,0,,,0,,,0,,,0,,,0,,,0,,,0,,,0,,,463.6880942999851,463.7045743998606,463.7045743998606,463.7045743998606,463.7045743998606,463.7045743998606,463.7045743998606,463.7045743998606,464.49651609989814,1,[0.832537799840793],[0.832549599930644],0,,,0,,,0,,,0,,,0,,,0,,,0,,,0,,,0,,,0,,,0,,,0,,,0,,,0,,,None,464.49707859987393,464.50667189992964,464.84013519994915,"['Cyan', 'Bordeaux', 'Grey', 'Teal', 'Bordeaux', 'Green', 'Bordeaux', 'Teal', 'Cyan', 'Cyan', 'Pink', 'Pink', 'Orange', 'Brown', 'Blue', 'Teal', 'Grey', 'Brown', 'Yellow', 'Teal', 'Grey', 'Brown']",463.7045743998606,,465.0052660999354,,,,,,460.5212755999528,,,,,,,,,,,,,,,,,,,,,,,,,,,,,,,,,,,,,,,,,,,,001,002,2026-04-14_12h30.02.409,Train3Laptop,,2026.1.1,60.07839032106961,2026-04-14 12h30.04.339305 +0200,
01-1,018_Purple.jpg,True,Purple,51,2,100,01-1/018_Purple_0.png,22,22,0,['space'],[1.5679275000002235],[0.09756619995459914],0,,,0,,,0,,,0,,,0,,,0,,,0,,,0,,,0,,,0,,,1,[6.972051999997348],[6.972066499991342],0,,,0,,,0,,,5.0,1.047873399918899,"[(5.0, 1.047873399918899)]","[0.36833333333333335, 0.06166666666666667]","[-0.004166666666666667, -0.2683333333333333]","[1, 1]","[0, 0]","[0, 0]","[0.8047756999731064, 2.1355190000031143]","[None, 'button2']",1,[2.1540919998660684],[2.154102199943736],0,,,0,,,0,,,0,,,0,,,0,,,0,,,0,,,0,,,0,,,0,,,0,,,0,,,0,,,1,[0.6837311999406666],[0.6837510999757797],0,,,0,,,0,,,0,,,0,,,0,,,0,,,0,,,0,,,0,,,0,,,0,,,0,,,0,,,None,0,22,22,3,465.0052660999354,,,,,,,,,,,01-1/018_Purple_0.png,464.8416496999562,464.8417994999327,01-1/018_Purple_0.png,True,Purple,51,2,100,"[2.551042800070718, 3.535744900116697]",01-1/018_Purple_0.png,23,,464.85821139998734,465.0052660999354,465.0052660999354,465.0052660999354,465.0052660999354,465.0052660999354,465.0052660999354,465.0052660999354,465.0052660999354,465.0052660999354,465.0052660999354,465.0052660999354,465.0052660999354,465.0052660999354,465.0052660999354,465.0052660999354,465.0052660999354,465.0052660999354,465.0052660999354,465.0052660999354,465.0052660999354,465.28790450003,465.82263389998116,471.8167339998763,Purple,2,['space'],[1.5679275000002235],[0.09756619995459914],0,,,0,,,0,,,0,,,0,,,0,,,0,,,0,,,0,,,0,,,1,[6.972051999997348],[6.972066499991342],0,,,0,,,0,,,Purple,474.32509849988855,474.34027209994383,474.67420320003293,472.18491179984994,472.2201753000263,472.2201753000263,0.017440399853512645,472.2201753000263,,473.2873380999081,474.32437260006554,5.0,1.047873399918899,"[(5.0, 1.047873399918899)]","[0.36833333333333335, 0.06166666666666667]","[-0.004166666666666667, -0.2683333333333333]","[1, 1]","[0, 0]","[0, 0]","[0.8047756999731064, 2.1355190000031143]","[None, 'button2']",1,[2.1540919998660684],[2.154102199943736],0,,,0,,,0,,,0,,,0,,,0,,,0,,,0,,,0,,,0,,,0,,,0,,,0,,,0,,,474.7064855999779,474.7200382000301,474.7200382000301,474.7200382000301,474.7200382000301,474.7200382000301,474.7200382000301,474.7200382000301,475.3629181999713,1,[0.6837311999406666],[0.6837510999757797],0,,,0,,,0,,,0,,,0,,,0,,,0,,,0,,,0,,,0,,,0,,,0,,,0,,,0,,,None,475.3636423998978,475.3736845999956,475.7081243998837,"['Cyan', 'Bordeaux', 'Grey', 'Teal', 'Bordeaux', 'Green', 'Bordeaux', 'Teal', 'Cyan', 'Cyan', 'Pink', 'Pink', 'Orange', 'Brown', 'Blue', 'Teal', 'Grey', 'Brown', 'Yellow', 'Teal', 'Grey', 'Brown', 'Purple']",474.7200382000301,,475.888079599943,,,,,,,,,472.2201753000263,,,,,,,,,,,,,,,,,,,,,,,,,,,,,,,,,,,,,,,,,001,002,2026-04-14_12h30.02.409,Train3Laptop,,2026.1.1,60.07839032106961,2026-04-14 12h30.04.339305 +0200,
02-1,006_Pink.jpg,True,Pink,100,0,50,02-1/006_Pink_0.png,23,23,0,"['space', 'space']","[0.3316756000276655, 0.9967726999893785]","[0.14315369981341064, 0.1341959999408573]",0,,,0,,,0,,,0,,,0,,,1,6.486311599845067,6.48632699996233,0,,,0,,,0,,,0,,,0,,,0,,,0,,,0,,,5.0,1.0334749999456108,"[(5.0, 1.0334749999456108)]","[0.34833333333333333, 0.08833333333333333]","[0.005, -0.28833333333333333]","[1, 1]","[0, 0]","[0, 0]","[0.7886996001470834, 1.8523369000758976]","[None, 'button2']",1,[1.8703220998868346],[1.8703301998320967],0,,,0,,,0,,,0,,,0,,,0,,,0,,,0,,,0,,,0,,,0,,,0,,,0,,,0,,,1,[0.5353681999258697],[0.5353832999244332],0,,,0,,,0,,,0,,,0,,,0,,,0,,,0,,,0,,,0,,,0,,,0,,,0,,,0,,,None,0,23,23,6,475.888079599943,,,,,,,,,,,02-1/006_Pink_0.png,475.7096988998819,475.709878699854,02-1/006_Pink_0.png,True,Pink,100,0,50,"[1.4770746999420226, 2.1249616998247802]",02-1/006_Pink_0.png,24,,475.72479890007526,475.888079599943,475.888079599943,475.888079599943,475.888079599943,475.888079599943,475.888079599943,475.888079599943,475.888079599943,475.888079599943,475.888079599943,475.888079599943,475.888079599943,475.888079599943,475.888079599943,475.888079599943,475.888079599943,475.888079599943,475.888079599943,475.888079599943,475.888079599943,476.18811880005524,476.7882645998616,482.2002747999504,Pink,2,"['space', 'space']","[0.3316756000276655, 0.9967726999893785]","[0.14315369981341064, 0.1341959999408573]",0,,,0,,,0,,,0,,,0,,,1,6.486311599845067,6.48632699996233,0,,,0,,,0,,,0,,,0,,,0,,,0,,,0,,,Pink,484.4242982000578,484.4395083999261,484.77374759991653,482.56765939993784,482.60381620004773,482.60381620004773,0.016999299870803952,482.60381620004773,,483.65350189991295,484.4237555998843,5.0,1.0334749999456108,"[(5.0, 1.0334749999456108)]","[0.34833333333333333, 0.08833333333333333]","[0.005, -0.28833333333333333]","[1, 1]","[0, 0]","[0, 0]","[0.7886996001470834, 1.8523369000758976]","[None, 'button2']",1,[1.8703220998868346],[1.8703301998320967],0,,,0,,,0,,,0,,,0,,,0,,,0,,,0,,,0,,,0,,,0,,,0,,,0,,,0,,,484.8041632999666,484.8200423999224,484.8200423999224,484.8200423999224,484.8200423999224,484.8200423999224,484.8200423999224,484.8200423999224,485.3135746999178,1,[0.5353681999258697],[0.5353832999244332],0,,,0,,,0,,,0,,,0,,,0,,,0,,,0,,,0,,,0,,,0,,,0,,,0,,,0,,,None,485.3142756000161,485.3226018999703,485.6562063000165,"['Cyan', 'Bordeaux', 'Grey', 'Teal', 'Bordeaux', 'Green', 'Bordeaux', 'Teal', 'Cyan', 'Cyan', 'Pink', 'Pink', 'Orange', 'Brown', 'Blue', 'Teal', 'Grey', 'Brown', 'Yellow', 'Teal', 'Grey', 'Brown', 'Purple', 'Pink']",484.8200423999224,,485.82091960008256,,,,482.60381620004773,,,,,,,,,,,,,,,,,,,,,,,,,,,,,,,,,,,,,,,,,,,,,,001,002,2026-04-14_12h30.02.409,Train3Laptop,,2026.1.1,60.07839032106961,2026-04-14 12h30.04.339305 +0200,
03-1,029_Bordeaux.jpg,True,Bordeaux,54,0,21,03-1/029_Bordeaux_0.png,24,24,0,"['space', 'space', 'space']","[0.4347935998812318, 1.119930800050497, 7.061538900015876]","[0.13393789995461702, 0.11594829987734556, 0.0888215999584645]",0,,,0,,,1,11.237946999957785,11.237963099963963,0,,,0,,,0,,,0,,,0,,,0,,,0,,,0,,,0,,,0,,,0,,,5.0,1.1808265000581741,"[(5.0, 1.1808265000581741)]","[0.37916666666666665, 0.015]","[-0.005833333333333334, -0.31416666666666665]","[1, 1]","[0, 0]","[0, 0]","[0.9384216999169439, 2.2189992999192327]","[None, 'button2']",1,[2.2345716999843717],[2.2345837999600917],0,,,0,,,0,,,0,,,0,,,0,,,0,,,0,,,0,,,0,,,0,,,0,,,0,,,0,,,1,[0.8844657998997718],[0.8844790998846292],0,,,0,,,0,,,0,,,0,,,0,,,0,,,0,,,0,,,0,,,0,,,0,,,0,,,0,,,None,0,24,24,31,485.82091960008256,,,,,,,,,,,03-1/029_Bordeaux_0.png,485.65786430006847,485.65803769999184,03-1/029_Bordeaux_0.png,True,Bordeaux,54,0,21,"[1.4691621998790652, 2.1920127000194043, 7.917085000080988, 8.082195099908859]",03-1/029_Bordeaux_0.png,25,,485.6741287999321,485.82091960008256,485.82091960008256,485.82091960008256,485.82091960008256,485.82091960008256,485.82091960008256,485.82091960008256,485.82091960008256,485.82091960008256,485.82091960008256,485.82091960008256,485.82091960008256,485.82091960008256,485.82091960008256,485.82091960008256,485.82091960008256,485.82091960008256,485.82091960008256,485.82091960008256,485.82091960008256,486.08679479989223,486.62296339985915,496.90220290003344,Bordeaux,0,"['space', 'space', 'space']","[0.4347935998812318, 1.119930800050497, 7.061538900015876]","[0.13393789995461702, 0.11594829987734556, 0.0888215999584645]",0,,,0,,,1,11.237946999957785,11.237963099963963,0,,,0,,,0,,,0,,,0,,,0,,,0,,,0,,,0,,,0,,,0,,,Bordeaux,499.4904735998716,499.5053433999419,499.83978849998675,497.26687729987316,497.30318109993823,497.30318109993823,0.014286699937656522,497.30318109993823,,498.5034518998582,499.4897934999317,5.0,1.1808265000581741,"[(5.0, 1.1808265000581741)]","[0.37916666666666665, 0.015]","[-0.005833333333333334, -0.31416666666666665]","[1, 1]","[0, 0]","[0, 0]","[0.9384216999169439, 2.2189992999192327]","[None, 'button2']",1,[2.2345716999843717],[2.2345837999600917],0,,,0,,,0,,,0,,,0,,,0,,,0,,,0,,,0,,,0,,,0,,,0,,,0,,,0,,,499.8693411999848,499.8858850998804,499.8858850998804,499.8858850998804,499.8858850998804,499.8858850998804,499.8858850998804,499.8858850998804,500.7287661000155,1,[0.8844657998997718],[0.8844790998846292],0,,,0,,,0,,,0,,,0,,,0,,,0,,,0,,,0,,,0,,,0,,,0,,,0,,,0,,,None,500.72937970003113,500.739435599884,501.07290400005877,"['Cyan', 'Bordeaux', 'Grey', 'Teal', 'Bordeaux', 'Green', 'Bordeaux', 'Teal', 'Cyan', 'Cyan', 'Pink', 'Pink', 'Orange', 'Brown', 'Blue', 'Teal', 'Grey', 'Brown', 'Yellow', 'Teal', 'Grey', 'Brown', 'Purple', 'Pink', 'Bordeaux']",499.8858850998804,497.30318109993823,501.25375450006686,,,,,,,,,,,,,,,,,,,,,,,,,,,,,,,,,,,,,,,,,,,,,,,,,,001,002,2026-04-14_12h30.02.409,Train3Laptop,,2026.1.1,60.07839032106961,2026-04-14 12h30.04.339305 +0200,
03-1,013_Seafoam.jpg,True,Seafoam,9,100,59,03-1/013_Seafoam_0.png,25,25,0,"['space', 'space', 'space', 'space']","[0.49626149982213974, 7.542842999799177, 7.880428100004792, 8.184121999889612]","[0.14318840019404888, 0.15201590000651777, 0.11608499987050891, 0.15240000002086163]",0,,,0,,,0,,,0,,,1,18.866551799932495,18.866563299903646,0,,,0,,,0,,,0,,,0,,,0,,,0,,,0,,,0,,,5.0,1.1314634999725968,"[(5.0, 1.1314634999725968)]","[0.3466666666666667, 0.04666666666666667]","[-0.015833333333333335, -0.2866666666666667]","[1, 1]","[0, 0]","[0, 0]","[0.8897056002169847, 1.9218260000925511]","[None, 'button2']",1,[1.9268458997830749],[1.9268560998607427],0,,,0,,,0,,,0,,,0,,,0,,,0,,,0,,,0,,,0,,,0,,,0,,,0,,,0,,,1,[0.6805231999605894],[0.6805374999530613],0,,,0,,,0,,,0,,,0,,,0,,,0,,,0,,,0,,,0,,,0,,,0,,,0,,,0,,,None,0,25,25,23,501.25375450006686,,,,,,,,,,,03-1/013_Seafoam_0.png,501.0744336999487,501.07458489993587,03-1/013_Seafoam_0.png,True,Seafoam,9,100,59,"[1.628032200038433, 7.772525999927893, 8.618493899935856, 8.899849599925801, 9.31229060003534, 12.20061369985342]",03-1/013_Seafoam_0.png,26,,501.09106020000763,501.25375450006686,501.25375450006686,501.25375450006686,501.25375450006686,501.25375450006686,501.25375450006686,501.25375450006686,501.25375450006686,501.25375450006686,501.25375450006686,501.25375450006686,501.25375450006686,501.25375450006686,501.25375450006686,501.25375450006686,501.25375450006686,501.25375450006686,501.25375450006686,501.25375450006686,501.25375450006686,501.5527502000332,502.08729409985244,519.9448134000413,Seafoam,2,"['space', 'space', 'space', 'space']","[0.49626149982213974, 7.542842999799177, 7.880428100004792, 8.184121999889612]","[0.14318840019404888, 0.15201590000651777, 0.11608499987050891, 0.15240000002086163]",0,,,0,,,0,,,0,,,1,18.866551799932495,18.866563299903646,0,,,0,,,0,,,0,,,0,,,0,,,0,,,0,,,0,,,Seafoam,522.2256052000448,522.2385992999189,522.5718799000606,520.2993707999121,520.3352572000585,520.3352572000585,0.004225399810820818,520.3352572000585,,521.4854665999301,522.2248343999963,5.0,1.1314634999725968,"[(5.0, 1.1314634999725968)]","[0.3466666666666667, 0.04666666666666667]","[-0.015833333333333335, -0.2866666666666667]","[1, 1]","[0, 0]","[0, 0]","[0.8897056002169847, 1.9218260000925511]","[None, 'button2']",1,[1.9268458997830749],[1.9268560998607427],0,,,0,,,0,,,0,,,0,,,0,,,0,,,0,,,0,,,0,,,0,,,0,,,0,,,0,,,522.602904099971,522.6185367000289,522.6185367000289,522.6185367000289,522.6185367000289,522.6185367000289,522.6185367000289,522.6185367000289,523.2597377998754,1,[0.6805231999605894],[0.6805374999530613],0,,,0,,,0,,,0,,,0,,,0,,,0,,,0,,,0,,,0,,,0,,,0,,,0,,,0,,,None,523.2603947999887,523.2726544998586,523.6211359000299,"['Cyan', 'Bordeaux', 'Grey', 'Teal', 'Bordeaux', 'Green', 'Bordeaux', 'Teal', 'Cyan', 'Cyan', 'Pink', 'Pink', 'Orange', 'Brown', 'Blue', 'Teal', 'Grey', 'Brown', 'Yellow', 'Teal', 'Grey', 'Brown', 'Purple', 'Pink', 'Bordeaux', 'Seafoam']",522.6185367000289,,,,,,,,,,,,520.3352572000585,,,,,,,,,,,,,,,,,,,,,,,,,,,,,,,,,,,,,,,,001,002,2026-04-14_12h30.02.409,Train3Laptop,,2026.1.1,60.07839032106961,2026-04-14 12h30.04.339305 +0200,
03-1,016_Brown.jpg,True,Brown,52,18,0,03-1/016_Brown_0.png,26,26,0,"['space', 'space', 'space']","[1.390104099875316, 3.2621819998603314, 3.869165899930522]","[0.09777880017645657, 0.1433202000334859, 0.10672760009765625]",1,12.77822900004685,12.778245999943465,0,,,0,,,0,,,0,,,0,,,0,,,0,,,0,,,0,,,0,,,0,,,0,,,0,,,5.0,1.0816293999087065,"[(5.0, 1.0816293999087065)]","[0.3675, 0.03666666666666667]","[-0.0125, -0.25916666666666666]","[1, 1]","[0, 0]","[0, 0]","[0.8355944000650197, 1.9019261000212282]","[None, 'button2']",1,[1.9094026000238955],[1.9094117998611182],0,,,0,,,0,,,0,,,0,,,0,,,0,,,0,,,0,,,0,,,0,,,0,,,0,,,0,,,1,[0.5854898998513818],[0.5855026999488473],0,,,0,,,0,,,0,,,0,,,0,,,0,,,0,,,0,,,0,,,0,,,0,,,0,,,0,,,None,0,26,26,25,523.8195573999546,,,,,,,,,,,03-1/016_Brown_0.png,523.6226880999748,523.6228620999027,03-1/016_Brown_0.png,True,Brown,52,18,0,"[2.4174975999630988, 3.251428100047633, 4.294571100035682, 4.91705200006254, 5.956698399968445]",03-1/016_Brown_0.png,27,,523.6398503999226,523.8195573999546,523.8195573999546,523.8195573999546,523.8195573999546,523.8195573999546,523.8195573999546,523.8195573999546,523.8195573999546,523.8195573999546,523.8195573999546,523.8195573999546,523.8195573999546,523.8195573999546,523.8195573999546,523.8195573999546,523.8195573999546,523.8195573999546,523.8195573999546,523.8195573999546,523.8195573999546,523.9858363000676,524.6026864000596,536.4089707999956,Brown,1,"['space', 'space', 'space']","[1.390104099875316, 3.2621819998603314, 3.869165899930522]","[0.09777880017645657, 0.1433202000334859, 0.10672760009765625]",1,12.77822900004685,12.778245999943465,0,,,0,,,0,,,0,,,0,,,0,,,0,,,0,,,0,,,0,,,0,,,0,,,0,,,Brown,538.6718967999332,538.6879976000637,539.0219934000634,536.7662474000826,536.8013786000665,536.8013786000665,0.0067496998235583305,536.8013786000665,,537.9009654000401,538.6712608998641,5.0,1.0816293999087065,"[(5.0, 1.0816293999087065)]","[0.3675, 0.03666666666666667]","[-0.0125, -0.25916666666666666]","[1, 1]","[0, 0]","[0, 0]","[0.8355944000650197, 1.9019261000212282]","[None, 'button2']",1,[1.9094026000238955],[1.9094117998611182],0,,,0,,,0,,,0,,,0,,,0,,,0,,,0,,,0,,,0,,,0,,,0,,,0,,,0,,,539.0593065998983,539.0845758998767,539.0845758998767,539.0845758998767,539.0845758998767,539.0845758998767,539.0845758998767,539.0845758998767,539.6111665000208,1,[0.5854898998513818],[0.5855026999488473],0,,,0,,,0,,,0,,,0,,,0,,,0,,,0,,,0,,,0,,,0,,,0,,,0,,,0,,,None,539.6118419000413,539.6205196999945,539.9542998999823,"['Cyan', 'Bordeaux', 'Grey', 'Teal', 'Bordeaux', 'Green', 'Bordeaux', 'Teal', 'Cyan', 'Cyan', 'Pink', 'Pink', 'Orange', 'Brown', 'Blue', 'Teal', 'Grey', 'Brown', 'Yellow', 'Teal', 'Grey', 'Brown', 'Purple', 'Pink', 'Bordeaux', 'Seafoam', 'Brown']",539.0845758998767,,540.1354523999617,,,,,,536.8013786000665,,,,,,,,,,,,,,,,,,,,,,,,,,,,,,,,,,,,,,,,,,,,001,002,2026-04-14_12h30.02.409,Train3Laptop,,2026.1.1,60.07839032106961,2026-04-14 12h30.04.339305 +0200,
02-1,030_Seafoam.jpg,True,Seafoam,0,99,67,02-1/030_Seafoam_0.png,27,27,0,"['space', 'space', 'space', 'space', 'space', 'space', 'space', 'space', 'space']","[1.7991975999902934, 2.841604100074619, 6.293880600016564, 6.629217700101435, 6.96289260010235, 15.082336500054225, 15.621241900138557, 16.174212099984288, 16.931839199969545]","[0.1156613000202924, 0.11590379988774657, 0.15208530006930232, 0.15204369998537004, 0.13415239984169602, 0.1521735000424087, 0.13380769989453256, 0.14321610005572438, 0.1340571001637727]",0,,,0,,,1,22.609678599983454,22.609693199861795,0,,,0,,,0,,,0,,,0,,,0,,,0,,,0,,,0,,,0,,,0,,,5.0,1.5501949999015778,"[(5.0, 1.5501949999015778)]","[0.36916666666666664, 0.041666666666666664]","[0.0008333333333333334, -0.26166666666666666]","[1, 1]","[0, 0]","[0, 0]","[1.3362322000321, 2.3069283000659198]","[None, 'button2']",1,[2.3188596998807043],[2.3188702997285873],0,,,0,,,0,,,0,,,0,,,0,,,0,,,0,,,0,,,0,,,0,,,0,,,0,,,0,,,1,[12.880497500067577],[12.88051089993678],0,,,0,,,0,,,0,,,1,[10.826122500002384],[10.826136100105941],0,,,0,,,0,,,0,,,0,,,0,,,0,,,0,,,0,,,None,0,27,27,12,540.1354523999617,,,,,,,,,,,02-1/030_Seafoam_0.png,539.9558796999045,539.9560276998673,02-1/030_Seafoam_0.png,True,Seafoam,0,99,67,"[2.8722842999268323, 3.9453261999879032, 7.375288999872282, 7.6733654998242855, 8.06902449997142, 10.09845759999007, 16.20755649986677, 16.656996799865738, 17.2200497998856, 17.95987999998033]",02-1/030_Seafoam_0.png,28,,539.974339599954,540.1354523999617,540.1354523999617,540.1354523999617,540.1354523999617,540.1354523999617,540.1354523999617,540.1354523999617,540.1354523999617,540.1354523999617,540.1354523999617,540.1354523999617,540.1354523999617,540.1354523999617,540.1354523999617,540.1354523999617,540.1354523999617,540.1354523999617,540.1354523999617,540.1354523999617,540.1354523999617,540.4021868999116,540.9523495999165,562.5697043000255,Seafoam,2,"['space', 'space', 'space', 'space', 'space', 'space', 'space', 'space', 'space']","[1.7991975999902934, 2.841604100074619, 6.293880600016564, 6.629217700101435, 6.96289260010235, 15.082336500054225, 15.621241900138557, 16.174212099984288, 16.931839199969545]","[0.1156613000202924, 0.11590379988774657, 0.15208530006930232, 0.15204369998537004, 0.13415239984169602, 0.1521735000424087, 0.13380769989453256, 0.14321610005572438, 0.1340571001637727]",0,,,0,,,1,22.609678599983454,22.609693199861795,0,,,0,,,0,,,0,,,0,,,0,,,0,,,0,,,0,,,0,,,0,,,Bordeaux,565.2423489999492,565.2538163000718,565.5873680999503,562.9312624998856,562.9668761999346,562.9668761999346,0.011126999743282795,562.9668761999346,,564.533444599947,565.2415636000223,5.0,1.5501949999015778,"[(5.0, 1.5501949999015778)]","[0.36916666666666664, 0.041666666666666664]","[0.0008333333333333334, -0.26166666666666666]","[1, 1]","[0, 0]","[0, 0]","[1.3362322000321, 2.3069283000659198]","[None, 'button2']",1,[2.3188596998807043],[2.3188702997285873],0,,,0,,,0,,,0,,,0,,,0,,,0,,,0,,,0,,,0,,,0,,,0,,,0,,,0,,,565.6177266000304,576.4694930000696,576.4694930000696,565.6838731998578,565.6838731998578,565.6838731998578,565.6838731998578,565.6838731998578,578.4746149999555,1,[12.880497500067577],[12.88051089993678],0,,,0,,,0,,,0,,,1,[10.826122500002384],[10.826136100105941],0,,,0,,,0,,,0,,,0,,,0,,,0,,,0,,,0,,,None,578.4752527999226,578.4855309000704,578.8189796998631,"['Cyan', 'Bordeaux', 'Grey', 'Teal', 'Bordeaux', 'Green', 'Bordeaux', 'Teal', 'Cyan', 'Cyan', 'Pink', 'Pink', 'Orange', 'Brown', 'Blue', 'Teal', 'Grey', 'Brown', 'Yellow', 'Teal', 'Grey', 'Brown', 'Purple', 'Pink', 'Bordeaux', 'Seafoam', 'Brown', 'Bordeaux', 'Seafoam']",565.6838731998578,562.9668761999346,579.0182799000759,,,,,,,,,,,565.6838731998578,565.6838731998578,565.6838731998578,565.6838731998578,565.6838731998578,565.6838731998578,565.6838731998578,565.6838731998578,565.6838731998578,565.6838731998578,565.6838731998578,565.6838731998578,565.6838731998578,565.6838731998578,565.6838731998578,565.6838731998578,576.4501370000653,576.4501370000653,576.4501370000653,576.4501370000653,576.4501370000653,576.4501370000653,576.4501370000653,576.4501370000653,576.4501370000653,576.4501370000653,576.4694930000696,576.4694930000696,576.4694930000696,576.4694930000696,576.4694930000696,576.4694930000696,,,,,,,,001,002,2026-04-14_12h30.02.409,Train3Laptop,,2026.1.1,60.07839032106961,2026-04-14 12h30.04.339305 +0200,
03-1,031_Grey.jpg,True,Grey,45,49,57,03-1/031_Grey_0.png,28,28,0,"['space', 'space']","[6.4983888999558985, 7.66259490000084]","[0.17133560008369386, 0.1430315999314189]",0,,,0,,,0,,,1,11.485176099929959,11.485187799902633,0,,,0,,,0,,,0,,,0,,,0,,,0,,,0,,,0,,,0,,,5.0,1.5637514998670667,"[(5.0, 1.5637514998670667)]","[0.36833333333333335, 0.043333333333333335]","[0.0016666666666666668, -0.29]","[1, 1]","[0, 0]","[0, 0]","[1.323429999873042, 3.103298199828714]","[None, 'button2']",1,[3.1066807999741286],[3.1066906999330968],0,,,0,,,0,,,0,,,0,,,0,,,0,,,0,,,0,,,0,,,0,,,0,,,0,,,0,,,1,[1.200500400038436],[1.2005159999243915],0,,,0,,,0,,,0,,,0,,,0,,,0,,,0,,,0,,,0,,,0,,,0,,,0,,,0,,,None,0,28,28,34,579.0182799000759,,,,,,,,,,,03-1/031_Grey_0.png,578.8205808999483,578.8207276999019,03-1/031_Grey_0.png,True,Grey,45,49,57,"[7.5623234999366105, 8.633560199989006]",03-1/031_Grey_0.png,29,,578.8368510999717,579.0182799000759,579.0182799000759,579.0182799000759,579.0182799000759,579.0182799000759,579.0182799000759,579.0182799000759,579.0182799000759,579.0182799000759,579.0182799000759,579.0182799000759,579.0182799000759,579.0182799000759,579.0182799000759,579.0182799000759,579.0182799000759,579.0182799000759,579.0182799000759,579.0182799000759,579.0182799000759,579.1670800000429,579.7677080999129,590.3097252999432,Grey,2,"['space', 'space']","[6.4983888999558985, 7.66259490000084]","[0.17133560008369386, 0.1430315999314189]",0,,,0,,,0,,,1,11.485176099929959,11.485187799902633,0,,,0,,,0,,,0,,,0,,,0,,,0,,,0,,,0,,,0,,,Grey,593.770200900035,593.7857180999126,594.119204999879,590.6626416000072,590.6990300999023,590.6990300999023,0.0026030000299215317,590.6990300999023,,592.2826205000747,593.7694504000247,5.0,1.5637514998670667,"[(5.0, 1.5637514998670667)]","[0.36833333333333335, 0.043333333333333335]","[0.0016666666666666668, -0.29]","[1, 1]","[0, 0]","[0, 0]","[1.323429999873042, 3.103298199828714]","[None, 'button2']",1,[3.1066807999741286],[3.1066906999330968],0,,,0,,,0,,,0,,,0,,,0,,,0,,,0,,,0,,,0,,,0,,,0,,,0,,,0,,,594.1475615000818,594.1659538000822,594.1659538000822,594.1659538000822,594.1659538000822,594.1659538000822,594.1659538000822,594.1659538000822,595.3245452998672,1,[1.200500400038436],[1.2005159999243915],0,,,0,,,0,,,0,,,0,,,0,,,0,,,0,,,0,,,0,,,0,,,0,,,0,,,0,,,None,595.3252761000767,595.3351771000307,595.6687252998818,"['Cyan', 'Bordeaux', 'Grey', 'Teal', 'Bordeaux', 'Green', 'Bordeaux', 'Teal', 'Cyan', 'Cyan', 'Pink', 'Pink', 'Orange', 'Brown', 'Blue', 'Teal', 'Grey', 'Brown', 'Yellow', 'Teal', 'Grey', 'Brown', 'Purple', 'Pink', 'Bordeaux', 'Seafoam', 'Brown', 'Bordeaux', 'Seafoam', 'Grey']",594.1659538000822,,595.8502927999943,590.6990300999023,,,,,,,,,,,,,,,,,,,,,,,,,,,,,,,,,,,,,,,,,,,,,,,,,001,002,2026-04-14_12h30.02.409,Train3Laptop,,2026.1.1,60.07839032106961,2026-04-14 12h30.04.339305 +0200,
03-1,032_Bordeaux.jpg,True,Bordeaux,50,0,18,03-1/032_Bordeaux_0.png,29,29,0,"['space', 'space']","[7.397003300022334, 8.078129000030458]","[0.1883761000353843, 0.17048470000736415]",0,,,0,,,1,22.0509832999669,22.05099490005523,0,,,0,,,0,,,0,,,0,,,0,,,0,,,0,,,0,,,0,,,0,,,5.0,1.415945200016722,"[(5.0, 1.415945200016722)]","[0.3458333333333333, 0.03916666666666667]","[0.009166666666666667, -0.28833333333333333]","[1, 1]","[0, 0]","[0, 0]","[1.2037961999885738, 3.9389659001026303]","[None, 'button2']",1,[3.9421918999869376],[3.9422032998409122],0,,,0,,,0,,,0,,,0,,,0,,,0,,,0,,,0,,,0,,,0,,,0,,,0,,,0,,,1,[0.5986762999091297],[0.5986897998955101],0,,,0,,,0,,,0,,,0,,,0,,,0,,,0,,,0,,,0,,,0,,,0,,,0,,,0,,,None,0,29,29,35,595.8502927999943,,,,,,,,,,,03-1/032_Bordeaux_0.png,595.6704815998673,595.6706276999321,03-1/032_Bordeaux_0.png,True,Bordeaux,50,0,18,"[8.345996299991384, 9.167541699949652]",03-1/032_Bordeaux_0.png,30,,595.6873620999977,595.8502927999943,595.8502927999943,595.8502927999943,595.8502927999943,595.8502927999943,595.8502927999943,595.8502927999943,595.8502927999943,595.8502927999943,595.8502927999943,595.8502927999943,595.8502927999943,595.8502927999943,595.8502927999943,595.8502927999943,595.8502927999943,595.8502927999943,595.8502927999943,595.8502927999943,595.8502927999943,596.1495604999363,596.616950100055,617.7256946999114,Bordeaux,2,"['space', 'space']","[7.397003300022334, 8.078129000030458]","[0.1883761000353843, 0.17048470000736415]",0,,,0,,,1,22.0509832999669,22.05099490005523,0,,,0,,,0,,,0,,,0,,,0,,,0,,,0,,,0,,,0,,,0,,,Bordeaux,622.0216137999669,622.035239999881,622.3686164000537,618.0783524999861,618.1147193999495,618.1147193999495,0.00232920004054904,618.1147193999495,,619.5486005998682,622.0208767000586,5.0,1.415945200016722,"[(5.0, 1.415945200016722)]","[0.3458333333333333, 0.03916666666666667]","[0.009166666666666667, -0.28833333333333333]","[1, 1]","[0, 0]","[0, 0]","[1.2037961999885738, 3.9389659001026303]","[None, 'button2']",1,[3.9421918999869376],[3.9422032998409122],0,,,0,,,0,,,0,,,0,,,0,,,0,,,0,,,0,,,0,,,0,,,0,,,0,,,0,,,622.3954195000697,622.415182699915,622.415182699915,622.415182699915,622.415182699915,622.415182699915,622.415182699915,622.415182699915,622.9739836000372,1,[0.5986762999091297],[0.5986897998955101],0,,,0,,,0,,,0,,,0,,,0,,,0,,,0,,,0,,,0,,,0,,,0,,,0,,,0,,,None,622.9746630999725,622.9840404000133,623.317919800058,"['Cyan', 'Bordeaux', 'Grey', 'Teal', 'Bordeaux', 'Green', 'Bordeaux', 'Teal', 'Cyan', 'Cyan', 'Pink', 'Pink', 'Orange', 'Brown', 'Blue', 'Teal', 'Grey', 'Brown', 'Yellow', 'Teal', 'Grey', 'Brown', 'Purple', 'Pink', 'Bordeaux', 'Seafoam', 'Brown', 'Bordeaux', 'Seafoam', 'Grey', 'Bordeaux']",622.415182699915,618.1147193999495,623.4829985999968,,,,,,,,,,,,,,,,,,,,,,,,,,,,,,,,,,,,,,,,,,,,,,,,,,001,002,2026-04-14_12h30.02.409,Train3Laptop,,2026.1.1,60.07839032106961,2026-04-14 12h30.04.339305 +0200,
03-1,013_Orange.jpg,True,Orange,100,65,4,03-1/013_Orange_0.png,30,30,0,"['space', 'space', 'space', 'space', 'space']","[2.218123300001025, 3.3418314999435097, 10.759561899816617, 11.1637767998036, 11.566944599850103]","[0.13403949979692698, 0.16152539988979697, 0.1250205000396818, 0.14334820001386106, 0.10687709995545447]",0,,,0,,,0,,,0,,,0,,,0,,,0,,,1,15.432516500120983,15.432532800128683,0,,,0,,,0,,,0,,,0,,,0,,,5.0,1.349352499935776,"[(5.0, 1.349352499935776)]","[0.3625, 0.03666666666666667]","[0.0225, -0.315]","[1, 1]","[0, 0]","[0, 0]","[1.1082954001612961, 2.2865283000282943]","[None, 'button2']",1,[2.2930272999219596],[2.2930358999874443],0,,,0,,,0,,,0,,,0,,,0,,,0,,,0,,,0,,,0,,,0,,,0,,,0,,,0,,,1,[0.7349588999059051],[0.7349694999866188],0,,,0,,,0,,,0,,,0,,,0,,,0,,,0,,,0,,,0,,,0,,,0,,,0,,,0,,,None,0,30,30,22,623.4829985999968,,,,,,,,,,,03-1/013_Orange_0.png,623.3192137998994,623.3193727000616,03-1/013_Orange_0.png,True,Orange,100,65,4,"[3.2148735001683235, 4.435990300029516, 11.829699299996719, 12.257156200008467, 12.53355190018192]",03-1/013_Orange_0.png,31,,623.3333751000464,623.4829985999968,623.4829985999968,623.4829985999968,623.4829985999968,623.4829985999968,623.4829985999968,623.4829985999968,623.4829985999968,623.4829985999968,623.4829985999968,623.4829985999968,623.4829985999968,623.4829985999968,623.4829985999968,623.4829985999968,623.4829985999968,623.4829985999968,623.4829985999968,623.4829985999968,623.4829985999968,623.7494584999513,624.2822223000694,638.7549449000508,Orange,1,"['space', 'space', 'space', 'space', 'space']","[2.218123300001025, 3.3418314999435097, 10.759561899816617, 11.1637767998036, 11.566944599850103]","[0.13403949979692698, 0.16152539988979697, 0.1250205000396818, 0.14334820001386106, 0.10687709995545447]",0,,,0,,,0,,,0,,,0,,,0,,,0,,,1,15.432516500120983,15.432532800128683,0,,,0,,,0,,,0,,,0,,,0,,,Orange,641.4016565000638,641.4168650000356,641.7511427998543,639.1110177000519,639.1478426998947,639.1478426998947,0.005712199956178665,639.1478426998947,,640.5140344998799,641.4009930999018,5.0,1.349352499935776,"[(5.0, 1.349352499935776)]","[0.3625, 0.03666666666666667]","[0.0225, -0.315]","[1, 1]","[0, 0]","[0, 0]","[1.1082954001612961, 2.2865283000282943]","[None, 'button2']",1,[2.2930272999219596],[2.2930358999874443],0,,,0,,,0,,,0,,,0,,,0,,,0,,,0,,,0,,,0,,,0,,,0,,,0,,,0,,,641.7814372000284,641.7975445999764,641.7975445999764,641.7975445999764,641.7975445999764,641.7975445999764,641.7975445999764,641.7975445999764,642.4898446998559,1,[0.7349588999059051],[0.7349694999866188],0,,,0,,,0,,,0,,,0,,,0,,,0,,,0,,,0,,,0,,,0,,,0,,,0,,,0,,,None,642.4904334999155,642.4998830000404,642.8335728999227,"['Cyan', 'Bordeaux', 'Grey', 'Teal', 'Bordeaux', 'Green', 'Bordeaux', 'Teal', 'Cyan', 'Cyan', 'Pink', 'Pink', 'Orange', 'Brown', 'Blue', 'Teal', 'Grey', 'Brown', 'Yellow', 'Teal', 'Grey', 'Brown', 'Purple', 'Pink', 'Bordeaux', 'Seafoam', 'Brown', 'Bordeaux', 'Seafoam', 'Grey', 'Bordeaux', 'Orange']",641.7975445999764,,643.015226499876,,,,,639.1478426998947,,,,,,,,,,,,,,,,,,,,,,,,,,,,,,,,,,,,,,,,,,,,,001,002,2026-04-14_12h30.02.409,Train3Laptop,,2026.1.1,60.07839032106961,2026-04-14 12h30.04.339305 +0200,
02-1,011_Orange.jpg,True,Orange,99,48,0,02-1/011_Orange_0.png,31,31,0,['space'],[25.37043399992399],[0.12496639997698367],0,,,0,,,0,,,0,,,0,,,0,,,0,,,1,29.733599700033665,29.733612100128084,0,,,0,,,0,,,0,,,0,,,0,,,5.0,1.5165852999780327,"[(5.0, 1.5165852999780327)]","[0.3725, 0.035]","[0.009166666666666667, -0.2841666666666667]","[1, 1]","[0, 0]","[0, 0]","[1.270168999908492, 2.605881799943745]","[None, 'button2']",1,[2.610512999817729],[2.6105203998740762],0,,,0,,,0,,,0,,,0,,,0,,,0,,,0,,,0,,,0,,,0,,,0,,,0,,,0,,,1,[0.9649028996936977],[0.9649152997881174],0,,,0,,,0,,,0,,,0,,,0,,,0,,,0,,,0,,,0,,,0,,,0,,,0,,,0,,,None,0,31,31,9,643.015226499876,,,,,,,,,,,02-1/011_Orange_0.png,642.8351060999557,642.8352580000646,02-1/011_Orange_0.png,True,Orange,99,48,0,"[25.072790200123563, 26.514175300020725]",02-1/011_Orange_0.png,32,,642.8506310998928,643.015226499876,643.015226499876,643.015226499876,643.015226499876,643.015226499876,643.015226499876,643.015226499876,643.015226499876,643.015226499876,643.015226499876,643.015226499876,643.015226499876,643.015226499876,643.015226499876,643.015226499876,643.015226499876,643.015226499876,643.015226499876,643.015226499876,643.015226499876,643.3143179998733,643.8648544999305,672.5721038999036,Orange,2,['space'],[25.37043399992399],[0.12496639997698367],0,,,0,,,0,,,0,,,0,,,0,,,0,,,1,29.733599700033665,29.733612100128084,0,,,0,,,0,,,0,,,0,,,0,,,Orange,675.5365267000161,675.5502768000588,675.8836081000045,672.9262629000004,672.9632317998912,672.9632317998912,0.003835099982097745,672.9632317998912,,674.4962055999786,675.5357412998565,5.0,1.5165852999780327,"[(5.0, 1.5165852999780327)]","[0.3725, 0.035]","[0.009166666666666667, -0.2841666666666667]","[1, 1]","[0, 0]","[0, 0]","[1.270168999908492, 2.605881799943745]","[None, 'button2']",1,[2.610512999817729],[2.6105203998740762],0,,,0,,,0,,,0,,,0,,,0,,,0,,,0,,,0,,,0,,,0,,,0,,,0,,,0,,,675.8973159999587,675.9131940999068,675.9131940999068,675.9131940999068,675.9131940999068,675.9131940999068,675.9131940999068,675.9131940999068,676.8549251998775,1,[0.9649028996936977],[0.9649152997881174],0,,,0,,,0,,,0,,,0,,,0,,,0,,,0,,,0,,,0,,,0,,,0,,,0,,,0,,,None,676.8556335000321,676.8654597999994,677.1984788000118,"['Cyan', 'Bordeaux', 'Grey', 'Teal', 'Bordeaux', 'Green', 'Bordeaux', 'Teal', 'Cyan', 'Cyan', 'Pink', 'Pink', 'Orange', 'Brown', 'Blue', 'Teal', 'Grey', 'Brown', 'Yellow', 'Teal', 'Grey', 'Brown', 'Purple', 'Pink', 'Bordeaux', 'Seafoam', 'Brown', 'Bordeaux', 'Seafoam', 'Grey', 'Bordeaux', 'Orange', 'Orange']",675.9131940999068,,677.3644769999664,,,,,672.9632317998912,,,,,,,,,,,,,,,,,,,,,,,,,,,,,,,,,,,,,,,,,,,,,001,002,2026-04-14_12h30.02.409,Train3Laptop,,2026.1.1,60.07839032106961,2026-04-14 12h30.04.339305 +0200,
03-1,013_Teal.jpg,True,Teal,0,48,60,03-1/013_Teal_0.png,32,32,0,"['space', 'space', 'space', 'space', 'space']","[1.0588135998696089, 2.0404316000640392, 9.202610899927095, 9.492422899929807, 10.060365800047293]","[0.16109660011716187, 0.10671059996820986, 0.10701950010843575, 0.08870119997300208, 0.09774679993279278]",0,,,1,25.13484389986843,25.134855899959803,0,,,0,,,0,,,0,,,0,,,0,,,0,,,0,,,0,,,0,,,0,,,0,,,4.0,1.883248700061813,"[(4.0, 1.883248700061813)]","[0.18083333333333335, 0.03833333333333333]","[-0.016666666666666666, -0.30583333333333335]","[1, 1]","[0, 0]","[0, 0]","[1.670092600164935, 2.8187757001724094]","[None, 'button2']",1,[2.823058999842033],[2.8230713999364525],0,,,0,,,0,,,0,,,0,,,0,,,0,,,0,,,0,,,0,,,0,,,0,,,0,,,0,,,1,[2.900395599892363],[2.9004084998741746],0,,,0,,,0,,,0,,,0,,,0,,,0,,,0,,,0,,,0,,,0,,,0,,,0,,,0,,,None,0,32,32,24,677.3644769999664,,,,,,,,,,,03-1/013_Teal_0.png,677.1997124999762,677.1998584999237,03-1/013_Teal_0.png,True,Teal,0,48,60,"[2.1327726000454277, 3.022809699876234, 9.935022699879482, 10.219532399903983, 10.505380999995396, 11.054955899948254]",03-1/013_Teal_0.png,33,,677.2096488000825,677.3644769999664,677.3644769999664,677.3644769999664,677.3644769999664,677.3644769999664,677.3644769999664,677.3644769999664,677.3644769999664,677.3644769999664,677.3644769999664,677.3644769999664,677.3644769999664,677.3644769999664,677.3644769999664,677.3644769999664,677.3644769999664,677.3644769999664,677.3644769999664,677.3644769999664,677.3644769999664,677.6473397999071,678.180605799891,702.3387915000785,Teal,2,"['space', 'space', 'space', 'space', 'space']","[1.0588135998696089, 2.0404316000640392, 9.202610899927095, 9.492422899929807, 10.060365800047293]","[0.16109660011716187, 0.10671059996820986, 0.10701950010843575, 0.08870119997300208, 0.09774679993279278]",0,,,1,25.13484389986843,25.134855899959803,0,,,0,,,0,,,0,,,0,,,0,,,0,,,0,,,0,,,0,,,0,,,0,,,Teal,705.5155406999402,705.5310517000034,705.8645923000295,702.6926458000671,702.7281440000515,702.7281440000515,0.003473999910056591,702.7281440000515,,704.6283933999948,705.514882999938,4.0,1.883248700061813,"[(4.0, 1.883248700061813)]","[0.18083333333333335, 0.03833333333333333]","[-0.016666666666666666, -0.30583333333333335]","[1, 1]","[0, 0]","[0, 0]","[1.670092600164935, 2.8187757001724094]","[None, 'button2']",1,[2.823058999842033],[2.8230713999364525],0,,,0,,,0,,,0,,,0,,,0,,,0,,,0,,,0,,,0,,,0,,,0,,,0,,,0,,,707.7341092000715,707.7455766999628,707.7455766999628,707.7455766999628,707.7455766999628,707.7455766999628,707.7455766999628,707.7455766999628,708.7690997000318,1,[2.900395599892363],[2.9004084998741746],0,,,0,,,0,,,0,,,0,,,0,,,0,,,0,,,0,,,0,,,0,,,0,,,0,,,0,,,None,708.7696479000151,708.7819171999581,709.1150598998647,"['Cyan', 'Bordeaux', 'Grey', 'Teal', 'Bordeaux', 'Green', 'Bordeaux', 'Teal', 'Cyan', 'Cyan', 'Pink', 'Pink', 'Orange', 'Brown', 'Blue', 'Teal', 'Grey', 'Brown', 'Yellow', 'Teal', 'Grey', 'Brown', 'Purple', 'Pink', 'Bordeaux', 'Seafoam', 'Brown', 'Bordeaux', 'Seafoam', 'Grey', 'Bordeaux', 'Orange', 'Orange', 'Teal']",707.7455766999628,,709.2960419000592,,702.7281440000515,,,,,,,,,,,,,,,,,,,,,,,,,,,,,,,,,,,,,,,,,,,,,,,,001,002,2026-04-14_12h30.02.409,Train3Laptop,,2026.1.1,60.07839032106961,2026-04-14 12h30.04.339305 +0200,
01-1,010_Red.jpg,True,Red,99,0,12,01-1/010_Red_0.png,33,33,0,"['space', 'space', 'space', 'space']","[1.453997200122103, 2.1531209000386298, 4.915751200169325, 5.347006200114265]","[0.14311220007948577, 0.10696310014463961, 0.16100639989599586, 0.10693329991772771]",0,,,0,,,0,,,0,,,0,,,0,,,0,,,0,,,0,,,0,,,0,,,0,,,1,[14.890614200150594],[14.89063289994374],0,,,4.0,2.246314899995923,"[(4.0, 2.246314899995923)]","[0.17416666666666666, -0.006666666666666667]","[-0.0075, -0.32416666666666666]","[1, 1]","[0, 0]","[0, 0]","[2.019485400058329, 3.0200302000157535]","[None, 'button2']",1,[3.042659099912271],[3.0426702997647226],0,,,0,,,0,,,0,,,0,,,0,,,0,,,0,,,0,,,0,,,0,,,0,,,0,,,0,,,1,[0.8116633999161422],[0.8116821998264641],0,,,0,,,0,,,0,,,0,,,0,,,0,,,0,,,0,,,0,,,0,,,0,,,0,,,0,,,None,0,33,33,2,709.2960419000592,,,,,,,,,,,01-1/010_Red_0.png,709.1165175999049,709.1166602000594,01-1/010_Red_0.png,True,Red,99,0,12,"[2.52038270002231, 3.255943499971181, 5.962819000007585, 6.422953899949789]",01-1/010_Red_0.png,34,,709.1328191000503,709.2960419000592,709.2960419000592,709.2960419000592,709.2960419000592,709.2960419000592,709.2960419000592,709.2960419000592,709.2960419000592,709.2960419000592,709.2960419000592,709.2960419000592,709.2960419000592,709.2960419000592,709.2960419000592,709.2960419000592,709.2960419000592,709.2960419000592,709.2960419000592,709.2960419000592,709.2960419000592,709.5781932000536,710.145964999916,724.0105099000502,Red,0,"['space', 'space', 'space', 'space']","[1.453997200122103, 2.1531209000386298, 4.915751200169325, 5.347006200114265]","[0.14311220007948577, 0.10696310014463961, 0.16100639989599586, 0.10693329991772771]",0,,,0,,,0,,,0,,,0,,,0,,,0,,,0,,,0,,,0,,,0,,,0,,,1,[14.890614200150594],[14.89063289994374],0,,,Red,727.40772249992,727.432100799866,727.7706567998976,724.3826999000739,724.4332639998756,724.4332639998756,0.02172869979403913,724.4332639998756,,726.6825480000116,727.4067887000274,4.0,2.246314899995923,"[(4.0, 2.246314899995923)]","[0.17416666666666666, -0.006666666666666667]","[-0.0075, -0.32416666666666666]","[1, 1]","[0, 0]","[0, 0]","[2.019485400058329, 3.0200302000157535]","[None, 'button2']",1,[3.042659099912271],[3.0426702997647226],0,,,0,,,0,,,0,,,0,,,0,,,0,,,0,,,0,,,0,,,0,,,0,,,0,,,0,,,727.8014366999269,727.8322910999414,727.8322910999414,727.8322910999414,727.8322910999414,727.8322910999414,727.8322910999414,727.8322910999414,728.57308500004,1,[0.8116633999161422],[0.8116821998264641],0,,,0,,,0,,,0,,,0,,,0,,,0,,,0,,,0,,,0,,,0,,,0,,,0,,,0,,,None,728.5736690000631,728.5973477999214,728.934726400068,"['Cyan', 'Bordeaux', 'Grey', 'Teal', 'Bordeaux', 'Green', 'Bordeaux', 'Teal', 'Cyan', 'Cyan', 'Pink', 'Pink', 'Orange', 'Brown', 'Blue', 'Teal', 'Grey', 'Brown', 'Yellow', 'Teal', 'Grey', 'Brown', 'Purple', 'Pink', 'Bordeaux', 'Seafoam', 'Brown', 'Bordeaux', 'Seafoam', 'Grey', 'Bordeaux', 'Orange', 'Orange', 'Teal', 'Red']",,,,,,,,,,,,,,,,,,,,,,,,,,,,,,,,,,,,,,,,,,,,,,724.4332639998756,,,,,,,001,002,2026-04-14_12h30.02.409,Train3Laptop,,2026.1.1,60.07839032106961,2026-04-14 12h30.04.339305 +0200,
03-1,020_Grey.jpg,True,Grey,47,44,45,03-1/020_Grey_0.png,34,34,0,['space'],[0.5203349001239985],[0.09808410005643964],0,,,0,,,0,,,1,6.880280100042,6.88029389991425,0,,,0,,,0,,,0,,,0,,,0,,,0,,,0,,,0,,,0,,,5.0,1.346313700079918,"[(5.0, 1.346313700079918)]","[0.35, -0.009166666666666667]","[-0.009166666666666667, -0.26416666666666666]","[1, 1]","[0, 0]","[0, 0]","[1.1168339001014829, 2.3191418000496924]","[None, 'button2']",1,[2.3289020997472107],[2.3289186998736113],0,,,0,,,0,,,0,,,0,,,0,,,0,,,0,,,0,,,0,,,0,,,0,,,0,,,0,,,1,[0.6152556999586523],[0.6152694998309016],0,,,0,,,0,,,0,,,0,,,0,,,0,,,0,,,0,,,0,,,0,,,0,,,0,,,0,,,None,0,34,34,28,729.1178788999096,,,,,,,,,,,03-1/020_Grey_0.png,728.9362029000185,728.9363945000805,03-1/020_Grey_0.png,True,Grey,47,44,45,"[1.5441076999995857, 2.575927299913019]",03-1/020_Grey_0.png,35,,728.9539538000245,729.1178788999096,729.1178788999096,729.1178788999096,729.1178788999096,729.1178788999096,729.1178788999096,729.1178788999096,729.1178788999096,729.1178788999096,729.1178788999096,729.1178788999096,729.1178788999096,729.1178788999096,729.1178788999096,729.1178788999096,729.1178788999096,729.1178788999096,729.1178788999096,729.1178788999096,729.1178788999096,729.3996288999915,729.9510154000018,735.8212776000146,Grey,2,['space'],[0.5203349001239985],[0.09808410005643964],0,,,0,,,0,,,1,6.880280100042,6.88029389991425,0,,,0,,,0,,,0,,,0,,,0,,,0,,,0,,,0,,,0,,,Grey,738.5044112999458,738.519049399998,738.8524956000037,736.180260400055,736.2154576000758,736.2154576000758,0.008600899949669838,736.2154576000758,,737.5801140998956,738.5037771998905,5.0,1.346313700079918,"[(5.0, 1.346313700079918)]","[0.35, -0.009166666666666667]","[-0.009166666666666667, -0.26416666666666666]","[1, 1]","[0, 0]","[0, 0]","[1.1168339001014829, 2.3191418000496924]","[None, 'button2']",1,[2.3289020997472107],[2.3289186998736113],0,,,0,,,0,,,0,,,0,,,0,,,0,,,0,,,0,,,0,,,0,,,0,,,0,,,0,,,738.8791388999671,738.8968301999848,738.8968301999848,738.8968301999848,738.8968301999848,738.8968301999848,738.8968301999848,738.8968301999848,739.4733903000597,1,[0.6152556999586523],[0.6152694998309016],0,,,0,,,0,,,0,,,0,,,0,,,0,,,0,,,0,,,0,,,0,,,0,,,0,,,0,,,None,739.4742049998604,739.4958335000556,739.8335702000186,"['Cyan', 'Bordeaux', 'Grey', 'Teal', 'Bordeaux', 'Green', 'Bordeaux', 'Teal', 'Cyan', 'Cyan', 'Pink', 'Pink', 'Orange', 'Brown', 'Blue', 'Teal', 'Grey', 'Brown', 'Yellow', 'Teal', 'Grey', 'Brown', 'Purple', 'Pink', 'Bordeaux', 'Seafoam', 'Brown', 'Bordeaux', 'Seafoam', 'Grey', 'Bordeaux', 'Orange', 'Orange', 'Teal', 'Red', 'Grey']",738.8968301999848,,,736.2154576000758,,,,,,,,,,,,,,,,,,,,,,,,,,,,,,,,,,,,,,,,,,,,,,,,,001,002,2026-04-14_12h30.02.409,Train3Laptop,,2026.1.1,60.07839032106961,2026-04-14 12h30.04.339305 +0200,
01-1,008_Purple.jpg,True,Purple,52,0,99,01-1/008_Purple_0.png,35,35,0,"['space', 'space']","[1.3397204000502825, 2.0533626000396907]","[0.15204429998993874, 0.13382390001788735]",0,,,0,,,0,,,0,,,0,,,0,,,0,,,0,,,0,,,0,,,1,[9.300960399908945],[9.300973400007933],0,,,0,,,0,,,5.0,1.164032599888742,"[(5.0, 1.164032599888742)]","[0.3591666666666667, 0.04]","[-0.009166666666666667, -0.265]","[1, 1]","[0, 0]","[0, 0]","[0.9388889002148062, 2.0859742001630366]","[None, 'button2']",1,[2.1043883997481316],[2.104397099930793],0,,,0,,,0,,,0,,,0,,,0,,,0,,,0,,,0,,,0,,,0,,,0,,,0,,,0,,,1,[0.7191168998833746],[0.7191295998636633],0,,,0,,,0,,,0,,,0,,,0,,,0,,,0,,,0,,,0,,,0,,,0,,,0,,,0,,,None,0,35,35,1,740.0647263999563,,,,,,,,,,,01-1/008_Purple_0.png,739.8350436000619,739.835224499926,01-1/008_Purple_0.png,True,Purple,52,0,99,"[2.4496215998660773, 3.0372876999899745]",01-1/008_Purple_0.png,36,,739.8504242999479,740.0647263999563,740.0647263999563,740.0647263999563,740.0647263999563,740.0647263999563,740.0647263999563,740.0647263999563,740.0647263999563,740.0647263999563,740.0647263999563,740.0647263999563,740.0647263999563,740.0647263999563,740.0647263999563,740.0647263999563,740.0647263999563,740.0647263999563,740.0647263999563,740.0647263999563,740.0647263999563,740.2131145999301,740.8146915000398,749.1395658999681,Purple,2,"['space', 'space']","[1.3397204000502825, 2.0533626000396907]","[0.15204429998993874, 0.13382390001788735]",0,,,0,,,0,,,0,,,0,,,0,,,0,,,0,,,0,,,0,,,1,[9.300960399908945],[9.300973400007933],0,,,0,,,0,,,Purple,751.5974882999435,751.6134688998573,751.9469119000714,749.5078304000199,749.5437835999765,749.5437835999765,0.017566499765962362,749.5437835999765,,750.7270899999421,751.5968827998731,5.0,1.164032599888742,"[(5.0, 1.164032599888742)]","[0.3591666666666667, 0.04]","[-0.009166666666666667, -0.265]","[1, 1]","[0, 0]","[0, 0]","[0.9388889002148062, 2.0859742001630366]","[None, 'button2']",1,[2.1043883997481316],[2.104397099930793],0,,,0,,,0,,,0,,,0,,,0,,,0,,,0,,,0,,,0,,,0,,,0,,,0,,,0,,,751.9763432999607,751.9934572000057,751.9934572000057,751.9934572000057,751.9934572000057,751.9934572000057,751.9934572000057,751.9934572000057,752.6699985999148,1,[0.7191168998833746],[0.7191295998636633],0,,,0,,,0,,,0,,,0,,,0,,,0,,,0,,,0,,,0,,,0,,,0,,,0,,,0,,,None,752.6705521000549,752.6811428000219,753.014756700024,"['Cyan', 'Bordeaux', 'Grey', 'Teal', 'Bordeaux', 'Green', 'Bordeaux', 'Teal', 'Cyan', 'Cyan', 'Pink', 'Pink', 'Orange', 'Brown', 'Blue', 'Teal', 'Grey', 'Brown', 'Yellow', 'Teal', 'Grey', 'Brown', 'Purple', 'Pink', 'Bordeaux', 'Seafoam', 'Brown', 'Bordeaux', 'Seafoam', 'Grey', 'Bordeaux', 'Orange', 'Orange', 'Teal', 'Red', 'Grey', 'Purple']",751.9934572000057,,753.2124180998653,,,,,,,,,749.5437835999765,,,,,,,,,,,,,,,,,,,,,,,,,,,,,,,,,,,,,,,,,001,002,2026-04-14_12h30.02.409,Train3Laptop,,2026.1.1,60.07839032106961,2026-04-14 12h30.04.339305 +0200,
02-1,012_Lime-green.jpg,True,Lime-green,61,94,3,02-1/012_Lime-green_0.png,36,36,0,"['space', 'space', 'space', 'space', 'space', 'space']","[2.3236833999399096, 4.306810499867424, 5.366861099842936, 7.239452000008896, 7.527341200038791, 7.767382799880579]","[0.1431450000964105, 0.09761920012533665, 0.16164210019633174, 0.12515159999020398, 0.12525979988276958, 0.11601750017143786]",0,,,0,,,0,,,0,,,0,,,0,,,1,12.77252020011656,12.77253650012426,0,,,0,,,0,,,0,,,0,,,0,,,0,,,5.0,1.2334123998880386,"[(5.0, 1.2334123998880386)]","[0.35083333333333333, 0.0275]","[-0.016666666666666666, -0.2725]","[1, 1]","[0, 0]","[0, 0]","[1.0195137998089194, 2.0856927998829633]","[None, 'button2']",1,[2.1039515000302345],[2.1039617001079023],0,,,0,,,0,,,0,,,0,,,0,,,0,,,0,,,0,,,0,,,0,,,0,,,0,,,0,,,1,[0.6320440999697894],[0.6320593999698758],0,,,0,,,0,,,0,,,0,,,0,,,0,,,0,,,0,,,0,,,0,,,0,,,0,,,0,,,None,0,36,36,10,753.2124180998653,,,,,,,,,,,02-1/012_Lime-green_0.png,753.0162919999566,753.0164457999635,02-1/012_Lime-green_0.png,True,Lime-green,61,94,3,"[3.369334700051695, 4.662411800120026, 5.316183299990371, 5.961231299908832, 6.45783259999007, 8.273957299999893, 8.600269400049001, 8.759810999967158]",02-1/012_Lime-green_0.png,37,,753.0319654999766,753.2124180998653,753.2124180998653,753.2124180998653,753.2124180998653,753.2124180998653,753.2124180998653,753.2124180998653,753.2124180998653,753.2124180998653,753.2124180998653,753.2124180998653,753.2124180998653,753.2124180998653,753.2124180998653,753.2124180998653,753.2124180998653,753.2124180998653,753.2124180998653,753.2124180998653,753.2124180998653,753.3780036000535,753.9951170999557,765.793947200058,Lime-green,0,"['space', 'space', 'space', 'space', 'space', 'space']","[2.3236833999399096, 4.306810499867424, 5.366861099842936, 7.239452000008896, 7.527341200038791, 7.767382799880579]","[0.1431450000964105, 0.09761920012533665, 0.16164210019633174, 0.12515159999020398, 0.12525979988276958, 0.11601750017143786]",0,,,0,,,0,,,0,,,0,,,0,,,1,12.77252020011656,12.77253650012426,0,,,0,,,0,,,0,,,0,,,0,,,0,,,Lime-green,768.2518513000105,768.2702172000427,768.6024368000217,766.1616859999485,766.2129085999914,766.2129085999914,0.017270100070163608,766.2129085999914,,767.4477160999086,768.2510867000092,5.0,1.2334123998880386,"[(5.0, 1.2334123998880386)]","[0.35083333333333333, 0.0275]","[-0.016666666666666666, -0.2725]","[1, 1]","[0, 0]","[0, 0]","[1.0195137998089194, 2.0856927998829633]","[None, 'button2']",1,[2.1039515000302345],[2.1039617001079023],0,,,0,,,0,,,0,,,0,,,0,,,0,,,0,,,0,,,0,,,0,,,0,,,0,,,0,,,768.67079870007,768.697381200036,768.697381200036,768.697381200036,768.697381200036,768.697381200036,768.697381200036,768.697381200036,769.2379896999337,1,[0.6320440999697894],[0.6320593999698758],0,,,0,,,0,,,0,,,0,,,0,,,0,,,0,,,0,,,0,,,0,,,0,,,0,,,0,,,None,769.2387524000369,769.263764699921,769.5997856999747,"['Cyan', 'Bordeaux', 'Grey', 'Teal', 'Bordeaux', 'Green', 'Bordeaux', 'Teal', 'Cyan', 'Cyan', 'Pink', 'Pink', 'Orange', 'Brown', 'Blue', 'Teal', 'Grey', 'Brown', 'Yellow', 'Teal', 'Grey', 'Brown', 'Purple', 'Pink', 'Bordeaux', 'Seafoam', 'Brown', 'Bordeaux', 'Seafoam', 'Grey', 'Bordeaux', 'Orange', 'Orange', 'Teal', 'Red', 'Grey', 'Purple', 'Lime-green']",,,,,,,,,,,,,,,,,,,,,,,,,,,,,,,,,,,,,,,,,,,,,,,766.2129085999914,,,,,,001,002,2026-04-14_12h30.02.409,Train3Laptop,,2026.1.1,60.07839032106961,2026-04-14 12h30.04.339305 +0200,
03-1,010_Brown.jpg,True,Brown,50,18,0,03-1/010_Brown_0.png,37,37,0,"['space', 'space', 'space', 'space']","[2.594021199969575, 3.1504204999655485, 3.5472462999168783, 4.248469399986789]","[0.09794009989127517, 0.10687580006197095, 0.09791080001741648, 0.13408609991893172]",1,16.04200559994206,16.042024800088257,0,,,0,,,0,,,0,,,0,,,0,,,0,,,0,,,0,,,0,,,0,,,0,,,0,,,5.0,1.3614974999800324,"[(5.0, 1.3614974999800324)]","[0.3675, 0.0975]","[-0.025, -0.26666666666666666]","[1, 1]","[0, 0]","[0, 0]","[1.1203791999723762, 2.6093067000620067]","[None, 'button2']",1,[2.6224012998864055],[2.6224227999337018],0,,,0,,,0,,,0,,,0,,,0,,,0,,,0,,,0,,,0,,,0,,,0,,,0,,,0,,,1,[0.7515435998793691],[0.751557599985972],0,,,0,,,0,,,0,,,0,,,0,,,0,,,0,,,0,,,0,,,0,,,0,,,0,,,0,,,None,0,37,37,16,769.7829422999639,,,,,,,,,,,03-1/010_Brown_0.png,769.6012424000073,769.6014453999233,03-1/010_Brown_0.png,True,Brown,50,18,0,"[1.8227155001368374, 3.585876400116831, 4.147524900035933, 4.601552500156686, 5.26810870016925]",03-1/010_Brown_0.png,38,,769.6179152999539,769.7829422999639,769.7829422999639,769.7829422999639,769.7829422999639,769.7829422999639,769.7829422999639,769.7829422999639,769.7829422999639,769.7829422999639,769.7829422999639,769.7829422999639,769.7829422999639,769.7829422999639,769.7829422999639,769.7829422999639,769.7829422999639,769.7829422999639,769.7829422999639,769.7829422999639,769.7829422999639,770.1141269998625,770.5829477999359,785.6500216000713,Brown,1,"['space', 'space', 'space', 'space']","[2.594021199969575, 3.1504204999655485, 3.5472462999168783, 4.248469399986789]","[0.09794009989127517, 0.10687580006197095, 0.09791080001741648, 0.13408609991893172]",1,16.04200559994206,16.042024800088257,0,,,0,,,0,,,0,,,0,,,0,,,0,,,0,,,0,,,0,,,0,,,0,,,0,,,Brown,788.6377929998562,788.661431599874,789.0002218000591,786.0118557999376,786.0617450000718,786.0617450000718,0.01144359982572496,786.0617450000718,,787.4289283000398,788.6371406998951,5.0,1.3614974999800324,"[(5.0, 1.3614974999800324)]","[0.3675, 0.0975]","[-0.025, -0.26666666666666666]","[1, 1]","[0, 0]","[0, 0]","[1.1203791999723762, 2.6093067000620067]","[None, 'button2']",1,[2.6224012998864055],[2.6224227999337018],0,,,0,,,0,,,0,,,0,,,0,,,0,,,0,,,0,,,0,,,0,,,0,,,0,,,0,,,789.0272041999269,789.0450217998587,789.0450217998587,789.0450217998587,789.0450217998587,789.0450217998587,789.0450217998587,789.0450217998587,789.7434497999493,1,[0.7515435998793691],[0.751557599985972],0,,,0,,,0,,,0,,,0,,,0,,,0,,,0,,,0,,,0,,,0,,,0,,,0,,,0,,,None,789.7441558998544,789.7627793999854,790.0959030999802,"['Cyan', 'Bordeaux', 'Grey', 'Teal', 'Bordeaux', 'Green', 'Bordeaux', 'Teal', 'Cyan', 'Cyan', 'Pink', 'Pink', 'Orange', 'Brown', 'Blue', 'Teal', 'Grey', 'Brown', 'Yellow', 'Teal', 'Grey', 'Brown', 'Purple', 'Pink', 'Bordeaux', 'Seafoam', 'Brown', 'Bordeaux', 'Seafoam', 'Grey', 'Bordeaux', 'Orange', 'Orange', 'Teal', 'Red', 'Grey', 'Purple', 'Lime-green', 'Brown']",786.0617450000718,,,,,,,,786.0617450000718,,,,,,,,,,,,,,,,,,,,,,,,,,,,,,,,,,,,,,,,,,,,001,002,2026-04-14_12h30.02.409,Train3Laptop,,2026.1.1,60.07839032106961,2026-04-14 12h30.04.339305 +0200,
,,,,,,,,,,,,,,,,,,,,,,,,,,,,,,,,,,,,,,,,,,,,,,,,,,,,,,,,,,,,,,,,,,,,,,,,,,,,,,,,,,,,,,,,,,,,,,,,,,,,,,,,,,,,,,,,,,,,,,,,,,,,,,,,,,,,,,,,,,,,,,,,,,,,,,,,,,,,,,,,,,,,,,,,,,,,,,,,,,,,,,,,,,,,,,,,,,,,,,,,,,,,,,,,,,,,,,,,,,,,,,,,,,,,,,,,,,,,,,,,,,,,,,,,,,,,,,,,,,,,,,,,,,,,,,,,,,,,,,,,,,,,,,,,,,,,,,,,,,,,,,,,,,,,,,,,,,,,,,,,,,,,,,,,,,,,,,,,,,,,,,,,,,,,,,,,,,,,,,,,,,,,,,,,,,,,,,,,,,,,,,,,,,,,,,,,,,,,,,,,,,,,,,,,,,,,,,,,,,,,,,,,,,,,,790.1210240998771,790.1453147998545,793.0849104998633,,,001,002,2026-04-14_12h30.02.409,Train3Laptop,,2026.1.1,60.07839032106961,2026-04-14 12h30.04.339305 +0200,
,,,,,,,,,,,,,,,,,,,,,,,,,,,,,,,,,,,,,,,,,,,,,,,,,,,,,,,,,,,,,,,,,,,,,,,,,,,,,,,,,,,,,,,,,,,,,,,,,,,,,,,,,,,,,,,,,,,,,,,,,,,,,,,,,,,,,,,,,,,,,,,,,,,,,,,,,,,,,,,,,,,,,,,,,,,,,,,,,,,,,,,,,,,,,,,,,,,,,,,,,,,,,,,,,Brown,,,,,,,,,,,,,,,,,,,,,,,,,,,,,,,,,,,,,,,,,,,,,,,,,,,,,,,,,,,,,,,,,,,,,,,,,,,,,,,,,,,,,,,,,,,,,,,,,,,,,,,,,,,,,,,,,,,,,,,,,,,,,,,,,,,,,,,,,,,,,,,,,,,,,,,,,,,,,,,,,,,,,,,,,,,,,,,,,,,,,,,,,,,,,,,,,,,,,,,,,,,,,,,,,,,,,,,,,,,,,,,38,"['Cyan', 'Bordeaux', 'Grey', 'Teal', 'Bordeaux', 'Green', 'Bordeaux', 'Teal', 'Cyan', 'Cyan', 'Pink', 'Pink', 'Orange', 'Brown', 'Blue', 'Teal', 'Grey', 'Brown', 'Yellow', 'Teal', 'Grey', 'Brown', 'Purple', 'Pink', 'Bordeaux', 'Seafoam', 'Brown', 'Bordeaux', 'Seafoam', 'Grey', 'Bordeaux', 'Orange', 'Orange', 'Teal', 'Red', 'Grey', 'Purple', 'Lime-green', 'Brown']",,,,,,,,,
