folder,image,logical,corrColor,corrR,corrG,corrB,image_path,thisN,thisTrialN,thisRepN,spacebar.keys,spacebar.rt,spacebar.duration,brown.numClicks,brown.timesOn,brown.timesOff,teal.numClicks,teal.timesOn,teal.timesOff,bordeaux.numClicks,bordeaux.timesOn,bordeaux.timesOff,grey.numClicks,grey.timesOn,grey.timesOff,seafoam.numClicks,seafoam.timesOn,seafoam.timesOff,pink.numClicks,pink.timesOn,pink.timesOff,lime_green.numClicks,lime_green.timesOn,lime_green.timesOff,orange.numClicks,orange.timesOn,orange.timesOff,blue.numClicks,blue.timesOn,blue.timesOff,yellow.numClicks,yellow.timesOn,yellow.timesOff,purple.numClicks,purple.timesOn,purple.timesOff,cyan.numClicks,cyan.timesOn,cyan.timesOff,red.numClicks,red.timesOn,red.timesOff,green.numClicks,green.timesOn,green.timesOff,slider.response,slider.rt,slider.history,mouse_2.x,mouse_2.y,mouse_2.leftButton,mouse_2.midButton,mouse_2.rightButton,mouse_2.time,mouse_2.clicked_name,button2.numClicks,button2.timesOn,button2.timesOff,brown_3.numClicks,brown_3.timesOn,brown_3.timesOff,teal_3.numClicks,teal_3.timesOn,teal_3.timesOff,bordeaux_3.numClicks,bordeaux_3.timesOn,bordeaux_3.timesOff,grey_3.numClicks,grey_3.timesOn,grey_3.timesOff,seafoam_3.numClicks,seafoam_3.timesOn,seafoam_3.timesOff,pink_3.numClicks,pink_3.timesOn,pink_3.timesOff,lime_green_3.numClicks,lime_green_3.timesOn,lime_green_3.timesOff,orange_3.numClicks,orange_3.timesOn,orange_3.timesOff,blue_3.numClicks,blue_3.timesOn,blue_3.timesOff,yellow_3.numClicks,yellow_3.timesOn,yellow_3.timesOff,purple_3.numClicks,purple_3.timesOn,purple_3.timesOff,cyan_3.numClicks,cyan_3.timesOn,cyan_3.timesOff,red_3.numClicks,red_3.timesOn,red_3.timesOff,green_3.numClicks,green_3.timesOn,green_3.timesOff,Button3.numClicks,Button3.timesOn,Button3.timesOff,brown_2.numClicks,brown_2.timesOn,brown_2.timesOff,teal_2.numClicks,teal_2.timesOn,teal_2.timesOff,bordeaux_2.numClicks,bordeaux_2.timesOn,bordeaux_2.timesOff,grey_2.numClicks,grey_2.timesOn,grey_2.timesOff,seafoam_2.numClicks,seafoam_2.timesOn,seafoam_2.timesOff,pink_2.numClicks,pink_2.timesOn,pink_2.timesOff,lime_green_2.numClicks,lime_green_2.timesOn,lime_green_2.timesOff,orange_2.numClicks,orange_2.timesOn,orange_2.timesOff,blue_2.numClicks,blue_2.timesOn,blue_2.timesOff,yellow_2.numClicks,yellow_2.timesOn,yellow_2.timesOff,purple_2.numClicks,purple_2.timesOn,purple_2.timesOff,cyan_2.numClicks,cyan_2.timesOn,cyan_2.timesOff,red_2.numClicks,red_2.timesOn,red_2.timesOff,green_2.numClicks,green_2.timesOn,green_2.timesOff,key_resp.keys,trials.thisRepN,trials.thisTrialN,trials.thisN,trials.thisIndex,thisRow.t,notes,piloting,Welcome.started,Welcome_info.started,PressEnter.started,PressEnterToContinue.started,Welcome.stopped,PressEnter.keys,PressEnter.rt,PressEnter.duration,img_Var.routineStartVal,initiate.started,initiate.stopped,img_Var.routineEndVal,logical_Var.routineEndVal,corrColor_Var.routineEndVal,corrR_Var.routineEndVal,corrG_Var.routineEndVal,corrB_Var.routineEndVal,filterCount.routineEndVal,img_Var1.routineEndVal,trial_counter.routineEndVal,answer.routineStartVal,trial_1.started,img.started,brown.started,teal.started,bordeaux.started,grey.started,seafoam.started,pink.started,lime_green.started,orange.started,blue.started,yellow.started,purple.started,cyan.started,red.started,green.started,RBGInfo.started,G.started,B.started,counter_Text.started,total_count.started,R.started,spacebar.started,trial_1.stopped,corrColorVar.routineEndVal,filterChange.routineEndVal,trials.spacebar.keys,trials.spacebar.rt,trials.spacebar.duration,trials.brown.numClicks,trials.brown.timesOn,trials.brown.timesOff,trials.teal.numClicks,trials.teal.timesOn,trials.teal.timesOff,trials.bordeaux.numClicks,trials.bordeaux.timesOn,trials.bordeaux.timesOff,trials.grey.numClicks,trials.grey.timesOn,trials.grey.timesOff,trials.seafoam.numClicks,trials.seafoam.timesOn,trials.seafoam.timesOff,trials.pink.numClicks,trials.pink.timesOn,trials.pink.timesOff,trials.lime_green.numClicks,trials.lime_green.timesOn,trials.lime_green.timesOff,trials.orange.numClicks,trials.orange.timesOn,trials.orange.timesOff,trials.blue.numClicks,trials.blue.timesOn,trials.blue.timesOff,trials.yellow.numClicks,trials.yellow.timesOn,trials.yellow.timesOff,trials.purple.numClicks,trials.purple.timesOn,trials.purple.timesOff,trials.cyan.numClicks,trials.cyan.timesOn,trials.cyan.timesOff,trials.red.numClicks,trials.red.timesOn,trials.red.timesOff,trials.green.numClicks,trials.green.timesOn,trials.green.timesOff,answer.routineEndVal,Pause350.started,text_8.started,Pause350.stopped,confidence.started,slider.started,text_9.started,mouse_2.started,text_answer.started,blue_3.started,button2.started,confidence.stopped,trials.slider.response,trials.slider.rt,trials.slider.history,trials.mouse_2.x,trials.mouse_2.y,trials.mouse_2.leftButton,trials.mouse_2.midButton,trials.mouse_2.rightButton,trials.mouse_2.time,trials.mouse_2.clicked_name,trials.button2.numClicks,trials.button2.timesOn,trials.button2.timesOff,trials.brown_3.numClicks,trials.brown_3.timesOn,trials.brown_3.timesOff,trials.teal_3.numClicks,trials.teal_3.timesOn,trials.teal_3.timesOff,trials.bordeaux_3.numClicks,trials.bordeaux_3.timesOn,trials.bordeaux_3.timesOff,trials.grey_3.numClicks,trials.grey_3.timesOn,trials.grey_3.timesOff,trials.seafoam_3.numClicks,trials.seafoam_3.timesOn,trials.seafoam_3.timesOff,trials.pink_3.numClicks,trials.pink_3.timesOn,trials.pink_3.timesOff,trials.lime_green_3.numClicks,trials.lime_green_3.timesOn,trials.lime_green_3.timesOff,trials.orange_3.numClicks,trials.orange_3.timesOn,trials.orange_3.timesOff,trials.blue_3.numClicks,trials.blue_3.timesOn,trials.blue_3.timesOff,trials.yellow_3.numClicks,trials.yellow_3.timesOn,trials.yellow_3.timesOff,trials.purple_3.numClicks,trials.purple_3.timesOn,trials.purple_3.timesOff,trials.cyan_3.numClicks,trials.cyan_3.timesOn,trials.cyan_3.timesOff,trials.red_3.numClicks,trials.red_3.timesOn,trials.red_3.timesOff,trials.green_3.numClicks,trials.green_3.timesOn,trials.green_3.timesOff,confirm.started,Button3.started,correctAnswer.started,RBGInfo_2.started,R_2.started,G_2.started,B_2.started,key_resp.started,confirm.stopped,trials.Button3.numClicks,trials.Button3.timesOn,trials.Button3.timesOff,trials.brown_2.numClicks,trials.brown_2.timesOn,trials.brown_2.timesOff,trials.teal_2.numClicks,trials.teal_2.timesOn,trials.teal_2.timesOff,trials.bordeaux_2.numClicks,trials.bordeaux_2.timesOn,trials.bordeaux_2.timesOff,trials.grey_2.numClicks,trials.grey_2.timesOn,trials.grey_2.timesOff,trials.seafoam_2.numClicks,trials.seafoam_2.timesOn,trials.seafoam_2.timesOff,trials.pink_2.numClicks,trials.pink_2.timesOn,trials.pink_2.timesOff,trials.lime_green_2.numClicks,trials.lime_green_2.timesOn,trials.lime_green_2.timesOff,trials.orange_2.numClicks,trials.orange_2.timesOn,trials.orange_2.timesOff,trials.blue_2.numClicks,trials.blue_2.timesOn,trials.blue_2.timesOff,trials.yellow_2.numClicks,trials.yellow_2.timesOn,trials.yellow_2.timesOff,trials.purple_2.numClicks,trials.purple_2.timesOn,trials.purple_2.timesOff,trials.cyan_2.numClicks,trials.cyan_2.timesOn,trials.cyan_2.timesOff,trials.red_2.numClicks,trials.red_2.timesOn,trials.red_2.timesOff,trials.green_2.numClicks,trials.green_2.timesOn,trials.green_2.timesOff,trials.key_resp.keys,PauseEnd.started,text_11.started,text_11.stopped,PauseEnd.stopped,colorList.routineEndVal,text_8.stopped,bordeaux_3.started,red_3.started,pink_3.started,purple_3.started,seafoam_3.started,brown_3.started,teal_3.started,orange_3.started,grey_3.started,cyan_3.started,lime_green_3.started,green_3.started,yellow_3.started,wrongAnswer.started,corrColor_2.started,brown_2.started,teal_2.started,bordeaux_2.started,grey_2.started,seafoam_2.started,pink_2.started,lime_green_2.started,orange_2.started,blue_2.started,yellow_2.started,purple_2.started,cyan_2.started,red_2.started,green_2.started,bordeaux_2.stopped,grey_2.stopped,seafoam_2.stopped,pink_2.stopped,lime_green_2.stopped,orange_2.stopped,blue_2.stopped,yellow_2.stopped,purple_2.stopped,cyan_2.stopped,red_2.stopped,green_2.stopped,wrongAnswer.stopped,corrColor_2.stopped,brown_2.stopped,teal_2.stopped,congrats.started,GoodJob.started,congrats.stopped,trial_counter.endExpVal,colorList.expEndVal,participant,session,date,expName,expVersion,psychopyVersion,frameRate,expStart,
,,,,,,,,,,,,,,,,,,,,,,,,,,,,,,,,,,,,,,,,,,,,,,,,,,,,,,,,,,,,,,,,,,,,,,,,,,,,,,,,,,,,,,,,,,,,,,,,,,,,,,,,,,,,,,,,,,,,,,,,,,,,,,,,,,,,,,,,,,,,,,,,,,,,,,,,,,,,,,,,,,,False,0.012016399996355176,0.03234639999573119,0.8146718999923905,1.0137511999928392,164.57995169999776,return,163.66193750000093,None,,,,,,,,,,,,,,,,,,,,,,,,,,,,,,,,,,,,,,,,,,,,,,,,,,,,,,,,,,,,,,,,,,,,,,,,,,,,,,,,,,,,,,,,,,,,,,,,,,,,,,,,,,,,,,,,,,,,,,,,,,,,,,,,,,,,,,,,,,,,,,,,,,,,,,,,,,,,,,,,,,,,,,,,,,,,,,,,,,,,,,,,,,,,,,,,,,,,,,,,,,,,,,,,,,,,,,,,,,,,,,,,,,,,,,,,,,,,,,,,,,,,,,,,,,,,,,,,,,,,,,,002,002,2026-04-16_19h27.37.383,Train3Laptop,,2026.1.1,59.52618348549189,2026-04-16 19h27.38.734524 +0200,
01-1,028_Blue.jpg,True,Blue,0,9,96,01-1/028_Blue_0.png,0,0,0,['space'],[2.3192108999937773],[0.09801600000355393],0,,,0,,,0,,,0,,,0,,,0,,,0,,,0,,,1,[6.47277869998652],[6.472784699988551],0,,,0,,,0,,,0,,,0,,,5.0,1.3335421999945538,"[(5.0, 1.3335421999945538)]","[0.36, 0.010833333333333334]","[0.0225, -0.29333333333333333]","[1, 1]","[0, 0]","[0, 0]","[1.1896152999979677, 1.9394561000081012]","[None, 'button2']",1,[1.968873199992231],[1.9688780999858864],0,,,0,,,0,,,0,,,0,,,0,,,0,,,0,,,0,,,0,,,0,,,0,,,0,,,0,,,1,[0.6514260999829276],[0.6514331999933347],0,,,0,,,0,,,0,,,0,,,0,,,0,,,0,,,0,,,0,,,0,,,0,,,0,,,0,,,None,0,0,0,4,164.75728229999368,,,,,,,,,,,01-1/028_Blue_0.png,164.61460929999885,164.61527739999292,01-1/028_Blue_0.png,True,Blue,0,9,96,"[2.6415859999979148, 3.2179333999956725]",01-1/028_Blue_0.png,1,,164.6682781999989,164.75728229999368,164.75728229999368,164.75728229999368,164.75728229999368,164.75728229999368,164.75728229999368,164.75728229999368,164.75728229999368,164.75728229999368,164.75728229999368,164.75728229999368,164.75728229999368,164.75728229999368,164.75728229999368,164.75728229999368,164.75728229999368,164.75728229999368,164.75728229999368,164.75728229999368,164.75728229999368,164.92349600000307,165.50720849999925,171.08982670000114,Blue,2,['space'],[2.3192108999937773],[0.09801600000355393],0,,,0,,,0,,,0,,,0,,,0,,,0,,,0,,,1,[6.47277869998652],[6.472784699988551],0,,,0,,,0,,,0,,,0,,,Blue,173.41055620000407,173.4274587999971,173.76186990000133,171.46841410000343,171.52319720000378,171.52319720000378,0.028455899984692223,171.52319720000378,171.52319720000378,172.80714229999285,173.41014330000326,5.0,1.3335421999945538,"[(5.0, 1.3335421999945538)]","[0.36, 0.010833333333333334]","[0.0225, -0.29333333333333333]","[1, 1]","[0, 0]","[0, 0]","[1.1896152999979677, 1.9394561000081012]","[None, 'button2']",1,[1.968873199992231],[1.9688780999858864],0,,,0,,,0,,,0,,,0,,,0,,,0,,,0,,,0,,,0,,,0,,,0,,,0,,,0,,,173.78144520000205,173.80738679999195,173.80738679999195,173.80738679999195,173.80738679999195,173.80738679999195,173.80738679999195,173.80738679999195,174.41545990000304,1,[0.6514260999829276],[0.6514331999933347],0,,,0,,,0,,,0,,,0,,,0,,,0,,,0,,,0,,,0,,,0,,,0,,,0,,,0,,,None,174.4160372000042,174.42752499999187,174.89439899999707,174.76240920000419,['Blue'],,,,,,,,,,,,,,,,,,,,,,,,,,,,,,,,,,,,,,,,,,,,,,,,,,,,002,002,2026-04-16_19h27.37.383,Train3Laptop,,2026.1.1,59.52618348549189,2026-04-16 19h27.38.734524 +0200,
03-1,032_Bordeaux.jpg,True,Bordeaux,50,0,18,03-1/032_Bordeaux_0.png,1,1,0,['space'],[1.7672604999970645],[0.08893140000873245],0,,,0,,,1,13.845792899999651,13.845799099988653,0,,,0,,,0,,,0,,,0,,,0,,,0,,,0,,,0,,,0,,,0,,,5.0,1.1477423000033014,"[(5.0, 1.1477423000033014)]","[0.355, 0.014166666666666666]","[0.0008333333333333334, -0.29083333333333333]","[1, 1]","[0, 0]","[0, 0]","[1.0266458999976749, 2.575507400004426]","[None, 'button2']",1,[2.5828869999822928],[2.5828934999881312],0,,,0,,,0,,,0,,,0,,,0,,,0,,,0,,,0,,,0,,,0,,,0,,,0,,,0,,,1,[1.0661461999989115],[1.0661559000000125],0,,,0,,,0,,,0,,,0,,,0,,,0,,,0,,,0,,,0,,,0,,,0,,,0,,,0,,,None,0,1,1,35,174.89439899999707,,,,,,,,,,,03-1/032_Bordeaux_0.png,174.76328600000124,174.76338190000388,03-1/032_Bordeaux_0.png,True,Bordeaux,50,0,18,"[2.1301273999997647, 2.7497917999862693]",03-1/032_Bordeaux_0.png,2,,174.77286399999866,174.89439899999707,174.89439899999707,174.89439899999707,174.89439899999707,174.89439899999707,174.89439899999707,174.89439899999707,174.89439899999707,174.89439899999707,174.89439899999707,174.89439899999707,174.89439899999707,174.89439899999707,174.89439899999707,174.89439899999707,174.89439899999707,174.89439899999707,174.89439899999707,174.89439899999707,174.89439899999707,175.14337469999737,175.729582999993,188.611883199992,Bordeaux,2,['space'],[1.7672604999970645],[0.08893140000873245],0,,,0,,,1,13.845792899999651,13.845799099988653,0,,,0,,,0,,,0,,,0,,,0,,,0,,,0,,,0,,,0,,,0,,,Bordeaux,191.54717379999056,191.55999310000334,191.8938952000026,188.9689107000013,189.00640959999873,189.00640959999873,0.006832699989899993,189.00640959999873,,190.17372449999675,191.54664390000107,5.0,1.1477423000033014,"[(5.0, 1.1477423000033014)]","[0.355, 0.014166666666666666]","[0.0008333333333333334, -0.29083333333333333]","[1, 1]","[0, 0]","[0, 0]","[1.0266458999976749, 2.575507400004426]","[None, 'button2']",1,[2.5828869999822928],[2.5828934999881312],0,,,0,,,0,,,0,,,0,,,0,,,0,,,0,,,0,,,0,,,0,,,0,,,0,,,0,,,191.916232699994,191.94023809999635,191.94023809999635,191.94023809999635,191.94023809999635,191.94023809999635,191.94023809999635,191.94023809999635,192.965632499996,1,[1.0661461999989115],[1.0661559000000125],0,,,0,,,0,,,0,,,0,,,0,,,0,,,0,,,0,,,0,,,0,,,0,,,0,,,0,,,None,192.9660606999969,192.97711459999846,193.44377209999948,193.31101629999466,"['Blue', 'Bordeaux']",191.94023809999635,189.00640959999873,,,,,,,,,,,,,,,,,,,,,,,,,,,,,,,,,,,,,,,,,,,,,,,,,,002,002,2026-04-16_19h27.37.383,Train3Laptop,,2026.1.1,59.52618348549189,2026-04-16 19h27.38.734524 +0200,
01-1,010_Red.jpg,True,Red,99,0,12,01-1/010_Red_0.png,2,2,0,['space'],[1.774116699991282],[0.09823210000467952],0,,,0,,,0,,,0,,,0,,,0,,,0,,,0,,,0,,,0,,,0,,,0,,,1,[14.321148200004245],[14.321154399993247],0,,,5.0,1.1480336999957217,"[(5.0, 1.1480336999957217)]","[0.3883333333333333, -0.0075]","[0.006666666666666667, -0.31333333333333335]","[1, 1]","[0, 0]","[0, 0]","[1.0022220999962883, 1.9187884999992093]","[None, 'button2']",1,[1.937118499990902],[1.9371267999958945],0,,,0,,,0,,,0,,,0,,,0,,,0,,,0,,,0,,,0,,,0,,,0,,,0,,,0,,,1,[0.4689502999972319],[0.46895939999376424],0,,,0,,,0,,,0,,,0,,,0,,,0,,,0,,,0,,,0,,,0,,,0,,,0,,,0,,,None,0,2,2,2,193.44377209999948,,,,,,,,,,,01-1/010_Red_0.png,193.31229580000218,193.3128885000042,01-1/010_Red_0.png,True,Red,99,0,12,"[2.7866309999953955, 3.464417399998638]",01-1/010_Red_0.png,3,,193.3245836999995,193.44377209999948,193.44377209999948,193.44377209999948,193.44377209999948,193.44377209999948,193.44377209999948,193.44377209999948,193.44377209999948,193.44377209999948,193.44377209999948,193.44377209999948,193.44377209999948,193.44377209999948,193.44377209999948,193.44377209999948,193.44377209999948,193.44377209999948,193.44377209999948,193.44377209999948,193.44377209999948,193.675974999991,194.2603003999975,207.6354519000015,Red,2,['space'],[1.774116699991282],[0.09823210000467952],0,,,0,,,0,,,0,,,0,,,0,,,0,,,0,,,0,,,0,,,0,,,0,,,1,[14.321148200004245],[14.321154399993247],0,,,Red,209.92547699999704,209.94200139999157,210.27568730000348,208.00295989999722,208.03877109999303,208.03877109999303,0.017344199994113296,208.03877109999303,,209.20559050000156,209.9249095999985,5.0,1.1480336999957217,"[(5.0, 1.1480336999957217)]","[0.3883333333333333, -0.0075]","[0.006666666666666667, -0.31333333333333335]","[1, 1]","[0, 0]","[0, 0]","[1.0022220999962883, 1.9187884999992093]","[None, 'button2']",1,[1.937118499990902],[1.9371267999958945],0,,,0,,,0,,,0,,,0,,,0,,,0,,,0,,,0,,,0,,,0,,,0,,,0,,,0,,,210.30420179999783,210.32154009999067,210.32154009999067,210.32154009999067,210.32154009999067,210.32154009999067,210.32154009999067,210.32154009999067,210.74693300000217,1,[0.4689502999972319],[0.46895939999376424],0,,,0,,,0,,,0,,,0,,,0,,,0,,,0,,,0,,,0,,,0,,,0,,,0,,,0,,,None,210.74736169999233,210.75718220000272,211.20702669999446,211.09170319999976,"['Blue', 'Bordeaux', 'Red']",,,208.03877109999303,,,,,,,,,,,,,,,,,,,,,,,,,,,,,,,,,,,,,,,,,,,,,,,,,002,002,2026-04-16_19h27.37.383,Train3Laptop,,2026.1.1,59.52618348549189,2026-04-16 19h27.38.734524 +0200,
02-1,010_Pink.jpg,True,Pink,98,0,52,02-1/010_Pink_0.png,3,3,0,"['space', 'space']","[0.1837915000069188, 0.7860156000097049]","[0.11564979999093339, 0.08853429999726359]",0,,,0,,,0,,,0,,,0,,,1,7.4580754000053275,7.458081300006597,0,,,0,,,0,,,0,,,0,,,0,,,0,,,0,,,5.0,0.9985554000013508,"[(5.0, 0.9985554000013508)]","[0.39166666666666666, 0.03916666666666667]","[-0.006666666666666667, -0.28583333333333333]","[1, 1]","[0, 0]","[0, 0]","[0.8846007999964058, 1.6342619999923045]","[None, 'button2']",1,[1.6488576999836368],[1.648866799994721],0,,,0,,,0,,,0,,,0,,,0,,,0,,,0,,,0,,,0,,,0,,,0,,,0,,,0,,,1,[0.5686711000016658],[0.5686860999994678],0,,,0,,,0,,,0,,,0,,,0,,,0,,,0,,,0,,,0,,,0,,,0,,,0,,,0,,,None,0,3,3,8,211.20702669999446,,,,,,,,,,,02-1/010_Pink_0.png,211.09315499999502,211.09380099999544,02-1/010_Pink_0.png,True,Pink,98,0,52,"[1.1325706000061473, 1.7102882000035606]",02-1/010_Pink_0.png,4,,211.11095479999494,211.20702669999446,211.20702669999446,211.20702669999446,211.20702669999446,211.20702669999446,211.20702669999446,211.20702669999446,211.20702669999446,211.20702669999446,211.20702669999446,211.20702669999446,211.20702669999446,211.20702669999446,211.20702669999446,211.20702669999446,211.20702669999446,211.20702669999446,211.20702669999446,211.20702669999446,211.20702669999446,211.38970879999397,212.00723439999274,218.55700760000036,Pink,2,"['space', 'space']","[0.1837915000069188, 0.7860156000097049]","[0.11564979999093339, 0.08853429999726359]",0,,,0,,,0,,,0,,,0,,,1,7.4580754000053275,7.458081300006597,0,,,0,,,0,,,0,,,0,,,0,,,0,,,0,,,Pink,220.55901840000297,220.57498449999548,220.90938689999166,218.92074929999944,218.9552709999989,218.9552709999989,0.013349599990760908,218.9552709999989,,219.97183749999385,220.5584680000029,5.0,0.9985554000013508,"[(5.0, 0.9985554000013508)]","[0.39166666666666666, 0.03916666666666667]","[-0.006666666666666667, -0.28583333333333333]","[1, 1]","[0, 0]","[0, 0]","[0.8846007999964058, 1.6342619999923045]","[None, 'button2']",1,[1.6488576999836368],[1.648866799994721],0,,,0,,,0,,,0,,,0,,,0,,,0,,,0,,,0,,,0,,,0,,,0,,,0,,,0,,,220.9406605999975,220.95525559999805,220.95525559999805,220.95525559999805,220.95525559999805,220.95525559999805,220.95525559999805,220.95525559999805,221.48149130000093,1,[0.5686711000016658],[0.5686860999994678],0,,,0,,,0,,,0,,,0,,,0,,,0,,,0,,,0,,,0,,,0,,,0,,,0,,,0,,,None,221.48208200000226,221.49035809999623,221.93939410000166,221.82417859999987,"['Blue', 'Bordeaux', 'Red', 'Pink']",220.95525559999805,,,218.9552709999989,,,,,,,,,,,,,,,,,,,,,,,,,,,,,,,,,,,,,,,,,,,,,,,,002,002,2026-04-16_19h27.37.383,Train3Laptop,,2026.1.1,59.52618348549189,2026-04-16 19h27.38.734524 +0200,
01-1,008_Purple.jpg,True,Purple,52,0,99,01-1/008_Purple_0.png,4,4,0,"['space', 'space']","[1.3764665000053355, 1.8343223000119906]","[0.07043989999510814, 0.070613299991237]",0,,,0,,,0,,,0,,,0,,,0,,,0,,,0,,,0,,,0,,,1,[10.408536999995704],[10.408572600004845],0,,,0,,,0,,,5.0,0.9838740999985021,"[(5.0, 0.9838740999985021)]","[0.4008333333333333, 0.043333333333333335]","[0.030833333333333334, -0.26916666666666667]","[1, 1]","[0, 0]","[0, 0]","[0.889253400004236, 1.6242434000014327]","[None, 'button2']",1,[1.6344962000002852],[1.6345054999983404],0,,,0,,,0,,,0,,,0,,,0,,,0,,,0,,,0,,,0,,,0,,,0,,,0,,,0,,,1,[0.6011902999889571],[0.6012031999853207],0,,,0,,,0,,,0,,,0,,,0,,,0,,,0,,,0,,,0,,,0,,,0,,,0,,,0,,,None,0,4,4,1,221.93939410000166,,,,,,,,,,,01-1/008_Purple_0.png,221.8256251999992,221.82623589999275,01-1/008_Purple_0.png,True,Purple,52,0,99,"[2.3363052000058815, 2.82505630000378]",01-1/008_Purple_0.png,5,,221.84097999999358,221.93939410000166,221.93939410000166,221.93939410000166,221.93939410000166,221.93939410000166,221.93939410000166,221.93939410000166,221.93939410000166,221.93939410000166,221.93939410000166,221.93939410000166,221.93939410000166,221.93939410000166,221.93939410000166,221.93939410000166,221.93939410000166,221.93939410000166,221.93939410000166,221.93939410000166,221.93939410000166,222.17353430000367,222.77305839999462,232.23809210000036,Purple,2,"['space', 'space']","[1.3764665000053355, 1.8343223000119906]","[0.07043989999510814, 0.070613299991237]",0,,,0,,,0,,,0,,,0,,,0,,,0,,,0,,,0,,,0,,,1,[10.408536999995704],[10.408572600004845],0,,,0,,,0,,,Purple,234.22644650000439,234.2415539999929,234.57563429999573,232.59815180000442,232.6207163999934,232.6207163999934,0.009693100000731647,232.6207163999934,,233.60683119999885,234.2258090999967,5.0,0.9838740999985021,"[(5.0, 0.9838740999985021)]","[0.4008333333333333, 0.043333333333333335]","[0.030833333333333334, -0.26916666666666667]","[1, 1]","[0, 0]","[0, 0]","[0.889253400004236, 1.6242434000014327]","[None, 'button2']",1,[1.6344962000002852],[1.6345054999983404],0,,,0,,,0,,,0,,,0,,,0,,,0,,,0,,,0,,,0,,,0,,,0,,,0,,,0,,,234.59619640000165,234.60456500000146,234.60456500000146,234.60456500000146,234.60456500000146,234.60456500000146,234.60456500000146,234.60456500000146,235.18054269999266,1,[0.6011902999889571],[0.6012031999853207],0,,,0,,,0,,,0,,,0,,,0,,,0,,,0,,,0,,,0,,,0,,,0,,,0,,,0,,,None,235.18099860000075,235.19161369999347,235.640212600003,235.52556969999569,"['Blue', 'Bordeaux', 'Red', 'Pink', 'Purple']",234.60456500000146,,,,232.6207163999934,,,,,,,,,,,,,,,,,,,,,,,,,,,,,,,,,,,,,,,,,,,,,,,002,002,2026-04-16_19h27.37.383,Train3Laptop,,2026.1.1,59.52618348549189,2026-04-16 19h27.38.734524 +0200,
02-1,014_Pink.jpg,True,Pink,100,9,40,02-1/014_Pink_0.png,5,5,0,['space'],[1.6535174000018742],[0.09793169998738449],0,,,0,,,0,,,0,,,0,,,1,10.72003150000819,10.720037100007175,0,,,0,,,0,,,0,,,0,,,0,,,0,,,0,,,5.0,0.8661071000096854,"[(5.0, 0.8661071000096854)]","[0.35, -0.0225]","[0.0008333333333333334, -0.30916666666666665]","[1, 1]","[0, 0]","[0, 0]","[0.7546093999990262, 1.6189123999938602]","[None, 'button2']",1,[1.63992529999814],[1.639936299994588],0,,,0,,,0,,,0,,,0,,,0,,,0,,,0,,,0,,,0,,,0,,,0,,,0,,,0,,,1,[0.4317377999977907],[0.43175190000329167],0,,,0,,,0,,,0,,,0,,,0,,,0,,,0,,,0,,,0,,,0,,,0,,,0,,,0,,,None,0,5,5,11,235.640212600003,,,,,,,,,,,02-1/014_Pink_0.png,235.5271655999968,235.5278246999951,02-1/014_Pink_0.png,True,Pink,100,9,40,"[2.6450251000060234, 3.8930443999997806]",02-1/014_Pink_0.png,6,,235.54017409999506,235.640212600003,235.640212600003,235.640212600003,235.640212600003,235.640212600003,235.640212600003,235.640212600003,235.640212600003,235.640212600003,235.640212600003,235.640212600003,235.640212600003,235.640212600003,235.640212600003,235.640212600003,235.640212600003,235.640212600003,235.640212600003,235.640212600003,235.640212600003,235.83947540000372,236.44101979999687,246.24976399999287,Pink,2,['space'],[1.6535174000018742],[0.09793169998738449],0,,,0,,,0,,,0,,,0,,,1,10.72003150000819,10.720037100007175,0,,,0,,,0,,,0,,,0,,,0,,,0,,,0,,,Pink,248.24316080000426,248.2576476999966,248.59149109999998,246.61971299999277,246.65453329999582,246.65453329999582,0.01986879999458324,246.65453329999582,,247.5059779000003,248.24244600000384,5.0,0.8661071000096854,"[(5.0, 0.8661071000096854)]","[0.35, -0.0225]","[0.0008333333333333334, -0.30916666666666665]","[1, 1]","[0, 0]","[0, 0]","[0.7546093999990262, 1.6189123999938602]","[None, 'button2']",1,[1.63992529999814],[1.639936299994588],0,,,0,,,0,,,0,,,0,,,0,,,0,,,0,,,0,,,0,,,0,,,0,,,0,,,0,,,248.62362650000432,248.637183800005,248.637183800005,248.637183800005,248.637183800005,248.637183800005,248.637183800005,248.637183800005,249.02776489999087,1,[0.4317377999977907],[0.43175190000329167],0,,,0,,,0,,,0,,,0,,,0,,,0,,,0,,,0,,,0,,,0,,,0,,,0,,,0,,,None,249.02823559999524,249.0403615999967,249.5051436999929,249.37426589999814,"['Blue', 'Bordeaux', 'Red', 'Pink', 'Purple', 'Pink']",248.637183800005,,,246.65453329999582,,,,,,,,,,,,,,,,,,,,,,,,,,,,,,,,,,,,,,,,,,,,,,,,002,002,2026-04-16_19h27.37.383,Train3Laptop,,2026.1.1,59.52618348549189,2026-04-16 19h27.38.734524 +0200,
02-1,006_Pink.jpg,True,Pink,100,0,50,02-1/006_Pink_0.png,6,6,0,"['space', 'space']","[0.6741943999950308, 1.4068871999916155]","[0.0795090000028722, 0.07978159999765921]",0,,,0,,,0,,,0,,,0,,,1,9.349424600004568,9.349429699999746,0,,,0,,,0,,,0,,,0,,,0,,,0,,,0,,,5.0,1.131976400007261,"[(5.0, 1.131976400007261)]","[0.3725, 0.0016666666666666668]","[0.0008333333333333334, -0.28]","[1, 1]","[0, 0]","[0, 0]","[1.0183953999949154, 2.5681474000011804]","[None, 'button2']",1,[2.5774366999976337],[2.5774416999920504],0,,,0,,,0,,,0,,,0,,,0,,,0,,,0,,,0,,,0,,,0,,,0,,,0,,,0,,,1,[0.5670669999963138],[0.5670821999956388],0,,,0,,,0,,,0,,,0,,,0,,,0,,,0,,,0,,,0,,,0,,,0,,,0,,,0,,,None,0,6,6,6,249.5051436999929,,,,,,,,,,,02-1/006_Pink_0.png,249.3758589999925,249.37644929999078,02-1/006_Pink_0.png,True,Pink,100,0,50,"[1.6470561000023736, 2.304646499993396]",02-1/006_Pink_0.png,7,,249.39355989999603,249.5051436999929,249.5051436999929,249.5051436999929,249.5051436999929,249.5051436999929,249.5051436999929,249.5051436999929,249.5051436999929,249.5051436999929,249.5051436999929,249.5051436999929,249.5051436999929,249.5051436999929,249.5051436999929,249.5051436999929,249.5051436999929,249.5051436999929,249.5051436999929,249.5051436999929,249.5051436999929,249.6709464000014,250.27167249999184,258.727876799996,Pink,2,"['space', 'space']","[0.6741943999950308, 1.4068871999916155]","[0.0795090000028722, 0.07978159999765921]",0,,,0,,,0,,,0,,,0,,,1,9.349424600004568,9.349429699999746,0,,,0,,,0,,,0,,,0,,,0,,,0,,,0,,,Pink,261.6571268999978,261.6714481999952,262.0066275999998,259.0860585000046,259.12052799999947,259.12052799999947,0.008066399983363226,259.12052799999947,,260.238452199992,261.65680889999203,5.0,1.131976400007261,"[(5.0, 1.131976400007261)]","[0.3725, 0.0016666666666666668]","[0.0008333333333333334, -0.28]","[1, 1]","[0, 0]","[0, 0]","[1.0183953999949154, 2.5681474000011804]","[None, 'button2']",1,[2.5774366999976337],[2.5774416999920504],0,,,0,,,0,,,0,,,0,,,0,,,0,,,0,,,0,,,0,,,0,,,0,,,0,,,0,,,262.0207698000013,262.0363876000047,262.0363876000047,262.0363876000047,262.0363876000047,262.0363876000047,262.0363876000047,262.0363876000047,262.5778713000036,1,[0.5670669999963138],[0.5670821999956388],0,,,0,,,0,,,0,,,0,,,0,,,0,,,0,,,0,,,0,,,0,,,0,,,0,,,0,,,None,262.5784322999971,262.5888564999914,263.00390470000275,262.9224730999995,"['Blue', 'Bordeaux', 'Red', 'Pink', 'Purple', 'Pink', 'Pink']",262.0363876000047,,,259.12052799999947,,,,,,,,,,,,,,,,,,,,,,,,,,,,,,,,,,,,,,,,,,,,,,,,002,002,2026-04-16_19h27.37.383,Train3Laptop,,2026.1.1,59.52618348549189,2026-04-16 19h27.38.734524 +0200,
03-1,013_Seafoam.jpg,True,Seafoam,9,100,59,03-1/013_Seafoam_0.png,7,7,0,"['space', 'space']","[0.493926700000884, 2.112088199995924]","[0.09803259999898728, 0.07972130000416655]",0,,,0,,,0,,,0,,,1,11.80939720000606,11.809407100008684,0,,,0,,,0,,,0,,,0,,,0,,,0,,,0,,,0,,,5.0,0.8136258000013186,"[(5.0, 0.8136258000013186)]","[0.37916666666666665, 0.056666666666666664]","[0.0016666666666666668, -0.2841666666666667]","[1, 1]","[0, 0]","[0, 0]","[0.697935400006827, 1.5310752999939723]","[None, 'button2']",1,[1.5493500000011409],[1.5493636000028346],0,,,0,,,0,,,0,,,0,,,0,,,0,,,0,,,0,,,0,,,0,,,0,,,0,,,0,,,1,[0.8340557999908924],[0.8340696999803185],0,,,0,,,0,,,0,,,0,,,0,,,0,,,0,,,0,,,0,,,0,,,0,,,0,,,0,,,None,0,7,7,23,263.00390470000275,,,,,,,,,,,03-1/013_Seafoam_0.png,262.92371449999337,262.923833199995,03-1/013_Seafoam_0.png,True,Seafoam,9,100,59,"[1.4216942000057315, 3.0412212000082945]",03-1/013_Seafoam_0.png,8,,262.9320152,263.00390470000275,263.00390470000275,263.00390470000275,263.00390470000275,263.00390470000275,263.00390470000275,263.00390470000275,263.00390470000275,263.00390470000275,263.00390470000275,263.00390470000275,263.00390470000275,263.00390470000275,263.00390470000275,263.00390470000275,263.00390470000275,263.00390470000275,263.00390470000275,263.00390470000275,263.00390470000275,263.2204805999936,263.8204942000011,274.73758200000157,Seafoam,2,"['space', 'space']","[0.493926700000884, 2.112088199995924]","[0.09803259999898728, 0.07972130000416655]",0,,,0,,,0,,,0,,,1,11.80939720000606,11.809407100008684,0,,,0,,,0,,,0,,,0,,,0,,,0,,,0,,,0,,,Seafoam,276.6406711000018,276.65604089999397,276.9901669999963,275.10493970000243,275.1363433999941,275.1363433999941,0.01724600000306964,275.1363433999941,,275.9382045999955,276.63975740000024,5.0,0.8136258000013186,"[(5.0, 0.8136258000013186)]","[0.37916666666666665, 0.056666666666666664]","[0.0016666666666666668, -0.2841666666666667]","[1, 1]","[0, 0]","[0, 0]","[0.697935400006827, 1.5310752999939723]","[None, 'button2']",1,[1.5493500000011409],[1.5493636000028346],0,,,0,,,0,,,0,,,0,,,0,,,0,,,0,,,0,,,0,,,0,,,0,,,0,,,0,,,277.0122190999973,277.0190290000028,277.0190290000028,277.0190290000028,277.0190290000028,277.0190290000028,277.0190290000028,277.0190290000028,277.82880889999797,1,[0.8340557999908924],[0.8340696999803185],0,,,0,,,0,,,0,,,0,,,0,,,0,,,0,,,0,,,0,,,0,,,0,,,0,,,0,,,None,277.829601999998,277.83929229999194,278.303654599993,278.1726961999957,"['Blue', 'Bordeaux', 'Red', 'Pink', 'Purple', 'Pink', 'Pink', 'Seafoam']",277.0190290000028,,,,,275.1363433999941,,,,,,,,,,,,,,,,,,,,,,,,,,,,,,,,,,,,,,,,,,,,,,002,002,2026-04-16_19h27.37.383,Train3Laptop,,2026.1.1,59.52618348549189,2026-04-16 19h27.38.734524 +0200,
03-1,006_Brown.jpg,True,Brown,53,20,0,03-1/006_Brown_0.png,8,8,0,"['space', 'space', 'space', 'space', 'space']","[2.5508273000014015, 3.039860699995188, 4.308792899988475, 5.673791499997606, 7.1190944999980275]","[0.11543839999649208, 0.0705485999933444, 0.10652810000465252, 0.10708580000209622, 0.06609320000279695]",1,16.77903309999965,16.779040599998552,0,,,0,,,0,,,0,,,0,,,0,,,0,,,0,,,0,,,0,,,0,,,0,,,0,,,5.0,1.2974086000031093,"[(5.0, 1.2974086000031093)]","[0.365, 0.0325]","[0.0075, -0.29333333333333333]","[1, 1]","[0, 0]","[0, 0]","[1.1808142999943811, 2.3342158000014024]","[None, 'button2']",1,[2.3505294999922626],[2.3505375999957323],0,,,0,,,0,,,0,,,0,,,0,,,0,,,0,,,0,,,0,,,0,,,0,,,0,,,0,,,1,[0.6325516999932006],[0.6325606999889715],0,,,0,,,0,,,0,,,0,,,0,,,0,,,0,,,0,,,0,,,0,,,0,,,0,,,0,,,None,0,8,8,14,278.303654599993,,,,,,,,,,,03-1/006_Brown_0.png,278.17437880000216,278.17496299999766,03-1/006_Brown_0.png,True,Brown,53,20,0,"[3.5376462999993237, 3.955502600001637, 5.294561900009285, 6.599879600005806, 8.0460366000043]",03-1/006_Brown_0.png,9,,278.192833699999,278.303654599993,278.303654599993,278.303654599993,278.303654599993,278.303654599993,278.303654599993,278.303654599993,278.303654599993,278.303654599993,278.303654599993,278.303654599993,278.303654599993,278.303654599993,278.303654599993,278.303654599993,278.303654599993,278.303654599993,278.303654599993,278.303654599993,278.303654599993,278.45318509999197,279.087056999997,294.95616329999757,Brown,1,"['space', 'space', 'space', 'space', 'space']","[2.5508273000014015, 3.039860699995188, 4.308792899988475, 5.673791499997606, 7.1190944999980275]","[0.11543839999649208, 0.0705485999933444, 0.10652810000465252, 0.10708580000209622, 0.06609320000279695]",1,16.77903309999965,16.779040599998552,0,,,0,,,0,,,0,,,0,,,0,,,0,,,0,,,0,,,0,,,0,,,0,,,0,,,Brown,297.6595791,297.67232250000234,298.00604150000436,295.32164130000456,295.3692269000021,295.3692269000021,0.015338699988205917,295.3692269000021,,296.6686386999936,297.6591499999922,5.0,1.2974086000031093,"[(5.0, 1.2974086000031093)]","[0.365, 0.0325]","[0.0075, -0.29333333333333333]","[1, 1]","[0, 0]","[0, 0]","[1.1808142999943811, 2.3342158000014024]","[None, 'button2']",1,[2.3505294999922626],[2.3505375999957323],0,,,0,,,0,,,0,,,0,,,0,,,0,,,0,,,0,,,0,,,0,,,0,,,0,,,0,,,298.02909640000144,298.0527663999965,298.0527663999965,298.0527663999965,298.0527663999965,298.0527663999965,298.0527663999965,298.0527663999965,298.6441793999984,1,[0.6325516999932006],[0.6325606999889715],0,,,0,,,0,,,0,,,0,,,0,,,0,,,0,,,0,,,0,,,0,,,0,,,0,,,0,,,None,298.64455409999937,298.6568597000005,299.1223234999925,298.9904349999997,"['Blue', 'Bordeaux', 'Red', 'Pink', 'Purple', 'Pink', 'Pink', 'Seafoam', 'Brown']",298.0527663999965,,,,,,295.3692269000021,,,,,,,,,,,,,,,,,,,,,,,,,,,,,,,,,,,,,,,,,,,,,002,002,2026-04-16_19h27.37.383,Train3Laptop,,2026.1.1,59.52618348549189,2026-04-16 19h27.38.734524 +0200,
03-1,013_Teal.jpg,True,Teal,0,48,60,03-1/013_Teal_0.png,9,9,0,['space'],[2.3406150999944657],[0.0888044000021182],0,,,1,12.816172100006952,12.816223700006958,0,,,0,,,0,,,0,,,0,,,0,,,0,,,0,,,0,,,0,,,0,,,0,,,5.0,0.8314114000095287,"[(5.0, 0.8314114000095287)]","[0.385, 0.030833333333333334]","[-0.006666666666666667, -0.305]","[1, 1]","[0, 0]","[0, 0]","[0.7364816000044812, 1.6197438000090187]","[None, 'button2']",1,[1.6246282999927644],[1.6246390000014799],0,,,0,,,0,,,0,,,0,,,0,,,0,,,0,,,0,,,0,,,0,,,0,,,0,,,0,,,1,[0.5007958000060171],[0.5008108000038192],0,,,0,,,0,,,0,,,0,,,0,,,0,,,0,,,0,,,0,,,0,,,0,,,0,,,0,,,None,0,9,9,24,299.1223234999925,,,,,,,,,,,03-1/013_Teal_0.png,298.9913063999993,298.9917174000002,03-1/013_Teal_0.png,True,Teal,0,48,60,"[1.335248400006094, 3.3946208999986993]",03-1/013_Teal_0.png,10,,299.00243029999547,299.1223234999925,299.1223234999925,299.1223234999925,299.1223234999925,299.1223234999925,299.1223234999925,299.1223234999925,299.1223234999925,299.1223234999925,299.1223234999925,299.1223234999925,299.1223234999925,299.1223234999925,299.1223234999925,299.1223234999925,299.1223234999925,299.1223234999925,299.1223234999925,299.1223234999925,299.1223234999925,299.3223813999939,300.0071106999967,311.8112930999923,Teal,2,['space'],[2.3406150999944657],[0.0888044000021182],0,,,1,12.816172100006952,12.816223700006958,0,,,0,,,0,,,0,,,0,,,0,,,0,,,0,,,0,,,0,,,0,,,0,,,Teal,313.78940870000224,313.8049333999952,314.1394048999937,312.1655587999994,312.1847734000039,312.1847734000039,0.004136300005484372,312.1847734000039,,313.0203102999949,313.788667899993,5.0,0.8314114000095287,"[(5.0, 0.8314114000095287)]","[0.385, 0.030833333333333334]","[-0.006666666666666667, -0.305]","[1, 1]","[0, 0]","[0, 0]","[0.7364816000044812, 1.6197438000090187]","[None, 'button2']",1,[1.6246282999927644],[1.6246390000014799],0,,,0,,,0,,,0,,,0,,,0,,,0,,,0,,,0,,,0,,,0,,,0,,,0,,,0,,,314.1628467999981,314.18470919999527,314.18470919999527,314.18470919999527,314.18470919999527,314.18470919999527,314.18470919999527,314.18470919999527,314.6440614000021,1,[0.5007958000060171],[0.5008108000038192],0,,,0,,,0,,,0,,,0,,,0,,,0,,,0,,,0,,,0,,,0,,,0,,,0,,,0,,,None,314.6446663999959,314.654437899997,315.1026342999976,314.98835719999624,"['Blue', 'Bordeaux', 'Red', 'Pink', 'Purple', 'Pink', 'Pink', 'Seafoam', 'Brown', 'Teal']",314.18470919999527,,,,,,,312.1847734000039,,,,,,,,,,,,,,,,,,,,,,,,,,,,,,,,,,,,,,,,,,,,002,002,2026-04-16_19h27.37.383,Train3Laptop,,2026.1.1,59.52618348549189,2026-04-16 19h27.38.734524 +0200,
03-1,029_Teal.jpg,True,Teal,0,47,43,03-1/029_Teal_0.png,10,10,0,"['space', 'space']","[0.39664819999597967, 2.2000935999967624]","[0.11596080000163056, 0.08868259999144357]",0,,,1,11.512019100002362,11.512032800004818,0,,,0,,,0,,,0,,,0,,,0,,,0,,,0,,,0,,,0,,,0,,,0,,,5.0,0.8160525999992387,"[(5.0, 0.8160525999992387)]","[0.39416666666666667, 0.06333333333333334]","[0.028333333333333332, -0.2925]","[1, 1]","[0, 0]","[0, 0]","[0.6874121000000741, 2.035162100000889]","[None, 'button2']",1,[2.0477635999850463],[2.0477702999924077],0,,,0,,,0,,,0,,,0,,,0,,,0,,,0,,,0,,,0,,,0,,,0,,,0,,,0,,,1,[0.5504517999943346],[0.5504671999951825],0,,,0,,,0,,,0,,,0,,,0,,,0,,,0,,,0,,,0,,,0,,,0,,,0,,,0,,,None,0,10,10,32,315.1026342999976,,,,,,,,,,,03-1/029_Teal_0.png,314.9900306999916,314.9907041999977,03-1/029_Teal_0.png,True,Teal,0,47,43,"[1.3208335999952396, 3.1325849999993807]",03-1/029_Teal_0.png,11,,315.0063455999916,315.1026342999976,315.1026342999976,315.1026342999976,315.1026342999976,315.1026342999976,315.1026342999976,315.1026342999976,315.1026342999976,315.1026342999976,315.1026342999976,315.1026342999976,315.1026342999976,315.1026342999976,315.1026342999976,315.1026342999976,315.1026342999976,315.1026342999976,315.1026342999976,315.1026342999976,315.1026342999976,315.3200516999932,315.88618689999566,326.5053828999953,Teal,2,"['space', 'space']","[0.39664819999597967, 2.2000935999967624]","[0.11596080000163056, 0.08868259999144357]",0,,,1,11.512019100002362,11.512032800004818,0,,,0,,,0,,,0,,,0,,,0,,,0,,,0,,,0,,,0,,,0,,,0,,,Teal,328.9056009999913,328.9217279000004,329.2557186999911,326.8670470999932,326.9011671000044,326.9011671000044,0.011584099993342534,326.9011671000044,,327.73423499999626,328.90513729999657,5.0,0.8160525999992387,"[(5.0, 0.8160525999992387)]","[0.39416666666666667, 0.06333333333333334]","[0.028333333333333332, -0.2925]","[1, 1]","[0, 0]","[0, 0]","[0.6874121000000741, 2.035162100000889]","[None, 'button2']",1,[2.0477635999850463],[2.0477702999924077],0,,,0,,,0,,,0,,,0,,,0,,,0,,,0,,,0,,,0,,,0,,,0,,,0,,,0,,,329.27318899999955,329.284379100005,329.284379100005,329.284379100005,329.284379100005,329.284379100005,329.284379100005,329.284379100005,329.8090330999985,1,[0.5504517999943346],[0.5504671999951825],0,,,0,,,0,,,0,,,0,,,0,,,0,,,0,,,0,,,0,,,0,,,0,,,0,,,0,,,None,329.80962459999137,329.81988559999445,330.2691649000044,330.15396959999634,"['Blue', 'Bordeaux', 'Red', 'Pink', 'Purple', 'Pink', 'Pink', 'Seafoam', 'Brown', 'Teal', 'Teal']",329.284379100005,,,,,,,326.9011671000044,,,,,,,,,,,,,,,,,,,,,,,,,,,,,,,,,,,,,,,,,,,,002,002,2026-04-16_19h27.37.383,Train3Laptop,,2026.1.1,59.52618348549189,2026-04-16 19h27.38.734524 +0200,
02-1,008_Orange.jpg,True,Orange,100,53,0,02-1/008_Orange_0.png,11,11,0,['space'],[7.800452200011932],[0.07068789999175351],0,,,0,,,0,,,0,,,0,,,0,,,0,,,1,12.049429300008342,12.049438700007158,0,,,0,,,0,,,0,,,0,,,0,,,5.0,1.1987994000082836,"[(5.0, 1.1987994000082836)]","[0.38916666666666666, -0.004166666666666667]","[-0.02, -0.31083333333333335]","[1, 1]","[0, 0]","[0, 0]","[1.0507872000016505, 1.950065099998028]","[None, 'button2']",1,[1.9604958999843802],[1.9605058999877656],0,,,0,,,0,,,0,,,0,,,0,,,0,,,0,,,0,,,0,,,0,,,0,,,0,,,0,,,1,[0.5821435999969253],[0.5821527999942191],0,,,0,,,0,,,0,,,0,,,0,,,0,,,0,,,0,,,0,,,0,,,0,,,0,,,0,,,None,0,11,11,7,330.2691649000044,,,,,,,,,,,02-1/008_Orange_0.png,330.15560299999197,330.1562339999946,02-1/008_Orange_0.png,True,Orange,100,53,0,"[1.3312941000040155, 8.76210780000838]",02-1/008_Orange_0.png,12,,330.1711370999983,330.2691649000044,330.2691649000044,330.2691649000044,330.2691649000044,330.2691649000044,330.2691649000044,330.2691649000044,330.2691649000044,330.2691649000044,330.2691649000044,330.2691649000044,330.2691649000044,330.2691649000044,330.2691649000044,330.2691649000044,330.2691649000044,330.2691649000044,330.2691649000044,330.2691649000044,330.2691649000044,330.4849961,331.1029908999917,342.2074253000028,Orange,2,['space'],[7.800452200011932],[0.07068789999175351],0,,,0,,,0,,,0,,,0,,,0,,,0,,,1,12.049429300008342,12.049438700007158,0,,,0,,,0,,,0,,,0,,,0,,,Orange,344.5213689999946,344.53668969999126,344.8854190999991,342.5666004999948,342.60068540000066,342.60068540000066,0.009056099996087141,342.60068540000066,,343.8171513999987,344.52063509999425,5.0,1.1987994000082836,"[(5.0, 1.1987994000082836)]","[0.38916666666666666, -0.004166666666666667]","[-0.02, -0.31083333333333335]","[1, 1]","[0, 0]","[0, 0]","[1.0507872000016505, 1.950065099998028]","[None, 'button2']",1,[1.9604958999843802],[1.9605058999877656],0,,,0,,,0,,,0,,,0,,,0,,,0,,,0,,,0,,,0,,,0,,,0,,,0,,,0,,,344.89809269999387,344.9161877000006,344.9161877000006,344.9161877000006,344.9161877000006,344.9161877000006,344.9161877000006,344.9161877000006,345.45749349999824,1,[0.5821435999969253],[0.5821527999942191],0,,,0,,,0,,,0,,,0,,,0,,,0,,,0,,,0,,,0,,,0,,,0,,,0,,,0,,,None,345.4581111000007,345.4701238999987,345.9018922999967,345.803668499997,"['Blue', 'Bordeaux', 'Red', 'Pink', 'Purple', 'Pink', 'Pink', 'Seafoam', 'Brown', 'Teal', 'Teal', 'Orange']",342.60068540000066,,,,,,,,342.60068540000066,,,,,,,,,,,,,,,,,,,,,,,,,,,,,,,,,,,,,,,,,,,002,002,2026-04-16_19h27.37.383,Train3Laptop,,2026.1.1,59.52618348549189,2026-04-16 19h27.38.734524 +0200,
03-1,011_Teal.jpg,True,Teal,0,45,54,03-1/011_Teal_0.png,12,12,0,"['space', 'space']","[0.6962076999916462, 3.503259599994635]","[0.11566280000261031, 0.10691410000436008]",0,,,1,10.059337800004869,10.059343600005377,0,,,0,,,0,,,0,,,0,,,0,,,0,,,0,,,0,,,0,,,0,,,0,,,5.0,0.9136848999914946,"[(5.0, 0.9136848999914946)]","[0.375, 0.08583333333333333]","[0.0016666666666666668, -0.255]","[1, 1]","[0, 0]","[0, 0]","[0.7692705999943428, 1.9191437999979826]","[None, 'button2']",1,[1.9342065999953775],[1.934209999992163],0,,,0,,,0,,,0,,,0,,,0,,,0,,,0,,,0,,,0,,,0,,,0,,,0,,,0,,,1,[0.7524070999934338],[0.7524224999942817],0,,,0,,,0,,,0,,,0,,,0,,,0,,,0,,,0,,,0,,,0,,,0,,,0,,,0,,,None,0,12,12,18,345.9018922999967,,,,,,,,,,,03-1/011_Teal_0.png,345.80544889999146,345.80592099999194,03-1/011_Teal_0.png,True,Teal,0,45,54,"[1.636358800009475, 4.450738700004877]",03-1/011_Teal_0.png,13,,345.8233826999931,345.9018922999967,345.9018922999967,345.9018922999967,345.9018922999967,345.9018922999967,345.9018922999967,345.9018922999967,345.9018922999967,345.9018922999967,345.9018922999967,345.9018922999967,345.9018922999967,345.9018922999967,345.9018922999967,345.9018922999967,345.9018922999967,345.9018922999967,345.9018922999967,345.9018922999967,345.9018922999967,346.100920900004,346.71812999999383,355.8674652999907,Teal,2,"['space', 'space']","[0.6962076999916462, 3.503259599994635]","[0.11566280000261031, 0.10691410000436008]",0,,,1,10.059337800004869,10.059343600005377,0,,,0,,,0,,,0,,,0,,,0,,,0,,,0,,,0,,,0,,,0,,,0,,,Teal,358.1531951999932,358.1678474999935,358.503698600005,356.23192689999996,356.26676879999286,356.26676879999286,0.014315299995359965,356.26676879999286,,357.1831545000023,358.15281149999646,5.0,0.9136848999914946,"[(5.0, 0.9136848999914946)]","[0.375, 0.08583333333333333]","[0.0016666666666666668, -0.255]","[1, 1]","[0, 0]","[0, 0]","[0.7692705999943428, 1.9191437999979826]","[None, 'button2']",1,[1.9342065999953775],[1.934209999992163],0,,,0,,,0,,,0,,,0,,,0,,,0,,,0,,,0,,,0,,,0,,,0,,,0,,,0,,,358.5343700999947,358.54950569999346,358.54950569999346,358.54950569999346,358.54950569999346,358.54950569999346,358.54950569999346,358.54950569999346,359.25890960000106,1,[0.7524070999934338],[0.7524224999942817],0,,,0,,,0,,,0,,,0,,,0,,,0,,,0,,,0,,,0,,,0,,,0,,,0,,,0,,,None,359.2594000999961,359.2685872000002,359.7168582000013,359.60294050000084,"['Blue', 'Bordeaux', 'Red', 'Pink', 'Purple', 'Pink', 'Pink', 'Seafoam', 'Brown', 'Teal', 'Teal', 'Orange', 'Teal']",358.54950569999346,,,,,,,356.26676879999286,,,,,,,,,,,,,,,,,,,,,,,,,,,,,,,,,,,,,,,,,,,,002,002,2026-04-16_19h27.37.383,Train3Laptop,,2026.1.1,59.52618348549189,2026-04-16 19h27.38.734524 +0200,
03-1,021_Grey.jpg,True,Grey,47,51,57,03-1/021_Grey_0.png,13,13,0,['space'],[2.1056944000010844],[0.07059589998971205],0,,,0,,,0,,,1,8.336705699999584,8.336715299999923,0,,,0,,,0,,,0,,,0,,,0,,,0,,,0,,,0,,,0,,,5.0,0.8487525000091409,"[(5.0, 0.8487525000091409)]","[0.3641666666666667, 0.051666666666666666]","[0.01, -0.2775]","[1, 1]","[0, 0]","[0, 0]","[0.7324971999914851, 1.8823006000020541]","[None, 'button2']",1,[1.9002525999821955],[1.9002619999810122],0,,,0,,,0,,,0,,,0,,,0,,,0,,,0,,,0,,,0,,,0,,,0,,,0,,,0,,,1,[0.4509637000010116],[0.4509773000027053],0,,,0,,,0,,,0,,,0,,,0,,,0,,,0,,,0,,,0,,,0,,,0,,,0,,,0,,,None,0,13,13,29,359.7168582000013,,,,,,,,,,,03-1/021_Grey_0.png,359.60471379999944,359.60536509999656,03-1/021_Grey_0.png,True,Grey,47,51,57,"[2.0497021000046516, 3.0961549000057857]",03-1/021_Grey_0.png,14,,359.6227693999972,359.7168582000013,359.7168582000013,359.7168582000013,359.7168582000013,359.7168582000013,359.7168582000013,359.7168582000013,359.7168582000013,359.7168582000013,359.7168582000013,359.7168582000013,359.7168582000013,359.7168582000013,359.7168582000013,359.7168582000013,359.7168582000013,359.7168582000013,359.7168582000013,359.7168582000013,359.7168582000013,359.91628520000086,360.533912999992,367.94970369999646,Grey,2,['space'],[2.1056944000010844],[0.07059589998971205],0,,,0,,,0,,,1,8.336705699999584,8.336715299999923,0,,,0,,,0,,,0,,,0,,,0,,,0,,,0,,,0,,,0,,,Grey,370.20355449999624,370.21930549999524,370.5526794000034,368.3164867000014,368.35013049999543,368.35013049999543,0.01683419998153113,368.35013049999543,,369.2161055000033,370.2026717999979,5.0,0.8487525000091409,"[(5.0, 0.8487525000091409)]","[0.3641666666666667, 0.051666666666666666]","[0.01, -0.2775]","[1, 1]","[0, 0]","[0, 0]","[0.7324971999914851, 1.8823006000020541]","[None, 'button2']",1,[1.9002525999821955],[1.9002619999810122],0,,,0,,,0,,,0,,,0,,,0,,,0,,,0,,,0,,,0,,,0,,,0,,,0,,,0,,,370.58161459999974,370.5990179999935,370.5990179999935,370.5990179999935,370.5990179999935,370.5990179999935,370.5990179999935,370.5990179999935,371.008050599994,1,[0.4509637000010116],[0.4509773000027053],0,,,0,,,0,,,0,,,0,,,0,,,0,,,0,,,0,,,0,,,0,,,0,,,0,,,0,,,None,371.0086154000019,371.0186932999932,371.466643199994,371.3523969999951,"['Blue', 'Bordeaux', 'Red', 'Pink', 'Purple', 'Pink', 'Pink', 'Seafoam', 'Brown', 'Teal', 'Teal', 'Orange', 'Teal', 'Grey']",370.5990179999935,,,,,,,,,368.35013049999543,,,,,,,,,,,,,,,,,,,,,,,,,,,,,,,,,,,,,,,,,,002,002,2026-04-16_19h27.37.383,Train3Laptop,,2026.1.1,59.52618348549189,2026-04-16 19h27.38.734524 +0200,
03-1,019_Teal.jpg,True,Teal,0,44,49,03-1/019_Teal_0.png,14,14,0,['space'],[3.4275020000059158],[0.08872430000337772],0,,,1,10.645537799995509,10.645546800005832,0,,,0,,,0,,,0,,,0,,,0,,,0,,,0,,,0,,,0,,,0,,,0,,,5.0,0.8154577999957837,"[(5.0, 0.8154577999957837)]","[0.3825, 0.0425]","[-0.0016666666666666668, -0.2841666666666667]","[1, 1]","[0, 0]","[0, 0]","[0.6945779999950901, 1.9921056000021053]","[None, 'button2']",1,[1.998573299992131],[1.9985768000042299],0,,,0,,,0,,,0,,,0,,,0,,,0,,,0,,,0,,,0,,,0,,,0,,,0,,,0,,,1,[0.5517448999889893],[0.5517578999861144],0,,,0,,,0,,,0,,,0,,,0,,,0,,,0,,,0,,,0,,,0,,,0,,,0,,,0,,,None,0,14,14,27,371.466643199994,,,,,,,,,,,03-1/019_Teal_0.png,371.3538703999948,371.35443680000026,03-1/019_Teal_0.png,True,Teal,0,44,49,"[1.3377542999951402, 4.354922600003192]",03-1/019_Teal_0.png,15,,371.3720669000031,371.466643199994,371.466643199994,371.466643199994,371.466643199994,371.466643199994,371.466643199994,371.466643199994,371.466643199994,371.466643199994,371.466643199994,371.466643199994,371.466643199994,371.466643199994,371.466643199994,371.466643199994,371.466643199994,371.466643199994,371.466643199994,371.466643199994,371.466643199994,371.66595660000166,372.21735769999214,382.00223579999874,Teal,2,['space'],[3.4275020000059158],[0.08872430000337772],0,,,1,10.645537799995509,10.645546800005832,0,,,0,,,0,,,0,,,0,,,0,,,0,,,0,,,0,,,0,,,0,,,0,,,Teal,384.3522049000021,384.36775370000396,384.7026712999941,382.35846760000277,382.38184210000327,382.38184210000327,0.006082899999455549,382.38184210000327,,383.2157980000047,384.35193679999793,5.0,0.8154577999957837,"[(5.0, 0.8154577999957837)]","[0.3825, 0.0425]","[-0.0016666666666666668, -0.2841666666666667]","[1, 1]","[0, 0]","[0, 0]","[0.6945779999950901, 1.9921056000021053]","[None, 'button2']",1,[1.998573299992131],[1.9985768000042299],0,,,0,,,0,,,0,,,0,,,0,,,0,,,0,,,0,,,0,,,0,,,0,,,0,,,0,,,384.732931999999,384.74841499999457,384.74841499999457,384.74841499999457,384.74841499999457,384.74841499999457,384.74841499999457,384.74841499999457,385.2574955000018,1,[0.5517448999889893],[0.5517578999861144],0,,,0,,,0,,,0,,,0,,,0,,,0,,,0,,,0,,,0,,,0,,,0,,,0,,,0,,,None,385.25806439999724,385.2683249999973,385.68411750000087,385.6020026000042,"['Blue', 'Bordeaux', 'Red', 'Pink', 'Purple', 'Pink', 'Pink', 'Seafoam', 'Brown', 'Teal', 'Teal', 'Orange', 'Teal', 'Grey', 'Teal']",384.74841499999457,,,,,,,382.38184210000327,,,,,,,,,,,,,,,,,,,,,,,,,,,,,,,,,,,,,,,,,,,,002,002,2026-04-16_19h27.37.383,Train3Laptop,,2026.1.1,59.52618348549189,2026-04-16 19h27.38.734524 +0200,
01-1,029_Cyan.jpg,True,Cyan,2,100,88,01-1/029_Cyan_0.png,15,15,0,"['space', 'space']","[0.09253049999824725, 1.9544006000069203]","[0.1069493999966653, 0.09792000000015832]",0,,,0,,,0,,,0,,,0,,,0,,,0,,,0,,,0,,,0,,,0,,,1,[12.40607139999338],[12.406087600000319],0,,,0,,,5.0,1.046554999993532,"[(5.0, 1.046554999993532)]","[0.36833333333333335, 0.06333333333333334]","[-0.04583333333333333, -0.27166666666666667]","[1, 1]","[0, 0]","[0, 0]","[0.86658700001135, 1.6982264000107534]","[None, 'button2']",1,[1.7191557999904035],[1.7191658999945503],0,,,0,,,0,,,0,,,0,,,0,,,0,,,0,,,0,,,0,,,0,,,0,,,0,,,0,,,1,[0.43568389999563806],[0.4356973999965703],0,,,0,,,0,,,0,,,0,,,0,,,0,,,0,,,0,,,0,,,0,,,0,,,0,,,0,,,None,0,15,15,5,385.68411750000087,,,,,,,,,,,01-1/029_Cyan_0.png,385.6035658000037,385.60412010000437,01-1/029_Cyan_0.png,True,Cyan,2,100,88,"[1.1043164000002434, 2.959628899989184]",01-1/029_Cyan_0.png,16,,385.61183880000317,385.68411750000087,385.68411750000087,385.68411750000087,385.68411750000087,385.68411750000087,385.68411750000087,385.68411750000087,385.68411750000087,385.68411750000087,385.68411750000087,385.68411750000087,385.68411750000087,385.68411750000087,385.68411750000087,385.68411750000087,385.68411750000087,385.68411750000087,385.68411750000087,385.68411750000087,385.68411750000087,385.8831380000047,386.5682756000024,398.0129594000027,Cyan,2,"['space', 'space']","[0.09253049999824725, 1.9544006000069203]","[0.1069493999966653, 0.09792000000015832]",0,,,0,,,0,,,0,,,0,,,0,,,0,,,0,,,0,,,0,,,0,,,1,[12.40607139999338],[12.406087600000319],0,,,0,,,Cyan,400.08573340000294,400.1019737000024,400.435885400002,398.38291509999544,398.4155649000022,398.4155649000022,0.01982829999178648,398.4155649000022,,399.48175799999444,400.0849717999954,5.0,1.046554999993532,"[(5.0, 1.046554999993532)]","[0.36833333333333335, 0.06333333333333334]","[-0.04583333333333333, -0.27166666666666667]","[1, 1]","[0, 0]","[0, 0]","[0.86658700001135, 1.6982264000107534]","[None, 'button2']",1,[1.7191557999904035],[1.7191658999945503],0,,,0,,,0,,,0,,,0,,,0,,,0,,,0,,,0,,,0,,,0,,,0,,,0,,,0,,,400.4639251999906,400.48161449999316,400.48161449999316,400.48161449999316,400.48161449999316,400.48161449999316,400.48161449999316,400.48161449999316,400.8751381000038,1,[0.43568389999563806],[0.4356973999965703],0,,,0,,,0,,,0,,,0,,,0,,,0,,,0,,,0,,,0,,,0,,,0,,,0,,,0,,,None,400.8758041999972,400.8842031999957,401.33382440000423,401.2174914999923,"['Blue', 'Bordeaux', 'Red', 'Pink', 'Purple', 'Pink', 'Pink', 'Seafoam', 'Brown', 'Teal', 'Teal', 'Orange', 'Teal', 'Grey', 'Teal', 'Cyan']",400.48161449999316,,,,,,,,,,398.4155649000022,,,,,,,,,,,,,,,,,,,,,,,,,,,,,,,,,,,,,,,,,002,002,2026-04-16_19h27.37.383,Train3Laptop,,2026.1.1,59.52618348549189,2026-04-16 19h27.38.734524 +0200,
01-1,007_Cyan.jpg,True,Cyan,1,89,99,01-1/007_Cyan_0.png,16,16,0,"['space', 'space']","[0.2572547999880044, 1.7841206999873975]","[0.10670660001051147, 0.10716620000312105]",0,,,0,,,0,,,0,,,0,,,0,,,0,,,0,,,0,,,0,,,0,,,1,[15.555613599994103],[15.555619499995373],0,,,0,,,5.0,0.9650619000021834,"[(5.0, 0.9650619000021834)]","[0.3875, 0.0775]","[0.013333333333333334, -0.285]","[1, 1]","[0, 0]","[0, 0]","[0.8170097999973223, 1.6500289999967208]","[None, 'button2']",1,[1.6725621999939904],[1.6725729999889154],0,,,0,,,0,,,0,,,0,,,0,,,0,,,0,,,0,,,0,,,0,,,0,,,0,,,0,,,1,[0.4829507999820635],[0.48295879998477176],0,,,0,,,0,,,0,,,0,,,0,,,0,,,0,,,0,,,0,,,0,,,0,,,0,,,0,,,None,0,16,16,0,401.33382440000423,,,,,,,,,,,01-1/007_Cyan_0.png,401.2190435999946,401.22001059999457,01-1/007_Cyan_0.png,True,Cyan,1,89,99,"[1.1816653999994742, 2.713648999997531]",01-1/007_Cyan_0.png,17,,401.23652920000313,401.33382440000423,401.33382440000423,401.33382440000423,401.33382440000423,401.33382440000423,401.33382440000423,401.33382440000423,401.33382440000423,401.33382440000423,401.33382440000423,401.33382440000423,401.33382440000423,401.33382440000423,401.33382440000423,401.33382440000423,401.33382440000423,401.33382440000423,401.33382440000423,401.33382440000423,401.33382440000423,401.53308539999125,402.08298409999406,416.77698480000254,Cyan,2,"['space', 'space']","[0.2572547999880044, 1.7841206999873975]","[0.10670660001051147, 0.10716620000312105]",0,,,0,,,0,,,0,,,0,,,0,,,0,,,0,,,0,,,0,,,0,,,1,[15.555613599994103],[15.555619499995373],0,,,0,,,Cyan,418.8030202999944,418.8183046000049,419.15277570000035,417.14869849999377,417.1813414999924,417.1813414999924,0.02159649999521207,417.1813414999924,,418.16515800000343,418.8022473000019,5.0,0.9650619000021834,"[(5.0, 0.9650619000021834)]","[0.3875, 0.0775]","[0.013333333333333334, -0.285]","[1, 1]","[0, 0]","[0, 0]","[0.8170097999973223, 1.6500289999967208]","[None, 'button2']",1,[1.6725621999939904],[1.6725729999889154],0,,,0,,,0,,,0,,,0,,,0,,,0,,,0,,,0,,,0,,,0,,,0,,,0,,,0,,,419.1685529999959,419.1811858000001,419.1811858000001,419.1811858000001,419.1811858000001,419.1811858000001,419.1811858000001,419.1811858000001,419.6384862999985,1,[0.4829507999820635],[0.48295879998477176],0,,,0,,,0,,,0,,,0,,,0,,,0,,,0,,,0,,,0,,,0,,,0,,,0,,,0,,,None,419.63883909999277,419.64984299999196,420.0999429999938,419.9839112999907,"['Blue', 'Bordeaux', 'Red', 'Pink', 'Purple', 'Pink', 'Pink', 'Seafoam', 'Brown', 'Teal', 'Teal', 'Orange', 'Teal', 'Grey', 'Teal', 'Cyan', 'Cyan']",419.1811858000001,,,,,,,,,,417.1813414999924,,,,,,,,,,,,,,,,,,,,,,,,,,,,,,,,,,,,,,,,,002,002,2026-04-16_19h27.37.383,Train3Laptop,,2026.1.1,59.52618348549189,2026-04-16 19h27.38.734524 +0200,
02-1,011_Orange.jpg,True,Orange,99,48,0,02-1/011_Orange_0.png,17,17,0,"['space', 'space']","[3.065312199993059, 9.59869919999619]","[0.08877610000490677, 0.08882370000355877]",0,,,0,,,0,,,0,,,0,,,0,,,0,,,1,16.240271100003156,16.240276900003664,0,,,0,,,0,,,0,,,0,,,0,,,5.0,1.0506223999982467,"[(5.0, 1.0506223999982467)]","[0.36583333333333334, 0.0033333333333333335]","[-0.0025, -0.2791666666666667]","[1, 1]","[0, 0]","[0, 0]","[0.9389641000016127, 1.8226175000017975]","[None, 'button2']",1,[1.8382453999947757],[1.8382490999938454],0,,,0,,,0,,,0,,,0,,,0,,,0,,,0,,,0,,,0,,,0,,,0,,,0,,,0,,,1,[0.366176199997426],[0.36618969999835826],0,,,0,,,0,,,0,,,0,,,0,,,0,,,0,,,0,,,0,,,0,,,0,,,0,,,0,,,None,0,17,17,9,420.0999429999938,,,,,,,,,,,02-1/011_Orange_0.png,419.9855430000025,419.9869583999971,02-1/011_Orange_0.png,True,Orange,99,48,0,"[3.98933520000719, 10.520530500012683]",02-1/011_Orange_0.png,18,,420.0034070999973,420.0999429999938,420.0999429999938,420.0999429999938,420.0999429999938,420.0999429999938,420.0999429999938,420.0999429999938,420.0999429999938,420.0999429999938,420.0999429999938,420.0999429999938,420.0999429999938,420.0999429999938,420.0999429999938,420.0999429999938,420.0999429999938,420.0999429999938,420.0999429999938,420.0999429999938,420.0999429999938,420.33264880000206,420.88280289999966,436.2289460000029,Orange,2,"['space', 'space']","[3.065312199993059, 9.59869919999619]","[0.08877610000490677, 0.08882370000355877]",0,,,0,,,0,,,0,,,0,,,0,,,0,,,1,16.240271100003156,16.240276900003664,0,,,0,,,0,,,0,,,0,,,0,,,Orange,438.41885699999693,438.4322031000047,438.76730520000274,436.5939737000008,436.63101969999843,436.63101969999843,0.014880099988658912,436.63101969999843,,437.66582510000444,438.41853419999825,5.0,1.0506223999982467,"[(5.0, 1.0506223999982467)]","[0.36583333333333334, 0.0033333333333333335]","[-0.0025, -0.2791666666666667]","[1, 1]","[0, 0]","[0, 0]","[0.9389641000016127, 1.8226175000017975]","[None, 'button2']",1,[1.8382453999947757],[1.8382490999938454],0,,,0,,,0,,,0,,,0,,,0,,,0,,,0,,,0,,,0,,,0,,,0,,,0,,,0,,,438.78931609999563,438.79708079999546,438.79708079999546,438.79708079999546,438.79708079999546,438.79708079999546,438.79708079999546,438.79708079999546,439.13904130000446,1,[0.366176199997426],[0.36618969999835826],0,,,0,,,0,,,0,,,0,,,0,,,0,,,0,,,0,,,0,,,0,,,0,,,0,,,0,,,None,439.13963229999354,439.1504255000036,439.6151316000032,439.4841521999915,"['Blue', 'Bordeaux', 'Red', 'Pink', 'Purple', 'Pink', 'Pink', 'Seafoam', 'Brown', 'Teal', 'Teal', 'Orange', 'Teal', 'Grey', 'Teal', 'Cyan', 'Cyan', 'Orange']",438.79708079999546,,,,,,,,436.63101969999843,,,,,,,,,,,,,,,,,,,,,,,,,,,,,,,,,,,,,,,,,,,002,002,2026-04-16_19h27.37.383,Train3Laptop,,2026.1.1,59.52618348549189,2026-04-16 19h27.38.734524 +0200,
02-1,012_Lime-green.jpg,True,Lime-green,61,94,3,02-1/012_Lime-green_0.png,18,18,0,"['space', 'space']","[2.8988884999998845, 9.858957199990982]","[0.08908449999580625, 0.08882960000482854]",0,,,0,,,0,,,0,,,0,,,0,,,1,14.085329000008642,14.085335900002974,0,,,0,,,0,,,0,,,0,,,0,,,0,,,5.0,0.8807615999976406,"[(5.0, 0.8807615999976406)]","[0.38916666666666666, 0.04]","[-0.004166666666666667, -0.2825]","[1, 1]","[0, 0]","[0, 0]","[0.7689092999935383, 1.8684279000008246]","[None, 'button2']",1,[1.8761906999861822],[1.8761964999866905],0,,,0,,,0,,,0,,,0,,,0,,,0,,,0,,,0,,,0,,,0,,,0,,,0,,,0,,,1,[0.6000575999933062],[0.6000708999927156],0,,,0,,,0,,,0,,,0,,,0,,,0,,,0,,,0,,,0,,,0,,,0,,,0,,,0,,,None,0,18,18,10,439.6151316000032,,,,,,,,,,,02-1/012_Lime-green_0.png,439.4857819000026,439.48628409999947,02-1/012_Lime-green_0.png,True,Lime-green,61,94,3,"[3.8466712000081316, 10.799879600002896]",02-1/012_Lime-green_0.png,19,,439.50441759999376,439.6151316000032,439.6151316000032,439.6151316000032,439.6151316000032,439.6151316000032,439.6151316000032,439.6151316000032,439.6151316000032,439.6151316000032,439.6151316000032,439.6151316000032,439.6151316000032,439.6151316000032,439.6151316000032,439.6151316000032,439.6151316000032,439.6151316000032,439.6151316000032,439.6151316000032,439.6151316000032,439.780834899997,440.41531080000277,453.57347849999496,Lime-green,2,"['space', 'space']","[2.8988884999998845, 9.858957199990982]","[0.08908449999580625, 0.08882960000482854]",0,,,0,,,0,,,0,,,0,,,0,,,1,14.085329000008642,14.085335900002974,0,,,0,,,0,,,0,,,0,,,0,,,0,,,Lime-green,455.80140749999555,455.8158848000021,456.1506054999918,453.9300740000035,453.9627616999933,453.9627616999933,0.006542999995872378,453.9627616999933,,454.86358449999534,455.801094800001,5.0,0.8807615999976406,"[(5.0, 0.8807615999976406)]","[0.38916666666666666, 0.04]","[-0.004166666666666667, -0.2825]","[1, 1]","[0, 0]","[0, 0]","[0.7689092999935383, 1.8684279000008246]","[None, 'button2']",1,[1.8761906999861822],[1.8761964999866905],0,,,0,,,0,,,0,,,0,,,0,,,0,,,0,,,0,,,0,,,0,,,0,,,0,,,0,,,456.1835132999986,456.19599569999264,456.19599569999264,456.19599569999264,456.19599569999264,456.19599569999264,456.19599569999264,456.19599569999264,456.75478479999583,1,[0.6000575999933062],[0.6000708999927156],0,,,0,,,0,,,0,,,0,,,0,,,0,,,0,,,0,,,0,,,0,,,0,,,0,,,0,,,None,456.7552568999963,456.76471930000116,457.2140958999953,457.0990943999932,"['Blue', 'Bordeaux', 'Red', 'Pink', 'Purple', 'Pink', 'Pink', 'Seafoam', 'Brown', 'Teal', 'Teal', 'Orange', 'Teal', 'Grey', 'Teal', 'Cyan', 'Cyan', 'Orange', 'Lime-green']",456.19599569999264,,,,,,,,,,,453.9627616999933,,,,,,,,,,,,,,,,,,,,,,,,,,,,,,,,,,,,,,,,002,002,2026-04-16_19h27.37.383,Train3Laptop,,2026.1.1,59.52618348549189,2026-04-16 19h27.38.734524 +0200,
01-t,022_Cyan.jpg,True,Cyan,0,96,90,01-t/022_Cyan_0.png,19,19,0,"['space', 'space']","[0.2815991999959806, 2.16263269999763]","[0.11581010000372771, 0.08879330000490882]",0,,,0,,,0,,,0,,,0,,,0,,,0,,,0,,,0,,,0,,,0,,,1,[12.10187759999826],[12.101884300005622],0,,,0,,,5.0,1.1313398999918718,"[(5.0, 1.1313398999918718)]","[0.3933333333333333, 0.0725]","[0.0008333333333333334, -0.2833333333333333]","[1, 1]","[0, 0]","[0, 0]","[1.037395599996671, 1.7866264000040246]","[None, 'button2']",1,[1.7927308999933302],[1.792741199984448],0,,,0,,,0,,,0,,,0,,,0,,,0,,,0,,,0,,,0,,,0,,,0,,,0,,,0,,,1,[0.5687284000014188],[0.5687437000015052],0,,,0,,,0,,,0,,,0,,,0,,,0,,,0,,,0,,,0,,,0,,,0,,,0,,,0,,,None,0,19,19,37,457.2140958999953,,,,,,,,,,,01-t/022_Cyan_0.png,457.1005848999921,457.10113809999893,01-t/022_Cyan_0.png,True,Cyan,0,96,90,"[1.2187301000085426, 3.105206799998996]",01-t/022_Cyan_0.png,20,,457.1186289000034,457.2140958999953,457.2140958999953,457.2140958999953,457.2140958999953,457.2140958999953,457.2140958999953,457.2140958999953,457.2140958999953,457.2140958999953,457.2140958999953,457.2140958999953,457.2140958999953,457.2140958999953,457.2140958999953,457.2140958999953,457.2140958999953,457.2140958999953,457.2140958999953,457.2140958999953,457.2140958999953,457.41305000000284,458.0361860999983,469.2045505999995,Cyan,2,"['space', 'space']","[0.2815991999959806, 2.16263269999763]","[0.11581010000372771, 0.08879330000490882]",0,,,0,,,0,,,0,,,0,,,0,,,0,,,0,,,0,,,0,,,0,,,1,[12.10187759999826],[12.101884300005622],0,,,0,,,Cyan,471.35068099999626,471.36591999999655,471.6998145999969,469.56005089999235,469.5959748000023,469.5959748000023,0.005348399994545616,469.5959748000023,,470.745691899996,471.34996690000116,5.0,1.1313398999918718,"[(5.0, 1.1313398999918718)]","[0.3933333333333333, 0.0725]","[0.0008333333333333334, -0.2833333333333333]","[1, 1]","[0, 0]","[0, 0]","[1.037395599996671, 1.7866264000040246]","[None, 'button2']",1,[1.7927308999933302],[1.792741199984448],0,,,0,,,0,,,0,,,0,,,0,,,0,,,0,,,0,,,0,,,0,,,0,,,0,,,0,,,471.7281134999939,471.745963399997,471.745963399997,471.745963399997,471.745963399997,471.745963399997,471.745963399997,471.745963399997,472.27319449999777,1,[0.5687284000014188],[0.5687437000015052],0,,,0,,,0,,,0,,,0,,,0,,,0,,,0,,,0,,,0,,,0,,,0,,,0,,,0,,,None,472.2738479999971,472.28136619999714,472.72994879999897,472.61468830000376,"['Blue', 'Bordeaux', 'Red', 'Pink', 'Purple', 'Pink', 'Pink', 'Seafoam', 'Brown', 'Teal', 'Teal', 'Orange', 'Teal', 'Grey', 'Teal', 'Cyan', 'Cyan', 'Orange', 'Lime-green', 'Cyan']",471.745963399997,,,,,,,,,,469.5959748000023,,,,,,,,,,,,,,,,,,,,,,,,,,,,,,,,,,,,,,,,,002,002,2026-04-16_19h27.37.383,Train3Laptop,,2026.1.1,59.52618348549189,2026-04-16 19h27.38.734524 +0200,
03-1,006_Teal.jpg,True,Teal,0,46,53,03-1/006_Teal_0.png,20,20,0,"['space', 'space']","[0.06583529998897575, 3.0040086999943014]","[0.07989510000334121, 0.08881279999332037]",0,,,1,9.217076799992356,9.217087700002594,0,,,0,,,0,,,0,,,0,,,0,,,0,,,0,,,0,,,0,,,0,,,0,,,5.0,1.0808783999964362,"[(5.0, 1.0808783999964362)]","[0.36666666666666664, 0.043333333333333335]","[0.015, -0.2925]","[1, 1]","[0, 0]","[0, 0]","[0.9390512999962084, 2.0702309000043897]","[None, 'button2']",1,[2.0772709000011673],[2.0772791000053985],0,,,0,,,0,,,0,,,0,,,0,,,0,,,0,,,0,,,0,,,0,,,0,,,0,,,0,,,1,[0.5513060999946902],[0.5513158999965526],0,,,0,,,0,,,0,,,0,,,0,,,0,,,0,,,0,,,0,,,0,,,0,,,0,,,0,,,None,0,20,20,15,472.72994879999897,,,,,,,,,,,03-1/006_Teal_0.png,472.61620580000454,472.6172050000023,03-1/006_Teal_0.png,True,Teal,0,46,53,"[1.0099553000036394, 3.9424156000022776]",03-1/006_Teal_0.png,21,,472.6331351999979,472.72994879999897,472.72994879999897,472.72994879999897,472.72994879999897,472.72994879999897,472.72994879999897,472.72994879999897,472.72994879999897,472.72994879999897,472.72994879999897,472.72994879999897,472.72994879999897,472.72994879999897,472.72994879999897,472.72994879999897,472.72994879999897,472.72994879999897,472.72994879999897,472.72994879999897,472.72994879999897,472.9136736999935,473.51327799999854,481.83650019999186,Teal,2,"['space', 'space']","[0.06583529998897575, 3.0040086999943014]","[0.07989510000334121, 0.08881279999332037]",0,,,1,9.217076799992356,9.217087700002594,0,,,0,,,0,,,0,,,0,,,0,,,0,,,0,,,0,,,0,,,0,,,0,,,Teal,484.2661817999906,484.2832461999933,484.6167262999952,482.19310720000067,482.2125456999929,482.2125456999929,0.00644280000415165,482.2125456999929,,483.3152554999979,484.26571259999764,5.0,1.0808783999964362,"[(5.0, 1.0808783999964362)]","[0.36666666666666664, 0.043333333333333335]","[0.015, -0.2925]","[1, 1]","[0, 0]","[0, 0]","[0.9390512999962084, 2.0702309000043897]","[None, 'button2']",1,[2.0772709000011673],[2.0772791000053985],0,,,0,,,0,,,0,,,0,,,0,,,0,,,0,,,0,,,0,,,0,,,0,,,0,,,0,,,484.63739960000385,484.6455541000032,484.6455541000032,484.6455541000032,484.6455541000032,484.6455541000032,484.6455541000032,484.6455541000032,485.1700378999958,1,[0.5513060999946902],[0.5513158999965526],0,,,0,,,0,,,0,,,0,,,0,,,0,,,0,,,0,,,0,,,0,,,0,,,0,,,0,,,None,485.1704052999994,485.1826172000001,485.61399209999945,485.5153156000015,"['Blue', 'Bordeaux', 'Red', 'Pink', 'Purple', 'Pink', 'Pink', 'Seafoam', 'Brown', 'Teal', 'Teal', 'Orange', 'Teal', 'Grey', 'Teal', 'Cyan', 'Cyan', 'Orange', 'Lime-green', 'Cyan', 'Teal']",482.2125456999929,,,,,,,482.2125456999929,,,,,,,,,,,,,,,,,,,,,,,,,,,,,,,,,,,,,,,,,,,,002,002,2026-04-16_19h27.37.383,Train3Laptop,,2026.1.1,59.52618348549189,2026-04-16 19h27.38.734524 +0200,
03-1,006_Bordeaux.jpg,True,Bordeaux,51,0,12,03-1/006_Bordeaux_0.png,21,21,0,"['space', 'space']","[0.3190158999932464, 1.3364699999947334]","[0.08875130000524223, 0.08862890000455081]",0,,,0,,,1,9.533491999987746,9.533501500001876,0,,,0,,,0,,,0,,,0,,,0,,,0,,,0,,,0,,,0,,,0,,,5.0,0.8651269000110915,"[(5.0, 0.8651269000110915)]","[0.37833333333333335, 0.04583333333333333]","[0.005833333333333334, -0.2825]","[1, 1]","[0, 0]","[0, 0]","[0.733838400003151, 1.797892700007651]","[None, 'button2']",1,[1.8087250999960816],[1.8087296999874525],0,,,0,,,0,,,0,,,0,,,0,,,0,,,0,,,0,,,0,,,0,,,0,,,0,,,0,,,1,[0.5531412999844179],[0.5531551999883959],0,,,0,,,0,,,0,,,0,,,0,,,0,,,0,,,0,,,0,,,0,,,0,,,0,,,0,,,None,0,21,21,13,485.61399209999945,,,,,,,,,,,03-1/006_Bordeaux_0.png,485.5169600999943,485.5170865999971,03-1/006_Bordeaux_0.png,True,Bordeaux,51,0,12,"[1.3311529999919003, 2.349333799997112]",03-1/006_Bordeaux_0.png,22,,485.52899769999203,485.61399209999945,485.61399209999945,485.61399209999945,485.61399209999945,485.61399209999945,485.61399209999945,485.61399209999945,485.61399209999945,485.61399209999945,485.61399209999945,485.61399209999945,485.61399209999945,485.61399209999945,485.61399209999945,485.61399209999945,485.61399209999945,485.61399209999945,485.61399209999945,485.61399209999945,485.61399209999945,485.87947440000426,486.4644644999935,495.05298259999836,Bordeaux,2,"['space', 'space']","[0.3190158999932464, 1.3364699999947334]","[0.08875130000524223, 0.08862890000455081]",0,,,0,,,1,9.533491999987746,9.533501500001876,0,,,0,,,0,,,0,,,0,,,0,,,0,,,0,,,0,,,0,,,0,,,Bordeaux,497.2135222999932,497.2309608999931,497.56470079999417,495.4130625999969,495.4452329999913,495.4452329999913,0.009928200001013465,495.4452329999913,,496.32834029999503,497.21320159999595,5.0,0.8651269000110915,"[(5.0, 0.8651269000110915)]","[0.37833333333333335, 0.04583333333333333]","[0.005833333333333334, -0.2825]","[1, 1]","[0, 0]","[0, 0]","[0.733838400003151, 1.797892700007651]","[None, 'button2']",1,[1.8087250999960816],[1.8087296999874525],0,,,0,,,0,,,0,,,0,,,0,,,0,,,0,,,0,,,0,,,0,,,0,,,0,,,0,,,497.59453639999265,497.6113365999918,497.6113365999918,497.6113365999918,497.6113365999918,497.6113365999918,497.6113365999918,497.6113365999918,498.12043650000123,1,[0.5531412999844179],[0.5531551999883959],0,,,0,,,0,,,0,,,0,,,0,,,0,,,0,,,0,,,0,,,0,,,0,,,0,,,0,,,None,498.12109719999717,498.131221299991,498.579026899999,498.4646565000003,"['Blue', 'Bordeaux', 'Red', 'Pink', 'Purple', 'Pink', 'Pink', 'Seafoam', 'Brown', 'Teal', 'Teal', 'Orange', 'Teal', 'Grey', 'Teal', 'Cyan', 'Cyan', 'Orange', 'Lime-green', 'Cyan', 'Teal', 'Bordeaux']",495.4452329999913,495.4452329999913,,,,,,,,,,,,,,,,,,,,,,,,,,,,,,,,,,,,,,,,,,,,,,,,,,002,002,2026-04-16_19h27.37.383,Train3Laptop,,2026.1.1,59.52618348549189,2026-04-16 19h27.38.734524 +0200,
03-1,013_Orange.jpg,True,Orange,100,65,4,03-1/013_Orange_0.png,22,22,0,"['space', 'space']","[1.3604936999909114, 5.896689899993362]","[0.07965860000695102, 0.08859620000293944]",0,,,0,,,0,,,0,,,0,,,0,,,0,,,1,9.479328999994323,9.479338699995424,0,,,0,,,0,,,0,,,0,,,0,,,5.0,0.7969841000012821,"[(5.0, 0.7969841000012821)]","[0.3883333333333333, 0.04]","[-0.0016666666666666668, -0.27416666666666667]","[1, 1]","[0, 0]","[0, 0]","[0.6529885999916587, 1.584299899986945]","[None, 'button2']",1,[1.5975223999994341],[1.597529399994528],0,,,0,,,0,,,0,,,0,,,0,,,0,,,0,,,0,,,0,,,0,,,0,,,0,,,0,,,1,[0.5687560999940615],[0.5687690999911865],0,,,0,,,0,,,0,,,0,,,0,,,0,,,0,,,0,,,0,,,0,,,0,,,0,,,0,,,None,0,22,22,22,498.579026899999,,,,,,,,,,,03-1/013_Orange_0.png,498.46620759999496,498.46680789999664,03-1/013_Orange_0.png,True,Orange,100,65,4,"[2.308010499997181, 6.8425439999991795]",03-1/013_Orange_0.png,23,,498.48355039999296,498.579026899999,498.579026899999,498.579026899999,498.579026899999,498.579026899999,498.579026899999,498.579026899999,498.579026899999,498.579026899999,498.579026899999,498.579026899999,498.579026899999,498.579026899999,498.579026899999,498.579026899999,498.579026899999,498.579026899999,498.579026899999,498.579026899999,498.579026899999,498.7289179999934,499.3453507999948,507.9482534999988,Orange,2,"['space', 'space']","[1.3604936999909114, 5.896689899993362]","[0.07965860000695102, 0.08859620000293944]",0,,,0,,,0,,,0,,,0,,,0,,,0,,,1,9.479328999994323,9.479338699995424,0,,,0,,,0,,,0,,,0,,,0,,,Orange,509.89847060000466,509.91557759999705,510.2490531999938,508.31045520000043,508.3447621999949,508.3447621999949,0.012088199990103021,508.3447621999949,,509.1442995999969,509.89794979999715,5.0,0.7969841000012821,"[(5.0, 0.7969841000012821)]","[0.3883333333333333, 0.04]","[-0.0016666666666666668, -0.27416666666666667]","[1, 1]","[0, 0]","[0, 0]","[0.6529885999916587, 1.584299899986945]","[None, 'button2']",1,[1.5975223999994341],[1.597529399994528],0,,,0,,,0,,,0,,,0,,,0,,,0,,,0,,,0,,,0,,,0,,,0,,,0,,,0,,,510.26706879999256,510.2781927000033,510.2781927000033,510.2781927000033,510.2781927000033,510.2781927000033,510.2781927000033,510.2781927000033,510.82027549999475,1,[0.5687560999940615],[0.5687690999911865],0,,,0,,,0,,,0,,,0,,,0,,,0,,,0,,,0,,,0,,,0,,,0,,,0,,,0,,,None,510.8205930999975,510.83218650000344,512.3793727000011,511.1654400999978,"['Blue', 'Bordeaux', 'Red', 'Pink', 'Purple', 'Pink', 'Pink', 'Seafoam', 'Brown', 'Teal', 'Teal', 'Orange', 'Teal', 'Grey', 'Teal', 'Cyan', 'Cyan', 'Orange', 'Lime-green', 'Cyan', 'Teal', 'Bordeaux', 'Orange']",508.3447621999949,,,,,,,,508.3447621999949,,,,,,,,,,,,,,,,,,,,,,,,,,,,,,,,,,,,,,,,,,,002,002,2026-04-16_19h27.37.383,Train3Laptop,,2026.1.1,59.52618348549189,2026-04-16 19h27.38.734524 +0200,
03-1,024_Grey.jpg,True,Grey,42,49,52,03-1/024_Grey_0.png,23,23,0,['space'],[4.629983099992387],[0.11591240001143888],0,,,0,,,0,,,1,9.663856799990754,9.6638690999971,0,,,0,,,0,,,0,,,0,,,0,,,0,,,0,,,0,,,0,,,5.0,0.8298336000007112,"[(5.0, 0.8298336000007112)]","[0.37416666666666665, 0.056666666666666664]","[-0.0033333333333333335, -0.2808333333333333]","[1, 1]","[0, 0]","[0, 0]","[0.7161721000011312, 2.117323499987833]","[None, 'button2']",1,[2.1300693999946816],[2.130078999995021],0,,,0,,,0,,,0,,,0,,,0,,,0,,,0,,,0,,,0,,,0,,,0,,,0,,,0,,,1,[0.6476480999990599],[0.6476639000029536],0,,,0,,,0,,,0,,,0,,,0,,,0,,,0,,,0,,,0,,,0,,,0,,,0,,,0,,,None,0,23,23,30,512.3793727000011,,,,,,,,,,,03-1/024_Grey_0.png,511.16641989999334,511.16681589999644,03-1/024_Grey_0.png,True,Grey,42,49,52,"[4.064559699996607, 6.024092699997709]",03-1/024_Grey_0.png,24,,511.71284999999625,512.3793727000011,512.3793727000011,512.3793727000011,512.3793727000011,512.3793727000011,512.3793727000011,512.3793727000011,512.3793727000011,512.3793727000011,512.3793727000011,512.3793727000011,512.3793727000011,512.3793727000011,512.3793727000011,512.3793727000011,512.3793727000011,512.3793727000011,512.3793727000011,512.3793727000011,512.3793727000011,512.3793727000011,512.4638116999995,520.8348748999997,Grey,2,['space'],[4.629983099992387],[0.11591240001143888],0,,,0,,,0,,,1,9.663856799990754,9.6638690999971,0,,,0,,,0,,,0,,,0,,,0,,,0,,,0,,,0,,,0,,,Grey,523.3194935999927,523.3368552000029,523.6842731999932,521.1970532999985,521.2470040000044,521.2470040000044,0.011837799989734776,521.2470040000044,,522.0798374000005,523.3186028999917,5.0,0.8298336000007112,"[(5.0, 0.8298336000007112)]","[0.37416666666666665, 0.056666666666666664]","[-0.0033333333333333335, -0.2808333333333333]","[1, 1]","[0, 0]","[0, 0]","[0.7161721000011312, 2.117323499987833]","[None, 'button2']",1,[2.1300693999946816],[2.130078999995021],0,,,0,,,0,,,0,,,0,,,0,,,0,,,0,,,0,,,0,,,0,,,0,,,0,,,0,,,523.7168859999947,523.7297689999978,523.7297689999978,523.7297689999978,523.7297689999978,523.7297689999978,523.7297689999978,523.7297689999978,524.3204648999963,1,[0.6476480999990599],[0.6476639000029536],0,,,0,,,0,,,0,,,0,,,0,,,0,,,0,,,0,,,0,,,0,,,0,,,0,,,0,,,None,524.3211229000008,524.3345170999964,524.8501732000004,524.6679983999929,"['Blue', 'Bordeaux', 'Red', 'Pink', 'Purple', 'Pink', 'Pink', 'Seafoam', 'Brown', 'Teal', 'Teal', 'Orange', 'Teal', 'Grey', 'Teal', 'Cyan', 'Cyan', 'Orange', 'Lime-green', 'Cyan', 'Teal', 'Bordeaux', 'Orange', 'Grey']",521.2470040000044,,,,,,,,,521.2470040000044,,,,,,,,,,,,,,,,,,,,,,,,,,,,,,,,,,,,,,,,,,002,002,2026-04-16_19h27.37.383,Train3Laptop,,2026.1.1,59.52618348549189,2026-04-16 19h27.38.734524 +0200,
03-1,019_Brown.jpg,True,Brown,50,17,0,03-1/019_Brown_0.png,24,24,0,"['space', 'space']","[0.3423412000120152, 1.2333631000074092]","[0.10682749999978114, 0.08881489999475889]",1,8.666202299995348,8.666208800001186,0,,,0,,,0,,,0,,,0,,,0,,,0,,,0,,,0,,,0,,,0,,,0,,,0,,,5.0,1.03018489999522,"[(5.0, 1.03018489999522)]","[0.37916666666666665, 0.0016666666666666668]","[0.013333333333333334, -0.2875]","[1, 1]","[0, 0]","[0, 0]","[0.886997399997199, 1.8692307000019355]","[None, 'button2']",1,[1.8734083999879658],[1.8734188999806065],0,,,0,,,0,,,0,,,0,,,0,,,0,,,0,,,0,,,0,,,0,,,0,,,0,,,0,,,1,[0.5166750999924261],[0.516682999994373],0,,,0,,,0,,,0,,,0,,,0,,,0,,,0,,,0,,,0,,,0,,,0,,,0,,,0,,,None,0,24,24,26,524.8501732000004,,,,,,,,,,,03-1/019_Brown_0.png,524.6694671000005,524.6702087000012,03-1/019_Brown_0.png,True,Brown,50,17,0,"[1.338801300007617, 2.2760478999989573, 4.115492900004028]",03-1/019_Brown_0.png,25,,524.6859272000002,524.8501732000004,524.8501732000004,524.8501732000004,524.8501732000004,524.8501732000004,524.8501732000004,524.8501732000004,524.8501732000004,524.8501732000004,524.8501732000004,524.8501732000004,524.8501732000004,524.8501732000004,524.8501732000004,524.8501732000004,524.8501732000004,524.8501732000004,524.8501732000004,524.8501732000004,524.8501732000004,525.1149828999914,525.6504743999976,533.3377301,Brown,3,"['space', 'space']","[0.3423412000120152, 1.2333631000074092]","[0.10682749999978114, 0.08881489999475889]",1,8.666202299995348,8.666208800001186,0,,,0,,,0,,,0,,,0,,,0,,,0,,,0,,,0,,,0,,,0,,,0,,,0,,,Brown,535.5654891000013,535.5805756999907,535.9149884999933,533.691287900001,533.7272416000051,533.7272416000051,0.0033781999809434637,533.7272416000051,,534.7768106000003,535.5647227000009,5.0,1.03018489999522,"[(5.0, 1.03018489999522)]","[0.37916666666666665, 0.0016666666666666668]","[0.013333333333333334, -0.2875]","[1, 1]","[0, 0]","[0, 0]","[0.886997399997199, 1.8692307000019355]","[None, 'button2']",1,[1.8734083999879658],[1.8734188999806065],0,,,0,,,0,,,0,,,0,,,0,,,0,,,0,,,0,,,0,,,0,,,0,,,0,,,0,,,535.9400001000031,535.9601805999991,535.9601805999991,535.9601805999991,535.9601805999991,535.9601805999991,535.9601805999991,535.9601805999991,536.4348249000032,1,[0.5166750999924261],[0.516682999994373],0,,,0,,,0,,,0,,,0,,,0,,,0,,,0,,,0,,,0,,,0,,,0,,,0,,,0,,,None,536.4352084999991,536.4457529999927,536.9125741000025,536.7806414999941,"['Blue', 'Bordeaux', 'Red', 'Pink', 'Purple', 'Pink', 'Pink', 'Seafoam', 'Brown', 'Teal', 'Teal', 'Orange', 'Teal', 'Grey', 'Teal', 'Cyan', 'Cyan', 'Orange', 'Lime-green', 'Cyan', 'Teal', 'Bordeaux', 'Orange', 'Grey', 'Brown']",535.9601805999991,,,,,,533.7272416000051,,,,,,,,,,,,,,,,,,,,,,,,,,,,,,,,,,,,,,,,,,,,,002,002,2026-04-16_19h27.37.383,Train3Laptop,,2026.1.1,59.52618348549189,2026-04-16 19h27.38.734524 +0200,
03-1,031_Grey.jpg,True,Grey,45,49,57,03-1/031_Grey_0.png,25,25,0,"['space', 'space']","[0.9256036000006134, 2.937906799998018]","[0.07959930000652093, 0.07978460000595078]",0,,,0,,,0,,,1,7.094263999999384,7.094278899996425,0,,,0,,,0,,,0,,,0,,,0,,,0,,,0,,,0,,,0,,,5.0,1.0808312999870395,"[(5.0, 1.0808312999870395)]","[0.37416666666666665, 0.03666666666666667]","[-0.005833333333333334, -0.28]","[1, 1]","[0, 0]","[0, 0]","[0.965931400001864, 2.0178672000038205]","[None, 'button2']",1,[2.0307694999937667],[2.030778000000282],0,,,0,,,0,,,0,,,0,,,0,,,0,,,0,,,0,,,0,,,0,,,0,,,0,,,0,,,1,[0.5335829999967245],[0.5335956999915652],0,,,0,,,0,,,0,,,0,,,0,,,0,,,0,,,0,,,0,,,0,,,0,,,0,,,0,,,None,0,25,25,34,536.9125741000025,,,,,,,,,,,03-1/031_Grey_0.png,536.7821606999933,536.7838465999957,03-1/031_Grey_0.png,True,Grey,45,49,57,"[1.881973099996685, 3.930332999996608]",03-1/031_Grey_0.png,26,,536.7996949999942,536.9125741000025,536.9125741000025,536.9125741000025,536.9125741000025,536.9125741000025,536.9125741000025,536.9125741000025,536.9125741000025,536.9125741000025,536.9125741000025,536.9125741000025,536.9125741000025,536.9125741000025,536.9125741000025,536.9125741000025,536.9125741000025,536.9125741000025,536.9125741000025,536.9125741000025,536.9125741000025,537.1112130999973,537.7134765999945,543.8827826999914,Grey,2,"['space', 'space']","[0.9256036000006134, 2.937906799998018]","[0.07959930000652093, 0.07978460000595078]",0,,,0,,,0,,,1,7.094263999999384,7.094278899996425,0,,,0,,,0,,,0,,,0,,,0,,,0,,,0,,,0,,,0,,,Grey,546.2661737000017,546.2790635999991,546.6132319000026,544.2447877999948,544.2767181999952,544.2767181999952,0.011883699989994057,544.2767181999952,,545.3764934999926,546.2656568999955,5.0,1.0808312999870395,"[(5.0, 1.0808312999870395)]","[0.37416666666666665, 0.03666666666666667]","[-0.005833333333333334, -0.28]","[1, 1]","[0, 0]","[0, 0]","[0.965931400001864, 2.0178672000038205]","[None, 'button2']",1,[2.0307694999937667],[2.030778000000282],0,,,0,,,0,,,0,,,0,,,0,,,0,,,0,,,0,,,0,,,0,,,0,,,0,,,0,,,546.6452373999928,546.6603189000016,546.6603189000016,546.6603189000016,546.6603189000016,546.6603189000016,546.6603189000016,546.6603189000016,547.1539998999942,1,[0.5335829999967245],[0.5335956999915652],0,,,0,,,0,,,0,,,0,,,0,,,0,,,0,,,0,,,0,,,0,,,0,,,0,,,0,,,None,547.1546768999979,547.1627351999923,548.028917100004,547.4961436000012,"['Blue', 'Bordeaux', 'Red', 'Pink', 'Purple', 'Pink', 'Pink', 'Seafoam', 'Brown', 'Teal', 'Teal', 'Orange', 'Teal', 'Grey', 'Teal', 'Cyan', 'Cyan', 'Orange', 'Lime-green', 'Cyan', 'Teal', 'Bordeaux', 'Orange', 'Grey', 'Brown', 'Grey']",546.6603189000016,,,,,,,,,544.2767181999952,,,,,,,,,,,,,,,,,,,,,,,,,,,,,,,,,,,,,,,,,,002,002,2026-04-16_19h27.37.383,Train3Laptop,,2026.1.1,59.52618348549189,2026-04-16 19h27.38.734524 +0200,
03-1,016_Brown.jpg,True,Brown,52,18,0,03-1/016_Brown_0.png,26,26,0,"['space', 'space']","[1.0850234999961685, 2.4914160999906017]","[0.09794169999076985, 0.09768479999911506]",1,11.568768900004216,11.568777699998464,0,,,0,,,0,,,0,,,0,,,0,,,0,,,0,,,0,,,0,,,0,,,0,,,0,,,5.0,1.0139272999949753,"[(5.0, 1.0139272999949753)]","[0.37416666666666665, -0.013333333333333334]","[0.0125, -0.28583333333333333]","[1, 1]","[0, 0]","[0, 0]","[0.8723785000038333, 2.2722864000097616]","[None, 'button2']",1,[2.275635099998908],[2.2756461999961175],0,,,0,,,0,,,0,,,0,,,0,,,0,,,0,,,0,,,0,,,0,,,0,,,0,,,0,,,1,[0.5826113999937661],[0.5826258999877609],0,,,0,,,0,,,0,,,0,,,0,,,0,,,0,,,0,,,0,,,0,,,0,,,0,,,0,,,None,0,26,26,25,548.028917100004,,,,,,,,,,,03-1/016_Brown_0.png,547.497525800005,547.4980898999929,03-1/016_Brown_0.png,True,Brown,52,18,0,"[1.9926165000069886, 3.4032297000085237]",03-1/016_Brown_0.png,27,,547.5107900000003,548.028917100004,548.028917100004,548.028917100004,548.028917100004,548.028917100004,548.028917100004,548.028917100004,548.028917100004,548.028917100004,548.028917100004,548.028917100004,548.028917100004,548.028917100004,548.028917100004,548.028917100004,548.028917100004,548.028917100004,548.028917100004,548.028917100004,548.028917100004,548.1272059000039,548.3949648999987,559.0694440999941,Brown,2,"['space', 'space']","[1.0850234999961685, 2.4914160999906017]","[0.09794169999076985, 0.09768479999911506]",1,11.568768900004216,11.568777699998464,0,,,0,,,0,,,0,,,0,,,0,,,0,,,0,,,0,,,0,,,0,,,0,,,0,,,Brown,561.6991300999944,561.7132665999961,562.047347300002,559.4223885999963,559.4595439999975,559.4595439999975,0.0027519999857759103,559.4595439999975,,560.492825399997,561.6984279000026,5.0,1.0139272999949753,"[(5.0, 1.0139272999949753)]","[0.37416666666666665, -0.013333333333333334]","[0.0125, -0.28583333333333333]","[1, 1]","[0, 0]","[0, 0]","[0.8723785000038333, 2.2722864000097616]","[None, 'button2']",1,[2.275635099998908],[2.2756461999961175],0,,,0,,,0,,,0,,,0,,,0,,,0,,,0,,,0,,,0,,,0,,,0,,,0,,,0,,,562.0807761000033,562.0924928000022,562.0924928000022,562.0924928000022,562.0924928000022,562.0924928000022,562.0924928000022,562.0924928000022,562.6351940000022,1,[0.5826113999937661],[0.5826258999877609],0,,,0,,,0,,,0,,,0,,,0,,,0,,,0,,,0,,,0,,,0,,,0,,,0,,,0,,,None,562.6357270000008,562.644790899998,563.1110534000036,562.9788314000034,"['Blue', 'Bordeaux', 'Red', 'Pink', 'Purple', 'Pink', 'Pink', 'Seafoam', 'Brown', 'Teal', 'Teal', 'Orange', 'Teal', 'Grey', 'Teal', 'Cyan', 'Cyan', 'Orange', 'Lime-green', 'Cyan', 'Teal', 'Bordeaux', 'Orange', 'Grey', 'Brown', 'Grey', 'Brown']",562.0924928000022,,,,,,559.4595439999975,,,,,,,,,,,,,,,,,,,,,,,,,,,,,,,,,,,,,,,,,,,,,002,002,2026-04-16_19h27.37.383,Train3Laptop,,2026.1.1,59.52618348549189,2026-04-16 19h27.38.734524 +0200,
03-1,013_Green.jpg,True,Green,2,100,2,03-1/013_Green_0.png,27,27,0,"['space', 'space']","[0.21507340000243858, 2.049136300003738]","[0.11561269999947399, 0.08800560000236146]",0,,,0,,,0,,,0,,,0,,,0,,,0,,,0,,,0,,,0,,,0,,,0,,,0,,,1,[8.41506539999682],[8.415080699996906],5.0,0.9305328999907942,"[(5.0, 0.9305328999907942)]","[0.39666666666666667, 0.065]","[0.0016666666666666668, -0.2916666666666667]","[1, 1]","[0, 0]","[0, 0]","[0.7853326999902492, 1.7155394000001252]","[None, 'button2']",1,[1.7280416999856243],[1.728052199992817],0,,,0,,,0,,,0,,,0,,,0,,,0,,,0,,,0,,,0,,,0,,,0,,,0,,,0,,,1,[0.6690636999992421],[0.6690780999924755],0,,,0,,,0,,,0,,,0,,,0,,,0,,,0,,,0,,,0,,,0,,,0,,,0,,,0,,,None,0,27,27,20,563.1110534000036,,,,,,,,,,,03-1/013_Green_0.png,562.9803238000022,562.9809567000048,03-1/013_Green_0.png,True,Green,2,100,2,"[1.148147699990659, 3.0315834999928484]",03-1/013_Green_0.png,28,,562.9989788999956,563.1110534000036,563.1110534000036,563.1110534000036,563.1110534000036,563.1110534000036,563.1110534000036,563.1110534000036,563.1110534000036,563.1110534000036,563.1110534000036,563.1110534000036,563.1110534000036,563.1110534000036,563.1110534000036,563.1110534000036,563.1110534000036,563.1110534000036,563.1110534000036,563.1110534000036,563.1110534000036,563.2609394000028,563.9111711000005,571.3979609999951,Green,2,"['space', 'space']","[0.21507340000243858, 2.049136300003738]","[0.11561269999947399, 0.08800560000236146]",0,,,0,,,0,,,0,,,0,,,0,,,0,,,0,,,0,,,0,,,0,,,0,,,0,,,1,[8.41506539999682],[8.415080699996906],Green,573.4795023000042,573.4953069000039,573.8288990000001,571.7591857999942,571.7932832999941,571.7932832999941,0.011105699988547713,571.7932832999941,,572.7420284999971,573.4787579999975,5.0,0.9305328999907942,"[(5.0, 0.9305328999907942)]","[0.39666666666666667, 0.065]","[0.0016666666666666668, -0.2916666666666667]","[1, 1]","[0, 0]","[0, 0]","[0.7853326999902492, 1.7155394000001252]","[None, 'button2']",1,[1.7280416999856243],[1.728052199992817],0,,,0,,,0,,,0,,,0,,,0,,,0,,,0,,,0,,,0,,,0,,,0,,,0,,,0,,,573.8587780999951,573.8751714999962,573.8751714999962,573.8751714999962,573.8751714999962,573.8751714999962,573.8751714999962,573.8751714999962,574.5022910999978,1,[0.6690636999992421],[0.6690780999924755],0,,,0,,,0,,,0,,,0,,,0,,,0,,,0,,,0,,,0,,,0,,,0,,,0,,,0,,,None,574.5028959000047,574.5105167000002,574.9435238000005,574.8446038999973,"['Blue', 'Bordeaux', 'Red', 'Pink', 'Purple', 'Pink', 'Pink', 'Seafoam', 'Brown', 'Teal', 'Teal', 'Orange', 'Teal', 'Grey', 'Teal', 'Cyan', 'Cyan', 'Orange', 'Lime-green', 'Cyan', 'Teal', 'Bordeaux', 'Orange', 'Grey', 'Brown', 'Grey', 'Brown', 'Green']",573.8751714999962,,,,,,,,,,,,571.7932832999941,,,,,,,,,,,,,,,,,,,,,,,,,,,,,,,,,,,,,,,002,002,2026-04-16_19h27.37.383,Train3Laptop,,2026.1.1,59.52618348549189,2026-04-16 19h27.38.734524 +0200,
01-1,018_Purple.jpg,True,Purple,51,2,100,01-1/018_Purple_0.png,28,28,0,"['space', 'space']","[1.2499527000036323, 2.248567100003129]","[0.09794459999829996, 0.08716379999532364]",0,,,0,,,0,,,0,,,0,,,0,,,0,,,0,,,0,,,0,,,1,[9.870733099989593],[9.870743499996024],0,,,0,,,0,,,5.0,0.830444000006537,"[(5.0, 0.830444000006537)]","[0.36916666666666664, 0.0225]","[-0.0008333333333333334, -0.2733333333333333]","[1, 1]","[0, 0]","[0, 0]","[0.7169301999965683, 1.9843191999971168]","[None, 'button2']",1,[1.9907267999951728],[1.990734099992551],0,,,0,,,0,,,0,,,0,,,0,,,0,,,0,,,0,,,0,,,0,,,0,,,0,,,0,,,1,[0.6829103999916697],[0.6829245999979321],0,,,0,,,0,,,0,,,0,,,0,,,0,,,0,,,0,,,0,,,0,,,0,,,0,,,0,,,None,0,28,28,3,574.9435238000005,,,,,,,,,,,01-1/018_Purple_0.png,574.8460868999973,574.8471608999971,01-1/018_Purple_0.png,True,Purple,51,2,100,"[2.18758679999155, 3.1360908999922685]",01-1/018_Purple_0.png,29,,574.8642436999944,574.9435238000005,574.9435238000005,574.9435238000005,574.9435238000005,574.9435238000005,574.9435238000005,574.9435238000005,574.9435238000005,574.9435238000005,574.9435238000005,574.9435238000005,574.9435238000005,574.9435238000005,574.9435238000005,574.9435238000005,574.9435238000005,574.9435238000005,574.9435238000005,574.9435238000005,574.9435238000005,575.1423797000025,575.7096357999981,584.7195234999963,Purple,2,"['space', 'space']","[1.2499527000036323, 2.248567100003129]","[0.09794459999829996, 0.08716379999532364]",0,,,0,,,0,,,0,,,0,,,0,,,0,,,0,,,0,,,0,,,1,[9.870733099989593],[9.870743499996024],0,,,0,,,0,,,Purple,587.064217799998,587.0792175999959,587.4276727999968,585.0746497999935,585.1087680999917,585.1087680999917,0.005105399992316961,585.1087680999917,,585.9589208999969,587.0631409999914,5.0,0.830444000006537,"[(5.0, 0.830444000006537)]","[0.36916666666666664, 0.0225]","[-0.0008333333333333334, -0.2733333333333333]","[1, 1]","[0, 0]","[0, 0]","[0.7169301999965683, 1.9843191999971168]","[None, 'button2']",1,[1.9907267999951728],[1.990734099992551],0,,,0,,,0,,,0,,,0,,,0,,,0,,,0,,,0,,,0,,,0,,,0,,,0,,,0,,,587.4451499999996,587.4585353000002,587.4585353000002,587.4585353000002,587.4585353000002,587.4585353000002,587.4585353000002,587.4585353000002,588.0998125000042,1,[0.6829103999916697],[0.6829245999979321],0,,,0,,,0,,,0,,,0,,,0,,,0,,,0,,,0,,,0,,,0,,,0,,,0,,,0,,,None,588.1002125999948,588.1124774999917,588.5605972000048,588.4462631999922,"['Blue', 'Bordeaux', 'Red', 'Pink', 'Purple', 'Pink', 'Pink', 'Seafoam', 'Brown', 'Teal', 'Teal', 'Orange', 'Teal', 'Grey', 'Teal', 'Cyan', 'Cyan', 'Orange', 'Lime-green', 'Cyan', 'Teal', 'Bordeaux', 'Orange', 'Grey', 'Brown', 'Grey', 'Brown', 'Green', 'Purple']",585.1087680999917,,,,585.1087680999917,,,,,,,,,,,,,,,,,,,,,,,,,,,,,,,,,,,,,,,,,,,,,,,002,002,2026-04-16_19h27.37.383,Train3Laptop,,2026.1.1,59.52618348549189,2026-04-16 19h27.38.734524 +0200,
01-t,018_Yellow.jpg,True,Yellow,100,88,0,01-t/018_Yellow_0.png,29,29,0,"['space', 'space', 'space', 'space', 'space']","[0.2763364999991609, 13.394469999999274, 14.054543399994145, 14.781908099990687, 15.44184949999908]","[0.10683839999546763, 0.08907279999402817, 0.07048190000932664, 0.08904040000925306, 0.07966429999214597]",0,,,0,,,0,,,0,,,0,,,0,,,0,,,0,,,0,,,1,[24.85318130000087],[24.853188399996725],0,,,0,,,0,,,0,,,5.0,1.2643728999973973,"[(5.0, 1.2643728999973973)]","[0.36833333333333335, 0.023333333333333334]","[0.0075, -0.2775]","[1, 1]","[0, 0]","[0, 0]","[1.1492211000004318, 1.9160705999966012]","[None, 'button2']",1,[1.9389040999958524],[1.938914600003045],0,,,0,,,0,,,0,,,0,,,0,,,0,,,0,,,0,,,0,,,0,,,0,,,0,,,0,,,1,[0.6341816999920411],[0.6341961999860359],0,,,0,,,0,,,0,,,0,,,0,,,0,,,0,,,0,,,0,,,0,,,0,,,0,,,0,,,None,0,29,29,36,588.5605972000048,,,,,,,,,,,01-t/018_Yellow_0.png,588.4479592999996,588.4485893999954,01-t/018_Yellow_0.png,True,Yellow,100,88,0,"[1.225711000006413, 14.382046300001093, 14.997924099996453, 15.732141100001172, 16.39445920000435]",01-t/018_Yellow_0.png,30,,588.4662035999936,588.5605972000048,588.5605972000048,588.5605972000048,588.5605972000048,588.5605972000048,588.5605972000048,588.5605972000048,588.5605972000048,588.5605972000048,588.5605972000048,588.5605972000048,588.5605972000048,588.5605972000048,588.5605972000048,588.5605972000048,588.5605972000048,588.5605972000048,588.5605972000048,588.5605972000048,588.5605972000048,588.7272487000009,589.3774315000046,613.3032414999907,Yellow,1,"['space', 'space', 'space', 'space', 'space']","[0.2763364999991609, 13.394469999999274, 14.054543399994145, 14.781908099990687, 15.44184949999908]","[0.10683839999546763, 0.08907279999402817, 0.07048190000932664, 0.08904040000925306, 0.07966429999214597]",0,,,0,,,0,,,0,,,0,,,0,,,0,,,0,,,0,,,1,[24.85318130000087],[24.853188399996725],0,,,0,,,0,,,0,,,Yellow,615.5958195999992,615.6104989000014,615.943663099999,613.675264999998,613.7070408,613.7070408,0.02181590000691358,613.7070408,,614.9901338999916,615.5950463999907,5.0,1.2643728999973973,"[(5.0, 1.2643728999973973)]","[0.36833333333333335, 0.023333333333333334]","[0.0075, -0.2775]","[1, 1]","[0, 0]","[0, 0]","[1.1492211000004318, 1.9160705999966012]","[None, 'button2']",1,[1.9389040999958524],[1.938914600003045],0,,,0,,,0,,,0,,,0,,,0,,,0,,,0,,,0,,,0,,,0,,,0,,,0,,,0,,,615.9706369999913,615.9899594000017,615.9899594000017,615.9899594000017,615.9899594000017,615.9899594000017,615.9899594000017,615.9899594000017,616.5842727999989,1,[0.6341816999920411],[0.6341961999860359],0,,,0,,,0,,,0,,,0,,,0,,,0,,,0,,,0,,,0,,,0,,,0,,,0,,,0,,,None,616.5849944999936,616.5926255999948,617.0577954000037,616.9256183999969,"['Blue', 'Bordeaux', 'Red', 'Pink', 'Purple', 'Pink', 'Pink', 'Seafoam', 'Brown', 'Teal', 'Teal', 'Orange', 'Teal', 'Grey', 'Teal', 'Cyan', 'Cyan', 'Orange', 'Lime-green', 'Cyan', 'Teal', 'Bordeaux', 'Orange', 'Grey', 'Brown', 'Grey', 'Brown', 'Green', 'Purple', 'Yellow']",615.9899594000017,,,,,,,,,,,,,613.7070408,,,,,,,,,,,,,,,,,,,,,,,,,,,,,,,,,,,,,,002,002,2026-04-16_19h27.37.383,Train3Laptop,,2026.1.1,59.52618348549189,2026-04-16 19h27.38.734524 +0200,
03-1,029_Bordeaux.jpg,True,Bordeaux,54,0,21,03-1/029_Bordeaux_0.png,30,30,0,"['space', 'space', 'space', 'space', 'space', 'space']","[0.7444009000028018, 1.3872134999983246, 2.5933107000018936, 9.084513399997377, 10.222495499998331, 10.8411727000057]","[0.09811049999552779, 0.07977419999951962, 0.07983190000231843, 0.09776090001105331, 0.07990860000427347, 0.07071909999649506]",0,,,0,,,1,17.88336459999846,17.883374800003367,0,,,0,,,0,,,0,,,0,,,0,,,0,,,0,,,0,,,0,,,0,,,5.0,1.1163979999982985,"[(5.0, 1.1163979999982985)]","[0.36, 0.0275]","[-0.01, -0.26]","[1, 1]","[0, 0]","[0, 0]","[0.9894055999902776, 2.069303599986597]","[None, 'button2']",1,[2.0770724000030896],[2.077077099995222],0,,,0,,,0,,,0,,,0,,,0,,,0,,,0,,,0,,,0,,,0,,,0,,,0,,,0,,,1,[0.552292899999884],[0.5523094999953173],0,,,0,,,0,,,0,,,0,,,0,,,0,,,0,,,0,,,0,,,0,,,0,,,0,,,0,,,None,0,30,30,31,617.0577954000037,,,,,,,,,,,03-1/029_Bordeaux_0.png,616.9271117000026,616.9276301999926,03-1/029_Bordeaux_0.png,True,Bordeaux,54,0,21,"[1.6707423999905586, 2.325432700003148, 3.506783799995901, 10.003513100004056, 11.101387300004717, 11.769316699996125]",03-1/029_Bordeaux_0.png,31,,616.9463440999971,617.0577954000037,617.0577954000037,617.0577954000037,617.0577954000037,617.0577954000037,617.0577954000037,617.0577954000037,617.0577954000037,617.0577954000037,617.0577954000037,617.0577954000037,617.0577954000037,617.0577954000037,617.0577954000037,617.0577954000037,617.0577954000037,617.0577954000037,617.0577954000037,617.0577954000037,617.0577954000037,617.2067600000009,617.7908298999973,634.8139591999934,Bordeaux,2,"['space', 'space', 'space', 'space', 'space', 'space']","[0.7444009000028018, 1.3872134999983246, 2.5933107000018936, 9.084513399997377, 10.222495499998331, 10.8411727000057]","[0.09811049999552779, 0.07977419999951962, 0.07983190000231843, 0.09776090001105331, 0.07990860000427347, 0.07071909999649506]",0,,,0,,,1,17.88336459999846,17.883374800003367,0,,,0,,,0,,,0,,,0,,,0,,,0,,,0,,,0,,,0,,,0,,,Bordeaux,637.242816900005,637.2596275999967,637.5939464999974,635.1712321999948,635.2071947999939,635.2071947999939,0.007052700006170198,635.2071947999939,,636.3268487000023,637.2424851999967,5.0,1.1163979999982985,"[(5.0, 1.1163979999982985)]","[0.36, 0.0275]","[-0.01, -0.26]","[1, 1]","[0, 0]","[0, 0]","[0.9894055999902776, 2.069303599986597]","[None, 'button2']",1,[2.0770724000030896],[2.077077099995222],0,,,0,,,0,,,0,,,0,,,0,,,0,,,0,,,0,,,0,,,0,,,0,,,0,,,0,,,637.6174285000016,637.6401027999964,637.6401027999964,637.6401027999964,637.6401027999964,637.6401027999964,637.6401027999964,637.6401027999964,638.1486059000017,1,[0.552292899999884],[0.5523094999953173],0,,,0,,,0,,,0,,,0,,,0,,,0,,,0,,,0,,,0,,,0,,,0,,,0,,,0,,,None,638.1490748999931,638.1598304999934,638.608470399995,638.4940191999922,"['Blue', 'Bordeaux', 'Red', 'Pink', 'Purple', 'Pink', 'Pink', 'Seafoam', 'Brown', 'Teal', 'Teal', 'Orange', 'Teal', 'Grey', 'Teal', 'Cyan', 'Cyan', 'Orange', 'Lime-green', 'Cyan', 'Teal', 'Bordeaux', 'Orange', 'Grey', 'Brown', 'Grey', 'Brown', 'Green', 'Purple', 'Yellow', 'Bordeaux']",635.2071947999939,635.2071947999939,,,,,,,,,,,,,,,,,,,,,,,,,,,,,,,,,,,,,,,,,,,,,,,,,,002,002,2026-04-16_19h27.37.383,Train3Laptop,,2026.1.1,59.52618348549189,2026-04-16 19h27.38.734524 +0200,
03-1,012_Bordeaux.jpg,True,Bordeaux,50,2,24,03-1/012_Bordeaux_0.png,31,31,0,"['space', 'space', 'space', 'space']","[-0.008498399998643436, 1.9624623999989126, 6.011873600000399, 7.607224299994414]","[0.10703169999760576, 0.09798510000109673, 0.08891940000467002, 0.09778330000699498]",0,,,0,,,1,16.43723019999743,16.437237200007075,0,,,0,,,0,,,0,,,0,,,0,,,0,,,0,,,0,,,0,,,0,,,5.0,0.9972832000057679,"[(5.0, 0.9972832000057679)]","[0.3825, 0.08416666666666667]","[0.0025, -0.2683333333333333]","[1, 1]","[0, 0]","[0, 0]","[0.8731309000140755, 1.803801400004886]","[None, 'button2']",1,[1.821881999989273],[1.8218888999981573],0,,,0,,,0,,,0,,,0,,,0,,,0,,,0,,,0,,,0,,,0,,,0,,,0,,,0,,,1,[0.6013502999994671],[0.6013638000003994],0,,,0,,,0,,,0,,,0,,,0,,,0,,,0,,,0,,,0,,,0,,,0,,,0,,,0,,,None,0,31,31,19,638.608470399995,,,,,,,,,,,03-1/012_Bordeaux_0.png,638.4949771999964,638.495457099998,03-1/012_Bordeaux_0.png,True,Bordeaux,50,2,24,"[0.9495855999994092, 1.7936940000072354, 2.917814200001885, 6.9048255999950925, 8.553932299997541, 9.321901999996044]",03-1/012_Bordeaux_0.png,32,,638.5101886000048,638.608470399995,638.608470399995,638.608470399995,638.608470399995,638.608470399995,638.608470399995,638.608470399995,638.608470399995,638.608470399995,638.608470399995,638.608470399995,638.608470399995,638.608470399995,638.608470399995,638.608470399995,638.608470399995,638.608470399995,638.608470399995,638.608470399995,638.608470399995,638.7740787999937,639.3748608000024,654.9348429999955,Bordeaux,2,"['space', 'space', 'space', 'space']","[-0.008498399998643436, 1.9624623999989126, 6.011873600000399, 7.607224299994414]","[0.10703169999760576, 0.09798510000109673, 0.08891940000467002, 0.09778330000699498]",0,,,0,,,1,16.43723019999743,16.437237200007075,0,,,0,,,0,,,0,,,0,,,0,,,0,,,0,,,0,,,0,,,0,,,Bordeaux,657.1098988000012,657.1265678999916,657.4605733999924,655.3024970999977,655.3230677999964,655.3230677999964,0.017472699997597374,655.3230677999964,,656.3248724000005,657.1092468999996,5.0,0.9972832000057679,"[(5.0, 0.9972832000057679)]","[0.3825, 0.08416666666666667]","[0.0025, -0.2683333333333333]","[1, 1]","[0, 0]","[0, 0]","[0.8731309000140755, 1.803801400004886]","[None, 'button2']",1,[1.821881999989273],[1.8218888999981573],0,,,0,,,0,,,0,,,0,,,0,,,0,,,0,,,0,,,0,,,0,,,0,,,0,,,0,,,657.4726489000022,657.4894065999979,657.4894065999979,657.4894065999979,657.4894065999979,657.4894065999979,657.4894065999979,657.4894065999979,658.0650488999963,1,[0.6013502999994671],[0.6013638000003994],0,,,0,,,0,,,0,,,0,,,0,,,0,,,0,,,0,,,0,,,0,,,0,,,0,,,0,,,None,658.0657062999962,658.0762792000023,658.5246464999946,658.4091509999998,"['Blue', 'Bordeaux', 'Red', 'Pink', 'Purple', 'Pink', 'Pink', 'Seafoam', 'Brown', 'Teal', 'Teal', 'Orange', 'Teal', 'Grey', 'Teal', 'Cyan', 'Cyan', 'Orange', 'Lime-green', 'Cyan', 'Teal', 'Bordeaux', 'Orange', 'Grey', 'Brown', 'Grey', 'Brown', 'Green', 'Purple', 'Yellow', 'Bordeaux', 'Bordeaux']",657.4894065999979,655.3230677999964,,,,,,,,,,,,,,,,,,,,,,,,,,,,,,,,,,,,,,,,,,,,,,,,,,002,002,2026-04-16_19h27.37.383,Train3Laptop,,2026.1.1,59.52618348549189,2026-04-16 19h27.38.734524 +0200,
03-1,010_Brown.jpg,True,Brown,50,18,0,03-1/010_Brown_0.png,32,32,0,"['space', 'space', 'space', 'space', 'space']","[0.35861019999720156, 1.5482047999976203, 2.200245400003041, 2.8060761999950046, 5.3573722000001]","[0.07981250000011642, 0.08855190000031143, 0.08892789999663364, 0.08882410000660457, 0.1162151000025915]",1,11.750170299987076,11.750180499991984,0,,,0,,,0,,,0,,,0,,,0,,,0,,,0,,,0,,,0,,,0,,,0,,,0,,,5.0,0.9644697000039741,"[(5.0, 0.9644697000039741)]","[0.37916666666666665, 0.07583333333333334]","[0.0008333333333333334, -0.2575]","[1, 1]","[0, 0]","[0, 0]","[0.8360699000040768, 1.885124899999937]","[None, 'button2']",1,[1.894633799980511],[1.894641299993964],0,,,0,,,0,,,0,,,0,,,0,,,0,,,0,,,0,,,0,,,0,,,0,,,0,,,0,,,1,[0.8990243999869563],[0.8990400999900885],0,,,0,,,0,,,0,,,0,,,0,,,0,,,0,,,0,,,0,,,0,,,0,,,0,,,0,,,None,0,32,32,16,658.5246464999946,,,,,,,,,,,03-1/010_Brown_0.png,658.4106123999954,658.4110929000017,03-1/010_Brown_0.png,True,Brown,50,18,0,"[1.2635415999975521, 2.4507758999970974, 3.123395199989318, 3.727890299996943, 6.313175299990689]",03-1/010_Brown_0.png,33,,658.4180257999978,658.5246464999946,658.5246464999946,658.5246464999946,658.5246464999946,658.5246464999946,658.5246464999946,658.5246464999946,658.5246464999946,658.5246464999946,658.5246464999946,658.5246464999946,658.5246464999946,658.5246464999946,658.5246464999946,658.5246464999946,658.5246464999946,658.5246464999946,658.5246464999946,658.5246464999946,658.5246464999946,658.7251824999985,659.3087200000009,670.1637819000025,Brown,1,"['space', 'space', 'space', 'space', 'space']","[0.35861019999720156, 1.5482047999976203, 2.200245400003041, 2.8060761999950046, 5.3573722000001]","[0.07981250000011642, 0.08855190000031143, 0.08892789999663364, 0.08882410000660457, 0.1162151000025915]",1,11.750170299987076,11.750180499991984,0,,,0,,,0,,,0,,,0,,,0,,,0,,,0,,,0,,,0,,,0,,,0,,,0,,,Brown,672.4111372000043,672.4239576999971,672.7586578000046,670.5227331999922,670.5553814000014,670.5553814000014,0.008785099984379485,670.5553814000014,,671.5248788000026,672.4106376999989,5.0,0.9644697000039741,"[(5.0, 0.9644697000039741)]","[0.37916666666666665, 0.07583333333333334]","[0.0008333333333333334, -0.2575]","[1, 1]","[0, 0]","[0, 0]","[0.8360699000040768, 1.885124899999937]","[None, 'button2']",1,[1.894633799980511],[1.894641299993964],0,,,0,,,0,,,0,,,0,,,0,,,0,,,0,,,0,,,0,,,0,,,0,,,0,,,0,,,672.7838803999912,672.8049085999955,672.8049085999955,672.8049085999955,672.8049085999955,672.8049085999955,672.8049085999955,672.8049085999955,673.6639835999958,1,[0.8990243999869563],[0.8990400999900885],0,,,0,,,0,,,0,,,0,,,0,,,0,,,0,,,0,,,0,,,0,,,0,,,0,,,0,,,None,673.6646575999912,673.6739849000005,674.1230666999909,674.0077778999985,"['Blue', 'Bordeaux', 'Red', 'Pink', 'Purple', 'Pink', 'Pink', 'Seafoam', 'Brown', 'Teal', 'Teal', 'Orange', 'Teal', 'Grey', 'Teal', 'Cyan', 'Cyan', 'Orange', 'Lime-green', 'Cyan', 'Teal', 'Bordeaux', 'Orange', 'Grey', 'Brown', 'Grey', 'Brown', 'Green', 'Purple', 'Yellow', 'Bordeaux', 'Bordeaux', 'Brown']",672.8049085999955,,,,,,670.5553814000014,,,,,,,,,,,,,,,,,,,,,,,,,,,,,,,,,,,,,,,,,,,,,002,002,2026-04-16_19h27.37.383,Train3Laptop,,2026.1.1,59.52618348549189,2026-04-16 19h27.38.734524 +0200,
03-1,011_Brown.jpg,True,Brown,50,15,0,03-1/011_Brown_0.png,33,33,0,"['space', 'space', 'space', 'space', 'space']","[1.094071300001815, 3.446334599997499, 4.057193300002837, 4.670780800006469, 6.436623500005226]","[0.11669310000434052, 0.10693100000207778, 0.08885840000584722, 0.0888554999983171, 0.09772659999725875]",1,11.417342200002167,11.41735200000403,0,,,0,,,0,,,0,,,0,,,0,,,0,,,0,,,0,,,0,,,0,,,0,,,0,,,5.0,0.8127289999974892,"[(5.0, 0.8127289999974892)]","[0.38416666666666666, 0.058333333333333334]","[0.008333333333333333, -0.2758333333333333]","[1, 1]","[0, 0]","[0, 0]","[0.6678180000017164, 1.966340200000559]","[None, 'button2']",1,[1.975409899983788],[1.975420299990219],0,,,0,,,0,,,0,,,0,,,0,,,0,,,0,,,0,,,0,,,0,,,0,,,0,,,0,,,1,[0.5507471000018995],[0.5507637999980943],0,,,0,,,0,,,0,,,0,,,0,,,0,,,0,,,0,,,0,,,0,,,0,,,0,,,0,,,None,0,33,33,17,674.1230666999909,,,,,,,,,,,03-1/011_Brown_0.png,674.0092966999946,674.0098811999924,03-1/011_Brown_0.png,True,Brown,50,15,0,"[2.094592100009322, 4.3809932000003755, 5.060696300002746, 5.665973199997097, 7.414547100008349]",03-1/011_Brown_0.png,34,,674.0253798000049,674.1230666999909,674.1230666999909,674.1230666999909,674.1230666999909,674.1230666999909,674.1230666999909,674.1230666999909,674.1230666999909,674.1230666999909,674.1230666999909,674.1230666999909,674.1230666999909,674.1230666999909,674.1230666999909,674.1230666999909,674.1230666999909,674.1230666999909,674.1230666999909,674.1230666999909,674.1230666999909,674.3557605999958,674.9410804999934,685.4295565999928,Brown,1,"['space', 'space', 'space', 'space', 'space']","[1.094071300001815, 3.446334599997499, 4.057193300002837, 4.670780800006469, 6.436623500005226]","[0.11669310000434052, 0.10693100000207778, 0.08885840000584722, 0.0888554999983171, 0.09772659999725875]",1,11.417342200002167,11.41735200000403,0,,,0,,,0,,,0,,,0,,,0,,,0,,,0,,,0,,,0,,,0,,,0,,,0,,,Brown,687.7590787999943,687.7755057000031,688.1094790999923,685.7873890999908,685.8221357000002,685.8221357000002,0.007681499992031604,685.8221357000002,,686.6374551000044,687.7583095000009,5.0,0.8127289999974892,"[(5.0, 0.8127289999974892)]","[0.38416666666666666, 0.058333333333333334]","[0.008333333333333333, -0.2758333333333333]","[1, 1]","[0, 0]","[0, 0]","[0.6678180000017164, 1.966340200000559]","[None, 'button2']",1,[1.975409899983788],[1.975420299990219],0,,,0,,,0,,,0,,,0,,,0,,,0,,,0,,,0,,,0,,,0,,,0,,,0,,,0,,,688.1258639000007,688.1375947999913,688.1375947999913,688.1375947999913,688.1375947999913,688.1375947999913,688.1375947999913,688.1375947999913,688.6642434999958,1,[0.5507471000018995],[0.5507637999980943],0,,,0,,,0,,,0,,,0,,,0,,,0,,,0,,,0,,,0,,,0,,,0,,,0,,,0,,,None,688.6649656999944,688.6737113999989,689.1230633999949,689.0069704999914,"['Blue', 'Bordeaux', 'Red', 'Pink', 'Purple', 'Pink', 'Pink', 'Seafoam', 'Brown', 'Teal', 'Teal', 'Orange', 'Teal', 'Grey', 'Teal', 'Cyan', 'Cyan', 'Orange', 'Lime-green', 'Cyan', 'Teal', 'Bordeaux', 'Orange', 'Grey', 'Brown', 'Grey', 'Brown', 'Green', 'Purple', 'Yellow', 'Bordeaux', 'Bordeaux', 'Brown', 'Brown']",688.1375947999913,,,,,,685.8221357000002,,,,,,,,,,,,,,,,,,,,,,,,,,,,,,,,,,,,,,,,,,,,,002,002,2026-04-16_19h27.37.383,Train3Laptop,,2026.1.1,59.52618348549189,2026-04-16 19h27.38.734524 +0200,
03-1,031_Bordeaux.jpg,True,Bordeaux,47,5,21,03-1/031_Bordeaux_0.png,34,34,0,"['space', 'space']","[1.1619987999874866, 2.4881699999968987]","[0.13406330000725575, 0.11609450000105426]",1,17.40441680001095,17.40442350000376,0,,,0,,,0,,,0,,,0,,,0,,,0,,,0,,,0,,,0,,,0,,,0,,,0,,,5.0,1.1151619000011124,"[(5.0, 1.1151619000011124)]","[0.365, 0.0325]","[-0.0008333333333333334, -0.30333333333333334]","[1, 1]","[0, 0]","[0, 0]","[1.0034671000030357, 1.9518792000017129]","[None, 'button2']",1,[1.9716599999956088],[1.9716689999913797],0,,,0,,,0,,,0,,,0,,,0,,,0,,,0,,,0,,,0,,,0,,,0,,,0,,,0,,,1,[8.201265799987596],[8.20128099998692],0,,,0,,,1,[6.946811199988588],[6.94682179998199],0,,,0,,,0,,,0,,,0,,,0,,,0,,,0,,,0,,,0,,,0,,,None,0,34,34,33,689.1230633999949,,,,,,,,,,,03-1/031_Bordeaux_0.png,689.0084750999958,689.0090624000004,03-1/031_Bordeaux_0.png,True,Bordeaux,47,5,21,"[2.0925143000058597, 3.4117778000072576]",03-1/031_Bordeaux_0.png,35,,689.0233902000036,689.1230633999949,689.1230633999949,689.1230633999949,689.1230633999949,689.1230633999949,689.1230633999949,689.1230633999949,689.1230633999949,689.1230633999949,689.1230633999949,689.1230633999949,689.1230633999949,689.1230633999949,689.1230633999949,689.1230633999949,689.1230633999949,689.1230633999949,689.1230633999949,689.1230633999949,689.1230633999949,689.3053363999934,689.8891312000051,706.4162515999924,Bordeaux,2,"['space', 'space']","[1.1619987999874866, 2.4881699999968987]","[0.13406330000725575, 0.11609450000105426]",1,17.40441680001095,17.40442350000376,0,,,0,,,0,,,0,,,0,,,0,,,0,,,0,,,0,,,0,,,0,,,0,,,0,,,Brown,708.7414900000003,708.7576339999941,709.0913125999941,706.7853030999977,706.8210989999934,706.8210989999934,0.018905599994468503,706.8210989999934,,707.9229154999921,708.7407603000029,5.0,1.1151619000011124,"[(5.0, 1.1151619000011124)]","[0.365, 0.0325]","[-0.0008333333333333334, -0.30333333333333334]","[1, 1]","[0, 0]","[0, 0]","[1.0034671000030357, 1.9518792000017129]","[None, 'button2']",1,[1.9716599999956088],[1.9716689999913797],0,,,0,,,0,,,0,,,0,,,0,,,0,,,0,,,0,,,0,,,0,,,0,,,0,,,0,,,709.1143650000013,716.0736256999953,716.0736256999953,709.1536268999917,709.1536268999917,709.1536268999917,709.1536268999917,709.1536268999917,717.2955602000002,1,[8.201265799987596],[8.20128099998692],0,,,0,,,1,[6.946811199988588],[6.94682179998199],0,,,0,,,0,,,0,,,0,,,0,,,0,,,0,,,0,,,0,,,0,,,None,717.2960766000033,717.3059974999924,717.7552696999919,717.6400464000035,"['Blue', 'Bordeaux', 'Red', 'Pink', 'Purple', 'Pink', 'Pink', 'Seafoam', 'Brown', 'Teal', 'Teal', 'Orange', 'Teal', 'Grey', 'Teal', 'Cyan', 'Cyan', 'Orange', 'Lime-green', 'Cyan', 'Teal', 'Bordeaux', 'Orange', 'Grey', 'Brown', 'Grey', 'Brown', 'Green', 'Purple', 'Yellow', 'Bordeaux', 'Bordeaux', 'Brown', 'Brown', 'Brown', 'Bordeaux']",709.1536268999917,,,,,,706.8210989999934,,,,,,,,709.1536268999917,709.1536268999917,709.1536268999917,709.1536268999917,709.1536268999917,709.1536268999917,709.1536268999917,709.1536268999917,709.1536268999917,709.1536268999917,709.1536268999917,709.1536268999917,709.1536268999917,709.1536268999917,709.1536268999917,709.1536268999917,716.0573601999931,716.0573601999931,716.0573601999931,716.0573601999931,716.0573601999931,716.0573601999931,716.0573601999931,716.0573601999931,716.0573601999931,716.0573601999931,716.0573601999931,716.0573601999931,716.0736256999953,716.0736256999953,716.0736256999953,716.0736256999953,,,,,,002,002,2026-04-16_19h27.37.383,Train3Laptop,,2026.1.1,59.52618348549189,2026-04-16 19h27.38.734524 +0200,
03-1,013_Grey.jpg,True,Grey,47,53,50,03-1/013_Grey_0.png,35,35,0,"['space', 'space']","[3.5054635999986203, 4.673062100002426]","[0.10666730000230018, 0.1161052999959793]",0,,,0,,,0,,,1,9.413518199988175,9.413524299990968,0,,,0,,,0,,,0,,,0,,,0,,,0,,,0,,,0,,,0,,,5.0,1.1305351000046358,"[(5.0, 1.1305351000046358)]","[0.3875, -0.009166666666666667]","[0.008333333333333333, -0.3233333333333333]","[1, 1]","[0, 0]","[0, 0]","[0.9853568999969866, 1.9343111000052886]","[None, 'button2']",1,[1.9457352999888826],[1.945741099989391],0,,,0,,,0,,,0,,,0,,,0,,,0,,,0,,,0,,,0,,,0,,,0,,,0,,,0,,,1,[0.6023377999954391],[0.6023501999879954],0,,,0,,,0,,,0,,,0,,,0,,,0,,,0,,,0,,,0,,,0,,,0,,,0,,,0,,,None,0,35,35,21,717.7552696999919,,,,,,,,,,,03-1/013_Grey_0.png,717.6417432000017,717.6424514999962,03-1/013_Grey_0.png,True,Grey,47,53,50,"[4.431080199996359, 5.631663299995125]",03-1/013_Grey_0.png,36,,717.6583011000039,717.7552696999919,717.7552696999919,717.7552696999919,717.7552696999919,717.7552696999919,717.7552696999919,717.7552696999919,717.7552696999919,717.7552696999919,717.7552696999919,717.7552696999919,717.7552696999919,717.7552696999919,717.7552696999919,717.7552696999919,717.7552696999919,717.7552696999919,717.7552696999919,717.7552696999919,717.7552696999919,717.9224797999923,718.5229366999993,727.0583059999917,Grey,2,"['space', 'space']","[3.5054635999986203, 4.673062100002426]","[0.10666730000230018, 0.1161052999959793]",0,,,0,,,0,,,1,9.413518199988175,9.413524299990968,0,,,0,,,0,,,0,,,0,,,0,,,0,,,0,,,0,,,0,,,Grey,729.3575407000026,729.3731501000002,729.707319299996,727.4191178000037,727.4533670999954,727.4533670999954,0.010683100001187995,727.4533670999954,,728.6040446999978,729.3568071000045,5.0,1.1305351000046358,"[(5.0, 1.1305351000046358)]","[0.3875, -0.009166666666666667]","[0.008333333333333333, -0.3233333333333333]","[1, 1]","[0, 0]","[0, 0]","[0.9853568999969866, 1.9343111000052886]","[None, 'button2']",1,[1.9457352999888826],[1.945741099989391],0,,,0,,,0,,,0,,,0,,,0,,,0,,,0,,,0,,,0,,,0,,,0,,,0,,,0,,,729.7357856000017,729.7530864,729.7530864,729.7530864,729.7530864,729.7530864,729.7530864,729.7530864,730.3132878000033,1,[0.6023377999954391],[0.6023501999879954],0,,,0,,,0,,,0,,,0,,,0,,,0,,,0,,,0,,,0,,,0,,,0,,,0,,,0,,,None,730.3138704000012,730.322171199994,730.7884921999939,730.6565567999933,"['Blue', 'Bordeaux', 'Red', 'Pink', 'Purple', 'Pink', 'Pink', 'Seafoam', 'Brown', 'Teal', 'Teal', 'Orange', 'Teal', 'Grey', 'Teal', 'Cyan', 'Cyan', 'Orange', 'Lime-green', 'Cyan', 'Teal', 'Bordeaux', 'Orange', 'Grey', 'Brown', 'Grey', 'Brown', 'Green', 'Purple', 'Yellow', 'Bordeaux', 'Bordeaux', 'Brown', 'Brown', 'Brown', 'Bordeaux', 'Grey']",729.7530864,,,,,,,,,727.4533670999954,,,,,,,,,,,,,,,,,,,,,,,,,,,,,,,,,,,,,,,,,,002,002,2026-04-16_19h27.37.383,Train3Laptop,,2026.1.1,59.52618348549189,2026-04-16 19h27.38.734524 +0200,
03-1,020_Grey.jpg,True,Grey,47,44,45,03-1/020_Grey_0.png,36,36,0,"['space', 'space']","[1.6605413999932352, 3.166624099991168]","[0.10660169999755453, 0.08883670000068378]",0,,,0,,,0,,,1,6.471667799996794,6.471678100002464,0,,,0,,,0,,,0,,,0,,,0,,,0,,,0,,,0,,,0,,,5.0,0.9302491999987978,"[(5.0, 0.9302491999987978)]","[0.37083333333333335, 0.06916666666666667]","[0.0033333333333333335, -0.27416666666666667]","[1, 1]","[0, 0]","[0, 0]","[0.8013671000080649, 1.8525999000121374]","[None, 'button2']",1,[1.8703633999975864],[1.8703735000017332],0,,,0,,,0,,,0,,,0,,,0,,,0,,,0,,,0,,,0,,,0,,,0,,,0,,,0,,,1,[0.7018945000017993],[0.7019077000004472],0,,,0,,,0,,,0,,,0,,,0,,,0,,,0,,,0,,,0,,,0,,,0,,,0,,,0,,,None,0,36,36,28,730.7884921999939,,,,,,,,,,,03-1/020_Grey_0.png,730.6587047999928,730.6593960000027,03-1/020_Grey_0.png,True,Grey,47,44,45,"[2.644206099997973, 4.110157899995102]",03-1/020_Grey_0.png,37,,730.6781102999958,730.7884921999939,730.7884921999939,730.7884921999939,730.7884921999939,730.7884921999939,730.7884921999939,730.7884921999939,730.7884921999939,730.7884921999939,730.7884921999939,730.7884921999939,730.7884921999939,730.7884921999939,730.7884921999939,730.7884921999939,730.7884921999939,730.7884921999939,730.7884921999939,730.7884921999939,730.7884921999939,730.9541972000006,731.589229499994,737.1348735999927,Grey,2,"['space', 'space']","[1.6605413999932352, 3.166624099991168]","[0.10660169999755453, 0.08883670000068378]",0,,,0,,,0,,,1,6.471667799996794,6.471678100002464,0,,,0,,,0,,,0,,,0,,,0,,,0,,,0,,,0,,,0,,,Grey,739.3588749999908,739.373494600004,739.7085188999918,737.5019078000041,737.5197903999942,737.5197903999942,0.016873199987458065,737.5197903999942,,738.4872398000007,739.358104400002,5.0,0.9302491999987978,"[(5.0, 0.9302491999987978)]","[0.37083333333333335, 0.06916666666666667]","[0.0033333333333333335, -0.27416666666666667]","[1, 1]","[0, 0]","[0, 0]","[0.8013671000080649, 1.8525999000121374]","[None, 'button2']",1,[1.8703633999975864],[1.8703735000017332],0,,,0,,,0,,,0,,,0,,,0,,,0,,,0,,,0,,,0,,,0,,,0,,,0,,,0,,,739.724997199999,739.7364990999922,739.7364990999922,739.7364990999922,739.7364990999922,739.7364990999922,739.7364990999922,739.7364990999922,740.4142294000048,1,[0.7018945000017993],[0.7019077000004472],0,,,0,,,0,,,0,,,0,,,0,,,0,,,0,,,0,,,0,,,0,,,0,,,0,,,0,,,None,740.414820799997,740.4361900999938,,740.7728829999978,"['Blue', 'Bordeaux', 'Red', 'Pink', 'Purple', 'Pink', 'Pink', 'Seafoam', 'Brown', 'Teal', 'Teal', 'Orange', 'Teal', 'Grey', 'Teal', 'Cyan', 'Cyan', 'Orange', 'Lime-green', 'Cyan', 'Teal', 'Bordeaux', 'Orange', 'Grey', 'Brown', 'Grey', 'Brown', 'Green', 'Purple', 'Yellow', 'Bordeaux', 'Bordeaux', 'Brown', 'Brown', 'Brown', 'Bordeaux', 'Grey', 'Grey']",739.7364990999922,,,,,,,,,737.5197903999942,,,,,,,,,,,,,,,,,,,,,,,,,,,,,,,,,,,,,,,,,,002,002,2026-04-16_19h27.37.383,Train3Laptop,,2026.1.1,59.52618348549189,2026-04-16 19h27.38.734524 +0200,
02-1,030_Seafoam.jpg,True,Seafoam,0,99,67,02-1/030_Seafoam_0.png,37,37,0,"['space', 'space']","[0.6269429000094533, 4.728945399998338]","[0.10624549999192823, 0.1160946000018157]",0,,,0,,,0,,,0,,,1,17.625876399994013,17.625881899992237,0,,,0,,,0,,,0,,,0,,,0,,,0,,,0,,,0,,,5.0,1.113787800000864,"[(5.0, 1.113787800000864)]","[0.3825, 0.06416666666666666]","[0.005, -0.2658333333333333]","[1, 1]","[0, 0]","[0, 0]","[0.9714899999962654, 2.085685400001239]","[None, 'button2']",1,[2.099878999986686],[2.09988959999464],0,,,0,,,0,,,0,,,0,,,0,,,0,,,0,,,0,,,0,,,0,,,0,,,0,,,0,,,1,[0.6659276999998838],[0.6659395000024233],0,,,0,,,0,,,0,,,0,,,0,,,0,,,0,,,0,,,0,,,0,,,0,,,0,,,0,,,None,0,37,37,12,740.9052545000013,,,,,,,,,,,02-1/030_Seafoam_0.png,740.7743974000041,740.7751180999912,02-1/030_Seafoam_0.png,True,Seafoam,0,99,67,"[1.573556000003009, 5.6474598999921]",02-1/030_Seafoam_0.png,38,,740.790330200005,740.9052545000013,740.9052545000013,740.9052545000013,740.9052545000013,740.9052545000013,740.9052545000013,740.9052545000013,740.9052545000013,740.9052545000013,740.9052545000013,740.9052545000013,740.9052545000013,740.9052545000013,740.9052545000013,740.9052545000013,740.9052545000013,740.9052545000013,740.9052545000013,740.9052545000013,740.9052545000013,741.1051395999966,741.6885708000045,758.4027815000009,Seafoam,2,"['space', 'space']","[0.6269429000094533, 4.728945399998338]","[0.10624549999192823, 0.1160946000018157]",0,,,0,,,0,,,0,,,1,17.625876399994013,17.625881899992237,0,,,0,,,0,,,0,,,0,,,0,,,0,,,0,,,0,,,Seafoam,760.8567367999931,760.8721341999917,761.2053901000036,758.766094999999,758.8022037999908,758.8022037999908,0.013214099992183037,758.8022037999908,,759.9184089999908,760.8559924000001,5.0,1.113787800000864,"[(5.0, 1.113787800000864)]","[0.3825, 0.06416666666666666]","[0.005, -0.2658333333333333]","[1, 1]","[0, 0]","[0, 0]","[0.9714899999962654, 2.085685400001239]","[None, 'button2']",1,[2.099878999986686],[2.09988959999464],0,,,0,,,0,,,0,,,0,,,0,,,0,,,0,,,0,,,0,,,0,,,0,,,0,,,0,,,761.2222973000025,761.2349716000026,761.2349716000026,761.2349716000026,761.2349716000026,761.2349716000026,761.2349716000026,761.2349716000026,761.8757349999942,1,[0.6659276999998838],[0.6659395000024233],0,,,0,,,0,,,0,,,0,,,0,,,0,,,0,,,0,,,0,,,0,,,0,,,0,,,0,,,None,761.8761727999954,761.8882464999915,762.2687626999978,762.2222332999954,"['Blue', 'Bordeaux', 'Red', 'Pink', 'Purple', 'Pink', 'Pink', 'Seafoam', 'Brown', 'Teal', 'Teal', 'Orange', 'Teal', 'Grey', 'Teal', 'Cyan', 'Cyan', 'Orange', 'Lime-green', 'Cyan', 'Teal', 'Bordeaux', 'Orange', 'Grey', 'Brown', 'Grey', 'Brown', 'Green', 'Purple', 'Yellow', 'Bordeaux', 'Bordeaux', 'Brown', 'Brown', 'Brown', 'Bordeaux', 'Grey', 'Grey', 'Seafoam']",761.2349716000026,,,,,758.8022037999908,,,,,,,,,,,,,,,,,,,,,,,,,,,,,,,,,,,,,,,,,,,,,,002,002,2026-04-16_19h27.37.383,Train3Laptop,,2026.1.1,59.52618348549189,2026-04-16 19h27.38.734524 +0200,
,,,,,,,,,,,,,,,,,,,,,,,,,,,,,,,,,,,,,,,,,,,,,,,,,,,,,,,,,,,,,,,,,,,,,,,,,,,,,,,,,,,,,,,,,,,,,,,,,,,,,,,,,,,,,,,,,,,,,,,,,,,,,,,,,,,,,,,,,,,,,,,,,,,,,,,,,,,,,,,,,,,,,,,,,,,,,,,,,,,,,,,,,,,,,,,,,,,,,,,,,,,,,,,,,,,,,,,,,,,,,,,,,,,,,,,,,,,,,,,,,,,,,,,,,,,,,,,,,,,,,,,,,,,,,,,,,,,,,,,,,,,,,,,,,,,,,,,,,,,,,,,,,,,,,,,,,,,,,,,,,,,,,,,,,,,,,,,,,,,,,,,,,,,,,,,,,,,,,,,,,,,,,,,,,,,,,,,,,,,,,,,,,,,,,,,,,,,,,,,,,,,,,,,,,,,,,,,,,,,,,,,,,,,,,762.2480142999993,762.2687626999978,765.2211737000034,,,002,002,2026-04-16_19h27.37.383,Train3Laptop,,2026.1.1,59.52618348549189,2026-04-16 19h27.38.734524 +0200,
,,,,,,,,,,,,,,,,,,,,,,,,,,,,,,,,,,,,,,,,,,,,,,,,,,,,,,,,,,,,,,,,,,,,,,,,,,,,,,,,,,,,,,,,,,,,,,,,,,,,,,,,,,,,,,,,,,,,,,,,,,,,,,,,,,,,,,,,,,,,,,,,,,,,,,,,,,,,,,,,,,,,,,,,,,,,,,,,,,,,,,,,,,,,,,,,,,,,,,,,,,,,,,,,,Seafoam,,,,,,,,,,,,,,,,,,,,,,,,,,,,,,,,,,,,,,,,,,,,,,,,,,,,,,,,,,,,,,,,,,,,,,,,,,,,,,,,,,,,,,,,,,,,,,,,,,,,,,,,,,,,,,,,,,,,,,,,,,,,,,,,,,,,,,,,,,,,,,,,,,,,,,,,,,,,,,,,,,,,,,,,,,,,,,,,,,,,,,,,,,,,,,,,,,,,,,,,,,,,,,,,,,,,,,,,,,,,,,,38,"['Blue', 'Bordeaux', 'Red', 'Pink', 'Purple', 'Pink', 'Pink', 'Seafoam', 'Brown', 'Teal', 'Teal', 'Orange', 'Teal', 'Grey', 'Teal', 'Cyan', 'Cyan', 'Orange', 'Lime-green', 'Cyan', 'Teal', 'Bordeaux', 'Orange', 'Grey', 'Brown', 'Grey', 'Brown', 'Green', 'Purple', 'Yellow', 'Bordeaux', 'Bordeaux', 'Brown', 'Brown', 'Brown', 'Bordeaux', 'Grey', 'Grey', 'Seafoam']",,,,,,,,,
