folder,image,logical,corrColor,corrR,corrG,corrB,image_path,thisN,thisTrialN,thisRepN,spacebar.keys,spacebar.rt,spacebar.duration,brown.numClicks,brown.timesOn,brown.timesOff,teal.numClicks,teal.timesOn,teal.timesOff,bordeaux.numClicks,bordeaux.timesOn,bordeaux.timesOff,grey.numClicks,grey.timesOn,grey.timesOff,seafoam.numClicks,seafoam.timesOn,seafoam.timesOff,pink.numClicks,pink.timesOn,pink.timesOff,lime_green.numClicks,lime_green.timesOn,lime_green.timesOff,orange.numClicks,orange.timesOn,orange.timesOff,blue.numClicks,blue.timesOn,blue.timesOff,yellow.numClicks,yellow.timesOn,yellow.timesOff,purple.numClicks,purple.timesOn,purple.timesOff,cyan.numClicks,cyan.timesOn,cyan.timesOff,red.numClicks,red.timesOn,red.timesOff,green.numClicks,green.timesOn,green.timesOff,slider.response,slider.rt,slider.history,mouse_2.x,mouse_2.y,mouse_2.leftButton,mouse_2.midButton,mouse_2.rightButton,mouse_2.time,mouse_2.clicked_name,button2.numClicks,button2.timesOn,button2.timesOff,brown_3.numClicks,brown_3.timesOn,brown_3.timesOff,teal_3.numClicks,teal_3.timesOn,teal_3.timesOff,bordeaux_3.numClicks,bordeaux_3.timesOn,bordeaux_3.timesOff,grey_3.numClicks,grey_3.timesOn,grey_3.timesOff,seafoam_3.numClicks,seafoam_3.timesOn,seafoam_3.timesOff,pink_3.numClicks,pink_3.timesOn,pink_3.timesOff,lime_green_3.numClicks,lime_green_3.timesOn,lime_green_3.timesOff,orange_3.numClicks,orange_3.timesOn,orange_3.timesOff,blue_3.numClicks,blue_3.timesOn,blue_3.timesOff,yellow_3.numClicks,yellow_3.timesOn,yellow_3.timesOff,purple_3.numClicks,purple_3.timesOn,purple_3.timesOff,cyan_3.numClicks,cyan_3.timesOn,cyan_3.timesOff,red_3.numClicks,red_3.timesOn,red_3.timesOff,green_3.numClicks,green_3.timesOn,green_3.timesOff,Button3.numClicks,Button3.timesOn,Button3.timesOff,brown_2.numClicks,brown_2.timesOn,brown_2.timesOff,teal_2.numClicks,teal_2.timesOn,teal_2.timesOff,bordeaux_2.numClicks,bordeaux_2.timesOn,bordeaux_2.timesOff,grey_2.numClicks,grey_2.timesOn,grey_2.timesOff,seafoam_2.numClicks,seafoam_2.timesOn,seafoam_2.timesOff,pink_2.numClicks,pink_2.timesOn,pink_2.timesOff,lime_green_2.numClicks,lime_green_2.timesOn,lime_green_2.timesOff,orange_2.numClicks,orange_2.timesOn,orange_2.timesOff,blue_2.numClicks,blue_2.timesOn,blue_2.timesOff,yellow_2.numClicks,yellow_2.timesOn,yellow_2.timesOff,purple_2.numClicks,purple_2.timesOn,purple_2.timesOff,cyan_2.numClicks,cyan_2.timesOn,cyan_2.timesOff,red_2.numClicks,red_2.timesOn,red_2.timesOff,green_2.numClicks,green_2.timesOn,green_2.timesOff,key_resp.keys,trials.thisRepN,trials.thisTrialN,trials.thisN,trials.thisIndex,thisRow.t,notes,piloting,Welcome.started,Welcome_info.started,PressEnter.started,PressEnterToContinue.started,Welcome.stopped,PressEnter.keys,PressEnter.rt,PressEnter.duration,img_Var.routineStartVal,initiate.started,initiate.stopped,img_Var.routineEndVal,logical_Var.routineEndVal,corrColor_Var.routineEndVal,corrR_Var.routineEndVal,corrG_Var.routineEndVal,corrB_Var.routineEndVal,filterCount.routineEndVal,img_Var1.routineEndVal,trial_counter.routineEndVal,answer.routineStartVal,trial_1.started,img.started,brown.started,teal.started,bordeaux.started,grey.started,seafoam.started,pink.started,lime_green.started,orange.started,blue.started,yellow.started,purple.started,cyan.started,red.started,green.started,RBGInfo.started,G.started,B.started,counter_Text.started,total_count.started,R.started,spacebar.started,trial_1.stopped,corrColorVar.routineEndVal,filterChange.routineEndVal,trials.spacebar.keys,trials.spacebar.rt,trials.spacebar.duration,trials.brown.numClicks,trials.brown.timesOn,trials.brown.timesOff,trials.teal.numClicks,trials.teal.timesOn,trials.teal.timesOff,trials.bordeaux.numClicks,trials.bordeaux.timesOn,trials.bordeaux.timesOff,trials.grey.numClicks,trials.grey.timesOn,trials.grey.timesOff,trials.seafoam.numClicks,trials.seafoam.timesOn,trials.seafoam.timesOff,trials.pink.numClicks,trials.pink.timesOn,trials.pink.timesOff,trials.lime_green.numClicks,trials.lime_green.timesOn,trials.lime_green.timesOff,trials.orange.numClicks,trials.orange.timesOn,trials.orange.timesOff,trials.blue.numClicks,trials.blue.timesOn,trials.blue.timesOff,trials.yellow.numClicks,trials.yellow.timesOn,trials.yellow.timesOff,trials.purple.numClicks,trials.purple.timesOn,trials.purple.timesOff,trials.cyan.numClicks,trials.cyan.timesOn,trials.cyan.timesOff,trials.red.numClicks,trials.red.timesOn,trials.red.timesOff,trials.green.numClicks,trials.green.timesOn,trials.green.timesOff,answer.routineEndVal,Pause350.started,text_8.started,Pause350.stopped,confidence.started,slider.started,text_9.started,mouse_2.started,text_answer.started,bordeaux_3.started,button2.started,confidence.stopped,trials.slider.response,trials.slider.rt,trials.slider.history,trials.mouse_2.x,trials.mouse_2.y,trials.mouse_2.leftButton,trials.mouse_2.midButton,trials.mouse_2.rightButton,trials.mouse_2.time,trials.mouse_2.clicked_name,trials.button2.numClicks,trials.button2.timesOn,trials.button2.timesOff,trials.brown_3.numClicks,trials.brown_3.timesOn,trials.brown_3.timesOff,trials.teal_3.numClicks,trials.teal_3.timesOn,trials.teal_3.timesOff,trials.bordeaux_3.numClicks,trials.bordeaux_3.timesOn,trials.bordeaux_3.timesOff,trials.grey_3.numClicks,trials.grey_3.timesOn,trials.grey_3.timesOff,trials.seafoam_3.numClicks,trials.seafoam_3.timesOn,trials.seafoam_3.timesOff,trials.pink_3.numClicks,trials.pink_3.timesOn,trials.pink_3.timesOff,trials.lime_green_3.numClicks,trials.lime_green_3.timesOn,trials.lime_green_3.timesOff,trials.orange_3.numClicks,trials.orange_3.timesOn,trials.orange_3.timesOff,trials.blue_3.numClicks,trials.blue_3.timesOn,trials.blue_3.timesOff,trials.yellow_3.numClicks,trials.yellow_3.timesOn,trials.yellow_3.timesOff,trials.purple_3.numClicks,trials.purple_3.timesOn,trials.purple_3.timesOff,trials.cyan_3.numClicks,trials.cyan_3.timesOn,trials.cyan_3.timesOff,trials.red_3.numClicks,trials.red_3.timesOn,trials.red_3.timesOff,trials.green_3.numClicks,trials.green_3.timesOn,trials.green_3.timesOff,text_8.stopped,confirm.started,Button3.started,correctAnswer.started,RBGInfo_2.started,R_2.started,G_2.started,B_2.started,key_resp.started,confirm.stopped,trials.Button3.numClicks,trials.Button3.timesOn,trials.Button3.timesOff,trials.brown_2.numClicks,trials.brown_2.timesOn,trials.brown_2.timesOff,trials.teal_2.numClicks,trials.teal_2.timesOn,trials.teal_2.timesOff,trials.bordeaux_2.numClicks,trials.bordeaux_2.timesOn,trials.bordeaux_2.timesOff,trials.grey_2.numClicks,trials.grey_2.timesOn,trials.grey_2.timesOff,trials.seafoam_2.numClicks,trials.seafoam_2.timesOn,trials.seafoam_2.timesOff,trials.pink_2.numClicks,trials.pink_2.timesOn,trials.pink_2.timesOff,trials.lime_green_2.numClicks,trials.lime_green_2.timesOn,trials.lime_green_2.timesOff,trials.orange_2.numClicks,trials.orange_2.timesOn,trials.orange_2.timesOff,trials.blue_2.numClicks,trials.blue_2.timesOn,trials.blue_2.timesOff,trials.yellow_2.numClicks,trials.yellow_2.timesOn,trials.yellow_2.timesOff,trials.purple_2.numClicks,trials.purple_2.timesOn,trials.purple_2.timesOff,trials.cyan_2.numClicks,trials.cyan_2.timesOn,trials.cyan_2.timesOff,trials.red_2.numClicks,trials.red_2.timesOn,trials.red_2.timesOff,trials.green_2.numClicks,trials.green_2.timesOn,trials.green_2.timesOff,trials.key_resp.keys,PauseEnd.started,text_11.started,text_11.stopped,PauseEnd.stopped,colorList.routineEndVal,yellow_3.started,pink_3.started,grey_3.started,green_3.started,lime_green_3.started,brown_3.started,cyan_3.started,teal_3.started,red_3.started,orange_3.started,seafoam_3.started,wrongAnswer.started,corrColor_2.started,brown_2.started,teal_2.started,bordeaux_2.started,grey_2.started,seafoam_2.started,pink_2.started,lime_green_2.started,orange_2.started,blue_2.started,yellow_2.started,purple_2.started,cyan_2.started,red_2.started,green_2.started,bordeaux_2.stopped,grey_2.stopped,seafoam_2.stopped,pink_2.stopped,lime_green_2.stopped,orange_2.stopped,blue_2.stopped,yellow_2.stopped,purple_2.stopped,cyan_2.stopped,red_2.stopped,green_2.stopped,wrongAnswer.stopped,corrColor_2.stopped,brown_2.stopped,teal_2.stopped,purple_3.started,blue_3.started,congrats.started,GoodJob.started,congrats.stopped,trial_counter.endExpVal,colorList.expEndVal,participant,session,date,expName,expVersion,psychopyVersion,frameRate,expStart,
,,,,,,,,,,,,,,,,,,,,,,,,,,,,,,,,,,,,,,,,,,,,,,,,,,,,,,,,,,,,,,,,,,,,,,,,,,,,,,,,,,,,,,,,,,,,,,,,,,,,,,,,,,,,,,,,,,,,,,,,,,,,,,,,,,,,,,,,,,,,,,,,,,,,,,,,,,,,,,,,,,,False,0.013130399980582297,0.035096699954010546,0.8023255999432877,1.0012209999840707,4.879678700002842,return,4.06591720005963,None,,,,,,,,,,,,,,,,,,,,,,,,,,,,,,,,,,,,,,,,,,,,,,,,,,,,,,,,,,,,,,,,,,,,,,,,,,,,,,,,,,,,,,,,,,,,,,,,,,,,,,,,,,,,,,,,,,,,,,,,,,,,,,,,,,,,,,,,,,,,,,,,,,,,,,,,,,,,,,,,,,,,,,,,,,,,,,,,,,,,,,,,,,,,,,,,,,,,,,,,,,,,,,,,,,,,,,,,,,,,,,,,,,,,,,,,,,,,,,,,,,,,,,,,,,,,,,,,,,,,,,,002,001,2026-04-10_19h57.40.117,Train3Laptop,,2026.1.1,60.19357051446609,2026-04-10 19h57.42.256394 +0200,
03-1,012_Bordeaux.jpg,True,Bordeaux,50,2,24,03-1/012_Bordeaux_0.png,0,0,0,"['space', 'space', 'space', 'space']","[8.324859200045466, 9.735871799988672, 13.626551800058223, 14.547021099948324]","[0.09766219998709857, 0.09828869998455048, 0.11618129990529269, 0.12525430007372051]",0,,,0,,,1,23.487710700021125,23.48772730003111,0,,,0,,,0,,,0,,,0,,,0,,,0,,,0,,,0,,,0,,,0,,,5.0,0.8984884000383317,"[(5.0, 0.8984884000383317)]","[0.3675, 0.059166666666666666]","[0.005, -0.2725]","[1, 1]","[0, 0]","[0, 0]","[0.74575810006354, 1.9266364000504836]","[None, 'button2']",1,[1.9508784000063315],[1.9508870999561623],0,,,0,,,0,,,0,,,0,,,0,,,0,,,0,,,0,,,0,,,0,,,0,,,0,,,0,,,1,[0.7123009000206366],[0.7123138000024483],0,,,0,,,0,,,0,,,0,,,0,,,0,,,0,,,0,,,0,,,0,,,0,,,0,,,0,,,None,0,0,0,21,5.247398299979977,,,,,,,,,,,03-1/012_Bordeaux_0.png,4.919902499997988,4.920881400001235,03-1/012_Bordeaux_0.png,True,Bordeaux,50,2,24,"[8.328179600066505, 9.409938400029205, 10.795822200016119, 13.977116800029762, 14.65648320002947, 15.672163699986413]",03-1/012_Bordeaux_0.png,1,,5.040564200025983,5.247398299979977,5.247398299979977,5.247398299979977,5.247398299979977,5.247398299979977,5.247398299979977,5.247398299979977,5.247398299979977,5.247398299979977,5.247398299979977,5.247398299979977,5.247398299979977,5.247398299979977,5.247398299979977,5.247398299979977,5.247398299979977,5.247398299979977,5.247398299979977,5.247398299979977,5.247398299979977,5.429403999936767,5.930651300004683,28.41341299994383,Bordeaux,2,"['space', 'space', 'space', 'space']","[8.324859200045466, 9.735871799988672, 13.626551800058223, 14.547021099948324]","[0.09766219998709857, 0.09828869998455048, 0.11618129990529269, 0.12525430007372051]",0,,,0,,,1,23.487710700021125,23.48772730003111,0,,,0,,,0,,,0,,,0,,,0,,,0,,,0,,,0,,,0,,,0,,,Bordeaux,30.718067499925382,30.73196789994836,31.0678325999761,28.787143699941225,28.844135899911635,28.844135899911635,0.023294699960388243,28.844135899911635,28.844135899911635,29.727628299966455,30.71735319995787,5.0,0.8984884000383317,"[(5.0, 0.8984884000383317)]","[0.3675, 0.059166666666666666]","[0.005, -0.2725]","[1, 1]","[0, 0]","[0, 0]","[0.74575810006354, 1.9266364000504836]","[None, 'button2']",1,[1.9508784000063315],[1.9508870999561623],0,,,0,,,0,,,0,,,0,,,0,,,0,,,0,,,0,,,0,,,0,,,0,,,0,,,0,,,31.144632100011222,31.105028499965556,31.144632100011222,31.144632100011222,31.144632100011222,31.144632100011222,31.144632100011222,31.144632100011222,31.144632100011222,31.78451409994159,1,[0.7123009000206366],[0.7123138000024483],0,,,0,,,0,,,0,,,0,,,0,,,0,,,0,,,0,,,0,,,0,,,0,,,0,,,0,,,None,31.78515809995588,31.79968309996184,32.36276439996436,32.132501299958676,['Bordeaux'],,,,,,,,,,,,,,,,,,,,,,,,,,,,,,,,,,,,,,,,,,,,,,,,,,,002,001,2026-04-10_19h57.40.117,Train3Laptop,,2026.1.1,60.19357051446609,2026-04-10 19h57.42.256394 +0200,
01-t,018_Yellow.jpg,True,Yellow,100,88,0,01-t/018_Yellow_0.png,1,1,0,['space'],[2.2866734999697655],[0.10684580006636679],0,,,0,,,0,,,0,,,0,,,0,,,0,,,0,,,0,,,1,[13.455118200043216],[13.455129600013606],0,,,0,,,0,,,0,,,5.0,0.9865825999295339,"[(5.0, 0.9865825999295339)]","[0.36583333333333334, 0.03916666666666667]","[0.03333333333333333, -0.2725]","[1, 1]","[0, 0]","[0, 0]","[0.8573044999502599, 2.1585712999803945]","[None, 'button2']",1,[2.182917300029658],[2.1829281999962404],0,,,0,,,0,,,0,,,0,,,0,,,0,,,0,,,0,,,0,,,0,,,0,,,0,,,0,,,1,[0.6852651999797672],[0.6852869000285864],0,,,0,,,0,,,0,,,0,,,0,,,0,,,0,,,0,,,0,,,0,,,0,,,0,,,0,,,None,0,1,1,11,32.36276439996436,,,,,,,,,,,01-t/018_Yellow_0.png,32.13380019995384,32.139032699982636,01-t/018_Yellow_0.png,True,Yellow,100,88,0,[3.320917500066571],01-t/018_Yellow_0.png,2,,32.15602549992036,32.36276439996436,32.36276439996436,32.36276439996436,32.36276439996436,32.36276439996436,32.36276439996436,32.36276439996436,32.36276439996436,32.36276439996436,32.36276439996436,32.36276439996436,32.36276439996436,32.36276439996436,32.36276439996436,32.36276439996436,32.36276439996436,32.36276439996436,32.36276439996436,32.36276439996436,32.36276439996436,32.51245259994175,33.11289859993849,45.597234199987724,Yellow,1,['space'],[2.2866734999697655],[0.10684580006636679],0,,,0,,,0,,,0,,,0,,,0,,,0,,,0,,,0,,,1,[13.455118200043216],[13.455129600013606],0,,,0,,,0,,,0,,,Yellow,48.13399809994735,48.14925429993309,48.48581270000432,45.970488199964166,46.02795489993878,46.02795489993878,0.022876400034874678,46.02795489993878,,47.027557399938814,48.1332799999509,5.0,0.9865825999295339,"[(5.0, 0.9865825999295339)]","[0.36583333333333334, 0.03916666666666667]","[0.03333333333333333, -0.2725]","[1, 1]","[0, 0]","[0, 0]","[0.8573044999502599, 2.1585712999803945]","[None, 'button2']",1,[2.182917300029658],[2.1829281999962404],0,,,0,,,0,,,0,,,0,,,0,,,0,,,0,,,0,,,0,,,0,,,0,,,0,,,0,,,48.543941400013864,48.52277639997192,48.543941400013864,48.543941400013864,48.543941400013864,48.543941400013864,48.543941400013864,48.543941400013864,48.543941400013864,49.17528069997206,1,[0.6852651999797672],[0.6852869000285864],0,,,0,,,0,,,0,,,0,,,0,,,0,,,0,,,0,,,0,,,0,,,0,,,0,,,0,,,None,49.17622729996219,49.19454569998197,,49.5324135000119,"['Bordeaux', 'Yellow']",46.02795489993878,,,,,,,,,,,,,,,,,,,,,,,,,,,,,,,,,,,,,,,,,,,,,,,,,,002,001,2026-04-10_19h57.40.117,Train3Laptop,,2026.1.1,60.19357051446609,2026-04-10 19h57.42.256394 +0200,
02-1,010_Pink.jpg,True,Pink,98,0,52,02-1/010_Pink_0.png,2,2,0,['space'],[0.9945100999902934],[0.10655910009518266],0,,,0,,,0,,,0,,,0,,,1,10.910672400030307,10.910688400035724,0,,,0,,,0,,,0,,,0,,,0,,,0,,,0,,,5.0,1.1465262999990955,"[(5.0, 1.1465262999990955)]","[0.3933333333333333, 0.035]","[-0.010833333333333334, -0.305]","[1, 1]","[0, 0]","[0, 0]","[0.9873006000416353, 1.8869931999361143]","[None, 'button2']",1,[1.9083175000268966],[1.908329900004901],0,,,0,,,0,,,0,,,0,,,0,,,0,,,0,,,0,,,0,,,0,,,0,,,0,,,0,,,1,[0.5648175000678748],[0.56483859999571],0,,,0,,,0,,,0,,,0,,,0,,,0,,,0,,,0,,,0,,,0,,,0,,,0,,,0,,,None,0,2,2,0,49.762689399998635,,,,,,,,,,,02-1/010_Pink_0.png,49.53414599993266,49.5372760000173,02-1/010_Pink_0.png,True,Pink,98,0,52,"[2.0059069000417367, 2.920520900050178]",02-1/010_Pink_0.png,3,,49.56379669997841,49.762689399998635,49.762689399998635,49.762689399998635,49.762689399998635,49.762689399998635,49.762689399998635,49.762689399998635,49.762689399998635,49.762689399998635,49.762689399998635,49.762689399998635,49.762689399998635,49.762689399998635,49.762689399998635,49.762689399998635,49.762689399998635,49.762689399998635,49.762689399998635,49.762689399998635,49.762689399998635,49.92794630001299,50.545189999975264,60.45256729994435,Pink,2,['space'],[0.9945100999902934],[0.10655910009518266],0,,,0,,,0,,,0,,,0,,,1,10.910672400030307,10.910688400035724,0,,,0,,,0,,,0,,,0,,,0,,,0,,,0,,,Pink,62.71497630001977,62.73013499996159,63.06849360000342,60.822932999930345,60.87714489991777,60.87714489991777,0.020040800096467137,60.87714489991777,,62.043981199967675,62.714244499919005,5.0,1.1465262999990955,"[(5.0, 1.1465262999990955)]","[0.3933333333333333, 0.035]","[-0.010833333333333334, -0.305]","[1, 1]","[0, 0]","[0, 0]","[0.9873006000416353, 1.8869931999361143]","[None, 'button2']",1,[1.9083175000268966],[1.908329900004901],0,,,0,,,0,,,0,,,0,,,0,,,0,,,0,,,0,,,0,,,0,,,0,,,0,,,0,,,63.12699179991614,63.10421249992214,63.12699179991614,63.12699179991614,63.12699179991614,63.12699179991614,63.12699179991614,63.12699179991614,63.12699179991614,63.63422509992961,1,[0.5648175000678748],[0.56483859999571],0,,,0,,,0,,,0,,,0,,,0,,,0,,,0,,,0,,,0,,,0,,,0,,,0,,,0,,,None,63.63493699999526,63.64869609999005,,63.997489399975166,"['Bordeaux', 'Yellow', 'Pink']",,60.87714489991777,,,,,,,,,,,,,,,,,,,,,,,,,,,,,,,,,,,,,,,,,,,,,,,,,002,001,2026-04-10_19h57.40.117,Train3Laptop,,2026.1.1,60.19357051446609,2026-04-10 19h57.42.256394 +0200,
03-1,020_Grey.jpg,True,Grey,47,44,45,03-1/020_Grey_0.png,3,3,0,"['space', 'space', 'space', 'space', 'space']","[4.738442500005476, 9.120302599971183, 9.796936600003392, 10.28688319993671, 10.744222099892795]","[0.11551829997915775, 0.09757739992346615, 0.12489459989592433, 0.11652030004188418, 0.12515500001609325]",0,,,0,,,0,,,1,14.25022699998226,14.250242699985392,0,,,0,,,0,,,0,,,0,,,0,,,0,,,0,,,0,,,0,,,5.0,0.9999074999941513,"[(5.0, 0.9999074999941513)]","[0.375, 0.034166666666666665]","[0.010833333333333334, -0.285]","[1, 1]","[0, 0]","[0, 0]","[0.8782479999354109, 1.658315199892968]","[None, 'button2']",1,[1.6866965999361128],[1.6867056000046432],0,,,0,,,0,,,0,,,0,,,0,,,0,,,0,,,0,,,0,,,0,,,0,,,0,,,0,,,1,[1.3061113000148907],[1.3061267000157386],0,,,0,,,0,,,0,,,0,,,0,,,0,,,0,,,0,,,0,,,0,,,0,,,0,,,0,,,None,0,3,3,30,64.21228819992393,,,,,,,,,,,03-1/020_Grey_0.png,63.99877429998014,64.0019002999179,03-1/020_Grey_0.png,True,Grey,47,44,45,"[3.138877799967304, 5.79953249997925, 10.231140300049447, 10.8822058000369, 11.32558120007161, 11.816898899967782]",03-1/020_Grey_0.png,4,,64.02132299996447,64.21228819992393,64.21228819992393,64.21228819992393,64.21228819992393,64.21228819992393,64.21228819992393,64.21228819992393,64.21228819992393,64.21228819992393,64.21228819992393,64.21228819992393,64.21228819992393,64.21228819992393,64.21228819992393,64.21228819992393,64.21228819992393,64.21228819992393,64.21228819992393,64.21228819992393,64.21228819992393,64.39403790002689,65.02791249996517,78.25682659994345,Grey,2,"['space', 'space', 'space', 'space', 'space']","[4.738442500005476, 9.120302599971183, 9.796936600003392, 10.28688319993671, 10.744222099892795]","[0.11551829997915775, 0.09757739992346615, 0.12489459989592433, 0.11652030004188418, 0.12515500001609325]",0,,,0,,,0,,,1,14.25022699998226,14.250242699985392,0,,,0,,,0,,,0,,,0,,,0,,,0,,,0,,,0,,,0,,,Grey,80.29684949992225,80.31156559998635,80.6496415999718,78.63455209997483,78.67657659994438,78.67657659994438,0.02732809993904084,78.67657659994438,,79.69332510000095,80.29622509994078,5.0,0.9999074999941513,"[(5.0, 0.9999074999941513)]","[0.375, 0.034166666666666665]","[0.010833333333333334, -0.285]","[1, 1]","[0, 0]","[0, 0]","[0.8782479999354109, 1.658315199892968]","[None, 'button2']",1,[1.6866965999361128],[1.6867056000046432],0,,,0,,,0,,,0,,,0,,,0,,,0,,,0,,,0,,,0,,,0,,,0,,,0,,,0,,,80.70999200001825,80.68060949991923,80.70999200001825,80.70999200001825,80.70999200001825,80.70999200001825,80.70999200001825,80.70999200001825,80.70999200001825,81.9581641999539,1,[1.3061113000148907],[1.3061267000157386],0,,,0,,,0,,,0,,,0,,,0,,,0,,,0,,,0,,,0,,,0,,,0,,,0,,,0,,,None,81.95883849996608,81.97601869993377,,82.31277880002744,"['Bordeaux', 'Yellow', 'Pink', 'Grey']",,,78.67657659994438,,,,,,,,,,,,,,,,,,,,,,,,,,,,,,,,,,,,,,,,,,,,,,,,002,001,2026-04-10_19h57.40.117,Train3Laptop,,2026.1.1,60.19357051446609,2026-04-10 19h57.42.256394 +0200,
03-1,013_Green.jpg,True,Green,2,100,2,03-1/013_Green_0.png,4,4,0,"['space', 'space']","[1.735032399999909, 3.167566700023599]","[0.1070361000020057, 0.09814000001642853]",0,,,0,,,0,,,0,,,0,,,0,,,0,,,0,,,0,,,0,,,0,,,0,,,0,,,1,[11.461720100021921],[11.461738800047897],5.0,1.1306024000514299,"[(5.0, 1.1306024000514299)]","[0.36083333333333334, 0.060833333333333336]","[-0.024166666666666666, -0.2791666666666667]","[1, 1]","[0, 0]","[0, 0]","[0.980086800060235, 1.7267573000863194]","[None, 'button2']",1,[1.7459477001102641],[1.7459563000593334],0,,,0,,,0,,,0,,,0,,,0,,,0,,,0,,,0,,,0,,,0,,,0,,,0,,,0,,,1,[0.5665380000136793],[0.5665488000959158],0,,,0,,,0,,,0,,,0,,,0,,,0,,,0,,,0,,,0,,,0,,,0,,,0,,,0,,,None,0,4,4,22,82.52770610002335,,,,,,,,,,,03-1/013_Green_0.png,82.31435030000284,82.31608789996244,03-1/013_Green_0.png,True,Green,2,100,2,"[2.773230600054376, 4.291881400044076]",03-1/013_Green_0.png,5,,82.33648539998103,82.52770610002335,82.52770610002335,82.52770610002335,82.52770610002335,82.52770610002335,82.52770610002335,82.52770610002335,82.52770610002335,82.52770610002335,82.52770610002335,82.52770610002335,82.52770610002335,82.52770610002335,82.52770610002335,82.52770610002335,82.52770610002335,82.52770610002335,82.52770610002335,82.52770610002335,82.52770610002335,82.67653279996011,83.34493239992298,93.78071550000459,Green,2,"['space', 'space']","[1.735032399999909, 3.167566700023599]","[0.1070361000020057, 0.09814000001642853]",0,,,0,,,0,,,0,,,0,,,0,,,0,,,0,,,0,,,0,,,0,,,0,,,0,,,1,[11.461720100021921],[11.461738800047897],Green,95.88028899999335,95.89603189995978,96.23044249997474,94.14946959994268,94.2095334000187,94.2095334000187,0.01836770004592836,94.2095334000187,,95.35883829998784,95.87957240000833,5.0,1.1306024000514299,"[(5.0, 1.1306024000514299)]","[0.36083333333333334, 0.060833333333333336]","[-0.024166666666666666, -0.2791666666666667]","[1, 1]","[0, 0]","[0, 0]","[0.980086800060235, 1.7267573000863194]","[None, 'button2']",1,[1.7459477001102641],[1.7459563000593334],0,,,0,,,0,,,0,,,0,,,0,,,0,,,0,,,0,,,0,,,0,,,0,,,0,,,0,,,96.29221019998658,96.26786589995027,96.29221019998658,96.29221019998658,96.29221019998658,96.29221019998658,96.29221019998658,96.29221019998658,96.29221019998658,96.80170349997934,1,[0.5665380000136793],[0.5665488000959158],0,,,0,,,0,,,0,,,0,,,0,,,0,,,0,,,0,,,0,,,0,,,0,,,0,,,0,,,None,96.8023684999207,96.81246769998688,97.37700320000295,97.1461637999164,"['Bordeaux', 'Yellow', 'Pink', 'Grey', 'Green']",,,,94.2095334000187,,,,,,,,,,,,,,,,,,,,,,,,,,,,,,,,,,,,,,,,,,,,,,,002,001,2026-04-10_19h57.40.117,Train3Laptop,,2026.1.1,60.19357051446609,2026-04-10 19h57.42.256394 +0200,
02-1,012_Lime-green.jpg,True,Lime-green,61,94,3,02-1/012_Lime-green_0.png,5,5,0,"['space', 'space']","[7.146771400002763, 14.875074699986726]","[0.09799280005972832, 0.10680280008818954]",0,,,0,,,0,,,0,,,0,,,0,,,1,21.134538700105622,21.134553800104186,0,,,0,,,0,,,0,,,0,,,0,,,0,,,5.0,0.8360220000613481,"[(5.0, 0.8360220000613481)]","[0.37666666666666665, 0.051666666666666666]","[0.019166666666666665, -0.27416666666666667]","[1, 1]","[0, 0]","[0, 0]","[0.697842999943532, 1.5125597999431193]","[None, 'button2']",1,[1.5388374000322074],[1.5388490000041202],0,,,0,,,0,,,0,,,0,,,0,,,0,,,0,,,0,,,0,,,0,,,0,,,0,,,0,,,1,[0.6460415000328794],[0.6460605000611395],0,,,0,,,0,,,0,,,0,,,0,,,0,,,0,,,0,,,0,,,0,,,0,,,0,,,0,,,None,0,5,5,13,97.37700320000295,,,,,,,,,,,02-1/012_Lime-green_0.png,97.14773680001963,97.1491088999901,02-1/012_Lime-green_0.png,True,Lime-green,61,94,3,"[8.2253315000562, 10.775832800078206, 15.473128900048323, 16.009399600094184]",02-1/012_Lime-green_0.png,6,,97.17697269993369,97.37700320000295,97.37700320000295,97.37700320000295,97.37700320000295,97.37700320000295,97.37700320000295,97.37700320000295,97.37700320000295,97.37700320000295,97.37700320000295,97.37700320000295,97.37700320000295,97.37700320000295,97.37700320000295,97.37700320000295,97.37700320000295,97.37700320000295,97.37700320000295,97.37700320000295,97.37700320000295,97.543246599962,98.21471520001069,118.28847849997692,Lime-green,0,"['space', 'space']","[7.146771400002763, 14.875074699986726]","[0.09799280005972832, 0.10680280008818954]",0,,,0,,,0,,,0,,,0,,,0,,,1,21.134538700105622,21.134553800104186,0,,,0,,,0,,,0,,,0,,,0,,,0,,,Lime-green,120.18170519999694,120.19544749998022,120.53481330000795,118.66461640002672,118.72490109992214,118.72490109992214,0.0253293999703601,118.72490109992214,,119.55814470001496,120.18102060002275,5.0,0.8360220000613481,"[(5.0, 0.8360220000613481)]","[0.37666666666666665, 0.051666666666666666]","[0.019166666666666665, -0.27416666666666667]","[1, 1]","[0, 0]","[0, 0]","[0.697842999943532, 1.5125597999431193]","[None, 'button2']",1,[1.5388374000322074],[1.5388490000041202],0,,,0,,,0,,,0,,,0,,,0,,,0,,,0,,,0,,,0,,,0,,,0,,,0,,,0,,,120.59119930001907,120.57604449999053,120.59119930001907,120.59119930001907,120.59119930001907,120.59119930001907,120.59119930001907,120.59119930001907,120.59119930001907,121.18172250001226,1,[0.6460415000328794],[0.6460605000611395],0,,,0,,,0,,,0,,,0,,,0,,,0,,,0,,,0,,,0,,,0,,,0,,,0,,,0,,,None,121.18247250001878,121.1963244000217,,121.54620590002742,"['Bordeaux', 'Yellow', 'Pink', 'Grey', 'Green', 'Lime-green']",,,,,118.72490109992214,,,,,,,,,,,,,,,,,,,,,,,,,,,,,,,,,,,,,,,,,,,,,,002,001,2026-04-10_19h57.40.117,Train3Laptop,,2026.1.1,60.19357051446609,2026-04-10 19h57.42.256394 +0200,
03-1,029_Bordeaux.jpg,True,Bordeaux,54,0,21,03-1/029_Bordeaux_0.png,6,6,0,"['space', 'space']","[2.188170999987051, 3.00627509993501]","[0.06139909999910742, 0.10667340003419667]",0,,,0,,,1,12.060704399948008,12.060717099928297,0,,,0,,,0,,,0,,,0,,,0,,,0,,,0,,,0,,,0,,,0,,,5.0,1.083885500091128,"[(5.0, 1.083885500091128)]","[0.38083333333333336, 0.04083333333333333]","[0.0033333333333333335, -0.275]","[1, 1]","[0, 0]","[0, 0]","[0.9569416999584064, 2.1369345999555662]","[None, 'button2']",1,[2.1441619000397623],[2.144173500011675],0,,,0,,,0,,,0,,,0,,,0,,,0,,,0,,,0,,,0,,,0,,,0,,,0,,,0,,,1,[0.611521500046365],[0.6115399999544024],0,,,0,,,0,,,0,,,0,,,0,,,0,,,0,,,0,,,0,,,0,,,0,,,0,,,0,,,None,0,6,6,33,121.76008089992683,,,,,,,,,,,03-1/029_Bordeaux_0.png,121.54788730002474,121.55171489994973,03-1/029_Bordeaux_0.png,True,Bordeaux,54,0,21,"[3.2039251999231055, 4.006525099975988]",03-1/029_Bordeaux_0.png,7,,121.57590379996691,121.76008089992683,121.76008089992683,121.76008089992683,121.76008089992683,121.76008089992683,121.76008089992683,121.76008089992683,121.76008089992683,121.76008089992683,121.76008089992683,121.76008089992683,121.76008089992683,121.76008089992683,121.76008089992683,121.76008089992683,121.76008089992683,121.76008089992683,121.76008089992683,121.76008089992683,121.76008089992683,121.90880899992771,122.50991519994568,133.61783090000972,Bordeaux,2,"['space', 'space']","[2.188170999987051, 3.00627509993501]","[0.06139909999910742, 0.10667340003419667]",0,,,0,,,1,12.060704399948008,12.060717099928297,0,,,0,,,0,,,0,,,0,,,0,,,0,,,0,,,0,,,0,,,0,,,Bordeaux,136.11570919991937,136.1281976000173,136.46317050000653,133.97381879994646,134.0245544000063,134.0245544000063,0.00560660008341074,134.0245544000063,134.0245544000063,135.10726840002462,136.11502909997944,5.0,1.083885500091128,"[(5.0, 1.083885500091128)]","[0.38083333333333336, 0.04083333333333333]","[0.0033333333333333335, -0.275]","[1, 1]","[0, 0]","[0, 0]","[0.9569416999584064, 2.1369345999555662]","[None, 'button2']",1,[2.1441619000397623],[2.144173500011675],0,,,0,,,0,,,0,,,0,,,0,,,0,,,0,,,0,,,0,,,0,,,0,,,0,,,0,,,136.52376060001552,136.50981249997858,136.52376060001552,136.52376060001552,136.52376060001552,136.52376060001552,136.52376060001552,136.52376060001552,136.52376060001552,137.08119289996102,1,[0.611521500046365],[0.6115399999544024],0,,,0,,,0,,,0,,,0,,,0,,,0,,,0,,,0,,,0,,,0,,,0,,,0,,,0,,,None,137.0819271999644,137.09501379996073,137.6746831999626,137.42783870000858,"['Bordeaux', 'Yellow', 'Pink', 'Grey', 'Green', 'Lime-green', 'Bordeaux']",,,,,,,,,,,,,,,,,,,,,,,,,,,,,,,,,,,,,,,,,,,,,,,,,,,002,001,2026-04-10_19h57.40.117,Train3Laptop,,2026.1.1,60.19357051446609,2026-04-10 19h57.42.256394 +0200,
03-1,006_Brown.jpg,True,Brown,53,20,0,03-1/006_Brown_0.png,7,7,0,"['space', 'space', 'space', 'space']","[1.050859099952504, 2.156538899987936, 3.4849016999360174, 4.795505999936722]","[0.12501129996962845, 0.11594889999832958, 0.11690010002348572, 0.10669210006017238]",1,13.161427100072615,13.16144300007727,0,,,0,,,0,,,0,,,0,,,0,,,0,,,0,,,0,,,0,,,0,,,0,,,0,,,5.0,0.9227419999660924,"[(5.0, 0.9227419999660924)]","[0.3858333333333333, 0.03333333333333333]","[-0.005, -0.28583333333333333]","[1, 1]","[0, 0]","[0, 0]","[0.7847194999922067, 1.6507362999254838]","[None, 'button2']",1,[1.659416600014083],[1.659429999999702],0,,,0,,,0,,,0,,,0,,,0,,,0,,,0,,,0,,,0,,,0,,,0,,,0,,,0,,,1,[0.5310713000362739],[0.5310901999473572],0,,,0,,,0,,,0,,,0,,,0,,,0,,,0,,,0,,,0,,,0,,,0,,,0,,,0,,,None,0,7,7,16,137.6746831999626,,,,,,,,,,,03-1/006_Brown_0.png,137.4293808999937,137.43071069999132,03-1/006_Brown_0.png,True,Brown,53,20,0,"[2.0661725000245497, 3.233735300018452, 4.546577800065279, 5.88447950000409]",03-1/006_Brown_0.png,8,,137.4535303999437,137.6746831999626,137.6746831999626,137.6746831999626,137.6746831999626,137.6746831999626,137.6746831999626,137.6746831999626,137.6746831999626,137.6746831999626,137.6746831999626,137.6746831999626,137.6746831999626,137.6746831999626,137.6746831999626,137.6746831999626,137.6746831999626,137.6746831999626,137.6746831999626,137.6746831999626,137.6746831999626,137.82468820002396,138.44197719998192,150.59837309992872,Brown,0,"['space', 'space', 'space', 'space']","[1.050859099952504, 2.156538899987936, 3.4849016999360174, 4.795505999936722]","[0.12501129996962845, 0.11594889999832958, 0.11690010002348572, 0.10669210006017238]",1,13.161427100072615,13.16144300007727,0,,,0,,,0,,,0,,,0,,,0,,,0,,,0,,,0,,,0,,,0,,,0,,,0,,,Brown,152.61266560002696,152.6276226999471,152.96505799994338,150.95634979999159,151.0065440000035,151.0065440000035,0.00763480004388839,151.0065440000035,,151.94050109991804,152.61173729994334,5.0,0.9227419999660924,"[(5.0, 0.9227419999660924)]","[0.3858333333333333, 0.03333333333333333]","[-0.005, -0.28583333333333333]","[1, 1]","[0, 0]","[0, 0]","[0.7847194999922067, 1.6507362999254838]","[None, 'button2']",1,[1.659416600014083],[1.659429999999702],0,,,0,,,0,,,0,,,0,,,0,,,0,,,0,,,0,,,0,,,0,,,0,,,0,,,0,,,153.0238317999756,153.00620119995438,153.0238317999756,153.0238317999756,153.0238317999756,153.0238317999756,153.0238317999756,153.0238317999756,153.0238317999756,153.49784809991252,1,[0.5310713000362739],[0.5310901999473572],0,,,0,,,0,,,0,,,0,,,0,,,0,,,0,,,0,,,0,,,0,,,0,,,0,,,0,,,None,153.49857509997673,153.51162419992033,154.07519829995,153.84539769997355,"['Bordeaux', 'Yellow', 'Pink', 'Grey', 'Green', 'Lime-green', 'Bordeaux', 'Brown']",,,,,,151.0065440000035,,,,,,,,,,,,,,,,,,,,,,,,,,,,,,,,,,,,,,,,,,,,,002,001,2026-04-10_19h57.40.117,Train3Laptop,,2026.1.1,60.19357051446609,2026-04-10 19h57.42.256394 +0200,
01-1,029_Cyan.jpg,True,Cyan,2,100,88,01-1/029_Cyan_0.png,8,8,0,"['space', 'space', 'space', 'space']","[29.788871900062077, 30.373025300097652, 30.836595200002193, 31.424767400021665]","[0.1251794999698177, 0.10697539988905191, 0.11594600009266287, 0.12541280000004917]",0,,,0,,,0,,,0,,,0,,,0,,,0,,,0,,,0,,,0,,,0,,,1,[36.31980099994689],[36.319820899982005],0,,,0,,,5.0,1.1975818000501022,"[(5.0, 1.1975818000501022)]","[0.365, 0.0425]","[-0.0125, -0.27]","[1, 1]","[0, 0]","[0, 0]","[1.0682782999938354, 1.8163612000644207]","[None, 'button2']",1,[1.8351973000681028],[1.835207200027071],0,,,0,,,0,,,0,,,0,,,0,,,0,,,0,,,0,,,0,,,0,,,0,,,0,,,0,,,1,[0.5037099999608472],[0.5037307000020519],0,,,0,,,0,,,0,,,0,,,0,,,0,,,0,,,0,,,0,,,0,,,0,,,0,,,0,,,None,0,8,8,9,154.07519829995,,,,,,,,,,,01-1/029_Cyan_0.png,153.84710449993145,153.84944149991497,01-1/029_Cyan_0.png,True,Cyan,2,100,88,"[1.8653068999992684, 3.761078199953772, 30.890625900006853, 31.3944654999068, 31.836874699918553, 32.47559489996638]",01-1/029_Cyan_0.png,9,,153.8746234999271,154.07519829995,154.07519829995,154.07519829995,154.07519829995,154.07519829995,154.07519829995,154.07519829995,154.07519829995,154.07519829995,154.07519829995,154.07519829995,154.07519829995,154.07519829995,154.07519829995,154.07519829995,154.07519829995,154.07519829995,154.07519829995,154.07519829995,154.07519829995,154.24280459992588,154.84206639998592,190.17291099997237,Cyan,2,"['space', 'space', 'space', 'space']","[29.788871900062077, 30.373025300097652, 30.836595200002193, 31.424767400021665]","[0.1251794999698177, 0.10697539988905191, 0.11594600009266287, 0.12541280000004917]",0,,,0,,,0,,,0,,,0,,,0,,,0,,,0,,,0,,,0,,,0,,,1,[36.31980099994689],[36.319820899982005],0,,,0,,,Cyan,192.36175169993658,192.37547460000496,192.7108735999791,190.54085280001163,190.5883666999871,190.5883666999871,0.017519200104288757,190.5883666999871,,191.83902579999994,192.36096179997548,5.0,1.1975818000501022,"[(5.0, 1.1975818000501022)]","[0.365, 0.0425]","[-0.0125, -0.27]","[1, 1]","[0, 0]","[0, 0]","[1.0682782999938354, 1.8163612000644207]","[None, 'button2']",1,[1.8351973000681028],[1.835207200027071],0,,,0,,,0,,,0,,,0,,,0,,,0,,,0,,,0,,,0,,,0,,,0,,,0,,,0,,,192.77200859994628,192.75398689997382,192.77200859994628,192.77200859994628,192.77200859994628,192.77200859994628,192.77200859994628,192.77200859994628,192.77200859994628,193.22020879993215,1,[0.5037099999608472],[0.5037307000020519],0,,,0,,,0,,,0,,,0,,,0,,,0,,,0,,,0,,,0,,,0,,,0,,,0,,,0,,,None,193.22093800001312,193.23857729998417,,193.57676470000297,"['Bordeaux', 'Yellow', 'Pink', 'Grey', 'Green', 'Lime-green', 'Bordeaux', 'Brown', 'Cyan']",,,,,,,190.5883666999871,,,,,,,,,,,,,,,,,,,,,,,,,,,,,,,,,,,,,,,,,,,,002,001,2026-04-10_19h57.40.117,Train3Laptop,,2026.1.1,60.19357051446609,2026-04-10 19h57.42.256394 +0200,
03-1,013_Teal.jpg,True,Teal,0,48,60,03-1/013_Teal_0.png,9,9,0,"['space', 'space']","[0.2338964999653399, 2.4121809999924153]","[0.09761249995790422, 0.1066067999927327]",0,,,1,15.956409399979748,15.956427099998109,0,,,0,,,0,,,0,,,0,,,0,,,0,,,0,,,0,,,0,,,0,,,0,,,5.0,1.2645524999825284,"[(5.0, 1.2645524999825284)]","[0.38416666666666666, 0.0575]","[-0.023333333333333334, -0.25583333333333336]","[1, 1]","[0, 0]","[0, 0]","[1.1367426000069827, 2.065290799946524]","[None, 'button2']",1,[2.0741179999895394],[2.074126199935563],0,,,0,,,0,,,0,,,0,,,0,,,0,,,0,,,0,,,0,,,0,,,0,,,0,,,0,,,1,[0.5110625999514014],[0.5110788999591023],0,,,0,,,0,,,0,,,0,,,0,,,0,,,0,,,0,,,0,,,0,,,0,,,0,,,0,,,None,0,9,9,26,193.790120700025,,,,,,,,,,,03-1/013_Teal_0.png,193.578612399986,193.58233559993096,03-1/013_Teal_0.png,True,Teal,0,48,60,"[1.2301833999808878, 3.417990399990231]",03-1/013_Teal_0.png,10,,193.60612259991467,193.790120700025,193.790120700025,193.790120700025,193.790120700025,193.790120700025,193.790120700025,193.790120700025,193.790120700025,193.790120700025,193.790120700025,193.790120700025,193.790120700025,193.790120700025,193.790120700025,193.790120700025,193.790120700025,193.790120700025,193.790120700025,193.790120700025,193.790120700025,193.93998020002618,194.54046899999958,209.54730849992484,Teal,2,"['space', 'space']","[0.2338964999653399, 2.4121809999924153]","[0.09761249995790422, 0.1066067999927327]",0,,,1,15.956409399979748,15.956427099998109,0,,,0,,,0,,,0,,,0,,,0,,,0,,,0,,,0,,,0,,,0,,,0,,,Teal,211.97478930000216,211.9923822999699,212.32623070001137,209.90509639994707,209.95628829998896,209.95628829998896,0.007450900040566921,209.95628829998896,,211.22106449992862,211.97412279993296,5.0,1.2645524999825284,"[(5.0, 1.2645524999825284)]","[0.38416666666666666, 0.0575]","[-0.023333333333333334, -0.25583333333333336]","[1, 1]","[0, 0]","[0, 0]","[1.1367426000069827, 2.065290799946524]","[None, 'button2']",1,[2.0741179999895394],[2.074126199935563],0,,,0,,,0,,,0,,,0,,,0,,,0,,,0,,,0,,,0,,,0,,,0,,,0,,,0,,,209.95628829998896,212.37922539992724,212.4045353999827,212.4045353999827,212.4045353999827,212.4045353999827,212.4045353999827,212.4045353999827,212.4045353999827,212.84225769992918,1,[0.5110625999514014],[0.5110788999591023],0,,,0,,,0,,,0,,,0,,,0,,,0,,,0,,,0,,,0,,,0,,,0,,,0,,,0,,,None,212.8430473000044,212.85483339999337,213.42321009992156,213.1930462999735,"['Bordeaux', 'Yellow', 'Pink', 'Grey', 'Green', 'Lime-green', 'Bordeaux', 'Brown', 'Cyan', 'Teal']",,,,,,,,209.95628829998896,,,,,,,,,,,,,,,,,,,,,,,,,,,,,,,,,,,,,,,,,,,002,001,2026-04-10_19h57.40.117,Train3Laptop,,2026.1.1,60.19357051446609,2026-04-10 19h57.42.256394 +0200,
01-1,010_Red.jpg,True,Red,99,0,12,01-1/010_Red_0.png,10,10,0,['space'],[2.7067338000051677],[0.0885932999663055],0,,,0,,,0,,,0,,,0,,,0,,,0,,,0,,,0,,,0,,,0,,,0,,,1,[20.970357200014405],[20.97037590004038],0,,,5.0,1.0861790999770164,"[(5.0, 1.0861790999770164)]","[0.4025, 0.0725]","[0.0008333333333333334, -0.3]","[1, 1]","[0, 0]","[0, 0]","[0.9713131000753492, 1.8342305000405759]","[None, 'button2']",1,[1.8483696000184864],[1.8483826001174748],0,,,0,,,0,,,0,,,0,,,0,,,0,,,0,,,0,,,0,,,0,,,0,,,0,,,0,,,1,[0.5502268000273034],[0.5502373999916017],0,,,0,,,0,,,0,,,0,,,0,,,0,,,0,,,0,,,0,,,0,,,0,,,0,,,0,,,None,0,10,10,10,213.42321009992156,,,,,,,,,,,01-1/010_Red_0.png,213.19480729999486,213.19967359991278,01-1/010_Red_0.png,True,Red,99,0,12,"[3.109212200040929, 3.8962805999908596]",01-1/010_Red_0.png,11,,213.22780989995226,213.42321009992156,213.42321009992156,213.42321009992156,213.42321009992156,213.42321009992156,213.42321009992156,213.42321009992156,213.42321009992156,213.42321009992156,213.42321009992156,213.42321009992156,213.42321009992156,213.42321009992156,213.42321009992156,213.42321009992156,213.42321009992156,213.42321009992156,213.42321009992156,213.42321009992156,213.42321009992156,213.60574339993764,214.30652689991985,234.17292079993058,Red,2,['space'],[2.7067338000051677],[0.0885932999663055],0,,,0,,,0,,,0,,,0,,,0,,,0,,,0,,,0,,,0,,,0,,,0,,,1,[20.970357200014405],[20.97037590004038],0,,,Red,236.37558879994322,236.39131959993392,236.7273567999946,234.53625080001075,234.58714269998018,234.58714269998018,0.012959400075487792,234.58714269998018,,235.7205328999553,236.37482019991148,5.0,1.0861790999770164,"[(5.0, 1.0861790999770164)]","[0.4025, 0.0725]","[0.0008333333333333334, -0.3]","[1, 1]","[0, 0]","[0, 0]","[0.9713131000753492, 1.8342305000405759]","[None, 'button2']",1,[1.8483696000184864],[1.8483826001174748],0,,,0,,,0,,,0,,,0,,,0,,,0,,,0,,,0,,,0,,,0,,,0,,,0,,,0,,,236.7871263999259,236.7629313999787,236.7871263999259,236.7871263999259,236.7871263999259,236.7871263999259,236.7871263999259,236.7871263999259,236.7871263999259,237.2790422999533,1,[0.5502268000273034],[0.5502373999916017],0,,,0,,,0,,,0,,,0,,,0,,,0,,,0,,,0,,,0,,,0,,,0,,,0,,,0,,,None,237.27962629997637,237.29050969996024,237.85519329993986,237.6239181999117,"['Bordeaux', 'Yellow', 'Pink', 'Grey', 'Green', 'Lime-green', 'Bordeaux', 'Brown', 'Cyan', 'Teal', 'Red']",,,,,,,,,234.58714269998018,,,,,,,,,,,,,,,,,,,,,,,,,,,,,,,,,,,,,,,,,,002,001,2026-04-10_19h57.40.117,Train3Laptop,,2026.1.1,60.19357051446609,2026-04-10 19h57.42.256394 +0200,
03-1,010_Brown.jpg,True,Brown,50,18,0,03-1/010_Brown_0.png,11,11,0,"['space', 'space']","[2.1045029999222606, 8.33627259999048]","[0.07950880005955696, 0.1250040999148041]",1,15.424675400019623,15.424691200023517,0,,,0,,,0,,,0,,,0,,,0,,,0,,,0,,,0,,,0,,,0,,,0,,,0,,,5.0,0.9457365999696776,"[(5.0, 0.9457365999696776)]","[0.3908333333333333, 0.050833333333333335]","[0.013333333333333334, -0.2891666666666667]","[1, 1]","[0, 0]","[0, 0]","[0.795088000013493, 1.9453385000815615]","[None, 'button2']",1,[1.9659130000509322],[1.9659249000251293],0,,,0,,,0,,,0,,,0,,,0,,,0,,,0,,,0,,,0,,,0,,,0,,,0,,,0,,,1,[0.4849580001318827],[0.48497560003306717],0,,,0,,,0,,,0,,,0,,,0,,,0,,,0,,,0,,,0,,,0,,,0,,,0,,,0,,,None,0,11,11,18,237.85519329993986,,,,,,,,,,,03-1/010_Brown_0.png,237.62598839995917,237.6275168999564,03-1/010_Brown_0.png,True,Brown,50,18,0,"[3.1479581999592483, 4.409455899964087, 5.162924099946395, 6.248148199985735, 9.479598799953237]",03-1/010_Brown_0.png,12,,237.65209049999248,237.85519329993986,237.85519329993986,237.85519329993986,237.85519329993986,237.85519329993986,237.85519329993986,237.85519329993986,237.85519329993986,237.85519329993986,237.85519329993986,237.85519329993986,237.85519329993986,237.85519329993986,237.85519329993986,237.85519329993986,237.85519329993986,237.85519329993986,237.85519329993986,237.85519329993986,237.85519329993986,238.02129129995592,238.65553619991988,253.05690760002472,Brown,1,"['space', 'space']","[2.1045029999222606, 8.33627259999048]","[0.07950880005955696, 0.1250040999148041]",1,15.424675400019623,15.424691200023517,0,,,0,,,0,,,0,,,0,,,0,,,0,,,0,,,0,,,0,,,0,,,0,,,0,,,Brown,255.37681429996155,255.38996299996506,255.73042909998912,253.4268564999802,253.48631920001935,253.48631920001935,0.019573900033719838,253.48631920001935,,254.41941370000131,255.3761199999135,5.0,0.9457365999696776,"[(5.0, 0.9457365999696776)]","[0.3908333333333333, 0.050833333333333335]","[0.013333333333333334, -0.2891666666666667]","[1, 1]","[0, 0]","[0, 0]","[0.795088000013493, 1.9453385000815615]","[None, 'button2']",1,[1.9659130000509322],[1.9659249000251293],0,,,0,,,0,,,0,,,0,,,0,,,0,,,0,,,0,,,0,,,0,,,0,,,0,,,0,,,255.78669610002544,255.76792629994452,255.78669610002544,255.78669610002544,255.78669610002544,255.78669610002544,255.78669610002544,255.78669610002544,255.78669610002544,256.2168676999863,1,[0.4849580001318827],[0.48497560003306717],0,,,0,,,0,,,0,,,0,,,0,,,0,,,0,,,0,,,0,,,0,,,0,,,0,,,0,,,None,256.2176681999117,256.2365775000071,,256.57532469998114,"['Bordeaux', 'Yellow', 'Pink', 'Grey', 'Green', 'Lime-green', 'Bordeaux', 'Brown', 'Cyan', 'Teal', 'Red', 'Brown']",,,,,,253.48631920001935,,,,,,,,,,,,,,,,,,,,,,,,,,,,,,,,,,,,,,,,,,,,,002,001,2026-04-10_19h57.40.117,Train3Laptop,,2026.1.1,60.19357051446609,2026-04-10 19h57.42.256394 +0200,
03-1,013_Orange.jpg,True,Orange,100,65,4,03-1/013_Orange_0.png,12,12,0,['space'],[3.3397081000730395],[0.13405579992104322],0,,,0,,,0,,,0,,,0,,,0,,,0,,,1,13.69461839995347,13.69463809998706,0,,,0,,,0,,,0,,,0,,,0,,,5.0,0.9999308999394998,"[(5.0, 0.9999308999394998)]","[0.36833333333333335, 0.0825]","[-0.010833333333333334, -0.2891666666666667]","[1, 1]","[0, 0]","[0, 0]","[0.8811158000025898, 1.5788151999004185]","[None, 'button2']",1,[1.604708299972117],[1.604717200039886],0,,,0,,,0,,,0,,,0,,,0,,,0,,,0,,,0,,,0,,,0,,,0,,,0,,,0,,,1,[0.6558263000333682],[0.6558409000281245],0,,,0,,,0,,,0,,,0,,,0,,,0,,,0,,,0,,,0,,,0,,,0,,,0,,,0,,,None,0,12,12,24,256.78786209993996,,,,,,,,,,,03-1/013_Orange_0.png,256.57784539996646,256.58222949993797,03-1/013_Orange_0.png,True,Orange,100,65,4,"[4.398532600025646, 10.199298899970017]",03-1/013_Orange_0.png,13,,256.6038379999809,256.78786209993996,256.78786209993996,256.78786209993996,256.78786209993996,256.78786209993996,256.78786209993996,256.78786209993996,256.78786209993996,256.78786209993996,256.78786209993996,256.78786209993996,256.78786209993996,256.78786209993996,256.78786209993996,256.78786209993996,256.78786209993996,256.78786209993996,256.78786209993996,256.78786209993996,256.78786209993996,256.937703399919,257.5437396999914,270.2827733999584,Orange,2,['space'],[3.3397081000730395],[0.13405579992104322],0,,,0,,,0,,,0,,,0,,,0,,,0,,,1,13.69461839995347,13.69463809998706,0,,,0,,,0,,,0,,,0,,,0,,,Orange,272.2421901000198,272.25770269997884,272.60710509994533,270.65814249997493,270.70268809993286,270.70268809993286,0.024787700036540627,270.70268809993286,,271.7357828000095,272.2414653999731,5.0,0.9999308999394998,"[(5.0, 0.9999308999394998)]","[0.36833333333333335, 0.0825]","[-0.010833333333333334, -0.2891666666666667]","[1, 1]","[0, 0]","[0, 0]","[0.8811158000025898, 1.5788151999004185]","[None, 'button2']",1,[1.604708299972117],[1.604717200039886],0,,,0,,,0,,,0,,,0,,,0,,,0,,,0,,,0,,,0,,,0,,,0,,,0,,,0,,,,272.64899539994076,272.66966709995177,272.66966709995177,272.66966709995177,272.66966709995177,272.66966709995177,272.66966709995177,272.66966709995177,273.253506799927,1,[0.6558263000333682],[0.6558409000281245],0,,,0,,,0,,,0,,,0,,,0,,,0,,,0,,,0,,,0,,,0,,,0,,,0,,,0,,,None,273.25456349994056,273.269480500021,,273.6048751999624,"['Bordeaux', 'Yellow', 'Pink', 'Grey', 'Green', 'Lime-green', 'Bordeaux', 'Brown', 'Cyan', 'Teal', 'Red', 'Brown', 'Orange']",,,,,,,,,,270.70268809993286,,,,,,,,,,,,,,,,,,,,,,,,,,,,,,,,,,,,,,,,,002,001,2026-04-10_19h57.40.117,Train3Laptop,,2026.1.1,60.19357051446609,2026-04-10 19h57.42.256394 +0200,
02-1,006_Pink.jpg,True,Pink,100,0,50,02-1/006_Pink_0.png,13,13,0,['space'],[0.7681548999389634],[0.08903879998251796],0,,,0,,,0,,,0,,,0,,,1,9.4569843999343,9.45700139994733,0,,,0,,,0,,,0,,,0,,,0,,,0,,,0,,,5.0,1.0168965000193566,"[(5.0, 1.0168965000193566)]","[0.37416666666666665, 0.060833333333333336]","[-0.01, -0.28]","[1, 1]","[0, 0]","[0, 0]","[0.8960073000052944, 1.6624728000024334]","[None, 'button2']",1,[1.6832892999518663],[1.6833023999352008],0,,,0,,,0,,,0,,,0,,,0,,,0,,,0,,,0,,,0,,,0,,,0,,,0,,,0,,,1,[0.48876440001185983],[0.4887768999906257],0,,,0,,,0,,,0,,,0,,,0,,,0,,,0,,,0,,,0,,,0,,,0,,,0,,,0,,,None,0,13,13,8,273.8205779999262,,,,,,,,,,,02-1/006_Pink_0.png,273.6065208999207,273.60781289997976,02-1/006_Pink_0.png,True,Pink,100,0,50,"[1.8016840999480337, 2.816296000033617]",02-1/006_Pink_0.png,14,,273.63001189997885,273.8205779999262,273.8205779999262,273.8205779999262,273.8205779999262,273.8205779999262,273.8205779999262,273.8205779999262,273.8205779999262,273.8205779999262,273.8205779999262,273.8205779999262,273.8205779999262,273.8205779999262,273.8205779999262,273.8205779999262,273.8205779999262,273.8205779999262,273.8205779999262,273.8205779999262,273.8205779999262,273.9868788999738,274.6208278000122,283.0695101999445,Pink,2,['space'],[0.7681548999389634],[0.08903879998251796],0,,,0,,,0,,,0,,,0,,,1,9.4569843999343,9.45700139994733,0,,,0,,,0,,,0,,,0,,,0,,,0,,,0,,,Pink,285.1073292000219,285.1230939999223,285.45660859998316,283.43963819998316,283.4853856000118,283.4853856000118,0.019827199983410537,283.4853856000118,,284.502498799935,285.10635579994414,5.0,1.0168965000193566,"[(5.0, 1.0168965000193566)]","[0.37416666666666665, 0.060833333333333336]","[-0.01, -0.28]","[1, 1]","[0, 0]","[0, 0]","[0.8960073000052944, 1.6624728000024334]","[None, 'button2']",1,[1.6832892999518663],[1.6833023999352008],0,,,0,,,0,,,0,,,0,,,0,,,0,,,0,,,0,,,0,,,0,,,0,,,0,,,0,,,285.5188610999612,285.4920846999157,285.5188610999612,285.5188610999612,285.5188610999612,285.5188610999612,285.5188610999612,285.5188610999612,285.5188610999612,285.9504535999149,1,[0.48876440001185983],[0.4887768999906257],0,,,0,,,0,,,0,,,0,,,0,,,0,,,0,,,0,,,0,,,0,,,0,,,0,,,0,,,None,285.9510579999769,285.968764499994,,286.30278419994283,"['Bordeaux', 'Yellow', 'Pink', 'Grey', 'Green', 'Lime-green', 'Bordeaux', 'Brown', 'Cyan', 'Teal', 'Red', 'Brown', 'Orange', 'Pink']",,283.4853856000118,,,,,,,,,,,,,,,,,,,,,,,,,,,,,,,,,,,,,,,,,,,,,,,,,002,001,2026-04-10_19h57.40.117,Train3Laptop,,2026.1.1,60.19357051446609,2026-04-10 19h57.42.256394 +0200,
02-1,011_Orange.jpg,True,Orange,99,48,0,02-1/011_Orange_0.png,14,14,0,['space'],[8.967382900067605],[0.0887164999730885],0,,,0,,,0,,,0,,,0,,,0,,,0,,,1,15.814672000007704,15.814684699987993,0,,,0,,,0,,,0,,,0,,,0,,,5.0,1.1139733999734744,"[(5.0, 1.1139733999734744)]","[0.37666666666666665, 0.08166666666666667]","[0.018333333333333333, -0.2625]","[1, 1]","[0, 0]","[0, 0]","[0.9990776999620721, 1.8011981999734417]","[None, 'button2']",1,[1.8136862000683323],[1.8136955000227317],0,,,0,,,0,,,0,,,0,,,0,,,0,,,0,,,0,,,0,,,0,,,0,,,0,,,0,,,1,[0.4035582001088187],[0.40357230009976774],0,,,0,,,0,,,0,,,0,,,0,,,0,,,0,,,0,,,0,,,0,,,0,,,0,,,0,,,None,0,14,14,3,286.5206275000237,,,,,,,,,,,02-1/011_Orange_0.png,286.30440509994514,286.30605729995295,02-1/011_Orange_0.png,True,Orange,99,48,0,"[1.8823254000162706, 10.008314799983054]",02-1/011_Orange_0.png,15,,286.3242771999212,286.5206275000237,286.5206275000237,286.5206275000237,286.5206275000237,286.5206275000237,286.5206275000237,286.5206275000237,286.5206275000237,286.5206275000237,286.5206275000237,286.5206275000237,286.5206275000237,286.5206275000237,286.5206275000237,286.5206275000237,286.5206275000237,286.5206275000237,286.5206275000237,286.5206275000237,286.5206275000237,286.6859525999753,287.303254099912,302.1242278999416,Orange,2,['space'],[8.967382900067605],[0.0887164999730885],0,,,0,,,0,,,0,,,0,,,0,,,0,,,1,15.814672000007704,15.814684699987993,0,,,0,,,0,,,0,,,0,,,0,,,Orange,304.29157200001646,304.30582339991815,304.63920109998435,302.48598519992083,302.53503679996356,302.53503679996356,0.011415500077418983,302.53503679996356,,303.6511901000049,304.29073469992727,5.0,1.1139733999734744,"[(5.0, 1.1139733999734744)]","[0.37666666666666665, 0.08166666666666667]","[0.018333333333333333, -0.2625]","[1, 1]","[0, 0]","[0, 0]","[0.9990776999620721, 1.8011981999734417]","[None, 'button2']",1,[1.8136862000683323],[1.8136955000227317],0,,,0,,,0,,,0,,,0,,,0,,,0,,,0,,,0,,,0,,,0,,,0,,,0,,,0,,,304.68452759995125,304.6732906999532,304.68452759995125,304.68452759995125,304.68452759995125,304.68452759995125,304.68452759995125,304.68452759995125,304.68452759995125,305.05037489999086,1,[0.4035582001088187],[0.40357230009976774],0,,,0,,,0,,,0,,,0,,,0,,,0,,,0,,,0,,,0,,,0,,,0,,,0,,,0,,,None,305.0512450999813,305.0671852999367,,305.404735899996,"['Bordeaux', 'Yellow', 'Pink', 'Grey', 'Green', 'Lime-green', 'Bordeaux', 'Brown', 'Cyan', 'Teal', 'Red', 'Brown', 'Orange', 'Pink', 'Orange']",,,,,,,,,,302.53503679996356,,,,,,,,,,,,,,,,,,,,,,,,,,,,,,,,,,,,,,,,,002,001,2026-04-10_19h57.40.117,Train3Laptop,,2026.1.1,60.19357051446609,2026-04-10 19h57.42.256394 +0200,
03-1,013_Grey.jpg,True,Grey,47,53,50,03-1/013_Grey_0.png,15,15,0,['space'],[1.1226507000392303],[0.12482859997544438],0,,,0,,,0,,,1,10.537731699994765,10.537752700038254,0,,,0,,,0,,,0,,,0,,,0,,,0,,,0,,,0,,,0,,,5.0,1.080045299953781,"[(5.0, 1.080045299953781)]","[0.38083333333333336, 0.01]","[0.004166666666666667, -0.30333333333333334]","[1, 1]","[0, 0]","[0, 0]","[0.9633598000509664, 2.2633701999438927]","[None, 'button2']",1,[2.284357300028205],[2.28436699998565],0,,,0,,,0,,,0,,,0,,,0,,,0,,,0,,,0,,,0,,,0,,,0,,,0,,,0,,,1,[0.5484626000979915],[0.5484780000988394],0,,,0,,,0,,,0,,,0,,,0,,,0,,,0,,,0,,,0,,,0,,,0,,,0,,,0,,,None,0,15,15,23,305.61944319994655,,,,,,,,,,,03-1/013_Grey_0.png,305.4064620999852,305.40665679995436,03-1/013_Grey_0.png,True,Grey,47,53,50,"[2.1224884999683127, 3.9622630999656394]",03-1/013_Grey_0.png,16,,305.42583670001477,305.61944319994655,305.61944319994655,305.61944319994655,305.61944319994655,305.61944319994655,305.61944319994655,305.61944319994655,305.61944319994655,305.61944319994655,305.61944319994655,305.61944319994655,305.61944319994655,305.61944319994655,305.61944319994655,305.61944319994655,305.61944319994655,305.61944319994655,305.61944319994655,305.61944319994655,305.61944319994655,305.78550719993655,306.38592819997575,315.9503485999303,Grey,2,['space'],[1.1226507000392303],[0.12482859997544438],0,,,0,,,0,,,1,10.537731699994765,10.537752700038254,0,,,0,,,0,,,0,,,0,,,0,,,0,,,0,,,0,,,0,,,Grey,318.5881040999666,318.6054234999465,318.93908579996787,316.3204402999254,316.36780519993044,316.36780519993044,0.019781699986197054,316.36780519993044,,317.4506271999562,318.5874765999615,5.0,1.080045299953781,"[(5.0, 1.080045299953781)]","[0.38083333333333336, 0.01]","[0.004166666666666667, -0.30333333333333334]","[1, 1]","[0, 0]","[0, 0]","[0.9633598000509664, 2.2633701999438927]","[None, 'button2']",1,[2.284357300028205],[2.28436699998565],0,,,0,,,0,,,0,,,0,,,0,,,0,,,0,,,0,,,0,,,0,,,0,,,0,,,0,,,,318.9931136999512,319.0179862999357,319.0179862999357,319.0179862999357,319.0179862999357,319.0179862999357,319.0179862999357,319.0179862999357,319.4915722999722,1,[0.5484626000979915],[0.5484780000988394],0,,,0,,,0,,,0,,,0,,,0,,,0,,,0,,,0,,,0,,,0,,,0,,,0,,,0,,,None,319.4925154999364,319.505290400004,,319.8552333000116,"['Bordeaux', 'Yellow', 'Pink', 'Grey', 'Green', 'Lime-green', 'Bordeaux', 'Brown', 'Cyan', 'Teal', 'Red', 'Brown', 'Orange', 'Pink', 'Orange', 'Grey']",,,316.36780519993044,,,,,,,,,,,,,,,,,,,,,,,,,,,,,,,,,,,,,,,,,,,,,,,,002,001,2026-04-10_19h57.40.117,Train3Laptop,,2026.1.1,60.19357051446609,2026-04-10 19h57.42.256394 +0200,
03-1,011_Brown.jpg,True,Brown,50,15,0,03-1/011_Brown_0.png,16,16,0,"['space', 'space', 'space']","[3.9903341999743134, 5.998382500023581, 7.432648800080642]","[0.09671569999773055, 0.11622209998313338, 0.13449699990451336]",1,13.845904199988581,13.845922700013034,0,,,0,,,0,,,0,,,0,,,0,,,0,,,0,,,0,,,0,,,0,,,0,,,0,,,5.0,1.0790206000674516,"[(5.0, 1.0790206000674516)]","[0.3675, 0.050833333333333335]","[-0.010833333333333334, -0.27666666666666667]","[1, 1]","[0, 0]","[0, 0]","[0.9289041999727488, 2.1601259999442846]","[None, 'button2']",1,[2.174862500047311],[2.174872100003995],0,,,0,,,0,,,0,,,0,,,0,,,0,,,0,,,0,,,0,,,0,,,0,,,0,,,0,,,1,[0.7327222999883816],[0.7327387999976054],0,,,0,,,0,,,0,,,0,,,0,,,0,,,0,,,0,,,0,,,0,,,0,,,0,,,0,,,None,0,16,16,19,320.085662700003,,,,,,,,,,,03-1/011_Brown_0.png,319.85727429995313,319.8588698999956,03-1/011_Brown_0.png,True,Brown,50,15,0,"[3.4958512000739574, 5.118347099982202, 6.203168799984269, 7.134969500009902, 8.511510699987411]",03-1/011_Brown_0.png,17,,319.8850348999258,320.085662700003,320.085662700003,320.085662700003,320.085662700003,320.085662700003,320.085662700003,320.085662700003,320.085662700003,320.085662700003,320.085662700003,320.085662700003,320.085662700003,320.085662700003,320.085662700003,320.085662700003,320.085662700003,320.085662700003,320.085662700003,320.085662700003,320.085662700003,320.2689300000202,320.935667200014,333.70940569997765,Brown,1,"['space', 'space', 'space']","[3.9903341999743134, 5.998382500023581, 7.432648800080642]","[0.09671569999773055, 0.11622209998313338, 0.13449699990451336]",1,13.845904199988581,13.845922700013034,0,,,0,,,0,,,0,,,0,,,0,,,0,,,0,,,0,,,0,,,0,,,0,,,0,,,Brown,336.23753779998515,336.2523142999271,336.590367399971,334.07344089995604,334.1167069999501,334.1167069999501,0.013688000035472214,334.1167069999501,,335.21666479995474,336.23692850000225,5.0,1.0790206000674516,"[(5.0, 1.0790206000674516)]","[0.3675, 0.050833333333333335]","[-0.010833333333333334, -0.27666666666666667]","[1, 1]","[0, 0]","[0, 0]","[0.9289041999727488, 2.1601259999442846]","[None, 'button2']",1,[2.174862500047311],[2.174872100003995],0,,,0,,,0,,,0,,,0,,,0,,,0,,,0,,,0,,,0,,,0,,,0,,,0,,,0,,,336.6500126000028,336.6220186999999,336.6500126000028,336.6500126000028,336.6500126000028,336.6500126000028,336.6500126000028,336.6500126000028,336.6500126000028,337.3243489000015,1,[0.7327222999883816],[0.7327387999976054],0,,,0,,,0,,,0,,,0,,,0,,,0,,,0,,,0,,,0,,,0,,,0,,,0,,,0,,,None,337.3251542999642,337.33666179992724,337.9020904999925,337.6731874999823,"['Bordeaux', 'Yellow', 'Pink', 'Grey', 'Green', 'Lime-green', 'Bordeaux', 'Brown', 'Cyan', 'Teal', 'Red', 'Brown', 'Orange', 'Pink', 'Orange', 'Grey', 'Brown']",,,,,,334.1167069999501,,,,,,,,,,,,,,,,,,,,,,,,,,,,,,,,,,,,,,,,,,,,,002,001,2026-04-10_19h57.40.117,Train3Laptop,,2026.1.1,60.19357051446609,2026-04-10 19h57.42.256394 +0200,
02-1,030_Seafoam.jpg,True,Seafoam,0,99,67,02-1/030_Seafoam_0.png,17,17,0,None,,,0,,,0,,,0,,,0,,,1,18.133018099935725,18.133041399996728,0,,,0,,,0,,,0,,,0,,,0,,,0,,,0,,,0,,,5.0,0.7356403999729082,"[(5.0, 0.7356403999729082)]","[0.3616666666666667, 0.05]","[-0.011666666666666667, -0.2866666666666667]","[1, 1]","[0, 0]","[0, 0]","[0.6136241999920458, 1.7633041000226513]","[None, 'button2']",1,[1.7821658999891952],[1.7821776999626309],0,,,0,,,0,,,0,,,0,,,0,,,0,,,0,,,0,,,0,,,0,,,0,,,0,,,0,,,1,[0.7560885999118909],[0.7561020000139251],0,,,0,,,0,,,0,,,0,,,0,,,0,,,0,,,0,,,0,,,0,,,0,,,0,,,0,,,None,0,17,17,14,337.9020904999925,,,,,,,,,,,02-1/030_Seafoam_0.png,337.67631849995814,337.67925709998235,02-1/030_Seafoam_0.png,True,Seafoam,0,99,67,"[1.516407800023444, 5.38933079992421]",02-1/030_Seafoam_0.png,18,,337.7032010999974,337.9020904999925,337.9020904999925,337.9020904999925,337.9020904999925,337.9020904999925,337.9020904999925,337.9020904999925,337.9020904999925,337.9020904999925,337.9020904999925,337.9020904999925,337.9020904999925,337.9020904999925,337.9020904999925,337.9020904999925,337.9020904999925,337.9020904999925,337.9020904999925,337.9020904999925,337.9020904999925,338.05148919997737,338.6518604999874,355.8175788000226,Seafoam,2,None,,,0,,,0,,,0,,,0,,,1,18.133018099935725,18.133041399996728,0,,,0,,,0,,,0,,,0,,,0,,,0,,,0,,,0,,,Seafoam,357.9538648999296,357.96940189995803,358.30430519999936,356.1856733999448,356.23243650002405,356.23243650002405,0.01780739997047931,356.23243650002405,,356.9658418999752,357.9530569999479,5.0,0.7356403999729082,"[(5.0, 0.7356403999729082)]","[0.3616666666666667, 0.05]","[-0.011666666666666667, -0.2866666666666667]","[1, 1]","[0, 0]","[0, 0]","[0.6136241999920458, 1.7633041000226513]","[None, 'button2']",1,[1.7821658999891952],[1.7821776999626309],0,,,0,,,0,,,0,,,0,,,0,,,0,,,0,,,0,,,0,,,0,,,0,,,0,,,0,,,358.36606399994344,358.34083220001776,358.36606399994344,358.36606399994344,358.36606399994344,358.36606399994344,358.36606399994344,358.36606399994344,358.36606399994344,359.06624229997396,1,[0.7560885999118909],[0.7561020000139251],0,,,0,,,0,,,0,,,0,,,0,,,0,,,0,,,0,,,0,,,0,,,0,,,0,,,0,,,None,359.0668832999654,359.0823991999496,,359.4202752999263,"['Bordeaux', 'Yellow', 'Pink', 'Grey', 'Green', 'Lime-green', 'Bordeaux', 'Brown', 'Cyan', 'Teal', 'Red', 'Brown', 'Orange', 'Pink', 'Orange', 'Grey', 'Brown', 'Seafoam']",,,,,,,,,,,356.23243650002405,,,,,,,,,,,,,,,,,,,,,,,,,,,,,,,,,,,,,,,,002,001,2026-04-10_19h57.40.117,Train3Laptop,,2026.1.1,60.19357051446609,2026-04-10 19h57.42.256394 +0200,
01-t,022_Cyan.jpg,True,Cyan,0,96,90,01-t/022_Cyan_0.png,18,18,0,"['space', 'space', 'space']","[0.4158710000338033, 1.869141099974513, 8.434572799946181]","[0.09786059998441488, 0.09792820003349334, 0.11556599999312311]",0,,,0,,,0,,,0,,,0,,,0,,,0,,,0,,,0,,,0,,,0,,,1,[17.69635099999141],[17.6963636999717],0,,,0,,,5.0,0.9178094000089914,"[(5.0, 0.9178094000089914)]","[0.38, 0.060833333333333336]","[-0.025, -0.2775]","[1, 1]","[0, 0]","[0, 0]","[0.7998133000219241, 1.5979714000131935]","[None, 'button2']",1,[1.6089974000351503],[1.609005199978128],0,,,0,,,0,,,0,,,0,,,0,,,0,,,0,,,0,,,0,,,0,,,0,,,0,,,0,,,1,[0.5719860000535846],[0.572001300053671],0,,,0,,,0,,,0,,,0,,,0,,,0,,,0,,,0,,,0,,,0,,,0,,,0,,,0,,,None,0,18,18,1,359.65138549997937,,,,,,,,,,,01-t/022_Cyan_0.png,359.42201969993766,359.42386500001885,01-t/022_Cyan_0.png,True,Cyan,0,96,90,"[1.4469123999588192, 2.9534180999035016, 8.96895039989613, 9.508122499915771, 10.304235499934293, 13.795640399912372]",01-t/022_Cyan_0.png,19,,359.4430451999651,359.65138549997937,359.65138549997937,359.65138549997937,359.65138549997937,359.65138549997937,359.65138549997937,359.65138549997937,359.65138549997937,359.65138549997937,359.65138549997937,359.65138549997937,359.65138549997937,359.65138549997937,359.65138549997937,359.65138549997937,359.65138549997937,359.65138549997937,359.65138549997937,359.65138549997937,359.65138549997937,359.83333019993734,360.4344704999821,377.12295849993825,Cyan,2,"['space', 'space', 'space']","[0.4158710000338033, 1.869141099974513, 8.434572799946181]","[0.09786059998441488, 0.09792820003349334, 0.11556599999312311]",0,,,0,,,0,,,0,,,0,,,0,,,0,,,0,,,0,,,0,,,0,,,1,[17.69635099999141],[17.6963636999717],0,,,0,,,Cyan,379.08558780001476,379.1024260999402,379.45221669995226,377.4828808999155,377.5321034999797,377.5321034999797,0.00952369999140501,377.5321034999797,,378.4821138000116,379.08489649998955,5.0,0.9178094000089914,"[(5.0, 0.9178094000089914)]","[0.38, 0.060833333333333336]","[-0.025, -0.2775]","[1, 1]","[0, 0]","[0, 0]","[0.7998133000219241, 1.5979714000131935]","[None, 'button2']",1,[1.6089974000351503],[1.609005199978128],0,,,0,,,0,,,0,,,0,,,0,,,0,,,0,,,0,,,0,,,0,,,0,,,0,,,0,,,377.5321034999797,379.4767940000165,379.4986327999504,379.4986327999504,379.4986327999504,379.4986327999504,379.4986327999504,379.4986327999504,379.4986327999504,380.0110648999689,1,[0.5719860000535846],[0.572001300053671],0,,,0,,,0,,,0,,,0,,,0,,,0,,,0,,,0,,,0,,,0,,,0,,,0,,,0,,,None,380.0116733999457,380.0308684000047,,380.36785149993375,"['Bordeaux', 'Yellow', 'Pink', 'Grey', 'Green', 'Lime-green', 'Bordeaux', 'Brown', 'Cyan', 'Teal', 'Red', 'Brown', 'Orange', 'Pink', 'Orange', 'Grey', 'Brown', 'Seafoam', 'Cyan']",,,,,,,377.5321034999797,,,,,,,,,,,,,,,,,,,,,,,,,,,,,,,,,,,,,,,,,,,,002,001,2026-04-10_19h57.40.117,Train3Laptop,,2026.1.1,60.19357051446609,2026-04-10 19h57.42.256394 +0200,
03-1,032_Bordeaux.jpg,True,Bordeaux,50,0,18,03-1/032_Bordeaux_0.png,19,19,0,"['space', 'space']","[2.1451471999753267, 2.787392199970782]","[0.15225789998658001, 0.10714199999347329]",0,,,1,11.080657299957238,11.080672199954279,0,,,0,,,0,,,0,,,0,,,0,,,0,,,0,,,0,,,0,,,0,,,0,,,5.0,0.9331004000268877,"[(5.0, 0.9331004000268877)]","[0.35083333333333333, 0.06166666666666667]","[0.0033333333333333335, -0.2825]","[1, 1]","[0, 0]","[0, 0]","[0.8507632999680936, 1.8381382999941707]","[None, 'button2']",1,[1.8446110000368208],[1.8446221001213416],0,,,0,,,0,,,0,,,0,,,0,,,0,,,0,,,0,,,0,,,0,,,0,,,0,,,0,,,1,[6.797290800022893],[6.797302299994044],0,,,0,,,1,[5.741871700040065],[5.741882700007409],0,,,0,,,0,,,0,,,0,,,0,,,0,,,0,,,0,,,0,,,0,,,None,0,19,19,37,380.59965220000595,,,,,,,,,,,03-1/032_Bordeaux_0.png,380.36925689992495,380.3718210000079,03-1/032_Bordeaux_0.png,True,Bordeaux,50,0,18,"[3.183521799976006, 3.8384260999737307]",03-1/032_Bordeaux_0.png,20,,380.39569749997463,380.59965220000595,380.59965220000595,380.59965220000595,380.59965220000595,380.59965220000595,380.59965220000595,380.59965220000595,380.59965220000595,380.59965220000595,380.59965220000595,380.59965220000595,380.59965220000595,380.59965220000595,380.59965220000595,380.59965220000595,380.59965220000595,380.59965220000595,380.59965220000595,380.59965220000595,380.59965220000595,380.7652883999981,381.4003744999645,391.4583454999374,Bordeaux,2,"['space', 'space']","[2.1451471999753267, 2.787392199970782]","[0.15225789998658001, 0.10714199999347329]",0,,,1,11.080657299957238,11.080672199954279,0,,,0,,,0,,,0,,,0,,,0,,,0,,,0,,,0,,,0,,,0,,,0,,,Teal,393.6570449999999,393.6684586999472,394.00585149996914,391.8143011999782,391.8477032999508,391.8477032999508,0.005525400047190487,391.8477032999508,,392.7978950999677,393.65639729995746,5.0,0.9331004000268877,"[(5.0, 0.9331004000268877)]","[0.35083333333333333, 0.06166666666666667]","[0.0033333333333333335, -0.2825]","[1, 1]","[0, 0]","[0, 0]","[0.8507632999680936, 1.8381382999941707]","[None, 'button2']",1,[1.8446110000368208],[1.8446221001213416],0,,,0,,,0,,,0,,,0,,,0,,,0,,,0,,,0,,,0,,,0,,,0,,,0,,,0,,,394.1479846999282,394.0475645000115,399.8154564999277,399.8154564999277,394.1479846999282,394.1479846999282,394.1479846999282,394.1479846999282,394.1479846999282,400.80597300000954,1,[6.797290800022893],[6.797302299994044],0,,,0,,,1,[5.741871700040065],[5.741882700007409],0,,,0,,,0,,,0,,,0,,,0,,,0,,,0,,,0,,,0,,,0,,,None,400.80659359996207,400.8162016000133,401.3487751999637,401.15129940002225,"['Bordeaux', 'Yellow', 'Pink', 'Grey', 'Green', 'Lime-green', 'Bordeaux', 'Brown', 'Cyan', 'Teal', 'Red', 'Brown', 'Orange', 'Pink', 'Orange', 'Grey', 'Brown', 'Seafoam', 'Cyan', 'Teal', 'Bordeaux']",,,,,,,,391.8477032999508,,,,394.1479846999282,394.1479846999282,394.1479846999282,394.1479846999282,394.1479846999282,394.1479846999282,394.1479846999282,394.1479846999282,394.1479846999282,394.1479846999282,394.1479846999282,394.1479846999282,394.1479846999282,394.1479846999282,394.1479846999282,394.1479846999282,399.7813873999985,399.7813873999985,399.7813873999985,399.7813873999985,399.7813873999985,399.7813873999985,399.7813873999985,399.7813873999985,399.7813873999985,399.7813873999985,399.7813873999985,399.7813873999985,399.8154564999277,399.8154564999277,399.8154564999277,399.8154564999277,,,,,,,,002,001,2026-04-10_19h57.40.117,Train3Laptop,,2026.1.1,60.19357051446609,2026-04-10 19h57.42.256394 +0200,
03-1,031_Bordeaux.jpg,True,Bordeaux,47,5,21,03-1/031_Bordeaux_0.png,20,20,0,None,,,0,,,0,,,1,16.72226369997952,16.72228410001844,0,,,0,,,0,,,0,,,0,,,0,,,0,,,0,,,0,,,0,,,0,,,5.0,1.500441399984993,"[(5.0, 1.500441399984993)]","[0.35833333333333334, 0.0375]","[-0.008333333333333333, -0.27]","[1, 1]","[0, 0]","[0, 0]","[1.3561479001073167, 2.469140800065361]","[None, 'button2']",1,[2.483215400017798],[2.4832239999668673],0,,,0,,,0,,,0,,,0,,,0,,,0,,,0,,,0,,,0,,,0,,,0,,,0,,,0,,,1,[0.4817874999716878],[0.48181010002736],0,,,0,,,0,,,0,,,0,,,0,,,0,,,0,,,0,,,0,,,0,,,0,,,0,,,0,,,None,0,20,20,35,401.3487751999637,,,,,,,,,,,03-1/031_Bordeaux_0.png,401.1524991999613,401.1526286000153,03-1/031_Bordeaux_0.png,True,Bordeaux,47,5,21,"[3.1431046000216156, 3.9533971999771893]",03-1/031_Bordeaux_0.png,21,,401.1698504999513,401.3487751999637,401.3487751999637,401.3487751999637,401.3487751999637,401.3487751999637,401.3487751999637,401.3487751999637,401.3487751999637,401.3487751999637,401.3487751999637,401.3487751999637,401.3487751999637,401.3487751999637,401.3487751999637,401.3487751999637,401.3487751999637,401.3487751999637,401.3487751999637,401.3487751999637,401.3487751999637,401.51501430000644,402.13252540002577,417.8814297999488,Bordeaux,2,None,,,0,,,0,,,1,16.72226369997952,16.72228410001844,0,,,0,,,0,,,0,,,0,,,0,,,0,,,0,,,0,,,0,,,0,,,Bordeaux,420.71824810002,420.73429339996073,421.06863579992205,418.24490529997274,418.29750849993434,418.29750849993434,0.013175599975511432,418.29750849993434,418.29750849993434,419.8305647999514,420.7175395999802,5.0,1.500441399984993,"[(5.0, 1.500441399984993)]","[0.35833333333333334, 0.0375]","[-0.008333333333333333, -0.27]","[1, 1]","[0, 0]","[0, 0]","[1.3561479001073167, 2.469140800065361]","[None, 'button2']",1,[2.483215400017798],[2.4832239999668673],0,,,0,,,0,,,0,,,0,,,0,,,0,,,0,,,0,,,0,,,0,,,0,,,0,,,0,,,,421.09367349999957,421.11350149998907,421.11350149998907,421.11350149998907,421.11350149998907,421.11350149998907,421.11350149998907,421.11350149998907,421.5567574999295,1,[0.4817874999716878],[0.48181010002736],0,,,0,,,0,,,0,,,0,,,0,,,0,,,0,,,0,,,0,,,0,,,0,,,0,,,0,,,None,421.55743869999424,421.56572770001367,422.1153529000003,421.90142279991414,"['Bordeaux', 'Yellow', 'Pink', 'Grey', 'Green', 'Lime-green', 'Bordeaux', 'Brown', 'Cyan', 'Teal', 'Red', 'Brown', 'Orange', 'Pink', 'Orange', 'Grey', 'Brown', 'Seafoam', 'Cyan', 'Teal', 'Bordeaux', 'Bordeaux']",,,,,,,,,,,,,,,,,,,,,,,,,,,,,,,,,,,,,,,,,,,,,,,,,,,002,001,2026-04-10_19h57.40.117,Train3Laptop,,2026.1.1,60.19357051446609,2026-04-10 19h57.42.256394 +0200,
03-1,019_Teal.jpg,True,Teal,0,44,49,03-1/019_Teal_0.png,21,21,0,None,,,0,,,1,12.407432300038636,12.407446500030346,0,,,0,,,0,,,0,,,0,,,0,,,0,,,0,,,0,,,0,,,0,,,0,,,5.0,1.0135353999212384,"[(5.0, 1.0135353999212384)]","[0.39, 0.0625]","[0.016666666666666666, -0.2833333333333333]","[1, 1]","[0, 0]","[0, 0]","[0.8804611000232399, 1.879591800039634]","[None, 'button2']",1,[1.9120682999491692],[1.9120779000222683],0,,,0,,,0,,,0,,,0,,,0,,,0,,,0,,,0,,,0,,,0,,,0,,,0,,,0,,,1,[0.6207385000307113],[0.6207548000384122],0,,,0,,,0,,,0,,,0,,,0,,,0,,,0,,,0,,,0,,,0,,,0,,,0,,,0,,,None,0,21,21,29,422.1153529000003,,,,,,,,,,,03-1/019_Teal_0.png,421.90347399993334,421.90754579997156,03-1/019_Teal_0.png,True,Teal,0,44,49,"[1.2778447000309825, 3.411097100004554]",03-1/019_Teal_0.png,22,,421.9289461999433,422.1153529000003,422.1153529000003,422.1153529000003,422.1153529000003,422.1153529000003,422.1153529000003,422.1153529000003,422.1153529000003,422.1153529000003,422.1153529000003,422.1153529000003,422.1153529000003,422.1153529000003,422.1153529000003,422.1153529000003,422.1153529000003,422.1153529000003,422.1153529000003,422.1153529000003,422.1153529000003,422.2652197999414,422.9652398999315,434.3199021000182,Teal,2,None,,,0,,,1,12.407432300038636,12.407446500030346,0,,,0,,,0,,,0,,,0,,,0,,,0,,,0,,,0,,,0,,,0,,,0,,,Teal,436.5854903999716,436.5997927999124,436.9377700999612,434.7017088999273,434.7464427999221,434.7464427999221,0.031505599967204034,434.7464427999221,,435.76296279998496,436.5847998999525,5.0,1.0135353999212384,"[(5.0, 1.0135353999212384)]","[0.39, 0.0625]","[0.016666666666666666, -0.2833333333333333]","[1, 1]","[0, 0]","[0, 0]","[0.8804611000232399, 1.879591800039634]","[None, 'button2']",1,[1.9120682999491692],[1.9120779000222683],0,,,0,,,0,,,0,,,0,,,0,,,0,,,0,,,0,,,0,,,0,,,0,,,0,,,0,,,436.9962056999793,436.97102950001135,436.9962056999793,436.9962056999793,436.9962056999793,436.9962056999793,436.9962056999793,436.9962056999793,436.9962056999793,437.5634010999929,1,[0.6207385000307113],[0.6207548000384122],0,,,0,,,0,,,0,,,0,,,0,,,0,,,0,,,0,,,0,,,0,,,0,,,0,,,0,,,None,437.5642986999592,437.5798130999319,,437.9174356999574,"['Bordeaux', 'Yellow', 'Pink', 'Grey', 'Green', 'Lime-green', 'Bordeaux', 'Brown', 'Cyan', 'Teal', 'Red', 'Brown', 'Orange', 'Pink', 'Orange', 'Grey', 'Brown', 'Seafoam', 'Cyan', 'Teal', 'Bordeaux', 'Bordeaux', 'Teal']",,,,,,,,434.7464427999221,,,,,,,,,,,,,,,,,,,,,,,,,,,,,,,,,,,,,,,,,,,002,001,2026-04-10_19h57.40.117,Train3Laptop,,2026.1.1,60.19357051446609,2026-04-10 19h57.42.256394 +0200,
01-1,008_Purple.jpg,True,Purple,52,0,99,01-1/008_Purple_0.png,22,22,0,['space'],[2.0151882999343798],[0.09802350006066263],0,,,0,,,0,,,0,,,0,,,0,,,0,,,0,,,0,,,0,,,1,[14.119750599958934],[14.119768999982625],0,,,0,,,0,,,5.0,1.0002713999710977,"[(5.0, 1.0002713999710977)]","[0.38416666666666666, 0.06666666666666667]","[0.013333333333333334, -0.25333333333333335]","[1, 1]","[0, 0]","[0, 0]","[0.8791763000190258, 1.9291992000071332]","[None, 'button2']",1,[1.9471680000424385],[1.9471810000250116],0,,,0,,,0,,,0,,,0,,,0,,,0,,,0,,,0,,,0,,,0,,,0,,,0,,,0,,,1,[0.6678398001240566],[0.6678510000929236],0,,,0,,,0,,,0,,,0,,,0,,,0,,,0,,,0,,,0,,,0,,,0,,,0,,,0,,,None,0,22,22,6,438.1476868999889,,,,,,,,,,,01-1/008_Purple_0.png,437.91923350002617,437.9256684000138,01-1/008_Purple_0.png,True,Purple,52,0,99,"[3.1356335999444127, 3.9083393999608234]",01-1/008_Purple_0.png,23,,437.9489454999566,438.1476868999889,438.1476868999889,438.1476868999889,438.1476868999889,438.1476868999889,438.1476868999889,438.1476868999889,438.1476868999889,438.1476868999889,438.1476868999889,438.1476868999889,438.1476868999889,438.1476868999889,438.1476868999889,438.1476868999889,438.1476868999889,438.1476868999889,438.1476868999889,438.1476868999889,438.1476868999889,438.31394020002335,438.96483870001975,452.0492899999954,Purple,2,['space'],[2.0151882999343798],[0.09802350006066263],0,,,0,,,0,,,0,,,0,,,0,,,0,,,0,,,0,,,0,,,1,[14.119750599958934],[14.119768999982625],0,,,0,,,0,,,Purple,454.35130390000995,454.3670158999739,454.7012553999666,452.416738800006,452.46239350002725,452.46239350002725,0.017085399944335222,452.46239350002725,,453.4790749999229,454.3504879999673,5.0,1.0002713999710977,"[(5.0, 1.0002713999710977)]","[0.38416666666666666, 0.06666666666666667]","[0.013333333333333334, -0.25333333333333335]","[1, 1]","[0, 0]","[0, 0]","[0.8791763000190258, 1.9291992000071332]","[None, 'button2']",1,[1.9471680000424385],[1.9471810000250116],0,,,0,,,0,,,0,,,0,,,0,,,0,,,0,,,0,,,0,,,0,,,0,,,0,,,0,,,454.76232999993954,454.7358224999625,454.76232999993954,454.76232999993954,454.76232999993954,454.76232999993954,454.76232999993954,454.76232999993954,454.76232999993954,455.372492399998,1,[0.6678398001240566],[0.6678510000929236],0,,,0,,,0,,,0,,,0,,,0,,,0,,,0,,,0,,,0,,,0,,,0,,,0,,,0,,,None,455.37307620001957,455.3821141999215,455.9299723999575,455.7170914999442,"['Bordeaux', 'Yellow', 'Pink', 'Grey', 'Green', 'Lime-green', 'Bordeaux', 'Brown', 'Cyan', 'Teal', 'Red', 'Brown', 'Orange', 'Pink', 'Orange', 'Grey', 'Brown', 'Seafoam', 'Cyan', 'Teal', 'Bordeaux', 'Bordeaux', 'Teal', 'Purple']",,,,,,,,,,,,,,,,,,,,,,,,,,,,,,,,,,,,,,,,,,,,452.46239350002725,,,,,,,002,001,2026-04-10_19h57.40.117,Train3Laptop,,2026.1.1,60.19357051446609,2026-04-10 19h57.42.256394 +0200,
03-1,021_Grey.jpg,True,Grey,47,51,57,03-1/021_Grey_0.png,23,23,0,['space'],[8.124686099938117],[0.11602000007405877],0,,,0,,,0,,,1,16.030701000010595,16.030716400011443,0,,,0,,,0,,,0,,,0,,,0,,,0,,,0,,,0,,,0,,,5.0,1.1252967999316752,"[(5.0, 1.1252967999316752)]","[0.37166666666666665, 0.03333333333333333]","[0.008333333333333333, -0.2783333333333333]","[1, 1]","[0, 0]","[0, 0]","[0.9720307999523357, 1.9358138999668881]","[None, 'button2']",1,[1.9570380999939516],[1.9570483000716195],0,,,0,,,0,,,0,,,0,,,0,,,0,,,0,,,0,,,0,,,0,,,0,,,0,,,0,,,1,[0.5755797000601888],[0.5755973999621347],0,,,0,,,0,,,0,,,0,,,0,,,0,,,0,,,0,,,0,,,0,,,0,,,0,,,0,,,None,0,23,23,31,455.9299723999575,,,,,,,,,,,03-1/021_Grey_0.png,455.7187732999446,455.7189360000193,03-1/021_Grey_0.png,True,Grey,47,51,57,"[8.119990599923767, 9.294974399963394]",03-1/021_Grey_0.png,24,,455.74080009991303,455.9299723999575,455.9299723999575,455.9299723999575,455.9299723999575,455.9299723999575,455.9299723999575,455.9299723999575,455.9299723999575,455.9299723999575,455.9299723999575,455.9299723999575,455.9299723999575,455.9299723999575,455.9299723999575,455.9299723999575,455.9299723999575,455.9299723999575,455.9299723999575,455.9299723999575,455.9299723999575,456.09617539995816,456.79721089999657,471.75482479995117,Grey,2,['space'],[8.124686099938117],[0.11602000007405877],0,,,0,,,0,,,1,16.030701000010595,16.030716400011443,0,,,0,,,0,,,0,,,0,,,0,,,0,,,0,,,0,,,0,,,Grey,474.0657523999689,474.08270139992237,474.41592800000217,472.1250198999187,472.17866249999497,472.17866249999497,0.01986670005135238,472.17866249999497,,473.2951927999966,474.0649554999545,5.0,1.1252967999316752,"[(5.0, 1.1252967999316752)]","[0.37166666666666665, 0.03333333333333333]","[0.008333333333333333, -0.2783333333333333]","[1, 1]","[0, 0]","[0, 0]","[0.9720307999523357, 1.9358138999668881]","[None, 'button2']",1,[1.9570380999939516],[1.9570483000716195],0,,,0,,,0,,,0,,,0,,,0,,,0,,,0,,,0,,,0,,,0,,,0,,,0,,,0,,,472.17866249999497,474.4539361000061,474.4780566999689,474.4780566999689,474.4780566999689,474.4780566999689,474.4780566999689,474.4780566999689,474.4780566999689,474.9967484999215,1,[0.5755797000601888],[0.5755973999621347],0,,,0,,,0,,,0,,,0,,,0,,,0,,,0,,,0,,,0,,,0,,,0,,,0,,,0,,,None,474.99747629999183,475.0115559999831,475.56318319996353,475.3475221999688,"['Bordeaux', 'Yellow', 'Pink', 'Grey', 'Green', 'Lime-green', 'Bordeaux', 'Brown', 'Cyan', 'Teal', 'Red', 'Brown', 'Orange', 'Pink', 'Orange', 'Grey', 'Brown', 'Seafoam', 'Cyan', 'Teal', 'Bordeaux', 'Bordeaux', 'Teal', 'Purple', 'Grey']",,,472.17866249999497,,,,,,,,,,,,,,,,,,,,,,,,,,,,,,,,,,,,,,,,,,,,,,,,002,001,2026-04-10_19h57.40.117,Train3Laptop,,2026.1.1,60.19357051446609,2026-04-10 19h57.42.256394 +0200,
03-1,011_Teal.jpg,True,Teal,0,45,54,03-1/011_Teal_0.png,24,24,0,"['space', 'space']","[0.2218145999358967, 1.8672502000117674]","[0.10677770001348108, 0.07939169998280704]",0,,,1,10.280847999965772,10.280862600076944,0,,,0,,,0,,,0,,,0,,,0,,,0,,,0,,,0,,,0,,,0,,,0,,,5.0,0.8288262999849394,"[(5.0, 0.8288262999849394)]","[0.36, 0.06]","[0.013333333333333334, -0.2725]","[1, 1]","[0, 0]","[0, 0]","[0.6814073999412358, 1.5598598999204114]","[None, 'button2']",1,[1.5757902000332251],[1.5758017000043765],0,,,0,,,0,,,0,,,0,,,0,,,0,,,0,,,0,,,0,,,0,,,0,,,0,,,0,,,1,[0.7003150000236928],[0.7003312000306323],0,,,0,,,0,,,0,,,0,,,0,,,0,,,0,,,0,,,0,,,0,,,0,,,0,,,0,,,None,0,24,24,20,475.56318319996353,,,,,,,,,,,03-1/011_Teal_0.png,475.34871819999535,475.34991330001503,03-1/011_Teal_0.png,True,Teal,0,45,54,"[1.2506794000510126, 2.865261200000532]",03-1/011_Teal_0.png,25,,475.3701711000176,475.56318319996353,475.56318319996353,475.56318319996353,475.56318319996353,475.56318319996353,475.56318319996353,475.56318319996353,475.56318319996353,475.56318319996353,475.56318319996353,475.56318319996353,475.56318319996353,475.56318319996353,475.56318319996353,475.56318319996353,475.56318319996353,475.56318319996353,475.56318319996353,475.56318319996353,475.56318319996353,475.71208019996993,476.3462971999543,485.63620920001995,Teal,2,"['space', 'space']","[0.2218145999358967, 1.8672502000117674]","[0.10677770001348108, 0.07939169998280704]",0,,,1,10.280847999965772,10.280862600076944,0,,,0,,,0,,,0,,,0,,,0,,,0,,,0,,,0,,,0,,,0,,,0,,,Teal,487.56615540001076,487.58247869997285,487.9193898999365,486.00132869998924,486.044560899958,486.044560899958,0.014802900026552379,486.044560899958,,486.8776386999525,487.5653458000161,5.0,0.8288262999849394,"[(5.0, 0.8288262999849394)]","[0.36, 0.06]","[0.013333333333333334, -0.2725]","[1, 1]","[0, 0]","[0, 0]","[0.6814073999412358, 1.5598598999204114]","[None, 'button2']",1,[1.5757902000332251],[1.5758017000043765],0,,,0,,,0,,,0,,,0,,,0,,,0,,,0,,,0,,,0,,,0,,,0,,,0,,,0,,,487.99396769993473,487.9643104999559,487.99396769993473,487.99396769993473,487.99396769993473,487.99396769993473,487.99396769993473,487.99396769993473,487.99396769993473,488.6207820000127,1,[0.7003150000236928],[0.7003312000306323],0,,,0,,,0,,,0,,,0,,,0,,,0,,,0,,,0,,,0,,,0,,,0,,,0,,,0,,,None,488.6215228999499,488.6317770999158,489.19555740000214,488.96641130000353,"['Bordeaux', 'Yellow', 'Pink', 'Grey', 'Green', 'Lime-green', 'Bordeaux', 'Brown', 'Cyan', 'Teal', 'Red', 'Brown', 'Orange', 'Pink', 'Orange', 'Grey', 'Brown', 'Seafoam', 'Cyan', 'Teal', 'Bordeaux', 'Bordeaux', 'Teal', 'Purple', 'Grey', 'Teal']",,,,,,,,486.044560899958,,,,,,,,,,,,,,,,,,,,,,,,,,,,,,,,,,,,,,,,,,,002,001,2026-04-10_19h57.40.117,Train3Laptop,,2026.1.1,60.19357051446609,2026-04-10 19h57.42.256394 +0200,
03-1,016_Brown.jpg,True,Brown,52,18,0,03-1/016_Brown_0.png,25,25,0,"['space', 'space', 'space']","[0.5503723999718204, 3.91057309997268, 7.449570299941115]","[0.09812700003385544, 0.11639510001987219, 0.09771250002086163]",1,13.590852699941024,13.590863499906845,0,,,0,,,0,,,0,,,0,,,0,,,0,,,0,,,0,,,0,,,0,,,0,,,0,,,5.0,1.0388883000705391,"[(5.0, 1.0388883000705391)]","[0.3525, 0.03]","[0.016666666666666666, -0.29583333333333334]","[1, 1]","[0, 0]","[0, 0]","[0.8525207000784576, 1.920180800021626]","[None, 'button2']",1,[1.9330809999955818],[1.9330924999667332],0,,,0,,,0,,,0,,,0,,,0,,,0,,,0,,,0,,,0,,,0,,,0,,,0,,,0,,,1,[0.49515090009663254],[0.49517110013403],0,,,0,,,0,,,0,,,0,,,0,,,0,,,0,,,0,,,0,,,0,,,0,,,0,,,0,,,None,0,25,25,27,489.19555740000214,,,,,,,,,,,03-1/016_Brown_0.png,488.96828929998446,488.97065459995065,03-1/016_Brown_0.png,True,Brown,52,18,0,"[1.6534175999695435, 3.0324913999065757, 3.9763741999631748, 5.080219900002703, 8.599817899987102]",03-1/016_Brown_0.png,26,,488.99748239992186,489.19555740000214,489.19555740000214,489.19555740000214,489.19555740000214,489.19555740000214,489.19555740000214,489.19555740000214,489.19555740000214,489.19555740000214,489.19555740000214,489.19555740000214,489.19555740000214,489.19555740000214,489.19555740000214,489.19555740000214,489.19555740000214,489.19555740000214,489.19555740000214,489.19555740000214,489.19555740000214,489.3617278999882,490.03639849997126,502.5665205999976,Brown,1,"['space', 'space', 'space']","[0.5503723999718204, 3.91057309997268, 7.449570299941115]","[0.09812700003385544, 0.11639510001987219, 0.09771250002086163]",1,13.590852699941024,13.590863499906845,0,,,0,,,0,,,0,,,0,,,0,,,0,,,0,,,0,,,0,,,0,,,0,,,0,,,Brown,504.8540231999941,504.8647841999773,505.19980850000866,502.92869209998753,502.97700379998423,502.97700379998423,0.011821500025689602,502.97700379998423,,504.027319899993,504.8531057999935,5.0,1.0388883000705391,"[(5.0, 1.0388883000705391)]","[0.3525, 0.03]","[0.016666666666666666, -0.29583333333333334]","[1, 1]","[0, 0]","[0, 0]","[0.8525207000784576, 1.920180800021626]","[None, 'button2']",1,[1.9330809999955818],[1.9330924999667332],0,,,0,,,0,,,0,,,0,,,0,,,0,,,0,,,0,,,0,,,0,,,0,,,0,,,0,,,505.2604596000165,505.2388470999431,505.2604596000165,505.2604596000165,505.2604596000165,505.2604596000165,505.2604596000165,505.2604596000165,505.2604596000165,505.7032710999483,1,[0.49515090009663254],[0.49517110013403],0,,,0,,,0,,,0,,,0,,,0,,,0,,,0,,,0,,,0,,,0,,,0,,,0,,,0,,,None,505.7039709999226,505.7154599999776,,506.064772099955,"['Bordeaux', 'Yellow', 'Pink', 'Grey', 'Green', 'Lime-green', 'Bordeaux', 'Brown', 'Cyan', 'Teal', 'Red', 'Brown', 'Orange', 'Pink', 'Orange', 'Grey', 'Brown', 'Seafoam', 'Cyan', 'Teal', 'Bordeaux', 'Bordeaux', 'Teal', 'Purple', 'Grey', 'Teal', 'Brown']",,,,,,502.97700379998423,,,,,,,,,,,,,,,,,,,,,,,,,,,,,,,,,,,,,,,,,,,,,002,001,2026-04-10_19h57.40.117,Train3Laptop,,2026.1.1,60.19357051446609,2026-04-10 19h57.42.256394 +0200,
03-1,029_Teal.jpg,True,Teal,0,47,43,03-1/029_Teal_0.png,26,26,0,['space'],[1.6394928999943659],[0.11492459999863058],0,,,1,8.858484199969098,8.858498299960047,0,,,0,,,0,,,0,,,0,,,0,,,0,,,0,,,0,,,0,,,0,,,0,,,5.0,1.0139417999889702,"[(5.0, 1.0139417999889702)]","[0.3575, 0.06666666666666667]","[-0.0033333333333333335, -0.25666666666666665]","[1, 1]","[0, 0]","[0, 0]","[0.8475312000373378, 1.777860700036399]","[None, 'button2']",1,[1.7921996000222862],[1.7922134000109509],0,,,0,,,0,,,0,,,0,,,0,,,0,,,0,,,0,,,0,,,0,,,0,,,0,,,0,,,1,[0.46729589998722076],[0.46731460001319647],0,,,0,,,0,,,0,,,0,,,0,,,0,,,0,,,0,,,0,,,0,,,0,,,0,,,0,,,None,0,26,26,34,506.29498559993226,,,,,,,,,,,03-1/029_Teal_0.png,506.0664276999887,506.0719985999167,03-1/029_Teal_0.png,True,Teal,0,47,43,"[1.0858115999726579, 2.706991699989885]",03-1/029_Teal_0.png,27,,506.0930481000105,506.29498559993226,506.29498559993226,506.29498559993226,506.29498559993226,506.29498559993226,506.29498559993226,506.29498559993226,506.29498559993226,506.29498559993226,506.29498559993226,506.29498559993226,506.29498559993226,506.29498559993226,506.29498559993226,506.29498559993226,506.29498559993226,506.29498559993226,506.29498559993226,506.29498559993226,506.29498559993226,506.44498869997915,507.0547214000253,514.9352930999594,Teal,2,['space'],[1.6394928999943659],[0.11492459999863058],0,,,1,8.858484199969098,8.858498299960047,0,,,0,,,0,,,0,,,0,,,0,,,0,,,0,,,0,,,0,,,0,,,0,,,Teal,517.0818536999868,517.0977835999802,517.4319577999413,515.29896559997,515.3433721999172,515.3433721999172,0.013359200092963874,515.3433721999172,,516.3599505999591,517.0810297999997,5.0,1.0139417999889702,"[(5.0, 1.0139417999889702)]","[0.3575, 0.06666666666666667]","[-0.0033333333333333335, -0.25666666666666665]","[1, 1]","[0, 0]","[0, 0]","[0.8475312000373378, 1.777860700036399]","[None, 'button2']",1,[1.7921996000222862],[1.7922134000109509],0,,,0,,,0,,,0,,,0,,,0,,,0,,,0,,,0,,,0,,,0,,,0,,,0,,,0,,,515.3433721999172,517.4811042000074,517.51026739995,517.51026739995,517.51026739995,517.51026739995,517.51026739995,517.51026739995,517.51026739995,517.9049078000244,1,[0.46729589998722076],[0.46731460001319647],0,,,0,,,0,,,0,,,0,,,0,,,0,,,0,,,0,,,0,,,0,,,0,,,0,,,0,,,None,517.9057961999206,517.9267349999864,,518.2625749999424,"['Bordeaux', 'Yellow', 'Pink', 'Grey', 'Green', 'Lime-green', 'Bordeaux', 'Brown', 'Cyan', 'Teal', 'Red', 'Brown', 'Orange', 'Pink', 'Orange', 'Grey', 'Brown', 'Seafoam', 'Cyan', 'Teal', 'Bordeaux', 'Bordeaux', 'Teal', 'Purple', 'Grey', 'Teal', 'Brown', 'Teal']",,,,,,,,515.3433721999172,,,,,,,,,,,,,,,,,,,,,,,,,,,,,,,,,,,,,,,,,,,002,001,2026-04-10_19h57.40.117,Train3Laptop,,2026.1.1,60.19357051446609,2026-04-10 19h57.42.256394 +0200,
03-1,031_Grey.jpg,True,Grey,45,49,57,03-1/031_Grey_0.png,27,27,0,"['space', 'space']","[0.41205240006092936, 1.6268906999612227]","[0.11592769995331764, 0.10742360004223883]",0,,,0,,,0,,,1,5.553765999968164,5.553777399938554,0,,,0,,,0,,,0,,,0,,,0,,,0,,,0,,,0,,,0,,,5.0,0.9496034999610856,"[(5.0, 0.9496034999610856)]","[0.38166666666666665, 0.05]","[0.004166666666666667, -0.2683333333333333]","[1, 1]","[0, 0]","[0, 0]","[0.7912217000266537, 1.8382049000356346]","[None, 'button2']",1,[1.8693862999789417],[1.8693984999554232],0,,,0,,,0,,,0,,,0,,,0,,,0,,,0,,,0,,,0,,,0,,,0,,,0,,,0,,,1,[0.8188953000353649],[0.8189107000362128],0,,,0,,,0,,,0,,,0,,,0,,,0,,,0,,,0,,,0,,,0,,,0,,,0,,,0,,,None,0,27,27,36,518.4785208000103,,,,,,,,,,,03-1/031_Grey_0.png,518.2645838999888,518.2658553000074,03-1/031_Grey_0.png,True,Grey,45,49,57,"[1.5073182999622077, 2.719302300014533]",03-1/031_Grey_0.png,28,,518.2842309999978,518.4785208000103,518.4785208000103,518.4785208000103,518.4785208000103,518.4785208000103,518.4785208000103,518.4785208000103,518.4785208000103,518.4785208000103,518.4785208000103,518.4785208000103,518.4785208000103,518.4785208000103,518.4785208000103,518.4785208000103,518.4785208000103,518.4785208000103,518.4785208000103,518.4785208000103,518.4785208000103,518.660788499983,519.3483449999476,523.8239700000267,Grey,2,"['space', 'space']","[0.41205240006092936, 1.6268906999612227]","[0.11592769995331764, 0.10742360004223883]",0,,,0,,,0,,,1,5.553765999968164,5.553777399938554,0,,,0,,,0,,,0,,,0,,,0,,,0,,,0,,,0,,,0,,,Grey,526.0480923999567,526.0651177000254,526.4123979000142,524.2043572999537,524.2598214999307,524.2598214999307,0.029746999964118004,524.2598214999307,,525.1930562999332,526.0471628999803,5.0,0.9496034999610856,"[(5.0, 0.9496034999610856)]","[0.38166666666666665, 0.05]","[0.004166666666666667, -0.2683333333333333]","[1, 1]","[0, 0]","[0, 0]","[0.7912217000266537, 1.8382049000356346]","[None, 'button2']",1,[1.8693862999789417],[1.8693984999554232],0,,,0,,,0,,,0,,,0,,,0,,,0,,,0,,,0,,,0,,,0,,,0,,,0,,,0,,,,526.4525935000274,526.4762497999473,526.4762497999473,526.4762497999473,526.4762497999473,526.4762497999473,526.4762497999473,526.4762497999473,527.2211529000197,1,[0.8188953000353649],[0.8189107000362128],0,,,0,,,0,,,0,,,0,,,0,,,0,,,0,,,0,,,0,,,0,,,0,,,0,,,0,,,None,527.2225098999916,527.2433183999965,,527.5799753000028,"['Bordeaux', 'Yellow', 'Pink', 'Grey', 'Green', 'Lime-green', 'Bordeaux', 'Brown', 'Cyan', 'Teal', 'Red', 'Brown', 'Orange', 'Pink', 'Orange', 'Grey', 'Brown', 'Seafoam', 'Cyan', 'Teal', 'Bordeaux', 'Bordeaux', 'Teal', 'Purple', 'Grey', 'Teal', 'Brown', 'Teal', 'Grey']",,,524.2598214999307,,,,,,,,,,,,,,,,,,,,,,,,,,,,,,,,,,,,,,,,,,,,,,,,002,001,2026-04-10_19h57.40.117,Train3Laptop,,2026.1.1,60.19357051446609,2026-04-10 19h57.42.256394 +0200,
01-1,007_Cyan.jpg,True,Cyan,1,89,99,01-1/007_Cyan_0.png,28,28,0,"['space', 'space', 'space', 'space', 'space', 'space']","[0.34869139990769327, 3.04130229994189, 9.86992339999415, 10.38812959997449, 10.907195399980992, 11.58317979995627]","[0.13441320008132607, 0.09753759996965528, 0.12552939995657653, 0.12507900001946837, 0.12535499990917742, 0.1069976999424398]",0,,,0,,,0,,,0,,,0,,,0,,,0,,,0,,,0,,,0,,,0,,,1,[19.09401939995587],[19.09404579992406],0,,,0,,,5.0,0.9216682000551373,"[(5.0, 0.9216682000551373)]","[0.37666666666666665, 0.050833333333333335]","[-0.005, -0.29]","[1, 1]","[0, 0]","[0, 0]","[0.7432820999529213, 1.4633673999924213]","[None, 'button2']",1,[1.4810164000373334],[1.481027500005439],0,,,0,,,0,,,0,,,0,,,0,,,0,,,0,,,0,,,0,,,0,,,0,,,0,,,0,,,1,[1.612696500029415],[1.6127114000264555],0,,,0,,,0,,,0,,,0,,,0,,,0,,,0,,,0,,,0,,,0,,,0,,,0,,,0,,,None,0,28,28,5,527.7768839999335,,,,,,,,,,,01-1/007_Cyan_0.png,527.5819938000059,527.5837360000005,01-1/007_Cyan_0.png,True,Cyan,1,89,99,"[1.3961160999024287, 4.092391100013629, 10.958592999959365, 11.443098299903795, 11.980515299947001, 12.731485099997371]",01-1/007_Cyan_0.png,29,,527.6027846999932,527.7768839999335,527.7768839999335,527.7768839999335,527.7768839999335,527.7768839999335,527.7768839999335,527.7768839999335,527.7768839999335,527.7768839999335,527.7768839999335,527.7768839999335,527.7768839999335,527.7768839999335,527.7768839999335,527.7768839999335,527.7768839999335,527.7768839999335,527.7768839999335,527.7768839999335,527.7768839999335,527.9096300000092,528.6273228999926,546.6818468000274,Cyan,2,"['space', 'space', 'space', 'space', 'space', 'space']","[0.34869139990769327, 3.04130229994189, 9.86992339999415, 10.38812959997449, 10.907195399980992, 11.58317979995627]","[0.13441320008132607, 0.09753759996965528, 0.12552939995657653, 0.12507900001946837, 0.12535499990917742, 0.1069976999424398]",0,,,0,,,0,,,0,,,0,,,0,,,0,,,0,,,0,,,0,,,0,,,1,[19.09401939995587],[19.09404579992406],0,,,0,,,Cyan,548.5174568999792,548.530897699995,548.865319399978,547.048776499927,547.0919101999607,547.0919101999607,0.01635420008096844,547.0919101999607,,548.0420671999454,548.516508199973,5.0,0.9216682000551373,"[(5.0, 0.9216682000551373)]","[0.37666666666666665, 0.050833333333333335]","[-0.005, -0.29]","[1, 1]","[0, 0]","[0, 0]","[0.7432820999529213, 1.4633673999924213]","[None, 'button2']",1,[1.4810164000373334],[1.481027500005439],0,,,0,,,0,,,0,,,0,,,0,,,0,,,0,,,0,,,0,,,0,,,0,,,0,,,0,,,548.9253696999513,548.9020721999696,548.9253696999513,548.9253696999513,548.9253696999513,548.9253696999513,548.9253696999513,548.9253696999513,548.9253696999513,550.485458399984,1,[1.612696500029415],[1.6127114000264555],0,,,0,,,0,,,0,,,0,,,0,,,0,,,0,,,0,,,0,,,0,,,0,,,0,,,0,,,None,550.4861658000154,550.4951788999606,551.0596634999383,550.8302094999235,"['Bordeaux', 'Yellow', 'Pink', 'Grey', 'Green', 'Lime-green', 'Bordeaux', 'Brown', 'Cyan', 'Teal', 'Red', 'Brown', 'Orange', 'Pink', 'Orange', 'Grey', 'Brown', 'Seafoam', 'Cyan', 'Teal', 'Bordeaux', 'Bordeaux', 'Teal', 'Purple', 'Grey', 'Teal', 'Brown', 'Teal', 'Grey', 'Cyan']",,,,,,,547.0919101999607,,,,,,,,,,,,,,,,,,,,,,,,,,,,,,,,,,,,,,,,,,,,002,001,2026-04-10_19h57.40.117,Train3Laptop,,2026.1.1,60.19357051446609,2026-04-10 19h57.42.256394 +0200,
02-1,008_Orange.jpg,True,Orange,100,53,0,02-1/008_Orange_0.png,29,29,0,"['space', 'space']","[1.8563616999890655, 4.605912399943918]","[0.13400969991926104, 0.10666170006152242]",0,,,0,,,0,,,0,,,0,,,0,,,0,,,1,14.003891799948178,14.003908999962732,0,,,0,,,0,,,0,,,0,,,0,,,5.0,0.8563450999790803,"[(5.0, 0.8563450999790803)]","[0.37916666666666665, 0.049166666666666664]","[0.025833333333333333, -0.25833333333333336]","[1, 1]","[0, 0]","[0, 0]","[0.7109481999650598, 1.5416599999880418]","[None, 'button2']",1,[1.5651894999900833],[1.565199000062421],0,,,0,,,0,,,0,,,0,,,0,,,0,,,0,,,0,,,0,,,0,,,0,,,0,,,0,,,1,[0.685610800050199],[0.6856257000472397],0,,,0,,,0,,,0,,,0,,,0,,,0,,,0,,,0,,,0,,,0,,,0,,,0,,,0,,,None,0,29,29,2,551.0596634999383,,,,,,,,,,,02-1/008_Orange_0.png,550.8317701999331,550.8357365999836,02-1/008_Orange_0.png,True,Orange,100,53,0,"[0.15865669993218035, 2.9073110999306664, 3.7197762000141665, 4.404303599963896, 5.721232899930328]",02-1/008_Orange_0.png,30,,550.8613165999996,551.0596634999383,551.0596634999383,551.0596634999383,551.0596634999383,551.0596634999383,551.0596634999383,551.0596634999383,551.0596634999383,551.0596634999383,551.0596634999383,551.0596634999383,551.0596634999383,551.0596634999383,551.0596634999383,551.0596634999383,551.0596634999383,551.0596634999383,551.0596634999383,551.0596634999383,551.0596634999383,551.2335956000024,551.8599068999756,564.8450191000011,Orange,1,"['space', 'space']","[1.8563616999890655, 4.605912399943918]","[0.13400969991926104, 0.10666170006152242]",0,,,0,,,0,,,0,,,0,,,0,,,0,,,1,14.003891799948178,14.003908999962732,0,,,0,,,0,,,0,,,0,,,0,,,Orange,566.7644608999835,566.7788509000093,567.1156259999843,565.2180992999347,565.2747915999498,565.2747915999498,0.02256770001258701,565.2747915999498,,566.1250698999502,566.7638064000057,5.0,0.8563450999790803,"[(5.0, 0.8563450999790803)]","[0.37916666666666665, 0.049166666666666664]","[0.025833333333333333, -0.25833333333333336]","[1, 1]","[0, 0]","[0, 0]","[0.7109481999650598, 1.5416599999880418]","[None, 'button2']",1,[1.5651894999900833],[1.565199000062421],0,,,0,,,0,,,0,,,0,,,0,,,0,,,0,,,0,,,0,,,0,,,0,,,0,,,0,,,567.1748428000137,567.1579975999193,567.1748428000137,567.1748428000137,567.1748428000137,567.1748428000137,567.1748428000137,567.1748428000137,567.1748428000137,567.8048534999834,1,[0.685610800050199],[0.6856257000472397],0,,,0,,,0,,,0,,,0,,,0,,,0,,,0,,,0,,,0,,,0,,,0,,,0,,,0,,,None,567.8062453999883,567.8247937000124,,568.1627943000058,"['Bordeaux', 'Yellow', 'Pink', 'Grey', 'Green', 'Lime-green', 'Bordeaux', 'Brown', 'Cyan', 'Teal', 'Red', 'Brown', 'Orange', 'Pink', 'Orange', 'Grey', 'Brown', 'Seafoam', 'Cyan', 'Teal', 'Bordeaux', 'Bordeaux', 'Teal', 'Purple', 'Grey', 'Teal', 'Brown', 'Teal', 'Grey', 'Cyan', 'Orange']",,,,,,,,,,565.2747915999498,,,,,,,,,,,,,,,,,,,,,,,,,,,,,,,,,,,,,,,,,002,001,2026-04-10_19h57.40.117,Train3Laptop,,2026.1.1,60.19357051446609,2026-04-10 19h57.42.256394 +0200,
01-1,018_Purple.jpg,True,Purple,51,2,100,01-1/018_Purple_0.png,30,30,0,"['space', 'space']","[1.5918424000265077, 2.416244199965149]","[0.11601609992794693, 0.10652969998773187]",0,,,0,,,0,,,0,,,0,,,0,,,0,,,0,,,0,,,0,,,1,[13.328193499939516],[13.328213699976914],0,,,0,,,0,,,5.0,0.9946234999224544,"[(5.0, 0.9946234999224544)]","[0.36666666666666664, 0.03333333333333333]","[0.0075, -0.2833333333333333]","[1, 1]","[0, 0]","[0, 0]","[0.8246452999301255, 1.7423391999909654]","[None, 'button2']",1,[1.776604300015606],[1.7766177000012249],0,,,0,,,0,,,0,,,0,,,0,,,0,,,0,,,0,,,0,,,0,,,0,,,0,,,0,,,1,[0.44723359995987266],[0.4472544000018388],0,,,0,,,0,,,0,,,0,,,0,,,0,,,0,,,0,,,0,,,0,,,0,,,0,,,0,,,None,0,30,30,7,568.4094332000241,,,,,,,,,,,01-1/018_Purple_0.png,568.164649299928,568.1671115999343,01-1/018_Purple_0.png,True,Purple,51,2,100,"[2.731027099885978, 3.523538799956441]",01-1/018_Purple_0.png,31,,568.1929256999865,568.4094332000241,568.4094332000241,568.4094332000241,568.4094332000241,568.4094332000241,568.4094332000241,568.4094332000241,568.4094332000241,568.4094332000241,568.4094332000241,568.4094332000241,568.4094332000241,568.4094332000241,568.4094332000241,568.4094332000241,568.4094332000241,568.4094332000241,568.4094332000241,568.4094332000241,568.4094332000241,568.5763814999955,569.2093257999513,581.4992684000172,Purple,2,"['space', 'space']","[1.5918424000265077, 2.416244199965149]","[0.11601609992794693, 0.10652969998773187]",0,,,0,,,0,,,0,,,0,,,0,,,0,,,0,,,0,,,0,,,1,[13.328193499939516],[13.328213699976914],0,,,0,,,0,,,Purple,583.6303819000022,583.6451607999625,583.9805553000188,581.8831225999165,581.924366399995,581.924366399995,0.03328289999626577,581.924366399995,,582.9412423999747,583.6294894999592,5.0,0.9946234999224544,"[(5.0, 0.9946234999224544)]","[0.36666666666666664, 0.03333333333333333]","[0.0075, -0.2833333333333333]","[1, 1]","[0, 0]","[0, 0]","[0.8246452999301255, 1.7423391999909654]","[None, 'button2']",1,[1.776604300015606],[1.7766177000012249],0,,,0,,,0,,,0,,,0,,,0,,,0,,,0,,,0,,,0,,,0,,,0,,,0,,,0,,,584.0410518000135,584.017177999951,584.0410518000135,584.0410518000135,584.0410518000135,584.0410518000135,584.0410518000135,584.0410518000135,584.0410518000135,584.431959999958,1,[0.44723359995987266],[0.4472544000018388],0,,,0,,,0,,,0,,,0,,,0,,,0,,,0,,,0,,,0,,,0,,,0,,,0,,,0,,,None,584.432685000007,584.444304100005,585.0093874000013,584.7786395999137,"['Bordeaux', 'Yellow', 'Pink', 'Grey', 'Green', 'Lime-green', 'Bordeaux', 'Brown', 'Cyan', 'Teal', 'Red', 'Brown', 'Orange', 'Pink', 'Orange', 'Grey', 'Brown', 'Seafoam', 'Cyan', 'Teal', 'Bordeaux', 'Bordeaux', 'Teal', 'Purple', 'Grey', 'Teal', 'Brown', 'Teal', 'Grey', 'Cyan', 'Orange', 'Purple']",,,,,,,,,,,,,,,,,,,,,,,,,,,,,,,,,,,,,,,,,,,,581.924366399995,,,,,,,002,001,2026-04-10_19h57.40.117,Train3Laptop,,2026.1.1,60.19357051446609,2026-04-10 19h57.42.256394 +0200,
03-1,024_Grey.jpg,True,Grey,42,49,52,03-1/024_Grey_0.png,31,31,0,"['space', 'space']","[0.9466347000561655, 2.166788800037466]","[0.11596680001821369, 0.10639750002883375]",0,,,0,,,0,,,1,7.173271300038323,7.173290099948645,0,,,0,,,0,,,0,,,0,,,0,,,0,,,0,,,0,,,0,,,5.0,0.8304261000594124,"[(5.0, 0.8304261000594124)]","[0.3591666666666667, 0.034166666666666665]","[0.03, -0.2675]","[1, 1]","[0, 0]","[0, 0]","[0.6687573000090197, 2.0639072000049055]","[None, 'button2']",1,[2.0816579000093043],[2.081666700076312],0,,,0,,,0,,,0,,,0,,,0,,,0,,,0,,,0,,,0,,,0,,,0,,,0,,,0,,,1,[0.5338851000415161],[0.5338988000294194],0,,,0,,,0,,,0,,,0,,,0,,,0,,,0,,,0,,,0,,,0,,,0,,,0,,,0,,,None,0,31,31,32,585.0093874000013,,,,,,,,,,,03-1/024_Grey_0.png,584.7803546999348,584.7820089999586,03-1/024_Grey_0.png,True,Grey,42,49,52,"[2.0021345999557525, 3.243819799972698]",03-1/024_Grey_0.png,32,,584.807803499978,585.0093874000013,585.0093874000013,585.0093874000013,585.0093874000013,585.0093874000013,585.0093874000013,585.0093874000013,585.0093874000013,585.0093874000013,585.0093874000013,585.0093874000013,585.0093874000013,585.0093874000013,585.0093874000013,585.0093874000013,585.0093874000013,585.0093874000013,585.0093874000013,585.0093874000013,585.0093874000013,585.158230699948,585.7586852000095,591.9596902999328,Grey,2,"['space', 'space']","[0.9466347000561655, 2.166788800037466]","[0.11596680001821369, 0.10639750002883375]",0,,,0,,,0,,,1,7.173271300038323,7.173290099948645,0,,,0,,,0,,,0,,,0,,,0,,,0,,,0,,,0,,,0,,,Grey,594.3948491999181,594.4111210999545,594.7452194999205,592.326835099957,592.3733886999544,592.3733886999544,0.016817600117065012,592.3733886999544,,593.2073787000263,594.3942503000144,5.0,0.8304261000594124,"[(5.0, 0.8304261000594124)]","[0.3591666666666667, 0.034166666666666665]","[0.03, -0.2675]","[1, 1]","[0, 0]","[0, 0]","[0.6687573000090197, 2.0639072000049055]","[None, 'button2']",1,[2.0816579000093043],[2.081666700076312],0,,,0,,,0,,,0,,,0,,,0,,,0,,,0,,,0,,,0,,,0,,,0,,,0,,,0,,,,594.7983524999581,594.8244643999496,594.8244643999496,594.8244643999496,594.8244643999496,594.8244643999496,594.8244643999496,594.8244643999496,595.2819457999431,1,[0.5338851000415161],[0.5338988000294194],0,,,0,,,0,,,0,,,0,,,0,,,0,,,0,,,0,,,0,,,0,,,0,,,0,,,0,,,None,595.2825251999311,595.294115299941,595.8586605999153,595.6289163000183,"['Bordeaux', 'Yellow', 'Pink', 'Grey', 'Green', 'Lime-green', 'Bordeaux', 'Brown', 'Cyan', 'Teal', 'Red', 'Brown', 'Orange', 'Pink', 'Orange', 'Grey', 'Brown', 'Seafoam', 'Cyan', 'Teal', 'Bordeaux', 'Bordeaux', 'Teal', 'Purple', 'Grey', 'Teal', 'Brown', 'Teal', 'Grey', 'Cyan', 'Orange', 'Purple', 'Grey']",,,592.3733886999544,,,,,,,,,,,,,,,,,,,,,,,,,,,,,,,,,,,,,,,,,,,,,,,,002,001,2026-04-10_19h57.40.117,Train3Laptop,,2026.1.1,60.19357051446609,2026-04-10 19h57.42.256394 +0200,
03-1,006_Teal.jpg,True,Teal,0,46,53,03-1/006_Teal_0.png,32,32,0,['space'],[1.6042978999903426],[0.1064211999764666],0,,,1,10.978439999977127,10.97845509997569,0,,,0,,,0,,,0,,,0,,,0,,,0,,,0,,,0,,,0,,,0,,,0,,,5.0,0.9951008000643924,"[(5.0, 0.9951008000643924)]","[0.36083333333333334, 0.06]","[0.006666666666666667, -0.2816666666666667]","[1, 1]","[0, 0]","[0, 0]","[0.8268954999512061, 2.078030699980445]","[None, 'button2']",1,[2.0926553000463173],[2.0926694000372663],0,,,0,,,0,,,0,,,0,,,0,,,0,,,0,,,0,,,0,,,0,,,0,,,0,,,0,,,1,[0.7638395000249147],[0.7638578000478446],0,,,0,,,0,,,0,,,0,,,0,,,0,,,0,,,0,,,0,,,0,,,0,,,0,,,0,,,None,0,32,32,17,595.8586605999153,,,,,,,,,,,03-1/006_Teal_0.png,595.6307285999646,595.6328362999484,03-1/006_Teal_0.png,True,Teal,0,46,53,"[1.301534999976866, 2.6412550000241026]",03-1/006_Teal_0.png,33,,595.6569673999911,595.8586605999153,595.8586605999153,595.8586605999153,595.8586605999153,595.8586605999153,595.8586605999153,595.8586605999153,595.8586605999153,595.8586605999153,595.8586605999153,595.8586605999153,595.8586605999153,595.8586605999153,595.8586605999153,595.8586605999153,595.8586605999153,595.8586605999153,595.8586605999153,595.8586605999153,595.8586605999153,596.0245253000176,596.6581165000098,606.6158356999513,Teal,2,['space'],[1.6042978999903426],[0.1064211999764666],0,,,1,10.978439999977127,10.97845509997569,0,,,0,,,0,,,0,,,0,,,0,,,0,,,0,,,0,,,0,,,0,,,0,,,Teal,609.0630019999808,609.0774716999149,609.4129616999999,606.9794858000241,607.0404697000049,607.0404697000049,0.013364700018428266,607.0404697000049,,608.0236151999561,609.0621100999415,5.0,0.9951008000643924,"[(5.0, 0.9951008000643924)]","[0.36083333333333334, 0.06]","[0.006666666666666667, -0.2816666666666667]","[1, 1]","[0, 0]","[0, 0]","[0.8268954999512061, 2.078030699980445]","[None, 'button2']",1,[2.0926553000463173],[2.0926694000372663],0,,,0,,,0,,,0,,,0,,,0,,,0,,,0,,,0,,,0,,,0,,,0,,,0,,,0,,,609.4729934999486,609.4513651999878,609.4729934999486,609.4729934999486,609.4729934999486,609.4729934999486,609.4729934999486,609.4729934999486,609.4729934999486,610.1828509999905,1,[0.7638395000249147],[0.7638578000478446],0,,,0,,,0,,,0,,,0,,,0,,,0,,,0,,,0,,,0,,,0,,,0,,,0,,,0,,,None,610.183621199918,610.1947803000221,610.7252262999536,610.5286428999389,"['Bordeaux', 'Yellow', 'Pink', 'Grey', 'Green', 'Lime-green', 'Bordeaux', 'Brown', 'Cyan', 'Teal', 'Red', 'Brown', 'Orange', 'Pink', 'Orange', 'Grey', 'Brown', 'Seafoam', 'Cyan', 'Teal', 'Bordeaux', 'Bordeaux', 'Teal', 'Purple', 'Grey', 'Teal', 'Brown', 'Teal', 'Grey', 'Cyan', 'Orange', 'Purple', 'Grey', 'Teal']",,,,,,,,607.0404697000049,,,,,,,,,,,,,,,,,,,,,,,,,,,,,,,,,,,,,,,,,,,002,001,2026-04-10_19h57.40.117,Train3Laptop,,2026.1.1,60.19357051446609,2026-04-10 19h57.42.256394 +0200,
03-1,013_Seafoam.jpg,True,Seafoam,9,100,59,03-1/013_Seafoam_0.png,33,33,0,"['space', 'space']","[0.5817154999822378, 2.9440162999089807]","[0.12476699997205287, 0.11674620001576841]",0,,,0,,,0,,,0,,,1,16.56333009991795,16.563359399908222,0,,,0,,,0,,,0,,,0,,,0,,,0,,,0,,,0,,,5.0,1.1159104000544176,"[(5.0, 1.1159104000544176)]","[0.3775, 0.07416666666666667]","[0.008333333333333333, -0.2866666666666667]","[1, 1]","[0, 0]","[0, 0]","[0.9367152999620885, 1.8479100000113249]","[None, 'button2']",1,[1.8577763000503182],[1.8577851000009105],0,,,0,,,0,,,0,,,0,,,0,,,0,,,0,,,0,,,0,,,0,,,0,,,0,,,0,,,1,[0.5984361000591889],[0.5984481000341475],0,,,0,,,0,,,0,,,0,,,0,,,0,,,0,,,0,,,0,,,0,,,0,,,0,,,0,,,None,0,33,33,25,610.7252262999536,,,,,,,,,,,03-1/013_Seafoam_0.png,610.5303444999736,610.5304918999318,03-1/013_Seafoam_0.png,True,Seafoam,9,100,59,"[1.7100672000087798, 3.9654967999085784]",03-1/013_Seafoam_0.png,34,,610.5496832999634,610.7252262999536,610.7252262999536,610.7252262999536,610.7252262999536,610.7252262999536,610.7252262999536,610.7252262999536,610.7252262999536,610.7252262999536,610.7252262999536,610.7252262999536,610.7252262999536,610.7252262999536,610.7252262999536,610.7252262999536,610.7252262999536,610.7252262999536,610.7252262999536,610.7252262999536,610.7252262999536,610.8902669999516,611.5414885999635,627.0976752999704,Seafoam,2,"['space', 'space']","[0.5817154999822378, 2.9440162999089807]","[0.12476699997205287, 0.11674620001576841]",0,,,0,,,0,,,0,,,1,16.56333009991795,16.563359399908222,0,,,0,,,0,,,0,,,0,,,0,,,0,,,0,,,0,,,Seafoam,629.3093863999238,629.326343499939,629.6755463000154,627.4565727999434,627.5060273000272,627.5060273000272,0.008592400001361966,627.5060273000272,,628.6558102999115,629.3085848999908,5.0,1.1159104000544176,"[(5.0, 1.1159104000544176)]","[0.3775, 0.07416666666666667]","[0.008333333333333333, -0.2866666666666667]","[1, 1]","[0, 0]","[0, 0]","[0.9367152999620885, 1.8479100000113249]","[None, 'button2']",1,[1.8577763000503182],[1.8577851000009105],0,,,0,,,0,,,0,,,0,,,0,,,0,,,0,,,0,,,0,,,0,,,0,,,0,,,0,,,627.5060273000272,629.7080689999275,629.7229056999786,629.7229056999786,629.7229056999786,629.7229056999786,629.7229056999786,629.7229056999786,629.7229056999786,630.2611924000084,1,[0.5984361000591889],[0.5984481000341475],0,,,0,,,0,,,0,,,0,,,0,,,0,,,0,,,0,,,0,,,0,,,0,,,0,,,0,,,None,630.2617744000163,630.2761169999139,,630.6227286999347,"['Bordeaux', 'Yellow', 'Pink', 'Grey', 'Green', 'Lime-green', 'Bordeaux', 'Brown', 'Cyan', 'Teal', 'Red', 'Brown', 'Orange', 'Pink', 'Orange', 'Grey', 'Brown', 'Seafoam', 'Cyan', 'Teal', 'Bordeaux', 'Bordeaux', 'Teal', 'Purple', 'Grey', 'Teal', 'Brown', 'Teal', 'Grey', 'Cyan', 'Orange', 'Purple', 'Grey', 'Teal', 'Seafoam']",,,,,,,,,,,627.5060273000272,,,,,,,,,,,,,,,,,,,,,,,,,,,,,,,,,,,,,,,,002,001,2026-04-10_19h57.40.117,Train3Laptop,,2026.1.1,60.19357051446609,2026-04-10 19h57.42.256394 +0200,
01-1,028_Blue.jpg,True,Blue,0,9,96,01-1/028_Blue_0.png,34,34,0,"['space', 'space']","[0.17614060000050813, 2.75665510003455]","[0.10657850001007318, 0.10633700003381819]",0,,,0,,,0,,,0,,,0,,,0,,,0,,,0,,,1,[10.50096630002372],[10.500987200066447],0,,,0,,,0,,,0,,,0,,,5.0,1.4785451999632642,"[(5.0, 1.4785451999632642)]","[0.38166666666666665, 0.0]","[0.011666666666666667, -0.26916666666666667]","[1, 1]","[0, 0]","[0, 0]","[1.3669349000556394, 2.299331200076267]","[None, 'button2']",1,[2.321353300008923],[2.3213619000744075],0,,,0,,,0,,,0,,,0,,,0,,,0,,,0,,,0,,,0,,,0,,,0,,,0,,,0,,,1,[0.4712061999598518],[0.4712217999622226],0,,,0,,,0,,,0,,,0,,,0,,,0,,,0,,,0,,,0,,,0,,,0,,,0,,,0,,,None,0,34,34,12,630.8407947999658,,,,,,,,,,,01-1/028_Blue_0.png,630.6249298999319,630.6293505999492,01-1/028_Blue_0.png,True,Blue,0,9,96,"[1.162113600061275, 3.79410659999121]",01-1/028_Blue_0.png,35,,630.651196599938,630.8407947999658,630.8407947999658,630.8407947999658,630.8407947999658,630.8407947999658,630.8407947999658,630.8407947999658,630.8407947999658,630.8407947999658,630.8407947999658,630.8407947999658,630.8407947999658,630.8407947999658,630.8407947999658,630.8407947999658,630.8407947999658,630.8407947999658,630.8407947999658,630.8407947999658,630.8407947999658,630.9903580999235,631.5642673999537,641.1342574999435,Blue,2,"['space', 'space']","[0.17614060000050813, 2.75665510003455]","[0.10657850001007318, 0.10633700003381819]",0,,,0,,,0,,,0,,,0,,,0,,,0,,,0,,,1,[10.50096630002372],[10.500987200066447],0,,,0,,,0,,,0,,,0,,,Blue,643.809078500024,643.825591599918,644.1596872999799,641.5052754000062,641.5384195999941,641.5384195999941,0.02063150005415082,641.5384195999941,,643.0385302000213,643.8084693999263,5.0,1.4785451999632642,"[(5.0, 1.4785451999632642)]","[0.38166666666666665, 0.0]","[0.011666666666666667, -0.26916666666666667]","[1, 1]","[0, 0]","[0, 0]","[1.3669349000556394, 2.299331200076267]","[None, 'button2']",1,[2.321353300008923],[2.3213619000744075],0,,,0,,,0,,,0,,,0,,,0,,,0,,,0,,,0,,,0,,,0,,,0,,,0,,,0,,,644.2218438999262,644.1941264999332,644.2218438999262,644.2218438999262,644.2218438999262,644.2218438999262,644.2218438999262,644.2218438999262,644.2218438999262,644.6353199000005,1,[0.4712061999598518],[0.4712217999622226],0,,,0,,,0,,,0,,,0,,,0,,,0,,,0,,,0,,,0,,,0,,,0,,,0,,,0,,,None,644.6362083000131,644.6556153999409,,644.9940460999496,"['Bordeaux', 'Yellow', 'Pink', 'Grey', 'Green', 'Lime-green', 'Bordeaux', 'Brown', 'Cyan', 'Teal', 'Red', 'Brown', 'Orange', 'Pink', 'Orange', 'Grey', 'Brown', 'Seafoam', 'Cyan', 'Teal', 'Bordeaux', 'Bordeaux', 'Teal', 'Purple', 'Grey', 'Teal', 'Brown', 'Teal', 'Grey', 'Cyan', 'Orange', 'Purple', 'Grey', 'Teal', 'Seafoam', 'Blue']",,,,,,,,,,,,,,,,,,,,,,,,,,,,,,,,,,,,,,,,,,,,,641.5384195999941,,,,,,002,001,2026-04-10_19h57.40.117,Train3Laptop,,2026.1.1,60.19357051446609,2026-04-10 19h57.42.256394 +0200,
03-1,019_Brown.jpg,True,Brown,50,17,0,03-1/019_Brown_0.png,35,35,0,"['space', 'space', 'space', 'space']","[0.4540924000320956, 1.6452166000381112, 2.4573654000414535, 3.5247046999866143]","[0.1341941999271512, 0.09736349992454052, 0.11652729997877032, 0.12507780001033098]",1,10.408045200048946,10.408064400078729,0,,,0,,,0,,,0,,,0,,,0,,,0,,,0,,,0,,,0,,,0,,,0,,,0,,,5.0,1.0717411000514403,"[(5.0, 1.0717411000514403)]","[0.37916666666666665, 0.0125]","[0.0025, -0.29333333333333333]","[1, 1]","[0, 0]","[0, 0]","[0.9032441000454128, 2.253118699998595]","[None, 'button2']",1,[2.273558200104162],[2.273567600059323],0,,,0,,,0,,,0,,,0,,,0,,,0,,,0,,,0,,,0,,,0,,,0,,,0,,,0,,,1,[0.4857475000899285],[0.48576380009762943],0,,,0,,,0,,,0,,,0,,,0,,,0,,,0,,,0,,,0,,,0,,,0,,,0,,,0,,,None,0,35,35,28,645.2234984999523,,,,,,,,,,,03-1/019_Brown_0.png,644.9959368000273,645.0019105999963,03-1/019_Brown_0.png,True,Brown,50,17,0,"[1.5147186000831425, 2.696136699989438, 3.523331500007771, 4.629545200034045]",03-1/019_Brown_0.png,36,,645.028823499917,645.2234984999523,645.2234984999523,645.2234984999523,645.2234984999523,645.2234984999523,645.2234984999523,645.2234984999523,645.2234984999523,645.2234984999523,645.2234984999523,645.2234984999523,645.2234984999523,645.2234984999523,645.2234984999523,645.2234984999523,645.2234984999523,645.2234984999523,645.2234984999523,645.2234984999523,645.2234984999523,645.3893756999169,646.0069436000194,655.4155620000092,Brown,0,"['space', 'space', 'space', 'space']","[0.4540924000320956, 1.6452166000381112, 2.4573654000414535, 3.5247046999866143]","[0.1341941999271512, 0.09736349992454052, 0.11652729997877032, 0.12507780001033098]",1,10.408045200048946,10.408064400078729,0,,,0,,,0,,,0,,,0,,,0,,,0,,,0,,,0,,,0,,,0,,,0,,,0,,,Brown,658.0425415999489,658.0604286999442,658.3928874999983,655.7851865999401,655.8380790000083,655.8380790000083,0.01926970004569739,655.8380790000083,,656.9214808000252,658.041930599953,5.0,1.0717411000514403,"[(5.0, 1.0717411000514403)]","[0.37916666666666665, 0.0125]","[0.0025, -0.29333333333333333]","[1, 1]","[0, 0]","[0, 0]","[0.9032441000454128, 2.253118699998595]","[None, 'button2']",1,[2.273558200104162],[2.273567600059323],0,,,0,,,0,,,0,,,0,,,0,,,0,,,0,,,0,,,0,,,0,,,0,,,0,,,0,,,655.8380790000083,658.4304251999129,658.4546211999841,658.4546211999841,658.4546211999841,658.4546211999841,658.4546211999841,658.4546211999841,658.4546211999841,658.8824606999988,1,[0.4857475000899285],[0.48576380009762943],0,,,0,,,0,,,0,,,0,,,0,,,0,,,0,,,0,,,0,,,0,,,0,,,0,,,0,,,None,658.883365000016,658.9044747999869,,659.2415058999322,"['Bordeaux', 'Yellow', 'Pink', 'Grey', 'Green', 'Lime-green', 'Bordeaux', 'Brown', 'Cyan', 'Teal', 'Red', 'Brown', 'Orange', 'Pink', 'Orange', 'Grey', 'Brown', 'Seafoam', 'Cyan', 'Teal', 'Bordeaux', 'Bordeaux', 'Teal', 'Purple', 'Grey', 'Teal', 'Brown', 'Teal', 'Grey', 'Cyan', 'Orange', 'Purple', 'Grey', 'Teal', 'Seafoam', 'Blue', 'Brown']",,,,,,655.8380790000083,,,,,,,,,,,,,,,,,,,,,,,,,,,,,,,,,,,,,,,,,,,,,002,001,2026-04-10_19h57.40.117,Train3Laptop,,2026.1.1,60.19357051446609,2026-04-10 19h57.42.256394 +0200,
02-1,014_Pink.jpg,True,Pink,100,9,40,02-1/014_Pink_0.png,36,36,0,"['space', 'space']","[0.6565611999249086, 2.0724090998992324]","[0.12524339999072254, 0.12447360006626695]",0,,,0,,,0,,,0,,,0,,,1,13.161511500016786,13.161528600030579,0,,,0,,,0,,,0,,,0,,,0,,,0,,,0,,,5.0,0.9795305000152439,"[(5.0, 0.9795305000152439)]","[0.37166666666666665, -0.008333333333333333]","[-0.0033333333333333335, -0.2991666666666667]","[1, 1]","[0, 0]","[0, 0]","[0.8366555999964476, 1.5690235999645665]","[None, 'button2']",1,[1.5805147000355646],[1.5805257000029087],0,,,0,,,0,,,0,,,0,,,0,,,0,,,0,,,0,,,0,,,0,,,0,,,0,,,0,,,1,[0.7032784001203254],[0.7032928001135588],0,,,0,,,0,,,0,,,0,,,0,,,0,,,0,,,0,,,0,,,0,,,0,,,0,,,0,,,None,0,36,36,4,659.4725925999228,,,,,,,,,,,02-1/014_Pink_0.png,659.2433658000082,659.2445402999874,02-1/014_Pink_0.png,True,Pink,100,9,40,"[1.7364898000378162, 3.1085636999923736]",02-1/014_Pink_0.png,37,,659.2805128999753,659.4725925999228,659.4725925999228,659.4725925999228,659.4725925999228,659.4725925999228,659.4725925999228,659.4725925999228,659.4725925999228,659.4725925999228,659.4725925999228,659.4725925999228,659.4725925999228,659.4725925999228,659.4725925999228,659.4725925999228,659.4725925999228,659.4725925999228,659.4725925999228,659.4725925999228,659.4725925999228,659.6227955999784,660.2560194999678,672.4100206999574,Pink,2,"['space', 'space']","[0.6565611999249086, 2.0724090998992324]","[0.12524339999072254, 0.12447360006626695]",0,,,0,,,0,,,0,,,0,,,1,13.161511500016786,13.161528600030579,0,,,0,,,0,,,0,,,0,,,0,,,0,,,0,,,Pink,674.3443132999819,674.3563475999981,674.6960492000217,672.7708091000095,672.8038786000106,672.8038786000106,0.010442400118336082,672.8038786000106,,673.8040677999379,674.3436673999531,5.0,0.9795305000152439,"[(5.0, 0.9795305000152439)]","[0.37166666666666665, -0.008333333333333333]","[-0.0033333333333333335, -0.2991666666666667]","[1, 1]","[0, 0]","[0, 0]","[0.8366555999964476, 1.5690235999645665]","[None, 'button2']",1,[1.5805147000355646],[1.5805257000029087],0,,,0,,,0,,,0,,,0,,,0,,,0,,,0,,,0,,,0,,,0,,,0,,,0,,,0,,,674.7710295999423,674.7398154999828,674.7710295999423,674.7710295999423,674.7710295999423,674.7710295999423,674.7710295999423,674.7710295999423,674.7710295999423,675.4028070999775,1,[0.7032784001203254],[0.7032928001135588],0,,,0,,,0,,,0,,,0,,,0,,,0,,,0,,,0,,,0,,,0,,,0,,,0,,,0,,,None,675.4035483999178,675.4207828999497,,675.7597681999905,"['Bordeaux', 'Yellow', 'Pink', 'Grey', 'Green', 'Lime-green', 'Bordeaux', 'Brown', 'Cyan', 'Teal', 'Red', 'Brown', 'Orange', 'Pink', 'Orange', 'Grey', 'Brown', 'Seafoam', 'Cyan', 'Teal', 'Bordeaux', 'Bordeaux', 'Teal', 'Purple', 'Grey', 'Teal', 'Brown', 'Teal', 'Grey', 'Cyan', 'Orange', 'Purple', 'Grey', 'Teal', 'Seafoam', 'Blue', 'Brown', 'Pink']",,672.8038786000106,,,,,,,,,,,,,,,,,,,,,,,,,,,,,,,,,,,,,,,,,,,,,,,,,002,001,2026-04-10_19h57.40.117,Train3Laptop,,2026.1.1,60.19357051446609,2026-04-10 19h57.42.256394 +0200,
03-1,006_Bordeaux.jpg,True,Bordeaux,51,0,12,03-1/006_Bordeaux_0.png,37,37,0,"['space', 'space', 'space', 'space']","[0.194131699972786, 3.690914599923417, 4.851650399970822, 5.346307199914008]","[0.10681499994825572, 0.09807970002293587, 0.12444139993749559, 0.12542960001155734]",0,,,0,,,1,11.652998100034893,11.653012600028887,0,,,0,,,0,,,0,,,0,,,0,,,0,,,0,,,0,,,0,,,0,,,5.0,0.9335752999177203,"[(5.0, 0.9335752999177203)]","[0.3675, -0.018333333333333333]","[-0.009166666666666667, -0.30583333333333335]","[1, 1]","[0, 0]","[0, 0]","[0.8070370999630541, 1.7238981999689713]","[None, 'button2']",1,[1.7456954000517726],[1.7457097000442445],0,,,0,,,0,,,0,,,0,,,0,,,0,,,0,,,0,,,0,,,0,,,0,,,0,,,0,,,1,[0.4348570000147447],[0.43486949999351054],0,,,0,,,0,,,0,,,0,,,0,,,0,,,0,,,0,,,0,,,0,,,0,,,0,,,0,,,None,0,37,37,15,676.0056498999475,,,,,,,,,,,03-1/006_Bordeaux_0.png,675.7621549000032,675.76767630002,03-1/006_Bordeaux_0.png,True,Bordeaux,51,0,12,"[1.3236901999916881, 2.3337906000670046, 3.9625198000576347, 4.820496900007129, 5.980755200027488, 6.480773100047372]",03-1/006_Bordeaux_0.png,38,,675.7992203999311,676.0056498999475,676.0056498999475,676.0056498999475,676.0056498999475,676.0056498999475,676.0056498999475,676.0056498999475,676.0056498999475,676.0056498999475,676.0056498999475,676.0056498999475,676.0056498999475,676.0056498999475,676.0056498999475,676.0056498999475,676.0056498999475,676.0056498999475,676.0056498999475,676.0056498999475,676.0056498999475,676.1714273999678,676.8303010999225,687.4259021999314,Bordeaux,2,"['space', 'space', 'space', 'space']","[0.194131699972786, 3.690914599923417, 4.851650399970822, 5.346307199914008]","[0.10681499994825572, 0.09807970002293587, 0.12444139993749559, 0.12542960001155734]",0,,,0,,,1,11.652998100034893,11.653012600028887,0,,,0,,,0,,,0,,,0,,,0,,,0,,,0,,,0,,,0,,,0,,,Bordeaux,689.5258173999609,689.5406750999391,689.8869647999527,687.7971249999246,687.8537605999736,687.8537605999736,0.020835300092585385,687.8537605999736,687.8537605999736,688.7699375000084,689.524968200014,5.0,0.9335752999177203,"[(5.0, 0.9335752999177203)]","[0.3675, -0.018333333333333333]","[-0.009166666666666667, -0.30583333333333335]","[1, 1]","[0, 0]","[0, 0]","[0.8070370999630541, 1.7238981999689713]","[None, 'button2']",1,[1.7456954000517726],[1.7457097000442445],0,,,0,,,0,,,0,,,0,,,0,,,0,,,0,,,0,,,0,,,0,,,0,,,0,,,0,,,687.8537605999736,689.9295760999667,689.9542512999615,689.9542512999615,689.9542512999615,689.9542512999615,689.9542512999615,689.9542512999615,689.9542512999615,690.314064099919,1,[0.4348570000147447],[0.43486949999351054],0,,,0,,,0,,,0,,,0,,,0,,,0,,,0,,,0,,,0,,,0,,,0,,,0,,,0,,,None,690.3147277999669,690.3228999000276,690.7042065999703,690.6573744999478,"['Bordeaux', 'Yellow', 'Pink', 'Grey', 'Green', 'Lime-green', 'Bordeaux', 'Brown', 'Cyan', 'Teal', 'Red', 'Brown', 'Orange', 'Pink', 'Orange', 'Grey', 'Brown', 'Seafoam', 'Cyan', 'Teal', 'Bordeaux', 'Bordeaux', 'Teal', 'Purple', 'Grey', 'Teal', 'Brown', 'Teal', 'Grey', 'Cyan', 'Orange', 'Purple', 'Grey', 'Teal', 'Seafoam', 'Blue', 'Brown', 'Pink', 'Bordeaux']",,,,,,,,,,,,,,,,,,,,,,,,,,,,,,,,,,,,,,,,,,,,,,,,,,,002,001,2026-04-10_19h57.40.117,Train3Laptop,,2026.1.1,60.19357051446609,2026-04-10 19h57.42.256394 +0200,
,,,,,,,,,,,,,,,,,,,,,,,,,,,,,,,,,,,,,,,,,,,,,,,,,,,,,,,,,,,,,,,,,,,,,,,,,,,,,,,,,,,,,,,,,,,,,,,,,,,,,,,,,,,,,,,,,,,,,,,,,,,,,,,,,,,,,,,,,,,,,,,,,,,,,,,,,,,,,,,,,,,,,,,,,,,,,,,,,,,,,,,,,,,,,,,,,,,,,,,,,,,,,,,,,,,,,,,,,,,,,,,,,,,,,,,,,,,,,,,,,,,,,,,,,,,,,,,,,,,,,,,,,,,,,,,,,,,,,,,,,,,,,,,,,,,,,,,,,,,,,,,,,,,,,,,,,,,,,,,,,,,,,,,,,,,,,,,,,,,,,,,,,,,,,,,,,,,,,,,,,,,,,,,,,,,,,,,,,,,,,,,,,,,,,,,,,,,,,,,,,,,,,,,,,,,,,,,,,,,,,,,,,,,,,690.6854420999298,690.7042065999703,693.6580482999561,,,002,001,2026-04-10_19h57.40.117,Train3Laptop,,2026.1.1,60.19357051446609,2026-04-10 19h57.42.256394 +0200,
,,,,,,,,,,,,,,,,,,,,,,,,,,,,,,,,,,,,,,,,,,,,,,,,,,,,,,,,,,,,,,,,,,,,,,,,,,,,,,,,,,,,,,,,,,,,,,,,,,,,,,,,,,,,,,,,,,,,,,,,,,,,,,,,,,,,,,,,,,,,,,,,,,,,,,,,,,,,,,,,,,,,,,,,,,,,,,,,,,,,,,,,,,,,,,,,,,,,,,,,,,,,,,,,,Bordeaux,,,,,,,,,,,,,,,,,,,,,,,,,,,,,,,,,,,,,,,,,,,,,,,,,,,,,,,,,,,,,,,,,,,,,,,,,,,,,,,,,,,,,,,,,,,,,,,,,,,,,,,,,,,,,,,,,,,,,,,,,,,,,,,,,,,,,,,,,,,,,,,,,,,,,,,,,,,,,,,,,,,,,,,,,,,,,,,,,,,,,,,,,,,,,,,,,,,,,,,,,,,,,,,,,,,,,,,,,,,,,,,38,"['Bordeaux', 'Yellow', 'Pink', 'Grey', 'Green', 'Lime-green', 'Bordeaux', 'Brown', 'Cyan', 'Teal', 'Red', 'Brown', 'Orange', 'Pink', 'Orange', 'Grey', 'Brown', 'Seafoam', 'Cyan', 'Teal', 'Bordeaux', 'Bordeaux', 'Teal', 'Purple', 'Grey', 'Teal', 'Brown', 'Teal', 'Grey', 'Cyan', 'Orange', 'Purple', 'Grey', 'Teal', 'Seafoam', 'Blue', 'Brown', 'Pink', 'Bordeaux']",,,,,,,,,
