folder,image,logical,corrColor,corrR,corrG,corrB,image_path,thisN,thisTrialN,thisRepN,spacebar.keys,spacebar.rt,spacebar.duration,brown.numClicks,brown.timesOn,brown.timesOff,teal.numClicks,teal.timesOn,teal.timesOff,bordeaux.numClicks,bordeaux.timesOn,bordeaux.timesOff,grey.numClicks,grey.timesOn,grey.timesOff,seafoam.numClicks,seafoam.timesOn,seafoam.timesOff,pink.numClicks,pink.timesOn,pink.timesOff,lime_green.numClicks,lime_green.timesOn,lime_green.timesOff,orange.numClicks,orange.timesOn,orange.timesOff,blue.numClicks,blue.timesOn,blue.timesOff,yellow.numClicks,yellow.timesOn,yellow.timesOff,purple.numClicks,purple.timesOn,purple.timesOff,cyan.numClicks,cyan.timesOn,cyan.timesOff,red.numClicks,red.timesOn,red.timesOff,green.numClicks,green.timesOn,green.timesOff,slider.response,slider.rt,slider.history,mouse_2.x,mouse_2.y,mouse_2.leftButton,mouse_2.midButton,mouse_2.rightButton,mouse_2.time,mouse_2.clicked_name,button2.numClicks,button2.timesOn,button2.timesOff,brown_3.numClicks,brown_3.timesOn,brown_3.timesOff,teal_3.numClicks,teal_3.timesOn,teal_3.timesOff,bordeaux_3.numClicks,bordeaux_3.timesOn,bordeaux_3.timesOff,grey_3.numClicks,grey_3.timesOn,grey_3.timesOff,seafoam_3.numClicks,seafoam_3.timesOn,seafoam_3.timesOff,pink_3.numClicks,pink_3.timesOn,pink_3.timesOff,lime_green_3.numClicks,lime_green_3.timesOn,lime_green_3.timesOff,orange_3.numClicks,orange_3.timesOn,orange_3.timesOff,blue_3.numClicks,blue_3.timesOn,blue_3.timesOff,yellow_3.numClicks,yellow_3.timesOn,yellow_3.timesOff,purple_3.numClicks,purple_3.timesOn,purple_3.timesOff,cyan_3.numClicks,cyan_3.timesOn,cyan_3.timesOff,red_3.numClicks,red_3.timesOn,red_3.timesOff,green_3.numClicks,green_3.timesOn,green_3.timesOff,Button3.numClicks,Button3.timesOn,Button3.timesOff,brown_2.numClicks,brown_2.timesOn,brown_2.timesOff,teal_2.numClicks,teal_2.timesOn,teal_2.timesOff,bordeaux_2.numClicks,bordeaux_2.timesOn,bordeaux_2.timesOff,grey_2.numClicks,grey_2.timesOn,grey_2.timesOff,seafoam_2.numClicks,seafoam_2.timesOn,seafoam_2.timesOff,pink_2.numClicks,pink_2.timesOn,pink_2.timesOff,lime_green_2.numClicks,lime_green_2.timesOn,lime_green_2.timesOff,orange_2.numClicks,orange_2.timesOn,orange_2.timesOff,blue_2.numClicks,blue_2.timesOn,blue_2.timesOff,yellow_2.numClicks,yellow_2.timesOn,yellow_2.timesOff,purple_2.numClicks,purple_2.timesOn,purple_2.timesOff,cyan_2.numClicks,cyan_2.timesOn,cyan_2.timesOff,red_2.numClicks,red_2.timesOn,red_2.timesOff,green_2.numClicks,green_2.timesOn,green_2.timesOff,key_resp.keys,trials.thisRepN,trials.thisTrialN,trials.thisN,trials.thisIndex,thisRow.t,notes,piloting,Welcome.started,Welcome_info.started,PressEnter.started,PressEnterToContinue.started,Welcome.stopped,PressEnter.keys,PressEnter.rt,PressEnter.duration,img_Var.routineStartVal,initiate.started,initiate.stopped,img_Var.routineEndVal,logical_Var.routineEndVal,corrColor_Var.routineEndVal,corrR_Var.routineEndVal,corrG_Var.routineEndVal,corrB_Var.routineEndVal,filterCount.routineEndVal,img_Var1.routineEndVal,trial_counter.routineEndVal,answer.routineStartVal,trial_1.started,img.started,brown.started,teal.started,bordeaux.started,grey.started,seafoam.started,pink.started,lime_green.started,orange.started,blue.started,yellow.started,purple.started,cyan.started,red.started,green.started,RBGInfo.started,G.started,B.started,counter_Text.started,total_count.started,R.started,spacebar.started,trial_1.stopped,corrColorVar.routineEndVal,filterChange.routineEndVal,trials.spacebar.keys,trials.spacebar.rt,trials.spacebar.duration,trials.brown.numClicks,trials.brown.timesOn,trials.brown.timesOff,trials.teal.numClicks,trials.teal.timesOn,trials.teal.timesOff,trials.bordeaux.numClicks,trials.bordeaux.timesOn,trials.bordeaux.timesOff,trials.grey.numClicks,trials.grey.timesOn,trials.grey.timesOff,trials.seafoam.numClicks,trials.seafoam.timesOn,trials.seafoam.timesOff,trials.pink.numClicks,trials.pink.timesOn,trials.pink.timesOff,trials.lime_green.numClicks,trials.lime_green.timesOn,trials.lime_green.timesOff,trials.orange.numClicks,trials.orange.timesOn,trials.orange.timesOff,trials.blue.numClicks,trials.blue.timesOn,trials.blue.timesOff,trials.yellow.numClicks,trials.yellow.timesOn,trials.yellow.timesOff,trials.purple.numClicks,trials.purple.timesOn,trials.purple.timesOff,trials.cyan.numClicks,trials.cyan.timesOn,trials.cyan.timesOff,trials.red.numClicks,trials.red.timesOn,trials.red.timesOff,trials.green.numClicks,trials.green.timesOn,trials.green.timesOff,answer.routineEndVal,Pause350.started,text_8.started,Pause350.stopped,confidence.started,slider.started,text_9.started,mouse_2.started,text_answer.started,yellow_3.started,button2.started,confidence.stopped,trials.slider.response,trials.slider.rt,trials.slider.history,trials.mouse_2.x,trials.mouse_2.y,trials.mouse_2.leftButton,trials.mouse_2.midButton,trials.mouse_2.rightButton,trials.mouse_2.time,trials.mouse_2.clicked_name,trials.button2.numClicks,trials.button2.timesOn,trials.button2.timesOff,trials.brown_3.numClicks,trials.brown_3.timesOn,trials.brown_3.timesOff,trials.teal_3.numClicks,trials.teal_3.timesOn,trials.teal_3.timesOff,trials.bordeaux_3.numClicks,trials.bordeaux_3.timesOn,trials.bordeaux_3.timesOff,trials.grey_3.numClicks,trials.grey_3.timesOn,trials.grey_3.timesOff,trials.seafoam_3.numClicks,trials.seafoam_3.timesOn,trials.seafoam_3.timesOff,trials.pink_3.numClicks,trials.pink_3.timesOn,trials.pink_3.timesOff,trials.lime_green_3.numClicks,trials.lime_green_3.timesOn,trials.lime_green_3.timesOff,trials.orange_3.numClicks,trials.orange_3.timesOn,trials.orange_3.timesOff,trials.blue_3.numClicks,trials.blue_3.timesOn,trials.blue_3.timesOff,trials.yellow_3.numClicks,trials.yellow_3.timesOn,trials.yellow_3.timesOff,trials.purple_3.numClicks,trials.purple_3.timesOn,trials.purple_3.timesOff,trials.cyan_3.numClicks,trials.cyan_3.timesOn,trials.cyan_3.timesOff,trials.red_3.numClicks,trials.red_3.timesOn,trials.red_3.timesOff,trials.green_3.numClicks,trials.green_3.timesOn,trials.green_3.timesOff,text_8.stopped,confirm.started,Button3.started,correctAnswer.started,RBGInfo_2.started,R_2.started,G_2.started,B_2.started,key_resp.started,confirm.stopped,trials.Button3.numClicks,trials.Button3.timesOn,trials.Button3.timesOff,trials.brown_2.numClicks,trials.brown_2.timesOn,trials.brown_2.timesOff,trials.teal_2.numClicks,trials.teal_2.timesOn,trials.teal_2.timesOff,trials.bordeaux_2.numClicks,trials.bordeaux_2.timesOn,trials.bordeaux_2.timesOff,trials.grey_2.numClicks,trials.grey_2.timesOn,trials.grey_2.timesOff,trials.seafoam_2.numClicks,trials.seafoam_2.timesOn,trials.seafoam_2.timesOff,trials.pink_2.numClicks,trials.pink_2.timesOn,trials.pink_2.timesOff,trials.lime_green_2.numClicks,trials.lime_green_2.timesOn,trials.lime_green_2.timesOff,trials.orange_2.numClicks,trials.orange_2.timesOn,trials.orange_2.timesOff,trials.blue_2.numClicks,trials.blue_2.timesOn,trials.blue_2.timesOff,trials.yellow_2.numClicks,trials.yellow_2.timesOn,trials.yellow_2.timesOff,trials.purple_2.numClicks,trials.purple_2.timesOn,trials.purple_2.timesOff,trials.cyan_2.numClicks,trials.cyan_2.timesOn,trials.cyan_2.timesOff,trials.red_2.numClicks,trials.red_2.timesOn,trials.red_2.timesOff,trials.green_2.numClicks,trials.green_2.timesOn,trials.green_2.timesOff,trials.key_resp.keys,PauseEnd.started,text_11.started,text_11.stopped,PauseEnd.stopped,colorList.routineEndVal,lime_green_3.started,wrongAnswer.started,corrColor_2.started,brown_2.started,teal_2.started,bordeaux_2.started,grey_2.started,seafoam_2.started,pink_2.started,lime_green_2.started,orange_2.started,blue_2.started,yellow_2.started,purple_2.started,cyan_2.started,red_2.started,green_2.started,orange_2.stopped,blue_2.stopped,yellow_2.stopped,purple_2.stopped,cyan_2.stopped,red_2.stopped,green_2.stopped,wrongAnswer.stopped,corrColor_2.stopped,brown_2.stopped,teal_2.stopped,bordeaux_2.stopped,grey_2.stopped,seafoam_2.stopped,pink_2.stopped,lime_green_2.stopped,blue_3.started,teal_3.started,brown_3.started,bordeaux_3.started,red_3.started,seafoam_3.started,grey_3.started,pink_3.started,purple_3.started,orange_3.started,green_3.started,cyan_3.started,congrats.started,GoodJob.started,congrats.stopped,trial_counter.endExpVal,colorList.expEndVal,participant,session,date,expName,expVersion,psychopyVersion,frameRate,expStart,
,,,,,,,,,,,,,,,,,,,,,,,,,,,,,,,,,,,,,,,,,,,,,,,,,,,,,,,,,,,,,,,,,,,,,,,,,,,,,,,,,,,,,,,,,,,,,,,,,,,,,,,,,,,,,,,,,,,,,,,,,,,,,,,,,,,,,,,,,,,,,,,,,,,,,,,,,,,,,,,,,,,False,0.007341999997152016,0.027861499998834915,0.8097122999897692,1.009841499995673,14.963211499998579,return,14.03824710000481,None,,,,,,,,,,,,,,,,,,,,,,,,,,,,,,,,,,,,,,,,,,,,,,,,,,,,,,,,,,,,,,,,,,,,,,,,,,,,,,,,,,,,,,,,,,,,,,,,,,,,,,,,,,,,,,,,,,,,,,,,,,,,,,,,,,,,,,,,,,,,,,,,,,,,,,,,,,,,,,,,,,,,,,,,,,,,,,,,,,,,,,,,,,,,,,,,,,,,,,,,,,,,,,,,,,,,,,,,,,,,,,,,,,,,,,,,,,,,,,,,,,,,,,,,,,,,,,,,,,,,,,,002,003,2026-04-16_20h37.35.693,Train3Laptop,,2026.1.1,59.77972367409851,2026-04-16 20h37.36.931949 +0200,
01-t,018_Yellow.jpg,True,Yellow,100,88,0,01-t/018_Yellow_0.png,0,0,0,"['space', 'space', 'space', 'space', 'space']","[3.5194288000056986, 5.307179399998859, 10.538633500007563, 11.254918899998302, 14.540526900003897]","[0.07973369999672286, 0.07977810000011232, 0.08863379999820609, 0.08880300000600982, 0.08915179999894463]",0,,,0,,,0,,,0,,,0,,,0,,,0,,,0,,,0,,,1,[18.32199350000883],[18.322002700006124],0,,,0,,,0,,,0,,,5.0,1.1818243000016082,"[(5.0, 1.1818243000016082)]","[0.38083333333333336, -0.0325]","[0.0033333333333333335, -0.315]","[1, 1]","[0, 0]","[0, 0]","[1.0278882999991765, 1.7587808999960544]","[None, 'button2']",1,[1.7852068999927724],[1.7852183999930276],0,,,0,,,0,,,0,,,0,,,0,,,0,,,0,,,0,,,0,,,0,,,0,,,0,,,0,,,1,[0.8341891000018222],[0.8341998999967473],0,,,0,,,0,,,0,,,0,,,0,,,0,,,0,,,0,,,0,,,0,,,0,,,0,,,0,,,None,0,0,0,36,15.141054699997767,,,,,,,,,,,01-t/018_Yellow_0.png,14.994721800001571,14.997063199989498,01-t/018_Yellow_0.png,True,Yellow,100,88,0,"[4.43956430000253, 6.232675899998867, 11.494580700004008, 12.160269700005301, 15.4413862000074]",01-t/018_Yellow_0.png,1,,15.056920699993498,15.141054699997767,15.141054699997767,15.141054699997767,15.141054699997767,15.141054699997767,15.141054699997767,15.141054699997767,15.141054699997767,15.141054699997767,15.141054699997767,15.141054699997767,15.141054699997767,15.141054699997767,15.141054699997767,15.141054699997767,15.141054699997767,15.141054699997767,15.141054699997767,15.141054699997767,15.141054699997767,15.307163399993442,15.874450399991474,33.3213367999997,Yellow,1,"['space', 'space', 'space', 'space', 'space']","[3.5194288000056986, 5.307179399998859, 10.538633500007563, 11.254918899998302, 14.540526900003897]","[0.07973369999672286, 0.07977810000011232, 0.08863379999820609, 0.08880300000600982, 0.08915179999894463]",0,,,0,,,0,,,0,,,0,,,0,,,0,,,0,,,0,,,1,[18.32199350000883],[18.322002700006124],0,,,0,,,0,,,0,,,Yellow,35.46015269999043,35.47510989999864,35.809619899999234,33.696968199990806,33.739343099994585,33.739343099994585,0.025490400003036484,33.739343099994585,33.739343099994585,34.90575349998835,35.459316799999215,5.0,1.1818243000016082,"[(5.0, 1.1818243000016082)]","[0.38083333333333336, -0.0325]","[0.0033333333333333335, -0.315]","[1, 1]","[0, 0]","[0, 0]","[1.0278882999991765, 1.7587808999960544]","[None, 'button2']",1,[1.7852068999927724],[1.7852183999930276],0,,,0,,,0,,,0,,,0,,,0,,,0,,,0,,,0,,,0,,,0,,,0,,,0,,,0,,,35.872344699993846,35.8403219999891,35.872344699993846,35.872344699993846,35.872344699993846,35.872344699993846,35.872344699993846,35.872344699993846,35.872344699993846,36.64779319999798,1,[0.8341891000018222],[0.8341998999967473],0,,,0,,,0,,,0,,,0,,,0,,,0,,,0,,,0,,,0,,,0,,,0,,,0,,,0,,,None,36.648552799990284,36.65878579999844,37.10796149999078,36.992807699993136,['Yellow'],,,,,,,,,,,,,,,,,,,,,,,,,,,,,,,,,,,,,,,,,,,,,,,,,,,002,003,2026-04-16_20h37.35.693,Train3Laptop,,2026.1.1,59.77972367409851,2026-04-16 20h37.36.931949 +0200,
02-1,011_Orange.jpg,True,Orange,99,48,0,02-1/011_Orange_0.png,1,1,0,"['space', 'space']","[1.3977812999946764, 5.760569299993222]","[0.07972969999536872, 0.10607229999732226]",0,,,0,,,0,,,0,,,0,,,0,,,1,9.58406890000333,9.584074500002316,0,,,0,,,0,,,0,,,0,,,0,,,0,,,5.0,1.030768500000704,"[(5.0, 1.030768500000704)]","[0.38166666666666665, 0.09416666666666666]","[-0.028333333333333332, -0.27]","[1, 1]","[0, 0]","[0, 0]","[0.9339454000000842, 1.8644849999982398]","[None, 'button2']",1,[1.8767258000007132],[1.876740499996231],0,,,0,,,0,,,0,,,0,,,0,,,0,,,0,,,0,,,0,,,0,,,0,,,0,,,0,,,1,[10.017584099987289],[10.017598099992028],0,,,0,,,0,,,0,,,0,,,0,,,0,,,1,[9.030116399997496],[9.030126299985568],0,,,0,,,0,,,0,,,0,,,0,,,None,0,1,1,9,37.10796149999078,,,,,,,,,,,02-1/011_Orange_0.png,36.99429459999374,36.99443469999824,02-1/011_Orange_0.png,True,Orange,99,48,0,"[2.329331499990076, 6.660555399997975]",02-1/011_Orange_0.png,2,,37.00861150000128,37.10796149999078,37.10796149999078,37.10796149999078,37.10796149999078,37.10796149999078,37.10796149999078,37.10796149999078,37.10796149999078,37.10796149999078,37.10796149999078,37.10796149999078,37.10796149999078,37.10796149999078,37.10796149999078,37.10796149999078,37.10796149999078,37.10796149999078,37.10796149999078,37.10796149999078,37.10796149999078,37.30599259999872,37.873354800001835,46.58023809999577,Orange,2,"['space', 'space']","[1.3977812999946764, 5.760569299993222]","[0.07972969999536872, 0.10607229999732226]",0,,,0,,,0,,,0,,,0,,,0,,,1,9.58406890000333,9.584074500002316,0,,,0,,,0,,,0,,,0,,,0,,,0,,,Lime-green,48.810733999998774,48.826348699993105,49.16026249999413,46.94089109999186,46.97315599999274,46.97315599999274,0.010524099998292513,46.97315599999274,,48.00863519999257,48.80990700000257,5.0,1.030768500000704,"[(5.0, 1.030768500000704)]","[0.38166666666666665, 0.09416666666666666]","[-0.028333333333333332, -0.27]","[1, 1]","[0, 0]","[0, 0]","[0.9339454000000842, 1.8644849999982398]","[None, 'button2']",1,[1.8767258000007132],[1.876740499996231],0,,,0,,,0,,,0,,,0,,,0,,,0,,,0,,,0,,,0,,,0,,,0,,,0,,,0,,,49.23996089999855,49.18726209999295,58.22438469999179,58.22438469999179,49.23996089999855,49.23996089999855,49.23996089999855,49.23996089999855,49.23996089999855,59.1800416999904,1,[10.017584099987289],[10.017598099992028],0,,,0,,,0,,,0,,,0,,,0,,,0,,,1,[9.030116399997496],[9.030126299985568],0,,,0,,,0,,,0,,,0,,,0,,,None,59.180784099997254,59.19188929999655,59.64109920000192,59.52552699999069,"['Yellow', 'Lime-green', 'Orange']",46.97315599999274,49.23996089999855,49.23996089999855,49.23996089999855,49.23996089999855,49.23996089999855,49.23996089999855,49.23996089999855,49.23996089999855,49.23996089999855,49.23996089999855,49.23996089999855,49.23996089999855,49.23996089999855,49.23996089999855,49.23996089999855,49.23996089999855,58.20881379999628,58.20881379999628,58.20881379999628,58.20881379999628,58.20881379999628,58.20881379999628,58.20881379999628,58.22438469999179,58.22438469999179,58.22438469999179,58.22438469999179,58.22438469999179,58.22438469999179,58.22438469999179,58.22438469999179,58.22438469999179,,,,,,,,,,,,,,,,,,002,003,2026-04-16_20h37.35.693,Train3Laptop,,2026.1.1,59.77972367409851,2026-04-16 20h37.36.931949 +0200,
01-1,028_Blue.jpg,True,Blue,0,9,96,01-1/028_Blue_0.png,2,2,0,"['space', 'space']","[0.31671719999576453, 1.3062075999914669]","[0.11604540000553243, 0.09782720000657719]",0,,,0,,,0,,,0,,,0,,,0,,,0,,,0,,,1,[4.6497409000003245],[4.649749800009886],0,,,0,,,0,,,0,,,0,,,5.0,0.8482775999873411,"[(5.0, 0.8482775999873411)]","[0.3875, 0.011666666666666667]","[0.005833333333333334, -0.2791666666666667]","[1, 1]","[0, 0]","[0, 0]","[0.7659897999983514, 1.9183154000056675]","[None, 'button2']",1,[1.9295080000010785],[1.9295147999946494],0,,,0,,,0,,,0,,,0,,,0,,,0,,,0,,,0,,,0,,,0,,,0,,,0,,,0,,,1,[0.40014999998675194],[0.4001587999955518],0,,,0,,,0,,,0,,,0,,,0,,,0,,,0,,,0,,,0,,,0,,,0,,,0,,,0,,,None,0,2,2,4,59.64109920000192,,,,,,,,,,,01-1/028_Blue_0.png,59.52713489999587,59.52774049999425,01-1/028_Blue_0.png,True,Blue,0,9,96,"[1.2051066999993054, 2.2768497000070056]",01-1/028_Blue_0.png,3,,59.54508549999446,59.64109920000192,59.64109920000192,59.64109920000192,59.64109920000192,59.64109920000192,59.64109920000192,59.64109920000192,59.64109920000192,59.64109920000192,59.64109920000192,59.64109920000192,59.64109920000192,59.64109920000192,59.64109920000192,59.64109920000192,59.64109920000192,59.64109920000192,59.64109920000192,59.64109920000192,59.64109920000192,59.80833600000187,60.40883709999616,64.17965269999695,Blue,2,"['space', 'space']","[0.31671719999576453, 1.3062075999914669]","[0.11604540000553243, 0.09782720000657719]",0,,,0,,,0,,,0,,,0,,,0,,,0,,,0,,,1,[4.6497409000003245],[4.649749800009886],0,,,0,,,0,,,0,,,0,,,Blue,66.46086389999255,66.47493359999498,66.80927810000139,64.54001509999216,64.57283629999438,64.57283629999438,0.01019119999546092,64.57283629999438,,65.43953730000067,66.46055550000165,5.0,0.8482775999873411,"[(5.0, 0.8482775999873411)]","[0.3875, 0.011666666666666667]","[0.005833333333333334, -0.2791666666666667]","[1, 1]","[0, 0]","[0, 0]","[0.7659897999983514, 1.9183154000056675]","[None, 'button2']",1,[1.9295080000010785],[1.9295147999946494],0,,,0,,,0,,,0,,,0,,,0,,,0,,,0,,,0,,,0,,,0,,,0,,,0,,,0,,,66.85532760000206,66.84121309999318,66.85532760000206,66.85532760000206,66.85532760000206,66.85532760000206,66.85532760000206,66.85532760000206,66.85532760000206,67.21293689998856,1,[0.40014999998675194],[0.4001587999955518],0,,,0,,,0,,,0,,,0,,,0,,,0,,,0,,,0,,,0,,,0,,,0,,,0,,,0,,,None,67.21327989999554,67.22481780000089,67.64056749999872,67.55838770000264,"['Yellow', 'Lime-green', 'Orange', 'Blue']",,,,,,,,,,,,,,,,,,,,,,,,,,,,,,,,,,64.57283629999438,,,,,,,,,,,,,,,,,002,003,2026-04-16_20h37.35.693,Train3Laptop,,2026.1.1,59.77972367409851,2026-04-16 20h37.36.931949 +0200,
03-1,013_Teal.jpg,True,Teal,0,48,60,03-1/013_Teal_0.png,3,3,0,"['space', 'space']","[0.3769043999927817, 2.707087999995565]","[0.05154700001003221, 0.12532089999876916]",0,,,1,12.550593300009496,12.55059959999926,0,,,0,,,0,,,0,,,0,,,0,,,0,,,0,,,0,,,0,,,0,,,0,,,5.0,0.7306657000008272,"[(5.0, 0.7306657000008272)]","[0.3883333333333333, 0.0075]","[0.006666666666666667, -0.295]","[1, 1]","[0, 0]","[0, 0]","[0.6168618999945465, 1.3160559999960242]","[None, 'button2']",1,[1.3259495999809587],[1.3259612999827368],0,,,0,,,0,,,0,,,0,,,0,,,0,,,0,,,0,,,0,,,0,,,0,,,0,,,0,,,1,[0.41557679999095853],[0.4155904999934137],0,,,0,,,0,,,0,,,0,,,0,,,0,,,0,,,0,,,0,,,0,,,0,,,0,,,0,,,None,0,3,3,24,67.64056749999872,,,,,,,,,,,03-1/013_Teal_0.png,67.55972459999612,67.56035249998968,03-1/013_Teal_0.png,True,Teal,0,48,60,"[1.324032000004081, 3.692569700011518]",03-1/013_Teal_0.png,4,,67.57559509998828,67.64056749999872,67.64056749999872,67.64056749999872,67.64056749999872,67.64056749999872,67.64056749999872,67.64056749999872,67.64056749999872,67.64056749999872,67.64056749999872,67.64056749999872,67.64056749999872,67.64056749999872,67.64056749999872,67.64056749999872,67.64056749999872,67.64056749999872,67.64056749999872,67.64056749999872,67.64056749999872,67.83971770000062,68.49089390000154,80.11445119998825,Teal,2,"['space', 'space']","[0.3769043999927817, 2.707087999995565]","[0.05154700001003221, 0.12532089999876916]",0,,,1,12.550593300009496,12.55059959999926,0,,,0,,,0,,,0,,,0,,,0,,,0,,,0,,,0,,,0,,,0,,,0,,,Teal,81.79413039999781,81.80909369999426,82.14252139999007,80.47370529999898,80.50539130000107,80.50539130000107,0.00899489998118952,80.50539130000107,,81.25562319999153,81.79337279999163,5.0,0.7306657000008272,"[(5.0, 0.7306657000008272)]","[0.3883333333333333, 0.0075]","[0.006666666666666667, -0.295]","[1, 1]","[0, 0]","[0, 0]","[0.6168618999945465, 1.3160559999960242]","[None, 'button2']",1,[1.3259495999809587],[1.3259612999827368],0,,,0,,,0,,,0,,,0,,,0,,,0,,,0,,,0,,,0,,,0,,,0,,,0,,,0,,,82.18818389999797,82.17442739999387,82.18818389999797,82.18818389999797,82.18818389999797,82.18818389999797,82.18818389999797,82.18818389999797,82.18818389999797,82.56406309999875,1,[0.41557679999095853],[0.4155904999934137],0,,,0,,,0,,,0,,,0,,,0,,,0,,,0,,,0,,,0,,,0,,,0,,,0,,,0,,,None,82.56482629998936,82.57502749998821,83.02335989999119,82.90869759999623,"['Yellow', 'Lime-green', 'Orange', 'Blue', 'Teal']",,,,,,,,,,,,,,,,,,,,,,,,,,,,,,,,,,,80.50539130000107,,,,,,,,,,,,,,,,002,003,2026-04-16_20h37.35.693,Train3Laptop,,2026.1.1,59.77972367409851,2026-04-16 20h37.36.931949 +0200,
03-1,010_Brown.jpg,True,Brown,50,18,0,03-1/010_Brown_0.png,4,4,0,"['space', 'space', 'space', 'space']","[0.19490699999732897, 1.6715772999887122, 2.326014699996449, 3.2479483999923104]","[0.07081550000293646, 0.09768330000224523, 0.08894970000255853, 0.08881960000144318]",1,10.394887299989932,10.39489379999577,0,,,0,,,0,,,0,,,0,,,0,,,0,,,0,,,0,,,0,,,0,,,0,,,0,,,5.0,0.914192299998831,"[(5.0, 0.914192299998831)]","[0.36083333333333334, 0.0625]","[0.010833333333333334, -0.27166666666666667]","[1, 1]","[0, 0]","[0, 0]","[0.8164756000041962, 1.800243399993633]","[None, 'button2']",1,[1.815276499997708],[1.8152812000043923],0,,,0,,,0,,,0,,,0,,,0,,,0,,,0,,,0,,,0,,,0,,,0,,,0,,,0,,,1,[0.4678408999898238],[0.467852200003108],0,,,0,,,0,,,0,,,0,,,0,,,0,,,0,,,0,,,0,,,0,,,0,,,0,,,0,,,None,0,4,4,16,83.02335989999119,,,,,,,,,,,03-1/010_Brown_0.png,82.91071899999224,82.91177919998881,03-1/010_Brown_0.png,True,Brown,50,18,0,"[1.092060599999968, 2.64216759998817, 3.2748473999963608, 4.166200599996955]",03-1/010_Brown_0.png,5,,82.92836459999671,83.02335989999119,83.02335989999119,83.02335989999119,83.02335989999119,83.02335989999119,83.02335989999119,83.02335989999119,83.02335989999119,83.02335989999119,83.02335989999119,83.02335989999119,83.02335989999119,83.02335989999119,83.02335989999119,83.02335989999119,83.02335989999119,83.02335989999119,83.02335989999119,83.02335989999119,83.02335989999119,83.18898449999688,83.80724729999201,93.30909559999418,Brown,0,"['space', 'space', 'space', 'space']","[0.19490699999732897, 1.6715772999887122, 2.326014699996449, 3.2479483999923104]","[0.07081550000293646, 0.09768330000224523, 0.08894970000255853, 0.08881960000144318]",1,10.394887299989932,10.39489379999577,0,,,0,,,0,,,0,,,0,,,0,,,0,,,0,,,0,,,0,,,0,,,0,,,0,,,Brown,95.4759417999885,95.49005829999805,95.82464419999451,93.67367389998981,93.70436069999414,93.70436069999414,0.01442039999528788,93.70436069999414,,94.62351910000143,95.47562169999583,5.0,0.914192299998831,"[(5.0, 0.914192299998831)]","[0.36083333333333334, 0.0625]","[0.010833333333333334, -0.27166666666666667]","[1, 1]","[0, 0]","[0, 0]","[0.8164756000041962, 1.800243399993633]","[None, 'button2']",1,[1.815276499997708],[1.8152812000043923],0,,,0,,,0,,,0,,,0,,,0,,,0,,,0,,,0,,,0,,,0,,,0,,,0,,,0,,,95.87151379999705,95.8483922000014,95.87151379999705,95.87151379999705,95.87151379999705,95.87151379999705,95.87151379999705,95.87151379999705,95.87151379999705,96.2966674999916,1,[0.4678408999898238],[0.467852200003108],0,,,0,,,0,,,0,,,0,,,0,,,0,,,0,,,0,,,0,,,0,,,0,,,0,,,0,,,None,96.29714889999013,96.30656559999625,96.73913409998931,96.640565099995,"['Yellow', 'Lime-green', 'Orange', 'Blue', 'Teal', 'Brown']",,,,,,,,,,,,,,,,,,,,,,,,,,,,,,,,,,,,93.70436069999414,,,,,,,,,,,,,,,002,003,2026-04-16_20h37.35.693,Train3Laptop,,2026.1.1,59.77972367409851,2026-04-16 20h37.36.931949 +0200,
03-1,016_Brown.jpg,True,Brown,52,18,0,03-1/016_Brown_0.png,5,5,0,"['space', 'space', 'space', 'space']","[0.12944770000467543, 2.831503599998541, 3.656385800000862, 4.270291599998018]","[0.07991059999039862, 0.08862080000108108, 0.09788830000616144, 0.09785520000150427]",1,7.844583100013551,7.844599800009746,0,,,0,,,0,,,0,,,0,,,0,,,0,,,0,,,0,,,0,,,0,,,0,,,0,,,5.0,1.1644148999912431,"[(5.0, 1.1644148999912431)]","[0.3616666666666667, 0.016666666666666666]","[-0.0008333333333333334, -0.2916666666666667]","[1, 1]","[0, 0]","[0, 0]","[1.0512161999940872, 2.28136639999866]","[None, 'button2']",1,[2.294185299993842],[2.2941903000028105],0,,,0,,,0,,,0,,,0,,,0,,,0,,,0,,,0,,,0,,,0,,,0,,,0,,,0,,,1,[0.4361353999993298],[0.4361480999941705],0,,,0,,,0,,,0,,,0,,,0,,,0,,,0,,,0,,,0,,,0,,,0,,,0,,,0,,,None,0,5,5,25,96.73913409998931,,,,,,,,,,,03-1/016_Brown_0.png,96.64203669999551,96.6426303999906,03-1/016_Brown_0.png,True,Brown,52,18,0,"[1.0778452000085963, 3.802378000007593, 4.613915200010524, 5.306675100000575]",03-1/016_Brown_0.png,6,,96.65665419999277,96.73913409998931,96.73913409998931,96.73913409998931,96.73913409998931,96.73913409998931,96.73913409998931,96.73913409998931,96.73913409998931,96.73913409998931,96.73913409998931,96.73913409998931,96.73913409998931,96.73913409998931,96.73913409998931,96.73913409998931,96.73913409998931,96.73913409998931,96.73913409998931,96.73913409998931,96.73913409998931,97.00501229999645,97.58947669999907,104.49275019999186,Brown,0,"['space', 'space', 'space', 'space']","[0.12944770000467543, 2.831503599998541, 3.656385800000862, 4.270291599998018]","[0.07991059999039862, 0.08862080000108108, 0.09788830000616144, 0.09785520000150427]",1,7.844583100013551,7.844599800009746,0,,,0,,,0,,,0,,,0,,,0,,,0,,,0,,,0,,,0,,,0,,,0,,,0,,,Brown,107.13975259999279,107.15591459999268,107.49126439999964,104.85506509999686,104.88785549999739,104.88785549999739,0.011861199993290938,104.88785549999739,,106.07092379999813,107.1393253999995,5.0,1.1644148999912431,"[(5.0, 1.1644148999912431)]","[0.3616666666666667, 0.016666666666666666]","[-0.0008333333333333334, -0.2916666666666667]","[1, 1]","[0, 0]","[0, 0]","[1.0512161999940872, 2.28136639999866]","[None, 'button2']",1,[2.294185299993842],[2.2941903000028105],0,,,0,,,0,,,0,,,0,,,0,,,0,,,0,,,0,,,0,,,0,,,0,,,0,,,0,,,104.88785549999739,107.50594009998895,107.52035629999591,107.52035629999591,107.52035629999591,107.52035629999591,107.52035629999591,107.52035629999591,107.52035629999591,107.92966169999272,1,[0.4361353999993298],[0.4361480999941705],0,,,0,,,0,,,0,,,0,,,0,,,0,,,0,,,0,,,0,,,0,,,0,,,0,,,0,,,None,107.93025089999719,107.93992769999022,108.38826409999456,108.2734913000022,"['Yellow', 'Lime-green', 'Orange', 'Blue', 'Teal', 'Brown', 'Brown']",,,,,,,,,,,,,,,,,,,,,,,,,,,,,,,,,,,,104.88785549999739,,,,,,,,,,,,,,,002,003,2026-04-16_20h37.35.693,Train3Laptop,,2026.1.1,59.77972367409851,2026-04-16 20h37.36.931949 +0200,
03-1,006_Bordeaux.jpg,True,Bordeaux,51,0,12,03-1/006_Bordeaux_0.png,6,6,0,"['space', 'space']","[0.7072233000071719, 1.4102687999984482]","[0.0706105999997817, 0.0795914000045741]",0,,,0,,,1,8.013079000011203,8.01308470001095,0,,,0,,,0,,,0,,,0,,,0,,,0,,,0,,,0,,,0,,,0,,,5.0,1.1143788999906974,"[(5.0, 1.1143788999906974)]","[0.3958333333333333, 0.025833333333333333]","[-0.0033333333333333335, -0.2758333333333333]","[1, 1]","[0, 0]","[0, 0]","[1.0054185000044527, 2.2206125000084285]","[None, 'button2']",1,[2.2308250999922166],[2.2308340999879874],0,,,0,,,0,,,0,,,0,,,0,,,0,,,0,,,0,,,0,,,0,,,0,,,0,,,0,,,1,[0.6676602999941679],[0.6676689000014449],0,,,0,,,0,,,0,,,0,,,0,,,0,,,0,,,0,,,0,,,0,,,0,,,0,,,0,,,None,0,6,6,13,108.38826409999456,,,,,,,,,,,03-1/006_Bordeaux_0.png,108.27503969999088,108.27566790000128,03-1/006_Bordeaux_0.png,True,Bordeaux,51,0,12,"[1.6557585000118706, 2.3331228000024566]",03-1/006_Bordeaux_0.png,7,,108.29168799999752,108.38826409999456,108.38826409999456,108.38826409999456,108.38826409999456,108.38826409999456,108.38826409999456,108.38826409999456,108.38826409999456,108.38826409999456,108.38826409999456,108.38826409999456,108.38826409999456,108.38826409999456,108.38826409999456,108.38826409999456,108.38826409999456,108.38826409999456,108.38826409999456,108.38826409999456,108.38826409999456,108.57208820000233,109.17201480000222,116.29160329999286,Bordeaux,2,"['space', 'space']","[0.7072233000071719, 1.4102687999984482]","[0.0706105999997817, 0.0795914000045741]",0,,,0,,,1,8.013079000011203,8.01308470001095,0,,,0,,,0,,,0,,,0,,,0,,,0,,,0,,,0,,,0,,,0,,,Bordeaux,118.87414069999068,118.89121960000193,119.22452699999849,116.65113929999643,116.68755889999738,116.68755889999738,0.009322099998826161,116.68755889999738,,117.80351810000138,118.87385049999284,5.0,1.1143788999906974,"[(5.0, 1.1143788999906974)]","[0.3958333333333333, 0.025833333333333333]","[-0.0033333333333333335, -0.2758333333333333]","[1, 1]","[0, 0]","[0, 0]","[1.0054185000044527, 2.2206125000084285]","[None, 'button2']",1,[2.2308250999922166],[2.2308340999879874],0,,,0,,,0,,,0,,,0,,,0,,,0,,,0,,,0,,,0,,,0,,,0,,,0,,,0,,,119.27017809999234,119.2496201999893,119.27017809999234,119.27017809999234,119.27017809999234,119.27017809999234,119.27017809999234,119.27017809999234,119.27017809999234,119.89471209999465,1,[0.6676602999941679],[0.6676689000014449],0,,,0,,,0,,,0,,,0,,,0,,,0,,,0,,,0,,,0,,,0,,,0,,,0,,,0,,,None,119.89509869999893,119.90531570000167,120.33823049999774,120.23922299999685,"['Yellow', 'Lime-green', 'Orange', 'Blue', 'Teal', 'Brown', 'Brown', 'Bordeaux']",,,,,,,,,,,,,,,,,,,,,,,,,,,,,,,,,,,,,116.68755889999738,,,,,,,,,,,,,,002,003,2026-04-16_20h37.35.693,Train3Laptop,,2026.1.1,59.77972367409851,2026-04-16 20h37.36.931949 +0200,
03-1,019_Brown.jpg,True,Brown,50,17,0,03-1/019_Brown_0.png,7,7,0,"['space', 'space']","[1.5039959999994608, 4.677100100001553]","[0.12508310000703204, 0.08815399999730289]",1,7.578510599996662,7.57851789999404,0,,,0,,,0,,,0,,,0,,,0,,,0,,,0,,,0,,,0,,,0,,,0,,,0,,,5.0,1.2466839000117034,"[(5.0, 1.2466839000117034)]","[0.37, 0.020833333333333332]","[-0.006666666666666667, -0.27666666666666667]","[1, 1]","[0, 0]","[0, 0]","[1.136241100000916, 1.8353403999935836]","[None, 'button2']",1,[1.8483983000041917],[1.8484124999959022],0,,,0,,,0,,,0,,,0,,,0,,,0,,,0,,,0,,,0,,,0,,,0,,,0,,,0,,,1,[0.500074699986726],[0.5000864999892656],0,,,0,,,0,,,0,,,0,,,0,,,0,,,0,,,0,,,0,,,0,,,0,,,0,,,0,,,None,0,7,7,26,120.33823049999774,,,,,,,,,,,03-1/019_Brown_0.png,120.24082479999925,120.24139640000067,03-1/019_Brown_0.png,True,Brown,50,17,0,"[2.3987148000014713, 5.614862999995239]",03-1/019_Brown_0.png,8,,120.25967089999176,120.33823049999774,120.33823049999774,120.33823049999774,120.33823049999774,120.33823049999774,120.33823049999774,120.33823049999774,120.33823049999774,120.33823049999774,120.33823049999774,120.33823049999774,120.33823049999774,120.33823049999774,120.33823049999774,120.33823049999774,120.33823049999774,120.33823049999774,120.33823049999774,120.33823049999774,120.33823049999774,120.55420569999842,121.12111739999091,127.82287049999286,Brown,2,"['space', 'space']","[1.5039959999994608, 4.677100100001553]","[0.12508310000703204, 0.08815399999730289]",1,7.578510599996662,7.57851789999404,0,,,0,,,0,,,0,,,0,,,0,,,0,,,0,,,0,,,0,,,0,,,0,,,0,,,Brown,130.02496349999274,130.0395167999959,130.3731001999986,128.18523019998975,128.21991929999785,128.21991929999785,0.012221900004078634,128.21991929999785,,129.45556209998904,130.02418179999222,5.0,1.2466839000117034,"[(5.0, 1.2466839000117034)]","[0.37, 0.020833333333333332]","[-0.006666666666666667, -0.27666666666666667]","[1, 1]","[0, 0]","[0, 0]","[1.136241100000916, 1.8353403999935836]","[None, 'button2']",1,[1.8483983000041917],[1.8484124999959022],0,,,0,,,0,,,0,,,0,,,0,,,0,,,0,,,0,,,0,,,0,,,0,,,0,,,0,,,130.4025585999916,130.39409570000134,130.4025585999916,130.4025585999916,130.4025585999916,130.4025585999916,130.4025585999916,130.4025585999916,130.4025585999916,130.87821650000114,1,[0.500074699986726],[0.5000864999892656],0,,,0,,,0,,,0,,,0,,,0,,,0,,,0,,,0,,,0,,,0,,,0,,,0,,,0,,,None,130.8787134000013,130.88881859999674,131.32039379999333,131.22250999999233,"['Yellow', 'Lime-green', 'Orange', 'Blue', 'Teal', 'Brown', 'Brown', 'Bordeaux', 'Brown']",,,,,,,,,,,,,,,,,,,,,,,,,,,,,,,,,,,,128.21991929999785,,,,,,,,,,,,,,,002,003,2026-04-16_20h37.35.693,Train3Laptop,,2026.1.1,59.77972367409851,2026-04-16 20h37.36.931949 +0200,
01-1,010_Red.jpg,True,Red,99,0,12,01-1/010_Red_0.png,8,8,0,['space'],[0.9151067000057083],[0.09790150000480935],0,,,0,,,0,,,0,,,0,,,0,,,0,,,0,,,0,,,0,,,0,,,0,,,1,[10.413429200008977],[10.413437299997895],0,,,5.0,1.0330937999970047,"[(5.0, 1.0330937999970047)]","[0.41583333333333333, 0.07083333333333333]","[-0.024166666666666666, -0.25833333333333336]","[1, 1]","[0, 0]","[0, 0]","[0.9227862999978242, 1.83836870000232]","[None, 'button2']",1,[1.8486423999856925],[1.8486473999801092],0,,,0,,,0,,,0,,,0,,,0,,,0,,,0,,,0,,,0,,,0,,,0,,,0,,,0,,,1,[0.5683122999907937],[0.5683259999932488],0,,,0,,,0,,,0,,,0,,,0,,,0,,,0,,,0,,,0,,,0,,,0,,,0,,,0,,,None,0,8,8,2,131.32039379999333,,,,,,,,,,,01-1/010_Red_0.png,131.22410269999818,131.22472430000198,01-1/010_Red_0.png,True,Red,99,0,12,"[0.8277875000057975, 1.8838083000009647]",01-1/010_Red_0.png,9,,131.2411229999998,131.32039379999333,131.32039379999333,131.32039379999333,131.32039379999333,131.32039379999333,131.32039379999333,131.32039379999333,131.32039379999333,131.32039379999333,131.32039379999333,131.32039379999333,131.32039379999333,131.32039379999333,131.32039379999333,131.32039379999333,131.32039379999333,131.32039379999333,131.32039379999333,131.32039379999333,131.32039379999333,131.55350799999724,132.18782719998853,141.6401685000019,Red,2,['space'],[0.9151067000057083],[0.09790150000480935],0,,,0,,,0,,,0,,,0,,,0,,,0,,,0,,,0,,,0,,,0,,,0,,,1,[10.413429200008977],[10.413437299997895],0,,,Red,143.84112669999013,143.8562927000021,144.19170319999103,142.00012099999003,142.0196089999954,142.0196089999954,0.009670099985669367,142.0196089999954,,143.08672369999113,143.8404845999903,5.0,1.0330937999970047,"[(5.0, 1.0330937999970047)]","[0.41583333333333333, 0.07083333333333333]","[-0.024166666666666666, -0.25833333333333336]","[1, 1]","[0, 0]","[0, 0]","[0.9227862999978242, 1.83836870000232]","[None, 'button2']",1,[1.8486423999856925],[1.8486473999801092],0,,,0,,,0,,,0,,,0,,,0,,,0,,,0,,,0,,,0,,,0,,,0,,,0,,,0,,,144.2362618999905,144.21951719999197,144.2362618999905,144.2362618999905,144.2362618999905,144.2362618999905,144.2362618999905,144.2362618999905,144.2362618999905,144.7631388000009,1,[0.5683122999907937],[0.5683259999932488],0,,,0,,,0,,,0,,,0,,,0,,,0,,,0,,,0,,,0,,,0,,,0,,,0,,,0,,,None,144.7642649999907,144.7719042999961,145.22054949999438,145.1051843000023,"['Yellow', 'Lime-green', 'Orange', 'Blue', 'Teal', 'Brown', 'Brown', 'Bordeaux', 'Brown', 'Red']",,,,,,,,,,,,,,,,,,,,,,,,,,,,,,,,,,,,,,142.0196089999954,,,,,,,,,,,,,002,003,2026-04-16_20h37.35.693,Train3Laptop,,2026.1.1,59.77972367409851,2026-04-16 20h37.36.931949 +0200,
03-1,012_Bordeaux.jpg,True,Bordeaux,50,2,24,03-1/012_Bordeaux_0.png,9,9,0,['space'],[1.5986025999882258],[0.12476710000191815],0,,,0,,,1,8.70779169999878,8.707797099996242,0,,,0,,,0,,,0,,,0,,,0,,,0,,,0,,,0,,,0,,,0,,,5.0,0.7491841000010027,"[(5.0, 0.7491841000010027)]","[0.37083333333333335, 0.0425]","[0.01, -0.2775]","[1, 1]","[0, 0]","[0, 0]","[0.6669755000039004, 1.6340461000072537]","[None, 'button2']",1,[1.651737399995909],[1.6517499000037787],0,,,0,,,0,,,0,,,0,,,0,,,0,,,0,,,0,,,0,,,0,,,0,,,0,,,0,,,1,[0.6335728999983985],[0.633583799994085],0,,,0,,,0,,,0,,,0,,,0,,,0,,,0,,,0,,,0,,,0,,,0,,,0,,,0,,,None,0,9,9,19,145.22054949999438,,,,,,,,,,,03-1/012_Bordeaux_0.png,145.10668739999528,145.1072744999983,03-1/012_Bordeaux_0.png,True,Bordeaux,50,2,24,"[1.0168026000028476, 2.5885621999914292]",03-1/012_Bordeaux_0.png,10,,145.12452349999512,145.22054949999438,145.22054949999438,145.22054949999438,145.22054949999438,145.22054949999438,145.22054949999438,145.22054949999438,145.22054949999438,145.22054949999438,145.22054949999438,145.22054949999438,145.22054949999438,145.22054949999438,145.22054949999438,145.22054949999438,145.22054949999438,145.22054949999438,145.22054949999438,145.22054949999438,145.22054949999438,145.40332139999373,146.06039659999078,153.81872709999152,Bordeaux,2,['space'],[1.5986025999882258],[0.12476710000191815],0,,,0,,,1,8.70779169999878,8.707797099996242,0,,,0,,,0,,,0,,,0,,,0,,,0,,,0,,,0,,,0,,,0,,,Bordeaux,155.82423420000123,155.8387439999933,156.17323889999534,154.18492230000265,154.2193447000027,154.2193447000027,0.01593930000672117,154.2193447000027,,154.98615689999133,155.8234766999958,5.0,0.7491841000010027,"[(5.0, 0.7491841000010027)]","[0.37083333333333335, 0.0425]","[0.01, -0.2775]","[1, 1]","[0, 0]","[0, 0]","[0.6669755000039004, 1.6340461000072537]","[None, 'button2']",1,[1.651737399995909],[1.6517499000037787],0,,,0,,,0,,,0,,,0,,,0,,,0,,,0,,,0,,,0,,,0,,,0,,,0,,,0,,,156.2188282999996,156.20198279999022,156.2188282999996,156.2188282999996,156.2188282999996,156.2188282999996,156.2188282999996,156.2188282999996,156.2188282999996,156.8106043000007,1,[0.6335728999983985],[0.633583799994085],0,,,0,,,0,,,0,,,0,,,0,,,0,,,0,,,0,,,0,,,0,,,0,,,0,,,0,,,None,156.81107939999492,156.8205534000008,157.25291989999823,157.15475190000143,"['Yellow', 'Lime-green', 'Orange', 'Blue', 'Teal', 'Brown', 'Brown', 'Bordeaux', 'Brown', 'Red', 'Bordeaux']",,,,,,,,,,,,,,,,,,,,,,,,,,,,,,,,,,,,,154.2193447000027,,,,,,,,,,,,,,002,003,2026-04-16_20h37.35.693,Train3Laptop,,2026.1.1,59.77972367409851,2026-04-16 20h37.36.931949 +0200,
03-1,032_Bordeaux.jpg,True,Bordeaux,50,0,18,03-1/032_Bordeaux_0.png,10,10,0,"['space', 'space']","[0.7752104999963194, 1.3643177000049036]","[0.10677300000679679, 0.08851220000360627]",0,,,0,,,1,8.007445100010955,8.007455800005118,0,,,0,,,0,,,0,,,0,,,0,,,0,,,0,,,0,,,0,,,0,,,5.0,0.8306280999968294,"[(5.0, 0.8306280999968294)]","[0.36, 0.055]","[0.02, -0.26916666666666667]","[1, 1]","[0, 0]","[0, 0]","[0.6857178999925964, 1.6167417999968166]","[None, 'button2']",1,[1.635738400000264],[1.6357499000005191],0,,,0,,,0,,,0,,,0,,,0,,,0,,,0,,,0,,,0,,,0,,,0,,,0,,,0,,,1,[0.4002085999964038],[0.4002209999889601],0,,,0,,,0,,,0,,,0,,,0,,,0,,,0,,,0,,,0,,,0,,,0,,,0,,,0,,,None,0,10,10,35,157.25291989999823,,,,,,,,,,,03-1/032_Bordeaux_0.png,157.15644189999148,157.15710159999435,03-1/032_Bordeaux_0.png,True,Bordeaux,50,0,18,"[1.7274617000075523, 2.3447254000057]",03-1/032_Bordeaux_0.png,11,,157.17454619999626,157.25291989999823,157.25291989999823,157.25291989999823,157.25291989999823,157.25291989999823,157.25291989999823,157.25291989999823,157.25291989999823,157.25291989999823,157.25291989999823,157.25291989999823,157.25291989999823,157.25291989999823,157.25291989999823,157.25291989999823,157.25291989999823,157.25291989999823,157.25291989999823,157.25291989999823,157.25291989999823,157.4689201000001,158.0698052999942,165.16757929998857,Bordeaux,2,"['space', 'space']","[0.7752104999963194, 1.3643177000049036]","[0.10677300000679679, 0.08851220000360627]",0,,,0,,,1,8.007445100010955,8.007455800005118,0,,,0,,,0,,,0,,,0,,,0,,,0,,,0,,,0,,,0,,,0,,,Bordeaux,167.15677180000057,167.1712741999945,167.50613229999726,165.53564789998927,165.56906699998945,165.56906699998945,0.01796499999181833,165.56906699998945,,166.41869599999336,167.15603649998957,5.0,0.8306280999968294,"[(5.0, 0.8306280999968294)]","[0.36, 0.055]","[0.02, -0.26916666666666667]","[1, 1]","[0, 0]","[0, 0]","[0.6857178999925964, 1.6167417999968166]","[None, 'button2']",1,[1.635738400000264],[1.6357499000005191],0,,,0,,,0,,,0,,,0,,,0,,,0,,,0,,,0,,,0,,,0,,,0,,,0,,,0,,,167.53472209999745,167.52399409998907,167.53472209999745,167.53472209999745,167.53472209999745,167.53472209999745,167.53472209999745,167.53472209999745,167.53472209999745,167.91027459999896,1,[0.4002085999964038],[0.4002209999889601],0,,,0,,,0,,,0,,,0,,,0,,,0,,,0,,,0,,,0,,,0,,,0,,,0,,,0,,,None,167.91080409999995,167.92090159999498,168.35258339998836,168.25446569999622,"['Yellow', 'Lime-green', 'Orange', 'Blue', 'Teal', 'Brown', 'Brown', 'Bordeaux', 'Brown', 'Red', 'Bordeaux', 'Bordeaux']",,,,,,,,,,,,,,,,,,,,,,,,,,,,,,,,,,,,,165.56906699998945,,,,,,,,,,,,,,002,003,2026-04-16_20h37.35.693,Train3Laptop,,2026.1.1,59.77972367409851,2026-04-16 20h37.36.931949 +0200,
02-1,012_Lime-green.jpg,True,Lime-green,61,94,3,02-1/012_Lime-green_0.png,11,11,0,['space'],[0.7669529999984661],[0.08903689999715425],0,,,0,,,0,,,0,,,1,14.230048900004476,14.230054200001177,0,,,0,,,0,,,0,,,0,,,0,,,0,,,0,,,0,,,5.0,0.8310617999959504,"[(5.0, 0.8310617999959504)]","[0.37333333333333335, 0.07]","[-0.006666666666666667, -0.2725]","[1, 1]","[0, 0]","[0, 0]","[0.7502251999976579, 1.9168119999958435]","[None, 'button2']",1,[1.9298566999932518],[1.9298688999842852],0,,,0,,,0,,,0,,,0,,,0,,,0,,,0,,,0,,,0,,,0,,,0,,,0,,,0,,,1,[7.500484199990751],[7.500503499992192],0,,,0,,,0,,,0,,,0,,,0,,,1,[6.046800899988739],[6.046810999992886],0,,,0,,,0,,,0,,,0,,,0,,,0,,,None,0,11,11,10,168.35258339998836,,,,,,,,,,,02-1/012_Lime-green_0.png,168.25600029999623,168.25659469999664,02-1/012_Lime-green_0.png,True,Lime-green,61,94,3,[1.7503299999953015],02-1/012_Lime-green_0.png,12,,168.27166669999133,168.35258339998836,168.35258339998836,168.35258339998836,168.35258339998836,168.35258339998836,168.35258339998836,168.35258339998836,168.35258339998836,168.35258339998836,168.35258339998836,168.35258339998836,168.35258339998836,168.35258339998836,168.35258339998836,168.35258339998836,168.35258339998836,168.35258339998836,168.35258339998836,168.35258339998836,168.35258339998836,168.61906810000073,169.16948209999828,182.4887189000001,Lime-green,1,['space'],[0.7669529999984661],[0.08903689999715425],0,,,0,,,0,,,0,,,1,14.230048900004476,14.230054200001177,0,,,0,,,0,,,0,,,0,,,0,,,0,,,0,,,0,,,Seafoam,184.77240449999226,184.78753059999144,185.12056729999313,182.85025089999544,182.88462339999387,182.88462339999387,0.011414699984015897,182.88462339999387,,183.7341613000026,184.7716708999942,5.0,0.8310617999959504,"[(5.0, 0.8310617999959504)]","[0.37333333333333335, 0.07]","[-0.006666666666666667, -0.2725]","[1, 1]","[0, 0]","[0, 0]","[0.7502251999976579, 1.9168119999958435]","[None, 'button2']",1,[1.9298566999932518],[1.9298688999842852],0,,,0,,,0,,,0,,,0,,,0,,,0,,,0,,,0,,,0,,,0,,,0,,,0,,,0,,,185.1843599999993,185.1542141999962,191.20188359999156,191.20188359999156,185.1843599999993,185.1843599999993,185.1843599999993,185.1843599999993,185.1843599999993,192.62558459999855,1,[7.500484199990751],[7.500503499992192],0,,,0,,,0,,,0,,,0,,,0,,,1,[6.046800899988739],[6.046810999992886],0,,,0,,,0,,,0,,,0,,,0,,,0,,,None,192.62635880000016,192.63613499999337,193.0679608999926,192.9699130999943,"['Yellow', 'Lime-green', 'Orange', 'Blue', 'Teal', 'Brown', 'Brown', 'Bordeaux', 'Brown', 'Red', 'Bordeaux', 'Bordeaux', 'Seafoam', 'Lime-green']",,185.1843599999993,185.1843599999993,185.1843599999993,185.1843599999993,185.1843599999993,185.1843599999993,185.1843599999993,185.1843599999993,185.1843599999993,185.1843599999993,185.1843599999993,185.1843599999993,185.1843599999993,185.1843599999993,185.1843599999993,185.1843599999993,191.18578559999878,191.18578559999878,191.18578559999878,191.18578559999878,191.18578559999878,191.18578559999878,191.18578559999878,191.20188359999156,191.20188359999156,191.20188359999156,191.20188359999156,191.20188359999156,191.20188359999156,191.20188359999156,191.20188359999156,191.18578559999878,,,,,,182.88462339999387,,,,,,,,,,,,002,003,2026-04-16_20h37.35.693,Train3Laptop,,2026.1.1,59.77972367409851,2026-04-16 20h37.36.931949 +0200,
03-1,021_Grey.jpg,True,Grey,47,51,57,03-1/021_Grey_0.png,12,12,0,"['space', 'space']","[2.9111065000033705, 4.300546400001622]","[0.10617959999945015, 0.11565300000074785]",0,,,0,,,0,,,1,7.848017700001947,7.848029600005248,0,,,0,,,0,,,0,,,0,,,0,,,0,,,0,,,0,,,0,,,5.0,0.8143045999895548,"[(5.0, 0.8143045999895548)]","[0.34833333333333333, 0.03333333333333333]","[0.0016666666666666668, -0.27]","[1, 1]","[0, 0]","[0, 0]","[0.6997815000067931, 1.8156374999962281]","[None, 'button2']",1,[1.8293285999970976],[1.8293422999850009],0,,,0,,,0,,,0,,,0,,,0,,,0,,,0,,,0,,,0,,,0,,,0,,,0,,,0,,,1,[0.4824361999926623],[0.4824505999858957],0,,,0,,,0,,,0,,,0,,,0,,,0,,,0,,,0,,,0,,,0,,,0,,,0,,,0,,,None,0,12,12,29,193.0679608999926,,,,,,,,,,,03-1/021_Grey_0.png,192.971478499996,192.97204539999075,03-1/021_Grey_0.png,True,Grey,47,51,57,"[3.830495800008066, 5.260532000000239]",03-1/021_Grey_0.png,13,,192.98843369999668,193.0679608999926,193.0679608999926,193.0679608999926,193.0679608999926,193.0679608999926,193.0679608999926,193.0679608999926,193.0679608999926,193.0679608999926,193.0679608999926,193.0679608999926,193.0679608999926,193.0679608999926,193.0679608999926,193.0679608999926,193.0679608999926,193.0679608999926,193.0679608999926,193.0679608999926,193.0679608999926,193.30179379999754,193.867634299997,200.82242789999873,Grey,2,"['space', 'space']","[2.9111065000033705, 4.300546400001622]","[0.10617959999945015, 0.11565300000074785]",0,,,0,,,0,,,1,7.848017700001947,7.848029600005248,0,,,0,,,0,,,0,,,0,,,0,,,0,,,0,,,0,,,0,,,Grey,203.00518359999114,203.02017269999487,203.35447120000026,201.18538819999958,201.21701409999514,201.21701409999514,0.012837699992815033,201.21701409999514,,202.05046819998825,203.00451819998852,5.0,0.8143045999895548,"[(5.0, 0.8143045999895548)]","[0.34833333333333333, 0.03333333333333333]","[0.0016666666666666668, -0.27]","[1, 1]","[0, 0]","[0, 0]","[0.6997815000067931, 1.8156374999962281]","[None, 'button2']",1,[1.8293285999970976],[1.8293422999850009],0,,,0,,,0,,,0,,,0,,,0,,,0,,,0,,,0,,,0,,,0,,,0,,,0,,,0,,,203.40052759999526,203.38586539999233,203.40052759999526,203.40052759999526,203.40052759999526,203.40052759999526,203.40052759999526,203.40052759999526,203.40052759999526,203.84121319999394,1,[0.4824361999926623],[0.4824505999858957],0,,,0,,,0,,,0,,,0,,,0,,,0,,,0,,,0,,,0,,,0,,,0,,,0,,,0,,,None,203.84189189999597,203.85300769998867,204.2842468000017,204.18677169999864,"['Yellow', 'Lime-green', 'Orange', 'Blue', 'Teal', 'Brown', 'Brown', 'Bordeaux', 'Brown', 'Red', 'Bordeaux', 'Bordeaux', 'Seafoam', 'Lime-green', 'Grey']",,,,,,,,,,,,,,,,,,,,,,,,,,,,,,,,,,,,,,,,201.21701409999514,,,,,,,,,,,002,003,2026-04-16_20h37.35.693,Train3Laptop,,2026.1.1,59.77972367409851,2026-04-16 20h37.36.931949 +0200,
02-1,010_Pink.jpg,True,Pink,98,0,52,02-1/010_Pink_0.png,13,13,0,"['space', 'space']","[0.3379080000013346, 1.0816705000033835]","[0.09762929999851622, 0.09795609999855515]",0,,,0,,,0,,,0,,,0,,,1,25.380640200004564,25.380645700002788,0,,,0,,,0,,,0,,,0,,,0,,,0,,,0,,,5.0,1.634094399996684,"[(5.0, 1.634094399996684)]","[0.33666666666666667, 0.38416666666666666, 0.0125]","[-0.07916666666666666, 0.005, -0.30666666666666664]","[1, 1, 1]","[0, 0, 0]","[0, 0, 0]","[0.8337606999994023, 1.5329839999903925, 2.365409999998519]","[None, None, 'button2']",1,[2.3792465000005905],[2.379259199995431],0,,,0,,,0,,,0,,,0,,,0,,,0,,,0,,,0,,,0,,,0,,,0,,,0,,,0,,,1,[0.38438590000441764],[0.38439930000458844],0,,,0,,,0,,,0,,,0,,,0,,,0,,,0,,,0,,,0,,,0,,,0,,,0,,,0,,,None,0,13,13,8,204.2842468000017,,,,,,,,,,,02-1/010_Pink_0.png,204.18847589999496,204.189106299993,02-1/010_Pink_0.png,True,Pink,98,0,52,"[1.2739243999967584, 2.0216704000049504]",02-1/010_Pink_0.png,14,,204.20644829999947,204.2842468000017,204.2842468000017,204.2842468000017,204.2842468000017,204.2842468000017,204.2842468000017,204.2842468000017,204.2842468000017,204.2842468000017,204.2842468000017,204.2842468000017,204.2842468000017,204.2842468000017,204.2842468000017,204.2842468000017,204.2842468000017,204.2842468000017,204.2842468000017,204.2842468000017,204.2842468000017,204.53358170000138,205.1180458000017,229.57142120000208,Pink,2,"['space', 'space']","[0.3379080000013346, 1.0816705000033835]","[0.09762929999851622, 0.09795609999855515]",0,,,0,,,0,,,0,,,0,,,1,25.380640200004564,25.380645700002788,0,,,0,,,0,,,0,,,0,,,0,,,0,,,0,,,Pink,232.30416879999393,232.3199697999953,232.6527492000023,229.9343031999888,229.96577989999787,229.96577989999787,0.012761000005411915,229.96577989999787,,231.61594309999782,232.30339109999477,5.0,1.634094399996684,"[(5.0, 1.634094399996684)]","[0.33666666666666667, 0.38416666666666666, 0.0125]","[-0.07916666666666666, 0.005, -0.30666666666666664]","[1, 1, 1]","[0, 0, 0]","[0, 0, 0]","[0.8337606999994023, 1.5329839999903925, 2.365409999998519]","[None, None, 'button2']",1,[2.3792465000005905],[2.379259199995431],0,,,0,,,0,,,0,,,0,,,0,,,0,,,0,,,0,,,0,,,0,,,0,,,0,,,0,,,232.68249629999627,232.67376479999803,232.68249629999627,232.68249629999627,232.68249629999627,232.68249629999627,232.68249629999627,232.68249629999627,232.68249629999627,233.04253919998882,1,[0.38438590000441764],[0.38439930000458844],0,,,0,,,0,,,0,,,0,,,0,,,0,,,0,,,0,,,0,,,0,,,0,,,0,,,0,,,None,233.04324699999415,233.05173779999313,233.5169096000027,233.38509469998826,"['Yellow', 'Lime-green', 'Orange', 'Blue', 'Teal', 'Brown', 'Brown', 'Bordeaux', 'Brown', 'Red', 'Bordeaux', 'Bordeaux', 'Seafoam', 'Lime-green', 'Grey', 'Pink']",,,,,,,,,,,,,,,,,,,,,,,,,,,,,,,,,,,,,,,,,229.96577989999787,,,,,,,,,,002,003,2026-04-16_20h37.35.693,Train3Laptop,,2026.1.1,59.77972367409851,2026-04-16 20h37.36.931949 +0200,
01-1,008_Purple.jpg,True,Purple,52,0,99,01-1/008_Purple_0.png,14,14,0,"['space', 'space']","[0.37201410000852775, 0.9638444000011077]","[0.09796369999821763, 0.09770440000283998]",0,,,0,,,0,,,0,,,0,,,0,,,0,,,0,,,0,,,0,,,1,[7.581897200012463],[7.581904000006034],0,,,0,,,0,,,5.0,0.7645501999941189,"[(5.0, 0.7645501999941189)]","[0.3875, 0.07916666666666666]","[0.010833333333333334, -0.295]","[1, 1]","[0, 0]","[0, 0]","[0.6517815999977756, 1.4166999000008218]","[None, 'button2']",1,[1.429393299986259],[1.429403199988883],0,,,0,,,0,,,0,,,0,,,0,,,0,,,0,,,0,,,0,,,0,,,0,,,0,,,0,,,1,[0.5359599999937927],[0.5359775999968406],0,,,0,,,0,,,0,,,0,,,0,,,0,,,0,,,0,,,0,,,0,,,0,,,0,,,0,,,None,0,14,14,1,233.5169096000027,,,,,,,,,,,01-1/008_Purple_0.png,233.3867542999942,233.3869115999987,01-1/008_Purple_0.png,True,Purple,52,0,99,"[1.3529116999998223, 1.9219278000091435]",01-1/008_Purple_0.png,15,,233.40504309999233,233.5169096000027,233.5169096000027,233.5169096000027,233.5169096000027,233.5169096000027,233.5169096000027,233.5169096000027,233.5169096000027,233.5169096000027,233.5169096000027,233.5169096000027,233.5169096000027,233.5169096000027,233.5169096000027,233.5169096000027,233.5169096000027,233.5169096000027,233.5169096000027,233.5169096000027,233.5169096000027,233.70006719999947,234.29986749999807,240.9702585999912,Purple,2,"['space', 'space']","[0.37201410000852775, 0.9638444000011077]","[0.09796369999821763, 0.09770440000283998]",0,,,0,,,0,,,0,,,0,,,0,,,0,,,0,,,0,,,0,,,1,[7.581897200012463],[7.581904000006034],0,,,0,,,0,,,Purple,242.75228109999443,242.7688788999949,243.1029228999978,241.33182880000095,241.36603169998853,241.36603169998853,0.011432399987825193,241.36603169998853,,242.14953850000165,242.75176810000266,5.0,0.7645501999941189,"[(5.0, 0.7645501999941189)]","[0.3875, 0.07916666666666666]","[0.010833333333333334, -0.295]","[1, 1]","[0, 0]","[0, 0]","[0.6517815999977756, 1.4166999000008218]","[None, 'button2']",1,[1.429393299986259],[1.429403199988883],0,,,0,,,0,,,0,,,0,,,0,,,0,,,0,,,0,,,0,,,0,,,0,,,0,,,0,,,243.1486689000012,243.1327225999994,243.1486689000012,243.1486689000012,243.1486689000012,243.1486689000012,243.1486689000012,243.1486689000012,243.1486689000012,243.64192100000218,1,[0.5359599999937927],[0.5359775999968406],0,,,0,,,0,,,0,,,0,,,0,,,0,,,0,,,0,,,0,,,0,,,0,,,0,,,0,,,None,243.64249279999058,243.65135109999392,244.09980799999903,243.98472649999894,"['Yellow', 'Lime-green', 'Orange', 'Blue', 'Teal', 'Brown', 'Brown', 'Bordeaux', 'Brown', 'Red', 'Bordeaux', 'Bordeaux', 'Seafoam', 'Lime-green', 'Grey', 'Pink', 'Purple']",,,,,,,,,,,,,,,,,,,,,,,,,,,,,,,,,,,,,,,,,,241.36603169998853,,,,,,,,,002,003,2026-04-16_20h37.35.693,Train3Laptop,,2026.1.1,59.77972367409851,2026-04-16 20h37.36.931949 +0200,
02-1,008_Orange.jpg,True,Orange,100,53,0,02-1/008_Orange_0.png,15,15,0,"['space', 'space']","[2.8158433999924455, 6.919640799998888]","[0.1064912000001641, 0.16213129999232478]",0,,,0,,,0,,,0,,,0,,,0,,,0,,,1,12.934567299991613,12.93457299999136,0,,,0,,,0,,,0,,,0,,,0,,,5.0,0.8163182999996934,"[(5.0, 0.8163182999996934)]","[0.37166666666666665, 0.08666666666666667]","[0.0008333333333333334, -0.2683333333333333]","[1, 1]","[0, 0]","[0, 0]","[0.6856344999978319, 1.502993799993419]","[None, 'button2']",1,[1.5127597999962745],[1.5127670999936527],0,,,0,,,0,,,0,,,0,,,0,,,0,,,0,,,0,,,0,,,0,,,0,,,0,,,0,,,1,[0.431183399996371],[0.4311980000056792],0,,,0,,,0,,,0,,,0,,,0,,,0,,,0,,,0,,,0,,,0,,,0,,,0,,,0,,,None,0,15,15,7,244.09980799999903,,,,,,,,,,,02-1/008_Orange_0.png,243.98644709998916,243.9870523999998,02-1/008_Orange_0.png,True,Orange,100,53,0,"[3.7326496000023326, 7.83070599999337]",02-1/008_Orange_0.png,16,,244.00456580000173,244.09980799999903,244.09980799999903,244.09980799999903,244.09980799999903,244.09980799999903,244.09980799999903,244.09980799999903,244.09980799999903,244.09980799999903,244.09980799999903,244.09980799999903,244.09980799999903,244.09980799999903,244.09980799999903,244.09980799999903,244.09980799999903,244.09980799999903,244.09980799999903,244.09980799999903,244.09980799999903,244.2826999999961,244.86678749999555,256.9232639999973,Orange,2,"['space', 'space']","[2.8158433999924455, 6.919640799998888]","[0.1064912000001641, 0.16213129999232478]",0,,,0,,,0,,,0,,,0,,,0,,,0,,,1,12.934567299991613,12.93457299999136,0,,,0,,,0,,,0,,,0,,,0,,,Orange,258.7887714999961,258.8010452000017,259.1348968999955,257.28226949999225,257.31499479999184,257.31499479999184,0.008890999990398996,257.31499479999184,,258.11746819999826,258.78830359999847,5.0,0.8163182999996934,"[(5.0, 0.8163182999996934)]","[0.37166666666666665, 0.08666666666666667]","[0.0008333333333333334, -0.2683333333333333]","[1, 1]","[0, 0]","[0, 0]","[0.6856344999978319, 1.502993799993419]","[None, 'button2']",1,[1.5127597999962745],[1.5127670999936527],0,,,0,,,0,,,0,,,0,,,0,,,0,,,0,,,0,,,0,,,0,,,0,,,0,,,0,,,259.1827620999975,259.16060180000204,259.1827620999975,259.1827620999975,259.1827620999975,259.1827620999975,259.1827620999975,259.1827620999975,259.1827620999975,259.5730812999973,1,[0.431183399996371],[0.4311980000056792],0,,,0,,,0,,,0,,,0,,,0,,,0,,,0,,,0,,,0,,,0,,,0,,,0,,,0,,,None,259.5736079999915,259.58398640000087,260.0165768000006,259.91772050000145,"['Yellow', 'Lime-green', 'Orange', 'Blue', 'Teal', 'Brown', 'Brown', 'Bordeaux', 'Brown', 'Red', 'Bordeaux', 'Bordeaux', 'Seafoam', 'Lime-green', 'Grey', 'Pink', 'Purple', 'Orange']",,,,,,,,,,,,,,,,,,,,,,,,,,,,,,,,,,,,,,,,,,,257.31499479999184,,,,,,,,002,003,2026-04-16_20h37.35.693,Train3Laptop,,2026.1.1,59.77972367409851,2026-04-16 20h37.36.931949 +0200,
03-1,020_Grey.jpg,True,Grey,47,44,45,03-1/020_Grey_0.png,16,16,0,"['space', 'space']","[1.899746300012339, 2.50836100000015]","[0.09941609999805223, 0.08891250001033768]",0,,,0,,,0,,,1,5.841165599995293,5.841176199988695,0,,,0,,,0,,,0,,,0,,,0,,,0,,,0,,,0,,,0,,,5.0,0.6988680999929784,"[(5.0, 0.6988680999929784)]","[0.38, 0.051666666666666666]","[0.0, -0.26166666666666666]","[1, 1]","[0, 0]","[0, 0]","[0.6159195000072941, 1.3834426999965217]","[None, 'button2']",1,[1.4038905000052182],[1.403903700003866],0,,,0,,,0,,,0,,,0,,,0,,,0,,,0,,,0,,,0,,,0,,,0,,,0,,,0,,,1,[0.7795340999873588],[0.7795404999924358],0,,,0,,,0,,,0,,,0,,,0,,,0,,,0,,,0,,,0,,,0,,,0,,,0,,,0,,,None,0,16,16,28,260.0165768000006,,,,,,,,,,,03-1/020_Grey_0.png,259.9193374999886,259.91948469998897,03-1/020_Grey_0.png,True,Grey,47,44,45,"[2.8369971999927657, 3.4086997999984305]",03-1/020_Grey_0.png,17,,259.93379129999084,260.0165768000006,260.0165768000006,260.0165768000006,260.0165768000006,260.0165768000006,260.0165768000006,260.0165768000006,260.0165768000006,260.0165768000006,260.0165768000006,260.0165768000006,260.0165768000006,260.0165768000006,260.0165768000006,260.0165768000006,260.0165768000006,260.0165768000006,260.0165768000006,260.0165768000006,260.0165768000006,260.249693699996,260.79978129999654,265.7627686999913,Grey,2,"['space', 'space']","[1.899746300012339, 2.50836100000015]","[0.09941609999805223, 0.08891250001033768]",0,,,0,,,0,,,1,5.841165599995293,5.841176199988695,0,,,0,,,0,,,0,,,0,,,0,,,0,,,0,,,0,,,0,,,Grey,267.5202968999947,267.5345978999976,267.86788669999805,266.1322993999929,266.1648953999975,266.1648953999975,0.019398000004002824,266.1648953999975,,266.8814221999928,267.51956159999827,5.0,0.6988680999929784,"[(5.0, 0.6988680999929784)]","[0.38, 0.051666666666666666]","[0.0, -0.26166666666666666]","[1, 1]","[0, 0]","[0, 0]","[0.6159195000072941, 1.3834426999965217]","[None, 'button2']",1,[1.4038905000052182],[1.403903700003866],0,,,0,,,0,,,0,,,0,,,0,,,0,,,0,,,0,,,0,,,0,,,0,,,0,,,0,,,267.91463709999516,267.89615849999245,267.91463709999516,267.91463709999516,267.91463709999516,267.91463709999516,267.91463709999516,267.91463709999516,267.91463709999516,268.65107959999295,1,[0.7795340999873588],[0.7795404999924358],0,,,0,,,0,,,0,,,0,,,0,,,0,,,0,,,0,,,0,,,0,,,0,,,0,,,0,,,None,268.6513211999991,268.6668861999933,269.11572779998824,269.0011827999988,"['Yellow', 'Lime-green', 'Orange', 'Blue', 'Teal', 'Brown', 'Brown', 'Bordeaux', 'Brown', 'Red', 'Bordeaux', 'Bordeaux', 'Seafoam', 'Lime-green', 'Grey', 'Pink', 'Purple', 'Orange', 'Grey']",,,,,,,,,,,,,,,,,,,,,,,,,,,,,,,,,,,,,,,,266.1648953999975,,,,,,,,,,,002,003,2026-04-16_20h37.35.693,Train3Laptop,,2026.1.1,59.77972367409851,2026-04-16 20h37.36.931949 +0200,
03-1,013_Green.jpg,True,Green,2,100,2,03-1/013_Green_0.png,17,17,0,"['space', 'space', 'space', 'space']","[0.38178090000292286, 2.0334924000053434, 3.499330899998313, 3.953375299999607]","[0.0883999999932712, 0.11584269999002572, 0.09479740000097081, 0.11615230000461452]",0,,,0,,,0,,,0,,,0,,,0,,,0,,,0,,,0,,,0,,,0,,,0,,,0,,,1,[9.527012299993658],[9.527018900000257],5.0,0.9319497999968007,"[(5.0, 0.9319497999968007)]","[0.37416666666666665, 0.09583333333333334]","[-0.016666666666666666, -0.2841666666666667]","[1, 1]","[0, 0]","[0, 0]","[0.8180262000096263, 1.8211925000068732]","[None, 'button2']",1,[1.837207499993383],[1.83721610000066],0,,,0,,,0,,,0,,,0,,,0,,,0,,,0,,,0,,,0,,,0,,,0,,,0,,,0,,,1,[0.4162079999950947],[0.4162268999934895],0,,,0,,,0,,,0,,,0,,,0,,,0,,,0,,,0,,,0,,,0,,,0,,,0,,,0,,,None,0,17,17,20,269.11572779998824,,,,,,,,,,,03-1/013_Green_0.png,269.00268819999474,269.002842899994,03-1/013_Green_0.png,True,Green,2,100,2,"[1.3093163999874378, 2.9455961999919964, 4.4354719999973895, 4.8915521999879275]",03-1/013_Green_0.png,18,,269.01864339999156,269.11572779998824,269.11572779998824,269.11572779998824,269.11572779998824,269.11572779998824,269.11572779998824,269.11572779998824,269.11572779998824,269.11572779998824,269.11572779998824,269.11572779998824,269.11572779998824,269.11572779998824,269.11572779998824,269.11572779998824,269.11572779998824,269.11572779998824,269.11572779998824,269.11572779998824,269.11572779998824,269.31521429998975,269.89881949999835,278.5310993999883,Green,0,"['space', 'space', 'space', 'space']","[0.38178090000292286, 2.0334924000053434, 3.499330899998313, 3.953375299999607]","[0.0883999999932712, 0.11584269999002572, 0.09479740000097081, 0.11615230000461452]",0,,,0,,,0,,,0,,,0,,,0,,,0,,,0,,,0,,,0,,,0,,,0,,,0,,,1,[9.527012299993658],[9.527018900000257],Green,280.72045139998954,280.73260269999446,281.06675689999247,278.89623339999525,278.9310103000025,278.9310103000025,0.01499459998740349,278.9310103000025,,279.8808898999996,280.72004619998916,5.0,0.9319497999968007,"[(5.0, 0.9319497999968007)]","[0.37416666666666665, 0.09583333333333334]","[-0.016666666666666666, -0.2841666666666667]","[1, 1]","[0, 0]","[0, 0]","[0.8180262000096263, 1.8211925000068732]","[None, 'button2']",1,[1.837207499993383],[1.83721610000066],0,,,0,,,0,,,0,,,0,,,0,,,0,,,0,,,0,,,0,,,0,,,0,,,0,,,0,,,281.1139739999926,281.09240369999316,281.1139739999926,281.1139739999926,281.1139739999926,281.1139739999926,281.1139739999926,281.1139739999926,281.1139739999926,281.4905859999999,1,[0.4162079999950947],[0.4162268999934895],0,,,0,,,0,,,0,,,0,,,0,,,0,,,0,,,0,,,0,,,0,,,0,,,0,,,0,,,None,281.4912946999975,281.4993538999988,281.9147526000015,281.8337629000016,"['Yellow', 'Lime-green', 'Orange', 'Blue', 'Teal', 'Brown', 'Brown', 'Bordeaux', 'Brown', 'Red', 'Bordeaux', 'Bordeaux', 'Seafoam', 'Lime-green', 'Grey', 'Pink', 'Purple', 'Orange', 'Grey', 'Green']",,,,,,,,,,,,,,,,,,,,,,,,,,,,,,,,,,,,,,,,,,,,278.9310103000025,,,,,,,002,003,2026-04-16_20h37.35.693,Train3Laptop,,2026.1.1,59.77972367409851,2026-04-16 20h37.36.931949 +0200,
01-1,007_Cyan.jpg,True,Cyan,1,89,99,01-1/007_Cyan_0.png,18,18,0,"['space', 'space']","[0.1262890000070911, 1.5547414000029676]","[0.08864929999981541, 0.09850880000158213]",0,,,0,,,0,,,0,,,0,,,0,,,0,,,0,,,0,,,0,,,0,,,1,[14.921597299995483],[14.921606000003521],0,,,0,,,5.0,0.8169084999972256,"[(5.0, 0.8169084999972256)]","[0.385, 0.03333333333333333]","[0.0275, -0.28833333333333333]","[1, 1]","[0, 0]","[0, 0]","[0.6956973000051221, 1.5117833999975119]","[None, 'button2']",1,[1.5228088999865577],[1.5228203999868128],0,,,0,,,0,,,0,,,0,,,0,,,0,,,0,,,0,,,0,,,0,,,0,,,0,,,0,,,1,[0.5135589999845251],[0.5135687999863876],0,,,0,,,0,,,0,,,0,,,0,,,0,,,0,,,0,,,0,,,0,,,0,,,0,,,0,,,None,0,18,18,0,281.9147526000015,,,,,,,,,,,01-1/007_Cyan_0.png,281.83535719999054,281.8355240999954,01-1/007_Cyan_0.png,True,Cyan,1,89,99,"[1.0091610999952536, 2.5077568999986397]",01-1/007_Cyan_0.png,19,,281.85276429999794,281.9147526000015,281.9147526000015,281.9147526000015,281.9147526000015,281.9147526000015,281.9147526000015,281.9147526000015,281.9147526000015,281.9147526000015,281.9147526000015,281.9147526000015,281.9147526000015,281.9147526000015,281.9147526000015,281.9147526000015,281.9147526000015,281.9147526000015,281.9147526000015,281.9147526000015,281.9147526000015,282.1315680999978,282.7154795999959,296.7599409999966,Cyan,2,"['space', 'space']","[0.1262890000070911, 1.5547414000029676]","[0.08864929999981541, 0.09850880000158213]",0,,,0,,,0,,,0,,,0,,,0,,,0,,,0,,,0,,,0,,,0,,,1,[14.921597299995483],[14.921606000003521],0,,,0,,,Cyan,298.63679499999853,298.64916089999315,298.98342639999464,297.1209664999915,297.14822950000234,297.14822950000234,0.01051059999736026,297.14822950000234,,297.9971785999951,298.6359691999969,5.0,0.8169084999972256,"[(5.0, 0.8169084999972256)]","[0.385, 0.03333333333333333]","[0.0275, -0.28833333333333333]","[1, 1]","[0, 0]","[0, 0]","[0.6956973000051221, 1.5117833999975119]","[None, 'button2']",1,[1.5228088999865577],[1.5228203999868128],0,,,0,,,0,,,0,,,0,,,0,,,0,,,0,,,0,,,0,,,0,,,0,,,0,,,0,,,299.0306273000024,299.00897789999726,299.0306273000024,299.0306273000024,299.0306273000024,299.0306273000024,299.0306273000024,299.0306273000024,299.0306273000024,299.502963299994,1,[0.5135589999845251],[0.5135687999863876],0,,,0,,,0,,,0,,,0,,,0,,,0,,,0,,,0,,,0,,,0,,,0,,,0,,,0,,,None,299.5034192000021,299.51626769998984,299.9479042999883,299.8499717999948,"['Yellow', 'Lime-green', 'Orange', 'Blue', 'Teal', 'Brown', 'Brown', 'Bordeaux', 'Brown', 'Red', 'Bordeaux', 'Bordeaux', 'Seafoam', 'Lime-green', 'Grey', 'Pink', 'Purple', 'Orange', 'Grey', 'Green', 'Cyan']",,,,,,,,,,,,,,,,,,,,,,,,,,,,,,,,,,,,,,,,,,,,,297.14822950000234,,,,,,002,003,2026-04-16_20h37.35.693,Train3Laptop,,2026.1.1,59.77972367409851,2026-04-16 20h37.36.931949 +0200,
03-1,031_Bordeaux.jpg,True,Bordeaux,47,5,21,03-1/031_Bordeaux_0.png,19,19,0,"['space', 'space', 'space', 'space', 'space', 'space']","[1.1322080999962054, 1.853635099992971, 3.415253599989228, 4.100184099996113, 11.292380300001241, 12.30393899999035]","[0.10704099999566097, 0.11605949999648146, 0.07996290001028683, 0.10689029999775812, 0.0979423999961, 0.07963190000737086]",0,,,0,,,1,16.16187140000693,16.161877599995933,0,,,0,,,0,,,0,,,0,,,0,,,0,,,0,,,0,,,0,,,0,,,5.0,1.1964373999944655,"[(5.0, 1.1964373999944655)]","[0.36916666666666664, 0.056666666666666664]","[0.009166666666666667, -0.26916666666666667]","[1, 1]","[0, 0]","[0, 0]","[1.070896699995501, 2.3860302999964915]","[None, 'button2']",1,[2.3995533999986947],[2.3995641999936197],0,,,0,,,0,,,0,,,0,,,0,,,0,,,0,,,0,,,0,,,0,,,0,,,0,,,0,,,1,[0.5166896999871824],[0.5167031999881146],0,,,0,,,0,,,0,,,0,,,0,,,0,,,0,,,0,,,0,,,0,,,0,,,0,,,0,,,None,0,19,19,33,299.9479042999883,,,,,,,,,,,03-1/031_Bordeaux_0.png,299.8515827999945,299.8517318999948,03-1/031_Bordeaux_0.png,True,Bordeaux,47,5,21,"[2.1594191000040155, 2.8967086000047857, 4.402890700002899, 5.082848499994725, 12.31643740000436, 13.337847800008603]",03-1/031_Bordeaux_0.png,20,,299.86572929999966,299.9479042999883,299.9479042999883,299.9479042999883,299.9479042999883,299.9479042999883,299.9479042999883,299.9479042999883,299.9479042999883,299.9479042999883,299.9479042999883,299.9479042999883,299.9479042999883,299.9479042999883,299.9479042999883,299.9479042999883,299.9479042999883,299.9479042999883,299.9479042999883,299.9479042999883,299.9479042999883,300.1973467999924,300.83086799999,316.0160204999993,Bordeaux,2,"['space', 'space', 'space', 'space', 'space', 'space']","[1.1322080999962054, 1.853635099992971, 3.415253599989228, 4.100184099996113, 11.292380300001241, 12.30393899999035]","[0.10704099999566097, 0.11605949999648146, 0.07996290001028683, 0.10689029999775812, 0.0979423999961, 0.07963190000737086]",0,,,0,,,1,16.16187140000693,16.161877599995933,0,,,0,,,0,,,0,,,0,,,0,,,0,,,0,,,0,,,0,,,0,,,Bordeaux,318.76793439999165,318.78312229999574,319.1171974000026,316.3786295999889,316.4131780999887,316.4131780999887,0.01243060000706464,316.4131780999887,,317.5983175000001,318.7675073999999,5.0,1.1964373999944655,"[(5.0, 1.1964373999944655)]","[0.36916666666666664, 0.056666666666666664]","[0.009166666666666667, -0.26916666666666667]","[1, 1]","[0, 0]","[0, 0]","[1.070896699995501, 2.3860302999964915]","[None, 'button2']",1,[2.3995533999986947],[2.3995641999936197],0,,,0,,,0,,,0,,,0,,,0,,,0,,,0,,,0,,,0,,,0,,,0,,,0,,,0,,,319.16318679999677,319.1417696999997,319.16318679999677,319.16318679999677,319.16318679999677,319.16318679999677,319.16318679999677,319.16318679999677,319.16318679999677,319.63750419999997,1,[0.5166896999871824],[0.5167031999881146],0,,,0,,,0,,,0,,,0,,,0,,,0,,,0,,,0,,,0,,,0,,,0,,,0,,,0,,,None,319.6379295999941,319.64955489999556,320.0647800000006,319.9830699000013,"['Yellow', 'Lime-green', 'Orange', 'Blue', 'Teal', 'Brown', 'Brown', 'Bordeaux', 'Brown', 'Red', 'Bordeaux', 'Bordeaux', 'Seafoam', 'Lime-green', 'Grey', 'Pink', 'Purple', 'Orange', 'Grey', 'Green', 'Cyan', 'Bordeaux']",,,,,,,,,,,,,,,,,,,,,,,,,,,,,,,,,,,,,316.4131780999887,,,,,,,,,,,,,,002,003,2026-04-16_20h37.35.693,Train3Laptop,,2026.1.1,59.77972367409851,2026-04-16 20h37.36.931949 +0200,
03-1,024_Grey.jpg,True,Grey,42,49,52,03-1/024_Grey_0.png,20,20,0,"['space', 'space']","[0.6901202000008198, 1.854558499995619]","[0.11683600000105798, 0.09732420000364073]",0,,,0,,,0,,,1,5.499229100008961,5.4992352000117535,0,,,0,,,0,,,0,,,0,,,0,,,0,,,0,,,0,,,0,,,5.0,0.6835094999987632,"[(5.0, 0.6835094999987632)]","[0.375, 0.043333333333333335]","[0.008333333333333333, -0.2966666666666667]","[1, 1]","[0, 0]","[0, 0]","[0.57000859999971, 1.5859694000100717]","[None, 'button2']",1,[1.5953724999999395],[1.5953856999985874],0,,,0,,,0,,,0,,,0,,,0,,,0,,,0,,,0,,,0,,,0,,,0,,,0,,,0,,,1,[0.6655755999818211],[0.6655864999920595],0,,,0,,,0,,,0,,,0,,,0,,,0,,,0,,,0,,,0,,,0,,,0,,,0,,,0,,,None,0,20,20,30,320.0647800000006,,,,,,,,,,,03-1/024_Grey_0.png,319.983905599991,319.9844199999934,03-1/024_Grey_0.png,True,Grey,42,49,52,"[1.6440195000031963, 2.815763800012064]",03-1/024_Grey_0.png,21,,319.99854269999196,320.0647800000006,320.0647800000006,320.0647800000006,320.0647800000006,320.0647800000006,320.0647800000006,320.0647800000006,320.0647800000006,320.0647800000006,320.0647800000006,320.0647800000006,320.0647800000006,320.0647800000006,320.0647800000006,320.0647800000006,320.0647800000006,320.0647800000006,320.0647800000006,320.0647800000006,320.0647800000006,320.2637091999932,320.8984719,325.4857422999921,Grey,2,"['space', 'space']","[0.6901202000008198, 1.854558499995619]","[0.11683600000105798, 0.09732420000364073]",0,,,0,,,0,,,1,5.499229100008961,5.4992352000117535,0,,,0,,,0,,,0,,,0,,,0,,,0,,,0,,,0,,,0,,,Grey,327.4346702999901,327.4490376999893,327.78293489999487,325.84452469999087,325.87956329999724,325.87956329999724,0.008649099996546283,325.87956329999724,,326.547868499998,327.4339047999965,5.0,0.6835094999987632,"[(5.0, 0.6835094999987632)]","[0.375, 0.043333333333333335]","[0.008333333333333333, -0.2966666666666667]","[1, 1]","[0, 0]","[0, 0]","[0.57000859999971, 1.5859694000100717]","[None, 'button2']",1,[1.5953724999999395],[1.5953856999985874],0,,,0,,,0,,,0,,,0,,,0,,,0,,,0,,,0,,,0,,,0,,,0,,,0,,,0,,,327.82933839999896,327.81457180000143,327.82933839999896,327.82933839999896,327.82933839999896,327.82933839999896,327.82933839999896,327.82933839999896,327.82933839999896,328.452930200001,1,[0.6655755999818211],[0.6655864999920595],0,,,0,,,0,,,0,,,0,,,0,,,0,,,0,,,0,,,0,,,0,,,0,,,0,,,0,,,None,328.45336549999774,328.4645943999931,328.8968745999882,328.79822779999813,"['Yellow', 'Lime-green', 'Orange', 'Blue', 'Teal', 'Brown', 'Brown', 'Bordeaux', 'Brown', 'Red', 'Bordeaux', 'Bordeaux', 'Seafoam', 'Lime-green', 'Grey', 'Pink', 'Purple', 'Orange', 'Grey', 'Green', 'Cyan', 'Bordeaux', 'Grey']",,,,,,,,,,,,,,,,,,,,,,,,,,,,,,,,,,,,,,,,325.87956329999724,,,,,,,,,,,002,003,2026-04-16_20h37.35.693,Train3Laptop,,2026.1.1,59.77972367409851,2026-04-16 20h37.36.931949 +0200,
03-1,013_Seafoam.jpg,True,Seafoam,9,100,59,03-1/013_Seafoam_0.png,21,21,0,"['space', 'space']","[1.839844300004188, 4.100170600009733]","[0.09787349999533035, 0.1071178999991389]",0,,,0,,,0,,,0,,,1,17.56211460000486,17.562120300004608,0,,,0,,,0,,,0,,,0,,,0,,,0,,,0,,,0,,,5.0,0.9962194000108866,"[(5.0, 0.9962194000108866)]","[0.36333333333333334, 0.006666666666666667]","[0.016666666666666666, -0.30083333333333334]","[1, 1]","[0, 0]","[0, 0]","[0.8884567000059178, 2.222842100003618]","[None, 'button2']",1,[2.2330052999895997],[2.2330195999966236],0,,,0,,,0,,,0,,,0,,,0,,,0,,,0,,,0,,,0,,,0,,,0,,,0,,,0,,,1,[0.6331133999919984],[0.633126100001391],0,,,0,,,0,,,0,,,0,,,0,,,0,,,0,,,0,,,0,,,0,,,0,,,0,,,0,,,None,0,21,21,23,328.8968745999882,,,,,,,,,,,03-1/013_Seafoam_0.png,328.799884299995,328.80048249999527,03-1/013_Seafoam_0.png,True,Seafoam,9,100,59,"[2.77210400000331, 4.986990900011733]",03-1/013_Seafoam_0.png,22,,328.8133375999896,328.8968745999882,328.8968745999882,328.8968745999882,328.8968745999882,328.8968745999882,328.8968745999882,328.8968745999882,328.8968745999882,328.8968745999882,328.8968745999882,328.8968745999882,328.8968745999882,328.8968745999882,328.8968745999882,328.8968745999882,328.8968745999882,328.8968745999882,328.8968745999882,328.8968745999882,328.8968745999882,329.079694,329.68011190000107,346.36450169999443,Seafoam,2,"['space', 'space']","[1.839844300004188, 4.100170600009733]","[0.09787349999533035, 0.1071178999991389]",0,,,0,,,0,,,0,,,1,17.56211460000486,17.562120300004608,0,,,0,,,0,,,0,,,0,,,0,,,0,,,0,,,0,,,Seafoam,348.95111519999045,348.96490639999683,349.2992154999956,346.72405009999056,346.7616410999908,346.7616410999908,0.009400299997651018,346.7616410999908,,347.7618805999955,348.9504195999907,5.0,0.9962194000108866,"[(5.0, 0.9962194000108866)]","[0.36333333333333334, 0.006666666666666667]","[0.016666666666666666, -0.30083333333333334]","[1, 1]","[0, 0]","[0, 0]","[0.8884567000059178, 2.222842100003618]","[None, 'button2']",1,[2.2330052999895997],[2.2330195999966236],0,,,0,,,0,,,0,,,0,,,0,,,0,,,0,,,0,,,0,,,0,,,0,,,0,,,0,,,349.34454419999383,349.33224259999406,349.34454419999383,349.34454419999383,349.34454419999383,349.34454419999383,349.34454419999383,349.34454419999383,349.34454419999383,349.9374984999886,1,[0.6331133999919984],[0.633126100001391],0,,,0,,,0,,,0,,,0,,,0,,,0,,,0,,,0,,,0,,,0,,,0,,,0,,,0,,,None,349.93800139999075,349.94671489999746,350.39560170000186,350.28084859999944,"['Yellow', 'Lime-green', 'Orange', 'Blue', 'Teal', 'Brown', 'Brown', 'Bordeaux', 'Brown', 'Red', 'Bordeaux', 'Bordeaux', 'Seafoam', 'Lime-green', 'Grey', 'Pink', 'Purple', 'Orange', 'Grey', 'Green', 'Cyan', 'Bordeaux', 'Grey', 'Seafoam']",,,,,,,,,,,,,,,,,,,,,,,,,,,,,,,,,,,,,,,346.7616410999908,,,,,,,,,,,,002,003,2026-04-16_20h37.35.693,Train3Laptop,,2026.1.1,59.77972367409851,2026-04-16 20h37.36.931949 +0200,
02-1,030_Seafoam.jpg,True,Seafoam,0,99,67,02-1/030_Seafoam_0.png,22,22,0,"['space', 'space']","[1.2084794999973383, 3.7644516000000294]","[0.1069166000088444, 0.09807350000482984]",0,,,0,,,0,,,0,,,1,14.068375599992578,14.068382999990718,0,,,0,,,0,,,0,,,0,,,0,,,0,,,0,,,0,,,5.0,0.8147125999967102,"[(5.0, 0.8147125999967102)]","[0.35083333333333333, 0.059166666666666666]","[0.0008333333333333334, -0.3]","[1, 1]","[0, 0]","[0, 0]","[0.6725132999999914, 2.1011801999993622]","[None, 'button2']",1,[2.1085620999947423],[2.108573699995759],0,,,0,,,0,,,0,,,0,,,0,,,0,,,0,,,0,,,0,,,0,,,0,,,0,,,0,,,1,[0.43348710000282153],[0.4334976999962237],0,,,0,,,0,,,0,,,0,,,0,,,0,,,0,,,0,,,0,,,0,,,0,,,0,,,0,,,None,0,22,22,12,350.39560170000186,,,,,,,,,,,02-1/030_Seafoam_0.png,350.2824258999899,350.28308229999675,02-1/030_Seafoam_0.png,True,Seafoam,0,99,67,"[2.1704853999981424, 4.758959300001152]",02-1/030_Seafoam_0.png,23,,350.3026003999985,350.39560170000186,350.39560170000186,350.39560170000186,350.39560170000186,350.39560170000186,350.39560170000186,350.39560170000186,350.39560170000186,350.39560170000186,350.39560170000186,350.39560170000186,350.39560170000186,350.39560170000186,350.39560170000186,350.39560170000186,350.39560170000186,350.39560170000186,350.39560170000186,350.39560170000186,350.39560170000186,350.62893520000216,351.2127114999894,364.35333849999006,Seafoam,2,"['space', 'space']","[1.2084794999973383, 3.7644516000000294]","[0.1069166000088444, 0.09807350000482984]",0,,,0,,,0,,,0,,,1,14.068375599992578,14.068382999990718,0,,,0,,,0,,,0,,,0,,,0,,,0,,,0,,,0,,,Seafoam,366.8153251999902,366.83103489999485,367.16428409999935,364.71003380000184,364.74459989999013,364.74459989999013,0.006567699994775467,364.74459989999013,,365.5611568000022,366.81459870000253,5.0,0.8147125999967102,"[(5.0, 0.8147125999967102)]","[0.35083333333333333, 0.059166666666666666]","[0.0008333333333333334, -0.3]","[1, 1]","[0, 0]","[0, 0]","[0.6725132999999914, 2.1011801999993622]","[None, 'button2']",1,[2.1085620999947423],[2.108573699995759],0,,,0,,,0,,,0,,,0,,,0,,,0,,,0,,,0,,,0,,,0,,,0,,,0,,,0,,,367.19429429998854,367.1774999999907,367.19429429998854,367.19429429998854,367.19429429998854,367.19429429998854,367.19429429998854,367.19429429998854,367.19429429998854,367.6015208999888,1,[0.43348710000282153],[0.4334976999962237],0,,,0,,,0,,,0,,,0,,,0,,,0,,,0,,,0,,,0,,,0,,,0,,,0,,,0,,,None,367.6019521999988,367.6138415000023,368.04500610000105,367.9476011999941,"['Yellow', 'Lime-green', 'Orange', 'Blue', 'Teal', 'Brown', 'Brown', 'Bordeaux', 'Brown', 'Red', 'Bordeaux', 'Bordeaux', 'Seafoam', 'Lime-green', 'Grey', 'Pink', 'Purple', 'Orange', 'Grey', 'Green', 'Cyan', 'Bordeaux', 'Grey', 'Seafoam', 'Seafoam']",,,,,,,,,,,,,,,,,,,,,,,,,,,,,,,,,,,,,,,364.74459989999013,,,,,,,,,,,,002,003,2026-04-16_20h37.35.693,Train3Laptop,,2026.1.1,59.77972367409851,2026-04-16 20h37.36.931949 +0200,
03-1,031_Grey.jpg,True,Grey,45,49,57,03-1/031_Grey_0.png,23,23,0,"['space', 'space']","[0.4313743999955477, 1.470618999999715]","[0.0995627000083914, 0.09773900000436697]",0,,,0,,,0,,,1,4.188505799989798,4.188522099997499,0,,,0,,,0,,,0,,,0,,,0,,,0,,,0,,,0,,,0,,,5.0,0.8663670000096317,"[(5.0, 0.8663670000096317)]","[0.3625, 0.04833333333333333]","[-0.010833333333333334, -0.3025]","[1, 1]","[0, 0]","[0, 0]","[0.7191402000025846, 1.6513516999984859]","[None, 'button2']",1,[1.6693752999854041],[1.669390699986252],0,,,0,,,0,,,0,,,0,,,0,,,0,,,0,,,0,,,0,,,0,,,0,,,0,,,0,,,1,[1.6178557999955956],[1.6178731999971205],0,,,0,,,0,,,0,,,0,,,0,,,0,,,0,,,0,,,0,,,0,,,0,,,0,,,0,,,None,0,23,23,34,368.04500610000105,,,,,,,,,,,03-1/031_Grey_0.png,367.9492423999909,367.9494054999959,03-1/031_Grey_0.png,True,Grey,45,49,57,"[1.4005691999918781, 2.406804899990675]",03-1/031_Grey_0.png,24,,367.9630427999946,368.04500610000105,368.04500610000105,368.04500610000105,368.04500610000105,368.04500610000105,368.04500610000105,368.04500610000105,368.04500610000105,368.04500610000105,368.04500610000105,368.04500610000105,368.04500610000105,368.04500610000105,368.04500610000105,368.04500610000105,368.04500610000105,368.04500610000105,368.04500610000105,368.04500610000105,368.04500610000105,368.294376299993,368.86268179999024,372.1418121000024,Grey,2,"['space', 'space']","[0.4313743999955477, 1.470618999999715]","[0.0995627000083914, 0.09773900000436697]",0,,,0,,,0,,,1,4.188505799989798,4.188522099997499,0,,,0,,,0,,,0,,,0,,,0,,,0,,,0,,,0,,,0,,,Grey,374.16471149999416,374.18059569998877,374.5142945999978,372.50881749999826,372.543869000001,372.543869000001,0.01690899998357054,372.543869000001,,373.4273306999967,374.1639864999888,5.0,0.8663670000096317,"[(5.0, 0.8663670000096317)]","[0.3625, 0.04833333333333333]","[-0.010833333333333334, -0.3025]","[1, 1]","[0, 0]","[0, 0]","[0.7191402000025846, 1.6513516999984859]","[None, 'button2']",1,[1.6693752999854041],[1.669390699986252],0,,,0,,,0,,,0,,,0,,,0,,,0,,,0,,,0,,,0,,,0,,,0,,,0,,,0,,,374.56034640000144,374.5459400999971,374.56034640000144,374.56034640000144,374.56034640000144,374.56034640000144,374.56034640000144,374.56034640000144,374.56034640000144,376.1367503999936,1,[1.6178557999955956],[1.6178731999971205],0,,,0,,,0,,,0,,,0,,,0,,,0,,,0,,,0,,,0,,,0,,,0,,,0,,,0,,,None,376.13751629999024,376.14573199998995,376.5966996999923,376.48052919999463,"['Yellow', 'Lime-green', 'Orange', 'Blue', 'Teal', 'Brown', 'Brown', 'Bordeaux', 'Brown', 'Red', 'Bordeaux', 'Bordeaux', 'Seafoam', 'Lime-green', 'Grey', 'Pink', 'Purple', 'Orange', 'Grey', 'Green', 'Cyan', 'Bordeaux', 'Grey', 'Seafoam', 'Seafoam', 'Grey']",,,,,,,,,,,,,,,,,,,,,,,,,,,,,,,,,,,,,,,,372.543869000001,,,,,,,,,,,002,003,2026-04-16_20h37.35.693,Train3Laptop,,2026.1.1,59.77972367409851,2026-04-16 20h37.36.931949 +0200,
02-1,014_Pink.jpg,True,Pink,100,9,40,02-1/014_Pink_0.png,24,24,0,"['space', 'space']","[0.4192073000012897, 1.3137083999899914]","[0.0981438999879174, 0.09802350000245497]",0,,,0,,,0,,,0,,,0,,,1,10.46848460000183,10.468489500010037,0,,,0,,,0,,,0,,,0,,,0,,,0,,,0,,,5.0,0.8143106999923475,"[(5.0, 0.8143106999923475)]","[0.38, 0.05416666666666667]","[-0.0016666666666666668, -0.2833333333333333]","[1, 1]","[0, 0]","[0, 0]","[0.7020535000046948, 1.9013963000033982]","[None, 'button2']",1,[1.9084127999958582],[1.9084273999906145],0,,,0,,,0,,,0,,,0,,,0,,,0,,,0,,,0,,,0,,,0,,,0,,,0,,,0,,,1,[0.6328378999896813],[0.6328521999967052],0,,,0,,,0,,,0,,,0,,,0,,,0,,,0,,,0,,,0,,,0,,,0,,,0,,,0,,,None,0,24,24,11,376.5966996999923,,,,,,,,,,,02-1/014_Pink_0.png,376.48209239999414,376.48296349999146,02-1/014_Pink_0.png,True,Pink,100,9,40,"[1.3336206000094535, 2.2371849000046495]",02-1/014_Pink_0.png,25,,376.5001990000019,376.5966996999923,376.5966996999923,376.5966996999923,376.5966996999923,376.5966996999923,376.5966996999923,376.5966996999923,376.5966996999923,376.5966996999923,376.5966996999923,376.5966996999923,376.5966996999923,376.5966996999923,376.5966996999923,376.5966996999923,376.5966996999923,376.5966996999923,376.5966996999923,376.5966996999923,376.5966996999923,376.76086419999774,377.3444984999951,386.9532879999897,Pink,2,"['space', 'space']","[0.4192073000012897, 1.3137083999899914]","[0.0981438999879174, 0.09802350000245497]",0,,,0,,,0,,,0,,,0,,,1,10.46848460000183,10.468489500010037,0,,,0,,,0,,,0,,,0,,,0,,,0,,,0,,,Pink,389.2153249999974,389.2297206999938,389.5635372999968,387.30889089999255,387.3437668999977,387.3437668999977,0.005492500000400469,387.3437668999977,,388.17743429999973,389.2145623999968,5.0,0.8143106999923475,"[(5.0, 0.8143106999923475)]","[0.38, 0.05416666666666667]","[-0.0016666666666666668, -0.2833333333333333]","[1, 1]","[0, 0]","[0, 0]","[0.7020535000046948, 1.9013963000033982]","[None, 'button2']",1,[1.9084127999958582],[1.9084273999906145],0,,,0,,,0,,,0,,,0,,,0,,,0,,,0,,,0,,,0,,,0,,,0,,,0,,,0,,,389.60995689999254,389.5884626999905,389.60995689999254,389.60995689999254,389.60995689999254,389.60995689999254,389.60995689999254,389.60995689999254,389.60995689999254,390.2009524999885,1,[0.6328378999896813],[0.6328521999967052],0,,,0,,,0,,,0,,,0,,,0,,,0,,,0,,,0,,,0,,,0,,,0,,,0,,,0,,,None,390.2013841000007,390.21263109998836,390.6451087000023,390.5462548999931,"['Yellow', 'Lime-green', 'Orange', 'Blue', 'Teal', 'Brown', 'Brown', 'Bordeaux', 'Brown', 'Red', 'Bordeaux', 'Bordeaux', 'Seafoam', 'Lime-green', 'Grey', 'Pink', 'Purple', 'Orange', 'Grey', 'Green', 'Cyan', 'Bordeaux', 'Grey', 'Seafoam', 'Seafoam', 'Grey', 'Pink']",,,,,,,,,,,,,,,,,,,,,,,,,,,,,,,,,,,,,,,,,387.3437668999977,,,,,,,,,,002,003,2026-04-16_20h37.35.693,Train3Laptop,,2026.1.1,59.77972367409851,2026-04-16 20h37.36.931949 +0200,
03-1,029_Teal.jpg,True,Teal,0,47,43,03-1/029_Teal_0.png,25,25,0,"['space', 'space']","[0.46676020001177676, 2.2037140000029467]","[0.07978309999452904, 0.10720250000304077]",0,,,1,11.580671699994127,11.580676900004619,0,,,0,,,0,,,0,,,0,,,0,,,0,,,0,,,0,,,0,,,0,,,0,,,5.0,0.9145890999934636,"[(5.0, 0.9145890999934636)]","[0.38166666666666665, 0.02666666666666667]","[-0.019166666666666665, -0.285]","[1, 1]","[0, 0]","[0, 0]","[0.8028730999940308, 1.886667300001136]","[None, 'button2']",1,[1.8974626999843167],[1.8974742999853333],0,,,0,,,0,,,0,,,0,,,0,,,0,,,0,,,0,,,0,,,0,,,0,,,0,,,0,,,1,[0.5672508999850834],[0.5672630999906687],0,,,0,,,0,,,0,,,0,,,0,,,0,,,0,,,0,,,0,,,0,,,0,,,0,,,0,,,None,0,25,25,32,390.6451087000023,,,,,,,,,,,03-1/029_Teal_0.png,390.5478801999998,390.54844529999536,03-1/029_Teal_0.png,True,Teal,0,47,43,"[1.4124464000051375, 3.1364272000064375]",03-1/029_Teal_0.png,26,,390.568841100001,390.6451087000023,390.6451087000023,390.6451087000023,390.6451087000023,390.6451087000023,390.6451087000023,390.6451087000023,390.6451087000023,390.6451087000023,390.6451087000023,390.6451087000023,390.6451087000023,390.6451087000023,390.6451087000023,390.6451087000023,390.6451087000023,390.6451087000023,390.6451087000023,390.6451087000023,390.6451087000023,390.84485389999463,391.428176299989,402.13147369999206,Teal,2,"['space', 'space']","[0.46676020001177676, 2.2037140000029467]","[0.07978309999452904, 0.10720250000304077]",0,,,1,11.580671699994127,11.580676900004619,0,,,0,,,0,,,0,,,0,,,0,,,0,,,0,,,0,,,0,,,0,,,0,,,Teal,404.3812610999885,404.3953068999981,404.72910689999117,402.49146569998993,402.5265042999963,402.5265042999963,0.009859699988737702,402.5265042999963,,403.4455464999919,404.380952099993,5.0,0.9145890999934636,"[(5.0, 0.9145890999934636)]","[0.38166666666666665, 0.02666666666666667]","[-0.019166666666666665, -0.285]","[1, 1]","[0, 0]","[0, 0]","[0.8028730999940308, 1.886667300001136]","[None, 'button2']",1,[1.8974626999843167],[1.8974742999853333],0,,,0,,,0,,,0,,,0,,,0,,,0,,,0,,,0,,,0,,,0,,,0,,,0,,,0,,,404.7762625999894,404.7552110999968,404.7762625999894,404.7762625999894,404.7762625999894,404.7762625999894,404.7762625999894,404.7762625999894,404.7762625999894,405.302114399994,1,[0.5672508999850834],[0.5672630999906687],0,,,0,,,0,,,0,,,0,,,0,,,0,,,0,,,0,,,0,,,0,,,0,,,0,,,0,,,None,405.3026109999919,405.3114917999919,405.74382029999106,405.64554469998984,"['Yellow', 'Lime-green', 'Orange', 'Blue', 'Teal', 'Brown', 'Brown', 'Bordeaux', 'Brown', 'Red', 'Bordeaux', 'Bordeaux', 'Seafoam', 'Lime-green', 'Grey', 'Pink', 'Purple', 'Orange', 'Grey', 'Green', 'Cyan', 'Bordeaux', 'Grey', 'Seafoam', 'Seafoam', 'Grey', 'Pink', 'Teal']",,,,,,,,,,,,,,,,,,,,,,,,,,,,,,,,,,,402.5265042999963,,,,,,,,,,,,,,,,002,003,2026-04-16_20h37.35.693,Train3Laptop,,2026.1.1,59.77972367409851,2026-04-16 20h37.36.931949 +0200,
03-1,011_Brown.jpg,True,Brown,50,15,0,03-1/011_Brown_0.png,26,26,0,"['space', 'space', 'space', 'space', 'space']","[0.41963679999753367, 0.999918700006674, 1.6684181000018725, 2.621331200003624, 3.1771905000059633]","[0.08870790000946727, 0.09792020000168122, 0.08863240000209771, 0.08859359999769367, 0.07731910000438802]",1,12.504648599991924,12.504653999989387,0,,,0,,,0,,,0,,,0,,,0,,,0,,,0,,,0,,,0,,,0,,,0,,,0,,,5.0,0.9159949000022607,"[(5.0, 0.9159949000022607)]","[0.38, 0.0375]","[0.013333333333333334, -0.2816666666666667]","[1, 1]","[0, 0]","[0, 0]","[0.8208940999902552, 1.9715120999899227]","[None, 'button2']",1,[1.974926199982292],[1.9749333999934606],0,,,0,,,0,,,0,,,0,,,0,,,0,,,0,,,0,,,0,,,0,,,0,,,0,,,0,,,1,[0.5493142999912379],[0.5493248999846401],0,,,0,,,0,,,0,,,0,,,0,,,0,,,0,,,0,,,0,,,0,,,0,,,0,,,0,,,None,0,26,26,17,405.74382029999106,,,,,,,,,,,03-1/011_Brown_0.png,405.6475372999994,405.64815069999895,03-1/011_Brown_0.png,True,Brown,50,15,0,"[1.356454799999483, 1.9492973999876995, 2.6032323999970686, 3.5962727000005543, 4.1246280999912415]",03-1/011_Brown_0.png,27,,405.66333879999,405.74382029999106,405.74382029999106,405.74382029999106,405.74382029999106,405.74382029999106,405.74382029999106,405.74382029999106,405.74382029999106,405.74382029999106,405.74382029999106,405.74382029999106,405.74382029999106,405.74382029999106,405.74382029999106,405.74382029999106,405.74382029999106,405.74382029999106,405.74382029999106,405.74382029999106,405.74382029999106,405.9429911999905,406.5644278999971,418.1548152999894,Brown,1,"['space', 'space', 'space', 'space', 'space']","[0.41963679999753367, 0.999918700006674, 1.6684181000018725, 2.621331200003624, 3.1771905000059633]","[0.08870790000946727, 0.09792020000168122, 0.08863240000209771, 0.08859359999769367, 0.07731910000438802]",1,12.504648599991924,12.504653999989387,0,,,0,,,0,,,0,,,0,,,0,,,0,,,0,,,0,,,0,,,0,,,0,,,0,,,Brown,420.4814156999928,420.49596539999766,420.82992099999683,418.50768679998873,418.5429901000025,418.5429901000025,0.0027249999839114025,418.5429901000025,,419.44599860000017,420.4810918000003,5.0,0.9159949000022607,"[(5.0, 0.9159949000022607)]","[0.38, 0.0375]","[0.013333333333333334, -0.2816666666666667]","[1, 1]","[0, 0]","[0, 0]","[0.8208940999902552, 1.9715120999899227]","[None, 'button2']",1,[1.974926199982292],[1.9749333999934606],0,,,0,,,0,,,0,,,0,,,0,,,0,,,0,,,0,,,0,,,0,,,0,,,0,,,0,,,420.87668109999504,420.8552387999953,420.87668109999504,420.87668109999504,420.87668109999504,420.87668109999504,420.87668109999504,420.87668109999504,420.87668109999504,421.3835786999989,1,[0.5493142999912379],[0.5493248999846401],0,,,0,,,0,,,0,,,0,,,0,,,0,,,0,,,0,,,0,,,0,,,0,,,0,,,0,,,None,421.3840213999938,421.39551779998874,421.8283053999912,421.73025699998834,"['Yellow', 'Lime-green', 'Orange', 'Blue', 'Teal', 'Brown', 'Brown', 'Bordeaux', 'Brown', 'Red', 'Bordeaux', 'Bordeaux', 'Seafoam', 'Lime-green', 'Grey', 'Pink', 'Purple', 'Orange', 'Grey', 'Green', 'Cyan', 'Bordeaux', 'Grey', 'Seafoam', 'Seafoam', 'Grey', 'Pink', 'Teal', 'Brown']",,,,,,,,,,,,,,,,,,,,,,,,,,,,,,,,,,,,418.5429901000025,,,,,,,,,,,,,,,002,003,2026-04-16_20h37.35.693,Train3Laptop,,2026.1.1,59.77972367409851,2026-04-16 20h37.36.931949 +0200,
03-1,013_Orange.jpg,True,Orange,100,65,4,03-1/013_Orange_0.png,27,27,0,"['space', 'space']","[0.49917690000438597, 5.099273400002858]","[0.12497489999805111, 0.1151186999923084]",0,,,0,,,0,,,0,,,0,,,0,,,0,,,1,8.982456199999433,8.982463799999095,0,,,0,,,0,,,0,,,0,,,0,,,5.0,0.698420000000624,"[(5.0, 0.698420000000624)]","[0.38, 0.060833333333333336]","[-0.005, -0.275]","[1, 1]","[0, 0]","[0, 0]","[0.5882678000052692, 1.6706465000024764]","[None, 'button2']",1,[1.678256600003806],[1.6782624000043143],0,,,0,,,0,,,0,,,0,,,0,,,0,,,0,,,0,,,0,,,0,,,0,,,0,,,0,,,1,[0.5181578999909107],[0.5181692999904044],0,,,0,,,0,,,0,,,0,,,0,,,0,,,0,,,0,,,0,,,0,,,0,,,0,,,0,,,None,0,27,27,22,421.8283053999912,,,,,,,,,,,03-1/013_Orange_0.png,421.7317127999995,421.73218890000135,03-1/013_Orange_0.png,True,Orange,100,65,4,"[1.4234954999992624, 6.0618477999960305]",03-1/013_Orange_0.png,28,,421.74786550000135,421.8283053999912,421.8283053999912,421.8283053999912,421.8283053999912,421.8283053999912,421.8283053999912,421.8283053999912,421.8283053999912,421.8283053999912,421.8283053999912,421.8283053999912,421.8283053999912,421.8283053999912,421.8283053999912,421.8283053999912,421.8283053999912,421.8283053999912,421.8283053999912,421.8283053999912,421.8283053999912,422.0274489000003,422.6450995999912,430.7163731999899,Orange,2,"['space', 'space']","[0.49917690000438597, 5.099273400002858]","[0.12497489999805111, 0.1151186999923084]",0,,,0,,,0,,,0,,,0,,,0,,,0,,,1,8.982456199999433,8.982463799999095,0,,,0,,,0,,,0,,,0,,,0,,,Orange,432.7463862000004,432.76263630000176,433.09615489999123,431.07373629999347,431.10972649999894,431.10972649999894,0.007194000005256385,431.10972649999894,,431.79464569999254,432.7460558999883,5.0,0.698420000000624,"[(5.0, 0.698420000000624)]","[0.38, 0.060833333333333336]","[-0.005, -0.275]","[1, 1]","[0, 0]","[0, 0]","[0.5882678000052692, 1.6706465000024764]","[None, 'button2']",1,[1.678256600003806],[1.6782624000043143],0,,,0,,,0,,,0,,,0,,,0,,,0,,,0,,,0,,,0,,,0,,,0,,,0,,,0,,,433.1256080000021,433.11848910000117,433.1256080000021,433.1256080000021,433.1256080000021,433.1256080000021,433.1256080000021,433.1256080000021,433.1256080000021,433.61777789999906,1,[0.5181578999909107],[0.5181692999904044],0,,,0,,,0,,,0,,,0,,,0,,,0,,,0,,,0,,,0,,,0,,,0,,,0,,,0,,,None,433.61824869998964,433.62828619999345,434.0606551999954,433.96168949999264,"['Yellow', 'Lime-green', 'Orange', 'Blue', 'Teal', 'Brown', 'Brown', 'Bordeaux', 'Brown', 'Red', 'Bordeaux', 'Bordeaux', 'Seafoam', 'Lime-green', 'Grey', 'Pink', 'Purple', 'Orange', 'Grey', 'Green', 'Cyan', 'Bordeaux', 'Grey', 'Seafoam', 'Seafoam', 'Grey', 'Pink', 'Teal', 'Brown', 'Orange']",,,,,,,,,,,,,,,,,,,,,,,,,,,,,,,,,,,,,,,,,,,431.10972649999894,,,,,,,,002,003,2026-04-16_20h37.35.693,Train3Laptop,,2026.1.1,59.77972367409851,2026-04-16 20h37.36.931949 +0200,
03-1,006_Teal.jpg,True,Teal,0,46,53,03-1/006_Teal_0.png,28,28,0,"['space', 'space']","[0.07648180000251159, 3.198966800002381]","[0.07955999999830965, 0.09630609999294393]",0,,,1,9.084637199994177,9.084642999994685,0,,,0,,,0,,,0,,,0,,,0,,,0,,,0,,,0,,,0,,,0,,,0,,,5.0,0.6673077999876114,"[(5.0, 0.6673077999876114)]","[0.37416666666666665, 0.04666666666666667]","[0.004166666666666667, -0.27]","[1, 1]","[0, 0]","[0, 0]","[0.5666695999971125, 1.5695202000060817]","[None, 'button2']",1,[1.5775046999915503],[1.5775101000035647],0,,,0,,,0,,,0,,,0,,,0,,,0,,,0,,,0,,,0,,,0,,,0,,,0,,,0,,,1,[0.4192719999991823],[0.4192839000024833],0,,,0,,,0,,,0,,,0,,,0,,,0,,,0,,,0,,,0,,,0,,,0,,,0,,,0,,,None,0,28,28,15,434.0606551999954,,,,,,,,,,,03-1/006_Teal_0.png,433.963450700001,433.96403389998886,03-1/006_Teal_0.png,True,Teal,0,46,53,"[1.0303203999937978, 4.117886599997291]",03-1/006_Teal_0.png,29,,433.9811772999965,434.0606551999954,434.0606551999954,434.0606551999954,434.0606551999954,434.0606551999954,434.0606551999954,434.0606551999954,434.0606551999954,434.0606551999954,434.0606551999954,434.0606551999954,434.0606551999954,434.0606551999954,434.0606551999954,434.0606551999954,434.0606551999954,434.0606551999954,434.0606551999954,434.0606551999954,434.0606551999954,434.27632150000136,434.8606940000027,443.0509435999993,Teal,2,"['space', 'space']","[0.07648180000251159, 3.198966800002381]","[0.07955999999830965, 0.09630609999294393]",0,,,1,9.084637199994177,9.084642999994685,0,,,0,,,0,,,0,,,0,,,0,,,0,,,0,,,0,,,0,,,0,,,0,,,Teal,444.98003130000143,444.9946396000014,445.3296358999942,443.40843359999417,443.4420342999947,443.4420342999947,0.007346500002313405,443.4420342999947,,444.1109959000023,444.9797053999937,5.0,0.6673077999876114,"[(5.0, 0.6673077999876114)]","[0.37416666666666665, 0.04666666666666667]","[0.004166666666666667, -0.27]","[1, 1]","[0, 0]","[0, 0]","[0.5666695999971125, 1.5695202000060817]","[None, 'button2']",1,[1.5775046999915503],[1.5775101000035647],0,,,0,,,0,,,0,,,0,,,0,,,0,,,0,,,0,,,0,,,0,,,0,,,0,,,0,,,445.3751784999913,445.36148479999974,445.3751784999913,445.3751784999913,445.3751784999913,445.3751784999913,445.3751784999913,445.3751784999913,445.3751784999913,445.75254279999353,1,[0.4192719999991823],[0.4192839000024833],0,,,0,,,0,,,0,,,0,,,0,,,0,,,0,,,0,,,0,,,0,,,0,,,0,,,0,,,None,445.7530554999976,445.76023030000215,446.19344139999885,446.0945781999908,"['Yellow', 'Lime-green', 'Orange', 'Blue', 'Teal', 'Brown', 'Brown', 'Bordeaux', 'Brown', 'Red', 'Bordeaux', 'Bordeaux', 'Seafoam', 'Lime-green', 'Grey', 'Pink', 'Purple', 'Orange', 'Grey', 'Green', 'Cyan', 'Bordeaux', 'Grey', 'Seafoam', 'Seafoam', 'Grey', 'Pink', 'Teal', 'Brown', 'Orange', 'Teal']",,,,,,,,,,,,,,,,,,,,,,,,,,,,,,,,,,,443.4420342999947,,,,,,,,,,,,,,,,002,003,2026-04-16_20h37.35.693,Train3Laptop,,2026.1.1,59.77972367409851,2026-04-16 20h37.36.931949 +0200,
02-1,006_Pink.jpg,True,Pink,100,0,50,02-1/006_Pink_0.png,29,29,0,"['space', 'space']","[0.4006706999934977, 1.0378668000048492]","[0.09779120000894181, 0.10698699999193195]",0,,,0,,,0,,,0,,,0,,,1,9.60416719999921,9.604178699999466,0,,,0,,,0,,,0,,,0,,,0,,,0,,,0,,,5.0,0.818394800007809,"[(5.0, 0.818394800007809)]","[0.37916666666666665, 0.056666666666666664]","[-0.0075, -0.28]","[1, 1]","[0, 0]","[0, 0]","[0.7208155999978771, 1.787372199993115]","[None, 'button2']",1,[1.7905300999991596],[1.7905360000004293],0,,,0,,,0,,,0,,,0,,,0,,,0,,,0,,,0,,,0,,,0,,,0,,,0,,,0,,,1,[0.6679779999831226],[0.6679914999840548],0,,,0,,,0,,,0,,,0,,,0,,,0,,,0,,,0,,,0,,,0,,,0,,,0,,,0,,,None,0,29,29,6,446.19344139999885,,,,,,,,,,,02-1/006_Pink_0.png,446.0960599999962,446.09664509999857,02-1/006_Pink_0.png,True,Pink,100,0,50,"[1.3441920000041137, 2.0097074000077555]",02-1/006_Pink_0.png,30,,446.11447600000247,446.19344139999885,446.19344139999885,446.19344139999885,446.19344139999885,446.19344139999885,446.19344139999885,446.19344139999885,446.19344139999885,446.19344139999885,446.19344139999885,446.19344139999885,446.19344139999885,446.19344139999885,446.19344139999885,446.19344139999885,446.19344139999885,446.19344139999885,446.19344139999885,446.19344139999885,446.19344139999885,446.4424074999988,446.97639640000125,455.70285069999227,Pink,2,"['space', 'space']","[0.4006706999934977, 1.0378668000048492]","[0.09779120000894181, 0.10698699999193195]",0,,,0,,,0,,,0,,,0,,,1,9.60416719999921,9.604178699999466,0,,,0,,,0,,,0,,,0,,,0,,,0,,,0,,,Pink,457.8457733999967,457.859503899992,458.19443409999076,456.05522359999304,456.0913208999991,456.0913208999991,0.0022314999951049685,456.0913208999991,,456.8938044999959,457.8450051999971,5.0,0.818394800007809,"[(5.0, 0.818394800007809)]","[0.37916666666666665, 0.056666666666666664]","[-0.0075, -0.28]","[1, 1]","[0, 0]","[0, 0]","[0.7208155999978771, 1.787372199993115]","[None, 'button2']",1,[1.7905300999991596],[1.7905360000004293],0,,,0,,,0,,,0,,,0,,,0,,,0,,,0,,,0,,,0,,,0,,,0,,,0,,,0,,,458.2410031999898,458.22373349999543,458.2410031999898,458.2410031999898,458.2410031999898,458.2410031999898,458.2410031999898,458.2410031999898,458.2410031999898,458.8683017000003,1,[0.6679779999831226],[0.6679914999840548],0,,,0,,,0,,,0,,,0,,,0,,,0,,,0,,,0,,,0,,,0,,,0,,,0,,,0,,,None,458.8690055999905,458.876835499992,459.32510619999084,459.21003439999186,"['Yellow', 'Lime-green', 'Orange', 'Blue', 'Teal', 'Brown', 'Brown', 'Bordeaux', 'Brown', 'Red', 'Bordeaux', 'Bordeaux', 'Seafoam', 'Lime-green', 'Grey', 'Pink', 'Purple', 'Orange', 'Grey', 'Green', 'Cyan', 'Bordeaux', 'Grey', 'Seafoam', 'Seafoam', 'Grey', 'Pink', 'Teal', 'Brown', 'Orange', 'Teal', 'Pink']",,,,,,,,,,,,,,,,,,,,,,,,,,,,,,,,,,,,,,,,,456.0913208999991,,,,,,,,,,002,003,2026-04-16_20h37.35.693,Train3Laptop,,2026.1.1,59.77972367409851,2026-04-16 20h37.36.931949 +0200,
01-1,029_Cyan.jpg,True,Cyan,2,100,88,01-1/029_Cyan_0.png,30,30,0,"['space', 'space']","[0.5178602000087267, 3.5869478000095114]","[0.1069848000042839, 0.09779649999109097]",0,,,0,,,0,,,0,,,0,,,0,,,0,,,0,,,0,,,0,,,0,,,1,[12.735937700010254],[12.735946700006025],0,,,0,,,5.0,0.8288873999990756,"[(5.0, 0.8288873999990756)]","[0.385, 0.041666666666666664]","[-0.009166666666666667, -0.31083333333333335]","[1, 1]","[0, 0]","[0, 0]","[0.6829741000110516, 1.5482123000110732]","[None, 'button2']",1,[1.5583539999934146],[1.558369499995024],0,,,0,,,0,,,0,,,0,,,0,,,0,,,0,,,0,,,0,,,0,,,0,,,0,,,0,,,1,[0.6020687999989605],[0.6020852000074228],0,,,0,,,0,,,0,,,0,,,0,,,0,,,0,,,0,,,0,,,0,,,0,,,0,,,0,,,None,0,30,30,5,459.32510619999084,,,,,,,,,,,01-1/029_Cyan_0.png,459.2117115000001,459.21234800000093,01-1/029_Cyan_0.png,True,Cyan,2,100,88,"[1.473489600000903, 4.539580900003784]",01-1/029_Cyan_0.png,31,,459.2311583999981,459.32510619999084,459.32510619999084,459.32510619999084,459.32510619999084,459.32510619999084,459.32510619999084,459.32510619999084,459.32510619999084,459.32510619999084,459.32510619999084,459.32510619999084,459.32510619999084,459.32510619999084,459.32510619999084,459.32510619999084,459.32510619999084,459.32510619999084,459.32510619999084,459.32510619999084,459.32510619999084,459.49091500000213,460.12807729998895,471.9501787999907,Cyan,2,"['space', 'space']","[0.5178602000087267, 3.5869478000095114]","[0.1069848000042839, 0.09779649999109097]",0,,,0,,,0,,,0,,,0,,,0,,,0,,,0,,,0,,,0,,,0,,,1,[12.735937700010254],[12.735946700006025],0,,,0,,,Cyan,473.86216669999703,473.87723820000247,474.210857099999,472.3096751999983,472.3415110999922,472.3415110999922,0.00933259999146685,472.3415110999922,,473.1745899999951,473.8614605999901,5.0,0.8288873999990756,"[(5.0, 0.8288873999990756)]","[0.385, 0.041666666666666664]","[-0.009166666666666667, -0.31083333333333335]","[1, 1]","[0, 0]","[0, 0]","[0.6829741000110516, 1.5482123000110732]","[None, 'button2']",1,[1.5583539999934146],[1.558369499995024],0,,,0,,,0,,,0,,,0,,,0,,,0,,,0,,,0,,,0,,,0,,,0,,,0,,,0,,,474.2572683999897,474.23581959999865,474.2572683999897,474.2572683999897,474.2572683999897,474.2572683999897,474.2572683999897,474.2572683999897,474.2572683999897,474.8185395999899,1,[0.6020687999989605],[0.6020852000074228],0,,,0,,,0,,,0,,,0,,,0,,,0,,,0,,,0,,,0,,,0,,,0,,,0,,,0,,,None,474.81913879999775,474.8262795999908,,475.17530319999787,"['Yellow', 'Lime-green', 'Orange', 'Blue', 'Teal', 'Brown', 'Brown', 'Bordeaux', 'Brown', 'Red', 'Bordeaux', 'Bordeaux', 'Seafoam', 'Lime-green', 'Grey', 'Pink', 'Purple', 'Orange', 'Grey', 'Green', 'Cyan', 'Bordeaux', 'Grey', 'Seafoam', 'Seafoam', 'Grey', 'Pink', 'Teal', 'Brown', 'Orange', 'Teal', 'Pink', 'Cyan']",,,,,,,,,,,,,,,,,,,,,,,,,,,,,,,,,,,,,,,,,,,,,472.3415110999922,,,,,,002,003,2026-04-16_20h37.35.693,Train3Laptop,,2026.1.1,59.77972367409851,2026-04-16 20h37.36.931949 +0200,
03-1,006_Brown.jpg,True,Brown,53,20,0,03-1/006_Brown_0.png,31,31,0,"['space', 'space', 'space']","[0.8756393000076059, 1.6817385000031209, 2.3716092000104254]","[0.08995639999920968, 0.08000800000445452, 0.0794844999909401]",1,6.656306999997469,6.656315100000938,0,,,0,,,0,,,0,,,0,,,0,,,0,,,0,,,0,,,0,,,0,,,0,,,0,,,5.0,0.8645074999949429,"[(5.0, 0.8645074999949429)]","[0.38, 0.060833333333333336]","[0.014166666666666666, -0.27416666666666667]","[1, 1]","[0, 0]","[0, 0]","[0.7517108000029111, 2.035407999996096]","[None, 'button2']",1,[2.040520299997297],[2.0405337999982294],0,,,0,,,0,,,0,,,0,,,0,,,0,,,0,,,0,,,0,,,0,,,0,,,0,,,0,,,1,[0.6004587999923388],[0.6004725999955554],0,,,0,,,0,,,0,,,0,,,0,,,0,,,0,,,0,,,0,,,0,,,0,,,0,,,0,,,None,0,31,31,14,475.2585942000005,,,,,,,,,,,03-1/006_Brown_0.png,475.17586579998897,475.17595429999346,03-1/006_Brown_0.png,True,Brown,53,20,0,"[1.7928427000006195, 2.5950846999912756, 3.348713300001691]",03-1/006_Brown_0.png,32,,475.18289549999463,475.2585942000005,475.2585942000005,475.2585942000005,475.2585942000005,475.2585942000005,475.2585942000005,475.2585942000005,475.2585942000005,475.2585942000005,475.2585942000005,475.2585942000005,475.2585942000005,475.2585942000005,475.2585942000005,475.2585942000005,475.2585942000005,475.2585942000005,475.2585942000005,475.2585942000005,475.2585942000005,475.4739256999892,476.0752289999946,481.834288500002,Brown,3,"['space', 'space', 'space']","[0.8756393000076059, 1.6817385000031209, 2.3716092000104254]","[0.08995639999920968, 0.08000800000445452, 0.0794844999909401]",1,6.656306999997469,6.656315100000938,0,,,0,,,0,,,0,,,0,,,0,,,0,,,0,,,0,,,0,,,0,,,0,,,0,,,Brown,484.2285225999949,484.24318669999775,484.5764177999954,482.18877249999787,482.2235026999988,482.2235026999988,0.004344599990872666,482.2235026999988,,483.07618819999334,484.22776329999033,5.0,0.8645074999949429,"[(5.0, 0.8645074999949429)]","[0.38, 0.060833333333333336]","[0.014166666666666666, -0.27416666666666667]","[1, 1]","[0, 0]","[0, 0]","[0.7517108000029111, 2.035407999996096]","[None, 'button2']",1,[2.040520299997297],[2.0405337999982294],0,,,0,,,0,,,0,,,0,,,0,,,0,,,0,,,0,,,0,,,0,,,0,,,0,,,0,,,484.6230549999891,484.60086130000127,484.6230549999891,484.6230549999891,484.6230549999891,484.6230549999891,484.6230549999891,484.6230549999891,484.6230549999891,485.1827759000007,1,[0.6004587999923388],[0.6004725999955554],0,,,0,,,0,,,0,,,0,,,0,,,0,,,0,,,0,,,0,,,0,,,0,,,0,,,0,,,None,485.1834036999935,485.1918646999984,485.6242815000005,485.52579899999546,"['Yellow', 'Lime-green', 'Orange', 'Blue', 'Teal', 'Brown', 'Brown', 'Bordeaux', 'Brown', 'Red', 'Bordeaux', 'Bordeaux', 'Seafoam', 'Lime-green', 'Grey', 'Pink', 'Purple', 'Orange', 'Grey', 'Green', 'Cyan', 'Bordeaux', 'Grey', 'Seafoam', 'Seafoam', 'Grey', 'Pink', 'Teal', 'Brown', 'Orange', 'Teal', 'Pink', 'Cyan', 'Brown']",,,,,,,,,,,,,,,,,,,,,,,,,,,,,,,,,,,,482.2235026999988,,,,,,,,,,,,,,,002,003,2026-04-16_20h37.35.693,Train3Laptop,,2026.1.1,59.77972367409851,2026-04-16 20h37.36.931949 +0200,
01-1,018_Purple.jpg,True,Purple,51,2,100,01-1/018_Purple_0.png,32,32,0,"['space', 'space']","[0.5655739000067115, 1.3719241000071634]","[0.08868689999508206, 0.09770579999894835]",0,,,0,,,0,,,0,,,0,,,0,,,0,,,0,,,0,,,0,,,1,[10.233949900008156],[10.233955300005618],0,,,0,,,0,,,5.0,0.7334342999965884,"[(5.0, 0.7334342999965884)]","[0.39, 0.0016666666666666668]","[-0.01, -0.2791666666666667]","[1, 1]","[0, 0]","[0, 0]","[0.5864799999981187, 1.7365443000016967]","[None, 'button2']",1,[1.746758299996145],[1.7467645999859087],0,,,0,,,0,,,0,,,0,,,0,,,0,,,0,,,0,,,0,,,0,,,0,,,0,,,0,,,1,[0.4673616999934893],[0.4673830999963684],0,,,0,,,0,,,0,,,0,,,0,,,0,,,0,,,0,,,0,,,0,,,0,,,0,,,0,,,None,0,32,32,3,485.6242815000005,,,,,,,,,,,01-1/018_Purple_0.png,485.5273448999942,485.5279384999885,01-1/018_Purple_0.png,True,Purple,51,2,100,"[1.526028899999801, 2.2906191000074614]",01-1/018_Purple_0.png,33,,485.54393879999407,485.6242815000005,485.6242815000005,485.6242815000005,485.6242815000005,485.6242815000005,485.6242815000005,485.6242815000005,485.6242815000005,485.6242815000005,485.6242815000005,485.6242815000005,485.6242815000005,485.6242815000005,485.6242815000005,485.6242815000005,485.6242815000005,485.6242815000005,485.6242815000005,485.6242815000005,485.6242815000005,485.82340660000045,486.424540299995,495.76358929999697,Purple,2,"['space', 'space']","[0.5655739000067115, 1.3719241000071634]","[0.08868689999508206, 0.09770579999894835]",0,,,0,,,0,,,0,,,0,,,0,,,0,,,0,,,0,,,0,,,1,[10.233949900008156],[10.233955300005618],0,,,0,,,0,,,Purple,497.86221999999543,497.8760833999986,498.20929699999397,496.1227707999933,496.1565409999894,496.1565409999894,0.009067799997865222,496.1565409999894,,496.8751654999942,497.8618204999948,5.0,0.7334342999965884,"[(5.0, 0.7334342999965884)]","[0.39, 0.0016666666666666668]","[-0.01, -0.2791666666666667]","[1, 1]","[0, 0]","[0, 0]","[0.5864799999981187, 1.7365443000016967]","[None, 'button2']",1,[1.746758299996145],[1.7467645999859087],0,,,0,,,0,,,0,,,0,,,0,,,0,,,0,,,0,,,0,,,0,,,0,,,0,,,0,,,498.25627449998865,498.23455149999063,498.25627449998865,498.25627449998865,498.25627449998865,498.25627449998865,498.25627449998865,498.25627449998865,498.25627449998865,498.68303429998923,1,[0.4673616999934893],[0.4673830999963684],0,,,0,,,0,,,0,,,0,,,0,,,0,,,0,,,0,,,0,,,0,,,0,,,0,,,0,,,None,498.6836406999937,498.69258689999697,499.124447299997,499.02583009999944,"['Yellow', 'Lime-green', 'Orange', 'Blue', 'Teal', 'Brown', 'Brown', 'Bordeaux', 'Brown', 'Red', 'Bordeaux', 'Bordeaux', 'Seafoam', 'Lime-green', 'Grey', 'Pink', 'Purple', 'Orange', 'Grey', 'Green', 'Cyan', 'Bordeaux', 'Grey', 'Seafoam', 'Seafoam', 'Grey', 'Pink', 'Teal', 'Brown', 'Orange', 'Teal', 'Pink', 'Cyan', 'Brown', 'Purple']",,,,,,,,,,,,,,,,,,,,,,,,,,,,,,,,,,,,,,,,,,496.1565409999894,,,,,,,,,002,003,2026-04-16_20h37.35.693,Train3Laptop,,2026.1.1,59.77972367409851,2026-04-16 20h37.36.931949 +0200,
03-1,029_Bordeaux.jpg,True,Bordeaux,54,0,21,03-1/029_Bordeaux_0.png,33,33,0,"['space', 'space']","[0.4218509000056656, 0.9345403000043007]","[0.09775250000529923, 0.09771489999548066]",0,,,0,,,1,8.859557500007213,8.85956910000823,0,,,0,,,0,,,0,,,0,,,0,,,0,,,0,,,0,,,0,,,0,,,5.0,1.3143944000039482,"[(5.0, 1.3143944000039482)]","[0.35583333333333333, -0.015]","[0.0075, -0.30333333333333334]","[1, 1]","[0, 0]","[0, 0]","[1.184859699991648, 2.217339999988326]","[None, 'button2']",1,[2.2333546000008937],[2.2333595999953104],0,,,0,,,0,,,0,,,0,,,0,,,0,,,0,,,0,,,0,,,0,,,0,,,0,,,0,,,1,[0.4843115999974543],[0.4843252999999095],0,,,0,,,0,,,0,,,0,,,0,,,0,,,0,,,0,,,0,,,0,,,0,,,0,,,0,,,None,0,33,33,31,499.124447299997,,,,,,,,,,,03-1/029_Bordeaux_0.png,499.027445899992,499.02836569999636,03-1/029_Bordeaux_0.png,True,Bordeaux,54,0,21,"[1.3560709000012139, 1.8798669000098016]",03-1/029_Bordeaux_0.png,34,,499.04706559999613,499.124447299997,499.124447299997,499.124447299997,499.124447299997,499.124447299997,499.124447299997,499.124447299997,499.124447299997,499.124447299997,499.124447299997,499.124447299997,499.124447299997,499.124447299997,499.124447299997,499.124447299997,499.124447299997,499.124447299997,499.124447299997,499.124447299997,499.124447299997,499.35707620000176,499.89199419999204,507.8916879999888,Bordeaux,2,"['space', 'space']","[0.4218509000056656, 0.9345403000043007]","[0.09775250000529923, 0.09771489999548066]",0,,,0,,,1,8.859557500007213,8.85956910000823,0,,,0,,,0,,,0,,,0,,,0,,,0,,,0,,,0,,,0,,,0,,,Bordeaux,510.4767023999884,510.4908061999886,510.82614340000146,508.2565292999934,508.3062932999892,508.3062932999892,0.014771699992707,508.3062932999892,,509.6225768000004,510.47640800000227,5.0,1.3143944000039482,"[(5.0, 1.3143944000039482)]","[0.35583333333333333, -0.015]","[0.0075, -0.30333333333333334]","[1, 1]","[0, 0]","[0, 0]","[1.184859699991648, 2.217339999988326]","[None, 'button2']",1,[2.2333546000008937],[2.2333595999953104],0,,,0,,,0,,,0,,,0,,,0,,,0,,,0,,,0,,,0,,,0,,,0,,,0,,,0,,,510.8724930000026,510.85350409999955,510.8724930000026,510.8724930000026,510.8724930000026,510.8724930000026,510.8724930000026,510.8724930000026,510.8724930000026,511.3152881999995,1,[0.4843115999974543],[0.4843252999999095],0,,,0,,,0,,,0,,,0,,,0,,,0,,,0,,,0,,,0,,,0,,,0,,,0,,,0,,,None,511.31591849999677,511.3251043999917,511.756833499996,511.6590819999983,"['Yellow', 'Lime-green', 'Orange', 'Blue', 'Teal', 'Brown', 'Brown', 'Bordeaux', 'Brown', 'Red', 'Bordeaux', 'Bordeaux', 'Seafoam', 'Lime-green', 'Grey', 'Pink', 'Purple', 'Orange', 'Grey', 'Green', 'Cyan', 'Bordeaux', 'Grey', 'Seafoam', 'Seafoam', 'Grey', 'Pink', 'Teal', 'Brown', 'Orange', 'Teal', 'Pink', 'Cyan', 'Brown', 'Purple', 'Bordeaux']",,,,,,,,,,,,,,,,,,,,,,,,,,,,,,,,,,,,,508.3062932999892,,,,,,,,,,,,,,002,003,2026-04-16_20h37.35.693,Train3Laptop,,2026.1.1,59.77972367409851,2026-04-16 20h37.36.931949 +0200,
03-1,019_Teal.jpg,True,Teal,0,44,49,03-1/019_Teal_0.png,34,34,0,"['space', 'space']","[0.04283269999723416, 2.0496286999987205]","[0.1069736999925226, 0.1158720999956131]",0,,,1,11.374389000004157,11.374394800004666,0,,,0,,,0,,,0,,,0,,,0,,,0,,,0,,,0,,,0,,,0,,,0,,,5.0,0.9156674999976531,"[(5.0, 0.9156674999976531)]","[0.3725, 0.07]","[0.030833333333333334, -0.2675]","[1, 1]","[0, 0]","[0, 0]","[0.7857333000138169, 1.7207572000043]","[None, 'button2']",1,[1.7382821999926819],[1.738295899995137],0,,,0,,,0,,,0,,,0,,,0,,,0,,,0,,,0,,,0,,,0,,,0,,,0,,,0,,,1,[0.6302532999980031],[0.6302636000036728],0,,,0,,,0,,,0,,,0,,,0,,,0,,,0,,,0,,,0,,,0,,,0,,,0,,,0,,,None,0,34,34,27,511.756833499996,,,,,,,,,,,03-1/019_Teal_0.png,511.66077550000045,511.6614150999958,03-1/019_Teal_0.png,True,Teal,0,44,49,"[0.9531029000063427, 2.99741240000003]",03-1/019_Teal_0.png,35,,511.6822116999974,511.756833499996,511.756833499996,511.756833499996,511.756833499996,511.756833499996,511.756833499996,511.756833499996,511.756833499996,511.756833499996,511.756833499996,511.756833499996,511.756833499996,511.756833499996,511.756833499996,511.756833499996,511.756833499996,511.756833499996,511.756833499996,511.756833499996,511.756833499996,511.9568959999888,512.5569138999999,523.0385201000026,Teal,2,"['space', 'space']","[0.04283269999723416, 2.0496286999987205]","[0.1069736999925226, 0.1158720999956131]",0,,,1,11.374389000004157,11.374394800004666,0,,,0,,,0,,,0,,,0,,,0,,,0,,,0,,,0,,,0,,,0,,,0,,,Teal,525.1294560999959,525.1409280999942,525.4755459000007,523.4047520999884,523.438593999992,523.438593999992,0.016098499996587634,523.438593999992,,524.3416504999914,525.12912279999,5.0,0.9156674999976531,"[(5.0, 0.9156674999976531)]","[0.3725, 0.07]","[0.030833333333333334, -0.2675]","[1, 1]","[0, 0]","[0, 0]","[0.7857333000138169, 1.7207572000043]","[None, 'button2']",1,[1.7382821999926819],[1.738295899995137],0,,,0,,,0,,,0,,,0,,,0,,,0,,,0,,,0,,,0,,,0,,,0,,,0,,,0,,,525.5051532999933,525.4962113999936,525.5051532999933,525.5051532999933,525.5051532999933,525.5051532999933,525.5051532999933,525.5051532999933,525.5051532999933,526.1131940999912,1,[0.6302532999980031],[0.6302636000036728],0,,,0,,,0,,,0,,,0,,,0,,,0,,,0,,,0,,,0,,,0,,,0,,,0,,,0,,,None,526.1137326999888,526.1253299999953,526.556814800002,526.4587300999992,"['Yellow', 'Lime-green', 'Orange', 'Blue', 'Teal', 'Brown', 'Brown', 'Bordeaux', 'Brown', 'Red', 'Bordeaux', 'Bordeaux', 'Seafoam', 'Lime-green', 'Grey', 'Pink', 'Purple', 'Orange', 'Grey', 'Green', 'Cyan', 'Bordeaux', 'Grey', 'Seafoam', 'Seafoam', 'Grey', 'Pink', 'Teal', 'Brown', 'Orange', 'Teal', 'Pink', 'Cyan', 'Brown', 'Purple', 'Bordeaux', 'Teal']",,,,,,,,,,,,,,,,,,,,,,,,,,,,,,,,,,,523.438593999992,,,,,,,,,,,,,,,,002,003,2026-04-16_20h37.35.693,Train3Laptop,,2026.1.1,59.77972367409851,2026-04-16 20h37.36.931949 +0200,
01-t,022_Cyan.jpg,True,Cyan,0,96,90,01-t/022_Cyan_0.png,35,35,0,"['space', 'space']","[1.791273299997556, 1.1842594999907305]","[0.12501630000770092, 0.09770990000106394]",0,,,0,,,0,,,0,,,0,,,0,,,0,,,0,,,0,,,0,,,0,,,1,[10.569963200003258],[10.569972600002075],0,,,0,,,5.0,0.862874099999317,"[(5.0, 0.862874099999317)]","[0.37666666666666665, 0.06666666666666667]","[-0.008333333333333333, -0.305]","[1, 1]","[0, 0]","[0, 0]","[0.7491975000011735, 1.8642533999955049]","[None, 'button2']",1,[1.873669799999334],[1.8736833999864757],0,,,0,,,0,,,0,,,0,,,0,,,0,,,0,,,0,,,0,,,0,,,0,,,0,,,0,,,1,[0.5832286999939242],[0.5832443999970565],0,,,0,,,0,,,0,,,0,,,0,,,0,,,0,,,0,,,0,,,0,,,0,,,0,,,0,,,None,0,35,35,37,526.556814800002,,,,,,,,,,,01-t/022_Cyan_0.png,526.460242000001,526.460843599998,01-t/022_Cyan_0.png,True,Cyan,0,96,90,"[0.8898927999980515, 2.150628000003053]",01-t/022_Cyan_0.png,36,,526.475067899999,526.556814800002,526.556814800002,526.556814800002,526.556814800002,526.556814800002,526.556814800002,526.556814800002,526.556814800002,526.556814800002,526.556814800002,526.556814800002,526.556814800002,526.556814800002,526.556814800002,526.556814800002,526.556814800002,526.556814800002,526.556814800002,526.556814800002,526.556814800002,526.7893064999953,527.3728532999958,537.0323547000007,Cyan,2,"['space', 'space']","[1.791273299997556, 1.1842594999907305]","[0.12501630000770092, 0.09770990000106394]",0,,,0,,,0,,,0,,,0,,,0,,,0,,,0,,,0,,,0,,,0,,,1,[10.569963200003258],[10.569972600002075],0,,,0,,,Cyan,539.2600285999943,539.2745611999999,539.6080310999969,537.3909016999969,537.4215689999983,537.4215689999983,0.008409099988057278,537.4215689999983,,538.2729825999995,539.2593138999946,5.0,0.862874099999317,"[(5.0, 0.862874099999317)]","[0.37666666666666665, 0.06666666666666667]","[-0.008333333333333333, -0.305]","[1, 1]","[0, 0]","[0, 0]","[0.7491975000011735, 1.8642533999955049]","[None, 'button2']",1,[1.873669799999334],[1.8736833999864757],0,,,0,,,0,,,0,,,0,,,0,,,0,,,0,,,0,,,0,,,0,,,0,,,0,,,0,,,539.6546479999961,539.6366861999995,539.6546479999961,539.6546479999961,539.6546479999961,539.6546479999961,539.6546479999961,539.6546479999961,539.6546479999961,540.1981361999933,1,[0.5832286999939242],[0.5832443999970565],0,,,0,,,0,,,0,,,0,,,0,,,0,,,0,,,0,,,0,,,0,,,0,,,0,,,0,,,None,540.1988965999917,540.2073530999915,540.6390688999963,540.5409962999984,"['Yellow', 'Lime-green', 'Orange', 'Blue', 'Teal', 'Brown', 'Brown', 'Bordeaux', 'Brown', 'Red', 'Bordeaux', 'Bordeaux', 'Seafoam', 'Lime-green', 'Grey', 'Pink', 'Purple', 'Orange', 'Grey', 'Green', 'Cyan', 'Bordeaux', 'Grey', 'Seafoam', 'Seafoam', 'Grey', 'Pink', 'Teal', 'Brown', 'Orange', 'Teal', 'Pink', 'Cyan', 'Brown', 'Purple', 'Bordeaux', 'Teal', 'Cyan']",,,,,,,,,,,,,,,,,,,,,,,,,,,,,,,,,,,,,,,,,,,,,537.4215689999983,,,,,,002,003,2026-04-16_20h37.35.693,Train3Laptop,,2026.1.1,59.77972367409851,2026-04-16 20h37.36.931949 +0200,
03-1,013_Grey.jpg,True,Grey,47,53,50,03-1/013_Grey_0.png,36,36,0,"['space', 'space']","[1.1768252000038046, 2.082219999996596]","[0.09786470000108238, 0.1160336000029929]",0,,,0,,,0,,,1,4.98373160000483,4.983739499992225,0,,,0,,,0,,,0,,,0,,,0,,,0,,,0,,,0,,,0,,,5.0,1.18142120000266,"[(5.0, 1.18142120000266)]","[0.37083333333333335, 0.049166666666666664]","[0.0225, -0.2891666666666667]","[1, 1]","[0, 0]","[0, 0]","[1.0677271000022301, 2.198833000002196]","[None, 'button2']",1,[2.2091665000043577],[2.2091789999976754],0,,,0,,,0,,,0,,,0,,,0,,,0,,,0,,,0,,,0,,,0,,,0,,,0,,,0,,,1,[0.4824081999977352],[0.4824134999944363],0,,,0,,,0,,,0,,,0,,,0,,,0,,,0,,,0,,,0,,,0,,,0,,,0,,,0,,,None,0,36,36,21,540.6390688999963,,,,,,,,,,,03-1/013_Grey_0.png,540.542549699996,540.5431283999933,03-1/013_Grey_0.png,True,Grey,47,53,50,"[2.135444899991853, 3.0551320999948075]",03-1/013_Grey_0.png,37,,540.5619179999921,540.6390688999963,540.6390688999963,540.6390688999963,540.6390688999963,540.6390688999963,540.6390688999963,540.6390688999963,540.6390688999963,540.6390688999963,540.6390688999963,540.6390688999963,540.6390688999963,540.6390688999963,540.6390688999963,540.6390688999963,540.6390688999963,540.6390688999963,540.6390688999963,540.6390688999963,540.6390688999963,540.8717174999911,541.4418738999957,545.5292308999924,Grey,2,"['space', 'space']","[1.1768252000038046, 2.082219999996596]","[0.09786470000108238, 0.1160336000029929]",0,,,0,,,0,,,1,4.98373160000483,4.983739499992225,0,,,0,,,0,,,0,,,0,,,0,,,0,,,0,,,0,,,0,,,Grey,548.0915951999923,548.107932400002,548.441230700002,545.8888183999952,545.9212508999917,545.9212508999917,0.009445699994103052,545.9212508999917,,547.0894919999992,548.0909516999964,5.0,1.18142120000266,"[(5.0, 1.18142120000266)]","[0.37083333333333335, 0.049166666666666664]","[0.0225, -0.2891666666666667]","[1, 1]","[0, 0]","[0, 0]","[1.0677271000022301, 2.198833000002196]","[None, 'button2']",1,[2.2091665000043577],[2.2091789999976754],0,,,0,,,0,,,0,,,0,,,0,,,0,,,0,,,0,,,0,,,0,,,0,,,0,,,0,,,548.4875177999929,548.4664042999939,548.4875177999929,548.4875177999929,548.4875177999929,548.4875177999929,548.4875177999929,548.4875177999929,548.4875177999929,548.9252842999995,1,[0.4824081999977352],[0.4824134999944363],0,,,0,,,0,,,0,,,0,,,0,,,0,,,0,,,0,,,0,,,0,,,0,,,0,,,0,,,None,548.9255316999916,548.9396511999948,549.3890374999901,549.2745261999953,"['Yellow', 'Lime-green', 'Orange', 'Blue', 'Teal', 'Brown', 'Brown', 'Bordeaux', 'Brown', 'Red', 'Bordeaux', 'Bordeaux', 'Seafoam', 'Lime-green', 'Grey', 'Pink', 'Purple', 'Orange', 'Grey', 'Green', 'Cyan', 'Bordeaux', 'Grey', 'Seafoam', 'Seafoam', 'Grey', 'Pink', 'Teal', 'Brown', 'Orange', 'Teal', 'Pink', 'Cyan', 'Brown', 'Purple', 'Bordeaux', 'Teal', 'Cyan', 'Grey']",,,,,,,,,,,,,,,,,,,,,,,,,,,,,,,,,,,,,,,,545.9212508999917,,,,,,,,,,,002,003,2026-04-16_20h37.35.693,Train3Laptop,,2026.1.1,59.77972367409851,2026-04-16 20h37.36.931949 +0200,
03-1,011_Teal.jpg,True,Teal,0,45,54,03-1/011_Teal_0.png,37,37,0,"['space', 'space']","[0.33669389999704435, 1.856856099999277]","[0.12571180000668392, 0.07970529999874998]",0,,,1,8.181648199999472,8.181654800006072,0,,,0,,,0,,,0,,,0,,,0,,,0,,,0,,,0,,,0,,,0,,,0,,,5.0,0.6646898000035435,"[(5.0, 0.6646898000035435)]","[0.3883333333333333, 0.07416666666666667]","[0.0, -0.25833333333333336]","[1, 1]","[0, 0]","[0, 0]","[0.5534082999947714, 1.5505988000077195]","[None, 'button2']",1,[1.5623900999926263],[1.5624053000065032],0,,,0,,,0,,,0,,,0,,,0,,,0,,,0,,,0,,,0,,,0,,,0,,,0,,,0,,,1,[0.4343714999995427],[0.4343857000058051],0,,,0,,,0,,,0,,,0,,,0,,,0,,,0,,,0,,,0,,,0,,,0,,,0,,,0,,,None,0,37,37,18,549.3890374999901,,,,,,,,,,,03-1/011_Teal_0.png,549.2760740999947,549.2762194999959,03-1/011_Teal_0.png,True,Teal,0,45,54,"[1.2967877000046428, 2.7611097000044538]",03-1/011_Teal_0.png,38,,549.2913728999993,549.3890374999901,549.3890374999901,549.3890374999901,549.3890374999901,549.3890374999901,549.3890374999901,549.3890374999901,549.3890374999901,549.3890374999901,549.3890374999901,549.3890374999901,549.3890374999901,549.3890374999901,549.3890374999901,549.3890374999901,549.3890374999901,549.3890374999901,549.3890374999901,549.3890374999901,549.3890374999901,549.5390882999927,550.1725671000022,557.4603434000019,Teal,2,"['space', 'space']","[0.33669389999704435, 1.856856099999277]","[0.12571180000668392, 0.07970529999874998]",0,,,1,8.181648199999472,8.181654800006072,0,,,0,,,0,,,0,,,0,,,0,,,0,,,0,,,0,,,0,,,0,,,0,,,Teal,559.3764871000021,559.3908386999974,559.7253669999918,557.8213849999884,557.8544481999998,557.8544481999998,0.010884899995289743,557.8544481999998,,558.5377488999948,559.3757565999986,5.0,0.6646898000035435,"[(5.0, 0.6646898000035435)]","[0.3883333333333333, 0.07416666666666667]","[0.0, -0.25833333333333336]","[1, 1]","[0, 0]","[0, 0]","[0.5534082999947714, 1.5505988000077195]","[None, 'button2']",1,[1.5623900999926263],[1.5624053000065032],0,,,0,,,0,,,0,,,0,,,0,,,0,,,0,,,0,,,0,,,0,,,0,,,0,,,0,,,559.7708229999989,559.7543132999999,559.7708229999989,559.7708229999989,559.7708229999989,559.7708229999989,559.7708229999989,559.7708229999989,559.7708229999989,560.1637002999923,1,[0.4343714999995427],[0.4343857000058051],0,,,0,,,0,,,0,,,0,,,0,,,0,,,0,,,0,,,0,,,0,,,0,,,0,,,0,,,None,560.1641549999913,560.1727228999953,560.5369437999907,560.5066928000015,"['Yellow', 'Lime-green', 'Orange', 'Blue', 'Teal', 'Brown', 'Brown', 'Bordeaux', 'Brown', 'Red', 'Bordeaux', 'Bordeaux', 'Seafoam', 'Lime-green', 'Grey', 'Pink', 'Purple', 'Orange', 'Grey', 'Green', 'Cyan', 'Bordeaux', 'Grey', 'Seafoam', 'Seafoam', 'Grey', 'Pink', 'Teal', 'Brown', 'Orange', 'Teal', 'Pink', 'Cyan', 'Brown', 'Purple', 'Bordeaux', 'Teal', 'Cyan', 'Grey', 'Teal']",,,,,,,,,,,,,,,,,,,,,,,,,,,,,,,,,,,557.8544481999998,,,,,,,,,,,,,,,,002,003,2026-04-16_20h37.35.693,Train3Laptop,,2026.1.1,59.77972367409851,2026-04-16 20h37.36.931949 +0200,
,,,,,,,,,,,,,,,,,,,,,,,,,,,,,,,,,,,,,,,,,,,,,,,,,,,,,,,,,,,,,,,,,,,,,,,,,,,,,,,,,,,,,,,,,,,,,,,,,,,,,,,,,,,,,,,,,,,,,,,,,,,,,,,,,,,,,,,,,,,,,,,,,,,,,,,,,,,,,,,,,,,,,,,,,,,,,,,,,,,,,,,,,,,,,,,,,,,,,,,,,,,,,,,,,,,,,,,,,,,,,,,,,,,,,,,,,,,,,,,,,,,,,,,,,,,,,,,,,,,,,,,,,,,,,,,,,,,,,,,,,,,,,,,,,,,,,,,,,,,,,,,,,,,,,,,,,,,,,,,,,,,,,,,,,,,,,,,,,,,,,,,,,,,,,,,,,,,,,,,,,,,,,,,,,,,,,,,,,,,,,,,,,,,,,,,,,,,,,,,,,,,,,,,,,,,,,,,,,,,,,,,,,,,,,560.527294200001,560.5369437999907,563.5054284999933,,,002,003,2026-04-16_20h37.35.693,Train3Laptop,,2026.1.1,59.77972367409851,2026-04-16 20h37.36.931949 +0200,
,,,,,,,,,,,,,,,,,,,,,,,,,,,,,,,,,,,,,,,,,,,,,,,,,,,,,,,,,,,,,,,,,,,,,,,,,,,,,,,,,,,,,,,,,,,,,,,,,,,,,,,,,,,,,,,,,,,,,,,,,,,,,,,,,,,,,,,,,,,,,,,,,,,,,,,,,,,,,,,,,,,,,,,,,,,,,,,,,,,,,,,,,,,,,,,,,,,,,,,,,,,,,,,,,Teal,,,,,,,,,,,,,,,,,,,,,,,,,,,,,,,,,,,,,,,,,,,,,,,,,,,,,,,,,,,,,,,,,,,,,,,,,,,,,,,,,,,,,,,,,,,,,,,,,,,,,,,,,,,,,,,,,,,,,,,,,,,,,,,,,,,,,,,,,,,,,,,,,,,,,,,,,,,,,,,,,,,,,,,,,,,,,,,,,,,,,,,,,,,,,,,,,,,,,,,,,,,,,,,,,,,,,,,,,,,,,,,38,"['Yellow', 'Lime-green', 'Orange', 'Blue', 'Teal', 'Brown', 'Brown', 'Bordeaux', 'Brown', 'Red', 'Bordeaux', 'Bordeaux', 'Seafoam', 'Lime-green', 'Grey', 'Pink', 'Purple', 'Orange', 'Grey', 'Green', 'Cyan', 'Bordeaux', 'Grey', 'Seafoam', 'Seafoam', 'Grey', 'Pink', 'Teal', 'Brown', 'Orange', 'Teal', 'Pink', 'Cyan', 'Brown', 'Purple', 'Bordeaux', 'Teal', 'Cyan', 'Grey', 'Teal']",,,,,,,,,
