21.5662 	INFO 	Loaded monitor calibration from ['2026_03_13 16:59']
22.0821 	INFO 	Using renderer 'Intel(R) Graphics' for graphics
22.0822 	INFO 	OpenGL version supported by driver is 4..
22.1641 	EXP 	Created window1 = Window(allowGUI=True, allowStencil=False, autoLog=True, backendConf=UNKNOWN, backgroundFit=<method-wrapper '__getattribute__' of attributeSetter object at 0x00000253AC22DE40>, backgroundImage=<method-wrapper '__getattribute__' of attributeSetter object at 0x00000253AC22DEA0>, bitsMode=UNKNOWN, blendMode='avg', bpc=(8, 8, 8), color=array([0, 0, 0]), colorSpace='rgb', depthBits=8, fullscr=False, gamma=None, gammaErrorPolicy='raise', infoMsg=UNKNOWN, lms=UNKNOWN, monitor=<psychopy.monitors.calibTools.Monitor object at 0x00000253A28E3460>, multiSample=False, name='window1', numSamples=2, pos=[np.float64(0.0), np.float64(0.0)], screen=0, size=array([1920, 1200]), stencilBits=0, stereo=False, title='PsychoPy', units='height', useFBO=True, useRetina=False, viewOri=0.0, viewPos=None, viewScale=None, waitBlanking=True, winType='pyglet')
22.1642 	EXP 	window1: backgroundImage = ''
22.1643 	EXP 	window1: backgroundFit = 'none'
22.8845 	EXP 	window1: Attempting to measure frame rate of screen (0) ...
22.8846 	EXP 	window1: recordFrameIntervals = False
23.0667 	EXP 	window1: recordFrameIntervals = True
24.7343 	EXP 	window1: recordFrameIntervals = False
24.7344 	EXP 	Screen (0) actual frame rate measured at 60.19Hz
24.8404 	INFO 	keyboard.Keyboard is using ptb backend.
24.8405 	EXP 	Train3Laptop: status = STARTED
25.0284 	EXP 	Created Welcome_info = TextStim(__class__=<class 'psychopy.visual.text.TextStim'>, alignHoriz=method-wrapper(...), alignText='center', alignVert=method-wrapper(...), anchorHoriz='center', anchorVert='center', antialias=True, autoDraw=False, autoLog=True, bold=False, color=array([-1., -1., -1.]), colorSpace='rgb', contrast=1.0, depth=0.0, draggable=False, flipHoriz=False, flipVert=False, font='Arial', fontFiles=[], height=np.float64(42.0), italic=False, languageStyle='LTR', name='Welcome_info', opacity=1, ori=0.0, pos=array([0., 0.]), rgb=UNKNOWN, text=str(...), units='pix', win=Window(...), wrapWidth=1500.0)
25.0459 	EXP 	Created PressEnterToContinue = TextStim(__class__=<class 'psychopy.visual.text.TextStim'>, alignHoriz=method-wrapper(...), alignText='center', alignVert=method-wrapper(...), anchorHoriz='center', anchorVert='center', antialias=True, autoDraw=False, autoLog=True, bold=False, color=array([-1., -1., -1.]), colorSpace='rgb', contrast=1.0, depth=-2.0, draggable=False, flipHoriz=False, flipVert=False, font='Arial', fontFiles=[], height=np.float64(50.0), italic=False, languageStyle='LTR', name='PressEnterToContinue', opacity=1, ori=0.0, pos=array([   0., -400.]), rgb=UNKNOWN, text='Press "Enter" to continue.', units='pix', win=Window(...), wrapWidth=900.0)
25.0809 	EXP 	Created img = ImageStim(__class__=<class 'psychopy.visual.image.ImageStim'>, anchor=('center', 'center'), autoLog=True, color=array([1., 1., 1.]), colorSpace='rgb', contrast=1.0, depth=0.0, draggable=False, flipHoriz=np.False_, flipVert=np.False_, image='default.png', interpolate=True, mask=None, maskParams=None, name='img', opacity=1.0, ori=1.0, pos=array([0., 0.]), size=array([1., 1.]), texRes=128.0, units='pix', win=Window(...))
25.3569 	EXP 	Created Instructions = TextStim(__class__=<class 'psychopy.visual.text.TextStim'>, alignHoriz=method-wrapper(...), alignText='center', alignVert=method-wrapper(...), anchorHoriz='center', anchorVert='center', antialias=True, autoDraw=False, autoLog=True, bold=False, color=array([-1., -1., -1.]), colorSpace='rgb', contrast=1.0, depth=-17.0, draggable=False, flipHoriz=False, flipVert=False, font='Arial', fontFiles=[], height=36.0, italic=False, languageStyle='LTR', name='Instructions', opacity=1, ori=0.0, pos=array([  0., 500.]), rgb=UNKNOWN, text='', units='pix', win=Window(...), wrapWidth=1400.0)
25.3776 	EXP 	Created RBGInfo = TextStim(__class__=<class 'psychopy.visual.text.TextStim'>, alignHoriz=method-wrapper(...), alignText='center', alignVert=method-wrapper(...), anchorHoriz='center', anchorVert='center', antialias=True, autoDraw=False, autoLog=True, bold=False, color=array([-1., -1., -1.]), colorSpace='rgb', contrast=1.0, depth=-19.0, draggable=False, flipHoriz=False, flipVert=False, font='Arial', fontFiles=[], height=np.float64(42.0), italic=False, languageStyle='LTR', name='RBGInfo', opacity=1.0, ori=0.0, pos=array([300., 300.]), rgb=UNKNOWN, text='RGB values: 0-100\n\nR:        G:        B:', units='pix', win=Window(...), wrapWidth=500)
25.3795 	EXP 	Created R = TextStim(__class__=<class 'psychopy.visual.text.TextStim'>, alignHoriz=method-wrapper(...), alignText='center', alignVert=method-wrapper(...), anchorHoriz='center', anchorVert='center', antialias=True, autoDraw=False, autoLog=True, bold=False, color=array([-1., -1., -1.]), colorSpace='rgb', contrast=1.0, depth=-20.0, draggable=False, flipHoriz=False, flipVert=False, font='Arial', fontFiles=[], height=42.0, italic=False, languageStyle='LTR', name='R', opacity=1.0, ori=0.0, pos=array([165., 220.]), rgb=UNKNOWN, text='', units='pix', win=Window(...), wrapWidth=500)
25.3807 	EXP 	Created G = TextStim(__class__=<class 'psychopy.visual.text.TextStim'>, alignHoriz=method-wrapper(...), alignText='center', alignVert=method-wrapper(...), anchorHoriz='center', anchorVert='center', antialias=True, autoDraw=False, autoLog=True, bold=False, color=array([-1., -1., -1.]), colorSpace='rgb', contrast=1.0, depth=-21.0, draggable=False, flipHoriz=False, flipVert=False, font='Arial', fontFiles=[], height=42.0, italic=False, languageStyle='LTR', name='G', opacity=1.0, ori=0.0, pos=array([300., 220.]), rgb=UNKNOWN, text='', units='pix', win=Window(...), wrapWidth=500)
25.3818 	EXP 	Created B = TextStim(__class__=<class 'psychopy.visual.text.TextStim'>, alignHoriz=method-wrapper(...), alignText='center', alignVert=method-wrapper(...), anchorHoriz='center', anchorVert='center', antialias=True, autoDraw=False, autoLog=True, bold=False, color=array([-1., -1., -1.]), colorSpace='rgb', contrast=1.0, depth=-22.0, draggable=False, flipHoriz=False, flipVert=False, font='Arial', fontFiles=[], height=42.0, italic=False, languageStyle='LTR', name='B', opacity=1.0, ori=0.0, pos=array([435., 220.]), rgb=UNKNOWN, text='', units='pix', win=Window(...), wrapWidth=500)
25.3841 	EXP 	Created counter_Text = TextStim(__class__=<class 'psychopy.visual.text.TextStim'>, alignHoriz=method-wrapper(...), alignText='center', alignVert=method-wrapper(...), anchorHoriz='center', anchorVert='center', antialias=True, autoDraw=False, autoLog=True, bold=False, color=array([1., 1., 1.]), colorSpace='rgb', contrast=1.0, depth=-23.0, draggable=False, flipHoriz=False, flipVert=False, font='Arial', fontFiles=[], height=72.0, italic=False, languageStyle='LTR', name='counter_Text', opacity=1.0, ori=0.0, pos=array([-520., -400.]), rgb=UNKNOWN, text='', units='pix', win=Window(...), wrapWidth=500)
25.3959 	EXP 	Created total_count = TextStim(__class__=<class 'psychopy.visual.text.TextStim'>, alignHoriz=method-wrapper(...), alignText='center', alignVert=method-wrapper(...), anchorHoriz='center', anchorVert='center', antialias=True, autoDraw=False, autoLog=True, bold=False, color=array([1., 1., 1.]), colorSpace='rgb', contrast=1.0, depth=-24.0, draggable=False, flipHoriz=False, flipVert=False, font='Arial', fontFiles=[], height=np.float64(72.0), italic=False, languageStyle='LTR', name='total_count', opacity=1.0, ori=0.0, pos=array([-475., -400.]), rgb=UNKNOWN, text='      / 38', units='pix', win=Window(...), wrapWidth=500)
25.3993 	EXP 	Created text_8 = TextStim(__class__=<class 'psychopy.visual.text.TextStim'>, alignHoriz=method-wrapper(...), alignText='center', alignVert=method-wrapper(...), anchorHoriz='center', anchorVert='center', antialias=True, autoDraw=False, autoLog=True, bold=False, color=array([1., 1., 1.]), colorSpace='rgb', contrast=1.0, depth=0.0, draggable=False, flipHoriz=False, flipVert=False, font='Arial', fontFiles=[], height=np.float64(0.05), italic=False, languageStyle='LTR', name='text_8', opacity=1, ori=0.0, pos=array([0., 0.]), rgb=UNKNOWN, text='', units='height', win=Window(...), wrapWidth=1)
26.2716 	EXP 	Created slider = Slider(__class__=<class 'psychopy.visual.slider.Slider'>, autoDraw=False, autoLog=True, borderColor=None, color=None, colorSpace='rgb', depth=0, fillColor=None, flip=False, font='Noto Sans', granularity=1.0, labelColor=None, labelHeight=np.float64(36.0), labelWrapWidth=None, labels=tuple(...), lineColor=None, markerColor=None, name='slider', opacity=None, ori=0.0, pos=array([-50.,   0.]), readOnly=False, self=UNKNOWN, size=array([1000.,  100.]), startValue=1, style='rating', styleTweaks=[], ticks=array([1, 2, 3, 4, 5]), units='pix', win=Window(...))
26.2943 	EXP 	Created text_9 = TextStim(__class__=<class 'psychopy.visual.text.TextStim'>, alignHoriz=method-wrapper(...), alignText='center', alignVert=method-wrapper(...), anchorHoriz='center', anchorVert='center', antialias=True, autoDraw=False, autoLog=True, bold=False, color=array([-1., -1., -1.]), colorSpace='rgb', contrast=1.0, depth=-1.0, draggable=False, flipHoriz=False, flipVert=False, font='Arial', fontFiles=[], height=np.float64(0.05), italic=False, languageStyle='LTR', name='text_9', opacity=1, ori=0.0, pos=array([0.  , 0.25]), rgb=UNKNOWN, text='How confident were you in your choice?', units='height', win=Window(...), wrapWidth=1)
26.3145 	EXP 	Created text_answer = TextStim(__class__=<class 'psychopy.visual.text.TextStim'>, alignHoriz=method-wrapper(...), alignText='center', alignVert=method-wrapper(...), anchorHoriz='center', anchorVert='center', antialias=True, autoDraw=False, autoLog=True, bold=False, color=array([-1., -1., -1.]), colorSpace='rgb', contrast=1.0, depth=-4.0, draggable=False, flipHoriz=False, flipVert=False, font='Arial', fontFiles=[], height=0.05, italic=False, languageStyle='LTR', name='text_answer', opacity=1, ori=0.0, pos=array([0.  , 0.35]), rgb=UNKNOWN, text='', units='height', win=Window(...), wrapWidth=1)
26.5553 	EXP 	Created text_8 = TextStim(__class__=<class 'psychopy.visual.text.TextStim'>, alignHoriz=method-wrapper(...), alignText='center', alignVert=method-wrapper(...), anchorHoriz='center', anchorVert='center', antialias=True, autoDraw=False, autoLog=True, bold=False, color=array([1., 1., 1.]), colorSpace='rgb', contrast=1.0, depth=0.0, draggable=False, flipHoriz=False, flipVert=False, font='Arial', fontFiles=[], height=np.float64(0.05), italic=False, languageStyle='LTR', name='text_8', opacity=1, ori=0.0, pos=array([0., 0.]), rgb=UNKNOWN, text='', units='height', win=Window(...), wrapWidth=1)
26.5737 	EXP 	Created correctAnswer = TextStim(__class__=<class 'psychopy.visual.text.TextStim'>, alignHoriz=method-wrapper(...), alignText='center', alignVert=method-wrapper(...), anchorHoriz='center', anchorVert='center', antialias=True, autoDraw=False, autoLog=True, bold=False, color=array([-1., -1., -1.]), colorSpace='rgb', contrast=1.0, depth=-1.0, draggable=False, flipHoriz=False, flipVert=False, font='Arial', fontFiles=[], height=56.0, italic=False, languageStyle='LTR', name='correctAnswer', opacity=1, ori=0.0, pos=array([   0., -150.]), rgb=UNKNOWN, text='', units='pix', win=Window(...), wrapWidth=500)
26.5750 	EXP 	Created wrongAnswer = TextStim(__class__=<class 'psychopy.visual.text.TextStim'>, alignHoriz=method-wrapper(...), alignText='center', alignVert=method-wrapper(...), anchorHoriz='center', anchorVert='center', antialias=True, autoDraw=False, autoLog=True, bold=False, color=array([-1., -1., -1.]), colorSpace='rgb', contrast=1.0, depth=-2.0, draggable=False, flipHoriz=False, flipVert=False, font='Arial', fontFiles=[], height=56.0, italic=False, languageStyle='LTR', name='wrongAnswer', opacity=1.0, ori=0.0, pos=array([   0., -150.]), rgb=UNKNOWN, text='', units='pix', win=Window(...), wrapWidth=500)
26.5773 	EXP 	Created corrColor_2 = TextStim(__class__=<class 'psychopy.visual.text.TextStim'>, alignHoriz=method-wrapper(...), alignText='center', alignVert=method-wrapper(...), anchorHoriz='center', anchorVert='center', antialias=True, autoDraw=False, autoLog=True, bold=False, color=array([-1., -1., -1.]), colorSpace='rgb', contrast=1.0, depth=-3.0, draggable=False, flipHoriz=False, flipVert=False, font='Arial', fontFiles=[], height=56.0, italic=False, languageStyle='LTR', name='corrColor_2', opacity=1.0, ori=0.0, pos=array([   0., -150.]), rgb=UNKNOWN, text='', units='pix', win=Window(...), wrapWidth=500)
26.9598 	EXP 	Created RBGInfo_2 = TextStim(__class__=<class 'psychopy.visual.text.TextStim'>, alignHoriz=method-wrapper(...), alignText='center', alignVert=method-wrapper(...), anchorHoriz='center', anchorVert='center', antialias=True, autoDraw=False, autoLog=True, bold=False, color=array([-1., -1., -1.]), colorSpace='rgb', contrast=1.0, depth=-18.0, draggable=False, flipHoriz=False, flipVert=False, font='Arial', fontFiles=[], height=np.float64(42.0), italic=False, languageStyle='LTR', name='RBGInfo_2', opacity=1.0, ori=0.0, pos=array([300., 300.]), rgb=UNKNOWN, text='RGB values: 0-100\n\nR:        G:        B:', units='pix', win=Window(...), wrapWidth=500)
26.9620 	EXP 	Created R_2 = TextStim(__class__=<class 'psychopy.visual.text.TextStim'>, alignHoriz=method-wrapper(...), alignText='center', alignVert=method-wrapper(...), anchorHoriz='center', anchorVert='center', antialias=True, autoDraw=False, autoLog=True, bold=False, color=array([-1., -1., -1.]), colorSpace='rgb', contrast=1.0, depth=-19.0, draggable=False, flipHoriz=False, flipVert=False, font='Arial', fontFiles=[], height=42.0, italic=False, languageStyle='LTR', name='R_2', opacity=1.0, ori=0.0, pos=array([165., 220.]), rgb=UNKNOWN, text='', units='pix', win=Window(...), wrapWidth=500)
26.9632 	EXP 	Created G_2 = TextStim(__class__=<class 'psychopy.visual.text.TextStim'>, alignHoriz=method-wrapper(...), alignText='center', alignVert=method-wrapper(...), anchorHoriz='center', anchorVert='center', antialias=True, autoDraw=False, autoLog=True, bold=False, color=array([-1., -1., -1.]), colorSpace='rgb', contrast=1.0, depth=-20.0, draggable=False, flipHoriz=False, flipVert=False, font='Arial', fontFiles=[], height=42.0, italic=False, languageStyle='LTR', name='G_2', opacity=1.0, ori=0.0, pos=array([300., 220.]), rgb=UNKNOWN, text='', units='pix', win=Window(...), wrapWidth=500)
26.9643 	EXP 	Created B_2 = TextStim(__class__=<class 'psychopy.visual.text.TextStim'>, alignHoriz=method-wrapper(...), alignText='center', alignVert=method-wrapper(...), anchorHoriz='center', anchorVert='center', antialias=True, autoDraw=False, autoLog=True, bold=False, color=array([-1., -1., -1.]), colorSpace='rgb', contrast=1.0, depth=-21.0, draggable=False, flipHoriz=False, flipVert=False, font='Arial', fontFiles=[], height=42.0, italic=False, languageStyle='LTR', name='B_2', opacity=1.0, ori=0.0, pos=array([435., 220.]), rgb=UNKNOWN, text='', units='pix', win=Window(...), wrapWidth=500)
26.9659 	EXP 	Created text_11 = TextStim(__class__=<class 'psychopy.visual.text.TextStim'>, alignHoriz=method-wrapper(...), alignText='center', alignVert=method-wrapper(...), anchorHoriz='center', anchorVert='center', antialias=True, autoDraw=False, autoLog=True, bold=False, color=array([1., 1., 1.]), colorSpace='rgb', contrast=1.0, depth=0.0, draggable=False, flipHoriz=False, flipVert=False, font='Arial', fontFiles=[], height=np.float64(0.05), italic=False, languageStyle='LTR', name='text_11', opacity=1, ori=0.0, pos=array([0., 0.]), rgb=UNKNOWN, text='', units='height', win=Window(...), wrapWidth=1)
26.9669 	EXP 	Created GoodJob = TextStim(__class__=<class 'psychopy.visual.text.TextStim'>, alignHoriz=method-wrapper(...), alignText='center', alignVert=method-wrapper(...), anchorHoriz='center', anchorVert='center', antialias=True, autoDraw=False, autoLog=True, bold=False, color=array([-1., -1., -1.]), colorSpace='rgb', contrast=1.0, depth=0.0, draggable=False, flipHoriz=False, flipVert=False, font='Arial', fontFiles=[], height=50.0, italic=False, languageStyle='LTR', name='GoodJob', opacity=1.0, ori=0.0, pos=array([0., 0.]), rgb=UNKNOWN, text='', units='pix', win=Window(...), wrapWidth=500)
0.0127 	EXP 	slider: autoLog = True
0.0127 	EXP 	slider: styleTweaks = []
0.0127 	EXP 	slider: styleTweaks = []
0.0127 	EXP 	slider: styleTweaks = []
0.0127 	EXP 	slider: styleTweaks = []
0.0127 	EXP 	slider: contrast = 1.0
0.0127 	EXP 	slider: markerPos = 1
0.0127 	EXP 	slider: autoLog = True
0.0351 	EXP 	Welcome_info: autoDraw = True
0.8025 	INFO 	Keyboard events cleared
1.0012 	EXP 	PressEnterToContinue: autoDraw = True
4.8794 	EXP 	Device response: <KeyPress from None: t=4.868307000026107, value=return, duration=None>
4.9104 	EXP 	Imported ExcelOutputTrainStep3.xlsx as conditions, 38 conditions, 8 params
4.9197 	EXP 	New trial (rep=0, index=0): <Trial 0 (0 in rep 0) data={'folder': '03-1', 'image': '012_Bordeaux.jpg', 'logical': True, 'corrColor': 'Bordeaux', 'corrR': 50, 'corrG': 2, 'corrB': 24, 'image_path': '03-1/012_Bordeaux_0.png', 'thisN': 0, 'thisTrialN': 0, 'thisRepN': 0}>
4.9205 	DATA 	Keypress: return
5.1881 	EXP 	Device response: <KeyPress from None: t=4.868307000026107, value=return, duration=0.08779149991460145>
5.2474 	EXP 	Welcome_info: autoDraw = False
5.2474 	EXP 	PressEnterToContinue: autoDraw = False
5.2474 	EXP 	img: foreColor = <psychopy.colors.Color: white, alpha=1.0>
5.2474 	EXP 	img: ori = np.float64(0.0)
5.2474 	EXP 	Instructions: height = np.float64(36.0)
5.2474 	EXP 	Instructions: height = np.float64(36.0)
5.2474 	EXP 	Instructions: height = np.float64(36.0)
5.2474 	EXP 	Instructions: text = 'Click the spacebar to shuffle through the filters to recognize the color.\nPress the button of the color you think it corresponds to.'
5.2474 	EXP 	counter_Text: height = np.float64(72.0)
5.2474 	EXP 	counter_Text: height = np.float64(72.0)
5.2474 	EXP 	counter_Text: height = np.float64(72.0)
5.2474 	EXP 	counter_Text: text = 1
5.2474 	EXP 	img: autoDraw = True
5.2474 	EXP 	Instructions: autoDraw = True
5.2474 	EXP 	RBGInfo: autoDraw = True
5.2474 	EXP 	G: autoDraw = True
5.2474 	EXP 	B: autoDraw = True
5.2474 	EXP 	counter_Text: autoDraw = True
5.2474 	EXP 	total_count: autoDraw = True
5.2474 	EXP 	G: height = np.float64(42.0)
5.2474 	EXP 	G: height = np.float64(42.0)
5.2474 	EXP 	G: height = np.float64(42.0)
5.2474 	EXP 	G: text = ''
5.2474 	EXP 	B: height = np.float64(42.0)
5.2474 	EXP 	B: height = np.float64(42.0)
5.2474 	EXP 	B: height = np.float64(42.0)
5.2474 	EXP 	B: text = ''
5.4294 	EXP 	R: autoDraw = True
13.1196 	DATA 	Keypress: space
13.2493 	EXP 	Device response: <KeyPress from None: t=13.11780180002097, value=space, duration=None>
13.2494 	EXP 	Device response: <KeyPress from None: t=13.11780180002097, value=space, duration=0.08857429993804544>
14.3303 	DATA 	Keypress: space
14.3313 	EXP 	Device response: <KeyPress from None: t=14.255597100011073, value=space, duration=None>
14.5224 	EXP 	Device response: <KeyPress from None: t=14.255597100011073, value=space, duration=0.09766219998709857>
15.7165 	DATA 	Keypress: space
15.7172 	EXP 	Device response: <KeyPress from None: t=15.666609699954279, value=space, duration=None>
15.9053 	EXP 	Device response: <KeyPress from None: t=15.666609699954279, value=space, duration=0.09828869998455048>
18.7431 	DATA 	Keypress: space
18.8989 	EXP 	Device response: <KeyPress from None: t=18.74055549991317, value=space, duration=None>
18.8990 	EXP 	Device response: <KeyPress from None: t=18.74055549991317, value=space, duration=0.09753000002820045>
19.5771 	DATA 	Keypress: space
19.5781 	EXP 	Device response: <KeyPress from None: t=19.55728970002383, value=space, duration=None>
19.7483 	EXP 	Device response: <KeyPress from None: t=19.55728970002383, value=space, duration=0.11618129990529269>
20.5924 	DATA 	Keypress: space
20.5940 	EXP 	Device response: <KeyPress from None: t=20.47775899991393, value=space, duration=None>
20.7643 	EXP 	Device response: <KeyPress from None: t=20.47775899991393, value=space, duration=0.12525430007372051>
27.7301 	DATA 	Mouse: Left button down, pos=(1675,1000)
27.7335 	DATA 	Mouse:  Left button up, pos=(1675,1000)
28.4066 	DATA 	Mouse: Left button down, pos=(1675,999)
28.4291 	EXP 	img: autoDraw = False
28.4291 	EXP 	Instructions: autoDraw = False
28.4291 	EXP 	RBGInfo: autoDraw = False
28.4291 	EXP 	R: autoDraw = False
28.4291 	EXP 	G: autoDraw = False
28.4291 	EXP 	B: autoDraw = False
28.4291 	EXP 	counter_Text: autoDraw = False
28.4291 	EXP 	total_count: autoDraw = False
28.4291 	EXP 	text_8: autoDraw = True
28.5205 	DATA 	Mouse:  Left button up, pos=(1675,999)
28.8441 	EXP 	text_8: autoDraw = False
28.8441 	EXP 	slider: markerPos = None
28.8441 	EXP 	slider: markerPos = 1
28.8441 	EXP 	slider: autoDraw = True
28.8441 	EXP 	text_9: autoDraw = True
28.8441 	EXP 	text_answer: autoDraw = True
29.5321 	DATA 	Mouse: Left button down, pos=(1401,606)
29.5615 	EXP 	slider: markerPos = np.float64(4.964)
29.5948 	EXP 	slider: markerPos = np.float64(4.964)
29.6282 	EXP 	slider: markerPos = np.float64(4.964)
29.6505 	DATA 	Mouse:  Left button up, pos=(1401,606)
29.6615 	EXP 	slider: markerPos = np.float64(4.964)
29.6955 	EXP 	slider: markerPos = 5.0
30.7141 	DATA 	Mouse: Left button down, pos=(1032,273)
30.7320 	EXP 	slider: autoDraw = False
30.7320 	EXP 	text_9: autoDraw = False
30.7320 	EXP 	text_answer: autoDraw = False
30.7320 	EXP 	text_8: autoDraw = True
30.8198 	DATA 	Mouse:  Left button up, pos=(1031,272)
31.1449 	INFO 	Keyboard events cleared
31.1446 	EXP 	text_8: autoDraw = False
31.1446 	EXP 	text_8: autoDraw = False
31.1446 	EXP 	corrColor_2: height = np.float64(56.0)
31.1446 	EXP 	corrColor_2: height = np.float64(56.0)
31.1446 	EXP 	corrColor_2: height = np.float64(56.0)
31.1446 	EXP 	corrColor_2: text = 'Bordeaux'
31.1446 	EXP 	R_2: height = np.float64(42.0)
31.1446 	EXP 	R_2: height = np.float64(42.0)
31.1446 	EXP 	R_2: height = np.float64(42.0)
31.1446 	EXP 	R_2: text = 50
31.1446 	EXP 	G_2: height = np.float64(42.0)
31.1446 	EXP 	G_2: height = np.float64(42.0)
31.1446 	EXP 	G_2: height = np.float64(42.0)
31.1446 	EXP 	G_2: text = 2
31.1446 	EXP 	B_2: height = np.float64(42.0)
31.1446 	EXP 	B_2: height = np.float64(42.0)
31.1446 	EXP 	B_2: height = np.float64(42.0)
31.1446 	EXP 	B_2: text = 24
31.1446 	EXP 	correctAnswer: autoDraw = True
31.1446 	EXP 	RBGInfo_2: autoDraw = True
31.1446 	EXP 	R_2: autoDraw = True
31.1446 	EXP 	G_2: autoDraw = True
31.1446 	EXP 	B_2: autoDraw = True
31.7568 	DATA 	Mouse: Left button down, pos=(987,258)
31.7997 	EXP 	correctAnswer: autoDraw = False
31.7997 	EXP 	wrongAnswer: autoDraw = False
31.7997 	EXP 	corrColor_2: autoDraw = False
31.7997 	EXP 	RBGInfo_2: autoDraw = False
31.7997 	EXP 	R_2: autoDraw = False
31.7997 	EXP 	G_2: autoDraw = False
31.7997 	EXP 	B_2: autoDraw = False
31.7997 	EXP 	text_11: autoDraw = True
31.8681 	DATA 	Mouse:  Left button up, pos=(987,258)
32.1337 	EXP 	New trial (rep=0, index=1): <Trial 1 (1 in rep 0) data={'folder': '01-t', 'image': '018_Yellow.jpg', 'logical': True, 'corrColor': 'Yellow', 'corrR': 100, 'corrG': 88, 'corrB': 0, 'image_path': '01-t/018_Yellow_0.png', 'thisN': 1, 'thisTrialN': 1, 'thisRepN': 0}>
32.3628 	EXP 	text_11: autoDraw = False
32.3628 	EXP 	text_11: autoDraw = False
32.3628 	EXP 	img: foreColor = <psychopy.colors.Color: white, alpha=1.0>
32.3628 	EXP 	img: ori = np.float64(0.0)
32.3628 	EXP 	Instructions: text = 'Click the spacebar to shuffle through the filters to recognize the color.\nPress the button of the color you think it corresponds to.'
32.3628 	EXP 	counter_Text: height = np.float64(72.0)
32.3628 	EXP 	counter_Text: height = np.float64(72.0)
32.3628 	EXP 	counter_Text: height = np.float64(72.0)
32.3628 	EXP 	counter_Text: text = 2
32.3628 	EXP 	img: autoDraw = True
32.3628 	EXP 	Instructions: autoDraw = True
32.3628 	EXP 	RBGInfo: autoDraw = True
32.3628 	EXP 	G: autoDraw = True
32.3628 	EXP 	B: autoDraw = True
32.3628 	EXP 	counter_Text: autoDraw = True
32.3628 	EXP 	total_count: autoDraw = True
32.5125 	EXP 	R: autoDraw = True
35.4597 	DATA 	Keypress: space
35.4603 	EXP 	Device response: <KeyPress from None: t=35.399636999936774, value=space, duration=None>
35.6312 	EXP 	Device response: <KeyPress from None: t=35.399636999936774, value=space, duration=0.10684580006636679>
45.5936 	DATA 	Mouse: Left button down, pos=(1716,591)
45.6124 	EXP 	img: autoDraw = False
45.6124 	EXP 	Instructions: autoDraw = False
45.6124 	EXP 	RBGInfo: autoDraw = False
45.6124 	EXP 	R: autoDraw = False
45.6124 	EXP 	G: autoDraw = False
45.6124 	EXP 	B: autoDraw = False
45.6124 	EXP 	counter_Text: autoDraw = False
45.6124 	EXP 	total_count: autoDraw = False
45.6124 	EXP 	text_8: autoDraw = True
45.7189 	DATA 	Mouse:  Left button up, pos=(1716,591)
46.0280 	EXP 	text_8: autoDraw = False
46.0280 	EXP 	slider: markerPos = None
46.0280 	EXP 	slider: markerPos = 1
46.0280 	EXP 	slider: autoDraw = True
46.0280 	EXP 	text_9: autoDraw = True
46.0280 	EXP 	text_answer: autoDraw = True
46.8147 	DATA 	Mouse: Left button down, pos=(1399,640)
46.8609 	EXP 	slider: markerPos = np.float64(4.9559999999999995)
46.8942 	EXP 	slider: markerPos = np.float64(4.9559999999999995)
46.9186 	DATA 	Mouse:  Left button up, pos=(1399,639)
46.9276 	EXP 	slider: markerPos = np.float64(4.9559999999999995)
46.9776 	EXP 	slider: markerPos = 5.0
48.1299 	DATA 	Mouse: Left button down, pos=(1007,273)
48.1493 	EXP 	slider: autoDraw = False
48.1493 	EXP 	text_9: autoDraw = False
48.1493 	EXP 	text_answer: autoDraw = False
48.1493 	EXP 	text_8: autoDraw = True
48.2358 	DATA 	Mouse:  Left button up, pos=(1007,273)
48.5442 	INFO 	Keyboard events cleared
48.5439 	EXP 	text_8: autoDraw = False
48.5439 	EXP 	text_8: autoDraw = False
48.5439 	EXP 	corrColor_2: height = np.float64(56.0)
48.5439 	EXP 	corrColor_2: height = np.float64(56.0)
48.5439 	EXP 	corrColor_2: height = np.float64(56.0)
48.5439 	EXP 	corrColor_2: text = 'Yellow'
48.5439 	EXP 	R_2: height = np.float64(42.0)
48.5439 	EXP 	R_2: height = np.float64(42.0)
48.5439 	EXP 	R_2: height = np.float64(42.0)
48.5439 	EXP 	R_2: text = 100
48.5439 	EXP 	G_2: height = np.float64(42.0)
48.5439 	EXP 	G_2: height = np.float64(42.0)
48.5439 	EXP 	G_2: height = np.float64(42.0)
48.5439 	EXP 	G_2: text = 88
48.5439 	EXP 	B_2: height = np.float64(42.0)
48.5439 	EXP 	B_2: height = np.float64(42.0)
48.5439 	EXP 	B_2: height = np.float64(42.0)
48.5439 	EXP 	B_2: text = 0
48.5439 	EXP 	correctAnswer: autoDraw = True
48.5439 	EXP 	RBGInfo_2: autoDraw = True
48.5439 	EXP 	R_2: autoDraw = True
48.5439 	EXP 	G_2: autoDraw = True
48.5439 	EXP 	B_2: autoDraw = True
49.1684 	DATA 	Mouse: Left button down, pos=(1022,283)
49.1945 	EXP 	correctAnswer: autoDraw = False
49.1945 	EXP 	wrongAnswer: autoDraw = False
49.1945 	EXP 	corrColor_2: autoDraw = False
49.1945 	EXP 	RBGInfo_2: autoDraw = False
49.1945 	EXP 	R_2: autoDraw = False
49.1945 	EXP 	G_2: autoDraw = False
49.1945 	EXP 	B_2: autoDraw = False
49.1945 	EXP 	text_11: autoDraw = True
49.2694 	DATA 	Mouse:  Left button up, pos=(1024,283)
49.5340 	EXP 	New trial (rep=0, index=2): <Trial 2 (2 in rep 0) data={'folder': '02-1', 'image': '010_Pink.jpg', 'logical': True, 'corrColor': 'Pink', 'corrR': 98, 'corrG': 0, 'corrB': 52, 'image_path': '02-1/010_Pink_0.png', 'thisN': 2, 'thisTrialN': 2, 'thisRepN': 0}>
49.7627 	EXP 	text_11: autoDraw = False
49.7627 	EXP 	img: foreColor = <psychopy.colors.Color: white, alpha=1.0>
49.7627 	EXP 	img: ori = np.float64(0.0)
49.7627 	EXP 	Instructions: text = 'Click the spacebar to shuffle through the filters to recognize the color.\nPress the button of the color you think it corresponds to.'
49.7627 	EXP 	counter_Text: height = np.float64(72.0)
49.7627 	EXP 	counter_Text: height = np.float64(72.0)
49.7627 	EXP 	counter_Text: height = np.float64(72.0)
49.7627 	EXP 	counter_Text: text = 3
49.7627 	EXP 	img: autoDraw = True
49.7627 	EXP 	Instructions: autoDraw = True
49.7627 	EXP 	RBGInfo: autoDraw = True
49.7627 	EXP 	G: autoDraw = True
49.7627 	EXP 	B: autoDraw = True
49.7627 	EXP 	counter_Text: autoDraw = True
49.7627 	EXP 	total_count: autoDraw = True
49.9279 	EXP 	R: autoDraw = True
51.5429 	DATA 	Keypress: space
51.5436 	EXP 	Device response: <KeyPress from None: t=51.53975419991184, value=space, duration=None>
51.7055 	EXP 	Device response: <KeyPress from None: t=51.53975419991184, value=space, duration=0.10655910009518266>
52.4571 	DATA 	Keypress: space
52.4584 	EXP 	Device response: <KeyPress from None: t=52.3628942000214, value=space, duration=None>
52.4584 	EXP 	Device response: <KeyPress from None: t=52.3628942000214, value=space, duration=0.07984119991306216>
60.4462 	DATA 	Mouse: Left button down, pos=(1686,821)
60.4609 	EXP 	img: autoDraw = False
60.4609 	EXP 	Instructions: autoDraw = False
60.4609 	EXP 	RBGInfo: autoDraw = False
60.4609 	EXP 	R: autoDraw = False
60.4609 	EXP 	G: autoDraw = False
60.4609 	EXP 	B: autoDraw = False
60.4609 	EXP 	counter_Text: autoDraw = False
60.4609 	EXP 	total_count: autoDraw = False
60.4609 	EXP 	text_8: autoDraw = True
60.5715 	DATA 	Mouse:  Left button up, pos=(1686,821)
60.8771 	EXP 	text_8: autoDraw = False
60.8771 	EXP 	text_8: autoDraw = False
60.8771 	EXP 	slider: markerPos = None
60.8771 	EXP 	slider: markerPos = 1
60.8771 	EXP 	slider: autoDraw = True
60.8771 	EXP 	text_9: autoDraw = True
60.8771 	EXP 	text_answer: autoDraw = True
61.8031 	DATA 	Mouse: Left button down, pos=(1432,587)
61.8433 	EXP 	slider: markerPos = np.float64(5.088)
61.8774 	EXP 	slider: markerPos = np.float64(5.088)
61.9098 	EXP 	slider: markerPos = np.float64(5.088)
61.9339 	DATA 	Mouse:  Left button up, pos=(1432,587)
61.9434 	EXP 	slider: markerPos = np.float64(5.088)
61.9935 	EXP 	slider: markerPos = 5.0
62.6945 	DATA 	Mouse: Left button down, pos=(1002,234)
62.7301 	EXP 	slider: autoDraw = False
62.7301 	EXP 	text_9: autoDraw = False
62.7301 	EXP 	text_answer: autoDraw = False
62.7301 	EXP 	text_8: autoDraw = True
62.8167 	DATA 	Mouse:  Left button up, pos=(1002,234)
63.1272 	INFO 	Keyboard events cleared
63.1270 	EXP 	text_8: autoDraw = False
63.1270 	EXP 	text_8: autoDraw = False
63.1270 	EXP 	corrColor_2: height = np.float64(56.0)
63.1270 	EXP 	corrColor_2: height = np.float64(56.0)
63.1270 	EXP 	corrColor_2: height = np.float64(56.0)
63.1270 	EXP 	corrColor_2: text = 'Pink'
63.1270 	EXP 	R_2: height = np.float64(42.0)
63.1270 	EXP 	R_2: height = np.float64(42.0)
63.1270 	EXP 	R_2: height = np.float64(42.0)
63.1270 	EXP 	R_2: text = 98
63.1270 	EXP 	G_2: height = np.float64(42.0)
63.1270 	EXP 	G_2: height = np.float64(42.0)
63.1270 	EXP 	G_2: height = np.float64(42.0)
63.1270 	EXP 	G_2: text = 0
63.1270 	EXP 	B_2: height = np.float64(42.0)
63.1270 	EXP 	B_2: height = np.float64(42.0)
63.1270 	EXP 	B_2: height = np.float64(42.0)
63.1270 	EXP 	B_2: text = 52
63.1270 	EXP 	correctAnswer: autoDraw = True
63.1270 	EXP 	RBGInfo_2: autoDraw = True
63.1270 	EXP 	R_2: autoDraw = True
63.1270 	EXP 	G_2: autoDraw = True
63.1270 	EXP 	B_2: autoDraw = True
63.6088 	DATA 	Mouse: Left button down, pos=(991,282)
63.6487 	EXP 	correctAnswer: autoDraw = False
63.6487 	EXP 	wrongAnswer: autoDraw = False
63.6487 	EXP 	corrColor_2: autoDraw = False
63.6487 	EXP 	RBGInfo_2: autoDraw = False
63.6487 	EXP 	R_2: autoDraw = False
63.6487 	EXP 	G_2: autoDraw = False
63.6487 	EXP 	B_2: autoDraw = False
63.6487 	EXP 	text_11: autoDraw = True
63.7376 	DATA 	Mouse:  Left button up, pos=(995,286)
63.9987 	EXP 	New trial (rep=0, index=3): <Trial 3 (3 in rep 0) data={'folder': '03-1', 'image': '020_Grey.jpg', 'logical': True, 'corrColor': 'Grey', 'corrR': 47, 'corrG': 44, 'corrB': 45, 'image_path': '03-1/020_Grey_0.png', 'thisN': 3, 'thisTrialN': 3, 'thisRepN': 0}>
64.2123 	EXP 	text_11: autoDraw = False
64.2123 	EXP 	img: foreColor = <psychopy.colors.Color: white, alpha=1.0>
64.2123 	EXP 	img: ori = np.float64(0.0)
64.2123 	EXP 	Instructions: text = 'Click the spacebar to shuffle through the filters to recognize the color.\nPress the button of the color you think it corresponds to.'
64.2123 	EXP 	counter_Text: height = np.float64(72.0)
64.2123 	EXP 	counter_Text: height = np.float64(72.0)
64.2123 	EXP 	counter_Text: height = np.float64(72.0)
64.2123 	EXP 	counter_Text: text = 4
64.2123 	EXP 	img: autoDraw = True
64.2123 	EXP 	Instructions: autoDraw = True
64.2123 	EXP 	RBGInfo: autoDraw = True
64.2123 	EXP 	G: autoDraw = True
64.2123 	EXP 	B: autoDraw = True
64.2123 	EXP 	counter_Text: autoDraw = True
64.2123 	EXP 	total_count: autoDraw = True
64.3940 	EXP 	R: autoDraw = True
66.9932 	DATA 	Keypress: space
67.1414 	EXP 	Device response: <KeyPress from None: t=66.99218840000685, value=space, duration=None>
67.1415 	EXP 	Device response: <KeyPress from None: t=66.99218840000685, value=space, duration=0.09893829992506653>
69.8012 	DATA 	Keypress: space
69.8023 	EXP 	Device response: <KeyPress from None: t=69.76640810002573, value=space, duration=None>
69.9869 	EXP 	Device response: <KeyPress from None: t=69.76640810002573, value=space, duration=0.11551829997915775>
74.2326 	DATA 	Keypress: space
74.2338 	EXP 	Device response: <KeyPress from None: t=74.14826819999143, value=space, duration=None>
74.4053 	EXP 	Device response: <KeyPress from None: t=74.14826819999143, value=space, duration=0.09757739992346615>
74.8838 	DATA 	Keypress: space
74.8844 	EXP 	Device response: <KeyPress from None: t=74.82490220002364, value=space, duration=None>
75.0295 	EXP 	Device response: <KeyPress from None: t=74.82490220002364, value=space, duration=0.12489459989592433>
75.3271 	DATA 	Keypress: space
75.3284 	EXP 	Device response: <KeyPress from None: t=75.31484879995696, value=space, duration=None>
75.4812 	EXP 	Device response: <KeyPress from None: t=75.31484879995696, value=space, duration=0.11652030004188418>
75.8185 	DATA 	Keypress: space
75.8192 	EXP 	Device response: <KeyPress from None: t=75.77218769991305, value=space, duration=None>
75.9786 	EXP 	Device response: <KeyPress from None: t=75.77218769991305, value=space, duration=0.12515500001609325>
78.2508 	DATA 	Mouse: Left button down, pos=(1663,941)
78.2769 	EXP 	img: autoDraw = False
78.2769 	EXP 	Instructions: autoDraw = False
78.2769 	EXP 	RBGInfo: autoDraw = False
78.2769 	EXP 	R: autoDraw = False
78.2769 	EXP 	G: autoDraw = False
78.2769 	EXP 	B: autoDraw = False
78.2769 	EXP 	counter_Text: autoDraw = False
78.2769 	EXP 	total_count: autoDraw = False
78.2769 	EXP 	text_8: autoDraw = True
78.3198 	DATA 	Mouse:  Left button up, pos=(1663,941)
78.6766 	EXP 	text_8: autoDraw = False
78.6766 	EXP 	slider: markerPos = None
78.6766 	EXP 	slider: markerPos = 1
78.6766 	EXP 	slider: autoDraw = True
78.6766 	EXP 	text_9: autoDraw = True
78.6766 	EXP 	text_answer: autoDraw = True
79.5129 	DATA 	Mouse: Left button down, pos=(1410,613)
79.5435 	EXP 	slider: markerPos = np.float64(5.0)
79.5766 	EXP 	slider: markerPos = np.float64(5.0)
79.6093 	EXP 	slider: markerPos = np.float64(5.0)
79.6127 	DATA 	Mouse:  Left button up, pos=(1410,613)
79.6604 	EXP 	slider: markerPos = 5.0
80.2822 	DATA 	Mouse: Left button down, pos=(1001,258)
80.3116 	EXP 	slider: autoDraw = False
80.3116 	EXP 	text_9: autoDraw = False
80.3116 	EXP 	text_answer: autoDraw = False
80.3116 	EXP 	text_8: autoDraw = True
80.3820 	DATA 	Mouse:  Left button up, pos=(1001,258)
80.7102 	INFO 	Keyboard events cleared
80.7100 	EXP 	text_8: autoDraw = False
80.7100 	EXP 	text_8: autoDraw = False
80.7100 	EXP 	corrColor_2: height = np.float64(56.0)
80.7100 	EXP 	corrColor_2: height = np.float64(56.0)
80.7100 	EXP 	corrColor_2: height = np.float64(56.0)
80.7100 	EXP 	corrColor_2: text = 'Grey'
80.7100 	EXP 	R_2: height = np.float64(42.0)
80.7100 	EXP 	R_2: height = np.float64(42.0)
80.7100 	EXP 	R_2: height = np.float64(42.0)
80.7100 	EXP 	R_2: text = 47
80.7100 	EXP 	G_2: height = np.float64(42.0)
80.7100 	EXP 	G_2: height = np.float64(42.0)
80.7100 	EXP 	G_2: height = np.float64(42.0)
80.7100 	EXP 	G_2: text = 44
80.7100 	EXP 	B_2: height = np.float64(42.0)
80.7100 	EXP 	B_2: height = np.float64(42.0)
80.7100 	EXP 	B_2: height = np.float64(42.0)
80.7100 	EXP 	B_2: text = 45
80.7100 	EXP 	correctAnswer: autoDraw = True
80.7100 	EXP 	RBGInfo_2: autoDraw = True
80.7100 	EXP 	R_2: autoDraw = True
80.7100 	EXP 	G_2: autoDraw = True
80.7100 	EXP 	B_2: autoDraw = True
81.9520 	DATA 	Mouse: Left button down, pos=(1002,276)
81.9760 	EXP 	correctAnswer: autoDraw = False
81.9760 	EXP 	wrongAnswer: autoDraw = False
81.9760 	EXP 	corrColor_2: autoDraw = False
81.9760 	EXP 	RBGInfo_2: autoDraw = False
81.9760 	EXP 	R_2: autoDraw = False
81.9760 	EXP 	G_2: autoDraw = False
81.9760 	EXP 	B_2: autoDraw = False
81.9760 	EXP 	text_11: autoDraw = True
82.0506 	DATA 	Mouse:  Left button up, pos=(1002,276)
82.3142 	EXP 	New trial (rep=0, index=4): <Trial 4 (4 in rep 0) data={'folder': '03-1', 'image': '013_Green.jpg', 'logical': True, 'corrColor': 'Green', 'corrR': 2, 'corrG': 100, 'corrB': 2, 'image_path': '03-1/013_Green_0.png', 'thisN': 4, 'thisTrialN': 4, 'thisRepN': 0}>
82.5277 	EXP 	text_11: autoDraw = False
82.5277 	EXP 	img: foreColor = <psychopy.colors.Color: white, alpha=1.0>
82.5277 	EXP 	img: ori = np.float64(0.0)
82.5277 	EXP 	Instructions: text = 'Click the spacebar to shuffle through the filters to recognize the color.\nPress the button of the color you think it corresponds to.'
82.5277 	EXP 	counter_Text: height = np.float64(72.0)
82.5277 	EXP 	counter_Text: height = np.float64(72.0)
82.5277 	EXP 	counter_Text: height = np.float64(72.0)
82.5277 	EXP 	counter_Text: text = 5
82.5277 	EXP 	img: autoDraw = True
82.5277 	EXP 	Instructions: autoDraw = True
82.5277 	EXP 	RBGInfo: autoDraw = True
82.5277 	EXP 	G: autoDraw = True
82.5277 	EXP 	B: autoDraw = True
82.5277 	EXP 	counter_Text: autoDraw = True
82.5277 	EXP 	total_count: autoDraw = True
82.6765 	EXP 	R: autoDraw = True
85.0890 	DATA 	Keypress: space
85.0897 	EXP 	Device response: <KeyPress from None: t=85.0800343999872, value=space, duration=None>
85.2620 	EXP 	Device response: <KeyPress from None: t=85.0800343999872, value=space, duration=0.1070361000020057>
86.6076 	DATA 	Keypress: space
86.6085 	EXP 	Device response: <KeyPress from None: t=86.51256870001089, value=space, duration=None>
86.6121 	EXP 	Device response: <KeyPress from None: t=86.51256870001089, value=space, duration=0.09814000001642853>
93.7742 	DATA 	Mouse: Left button down, pos=(1718,400)
93.7932 	EXP 	img: autoDraw = False
93.7932 	EXP 	Instructions: autoDraw = False
93.7932 	EXP 	RBGInfo: autoDraw = False
93.7932 	EXP 	R: autoDraw = False
93.7932 	EXP 	G: autoDraw = False
93.7932 	EXP 	B: autoDraw = False
93.7932 	EXP 	counter_Text: autoDraw = False
93.7932 	EXP 	total_count: autoDraw = False
93.7932 	EXP 	text_8: autoDraw = True
93.8509 	DATA 	Mouse:  Left button up, pos=(1718,400)
94.2095 	EXP 	text_8: autoDraw = False
94.2095 	EXP 	text_8: autoDraw = False
94.2095 	EXP 	slider: markerPos = None
94.2095 	EXP 	slider: markerPos = 1
94.2095 	EXP 	slider: autoDraw = True
94.2095 	EXP 	text_9: autoDraw = True
94.2095 	EXP 	text_answer: autoDraw = True
95.1289 	DATA 	Mouse: Left button down, pos=(1392,571)
95.1587 	EXP 	slider: markerPos = np.float64(4.932)
95.1923 	EXP 	slider: markerPos = np.float64(4.932)
95.2261 	EXP 	slider: markerPos = np.float64(4.932)
95.2475 	DATA 	Mouse:  Left button up, pos=(1393,569)
95.2584 	EXP 	slider: markerPos = np.float64(4.932)
95.3092 	EXP 	slider: markerPos = 5.0
95.8765 	DATA 	Mouse: Left button down, pos=(1033,265)
95.8960 	EXP 	slider: autoDraw = False
95.8960 	EXP 	text_9: autoDraw = False
95.8960 	EXP 	text_answer: autoDraw = False
95.8960 	EXP 	text_8: autoDraw = True
95.9685 	DATA 	Mouse:  Left button up, pos=(1033,265)
96.2925 	INFO 	Keyboard events cleared
96.2922 	EXP 	text_8: autoDraw = False
96.2922 	EXP 	text_8: autoDraw = False
96.2922 	EXP 	corrColor_2: height = np.float64(56.0)
96.2922 	EXP 	corrColor_2: height = np.float64(56.0)
96.2922 	EXP 	corrColor_2: height = np.float64(56.0)
96.2922 	EXP 	corrColor_2: text = 'Green'
96.2922 	EXP 	R_2: height = np.float64(42.0)
96.2922 	EXP 	R_2: height = np.float64(42.0)
96.2922 	EXP 	R_2: height = np.float64(42.0)
96.2922 	EXP 	R_2: text = 2
96.2922 	EXP 	G_2: height = np.float64(42.0)
96.2922 	EXP 	G_2: height = np.float64(42.0)
96.2922 	EXP 	G_2: height = np.float64(42.0)
96.2922 	EXP 	G_2: text = 100
96.2922 	EXP 	B_2: height = np.float64(42.0)
96.2922 	EXP 	B_2: height = np.float64(42.0)
96.2922 	EXP 	B_2: height = np.float64(42.0)
96.2922 	EXP 	B_2: text = 2
96.2922 	EXP 	correctAnswer: autoDraw = True
96.2922 	EXP 	RBGInfo_2: autoDraw = True
96.2922 	EXP 	R_2: autoDraw = True
96.2922 	EXP 	G_2: autoDraw = True
96.2922 	EXP 	B_2: autoDraw = True
96.7963 	DATA 	Mouse: Left button down, pos=(1045,245)
96.8125 	EXP 	correctAnswer: autoDraw = False
96.8125 	EXP 	wrongAnswer: autoDraw = False
96.8125 	EXP 	corrColor_2: autoDraw = False
96.8125 	EXP 	RBGInfo_2: autoDraw = False
96.8125 	EXP 	R_2: autoDraw = False
96.8125 	EXP 	G_2: autoDraw = False
96.8125 	EXP 	B_2: autoDraw = False
96.8125 	EXP 	text_11: autoDraw = True
96.9071 	DATA 	Mouse:  Left button up, pos=(1051,245)
97.1476 	EXP 	New trial (rep=0, index=5): <Trial 5 (5 in rep 0) data={'folder': '02-1', 'image': '012_Lime-green.jpg', 'logical': True, 'corrColor': 'Lime-green', 'corrR': 61, 'corrG': 94, 'corrB': 3, 'image_path': '02-1/012_Lime-green_0.png', 'thisN': 5, 'thisTrialN': 5, 'thisRepN': 0}>
97.3770 	EXP 	text_11: autoDraw = False
97.3770 	EXP 	text_11: autoDraw = False
97.3770 	EXP 	img: foreColor = <psychopy.colors.Color: white, alpha=1.0>
97.3770 	EXP 	img: ori = np.float64(0.0)
97.3770 	EXP 	Instructions: text = 'Click the spacebar to shuffle through the filters to recognize the color.\nPress the button of the color you think it corresponds to.'
97.3770 	EXP 	counter_Text: height = np.float64(72.0)
97.3770 	EXP 	counter_Text: height = np.float64(72.0)
97.3770 	EXP 	counter_Text: height = np.float64(72.0)
97.3770 	EXP 	counter_Text: text = 6
97.3770 	EXP 	img: autoDraw = True
97.3770 	EXP 	Instructions: autoDraw = True
97.3770 	EXP 	RBGInfo: autoDraw = True
97.3770 	EXP 	G: autoDraw = True
97.3770 	EXP 	B: autoDraw = True
97.3770 	EXP 	counter_Text: autoDraw = True
97.3770 	EXP 	total_count: autoDraw = True
97.5432 	EXP 	R: autoDraw = True
105.3740 	DATA 	Keypress: space
105.3750 	EXP 	Device response: <KeyPress from None: t=105.36155409994535, value=space, duration=None>
105.5698 	EXP 	Device response: <KeyPress from None: t=105.36155409994535, value=space, duration=0.09799280005972832>
107.7733 	DATA 	Keypress: space
107.9255 	EXP 	Device response: <KeyPress from None: t=107.77028960001189, value=space, duration=None>
107.9255 	EXP 	Device response: <KeyPress from None: t=107.77028960001189, value=space, duration=0.08863969997037202>
112.4659 	DATA 	Keypress: space
112.6230 	EXP 	Device response: <KeyPress from None: t=112.4641359000234, value=space, duration=None>
112.6231 	EXP 	Device response: <KeyPress from None: t=112.4641359000234, value=space, duration=0.14281439990736544>
113.1583 	DATA 	Keypress: space
113.1590 	EXP 	Device response: <KeyPress from None: t=113.08985739992931, value=space, duration=None>
113.3239 	EXP 	Device response: <KeyPress from None: t=113.08985739992931, value=space, duration=0.10680280008818954>
118.2817 	DATA 	Mouse: Left button down, pos=(1691,758)
118.2963 	DATA 	Mouse:  Left button up, pos=(1691,758)
118.3121 	EXP 	img: autoDraw = False
118.3121 	EXP 	Instructions: autoDraw = False
118.3121 	EXP 	RBGInfo: autoDraw = False
118.3121 	EXP 	R: autoDraw = False
118.3121 	EXP 	G: autoDraw = False
118.3121 	EXP 	B: autoDraw = False
118.3121 	EXP 	counter_Text: autoDraw = False
118.3121 	EXP 	total_count: autoDraw = False
118.3121 	EXP 	text_8: autoDraw = True
118.7249 	EXP 	text_8: autoDraw = False
118.7249 	EXP 	slider: markerPos = None
118.7249 	EXP 	slider: markerPos = 1
118.7249 	EXP 	slider: autoDraw = True
118.7249 	EXP 	text_9: autoDraw = True
118.7249 	EXP 	text_answer: autoDraw = True
119.3619 	DATA 	Mouse: Left button down, pos=(1412,623)
119.4082 	EXP 	slider: markerPos = np.float64(5.008)
119.4420 	EXP 	slider: markerPos = np.float64(5.008)
119.4749 	EXP 	slider: markerPos = np.float64(5.008)
119.4802 	DATA 	Mouse:  Left button up, pos=(1412,621)
119.5248 	EXP 	slider: markerPos = 5.0
120.1774 	DATA 	Mouse: Left button down, pos=(1022,271)
120.1954 	EXP 	slider: autoDraw = False
120.1954 	EXP 	text_9: autoDraw = False
120.1954 	EXP 	text_answer: autoDraw = False
120.1954 	EXP 	text_8: autoDraw = True
120.3060 	DATA 	Mouse:  Left button up, pos=(1048,278)
120.5914 	INFO 	Keyboard events cleared
120.5912 	EXP 	text_8: autoDraw = False
120.5912 	EXP 	text_8: autoDraw = False
120.5912 	EXP 	corrColor_2: height = np.float64(56.0)
120.5912 	EXP 	corrColor_2: height = np.float64(56.0)
120.5912 	EXP 	corrColor_2: height = np.float64(56.0)
120.5912 	EXP 	corrColor_2: text = 'Lime-green'
120.5912 	EXP 	R_2: height = np.float64(42.0)
120.5912 	EXP 	R_2: height = np.float64(42.0)
120.5912 	EXP 	R_2: height = np.float64(42.0)
120.5912 	EXP 	R_2: text = 61
120.5912 	EXP 	G_2: height = np.float64(42.0)
120.5912 	EXP 	G_2: height = np.float64(42.0)
120.5912 	EXP 	G_2: height = np.float64(42.0)
120.5912 	EXP 	G_2: text = 94
120.5912 	EXP 	B_2: height = np.float64(42.0)
120.5912 	EXP 	B_2: height = np.float64(42.0)
120.5912 	EXP 	B_2: height = np.float64(42.0)
120.5912 	EXP 	B_2: text = 3
120.5912 	EXP 	correctAnswer: autoDraw = True
120.5912 	EXP 	RBGInfo_2: autoDraw = True
120.5912 	EXP 	R_2: autoDraw = True
120.5912 	EXP 	G_2: autoDraw = True
120.5912 	EXP 	B_2: autoDraw = True
121.1610 	DATA 	Mouse: Left button down, pos=(1033,239)
121.1963 	EXP 	correctAnswer: autoDraw = False
121.1963 	EXP 	wrongAnswer: autoDraw = False
121.1963 	EXP 	corrColor_2: autoDraw = False
121.1963 	EXP 	RBGInfo_2: autoDraw = False
121.1963 	EXP 	R_2: autoDraw = False
121.1963 	EXP 	G_2: autoDraw = False
121.1963 	EXP 	B_2: autoDraw = False
121.1963 	EXP 	text_11: autoDraw = True
121.2862 	DATA 	Mouse:  Left button up, pos=(1047,241)
121.5478 	EXP 	New trial (rep=0, index=6): <Trial 6 (6 in rep 0) data={'folder': '03-1', 'image': '029_Bordeaux.jpg', 'logical': True, 'corrColor': 'Bordeaux', 'corrR': 54, 'corrG': 0, 'corrB': 21, 'image_path': '03-1/029_Bordeaux_0.png', 'thisN': 6, 'thisTrialN': 6, 'thisRepN': 0}>
121.7601 	EXP 	text_11: autoDraw = False
121.7601 	EXP 	img: foreColor = <psychopy.colors.Color: white, alpha=1.0>
121.7601 	EXP 	img: ori = np.float64(0.0)
121.7601 	EXP 	Instructions: text = 'Click the spacebar to shuffle through the filters to recognize the color.\nPress the button of the color you think it corresponds to.'
121.7601 	EXP 	counter_Text: height = np.float64(72.0)
121.7601 	EXP 	counter_Text: height = np.float64(72.0)
121.7601 	EXP 	counter_Text: height = np.float64(72.0)
121.7601 	EXP 	counter_Text: text = 7
121.7601 	EXP 	img: autoDraw = True
121.7601 	EXP 	Instructions: autoDraw = True
121.7601 	EXP 	RBGInfo: autoDraw = True
121.7601 	EXP 	G: autoDraw = True
121.7601 	EXP 	B: autoDraw = True
121.7601 	EXP 	counter_Text: autoDraw = True
121.7601 	EXP 	total_count: autoDraw = True
121.9088 	EXP 	R: autoDraw = True
124.7551 	DATA 	Keypress: space
124.7560 	EXP 	Device response: <KeyPress from None: t=124.69816719996743, value=space, duration=None>
124.7623 	EXP 	Device response: <KeyPress from None: t=124.69816719996743, value=space, duration=0.06139909999910742>
125.5580 	DATA 	Keypress: space
125.5587 	EXP 	Device response: <KeyPress from None: t=125.51627129991539, value=space, duration=None>
125.7563 	EXP 	Device response: <KeyPress from None: t=125.51627129991539, value=space, duration=0.10667340003419667>
133.6116 	DATA 	Mouse: Left button down, pos=(1750,997)
133.6241 	EXP 	img: autoDraw = False
133.6241 	EXP 	Instructions: autoDraw = False
133.6241 	EXP 	RBGInfo: autoDraw = False
133.6241 	EXP 	R: autoDraw = False
133.6241 	EXP 	G: autoDraw = False
133.6241 	EXP 	B: autoDraw = False
133.6241 	EXP 	counter_Text: autoDraw = False
133.6241 	EXP 	total_count: autoDraw = False
133.6241 	EXP 	text_8: autoDraw = True
133.7528 	DATA 	Mouse:  Left button up, pos=(1750,997)
134.0246 	EXP 	text_8: autoDraw = False
134.0246 	EXP 	text_8: autoDraw = False
134.0246 	EXP 	slider: markerPos = None
134.0246 	EXP 	slider: markerPos = 1
134.0246 	EXP 	slider: autoDraw = True
134.0246 	EXP 	text_9: autoDraw = True
134.0246 	EXP 	text_answer: autoDraw = True
134.9311 	DATA 	Mouse: Left button down, pos=(1417,604)
134.9747 	EXP 	slider: markerPos = np.float64(5.0280000000000005)
135.0076 	EXP 	slider: markerPos = np.float64(5.02)
135.0403 	EXP 	slider: markerPos = np.float64(5.02)
135.0458 	DATA 	Mouse:  Left button up, pos=(1415,601)
135.0784 	EXP 	slider: markerPos = 5.0
136.1115 	DATA 	Mouse: Left button down, pos=(1009,270)
136.1282 	EXP 	slider: autoDraw = False
136.1282 	EXP 	text_9: autoDraw = False
136.1282 	EXP 	text_answer: autoDraw = False
136.1282 	EXP 	text_8: autoDraw = True
136.2168 	DATA 	Mouse:  Left button up, pos=(1041,268)
136.5240 	INFO 	Keyboard events cleared
136.5238 	EXP 	text_8: autoDraw = False
136.5238 	EXP 	text_8: autoDraw = False
136.5238 	EXP 	corrColor_2: height = np.float64(56.0)
136.5238 	EXP 	corrColor_2: height = np.float64(56.0)
136.5238 	EXP 	corrColor_2: height = np.float64(56.0)
136.5238 	EXP 	corrColor_2: text = 'Bordeaux'
136.5238 	EXP 	R_2: height = np.float64(42.0)
136.5238 	EXP 	R_2: height = np.float64(42.0)
136.5238 	EXP 	R_2: height = np.float64(42.0)
136.5238 	EXP 	R_2: text = 54
136.5238 	EXP 	G_2: height = np.float64(42.0)
136.5238 	EXP 	G_2: height = np.float64(42.0)
136.5238 	EXP 	G_2: height = np.float64(42.0)
136.5238 	EXP 	G_2: text = 0
136.5238 	EXP 	B_2: height = np.float64(42.0)
136.5238 	EXP 	B_2: height = np.float64(42.0)
136.5238 	EXP 	B_2: height = np.float64(42.0)
136.5238 	EXP 	B_2: text = 21
136.5238 	EXP 	correctAnswer: autoDraw = True
136.5238 	EXP 	RBGInfo_2: autoDraw = True
136.5238 	EXP 	R_2: autoDraw = True
136.5238 	EXP 	G_2: autoDraw = True
136.5238 	EXP 	B_2: autoDraw = True
137.0528 	DATA 	Mouse: Left button down, pos=(1018,277)
137.0950 	EXP 	correctAnswer: autoDraw = False
137.0950 	EXP 	wrongAnswer: autoDraw = False
137.0950 	EXP 	corrColor_2: autoDraw = False
137.0950 	EXP 	RBGInfo_2: autoDraw = False
137.0950 	EXP 	R_2: autoDraw = False
137.0950 	EXP 	G_2: autoDraw = False
137.0950 	EXP 	B_2: autoDraw = False
137.0950 	EXP 	text_11: autoDraw = True
137.1690 	DATA 	Mouse:  Left button up, pos=(1022,271)
137.4293 	EXP 	New trial (rep=0, index=7): <Trial 7 (7 in rep 0) data={'folder': '03-1', 'image': '006_Brown.jpg', 'logical': True, 'corrColor': 'Brown', 'corrR': 53, 'corrG': 20, 'corrB': 0, 'image_path': '03-1/006_Brown_0.png', 'thisN': 7, 'thisTrialN': 7, 'thisRepN': 0}>
137.6747 	EXP 	text_11: autoDraw = False
137.6747 	EXP 	text_11: autoDraw = False
137.6747 	EXP 	img: foreColor = <psychopy.colors.Color: white, alpha=1.0>
137.6747 	EXP 	img: ori = np.float64(0.0)
137.6747 	EXP 	Instructions: text = 'Click the spacebar to shuffle through the filters to recognize the color.\nPress the button of the color you think it corresponds to.'
137.6747 	EXP 	counter_Text: height = np.float64(72.0)
137.6747 	EXP 	counter_Text: height = np.float64(72.0)
137.6747 	EXP 	counter_Text: height = np.float64(72.0)
137.6747 	EXP 	counter_Text: text = 8
137.6747 	EXP 	img: autoDraw = True
137.6747 	EXP 	Instructions: autoDraw = True
137.6747 	EXP 	RBGInfo: autoDraw = True
137.6747 	EXP 	G: autoDraw = True
137.6747 	EXP 	B: autoDraw = True
137.6747 	EXP 	counter_Text: autoDraw = True
137.6747 	EXP 	total_count: autoDraw = True
137.8247 	EXP 	R: autoDraw = True
139.4967 	DATA 	Keypress: space
139.4974 	EXP 	Device response: <KeyPress from None: t=139.49288739997428, value=space, duration=None>
139.6937 	EXP 	Device response: <KeyPress from None: t=139.49288739997428, value=space, duration=0.12501129996962845>
140.6642 	DATA 	Keypress: space
140.6648 	EXP 	Device response: <KeyPress from None: t=140.5985672000097, value=space, duration=None>
140.8592 	EXP 	Device response: <KeyPress from None: t=140.5985672000097, value=space, duration=0.11594889999832958>
141.9771 	DATA 	Keypress: space
141.9777 	EXP 	Device response: <KeyPress from None: t=141.9269299999578, value=space, duration=None>
142.1557 	EXP 	Device response: <KeyPress from None: t=141.9269299999578, value=space, duration=0.11690010002348572>
143.3149 	DATA 	Keypress: space
143.3165 	EXP 	Device response: <KeyPress from None: t=143.2375342999585, value=space, duration=None>
143.4792 	EXP 	Device response: <KeyPress from None: t=143.2375342999585, value=space, duration=0.10669210006017238>
150.5914 	DATA 	Mouse: Left button down, pos=(1691,1118)
150.6079 	EXP 	img: autoDraw = False
150.6079 	EXP 	Instructions: autoDraw = False
150.6079 	EXP 	RBGInfo: autoDraw = False
150.6079 	EXP 	R: autoDraw = False
150.6079 	EXP 	G: autoDraw = False
150.6079 	EXP 	B: autoDraw = False
150.6079 	EXP 	counter_Text: autoDraw = False
150.6079 	EXP 	total_count: autoDraw = False
150.6079 	EXP 	text_8: autoDraw = True
150.6663 	DATA 	Mouse:  Left button up, pos=(1691,1118)
151.0065 	EXP 	text_8: autoDraw = False
151.0065 	EXP 	text_8: autoDraw = False
151.0065 	EXP 	slider: markerPos = None
151.0065 	EXP 	slider: markerPos = 1
151.0065 	EXP 	slider: autoDraw = True
151.0065 	EXP 	text_9: autoDraw = True
151.0065 	EXP 	text_answer: autoDraw = True
151.7265 	DATA 	Mouse: Left button down, pos=(1423,594)
151.7737 	EXP 	slider: markerPos = np.float64(5.052)
151.8070 	EXP 	slider: markerPos = np.float64(5.052)
151.8353 	DATA 	Mouse:  Left button up, pos=(1423,594)
151.8569 	EXP 	slider: markerPos = np.float64(5.052)
151.9069 	EXP 	slider: markerPos = 5.0
152.5839 	DATA 	Mouse: Left button down, pos=(1000,257)
152.6276 	EXP 	slider: autoDraw = False
152.6276 	EXP 	text_9: autoDraw = False
152.6276 	EXP 	text_answer: autoDraw = False
152.6276 	EXP 	text_8: autoDraw = True
152.7019 	DATA 	Mouse:  Left button up, pos=(1004,256)
153.0241 	INFO 	Keyboard events cleared
153.0238 	EXP 	text_8: autoDraw = False
153.0238 	EXP 	text_8: autoDraw = False
153.0238 	EXP 	corrColor_2: height = np.float64(56.0)
153.0238 	EXP 	corrColor_2: height = np.float64(56.0)
153.0238 	EXP 	corrColor_2: height = np.float64(56.0)
153.0238 	EXP 	corrColor_2: text = 'Brown'
153.0238 	EXP 	R_2: height = np.float64(42.0)
153.0238 	EXP 	R_2: height = np.float64(42.0)
153.0238 	EXP 	R_2: height = np.float64(42.0)
153.0238 	EXP 	R_2: text = 53
153.0238 	EXP 	G_2: height = np.float64(42.0)
153.0238 	EXP 	G_2: height = np.float64(42.0)
153.0238 	EXP 	G_2: height = np.float64(42.0)
153.0238 	EXP 	G_2: text = 20
153.0238 	EXP 	B_2: height = np.float64(42.0)
153.0238 	EXP 	B_2: height = np.float64(42.0)
153.0238 	EXP 	B_2: height = np.float64(42.0)
153.0238 	EXP 	B_2: text = 0
153.0238 	EXP 	correctAnswer: autoDraw = True
153.0238 	EXP 	RBGInfo_2: autoDraw = True
153.0238 	EXP 	R_2: autoDraw = True
153.0238 	EXP 	G_2: autoDraw = True
153.0238 	EXP 	B_2: autoDraw = True
153.4725 	DATA 	Mouse: Left button down, pos=(1038,248)
153.5116 	EXP 	correctAnswer: autoDraw = False
153.5116 	EXP 	wrongAnswer: autoDraw = False
153.5116 	EXP 	corrColor_2: autoDraw = False
153.5116 	EXP 	RBGInfo_2: autoDraw = False
153.5116 	EXP 	R_2: autoDraw = False
153.5116 	EXP 	G_2: autoDraw = False
153.5116 	EXP 	B_2: autoDraw = False
153.5116 	EXP 	text_11: autoDraw = True
153.6190 	DATA 	Mouse:  Left button up, pos=(1042,251)
153.8470 	EXP 	New trial (rep=0, index=8): <Trial 8 (8 in rep 0) data={'folder': '01-1', 'image': '029_Cyan.jpg', 'logical': True, 'corrColor': 'Cyan', 'corrR': 2, 'corrG': 100, 'corrB': 88, 'image_path': '01-1/029_Cyan_0.png', 'thisN': 8, 'thisTrialN': 8, 'thisRepN': 0}>
154.0752 	EXP 	text_11: autoDraw = False
154.0752 	EXP 	text_11: autoDraw = False
154.0752 	EXP 	img: foreColor = <psychopy.colors.Color: white, alpha=1.0>
154.0752 	EXP 	img: ori = np.float64(0.0)
154.0752 	EXP 	Instructions: text = 'Click the spacebar to shuffle through the filters to recognize the color.\nPress the button of the color you think it corresponds to.'
154.0752 	EXP 	counter_Text: height = np.float64(72.0)
154.0752 	EXP 	counter_Text: height = np.float64(72.0)
154.0752 	EXP 	counter_Text: height = np.float64(72.0)
154.0752 	EXP 	counter_Text: text = 9
154.0752 	EXP 	img: autoDraw = True
154.0752 	EXP 	Instructions: autoDraw = True
154.0752 	EXP 	RBGInfo: autoDraw = True
154.0752 	EXP 	G: autoDraw = True
154.0752 	EXP 	B: autoDraw = True
154.0752 	EXP 	counter_Text: autoDraw = True
154.0752 	EXP 	total_count: autoDraw = True
154.2428 	EXP 	R: autoDraw = True
155.5622 	DATA 	Keypress: space
155.7161 	EXP 	Device response: <KeyPress from None: t=155.56106229999568, value=space, duration=None>
155.7161 	EXP 	Device response: <KeyPress from None: t=155.56106229999568, value=space, duration=0.12517649994697422>
157.4627 	EXP 	Device response: <KeyPress from None: t=157.46091639995575, value=space, duration=None>
157.4659 	DATA 	Keypress: space
157.6113 	EXP 	Device response: <KeyPress from None: t=157.46091639995575, value=space, duration=0.11626729997806251>
184.6320 	DATA 	Keypress: space
184.7404 	EXP 	Device response: <KeyPress from None: t=184.6310070999898, value=space, duration=None>
184.9175 	EXP 	Device response: <KeyPress from None: t=184.6310070999898, value=space, duration=0.1251794999698177>
185.2437 	DATA 	Keypress: space
185.2442 	EXP 	Device response: <KeyPress from None: t=185.21516050002538, value=space, duration=None>
185.3823 	EXP 	Device response: <KeyPress from None: t=185.21516050002538, value=space, duration=0.10697539988905191>
185.6857 	DATA 	Keypress: space
185.6870 	EXP 	Device response: <KeyPress from None: t=185.67873039992992, value=space, duration=None>
185.8480 	EXP 	Device response: <KeyPress from None: t=185.67873039992992, value=space, duration=0.11594600009266287>
186.3244 	DATA 	Keypress: space
186.3258 	EXP 	Device response: <KeyPress from None: t=186.2669025999494, value=space, duration=None>
186.4773 	EXP 	Device response: <KeyPress from None: t=186.2669025999494, value=space, duration=0.12541280000004917>
190.1649 	DATA 	Mouse: Left button down, pos=(1705,471)
190.1897 	EXP 	img: autoDraw = False
190.1897 	EXP 	Instructions: autoDraw = False
190.1897 	EXP 	RBGInfo: autoDraw = False
190.1897 	EXP 	R: autoDraw = False
190.1897 	EXP 	G: autoDraw = False
190.1897 	EXP 	B: autoDraw = False
190.1897 	EXP 	counter_Text: autoDraw = False
190.1897 	EXP 	total_count: autoDraw = False
190.1897 	EXP 	text_8: autoDraw = True
190.2656 	DATA 	Mouse:  Left button up, pos=(1705,471)
190.5884 	EXP 	text_8: autoDraw = False
190.5884 	EXP 	slider: markerPos = None
190.5884 	EXP 	slider: markerPos = 1
190.5884 	EXP 	slider: autoDraw = True
190.5884 	EXP 	text_9: autoDraw = True
190.5884 	EXP 	text_answer: autoDraw = True
191.6094 	DATA 	Mouse: Left button down, pos=(1399,585)
191.6556 	EXP 	slider: markerPos = np.float64(4.952)
191.6894 	EXP 	slider: markerPos = np.float64(4.948)
191.7158 	DATA 	Mouse:  Left button up, pos=(1397,586)
191.7222 	EXP 	slider: markerPos = np.float64(4.948)
191.7723 	EXP 	slider: markerPos = 5.0
192.3579 	DATA 	Mouse: Left button down, pos=(1011,276)
192.3755 	EXP 	slider: autoDraw = False
192.3755 	EXP 	text_9: autoDraw = False
192.3755 	EXP 	text_answer: autoDraw = False
192.3755 	EXP 	text_8: autoDraw = True
192.4466 	DATA 	Mouse:  Left button up, pos=(1011,276)
192.7723 	INFO 	Keyboard events cleared
192.7720 	EXP 	text_8: autoDraw = False
192.7720 	EXP 	text_8: autoDraw = False
192.7720 	EXP 	corrColor_2: height = np.float64(56.0)
192.7720 	EXP 	corrColor_2: height = np.float64(56.0)
192.7720 	EXP 	corrColor_2: height = np.float64(56.0)
192.7720 	EXP 	corrColor_2: text = 'Cyan'
192.7720 	EXP 	R_2: height = np.float64(42.0)
192.7720 	EXP 	R_2: height = np.float64(42.0)
192.7720 	EXP 	R_2: height = np.float64(42.0)
192.7720 	EXP 	R_2: text = 2
192.7720 	EXP 	G_2: height = np.float64(42.0)
192.7720 	EXP 	G_2: height = np.float64(42.0)
192.7720 	EXP 	G_2: height = np.float64(42.0)
192.7720 	EXP 	G_2: text = 100
192.7720 	EXP 	B_2: height = np.float64(42.0)
192.7720 	EXP 	B_2: height = np.float64(42.0)
192.7720 	EXP 	B_2: height = np.float64(42.0)
192.7720 	EXP 	B_2: text = 88
192.7720 	EXP 	correctAnswer: autoDraw = True
192.7720 	EXP 	RBGInfo_2: autoDraw = True
192.7720 	EXP 	R_2: autoDraw = True
192.7720 	EXP 	G_2: autoDraw = True
192.7720 	EXP 	B_2: autoDraw = True
193.2145 	DATA 	Mouse: Left button down, pos=(984,247)
193.2386 	EXP 	correctAnswer: autoDraw = False
193.2386 	EXP 	wrongAnswer: autoDraw = False
193.2386 	EXP 	corrColor_2: autoDraw = False
193.2386 	EXP 	RBGInfo_2: autoDraw = False
193.2386 	EXP 	R_2: autoDraw = False
193.2386 	EXP 	G_2: autoDraw = False
193.2386 	EXP 	B_2: autoDraw = False
193.2386 	EXP 	text_11: autoDraw = True
193.3111 	DATA 	Mouse:  Left button up, pos=(984,247)
193.5785 	EXP 	New trial (rep=0, index=9): <Trial 9 (9 in rep 0) data={'folder': '03-1', 'image': '013_Teal.jpg', 'logical': True, 'corrColor': 'Teal', 'corrR': 0, 'corrG': 48, 'corrB': 60, 'image_path': '03-1/013_Teal_0.png', 'thisN': 9, 'thisTrialN': 9, 'thisRepN': 0}>
193.7901 	EXP 	text_11: autoDraw = False
193.7901 	EXP 	img: foreColor = <psychopy.colors.Color: white, alpha=1.0>
193.7901 	EXP 	img: ori = np.float64(0.0)
193.7901 	EXP 	Instructions: text = 'Click the spacebar to shuffle through the filters to recognize the color.\nPress the button of the color you think it corresponds to.'
193.7901 	EXP 	counter_Text: height = np.float64(72.0)
193.7901 	EXP 	counter_Text: height = np.float64(72.0)
193.7901 	EXP 	counter_Text: height = np.float64(72.0)
193.7901 	EXP 	counter_Text: text = 10
193.7901 	EXP 	img: autoDraw = True
193.7901 	EXP 	Instructions: autoDraw = True
193.7901 	EXP 	RBGInfo: autoDraw = True
193.7901 	EXP 	G: autoDraw = True
193.7901 	EXP 	B: autoDraw = True
193.7901 	EXP 	counter_Text: autoDraw = True
193.7901 	EXP 	total_count: autoDraw = True
193.9400 	EXP 	R: autoDraw = True
194.8123 	DATA 	Keypress: space
194.8129 	EXP 	Device response: <KeyPress from None: t=194.7744291999843, value=space, duration=None>
195.0062 	EXP 	Device response: <KeyPress from None: t=194.7744291999843, value=space, duration=0.09761249995790422>
197.0001 	DATA 	Keypress: space
197.0013 	EXP 	Device response: <KeyPress from None: t=196.95271370001137, value=space, duration=None>
197.1854 	EXP 	Device response: <KeyPress from None: t=196.95271370001137, value=space, duration=0.1066067999927327>
209.5376 	DATA 	Mouse: Left button down, pos=(1682,1070)
209.5436 	DATA 	Mouse:  Left button up, pos=(1682,1070)
209.5555 	EXP 	img: autoDraw = False
209.5555 	EXP 	Instructions: autoDraw = False
209.5555 	EXP 	RBGInfo: autoDraw = False
209.5555 	EXP 	R: autoDraw = False
209.5555 	EXP 	G: autoDraw = False
209.5555 	EXP 	B: autoDraw = False
209.5555 	EXP 	counter_Text: autoDraw = False
209.5555 	EXP 	total_count: autoDraw = False
209.5555 	EXP 	text_8: autoDraw = True
209.9563 	EXP 	text_8: autoDraw = False
209.9563 	EXP 	text_8: autoDraw = False
209.9563 	EXP 	slider: markerPos = None
209.9563 	EXP 	slider: markerPos = 1
209.9563 	EXP 	slider: autoDraw = True
209.9563 	EXP 	text_9: autoDraw = True
209.9563 	EXP 	text_answer: autoDraw = True
211.0421 	DATA 	Mouse: Left button down, pos=(1421,572)
211.0881 	EXP 	slider: markerPos = np.float64(5.0440000000000005)
211.1216 	EXP 	slider: markerPos = np.float64(5.0440000000000005)
211.1438 	DATA 	Mouse:  Left button up, pos=(1421,572)
211.1549 	EXP 	slider: markerPos = np.float64(5.0440000000000005)
211.1879 	EXP 	slider: markerPos = 5.0
211.9555 	DATA 	Mouse: Left button down, pos=(1029,293)
211.9924 	EXP 	slider: autoDraw = False
211.9924 	EXP 	text_9: autoDraw = False
211.9924 	EXP 	text_answer: autoDraw = False
211.9924 	EXP 	text_8: autoDraw = True
212.0617 	DATA 	Mouse:  Left button up, pos=(1029,293)
212.4048 	INFO 	Keyboard events cleared
212.4045 	EXP 	text_8: autoDraw = False
212.4045 	EXP 	corrColor_2: height = np.float64(56.0)
212.4045 	EXP 	corrColor_2: height = np.float64(56.0)
212.4045 	EXP 	corrColor_2: height = np.float64(56.0)
212.4045 	EXP 	corrColor_2: text = 'Teal'
212.4045 	EXP 	R_2: height = np.float64(42.0)
212.4045 	EXP 	R_2: height = np.float64(42.0)
212.4045 	EXP 	R_2: height = np.float64(42.0)
212.4045 	EXP 	R_2: text = 0
212.4045 	EXP 	G_2: height = np.float64(42.0)
212.4045 	EXP 	G_2: height = np.float64(42.0)
212.4045 	EXP 	G_2: height = np.float64(42.0)
212.4045 	EXP 	G_2: text = 48
212.4045 	EXP 	B_2: height = np.float64(42.0)
212.4045 	EXP 	B_2: height = np.float64(42.0)
212.4045 	EXP 	B_2: height = np.float64(42.0)
212.4045 	EXP 	B_2: text = 60
212.4045 	EXP 	correctAnswer: autoDraw = True
212.4045 	EXP 	RBGInfo_2: autoDraw = True
212.4045 	EXP 	R_2: autoDraw = True
212.4045 	EXP 	G_2: autoDraw = True
212.4045 	EXP 	B_2: autoDraw = True
212.8350 	DATA 	Mouse: Left button down, pos=(1020,238)
212.8548 	EXP 	correctAnswer: autoDraw = False
212.8548 	EXP 	wrongAnswer: autoDraw = False
212.8548 	EXP 	corrColor_2: autoDraw = False
212.8548 	EXP 	RBGInfo_2: autoDraw = False
212.8548 	EXP 	R_2: autoDraw = False
212.8548 	EXP 	G_2: autoDraw = False
212.8548 	EXP 	B_2: autoDraw = False
212.8548 	EXP 	text_11: autoDraw = True
212.9510 	DATA 	Mouse:  Left button up, pos=(1020,239)
213.1947 	EXP 	New trial (rep=0, index=10): <Trial 10 (10 in rep 0) data={'folder': '01-1', 'image': '010_Red.jpg', 'logical': True, 'corrColor': 'Red', 'corrR': 99, 'corrG': 0, 'corrB': 12, 'image_path': '01-1/010_Red_0.png', 'thisN': 10, 'thisTrialN': 10, 'thisRepN': 0}>
213.4232 	EXP 	text_11: autoDraw = False
213.4232 	EXP 	text_11: autoDraw = False
213.4232 	EXP 	img: foreColor = <psychopy.colors.Color: white, alpha=1.0>
213.4232 	EXP 	img: ori = np.float64(0.0)
213.4232 	EXP 	Instructions: text = 'Click the spacebar to shuffle through the filters to recognize the color.\nPress the button of the color you think it corresponds to.'
213.4232 	EXP 	counter_Text: height = np.float64(72.0)
213.4232 	EXP 	counter_Text: height = np.float64(72.0)
213.4232 	EXP 	counter_Text: height = np.float64(72.0)
213.4232 	EXP 	counter_Text: text = 11
213.4232 	EXP 	img: autoDraw = True
213.4232 	EXP 	Instructions: autoDraw = True
213.4232 	EXP 	RBGInfo: autoDraw = True
213.4232 	EXP 	G: autoDraw = True
213.4232 	EXP 	B: autoDraw = True
213.4232 	EXP 	counter_Text: autoDraw = True
213.4232 	EXP 	total_count: autoDraw = True
213.6057 	EXP 	R: autoDraw = True
216.3057 	DATA 	Keypress: space
216.3116 	EXP 	Device response: <KeyPress from None: t=216.21117779996712, value=space, duration=None>
216.3117 	EXP 	Device response: <KeyPress from None: t=216.21117779996712, value=space, duration=0.08919199998490512>
217.0957 	DATA 	Keypress: space
217.0963 	EXP 	Device response: <KeyPress from None: t=217.01331279997248, value=space, duration=None>
217.1035 	EXP 	Device response: <KeyPress from None: t=217.01331279997248, value=space, duration=0.0885932999663055>
234.1657 	DATA 	Mouse: Left button down, pos=(1674,346)
234.1881 	EXP 	img: autoDraw = False
234.1881 	EXP 	Instructions: autoDraw = False
234.1881 	EXP 	RBGInfo: autoDraw = False
234.1881 	EXP 	R: autoDraw = False
234.1881 	EXP 	G: autoDraw = False
234.1881 	EXP 	B: autoDraw = False
234.1881 	EXP 	counter_Text: autoDraw = False
234.1881 	EXP 	total_count: autoDraw = False
234.1881 	EXP 	text_8: autoDraw = True
234.2119 	DATA 	Mouse:  Left button up, pos=(1674,346)
234.5871 	EXP 	text_8: autoDraw = False
234.5871 	EXP 	slider: markerPos = None
234.5871 	EXP 	slider: markerPos = 1
234.5871 	EXP 	slider: autoDraw = True
234.5871 	EXP 	text_9: autoDraw = True
234.5871 	EXP 	text_answer: autoDraw = True
235.5075 	DATA 	Mouse: Left button down, pos=(1443,601)
235.5374 	EXP 	slider: markerPos = np.float64(5.132)
235.5705 	EXP 	slider: markerPos = np.float64(5.132)
235.6044 	EXP 	slider: markerPos = np.float64(5.132)
235.6095 	DATA 	Mouse:  Left button up, pos=(1443,599)
235.6712 	EXP 	slider: markerPos = 5.0
236.3528 	DATA 	Mouse: Left button down, pos=(1048,240)
236.3913 	EXP 	slider: autoDraw = False
236.3913 	EXP 	text_9: autoDraw = False
236.3913 	EXP 	text_answer: autoDraw = False
236.3913 	EXP 	text_8: autoDraw = True
236.4296 	DATA 	Mouse:  Left button up, pos=(1047,240)
236.7874 	INFO 	Keyboard events cleared
236.7871 	EXP 	text_8: autoDraw = False
236.7871 	EXP 	text_8: autoDraw = False
236.7871 	EXP 	corrColor_2: height = np.float64(56.0)
236.7871 	EXP 	corrColor_2: height = np.float64(56.0)
236.7871 	EXP 	corrColor_2: height = np.float64(56.0)
236.7871 	EXP 	corrColor_2: text = 'Red'
236.7871 	EXP 	R_2: height = np.float64(42.0)
236.7871 	EXP 	R_2: height = np.float64(42.0)
236.7871 	EXP 	R_2: height = np.float64(42.0)
236.7871 	EXP 	R_2: text = 99
236.7871 	EXP 	G_2: height = np.float64(42.0)
236.7871 	EXP 	G_2: height = np.float64(42.0)
236.7871 	EXP 	G_2: height = np.float64(42.0)
236.7871 	EXP 	G_2: text = 0
236.7871 	EXP 	B_2: height = np.float64(42.0)
236.7871 	EXP 	B_2: height = np.float64(42.0)
236.7871 	EXP 	B_2: height = np.float64(42.0)
236.7871 	EXP 	B_2: text = 12
236.7871 	EXP 	correctAnswer: autoDraw = True
236.7871 	EXP 	RBGInfo_2: autoDraw = True
236.7871 	EXP 	R_2: autoDraw = True
236.7871 	EXP 	G_2: autoDraw = True
236.7871 	EXP 	B_2: autoDraw = True
237.2753 	DATA 	Mouse: Left button down, pos=(1050,237)
237.2905 	EXP 	correctAnswer: autoDraw = False
237.2905 	EXP 	wrongAnswer: autoDraw = False
237.2905 	EXP 	corrColor_2: autoDraw = False
237.2905 	EXP 	RBGInfo_2: autoDraw = False
237.2905 	EXP 	R_2: autoDraw = False
237.2905 	EXP 	G_2: autoDraw = False
237.2905 	EXP 	B_2: autoDraw = False
237.2905 	EXP 	text_11: autoDraw = True
237.3810 	DATA 	Mouse:  Left button up, pos=(1054,237)
237.6258 	EXP 	New trial (rep=0, index=11): <Trial 11 (11 in rep 0) data={'folder': '03-1', 'image': '010_Brown.jpg', 'logical': True, 'corrColor': 'Brown', 'corrR': 50, 'corrG': 18, 'corrB': 0, 'image_path': '03-1/010_Brown_0.png', 'thisN': 11, 'thisTrialN': 11, 'thisRepN': 0}>
237.8552 	EXP 	text_11: autoDraw = False
237.8552 	EXP 	text_11: autoDraw = False
237.8552 	EXP 	img: foreColor = <psychopy.colors.Color: white, alpha=1.0>
237.8552 	EXP 	img: ori = np.float64(0.0)
237.8552 	EXP 	Instructions: text = 'Click the spacebar to shuffle through the filters to recognize the color.\nPress the button of the color you think it corresponds to.'
237.8552 	EXP 	counter_Text: height = np.float64(72.0)
237.8552 	EXP 	counter_Text: height = np.float64(72.0)
237.8552 	EXP 	counter_Text: height = np.float64(72.0)
237.8552 	EXP 	counter_Text: text = 12
237.8552 	EXP 	img: autoDraw = True
237.8552 	EXP 	Instructions: autoDraw = True
237.8552 	EXP 	RBGInfo: autoDraw = True
237.8552 	EXP 	G: autoDraw = True
237.8552 	EXP 	B: autoDraw = True
237.8552 	EXP 	counter_Text: autoDraw = True
237.8552 	EXP 	total_count: autoDraw = True
238.0213 	EXP 	R: autoDraw = True
240.7753 	DATA 	Keypress: space
240.7761 	EXP 	Device response: <KeyPress from None: t=240.76012919994537, value=space, duration=None>
240.9672 	EXP 	Device response: <KeyPress from None: t=240.76012919994537, value=space, duration=0.07950880005955696>
242.0362 	DATA 	Keypress: space
242.0374 	EXP 	Device response: <KeyPress from None: t=241.93815980001818, value=space, duration=None>
242.0375 	EXP 	Device response: <KeyPress from None: t=241.93815980001818, value=space, duration=0.0975717999972403>
242.6662 	DATA 	Keypress: space
242.7910 	EXP 	Device response: <KeyPress from None: t=242.66467299999204, value=space, duration=None>
242.7910 	EXP 	Device response: <KeyPress from None: t=242.66467299999204, value=space, duration=0.11568719998467714>
243.7533 	DATA 	Keypress: space
243.8761 	EXP 	Device response: <KeyPress from None: t=243.75232889992185, value=space, duration=None>
243.8761 	EXP 	Device response: <KeyPress from None: t=243.75232889992185, value=space, duration=0.09780200000386685>
246.9932 	DATA 	Keypress: space
247.1074 	EXP 	Device response: <KeyPress from None: t=246.9918988000136, value=space, duration=None>
247.2701 	EXP 	Device response: <KeyPress from None: t=246.9918988000136, value=space, duration=0.1250040999148041>
253.0515 	DATA 	Mouse: Left button down, pos=(1668,1121)
253.0707 	EXP 	img: autoDraw = False
253.0707 	EXP 	Instructions: autoDraw = False
253.0707 	EXP 	RBGInfo: autoDraw = False
253.0707 	EXP 	R: autoDraw = False
253.0707 	EXP 	G: autoDraw = False
253.0707 	EXP 	B: autoDraw = False
253.0707 	EXP 	counter_Text: autoDraw = False
253.0707 	EXP 	total_count: autoDraw = False
253.0707 	EXP 	text_8: autoDraw = True
253.1120 	DATA 	Mouse:  Left button up, pos=(1668,1121)
253.4863 	EXP 	text_8: autoDraw = False
253.4863 	EXP 	text_8: autoDraw = False
253.4863 	EXP 	slider: markerPos = None
253.4863 	EXP 	slider: markerPos = 1
253.4863 	EXP 	slider: autoDraw = True
253.4863 	EXP 	text_9: autoDraw = True
253.4863 	EXP 	text_answer: autoDraw = True
254.2217 	DATA 	Mouse: Left button down, pos=(1429,616)
254.2534 	EXP 	slider: markerPos = np.float64(5.0760000000000005)
254.2864 	EXP 	slider: markerPos = np.float64(5.0760000000000005)
254.3199 	EXP 	slider: markerPos = np.float64(5.0760000000000005)
254.3445 	DATA 	Mouse:  Left button up, pos=(1429,616)
254.3531 	EXP 	slider: markerPos = np.float64(5.0760000000000005)
254.3864 	EXP 	slider: markerPos = 5.0
255.3724 	DATA 	Mouse: Left button down, pos=(1021,253)
255.3900 	EXP 	slider: autoDraw = False
255.3900 	EXP 	text_9: autoDraw = False
255.3900 	EXP 	text_answer: autoDraw = False
255.3900 	EXP 	text_8: autoDraw = True
255.4812 	DATA 	Mouse:  Left button up, pos=(1024,253)
255.7869 	INFO 	Keyboard events cleared
255.7867 	EXP 	text_8: autoDraw = False
255.7867 	EXP 	text_8: autoDraw = False
255.7867 	EXP 	corrColor_2: height = np.float64(56.0)
255.7867 	EXP 	corrColor_2: height = np.float64(56.0)
255.7867 	EXP 	corrColor_2: height = np.float64(56.0)
255.7867 	EXP 	corrColor_2: text = 'Brown'
255.7867 	EXP 	R_2: height = np.float64(42.0)
255.7867 	EXP 	R_2: height = np.float64(42.0)
255.7867 	EXP 	R_2: height = np.float64(42.0)
255.7867 	EXP 	R_2: text = 50
255.7867 	EXP 	G_2: height = np.float64(42.0)
255.7867 	EXP 	G_2: height = np.float64(42.0)
255.7867 	EXP 	G_2: height = np.float64(42.0)
255.7867 	EXP 	G_2: text = 18
255.7867 	EXP 	B_2: height = np.float64(42.0)
255.7867 	EXP 	B_2: height = np.float64(42.0)
255.7867 	EXP 	B_2: height = np.float64(42.0)
255.7867 	EXP 	B_2: text = 0
255.7867 	EXP 	correctAnswer: autoDraw = True
255.7867 	EXP 	RBGInfo_2: autoDraw = True
255.7867 	EXP 	R_2: autoDraw = True
255.7867 	EXP 	G_2: autoDraw = True
255.7867 	EXP 	B_2: autoDraw = True
256.2108 	DATA 	Mouse: Left button down, pos=(1028,239)
256.2366 	EXP 	correctAnswer: autoDraw = False
256.2366 	EXP 	wrongAnswer: autoDraw = False
256.2366 	EXP 	corrColor_2: autoDraw = False
256.2366 	EXP 	RBGInfo_2: autoDraw = False
256.2366 	EXP 	R_2: autoDraw = False
256.2366 	EXP 	G_2: autoDraw = False
256.2366 	EXP 	B_2: autoDraw = False
256.2366 	EXP 	text_11: autoDraw = True
256.3119 	DATA 	Mouse:  Left button up, pos=(1026,241)
256.5771 	EXP 	New trial (rep=0, index=12): <Trial 12 (12 in rep 0) data={'folder': '03-1', 'image': '013_Orange.jpg', 'logical': True, 'corrColor': 'Orange', 'corrR': 100, 'corrG': 65, 'corrB': 4, 'image_path': '03-1/013_Orange_0.png', 'thisN': 12, 'thisTrialN': 12, 'thisRepN': 0}>
256.7879 	EXP 	text_11: autoDraw = False
256.7879 	EXP 	img: foreColor = <psychopy.colors.Color: white, alpha=1.0>
256.7879 	EXP 	img: ori = np.float64(0.0)
256.7879 	EXP 	Instructions: text = 'Click the spacebar to shuffle through the filters to recognize the color.\nPress the button of the color you think it corresponds to.'
256.7879 	EXP 	counter_Text: height = np.float64(72.0)
256.7879 	EXP 	counter_Text: height = np.float64(72.0)
256.7879 	EXP 	counter_Text: height = np.float64(72.0)
256.7879 	EXP 	counter_Text: text = 13
256.7879 	EXP 	img: autoDraw = True
256.7879 	EXP 	Instructions: autoDraw = True
256.7879 	EXP 	RBGInfo: autoDraw = True
256.7879 	EXP 	G: autoDraw = True
256.7879 	EXP 	B: autoDraw = True
256.7879 	EXP 	counter_Text: autoDraw = True
256.7879 	EXP 	total_count: autoDraw = True
256.9377 	EXP 	R: autoDraw = True
260.9805 	DATA 	Keypress: space
260.9813 	EXP 	Device response: <KeyPress from None: t=260.88353140000254, value=space, duration=None>
261.1863 	EXP 	Device response: <KeyPress from None: t=260.88353140000254, value=space, duration=0.13405579992104322>
266.6415 	DATA 	Keypress: space
266.7826 	EXP 	Device response: <KeyPress from None: t=266.6396456999937, value=space, duration=None>
266.7827 	EXP 	Device response: <KeyPress from None: t=266.6396456999937, value=space, duration=0.09802269993815571>
270.2736 	DATA 	Mouse: Left button down, pos=(1697,702)
270.3036 	EXP 	img: autoDraw = False
270.3036 	EXP 	Instructions: autoDraw = False
270.3036 	EXP 	RBGInfo: autoDraw = False
270.3036 	EXP 	R: autoDraw = False
270.3036 	EXP 	G: autoDraw = False
270.3036 	EXP 	B: autoDraw = False
270.3036 	EXP 	counter_Text: autoDraw = False
270.3036 	EXP 	total_count: autoDraw = False
270.3036 	EXP 	text_8: autoDraw = True
270.3063 	DATA 	Mouse:  Left button up, pos=(1697,702)
270.7027 	EXP 	text_8: autoDraw = False
270.7027 	EXP 	slider: markerPos = None
270.7027 	EXP 	slider: markerPos = 1
270.7027 	EXP 	slider: autoDraw = True
270.7027 	EXP 	text_9: autoDraw = True
270.7027 	EXP 	text_answer: autoDraw = True
271.5391 	DATA 	Mouse: Left button down, pos=(1402,587)
271.5691 	EXP 	slider: markerPos = np.float64(4.968)
271.6024 	EXP 	slider: markerPos = np.float64(4.968)
271.6360 	EXP 	slider: markerPos = np.float64(4.968)
271.6394 	DATA 	Mouse:  Left button up, pos=(1402,587)
271.6863 	EXP 	slider: markerPos = 5.0
272.2375 	DATA 	Mouse: Left button down, pos=(1059,253)
272.2577 	EXP 	slider: autoDraw = False
272.2577 	EXP 	text_9: autoDraw = False
272.2577 	EXP 	text_answer: autoDraw = False
272.2577 	EXP 	text_8: autoDraw = True
272.3425 	DATA 	Mouse:  Left button up, pos=(1058,254)
272.6699 	INFO 	Keyboard events cleared
272.6697 	EXP 	text_8: autoDraw = False
272.6697 	EXP 	corrColor_2: height = np.float64(56.0)
272.6697 	EXP 	corrColor_2: height = np.float64(56.0)
272.6697 	EXP 	corrColor_2: height = np.float64(56.0)
272.6697 	EXP 	corrColor_2: text = 'Orange'
272.6697 	EXP 	R_2: height = np.float64(42.0)
272.6697 	EXP 	R_2: height = np.float64(42.0)
272.6697 	EXP 	R_2: height = np.float64(42.0)
272.6697 	EXP 	R_2: text = 100
272.6697 	EXP 	G_2: height = np.float64(42.0)
272.6697 	EXP 	G_2: height = np.float64(42.0)
272.6697 	EXP 	G_2: height = np.float64(42.0)
272.6697 	EXP 	G_2: text = 65
272.6697 	EXP 	B_2: height = np.float64(42.0)
272.6697 	EXP 	B_2: height = np.float64(42.0)
272.6697 	EXP 	B_2: height = np.float64(42.0)
272.6697 	EXP 	B_2: text = 4
272.6697 	EXP 	correctAnswer: autoDraw = True
272.6697 	EXP 	RBGInfo_2: autoDraw = True
272.6697 	EXP 	R_2: autoDraw = True
272.6697 	EXP 	G_2: autoDraw = True
272.6697 	EXP 	B_2: autoDraw = True
273.2472 	DATA 	Mouse: Left button down, pos=(1060,255)
273.2695 	EXP 	correctAnswer: autoDraw = False
273.2695 	EXP 	wrongAnswer: autoDraw = False
273.2695 	EXP 	corrColor_2: autoDraw = False
273.2695 	EXP 	RBGInfo_2: autoDraw = False
273.2695 	EXP 	R_2: autoDraw = False
273.2695 	EXP 	G_2: autoDraw = False
273.2695 	EXP 	B_2: autoDraw = False
273.2695 	EXP 	text_11: autoDraw = True
273.3438 	DATA 	Mouse:  Left button up, pos=(1101,266)
273.6064 	EXP 	New trial (rep=0, index=13): <Trial 13 (13 in rep 0) data={'folder': '02-1', 'image': '006_Pink.jpg', 'logical': True, 'corrColor': 'Pink', 'corrR': 100, 'corrG': 0, 'corrB': 50, 'image_path': '02-1/006_Pink_0.png', 'thisN': 13, 'thisTrialN': 13, 'thisRepN': 0}>
273.8206 	EXP 	text_11: autoDraw = False
273.8206 	EXP 	img: foreColor = <psychopy.colors.Color: white, alpha=1.0>
273.8206 	EXP 	img: ori = np.float64(0.0)
273.8206 	EXP 	Instructions: text = 'Click the spacebar to shuffle through the filters to recognize the color.\nPress the button of the color you think it corresponds to.'
273.8206 	EXP 	counter_Text: height = np.float64(72.0)
273.8206 	EXP 	counter_Text: height = np.float64(72.0)
273.8206 	EXP 	counter_Text: height = np.float64(72.0)
273.8206 	EXP 	counter_Text: text = 14
273.8206 	EXP 	img: autoDraw = True
273.8206 	EXP 	Instructions: autoDraw = True
273.8206 	EXP 	RBGInfo: autoDraw = True
273.8206 	EXP 	G: autoDraw = True
273.8206 	EXP 	B: autoDraw = True
273.8206 	EXP 	counter_Text: autoDraw = True
273.8206 	EXP 	total_count: autoDraw = True
273.9869 	EXP 	R: autoDraw = True
275.4093 	DATA 	Keypress: space
275.4099 	EXP 	Device response: <KeyPress from None: t=275.3890448999591, value=space, duration=None>
275.6036 	EXP 	Device response: <KeyPress from None: t=275.3890448999591, value=space, duration=0.08903879998251796>
276.3010 	DATA 	Keypress: space
276.4245 	EXP 	Device response: <KeyPress from None: t=276.2994350999361, value=space, duration=None>
276.4245 	EXP 	Device response: <KeyPress from None: t=276.2994350999361, value=space, duration=0.0886115999892354>
283.0625 	DATA 	Mouse: Left button down, pos=(1707,829)
283.0867 	EXP 	img: autoDraw = False
283.0867 	EXP 	Instructions: autoDraw = False
283.0867 	EXP 	RBGInfo: autoDraw = False
283.0867 	EXP 	R: autoDraw = False
283.0867 	EXP 	G: autoDraw = False
283.0867 	EXP 	B: autoDraw = False
283.0867 	EXP 	counter_Text: autoDraw = False
283.0867 	EXP 	total_count: autoDraw = False
283.0867 	EXP 	text_8: autoDraw = True
283.1439 	DATA 	Mouse:  Left button up, pos=(1707,829)
283.4854 	EXP 	text_8: autoDraw = False
283.4854 	EXP 	slider: markerPos = None
283.4854 	EXP 	slider: markerPos = 1
283.4854 	EXP 	slider: autoDraw = True
283.4854 	EXP 	text_9: autoDraw = True
283.4854 	EXP 	text_answer: autoDraw = True
284.3276 	DATA 	Mouse: Left button down, pos=(1409,588)
284.3685 	EXP 	slider: markerPos = np.float64(4.996)
284.4020 	EXP 	slider: markerPos = np.float64(4.996)
284.4351 	EXP 	slider: markerPos = np.float64(4.996)
284.4394 	DATA 	Mouse:  Left button up, pos=(1409,588)
284.4685 	EXP 	slider: markerPos = 5.0
285.0890 	DATA 	Mouse: Left button down, pos=(1033,264)
285.1231 	EXP 	slider: autoDraw = False
285.1231 	EXP 	text_9: autoDraw = False
285.1231 	EXP 	text_answer: autoDraw = False
285.1231 	EXP 	text_8: autoDraw = True
285.1983 	DATA 	Mouse:  Left button up, pos=(1036,264)
285.5191 	INFO 	Keyboard events cleared
285.5189 	EXP 	text_8: autoDraw = False
285.5189 	EXP 	text_8: autoDraw = False
285.5189 	EXP 	corrColor_2: height = np.float64(56.0)
285.5189 	EXP 	corrColor_2: height = np.float64(56.0)
285.5189 	EXP 	corrColor_2: height = np.float64(56.0)
285.5189 	EXP 	corrColor_2: text = 'Pink'
285.5189 	EXP 	R_2: height = np.float64(42.0)
285.5189 	EXP 	R_2: height = np.float64(42.0)
285.5189 	EXP 	R_2: height = np.float64(42.0)
285.5189 	EXP 	R_2: text = 100
285.5189 	EXP 	G_2: height = np.float64(42.0)
285.5189 	EXP 	G_2: height = np.float64(42.0)
285.5189 	EXP 	G_2: height = np.float64(42.0)
285.5189 	EXP 	G_2: text = 0
285.5189 	EXP 	B_2: height = np.float64(42.0)
285.5189 	EXP 	B_2: height = np.float64(42.0)
285.5189 	EXP 	B_2: height = np.float64(42.0)
285.5189 	EXP 	B_2: text = 50
285.5189 	EXP 	correctAnswer: autoDraw = True
285.5189 	EXP 	RBGInfo_2: autoDraw = True
285.5189 	EXP 	R_2: autoDraw = True
285.5189 	EXP 	G_2: autoDraw = True
285.5189 	EXP 	B_2: autoDraw = True
285.9453 	DATA 	Mouse: Left button down, pos=(1041,248)
285.9688 	EXP 	correctAnswer: autoDraw = False
285.9688 	EXP 	wrongAnswer: autoDraw = False
285.9688 	EXP 	corrColor_2: autoDraw = False
285.9688 	EXP 	RBGInfo_2: autoDraw = False
285.9688 	EXP 	R_2: autoDraw = False
285.9688 	EXP 	G_2: autoDraw = False
285.9688 	EXP 	B_2: autoDraw = False
285.9688 	EXP 	text_11: autoDraw = True
286.0613 	DATA 	Mouse:  Left button up, pos=(1040,248)
286.3043 	EXP 	New trial (rep=0, index=14): <Trial 14 (14 in rep 0) data={'folder': '02-1', 'image': '011_Orange.jpg', 'logical': True, 'corrColor': 'Orange', 'corrR': 99, 'corrG': 48, 'corrB': 0, 'image_path': '02-1/011_Orange_0.png', 'thisN': 14, 'thisTrialN': 14, 'thisRepN': 0}>
286.5206 	EXP 	text_11: autoDraw = False
286.5206 	EXP 	img: foreColor = <psychopy.colors.Color: white, alpha=1.0>
286.5206 	EXP 	img: ori = np.float64(0.0)
286.5206 	EXP 	Instructions: text = 'Click the spacebar to shuffle through the filters to recognize the color.\nPress the button of the color you think it corresponds to.'
286.5206 	EXP 	counter_Text: height = np.float64(72.0)
286.5206 	EXP 	counter_Text: height = np.float64(72.0)
286.5206 	EXP 	counter_Text: height = np.float64(72.0)
286.5206 	EXP 	counter_Text: text = 15
286.5206 	EXP 	img: autoDraw = True
286.5206 	EXP 	Instructions: autoDraw = True
286.5206 	EXP 	RBGInfo: autoDraw = True
286.5206 	EXP 	G: autoDraw = True
286.5206 	EXP 	B: autoDraw = True
286.5206 	EXP 	counter_Text: autoDraw = True
286.5206 	EXP 	total_count: autoDraw = True
286.6860 	EXP 	R: autoDraw = True
288.0608 	DATA 	Keypress: space
288.1897 	EXP 	Device response: <KeyPress from None: t=288.0587060999824, value=space, duration=None>
288.1897 	EXP 	Device response: <KeyPress from None: t=288.0587060999824, value=space, duration=0.08912559994496405>
296.3135 	DATA 	Keypress: space
296.3150 	EXP 	Device response: <KeyPress from None: t=296.2707041000249, value=space, duration=None>
296.4866 	EXP 	Device response: <KeyPress from None: t=296.2707041000249, value=space, duration=0.0887164999730885>
302.1188 	DATA 	Mouse: Left button down, pos=(1705,699)
302.1356 	EXP 	img: autoDraw = False
302.1356 	EXP 	Instructions: autoDraw = False
302.1356 	EXP 	RBGInfo: autoDraw = False
302.1356 	EXP 	R: autoDraw = False
302.1356 	EXP 	G: autoDraw = False
302.1356 	EXP 	B: autoDraw = False
302.1356 	EXP 	counter_Text: autoDraw = False
302.1356 	EXP 	total_count: autoDraw = False
302.1356 	EXP 	text_8: autoDraw = True
302.2285 	DATA 	Mouse:  Left button up, pos=(1705,699)
302.5350 	EXP 	text_8: autoDraw = False
302.5350 	EXP 	text_8: autoDraw = False
302.5350 	EXP 	slider: markerPos = None
302.5350 	EXP 	slider: markerPos = 1
302.5350 	EXP 	slider: autoDraw = True
302.5350 	EXP 	text_9: autoDraw = True
302.5350 	EXP 	text_answer: autoDraw = True
303.4695 	DATA 	Mouse: Left button down, pos=(1412,622)
303.5180 	EXP 	slider: markerPos = np.float64(5.008)
303.5516 	EXP 	slider: markerPos = np.float64(5.008)
303.5780 	DATA 	Mouse:  Left button up, pos=(1412,622)
303.5848 	EXP 	slider: markerPos = np.float64(5.008)
303.6178 	EXP 	slider: markerPos = 5.0
304.2876 	DATA 	Mouse: Left button down, pos=(1058,285)
304.3058 	EXP 	slider: autoDraw = False
304.3058 	EXP 	text_9: autoDraw = False
304.3058 	EXP 	text_answer: autoDraw = False
304.3058 	EXP 	text_8: autoDraw = True
304.4090 	DATA 	Mouse:  Left button up, pos=(1058,285)
304.6848 	INFO 	Keyboard events cleared
304.6845 	EXP 	text_8: autoDraw = False
304.6845 	EXP 	text_8: autoDraw = False
304.6845 	EXP 	corrColor_2: height = np.float64(56.0)
304.6845 	EXP 	corrColor_2: height = np.float64(56.0)
304.6845 	EXP 	corrColor_2: height = np.float64(56.0)
304.6845 	EXP 	corrColor_2: text = 'Orange'
304.6845 	EXP 	R_2: height = np.float64(42.0)
304.6845 	EXP 	R_2: height = np.float64(42.0)
304.6845 	EXP 	R_2: height = np.float64(42.0)
304.6845 	EXP 	R_2: text = 99
304.6845 	EXP 	G_2: height = np.float64(42.0)
304.6845 	EXP 	G_2: height = np.float64(42.0)
304.6845 	EXP 	G_2: height = np.float64(42.0)
304.6845 	EXP 	G_2: text = 48
304.6845 	EXP 	B_2: height = np.float64(42.0)
304.6845 	EXP 	B_2: height = np.float64(42.0)
304.6845 	EXP 	B_2: height = np.float64(42.0)
304.6845 	EXP 	B_2: text = 0
304.6845 	EXP 	correctAnswer: autoDraw = True
304.6845 	EXP 	RBGInfo_2: autoDraw = True
304.6845 	EXP 	R_2: autoDraw = True
304.6845 	EXP 	G_2: autoDraw = True
304.6845 	EXP 	B_2: autoDraw = True
305.0445 	DATA 	Mouse: Left button down, pos=(1058,285)
305.0672 	EXP 	correctAnswer: autoDraw = False
305.0672 	EXP 	wrongAnswer: autoDraw = False
305.0672 	EXP 	corrColor_2: autoDraw = False
305.0672 	EXP 	RBGInfo_2: autoDraw = False
305.0672 	EXP 	R_2: autoDraw = False
305.0672 	EXP 	G_2: autoDraw = False
305.0672 	EXP 	B_2: autoDraw = False
305.0672 	EXP 	text_11: autoDraw = True
305.1773 	DATA 	Mouse:  Left button up, pos=(1058,285)
305.4063 	EXP 	New trial (rep=0, index=15): <Trial 15 (15 in rep 0) data={'folder': '03-1', 'image': '013_Grey.jpg', 'logical': True, 'corrColor': 'Grey', 'corrR': 47, 'corrG': 53, 'corrB': 50, 'image_path': '03-1/013_Grey_0.png', 'thisN': 15, 'thisTrialN': 15, 'thisRepN': 0}>
305.6194 	EXP 	text_11: autoDraw = False
305.6194 	EXP 	img: foreColor = <psychopy.colors.Color: white, alpha=1.0>
305.6194 	EXP 	img: ori = np.float64(0.0)
305.6194 	EXP 	Instructions: text = 'Click the spacebar to shuffle through the filters to recognize the color.\nPress the button of the color you think it corresponds to.'
305.6194 	EXP 	counter_Text: height = np.float64(72.0)
305.6194 	EXP 	counter_Text: height = np.float64(72.0)
305.6194 	EXP 	counter_Text: height = np.float64(72.0)
305.6194 	EXP 	counter_Text: text = 16
305.6194 	EXP 	img: autoDraw = True
305.6194 	EXP 	Instructions: autoDraw = True
305.6194 	EXP 	RBGInfo: autoDraw = True
305.6194 	EXP 	G: autoDraw = True
305.6194 	EXP 	B: autoDraw = True
305.6194 	EXP 	counter_Text: autoDraw = True
305.6194 	EXP 	total_count: autoDraw = True
305.7855 	EXP 	R: autoDraw = True
307.5289 	DATA 	Keypress: space
307.5294 	EXP 	Device response: <KeyPress from None: t=307.50865059997886, value=space, duration=None>
307.7042 	EXP 	Device response: <KeyPress from None: t=307.50865059997886, value=space, duration=0.12482859997544438>
309.3680 	DATA 	Keypress: space
309.3694 	EXP 	Device response: <KeyPress from None: t=309.2561808999162, value=space, duration=None>
309.3694 	EXP 	Device response: <KeyPress from None: t=309.2561808999162, value=space, duration=0.09790570009499788>
315.8232 	DATA 	Mouse: Left button down, pos=(1718,939)
315.9682 	EXP 	img: autoDraw = False
315.9682 	EXP 	Instructions: autoDraw = False
315.9682 	EXP 	RBGInfo: autoDraw = False
315.9682 	EXP 	R: autoDraw = False
315.9682 	EXP 	G: autoDraw = False
315.9682 	EXP 	B: autoDraw = False
315.9682 	EXP 	counter_Text: autoDraw = False
315.9682 	EXP 	total_count: autoDraw = False
315.9682 	EXP 	text_8: autoDraw = True
315.9725 	DATA 	Mouse:  Left button up, pos=(1718,939)
316.3678 	EXP 	text_8: autoDraw = False
316.3678 	EXP 	slider: markerPos = None
316.3678 	EXP 	slider: markerPos = 1
316.3678 	EXP 	slider: autoDraw = True
316.3678 	EXP 	text_9: autoDraw = True
316.3678 	EXP 	text_answer: autoDraw = True
317.2745 	DATA 	Mouse: Left button down, pos=(1417,605)
317.3173 	EXP 	slider: markerPos = np.float64(5.0280000000000005)
317.3504 	EXP 	slider: markerPos = np.float64(5.0280000000000005)
317.3733 	DATA 	Mouse:  Left button up, pos=(1417,604)
317.3835 	EXP 	slider: markerPos = np.float64(5.0280000000000005)
317.4175 	EXP 	slider: markerPos = 5.0
318.5710 	DATA 	Mouse: Left button down, pos=(972,236)
318.6054 	EXP 	slider: autoDraw = False
318.6054 	EXP 	text_9: autoDraw = False
318.6054 	EXP 	text_answer: autoDraw = False
318.6054 	EXP 	text_8: autoDraw = True
318.6571 	DATA 	Mouse:  Left button up, pos=(972,236)
319.0182 	INFO 	Keyboard events cleared
319.0180 	EXP 	text_8: autoDraw = False
319.0180 	EXP 	corrColor_2: height = np.float64(56.0)
319.0180 	EXP 	corrColor_2: height = np.float64(56.0)
319.0180 	EXP 	corrColor_2: height = np.float64(56.0)
319.0180 	EXP 	corrColor_2: text = 'Grey'
319.0180 	EXP 	R_2: height = np.float64(42.0)
319.0180 	EXP 	R_2: height = np.float64(42.0)
319.0180 	EXP 	R_2: height = np.float64(42.0)
319.0180 	EXP 	R_2: text = 47
319.0180 	EXP 	G_2: height = np.float64(42.0)
319.0180 	EXP 	G_2: height = np.float64(42.0)
319.0180 	EXP 	G_2: height = np.float64(42.0)
319.0180 	EXP 	G_2: text = 53
319.0180 	EXP 	B_2: height = np.float64(42.0)
319.0180 	EXP 	B_2: height = np.float64(42.0)
319.0180 	EXP 	B_2: height = np.float64(42.0)
319.0180 	EXP 	B_2: text = 50
319.0180 	EXP 	correctAnswer: autoDraw = True
319.0180 	EXP 	RBGInfo_2: autoDraw = True
319.0180 	EXP 	R_2: autoDraw = True
319.0180 	EXP 	G_2: autoDraw = True
319.0180 	EXP 	B_2: autoDraw = True
319.4640 	DATA 	Mouse: Left button down, pos=(993,237)
319.5053 	EXP 	correctAnswer: autoDraw = False
319.5053 	EXP 	wrongAnswer: autoDraw = False
319.5053 	EXP 	corrColor_2: autoDraw = False
319.5053 	EXP 	RBGInfo_2: autoDraw = False
319.5053 	EXP 	R_2: autoDraw = False
319.5053 	EXP 	G_2: autoDraw = False
319.5053 	EXP 	B_2: autoDraw = False
319.5053 	EXP 	text_11: autoDraw = True
319.5928 	DATA 	Mouse:  Left button up, pos=(993,237)
319.8571 	EXP 	New trial (rep=0, index=16): <Trial 16 (16 in rep 0) data={'folder': '03-1', 'image': '011_Brown.jpg', 'logical': True, 'corrColor': 'Brown', 'corrR': 50, 'corrG': 15, 'corrB': 0, 'image_path': '03-1/011_Brown_0.png', 'thisN': 16, 'thisTrialN': 16, 'thisRepN': 0}>
320.0857 	EXP 	text_11: autoDraw = False
320.0857 	EXP 	img: foreColor = <psychopy.colors.Color: white, alpha=1.0>
320.0857 	EXP 	img: ori = np.float64(0.0)
320.0857 	EXP 	Instructions: text = 'Click the spacebar to shuffle through the filters to recognize the color.\nPress the button of the color you think it corresponds to.'
320.0857 	EXP 	counter_Text: height = np.float64(72.0)
320.0857 	EXP 	counter_Text: height = np.float64(72.0)
320.0857 	EXP 	counter_Text: height = np.float64(72.0)
320.0857 	EXP 	counter_Text: text = 17
320.0857 	EXP 	img: autoDraw = True
320.0857 	EXP 	Instructions: autoDraw = True
320.0857 	EXP 	RBGInfo: autoDraw = True
320.0857 	EXP 	G: autoDraw = True
320.0857 	EXP 	B: autoDraw = True
320.0857 	EXP 	counter_Text: autoDraw = True
320.0857 	EXP 	total_count: autoDraw = True
320.2689 	EXP 	R: autoDraw = True
323.3543 	DATA 	Keypress: space
323.3580 	EXP 	Device response: <KeyPress from None: t=323.2488381000003, value=space, duration=None>
323.3581 	EXP 	Device response: <KeyPress from None: t=323.2488381000003, value=space, duration=0.10689489997457713>
324.9770 	DATA 	Keypress: space
324.9779 	EXP 	Device response: <KeyPress from None: t=324.92608409991954, value=space, duration=None>
325.1558 	EXP 	Device response: <KeyPress from None: t=324.92608409991954, value=space, duration=0.09671569999773055>
325.9459 	DATA 	Keypress: space
326.0626 	EXP 	Device response: <KeyPress from None: t=325.9446435999125, value=space, duration=None>
326.0626 	EXP 	Device response: <KeyPress from None: t=325.9446435999125, value=space, duration=0.10700460011139512>
326.9936 	DATA 	Keypress: space
326.9942 	EXP 	Device response: <KeyPress from None: t=326.9341323999688, value=space, duration=None>
327.1579 	EXP 	Device response: <KeyPress from None: t=326.9341323999688, value=space, duration=0.11622209998313338>
328.3702 	DATA 	Keypress: space
328.3709 	EXP 	Device response: <KeyPress from None: t=328.36839870002586, value=space, duration=None>
328.5234 	EXP 	Device response: <KeyPress from None: t=328.36839870002586, value=space, duration=0.13449699990451336>
333.7039 	DATA 	Mouse: Left button down, pos=(1672,1125)
333.7174 	EXP 	img: autoDraw = False
333.7174 	EXP 	Instructions: autoDraw = False
333.7174 	EXP 	RBGInfo: autoDraw = False
333.7174 	EXP 	R: autoDraw = False
333.7174 	EXP 	G: autoDraw = False
333.7174 	EXP 	B: autoDraw = False
333.7174 	EXP 	counter_Text: autoDraw = False
333.7174 	EXP 	total_count: autoDraw = False
333.7174 	EXP 	text_8: autoDraw = True
333.7613 	DATA 	Mouse:  Left button up, pos=(1672,1125)
334.1167 	EXP 	text_8: autoDraw = False
334.1167 	EXP 	text_8: autoDraw = False
334.1167 	EXP 	slider: markerPos = None
334.1167 	EXP 	slider: markerPos = 1
334.1167 	EXP 	slider: autoDraw = True
334.1167 	EXP 	text_9: autoDraw = True
334.1167 	EXP 	text_answer: autoDraw = True
335.0023 	DATA 	Mouse: Left button down, pos=(1401,587)
335.0334 	EXP 	slider: markerPos = np.float64(4.964)
335.0671 	EXP 	slider: markerPos = np.float64(4.964)
335.0999 	EXP 	slider: markerPos = np.float64(4.964)
335.1335 	EXP 	slider: markerPos = np.float64(4.964)
335.1369 	DATA 	Mouse:  Left button up, pos=(1401,587)
335.1835 	EXP 	slider: markerPos = 5.0
336.2167 	DATA 	Mouse: Left button down, pos=(1021,268)
336.2523 	EXP 	slider: autoDraw = False
336.2523 	EXP 	text_9: autoDraw = False
336.2523 	EXP 	text_answer: autoDraw = False
336.2523 	EXP 	text_8: autoDraw = True
336.3408 	DATA 	Mouse:  Left button up, pos=(1021,268)
336.6503 	INFO 	Keyboard events cleared
336.6500 	EXP 	text_8: autoDraw = False
336.6500 	EXP 	text_8: autoDraw = False
336.6500 	EXP 	corrColor_2: height = np.float64(56.0)
336.6500 	EXP 	corrColor_2: height = np.float64(56.0)
336.6500 	EXP 	corrColor_2: height = np.float64(56.0)
336.6500 	EXP 	corrColor_2: text = 'Brown'
336.6500 	EXP 	R_2: height = np.float64(42.0)
336.6500 	EXP 	R_2: height = np.float64(42.0)
336.6500 	EXP 	R_2: height = np.float64(42.0)
336.6500 	EXP 	R_2: text = 50
336.6500 	EXP 	G_2: height = np.float64(42.0)
336.6500 	EXP 	G_2: height = np.float64(42.0)
336.6500 	EXP 	G_2: height = np.float64(42.0)
336.6500 	EXP 	G_2: text = 15
336.6500 	EXP 	B_2: height = np.float64(42.0)
336.6500 	EXP 	B_2: height = np.float64(42.0)
336.6500 	EXP 	B_2: height = np.float64(42.0)
336.6500 	EXP 	B_2: text = 0
336.6500 	EXP 	correctAnswer: autoDraw = True
336.6500 	EXP 	RBGInfo_2: autoDraw = True
336.6500 	EXP 	R_2: autoDraw = True
336.6500 	EXP 	G_2: autoDraw = True
336.6500 	EXP 	B_2: autoDraw = True
337.3195 	DATA 	Mouse: Left button down, pos=(1007,259)
337.3367 	EXP 	correctAnswer: autoDraw = False
337.3367 	EXP 	wrongAnswer: autoDraw = False
337.3367 	EXP 	corrColor_2: autoDraw = False
337.3367 	EXP 	RBGInfo_2: autoDraw = False
337.3367 	EXP 	R_2: autoDraw = False
337.3367 	EXP 	G_2: autoDraw = False
337.3367 	EXP 	B_2: autoDraw = False
337.3367 	EXP 	text_11: autoDraw = True
337.4261 	DATA 	Mouse:  Left button up, pos=(1010,259)
337.6751 	EXP 	New trial (rep=0, index=17): <Trial 17 (17 in rep 0) data={'folder': '02-1', 'image': '030_Seafoam.jpg', 'logical': True, 'corrColor': 'Seafoam', 'corrR': 0, 'corrG': 99, 'corrB': 67, 'image_path': '02-1/030_Seafoam_0.png', 'thisN': 17, 'thisTrialN': 17, 'thisRepN': 0}>
337.9021 	EXP 	text_11: autoDraw = False
337.9021 	EXP 	text_11: autoDraw = False
337.9021 	EXP 	img: foreColor = <psychopy.colors.Color: white, alpha=1.0>
337.9021 	EXP 	img: ori = np.float64(0.0)
337.9021 	EXP 	Instructions: text = 'Click the spacebar to shuffle through the filters to recognize the color.\nPress the button of the color you think it corresponds to.'
337.9021 	EXP 	counter_Text: height = np.float64(72.0)
337.9021 	EXP 	counter_Text: height = np.float64(72.0)
337.9021 	EXP 	counter_Text: height = np.float64(72.0)
337.9021 	EXP 	counter_Text: text = 18
337.9021 	EXP 	img: autoDraw = True
337.9021 	EXP 	Instructions: autoDraw = True
337.9021 	EXP 	RBGInfo: autoDraw = True
337.9021 	EXP 	G: autoDraw = True
337.9021 	EXP 	B: autoDraw = True
337.9021 	EXP 	counter_Text: autoDraw = True
337.9021 	EXP 	total_count: autoDraw = True
338.0515 	EXP 	R: autoDraw = True
339.0596 	DATA 	Keypress: space
339.1973 	EXP 	Device response: <KeyPress from None: t=339.05878790002316, value=space, duration=None>
339.1975 	EXP 	Device response: <KeyPress from None: t=339.05878790002316, value=space, duration=0.12473329994827509>
342.9154 	DATA 	Keypress: space
343.0690 	EXP 	Device response: <KeyPress from None: t=342.91361089993734, value=space, duration=None>
343.0691 	EXP 	Device response: <KeyPress from None: t=342.91361089993734, value=space, duration=0.09731720003765076>
355.8101 	DATA 	Mouse: Left button down, pos=(1668,887)
355.8336 	EXP 	img: autoDraw = False
355.8336 	EXP 	Instructions: autoDraw = False
355.8336 	EXP 	RBGInfo: autoDraw = False
355.8336 	EXP 	R: autoDraw = False
355.8336 	EXP 	G: autoDraw = False
355.8336 	EXP 	B: autoDraw = False
355.8336 	EXP 	counter_Text: autoDraw = False
355.8336 	EXP 	total_count: autoDraw = False
355.8336 	EXP 	text_8: autoDraw = True
355.9066 	DATA 	Mouse:  Left button up, pos=(1668,887)
356.2324 	EXP 	text_8: autoDraw = False
356.2324 	EXP 	slider: markerPos = None
356.2324 	EXP 	slider: markerPos = 1
356.2324 	EXP 	slider: autoDraw = True
356.2324 	EXP 	text_9: autoDraw = True
356.2324 	EXP 	text_answer: autoDraw = True
356.7893 	DATA 	Mouse: Left button down, pos=(1394,586)
356.8325 	EXP 	slider: markerPos = np.float64(4.936)
356.8664 	EXP 	slider: markerPos = np.float64(4.936)
356.8992 	EXP 	slider: markerPos = np.float64(4.936)
356.9042 	DATA 	Mouse:  Left button up, pos=(1394,586)
356.9335 	EXP 	slider: markerPos = 5.0
357.9373 	DATA 	Mouse: Left button down, pos=(1020,256)
357.9694 	EXP 	slider: autoDraw = False
357.9694 	EXP 	text_9: autoDraw = False
357.9694 	EXP 	text_answer: autoDraw = False
357.9694 	EXP 	text_8: autoDraw = True
358.0257 	DATA 	Mouse:  Left button up, pos=(1020,256)
358.3663 	INFO 	Keyboard events cleared
358.3661 	EXP 	text_8: autoDraw = False
358.3661 	EXP 	text_8: autoDraw = False
358.3661 	EXP 	corrColor_2: height = np.float64(56.0)
358.3661 	EXP 	corrColor_2: height = np.float64(56.0)
358.3661 	EXP 	corrColor_2: height = np.float64(56.0)
358.3661 	EXP 	corrColor_2: text = 'Seafoam'
358.3661 	EXP 	R_2: height = np.float64(42.0)
358.3661 	EXP 	R_2: height = np.float64(42.0)
358.3661 	EXP 	R_2: height = np.float64(42.0)
358.3661 	EXP 	R_2: text = 0
358.3661 	EXP 	G_2: height = np.float64(42.0)
358.3661 	EXP 	G_2: height = np.float64(42.0)
358.3661 	EXP 	G_2: height = np.float64(42.0)
358.3661 	EXP 	G_2: text = 99
358.3661 	EXP 	B_2: height = np.float64(42.0)
358.3661 	EXP 	B_2: height = np.float64(42.0)
358.3661 	EXP 	B_2: height = np.float64(42.0)
358.3661 	EXP 	B_2: text = 67
358.3661 	EXP 	correctAnswer: autoDraw = True
358.3661 	EXP 	RBGInfo_2: autoDraw = True
358.3661 	EXP 	R_2: autoDraw = True
358.3661 	EXP 	G_2: autoDraw = True
358.3661 	EXP 	B_2: autoDraw = True
359.0592 	DATA 	Mouse: Left button down, pos=(1038,250)
359.0824 	EXP 	correctAnswer: autoDraw = False
359.0824 	EXP 	wrongAnswer: autoDraw = False
359.0824 	EXP 	corrColor_2: autoDraw = False
359.0824 	EXP 	RBGInfo_2: autoDraw = False
359.0824 	EXP 	R_2: autoDraw = False
359.0824 	EXP 	G_2: autoDraw = False
359.0824 	EXP 	B_2: autoDraw = False
359.0824 	EXP 	text_11: autoDraw = True
359.1583 	DATA 	Mouse:  Left button up, pos=(1038,250)
359.4219 	EXP 	New trial (rep=0, index=18): <Trial 18 (18 in rep 0) data={'folder': '01-t', 'image': '022_Cyan.jpg', 'logical': True, 'corrColor': 'Cyan', 'corrR': 0, 'corrG': 96, 'corrB': 90, 'image_path': '01-t/022_Cyan_0.png', 'thisN': 18, 'thisTrialN': 18, 'thisRepN': 0}>
359.6514 	EXP 	text_11: autoDraw = False
359.6514 	EXP 	img: foreColor = <psychopy.colors.Color: white, alpha=1.0>
359.6514 	EXP 	img: ori = np.float64(0.0)
359.6514 	EXP 	Instructions: text = 'Click the spacebar to shuffle through the filters to recognize the color.\nPress the button of the color you think it corresponds to.'
359.6514 	EXP 	counter_Text: height = np.float64(72.0)
359.6514 	EXP 	counter_Text: height = np.float64(72.0)
359.6514 	EXP 	counter_Text: height = np.float64(72.0)
359.6514 	EXP 	counter_Text: text = 19
359.6514 	EXP 	img: autoDraw = True
359.6514 	EXP 	Instructions: autoDraw = True
359.6514 	EXP 	RBGInfo: autoDraw = True
359.6514 	EXP 	G: autoDraw = True
359.6514 	EXP 	B: autoDraw = True
359.6514 	EXP 	counter_Text: autoDraw = True
359.6514 	EXP 	total_count: autoDraw = True
359.8333 	EXP 	R: autoDraw = True
360.8704 	DATA 	Keypress: space
360.8712 	EXP 	Device response: <KeyPress from None: t=360.85040250001475, value=space, duration=None>
361.0588 	EXP 	Device response: <KeyPress from None: t=360.85040250001475, value=space, duration=0.09786059998441488>
362.3770 	DATA 	Keypress: space
362.3777 	EXP 	Device response: <KeyPress from None: t=362.30367259995546, value=space, duration=None>
362.5727 	EXP 	Device response: <KeyPress from None: t=362.30367259995546, value=space, duration=0.09792820003349334>
368.2671 	DATA 	Keypress: space
368.3933 	EXP 	Device response: <KeyPress from None: t=368.2656135999132, value=space, duration=None>
368.3933 	EXP 	Device response: <KeyPress from None: t=368.2656135999132, value=space, duration=0.12499010004103184>
368.9314 	DATA 	Keypress: space
368.9325 	EXP 	Device response: <KeyPress from None: t=368.86910429992713, value=space, duration=None>
369.0851 	EXP 	Device response: <KeyPress from None: t=368.86910429992713, value=space, duration=0.11556599999312311>
369.5656 	DATA 	Keypress: space
369.7288 	EXP 	Device response: <KeyPress from None: t=369.5648000999354, value=space, duration=None>
369.7288 	EXP 	Device response: <KeyPress from None: t=369.5648000999354, value=space, duration=0.1160146000329405>
373.0819 	DATA 	Keypress: space
373.2200 	EXP 	Device response: <KeyPress from None: t=373.0800143999513, value=space, duration=None>
373.2200 	EXP 	Device response: <KeyPress from None: t=373.0800143999513, value=space, duration=0.106720200041309>
377.1177 	DATA 	Mouse: Left button down, pos=(1690,473)
377.1327 	EXP 	img: autoDraw = False
377.1327 	EXP 	Instructions: autoDraw = False
377.1327 	EXP 	RBGInfo: autoDraw = False
377.1327 	EXP 	R: autoDraw = False
377.1327 	EXP 	G: autoDraw = False
377.1327 	EXP 	B: autoDraw = False
377.1327 	EXP 	counter_Text: autoDraw = False
377.1327 	EXP 	total_count: autoDraw = False
377.1327 	EXP 	text_8: autoDraw = True
377.2060 	DATA 	Mouse:  Left button up, pos=(1690,473)
377.5321 	EXP 	text_8: autoDraw = False
377.5321 	EXP 	text_8: autoDraw = False
377.5321 	EXP 	slider: markerPos = None
377.5321 	EXP 	slider: markerPos = 1
377.5321 	EXP 	slider: autoDraw = True
377.5321 	EXP 	text_9: autoDraw = True
377.5321 	EXP 	text_answer: autoDraw = True
378.2702 	DATA 	Mouse: Left button down, pos=(1416,569)
378.3165 	EXP 	slider: markerPos = np.float64(5.024)
378.3483 	EXP 	slider: markerPos = np.float64(5.024)
378.3823 	EXP 	slider: markerPos = np.float64(5.024)
378.3870 	DATA 	Mouse:  Left button up, pos=(1416,571)
378.4172 	EXP 	slider: markerPos = 5.0
379.0650 	DATA 	Mouse: Left button down, pos=(1033,267)
379.1024 	EXP 	slider: autoDraw = False
379.1024 	EXP 	text_9: autoDraw = False
379.1024 	EXP 	text_answer: autoDraw = False
379.1024 	EXP 	text_8: autoDraw = True
379.1899 	DATA 	Mouse:  Left button up, pos=(1041,266)
379.4989 	INFO 	Keyboard events cleared
379.4986 	EXP 	text_8: autoDraw = False
379.4986 	EXP 	corrColor_2: height = np.float64(56.0)
379.4986 	EXP 	corrColor_2: height = np.float64(56.0)
379.4986 	EXP 	corrColor_2: height = np.float64(56.0)
379.4986 	EXP 	corrColor_2: text = 'Cyan'
379.4986 	EXP 	R_2: height = np.float64(42.0)
379.4986 	EXP 	R_2: height = np.float64(42.0)
379.4986 	EXP 	R_2: height = np.float64(42.0)
379.4986 	EXP 	R_2: text = 0
379.4986 	EXP 	G_2: height = np.float64(42.0)
379.4986 	EXP 	G_2: height = np.float64(42.0)
379.4986 	EXP 	G_2: height = np.float64(42.0)
379.4986 	EXP 	G_2: text = 96
379.4986 	EXP 	B_2: height = np.float64(42.0)
379.4986 	EXP 	B_2: height = np.float64(42.0)
379.4986 	EXP 	B_2: height = np.float64(42.0)
379.4986 	EXP 	B_2: text = 90
379.4986 	EXP 	correctAnswer: autoDraw = True
379.4986 	EXP 	RBGInfo_2: autoDraw = True
379.4986 	EXP 	R_2: autoDraw = True
379.4986 	EXP 	G_2: autoDraw = True
379.4986 	EXP 	B_2: autoDraw = True
380.0066 	DATA 	Mouse: Left button down, pos=(1015,234)
380.0309 	EXP 	correctAnswer: autoDraw = False
380.0309 	EXP 	wrongAnswer: autoDraw = False
380.0309 	EXP 	corrColor_2: autoDraw = False
380.0309 	EXP 	RBGInfo_2: autoDraw = False
380.0309 	EXP 	R_2: autoDraw = False
380.0309 	EXP 	G_2: autoDraw = False
380.0309 	EXP 	B_2: autoDraw = False
380.0309 	EXP 	text_11: autoDraw = True
380.1250 	DATA 	Mouse:  Left button up, pos=(1025,234)
380.3692 	EXP 	New trial (rep=0, index=19): <Trial 19 (19 in rep 0) data={'folder': '03-1', 'image': '032_Bordeaux.jpg', 'logical': True, 'corrColor': 'Bordeaux', 'corrR': 50, 'corrG': 0, 'corrB': 18, 'image_path': '03-1/032_Bordeaux_0.png', 'thisN': 19, 'thisTrialN': 19, 'thisRepN': 0}>
380.5997 	EXP 	text_11: autoDraw = False
380.5997 	EXP 	img: foreColor = <psychopy.colors.Color: white, alpha=1.0>
380.5997 	EXP 	img: ori = np.float64(0.0)
380.5997 	EXP 	Instructions: text = 'Click the spacebar to shuffle through the filters to recognize the color.\nPress the button of the color you think it corresponds to.'
380.5997 	EXP 	counter_Text: height = np.float64(72.0)
380.5997 	EXP 	counter_Text: height = np.float64(72.0)
380.5997 	EXP 	counter_Text: height = np.float64(72.0)
380.5997 	EXP 	counter_Text: text = 20
380.5997 	EXP 	img: autoDraw = True
380.5997 	EXP 	Instructions: autoDraw = True
380.5997 	EXP 	RBGInfo: autoDraw = True
380.5997 	EXP 	G: autoDraw = True
380.5997 	EXP 	B: autoDraw = True
380.5997 	EXP 	counter_Text: autoDraw = True
380.5997 	EXP 	total_count: autoDraw = True
380.7653 	EXP 	R: autoDraw = True
383.5551 	DATA 	Keypress: space
383.5556 	EXP 	Device response: <KeyPress from None: t=383.5456015999662, value=space, duration=None>
383.7327 	EXP 	Device response: <KeyPress from None: t=383.5456015999662, value=space, duration=0.15225789998658001>
384.2096 	DATA 	Keypress: space
384.2118 	EXP 	Device response: <KeyPress from None: t=384.18784659996163, value=space, duration=None>
384.3886 	EXP 	Device response: <KeyPress from None: t=384.18784659996163, value=space, duration=0.10714199999347329>
391.4516 	DATA 	Mouse: Left button down, pos=(1694,1071)
391.4657 	EXP 	img: autoDraw = False
391.4657 	EXP 	Instructions: autoDraw = False
391.4657 	EXP 	RBGInfo: autoDraw = False
391.4657 	EXP 	R: autoDraw = False
391.4657 	EXP 	G: autoDraw = False
391.4657 	EXP 	B: autoDraw = False
391.4657 	EXP 	counter_Text: autoDraw = False
391.4657 	EXP 	total_count: autoDraw = False
391.4657 	EXP 	text_8: autoDraw = True
391.5586 	DATA 	Mouse:  Left button up, pos=(1694,1071)
391.8477 	EXP 	text_8: autoDraw = False
391.8477 	EXP 	text_8: autoDraw = False
391.8477 	EXP 	slider: markerPos = None
391.8477 	EXP 	slider: markerPos = 1
391.8477 	EXP 	slider: autoDraw = True
391.8477 	EXP 	text_9: autoDraw = True
391.8477 	EXP 	text_answer: autoDraw = True
392.6544 	DATA 	Mouse: Left button down, pos=(1381,604)
392.6981 	EXP 	slider: markerPos = np.float64(4.884)
392.7316 	EXP 	slider: markerPos = np.float64(4.884)
392.7373 	DATA 	Mouse:  Left button up, pos=(1381,604)
392.7641 	EXP 	slider: markerPos = 5.0
393.6524 	DATA 	Mouse: Left button down, pos=(1035,261)
393.6685 	EXP 	slider: autoDraw = False
393.6685 	EXP 	text_9: autoDraw = False
393.6685 	EXP 	text_answer: autoDraw = False
393.6685 	EXP 	text_8: autoDraw = True
393.7635 	DATA 	Mouse:  Left button up, pos=(1035,261)
394.1484 	INFO 	Keyboard events cleared
394.1480 	EXP 	text_8: autoDraw = False
394.1480 	EXP 	text_8: autoDraw = False
394.1480 	EXP 	corrColor_2: height = np.float64(56.0)
394.1480 	EXP 	corrColor_2: height = np.float64(56.0)
394.1480 	EXP 	corrColor_2: height = np.float64(56.0)
394.1480 	EXP 	corrColor_2: text = 'Bordeaux'
394.1480 	EXP 	R_2: height = np.float64(42.0)
394.1480 	EXP 	R_2: height = np.float64(42.0)
394.1480 	EXP 	R_2: height = np.float64(42.0)
394.1480 	EXP 	R_2: text = 50
394.1480 	EXP 	G_2: height = np.float64(42.0)
394.1480 	EXP 	G_2: height = np.float64(42.0)
394.1480 	EXP 	G_2: height = np.float64(42.0)
394.1480 	EXP 	G_2: text = 0
394.1480 	EXP 	B_2: height = np.float64(42.0)
394.1480 	EXP 	B_2: height = np.float64(42.0)
394.1480 	EXP 	B_2: height = np.float64(42.0)
394.1480 	EXP 	B_2: text = 18
394.1480 	EXP 	wrongAnswer: autoDraw = True
394.1480 	EXP 	corrColor_2: autoDraw = True
394.1480 	EXP 	RBGInfo_2: autoDraw = True
394.1480 	EXP 	R_2: autoDraw = True
394.1480 	EXP 	G_2: autoDraw = True
394.1480 	EXP 	B_2: autoDraw = True
399.6883 	DATA 	Mouse: Left button down, pos=(1667,1012)
399.7857 	DATA 	Mouse:  Left button up, pos=(1667,1012)
399.8155 	EXP 	correctAnswer: autoDraw = True
399.8155 	EXP 	wrongAnswer: autoDraw = False
399.8155 	EXP 	corrColor_2: autoDraw = False
400.8038 	DATA 	Mouse: Left button down, pos=(1038,276)
400.8162 	EXP 	correctAnswer: autoDraw = False
400.8162 	EXP 	wrongAnswer: autoDraw = False
400.8162 	EXP 	corrColor_2: autoDraw = False
400.8162 	EXP 	RBGInfo_2: autoDraw = False
400.8162 	EXP 	R_2: autoDraw = False
400.8162 	EXP 	G_2: autoDraw = False
400.8162 	EXP 	B_2: autoDraw = False
400.8162 	EXP 	text_11: autoDraw = True
400.9232 	DATA 	Mouse:  Left button up, pos=(1043,279)
401.1524 	EXP 	New trial (rep=0, index=20): <Trial 20 (20 in rep 0) data={'folder': '03-1', 'image': '031_Bordeaux.jpg', 'logical': True, 'corrColor': 'Bordeaux', 'corrR': 47, 'corrG': 5, 'corrB': 21, 'image_path': '03-1/031_Bordeaux_0.png', 'thisN': 20, 'thisTrialN': 20, 'thisRepN': 0}>
401.3488 	EXP 	text_11: autoDraw = False
401.3488 	EXP 	text_11: autoDraw = False
401.3488 	EXP 	img: foreColor = <psychopy.colors.Color: white, alpha=1.0>
401.3488 	EXP 	img: ori = np.float64(0.0)
401.3488 	EXP 	Instructions: text = 'Click the spacebar to shuffle through the filters to recognize the color.\nPress the button of the color you think it corresponds to.'
401.3488 	EXP 	counter_Text: height = np.float64(72.0)
401.3488 	EXP 	counter_Text: height = np.float64(72.0)
401.3488 	EXP 	counter_Text: height = np.float64(72.0)
401.3488 	EXP 	counter_Text: text = 21
401.3488 	EXP 	img: autoDraw = True
401.3488 	EXP 	Instructions: autoDraw = True
401.3488 	EXP 	RBGInfo: autoDraw = True
401.3488 	EXP 	G: autoDraw = True
401.3488 	EXP 	B: autoDraw = True
401.3488 	EXP 	counter_Text: autoDraw = True
401.3488 	EXP 	total_count: autoDraw = True
401.5150 	EXP 	R: autoDraw = True
404.1417 	DATA 	Keypress: space
404.2995 	EXP 	Device response: <KeyPress from None: t=404.1391391999787, value=space, duration=None>
404.2996 	EXP 	Device response: <KeyPress from None: t=404.1391391999787, value=space, duration=0.13408610003534704>
405.1053 	DATA 	Keypress: space
405.1064 	EXP 	Device response: <KeyPress from None: t=404.9907903999556, value=space, duration=None>
405.1064 	EXP 	Device response: <KeyPress from None: t=404.9907903999556, value=space, duration=0.10675609996542335>
417.8734 	DATA 	Mouse: Left button down, pos=(1676,1007)
417.8977 	EXP 	img: autoDraw = False
417.8977 	EXP 	Instructions: autoDraw = False
417.8977 	EXP 	RBGInfo: autoDraw = False
417.8977 	EXP 	R: autoDraw = False
417.8977 	EXP 	G: autoDraw = False
417.8977 	EXP 	B: autoDraw = False
417.8977 	EXP 	counter_Text: autoDraw = False
417.8977 	EXP 	total_count: autoDraw = False
417.8977 	EXP 	text_8: autoDraw = True
417.9750 	DATA 	Mouse:  Left button up, pos=(1676,1007)
418.2975 	EXP 	text_8: autoDraw = False
418.2975 	EXP 	slider: markerPos = None
418.2975 	EXP 	slider: markerPos = 1
418.2975 	EXP 	slider: autoDraw = True
418.2975 	EXP 	text_9: autoDraw = True
418.2975 	EXP 	text_answer: autoDraw = True
419.6010 	DATA 	Mouse: Left button down, pos=(1390,590)
419.6302 	EXP 	slider: markerPos = np.float64(4.92)
419.6631 	EXP 	slider: markerPos = np.float64(4.92)
419.6972 	EXP 	slider: markerPos = np.float64(4.92)
419.7303 	EXP 	slider: markerPos = np.float64(4.92)
419.7334 	DATA 	Mouse:  Left button up, pos=(1390,590)
419.7804 	EXP 	slider: markerPos = 5.0
420.7001 	DATA 	Mouse: Left button down, pos=(1005,276)
420.7343 	EXP 	slider: autoDraw = False
420.7343 	EXP 	text_9: autoDraw = False
420.7343 	EXP 	text_answer: autoDraw = False
420.7343 	EXP 	text_8: autoDraw = True
420.8130 	DATA 	Mouse:  Left button up, pos=(1012,276)
421.1137 	INFO 	Keyboard events cleared
421.1135 	EXP 	text_8: autoDraw = False
421.1135 	EXP 	corrColor_2: text = 'Bordeaux'
421.1135 	EXP 	R_2: height = np.float64(42.0)
421.1135 	EXP 	R_2: height = np.float64(42.0)
421.1135 	EXP 	R_2: height = np.float64(42.0)
421.1135 	EXP 	R_2: text = 47
421.1135 	EXP 	G_2: height = np.float64(42.0)
421.1135 	EXP 	G_2: height = np.float64(42.0)
421.1135 	EXP 	G_2: height = np.float64(42.0)
421.1135 	EXP 	G_2: text = 5
421.1135 	EXP 	B_2: height = np.float64(42.0)
421.1135 	EXP 	B_2: height = np.float64(42.0)
421.1135 	EXP 	B_2: height = np.float64(42.0)
421.1135 	EXP 	B_2: text = 21
421.1135 	EXP 	correctAnswer: autoDraw = True
421.1135 	EXP 	RBGInfo_2: autoDraw = True
421.1135 	EXP 	R_2: autoDraw = True
421.1135 	EXP 	G_2: autoDraw = True
421.1135 	EXP 	B_2: autoDraw = True
421.5293 	DATA 	Mouse: Left button down, pos=(1009,239)
421.5657 	EXP 	correctAnswer: autoDraw = False
421.5657 	EXP 	wrongAnswer: autoDraw = False
421.5657 	EXP 	corrColor_2: autoDraw = False
421.5657 	EXP 	RBGInfo_2: autoDraw = False
421.5657 	EXP 	R_2: autoDraw = False
421.5657 	EXP 	G_2: autoDraw = False
421.5657 	EXP 	B_2: autoDraw = False
421.5657 	EXP 	text_11: autoDraw = True
421.6224 	DATA 	Mouse:  Left button up, pos=(1009,241)
421.9033 	EXP 	New trial (rep=0, index=21): <Trial 21 (21 in rep 0) data={'folder': '03-1', 'image': '019_Teal.jpg', 'logical': True, 'corrColor': 'Teal', 'corrR': 0, 'corrG': 44, 'corrB': 49, 'image_path': '03-1/019_Teal_0.png', 'thisN': 21, 'thisTrialN': 21, 'thisRepN': 0}>
422.1154 	EXP 	text_11: autoDraw = False
422.1154 	EXP 	text_11: autoDraw = False
422.1154 	EXP 	img: foreColor = <psychopy.colors.Color: white, alpha=1.0>
422.1154 	EXP 	img: ori = np.float64(0.0)
422.1154 	EXP 	Instructions: text = 'Click the spacebar to shuffle through the filters to recognize the color.\nPress the button of the color you think it corresponds to.'
422.1154 	EXP 	counter_Text: height = np.float64(72.0)
422.1154 	EXP 	counter_Text: height = np.float64(72.0)
422.1154 	EXP 	counter_Text: height = np.float64(72.0)
422.1154 	EXP 	counter_Text: text = 22
422.1154 	EXP 	img: autoDraw = True
422.1154 	EXP 	Instructions: autoDraw = True
422.1154 	EXP 	RBGInfo: autoDraw = True
422.1154 	EXP 	G: autoDraw = True
422.1154 	EXP 	B: autoDraw = True
422.1154 	EXP 	counter_Text: autoDraw = True
422.1154 	EXP 	total_count: autoDraw = True
422.2652 	EXP 	R: autoDraw = True
423.0783 	DATA 	Keypress: space
423.1867 	EXP 	Device response: <KeyPress from None: t=423.07692119991407, value=space, duration=None>
423.1868 	EXP 	Device response: <KeyPress from None: t=423.07692119991407, value=space, duration=0.08818410011008382>
425.1928 	DATA 	Keypress: space
425.3190 	EXP 	Device response: <KeyPress from None: t=425.190017899964, value=space, duration=None>
425.3191 	EXP 	Device response: <KeyPress from None: t=425.190017899964, value=space, duration=0.08850319997873157>
432.4354 	DATA 	Mouse: Left button down, pos=(1698,1061)
432.5848 	DATA 	Mouse:  Left button up, pos=(1698,1061)
433.6144 	DATA 	Mouse: Left button down, pos=(1682,1073)
433.7732 	DATA 	Mouse:  Left button up, pos=(1682,1073)
434.3141 	DATA 	Mouse: Left button down, pos=(1677,1057)
434.3383 	EXP 	img: autoDraw = False
434.3383 	EXP 	Instructions: autoDraw = False
434.3383 	EXP 	RBGInfo: autoDraw = False
434.3383 	EXP 	R: autoDraw = False
434.3383 	EXP 	G: autoDraw = False
434.3383 	EXP 	B: autoDraw = False
434.3383 	EXP 	counter_Text: autoDraw = False
434.3383 	EXP 	total_count: autoDraw = False
434.3383 	EXP 	text_8: autoDraw = True
434.4216 	DATA 	Mouse:  Left button up, pos=(1677,1057)
434.7464 	EXP 	text_8: autoDraw = False
434.7464 	EXP 	slider: markerPos = None
434.7464 	EXP 	slider: markerPos = 1
434.7464 	EXP 	slider: autoDraw = True
434.7464 	EXP 	text_9: autoDraw = True
434.7464 	EXP 	text_answer: autoDraw = True
435.5822 	DATA 	Mouse: Left button down, pos=(1428,620)
435.6296 	EXP 	slider: markerPos = np.float64(5.072)
435.6635 	EXP 	slider: markerPos = np.float64(5.072)
435.6964 	EXP 	slider: markerPos = np.float64(5.072)
435.6995 	DATA 	Mouse:  Left button up, pos=(1428,620)
435.7304 	EXP 	slider: markerPos = 5.0
436.5815 	DATA 	Mouse: Left button down, pos=(1035,260)
436.5998 	EXP 	slider: autoDraw = False
436.5998 	EXP 	text_9: autoDraw = False
436.5998 	EXP 	text_answer: autoDraw = False
436.5998 	EXP 	text_8: autoDraw = True
436.6926 	DATA 	Mouse:  Left button up, pos=(1044,256)
436.9965 	INFO 	Keyboard events cleared
436.9962 	EXP 	text_8: autoDraw = False
436.9962 	EXP 	text_8: autoDraw = False
436.9962 	EXP 	corrColor_2: height = np.float64(56.0)
436.9962 	EXP 	corrColor_2: height = np.float64(56.0)
436.9962 	EXP 	corrColor_2: height = np.float64(56.0)
436.9962 	EXP 	corrColor_2: text = 'Teal'
436.9962 	EXP 	R_2: height = np.float64(42.0)
436.9962 	EXP 	R_2: height = np.float64(42.0)
436.9962 	EXP 	R_2: height = np.float64(42.0)
436.9962 	EXP 	R_2: text = 0
436.9962 	EXP 	G_2: height = np.float64(42.0)
436.9962 	EXP 	G_2: height = np.float64(42.0)
436.9962 	EXP 	G_2: height = np.float64(42.0)
436.9962 	EXP 	G_2: text = 44
436.9962 	EXP 	B_2: height = np.float64(42.0)
436.9962 	EXP 	B_2: height = np.float64(42.0)
436.9962 	EXP 	B_2: height = np.float64(42.0)
436.9962 	EXP 	B_2: text = 49
436.9962 	EXP 	correctAnswer: autoDraw = True
436.9962 	EXP 	RBGInfo_2: autoDraw = True
436.9962 	EXP 	R_2: autoDraw = True
436.9962 	EXP 	G_2: autoDraw = True
436.9962 	EXP 	B_2: autoDraw = True
437.5553 	DATA 	Mouse: Left button down, pos=(1050,274)
437.5798 	EXP 	correctAnswer: autoDraw = False
437.5798 	EXP 	wrongAnswer: autoDraw = False
437.5798 	EXP 	corrColor_2: autoDraw = False
437.5798 	EXP 	RBGInfo_2: autoDraw = False
437.5798 	EXP 	R_2: autoDraw = False
437.5798 	EXP 	G_2: autoDraw = False
437.5798 	EXP 	B_2: autoDraw = False
437.5798 	EXP 	text_11: autoDraw = True
437.6735 	DATA 	Mouse:  Left button up, pos=(1052,275)
437.9191 	EXP 	New trial (rep=0, index=22): <Trial 22 (22 in rep 0) data={'folder': '01-1', 'image': '008_Purple.jpg', 'logical': True, 'corrColor': 'Purple', 'corrR': 52, 'corrG': 0, 'corrB': 99, 'image_path': '01-1/008_Purple_0.png', 'thisN': 22, 'thisTrialN': 22, 'thisRepN': 0}>
438.1477 	EXP 	text_11: autoDraw = False
438.1477 	EXP 	img: foreColor = <psychopy.colors.Color: white, alpha=1.0>
438.1477 	EXP 	img: ori = np.float64(0.0)
438.1477 	EXP 	Instructions: text = 'Click the spacebar to shuffle through the filters to recognize the color.\nPress the button of the color you think it corresponds to.'
438.1477 	EXP 	counter_Text: height = np.float64(72.0)
438.1477 	EXP 	counter_Text: height = np.float64(72.0)
438.1477 	EXP 	counter_Text: height = np.float64(72.0)
438.1477 	EXP 	counter_Text: text = 23
438.1477 	EXP 	img: autoDraw = True
438.1477 	EXP 	Instructions: autoDraw = True
438.1477 	EXP 	RBGInfo: autoDraw = True
438.1477 	EXP 	G: autoDraw = True
438.1477 	EXP 	B: autoDraw = True
438.1477 	EXP 	counter_Text: autoDraw = True
438.1477 	EXP 	total_count: autoDraw = True
438.3139 	EXP 	R: autoDraw = True
441.0611 	DATA 	Keypress: space
441.0617 	EXP 	Device response: <KeyPress from None: t=440.98011799994856, value=space, duration=None>
441.2298 	EXP 	Device response: <KeyPress from None: t=440.98011799994856, value=space, duration=0.09802350006066263>
441.6895 	DATA 	Keypress: space
441.8346 	EXP 	Device response: <KeyPress from None: t=441.6873553999467, value=space, duration=None>
441.8346 	EXP 	Device response: <KeyPress from None: t=441.6873553999467, value=space, duration=0.09766259999014437>
452.0429 	DATA 	Mouse: Left button down, pos=(1655,525)
452.0625 	EXP 	img: autoDraw = False
452.0625 	EXP 	Instructions: autoDraw = False
452.0625 	EXP 	RBGInfo: autoDraw = False
452.0625 	EXP 	R: autoDraw = False
452.0625 	EXP 	G: autoDraw = False
452.0625 	EXP 	B: autoDraw = False
452.0625 	EXP 	counter_Text: autoDraw = False
452.0625 	EXP 	total_count: autoDraw = False
452.0625 	EXP 	text_8: autoDraw = True
452.0878 	DATA 	Mouse:  Left button up, pos=(1655,525)
452.4624 	EXP 	text_8: autoDraw = False
452.4624 	EXP 	text_8: autoDraw = False
452.4624 	EXP 	slider: markerPos = None
452.4624 	EXP 	slider: markerPos = 1
452.4624 	EXP 	slider: autoDraw = True
452.4624 	EXP 	text_9: autoDraw = True
452.4624 	EXP 	text_answer: autoDraw = True
453.2835 	DATA 	Mouse: Left button down, pos=(1421,616)
453.3288 	EXP 	slider: markerPos = np.float64(5.0440000000000005)
453.3621 	EXP 	slider: markerPos = np.float64(5.0440000000000005)
453.3953 	EXP 	slider: markerPos = np.float64(5.0440000000000005)
453.3987 	DATA 	Mouse:  Left button up, pos=(1421,616)
453.4455 	EXP 	slider: markerPos = 5.0
454.3354 	DATA 	Mouse: Left button down, pos=(1040,296)
454.3670 	EXP 	slider: autoDraw = False
454.3670 	EXP 	text_9: autoDraw = False
454.3670 	EXP 	text_answer: autoDraw = False
454.3670 	EXP 	text_8: autoDraw = True
454.4732 	DATA 	Mouse:  Left button up, pos=(1040,296)
454.7626 	INFO 	Keyboard events cleared
454.7623 	EXP 	text_8: autoDraw = False
454.7623 	EXP 	text_8: autoDraw = False
454.7623 	EXP 	corrColor_2: height = np.float64(56.0)
454.7623 	EXP 	corrColor_2: height = np.float64(56.0)
454.7623 	EXP 	corrColor_2: height = np.float64(56.0)
454.7623 	EXP 	corrColor_2: text = 'Purple'
454.7623 	EXP 	R_2: height = np.float64(42.0)
454.7623 	EXP 	R_2: height = np.float64(42.0)
454.7623 	EXP 	R_2: height = np.float64(42.0)
454.7623 	EXP 	R_2: text = 52
454.7623 	EXP 	G_2: height = np.float64(42.0)
454.7623 	EXP 	G_2: height = np.float64(42.0)
454.7623 	EXP 	G_2: height = np.float64(42.0)
454.7623 	EXP 	G_2: text = 0
454.7623 	EXP 	B_2: height = np.float64(42.0)
454.7623 	EXP 	B_2: height = np.float64(42.0)
454.7623 	EXP 	B_2: height = np.float64(42.0)
454.7623 	EXP 	B_2: text = 99
454.7623 	EXP 	correctAnswer: autoDraw = True
454.7623 	EXP 	RBGInfo_2: autoDraw = True
454.7623 	EXP 	R_2: autoDraw = True
454.7623 	EXP 	G_2: autoDraw = True
454.7623 	EXP 	B_2: autoDraw = True
455.3686 	DATA 	Mouse: Left button down, pos=(1040,296)
455.3821 	EXP 	correctAnswer: autoDraw = False
455.3821 	EXP 	wrongAnswer: autoDraw = False
455.3821 	EXP 	corrColor_2: autoDraw = False
455.3821 	EXP 	RBGInfo_2: autoDraw = False
455.3821 	EXP 	R_2: autoDraw = False
455.3821 	EXP 	G_2: autoDraw = False
455.3821 	EXP 	B_2: autoDraw = False
455.3821 	EXP 	text_11: autoDraw = True
455.4710 	DATA 	Mouse:  Left button up, pos=(1040,296)
455.7187 	EXP 	New trial (rep=0, index=23): <Trial 23 (23 in rep 0) data={'folder': '03-1', 'image': '021_Grey.jpg', 'logical': True, 'corrColor': 'Grey', 'corrR': 47, 'corrG': 51, 'corrB': 57, 'image_path': '03-1/021_Grey_0.png', 'thisN': 23, 'thisTrialN': 23, 'thisRepN': 0}>
455.9300 	EXP 	text_11: autoDraw = False
455.9300 	EXP 	text_11: autoDraw = False
455.9300 	EXP 	img: foreColor = <psychopy.colors.Color: white, alpha=1.0>
455.9300 	EXP 	img: ori = np.float64(0.0)
455.9300 	EXP 	Instructions: text = 'Click the spacebar to shuffle through the filters to recognize the color.\nPress the button of the color you think it corresponds to.'
455.9300 	EXP 	counter_Text: height = np.float64(72.0)
455.9300 	EXP 	counter_Text: height = np.float64(72.0)
455.9300 	EXP 	counter_Text: height = np.float64(72.0)
455.9300 	EXP 	counter_Text: text = 24
455.9300 	EXP 	img: autoDraw = True
455.9300 	EXP 	Instructions: autoDraw = True
455.9300 	EXP 	RBGInfo: autoDraw = True
455.9300 	EXP 	G: autoDraw = True
455.9300 	EXP 	B: autoDraw = True
455.9300 	EXP 	counter_Text: autoDraw = True
455.9300 	EXP 	total_count: autoDraw = True
456.0962 	EXP 	R: autoDraw = True
463.6886 	DATA 	Keypress: space
463.8395 	EXP 	Device response: <KeyPress from None: t=463.68720929999836, value=space, duration=None>
463.8396 	EXP 	Device response: <KeyPress from None: t=463.68720929999836, value=space, duration=0.12474340002518147>
465.0134 	DATA 	Keypress: space
465.0144 	EXP 	Device response: <KeyPress from None: t=464.92195529991295, value=space, duration=None>
465.2124 	EXP 	Device response: <KeyPress from None: t=464.92195529991295, value=space, duration=0.11602000007405877>
471.7483 	DATA 	Mouse: Left button down, pos=(1642,940)
471.7617 	EXP 	img: autoDraw = False
471.7617 	EXP 	Instructions: autoDraw = False
471.7617 	EXP 	RBGInfo: autoDraw = False
471.7617 	EXP 	R: autoDraw = False
471.7617 	EXP 	G: autoDraw = False
471.7617 	EXP 	B: autoDraw = False
471.7617 	EXP 	counter_Text: autoDraw = False
471.7617 	EXP 	total_count: autoDraw = False
471.7617 	EXP 	text_8: autoDraw = True
471.8379 	DATA 	Mouse:  Left button up, pos=(1642,940)
472.1787 	EXP 	text_8: autoDraw = False
472.1787 	EXP 	text_8: autoDraw = False
472.1787 	EXP 	slider: markerPos = None
472.1787 	EXP 	slider: markerPos = 1
472.1787 	EXP 	slider: autoDraw = True
472.1787 	EXP 	text_9: autoDraw = True
472.1787 	EXP 	text_answer: autoDraw = True
473.0976 	DATA 	Mouse: Left button down, pos=(1406,610)
473.1282 	EXP 	slider: markerPos = np.float64(4.984)
473.1617 	EXP 	slider: markerPos = np.float64(4.984)
473.1951 	EXP 	slider: markerPos = np.float64(4.984)
473.2177 	DATA 	Mouse:  Left button up, pos=(1406,610)
473.2296 	EXP 	slider: markerPos = np.float64(4.984)
473.2613 	EXP 	slider: markerPos = 5.0
474.0472 	DATA 	Mouse: Left button down, pos=(1000,266)
474.0827 	EXP 	slider: autoDraw = False
474.0827 	EXP 	text_9: autoDraw = False
474.0827 	EXP 	text_answer: autoDraw = False
474.0827 	EXP 	text_8: autoDraw = True
474.1685 	DATA 	Mouse:  Left button up, pos=(1000,266)
474.4783 	INFO 	Keyboard events cleared
474.4781 	EXP 	text_8: autoDraw = False
474.4781 	EXP 	corrColor_2: height = np.float64(56.0)
474.4781 	EXP 	corrColor_2: height = np.float64(56.0)
474.4781 	EXP 	corrColor_2: height = np.float64(56.0)
474.4781 	EXP 	corrColor_2: text = 'Grey'
474.4781 	EXP 	R_2: height = np.float64(42.0)
474.4781 	EXP 	R_2: height = np.float64(42.0)
474.4781 	EXP 	R_2: height = np.float64(42.0)
474.4781 	EXP 	R_2: text = 47
474.4781 	EXP 	G_2: height = np.float64(42.0)
474.4781 	EXP 	G_2: height = np.float64(42.0)
474.4781 	EXP 	G_2: height = np.float64(42.0)
474.4781 	EXP 	G_2: text = 51
474.4781 	EXP 	B_2: height = np.float64(42.0)
474.4781 	EXP 	B_2: height = np.float64(42.0)
474.4781 	EXP 	B_2: height = np.float64(42.0)
474.4781 	EXP 	B_2: text = 57
474.4781 	EXP 	correctAnswer: autoDraw = True
474.4781 	EXP 	RBGInfo_2: autoDraw = True
474.4781 	EXP 	R_2: autoDraw = True
474.4781 	EXP 	G_2: autoDraw = True
474.4781 	EXP 	B_2: autoDraw = True
474.9901 	DATA 	Mouse: Left button down, pos=(1021,263)
475.0116 	EXP 	correctAnswer: autoDraw = False
475.0116 	EXP 	wrongAnswer: autoDraw = False
475.0116 	EXP 	corrColor_2: autoDraw = False
475.0116 	EXP 	RBGInfo_2: autoDraw = False
475.0116 	EXP 	R_2: autoDraw = False
475.0116 	EXP 	G_2: autoDraw = False
475.0116 	EXP 	B_2: autoDraw = False
475.0116 	EXP 	text_11: autoDraw = True
475.0904 	DATA 	Mouse:  Left button up, pos=(1024,264)
475.3486 	EXP 	New trial (rep=0, index=24): <Trial 24 (24 in rep 0) data={'folder': '03-1', 'image': '011_Teal.jpg', 'logical': True, 'corrColor': 'Teal', 'corrR': 0, 'corrG': 45, 'corrB': 54, 'image_path': '03-1/011_Teal_0.png', 'thisN': 24, 'thisTrialN': 24, 'thisRepN': 0}>
475.5632 	EXP 	text_11: autoDraw = False
475.5632 	EXP 	text_11: autoDraw = False
475.5632 	EXP 	img: foreColor = <psychopy.colors.Color: white, alpha=1.0>
475.5632 	EXP 	img: ori = np.float64(0.0)
475.5632 	EXP 	Instructions: text = 'Click the spacebar to shuffle through the filters to recognize the color.\nPress the button of the color you think it corresponds to.'
475.5632 	EXP 	counter_Text: height = np.float64(72.0)
475.5632 	EXP 	counter_Text: height = np.float64(72.0)
475.5632 	EXP 	counter_Text: height = np.float64(72.0)
475.5632 	EXP 	counter_Text: text = 25
475.5632 	EXP 	img: autoDraw = True
475.5632 	EXP 	Instructions: autoDraw = True
475.5632 	EXP 	RBGInfo: autoDraw = True
475.5632 	EXP 	G: autoDraw = True
475.5632 	EXP 	B: autoDraw = True
475.5632 	EXP 	counter_Text: autoDraw = True
475.5632 	EXP 	total_count: autoDraw = True
475.7121 	EXP 	R: autoDraw = True
476.6003 	DATA 	Keypress: space
476.6009 	EXP 	Device response: <KeyPress from None: t=476.56817759992555, value=space, duration=None>
476.8002 	EXP 	Device response: <KeyPress from None: t=476.56817759992555, value=space, duration=0.10677770001348108>
478.2150 	DATA 	Keypress: space
478.2158 	EXP 	Device response: <KeyPress from None: t=478.2136132000014, value=space, duration=None>
478.3784 	EXP 	Device response: <KeyPress from None: t=478.2136132000014, value=space, duration=0.07939169998280704>
485.6298 	DATA 	Mouse: Left button down, pos=(1695,1065)
485.6450 	EXP 	img: autoDraw = False
485.6450 	EXP 	Instructions: autoDraw = False
485.6450 	EXP 	RBGInfo: autoDraw = False
485.6450 	EXP 	R: autoDraw = False
485.6450 	EXP 	G: autoDraw = False
485.6450 	EXP 	B: autoDraw = False
485.6450 	EXP 	counter_Text: autoDraw = False
485.6450 	EXP 	total_count: autoDraw = False
485.6450 	EXP 	text_8: autoDraw = True
485.6710 	DATA 	Mouse:  Left button up, pos=(1695,1065)
486.0446 	EXP 	text_8: autoDraw = False
486.0446 	EXP 	text_8: autoDraw = False
486.0446 	EXP 	slider: markerPos = None
486.0446 	EXP 	slider: markerPos = 1
486.0446 	EXP 	slider: autoDraw = True
486.0446 	EXP 	text_9: autoDraw = True
486.0446 	EXP 	text_answer: autoDraw = True
486.6829 	DATA 	Mouse: Left button down, pos=(1392,616)
486.7115 	EXP 	slider: markerPos = np.float64(4.928)
486.7443 	EXP 	slider: markerPos = np.float64(4.932)
486.7782 	EXP 	slider: markerPos = np.float64(4.932)
486.8039 	DATA 	Mouse:  Left button up, pos=(1393,616)
486.8112 	EXP 	slider: markerPos = np.float64(4.932)
486.8450 	EXP 	slider: markerPos = 5.0
487.5503 	DATA 	Mouse: Left button down, pos=(1032,273)
487.5825 	EXP 	slider: autoDraw = False
487.5825 	EXP 	text_9: autoDraw = False
487.5825 	EXP 	text_answer: autoDraw = False
487.5825 	EXP 	text_8: autoDraw = True
487.6535 	DATA 	Mouse:  Left button up, pos=(1032,273)
487.9943 	INFO 	Keyboard events cleared
487.9940 	EXP 	text_8: autoDraw = False
487.9940 	EXP 	text_8: autoDraw = False
487.9940 	EXP 	corrColor_2: height = np.float64(56.0)
487.9940 	EXP 	corrColor_2: height = np.float64(56.0)
487.9940 	EXP 	corrColor_2: height = np.float64(56.0)
487.9940 	EXP 	corrColor_2: text = 'Teal'
487.9940 	EXP 	R_2: height = np.float64(42.0)
487.9940 	EXP 	R_2: height = np.float64(42.0)
487.9940 	EXP 	R_2: height = np.float64(42.0)
487.9940 	EXP 	R_2: text = 0
487.9940 	EXP 	G_2: height = np.float64(42.0)
487.9940 	EXP 	G_2: height = np.float64(42.0)
487.9940 	EXP 	G_2: height = np.float64(42.0)
487.9940 	EXP 	G_2: text = 45
487.9940 	EXP 	B_2: height = np.float64(42.0)
487.9940 	EXP 	B_2: height = np.float64(42.0)
487.9940 	EXP 	B_2: height = np.float64(42.0)
487.9940 	EXP 	B_2: text = 54
487.9940 	EXP 	correctAnswer: autoDraw = True
487.9940 	EXP 	RBGInfo_2: autoDraw = True
487.9940 	EXP 	R_2: autoDraw = True
487.9940 	EXP 	G_2: autoDraw = True
487.9940 	EXP 	B_2: autoDraw = True
488.6157 	DATA 	Mouse: Left button down, pos=(1038,242)
488.6318 	EXP 	correctAnswer: autoDraw = False
488.6318 	EXP 	wrongAnswer: autoDraw = False
488.6318 	EXP 	corrColor_2: autoDraw = False
488.6318 	EXP 	RBGInfo_2: autoDraw = False
488.6318 	EXP 	R_2: autoDraw = False
488.6318 	EXP 	G_2: autoDraw = False
488.6318 	EXP 	B_2: autoDraw = False
488.6318 	EXP 	text_11: autoDraw = True
488.7407 	DATA 	Mouse:  Left button up, pos=(1053,240)
488.9682 	EXP 	New trial (rep=0, index=25): <Trial 25 (25 in rep 0) data={'folder': '03-1', 'image': '016_Brown.jpg', 'logical': True, 'corrColor': 'Brown', 'corrR': 52, 'corrG': 18, 'corrB': 0, 'image_path': '03-1/016_Brown_0.png', 'thisN': 25, 'thisTrialN': 25, 'thisRepN': 0}>
489.1956 	EXP 	text_11: autoDraw = False
489.1956 	EXP 	text_11: autoDraw = False
489.1956 	EXP 	img: foreColor = <psychopy.colors.Color: white, alpha=1.0>
489.1956 	EXP 	img: ori = np.float64(0.0)
489.1956 	EXP 	Instructions: text = 'Click the spacebar to shuffle through the filters to recognize the color.\nPress the button of the color you think it corresponds to.'
489.1956 	EXP 	counter_Text: height = np.float64(72.0)
489.1956 	EXP 	counter_Text: height = np.float64(72.0)
489.1956 	EXP 	counter_Text: height = np.float64(72.0)
489.1956 	EXP 	counter_Text: text = 26
489.1956 	EXP 	img: autoDraw = True
489.1956 	EXP 	Instructions: autoDraw = True
489.1956 	EXP 	RBGInfo: autoDraw = True
489.1956 	EXP 	G: autoDraw = True
489.1956 	EXP 	B: autoDraw = True
489.1956 	EXP 	counter_Text: autoDraw = True
489.1956 	EXP 	total_count: autoDraw = True
489.3617 	EXP 	R: autoDraw = True
490.6236 	DATA 	Keypress: space
490.6246 	EXP 	Device response: <KeyPress from None: t=490.58685139997397, value=space, duration=None>
490.8247 	EXP 	Device response: <KeyPress from None: t=490.58685139997397, value=space, duration=0.09812700003385544>
491.8780 	DATA 	Keypress: space
492.0037 	EXP 	Device response: <KeyPress from None: t=491.8739660999272, value=space, duration=None>
492.0037 	EXP 	Device response: <KeyPress from None: t=491.8739660999272, value=space, duration=0.1243186000501737>
492.8288 	DATA 	Keypress: space
492.9475 	EXP 	Device response: <KeyPress from None: t=492.82775489997584, value=space, duration=None>
492.9475 	EXP 	Device response: <KeyPress from None: t=492.82775489997584, value=space, duration=0.08854200004134327>
494.0507 	DATA 	Keypress: space
494.0513 	EXP 	Device response: <KeyPress from None: t=493.9470520999748, value=space, duration=None>
494.2112 	EXP 	Device response: <KeyPress from None: t=493.9470520999748, value=space, duration=0.11639510001987219>
497.5701 	DATA 	Keypress: space
497.5710 	EXP 	Device response: <KeyPress from None: t=497.48604929994326, value=space, duration=None>
497.7391 	EXP 	Device response: <KeyPress from None: t=497.48604929994326, value=space, duration=0.09771250002086163>
502.5611 	DATA 	Mouse: Left button down, pos=(1708,1128)
502.5773 	EXP 	img: autoDraw = False
502.5773 	EXP 	Instructions: autoDraw = False
502.5773 	EXP 	RBGInfo: autoDraw = False
502.5773 	EXP 	R: autoDraw = False
502.5773 	EXP 	G: autoDraw = False
502.5773 	EXP 	B: autoDraw = False
502.5773 	EXP 	counter_Text: autoDraw = False
502.5773 	EXP 	total_count: autoDraw = False
502.5773 	EXP 	text_8: autoDraw = True
502.6837 	DATA 	Mouse:  Left button up, pos=(1708,1128)
502.9770 	EXP 	text_8: autoDraw = False
502.9770 	EXP 	text_8: autoDraw = False
502.9770 	EXP 	slider: markerPos = None
502.9770 	EXP 	slider: markerPos = 1
502.9770 	EXP 	slider: autoDraw = True
502.9770 	EXP 	text_9: autoDraw = True
502.9770 	EXP 	text_answer: autoDraw = True
503.7811 	DATA 	Mouse: Left button down, pos=(1383,620)
503.8271 	EXP 	slider: markerPos = np.float64(4.896)
503.8608 	EXP 	slider: markerPos = np.float64(4.9)
503.8945 	EXP 	slider: markerPos = np.float64(4.9)
503.9221 	DATA 	Mouse:  Left button up, pos=(1385,619)
503.9434 	EXP 	slider: markerPos = np.float64(4.9)
503.9939 	EXP 	slider: markerPos = 5.0
504.8490 	DATA 	Mouse: Left button down, pos=(996,245)
504.8648 	EXP 	slider: autoDraw = False
504.8648 	EXP 	text_9: autoDraw = False
504.8648 	EXP 	text_answer: autoDraw = False
504.8648 	EXP 	text_8: autoDraw = True
504.9688 	DATA 	Mouse:  Left button up, pos=(1001,247)
505.2607 	INFO 	Keyboard events cleared
505.2605 	EXP 	text_8: autoDraw = False
505.2605 	EXP 	text_8: autoDraw = False
505.2605 	EXP 	corrColor_2: height = np.float64(56.0)
505.2605 	EXP 	corrColor_2: height = np.float64(56.0)
505.2605 	EXP 	corrColor_2: height = np.float64(56.0)
505.2605 	EXP 	corrColor_2: text = 'Brown'
505.2605 	EXP 	R_2: height = np.float64(42.0)
505.2605 	EXP 	R_2: height = np.float64(42.0)
505.2605 	EXP 	R_2: height = np.float64(42.0)
505.2605 	EXP 	R_2: text = 52
505.2605 	EXP 	G_2: height = np.float64(42.0)
505.2605 	EXP 	G_2: height = np.float64(42.0)
505.2605 	EXP 	G_2: height = np.float64(42.0)
505.2605 	EXP 	G_2: text = 18
505.2605 	EXP 	B_2: height = np.float64(42.0)
505.2605 	EXP 	B_2: height = np.float64(42.0)
505.2605 	EXP 	B_2: height = np.float64(42.0)
505.2605 	EXP 	B_2: text = 0
505.2605 	EXP 	correctAnswer: autoDraw = True
505.2605 	EXP 	RBGInfo_2: autoDraw = True
505.2605 	EXP 	R_2: autoDraw = True
505.2605 	EXP 	G_2: autoDraw = True
505.2605 	EXP 	B_2: autoDraw = True
505.6743 	DATA 	Mouse: Left button down, pos=(1006,279)
505.7155 	EXP 	correctAnswer: autoDraw = False
505.7155 	EXP 	wrongAnswer: autoDraw = False
505.7155 	EXP 	corrColor_2: autoDraw = False
505.7155 	EXP 	RBGInfo_2: autoDraw = False
505.7155 	EXP 	R_2: autoDraw = False
505.7155 	EXP 	G_2: autoDraw = False
505.7155 	EXP 	B_2: autoDraw = False
505.7155 	EXP 	text_11: autoDraw = True
505.7886 	DATA 	Mouse:  Left button up, pos=(1005,280)
506.0663 	EXP 	New trial (rep=0, index=26): <Trial 26 (26 in rep 0) data={'folder': '03-1', 'image': '029_Teal.jpg', 'logical': True, 'corrColor': 'Teal', 'corrR': 0, 'corrG': 47, 'corrB': 43, 'image_path': '03-1/029_Teal_0.png', 'thisN': 26, 'thisTrialN': 26, 'thisRepN': 0}>
506.2950 	EXP 	text_11: autoDraw = False
506.2950 	EXP 	img: foreColor = <psychopy.colors.Color: white, alpha=1.0>
506.2950 	EXP 	img: ori = np.float64(0.0)
506.2950 	EXP 	Instructions: text = 'Click the spacebar to shuffle through the filters to recognize the color.\nPress the button of the color you think it corresponds to.'
506.2950 	EXP 	counter_Text: height = np.float64(72.0)
506.2950 	EXP 	counter_Text: height = np.float64(72.0)
506.2950 	EXP 	counter_Text: height = np.float64(72.0)
506.2950 	EXP 	counter_Text: text = 27
506.2950 	EXP 	img: autoDraw = True
506.2950 	EXP 	Instructions: autoDraw = True
506.2950 	EXP 	RBGInfo: autoDraw = True
506.2950 	EXP 	G: autoDraw = True
506.2950 	EXP 	B: autoDraw = True
506.2950 	EXP 	counter_Text: autoDraw = True
506.2950 	EXP 	total_count: autoDraw = True
506.4450 	EXP 	R: autoDraw = True
507.1557 	DATA 	Keypress: space
507.1587 	EXP 	Device response: <KeyPress from None: t=507.0563293999294, value=space, duration=None>
507.1587 	EXP 	Device response: <KeyPress from None: t=507.0563293999294, value=space, duration=0.08817220001947135>
508.7787 	DATA 	Keypress: space
508.7799 	EXP 	Device response: <KeyPress from None: t=508.6943193000043, value=space, duration=None>
508.9753 	EXP 	Device response: <KeyPress from None: t=508.6943193000043, value=space, duration=0.11492459999863058>
514.9295 	DATA 	Mouse: Left button down, pos=(1699,1059)
514.9441 	EXP 	img: autoDraw = False
514.9441 	EXP 	Instructions: autoDraw = False
514.9441 	EXP 	RBGInfo: autoDraw = False
514.9441 	EXP 	R: autoDraw = False
514.9441 	EXP 	G: autoDraw = False
514.9441 	EXP 	B: autoDraw = False
514.9441 	EXP 	counter_Text: autoDraw = False
514.9441 	EXP 	total_count: autoDraw = False
514.9441 	EXP 	text_8: autoDraw = True
515.0511 	DATA 	Mouse:  Left button up, pos=(1699,1059)
515.3434 	EXP 	text_8: autoDraw = False
515.3434 	EXP 	text_8: autoDraw = False
515.3434 	EXP 	slider: markerPos = None
515.3434 	EXP 	slider: markerPos = 1
515.3434 	EXP 	slider: autoDraw = True
515.3434 	EXP 	text_9: autoDraw = True
515.3434 	EXP 	text_answer: autoDraw = True
516.1463 	DATA 	Mouse: Left button down, pos=(1389,596)
516.1767 	EXP 	slider: markerPos = np.float64(4.916)
516.2101 	EXP 	slider: markerPos = np.float64(4.916)
516.2436 	EXP 	slider: markerPos = np.float64(4.92)
516.2712 	DATA 	Mouse:  Left button up, pos=(1390,596)
516.2934 	EXP 	slider: markerPos = np.float64(4.92)
516.3266 	EXP 	slider: markerPos = 5.0
517.0661 	DATA 	Mouse: Left button down, pos=(1040,292)
517.0978 	EXP 	slider: autoDraw = False
517.0978 	EXP 	text_9: autoDraw = False
517.0978 	EXP 	text_answer: autoDraw = False
517.0978 	EXP 	text_8: autoDraw = True
517.1515 	DATA 	Mouse:  Left button up, pos=(1040,292)
517.5106 	INFO 	Keyboard events cleared
517.5103 	EXP 	text_8: autoDraw = False
517.5103 	EXP 	corrColor_2: height = np.float64(56.0)
517.5103 	EXP 	corrColor_2: height = np.float64(56.0)
517.5103 	EXP 	corrColor_2: height = np.float64(56.0)
517.5103 	EXP 	corrColor_2: text = 'Teal'
517.5103 	EXP 	R_2: height = np.float64(42.0)
517.5103 	EXP 	R_2: height = np.float64(42.0)
517.5103 	EXP 	R_2: height = np.float64(42.0)
517.5103 	EXP 	R_2: text = 0
517.5103 	EXP 	G_2: height = np.float64(42.0)
517.5103 	EXP 	G_2: height = np.float64(42.0)
517.5103 	EXP 	G_2: height = np.float64(42.0)
517.5103 	EXP 	G_2: text = 47
517.5103 	EXP 	B_2: height = np.float64(42.0)
517.5103 	EXP 	B_2: height = np.float64(42.0)
517.5103 	EXP 	B_2: height = np.float64(42.0)
517.5103 	EXP 	B_2: text = 43
517.5103 	EXP 	correctAnswer: autoDraw = True
517.5103 	EXP 	RBGInfo_2: autoDraw = True
517.5103 	EXP 	R_2: autoDraw = True
517.5103 	EXP 	G_2: autoDraw = True
517.5103 	EXP 	B_2: autoDraw = True
517.8983 	DATA 	Mouse: Left button down, pos=(1006,230)
517.9267 	EXP 	correctAnswer: autoDraw = False
517.9267 	EXP 	wrongAnswer: autoDraw = False
517.9267 	EXP 	corrColor_2: autoDraw = False
517.9267 	EXP 	RBGInfo_2: autoDraw = False
517.9267 	EXP 	R_2: autoDraw = False
517.9267 	EXP 	G_2: autoDraw = False
517.9267 	EXP 	B_2: autoDraw = False
517.9267 	EXP 	text_11: autoDraw = True
518.0200 	DATA 	Mouse:  Left button up, pos=(1001,237)
518.2645 	EXP 	New trial (rep=0, index=27): <Trial 27 (27 in rep 0) data={'folder': '03-1', 'image': '031_Grey.jpg', 'logical': True, 'corrColor': 'Grey', 'corrR': 45, 'corrG': 49, 'corrB': 57, 'image_path': '03-1/031_Grey_0.png', 'thisN': 27, 'thisTrialN': 27, 'thisRepN': 0}>
518.4785 	EXP 	text_11: autoDraw = False
518.4785 	EXP 	img: foreColor = <psychopy.colors.Color: white, alpha=1.0>
518.4785 	EXP 	img: ori = np.float64(0.0)
518.4785 	EXP 	Instructions: text = 'Click the spacebar to shuffle through the filters to recognize the color.\nPress the button of the color you think it corresponds to.'
518.4785 	EXP 	counter_Text: height = np.float64(72.0)
518.4785 	EXP 	counter_Text: height = np.float64(72.0)
518.4785 	EXP 	counter_Text: height = np.float64(72.0)
518.4785 	EXP 	counter_Text: text = 28
518.4785 	EXP 	img: autoDraw = True
518.4785 	EXP 	Instructions: autoDraw = True
518.4785 	EXP 	RBGInfo: autoDraw = True
518.4785 	EXP 	G: autoDraw = True
518.4785 	EXP 	B: autoDraw = True
518.4785 	EXP 	counter_Text: autoDraw = True
518.4785 	EXP 	total_count: autoDraw = True
518.6608 	EXP 	R: autoDraw = True
519.7727 	DATA 	Keypress: space
519.7739 	EXP 	Device response: <KeyPress from None: t=519.7604756000219, value=space, duration=None>
519.9710 	EXP 	Device response: <KeyPress from None: t=519.7604756000219, value=space, duration=0.11592769995331764>
520.9848 	DATA 	Keypress: space
520.9857 	EXP 	Device response: <KeyPress from None: t=520.9753138999222, value=space, duration=None>
521.1869 	EXP 	Device response: <KeyPress from None: t=520.9753138999222, value=space, duration=0.10742360004223883>
523.8184 	DATA 	Mouse: Left button down, pos=(1720,944)
523.8439 	EXP 	img: autoDraw = False
523.8439 	EXP 	Instructions: autoDraw = False
523.8439 	EXP 	RBGInfo: autoDraw = False
523.8439 	EXP 	R: autoDraw = False
523.8439 	EXP 	G: autoDraw = False
523.8439 	EXP 	B: autoDraw = False
523.8439 	EXP 	counter_Text: autoDraw = False
523.8439 	EXP 	total_count: autoDraw = False
523.8439 	EXP 	text_8: autoDraw = True
523.9377 	DATA 	Mouse:  Left button up, pos=(1720,944)
524.2598 	EXP 	text_8: autoDraw = False
524.2598 	EXP 	slider: markerPos = None
524.2598 	EXP 	slider: markerPos = 1
524.2598 	EXP 	slider: autoDraw = True
524.2598 	EXP 	text_9: autoDraw = True
524.2598 	EXP 	text_answer: autoDraw = True
524.9958 	DATA 	Mouse: Left button down, pos=(1418,605)
525.0265 	EXP 	slider: markerPos = np.float64(5.032)
525.0603 	EXP 	slider: markerPos = np.float64(5.032)
525.0930 	EXP 	slider: markerPos = np.float64(5.032)
525.1265 	EXP 	slider: markerPos = np.float64(5.032)
525.1302 	DATA 	Mouse:  Left button up, pos=(1418,605)
525.1599 	EXP 	slider: markerPos = 5.0
526.0340 	DATA 	Mouse: Left button down, pos=(1020,278)
526.0651 	EXP 	slider: autoDraw = False
526.0651 	EXP 	text_9: autoDraw = False
526.0651 	EXP 	text_answer: autoDraw = False
526.0651 	EXP 	text_8: autoDraw = True
526.1538 	DATA 	Mouse:  Left button up, pos=(1021,278)
526.4765 	INFO 	Keyboard events cleared
526.4762 	EXP 	text_8: autoDraw = False
526.4762 	EXP 	corrColor_2: height = np.float64(56.0)
526.4762 	EXP 	corrColor_2: height = np.float64(56.0)
526.4762 	EXP 	corrColor_2: height = np.float64(56.0)
526.4762 	EXP 	corrColor_2: text = 'Grey'
526.4762 	EXP 	R_2: height = np.float64(42.0)
526.4762 	EXP 	R_2: height = np.float64(42.0)
526.4762 	EXP 	R_2: height = np.float64(42.0)
526.4762 	EXP 	R_2: text = 45
526.4762 	EXP 	G_2: height = np.float64(42.0)
526.4762 	EXP 	G_2: height = np.float64(42.0)
526.4762 	EXP 	G_2: height = np.float64(42.0)
526.4762 	EXP 	G_2: text = 49
526.4762 	EXP 	B_2: height = np.float64(42.0)
526.4762 	EXP 	B_2: height = np.float64(42.0)
526.4762 	EXP 	B_2: height = np.float64(42.0)
526.4762 	EXP 	B_2: text = 57
526.4762 	EXP 	correctAnswer: autoDraw = True
526.4762 	EXP 	RBGInfo_2: autoDraw = True
526.4762 	EXP 	R_2: autoDraw = True
526.4762 	EXP 	G_2: autoDraw = True
526.4762 	EXP 	B_2: autoDraw = True
527.2161 	DATA 	Mouse: Left button down, pos=(1046,279)
527.2433 	EXP 	correctAnswer: autoDraw = False
527.2433 	EXP 	wrongAnswer: autoDraw = False
527.2433 	EXP 	corrColor_2: autoDraw = False
527.2433 	EXP 	RBGInfo_2: autoDraw = False
527.2433 	EXP 	R_2: autoDraw = False
527.2433 	EXP 	G_2: autoDraw = False
527.2433 	EXP 	B_2: autoDraw = False
527.2433 	EXP 	text_11: autoDraw = True
527.3352 	DATA 	Mouse:  Left button up, pos=(1045,279)
527.5819 	EXP 	New trial (rep=0, index=28): <Trial 28 (28 in rep 0) data={'folder': '01-1', 'image': '007_Cyan.jpg', 'logical': True, 'corrColor': 'Cyan', 'corrR': 1, 'corrG': 89, 'corrB': 99, 'image_path': '01-1/007_Cyan_0.png', 'thisN': 28, 'thisTrialN': 28, 'thisRepN': 0}>
527.7769 	EXP 	text_11: autoDraw = False
527.7769 	EXP 	img: foreColor = <psychopy.colors.Color: white, alpha=1.0>
527.7769 	EXP 	img: ori = np.float64(0.0)
527.7769 	EXP 	Instructions: text = 'Click the spacebar to shuffle through the filters to recognize the color.\nPress the button of the color you think it corresponds to.'
527.7769 	EXP 	counter_Text: height = np.float64(72.0)
527.7769 	EXP 	counter_Text: height = np.float64(72.0)
527.7769 	EXP 	counter_Text: height = np.float64(72.0)
527.7769 	EXP 	counter_Text: text = 29
527.7769 	EXP 	img: autoDraw = True
527.7769 	EXP 	Instructions: autoDraw = True
527.7769 	EXP 	RBGInfo: autoDraw = True
527.7769 	EXP 	G: autoDraw = True
527.7769 	EXP 	B: autoDraw = True
527.7769 	EXP 	counter_Text: autoDraw = True
527.7769 	EXP 	total_count: autoDraw = True
527.9096 	EXP 	R: autoDraw = True
528.9797 	DATA 	Keypress: space
528.9802 	EXP 	Device response: <KeyPress from None: t=528.9760643999325, value=space, duration=None>
529.1447 	EXP 	Device response: <KeyPress from None: t=528.9760643999325, value=space, duration=0.13441320008132607>
531.6758 	DATA 	Keypress: space
531.6767 	EXP 	Device response: <KeyPress from None: t=531.6686752999667, value=space, duration=None>
531.8498 	EXP 	Device response: <KeyPress from None: t=531.6686752999667, value=space, duration=0.09753759996965528>
538.5421 	DATA 	Keypress: space
538.5427 	EXP 	Device response: <KeyPress from None: t=538.497296400019, value=space, duration=None>
538.7174 	EXP 	Device response: <KeyPress from None: t=538.497296400019, value=space, duration=0.12552939995657653>
539.0266 	DATA 	Keypress: space
539.0274 	EXP 	Device response: <KeyPress from None: t=539.0155025999993, value=space, duration=None>
539.1617 	EXP 	Device response: <KeyPress from None: t=539.0155025999993, value=space, duration=0.12507900001946837>
539.5640 	DATA 	Keypress: space
539.5647 	EXP 	Device response: <KeyPress from None: t=539.5345684000058, value=space, duration=None>
539.7226 	EXP 	Device response: <KeyPress from None: t=539.5345684000058, value=space, duration=0.12535499990917742>
540.3144 	DATA 	Keypress: space
540.3159 	EXP 	Device response: <KeyPress from None: t=540.2105527999811, value=space, duration=None>
540.3196 	EXP 	Device response: <KeyPress from None: t=540.2105527999811, value=space, duration=0.1069976999424398>
546.6728 	DATA 	Mouse: Left button down, pos=(1682,473)
546.6933 	EXP 	img: autoDraw = False
546.6933 	EXP 	Instructions: autoDraw = False
546.6933 	EXP 	RBGInfo: autoDraw = False
546.6933 	EXP 	R: autoDraw = False
546.6933 	EXP 	G: autoDraw = False
546.6933 	EXP 	B: autoDraw = False
546.6933 	EXP 	counter_Text: autoDraw = False
546.6933 	EXP 	total_count: autoDraw = False
546.6933 	EXP 	text_8: autoDraw = True
546.7845 	DATA 	Mouse:  Left button up, pos=(1682,473)
547.0919 	EXP 	text_8: autoDraw = False
547.0919 	EXP 	text_8: autoDraw = False
547.0919 	EXP 	slider: markerPos = None
547.0919 	EXP 	slider: markerPos = 1
547.0919 	EXP 	slider: autoDraw = True
547.0919 	EXP 	text_9: autoDraw = True
547.0919 	EXP 	text_answer: autoDraw = True
547.7808 	DATA 	Mouse: Left button down, pos=(1412,595)
547.8254 	EXP 	slider: markerPos = np.float64(5.0120000000000005)
547.8592 	EXP 	slider: markerPos = np.float64(5.016)
547.8922 	EXP 	slider: markerPos = np.float64(5.02)
547.9200 	DATA 	Mouse:  Left button up, pos=(1416,590)
547.9453 	EXP 	slider: markerPos = np.float64(5.024)
547.9926 	EXP 	slider: markerPos = 5.0
548.5128 	DATA 	Mouse: Left button down, pos=(1021,252)
548.5309 	EXP 	slider: autoDraw = False
548.5309 	EXP 	text_9: autoDraw = False
548.5309 	EXP 	text_answer: autoDraw = False
548.5309 	EXP 	text_8: autoDraw = True
548.6340 	DATA 	Mouse:  Left button up, pos=(1028,252)
548.9256 	INFO 	Keyboard events cleared
548.9254 	EXP 	text_8: autoDraw = False
548.9254 	EXP 	text_8: autoDraw = False
548.9254 	EXP 	corrColor_2: height = np.float64(56.0)
548.9254 	EXP 	corrColor_2: height = np.float64(56.0)
548.9254 	EXP 	corrColor_2: height = np.float64(56.0)
548.9254 	EXP 	corrColor_2: text = 'Cyan'
548.9254 	EXP 	R_2: height = np.float64(42.0)
548.9254 	EXP 	R_2: height = np.float64(42.0)
548.9254 	EXP 	R_2: height = np.float64(42.0)
548.9254 	EXP 	R_2: text = 1
548.9254 	EXP 	G_2: height = np.float64(42.0)
548.9254 	EXP 	G_2: height = np.float64(42.0)
548.9254 	EXP 	G_2: height = np.float64(42.0)
548.9254 	EXP 	G_2: text = 89
548.9254 	EXP 	B_2: height = np.float64(42.0)
548.9254 	EXP 	B_2: height = np.float64(42.0)
548.9254 	EXP 	B_2: height = np.float64(42.0)
548.9254 	EXP 	B_2: text = 99
548.9254 	EXP 	correctAnswer: autoDraw = True
548.9254 	EXP 	RBGInfo_2: autoDraw = True
548.9254 	EXP 	R_2: autoDraw = True
548.9254 	EXP 	G_2: autoDraw = True
548.9254 	EXP 	B_2: autoDraw = True
549.5150 	DATA 	Keypress: space
549.5161 	EXP 	Device response: <KeyPress from None: t=549.5075055999914, value=space, duration=None>
549.6328 	EXP 	Device response: <KeyPress from None: t=549.5075055999914, value=space, duration=0.10651660000439733>
550.4794 	DATA 	Mouse: Left button down, pos=(1020,262)
550.4952 	EXP 	correctAnswer: autoDraw = False
550.4952 	EXP 	wrongAnswer: autoDraw = False
550.4952 	EXP 	corrColor_2: autoDraw = False
550.4952 	EXP 	RBGInfo_2: autoDraw = False
550.4952 	EXP 	R_2: autoDraw = False
550.4952 	EXP 	G_2: autoDraw = False
550.4952 	EXP 	B_2: autoDraw = False
550.4952 	EXP 	text_11: autoDraw = True
550.6061 	DATA 	Mouse:  Left button up, pos=(1019,262)
550.8317 	EXP 	New trial (rep=0, index=29): <Trial 29 (29 in rep 0) data={'folder': '02-1', 'image': '008_Orange.jpg', 'logical': True, 'corrColor': 'Orange', 'corrR': 100, 'corrG': 53, 'corrB': 0, 'image_path': '02-1/008_Orange_0.png', 'thisN': 29, 'thisTrialN': 29, 'thisRepN': 0}>
551.0597 	EXP 	text_11: autoDraw = False
551.0597 	EXP 	text_11: autoDraw = False
551.0597 	EXP 	img: foreColor = <psychopy.colors.Color: white, alpha=1.0>
551.0597 	EXP 	img: ori = np.float64(0.0)
551.0597 	EXP 	Instructions: text = 'Click the spacebar to shuffle through the filters to recognize the color.\nPress the button of the color you think it corresponds to.'
551.0597 	EXP 	counter_Text: height = np.float64(72.0)
551.0597 	EXP 	counter_Text: height = np.float64(72.0)
551.0597 	EXP 	counter_Text: height = np.float64(72.0)
551.0597 	EXP 	counter_Text: text = 30
551.0597 	EXP 	img: autoDraw = True
551.0597 	EXP 	Instructions: autoDraw = True
551.0597 	EXP 	RBGInfo: autoDraw = True
551.0597 	EXP 	G: autoDraw = True
551.0597 	EXP 	B: autoDraw = True
551.0597 	EXP 	counter_Text: autoDraw = True
551.0597 	EXP 	total_count: autoDraw = True
551.2336 	EXP 	R: autoDraw = True
553.7429 	DATA 	Keypress: space
553.7434 	EXP 	Device response: <KeyPress from None: t=553.7163198000053, value=space, duration=None>
553.9330 	EXP 	Device response: <KeyPress from None: t=553.7163198000053, value=space, duration=0.13400969991926104>
554.3988 	EXP 	Device response: <KeyPress from None: t=554.3970459999982, value=space, duration=None>
554.4024 	DATA 	Keypress: space
554.5565 	EXP 	Device response: <KeyPress from None: t=554.3970459999982, value=space, duration=0.1342204000102356>
555.0931 	DATA 	Keypress: space
555.2404 	EXP 	Device response: <KeyPress from None: t=555.0908305000048, value=space, duration=None>
555.2405 	EXP 	Device response: <KeyPress from None: t=555.0908305000048, value=space, duration=0.11601200001314282>
556.5568 	DATA 	Keypress: space
556.5574 	EXP 	Device response: <KeyPress from None: t=556.4658704999601, value=space, duration=None>
556.7063 	EXP 	Device response: <KeyPress from None: t=556.4658704999601, value=space, duration=0.10666170006152242>
564.8370 	DATA 	Mouse: Left button down, pos=(1685,702)
564.8596 	EXP 	img: autoDraw = False
564.8596 	EXP 	Instructions: autoDraw = False
564.8596 	EXP 	RBGInfo: autoDraw = False
564.8596 	EXP 	R: autoDraw = False
564.8596 	EXP 	G: autoDraw = False
564.8596 	EXP 	B: autoDraw = False
564.8596 	EXP 	counter_Text: autoDraw = False
564.8596 	EXP 	total_count: autoDraw = False
564.8596 	EXP 	text_8: autoDraw = True
564.9674 	DATA 	Mouse:  Left button up, pos=(1685,702)
565.2748 	EXP 	text_8: autoDraw = False
565.2748 	EXP 	slider: markerPos = None
565.2748 	EXP 	slider: markerPos = 1
565.2748 	EXP 	slider: autoDraw = True
565.2748 	EXP 	text_9: autoDraw = True
565.2748 	EXP 	text_answer: autoDraw = True
565.9290 	DATA 	Mouse: Left button down, pos=(1415,631)
565.9750 	EXP 	slider: markerPos = np.float64(5.02)
566.0083 	EXP 	slider: markerPos = np.float64(5.02)
566.0422 	EXP 	slider: markerPos = np.float64(5.02)
566.0518 	DATA 	Mouse:  Left button up, pos=(1415,630)
566.0914 	EXP 	slider: markerPos = 5.0
566.7602 	DATA 	Mouse: Left button down, pos=(1019,290)
566.7789 	EXP 	slider: autoDraw = False
566.7789 	EXP 	text_9: autoDraw = False
566.7789 	EXP 	text_answer: autoDraw = False
566.7789 	EXP 	text_8: autoDraw = True
566.8675 	DATA 	Mouse:  Left button up, pos=(1057,293)
567.1751 	INFO 	Keyboard events cleared
567.1748 	EXP 	text_8: autoDraw = False
567.1748 	EXP 	text_8: autoDraw = False
567.1748 	EXP 	corrColor_2: height = np.float64(56.0)
567.1748 	EXP 	corrColor_2: height = np.float64(56.0)
567.1748 	EXP 	corrColor_2: height = np.float64(56.0)
567.1748 	EXP 	corrColor_2: text = 'Orange'
567.1748 	EXP 	R_2: height = np.float64(42.0)
567.1748 	EXP 	R_2: height = np.float64(42.0)
567.1748 	EXP 	R_2: height = np.float64(42.0)
567.1748 	EXP 	R_2: text = 100
567.1748 	EXP 	G_2: height = np.float64(42.0)
567.1748 	EXP 	G_2: height = np.float64(42.0)
567.1748 	EXP 	G_2: height = np.float64(42.0)
567.1748 	EXP 	G_2: text = 53
567.1748 	EXP 	B_2: height = np.float64(42.0)
567.1748 	EXP 	B_2: height = np.float64(42.0)
567.1748 	EXP 	B_2: height = np.float64(42.0)
567.1748 	EXP 	B_2: text = 0
567.1748 	EXP 	correctAnswer: autoDraw = True
567.1748 	EXP 	RBGInfo_2: autoDraw = True
567.1748 	EXP 	R_2: autoDraw = True
567.1748 	EXP 	G_2: autoDraw = True
567.1748 	EXP 	B_2: autoDraw = True
567.7990 	DATA 	Mouse: Left button down, pos=(1063,231)
567.8248 	EXP 	correctAnswer: autoDraw = False
567.8248 	EXP 	wrongAnswer: autoDraw = False
567.8248 	EXP 	corrColor_2: autoDraw = False
567.8248 	EXP 	RBGInfo_2: autoDraw = False
567.8248 	EXP 	R_2: autoDraw = False
567.8248 	EXP 	G_2: autoDraw = False
567.8248 	EXP 	B_2: autoDraw = False
567.8248 	EXP 	text_11: autoDraw = True
567.9338 	DATA 	Mouse:  Left button up, pos=(1078,231)
568.1645 	EXP 	New trial (rep=0, index=30): <Trial 30 (30 in rep 0) data={'folder': '01-1', 'image': '018_Purple.jpg', 'logical': True, 'corrColor': 'Purple', 'corrR': 51, 'corrG': 2, 'corrB': 100, 'image_path': '01-1/018_Purple_0.png', 'thisN': 30, 'thisTrialN': 30, 'thisRepN': 0}>
568.4094 	EXP 	text_11: autoDraw = False
568.4094 	EXP 	img: foreColor = <psychopy.colors.Color: white, alpha=1.0>
568.4094 	EXP 	img: ori = np.float64(0.0)
568.4094 	EXP 	Instructions: text = 'Click the spacebar to shuffle through the filters to recognize the color.\nPress the button of the color you think it corresponds to.'
568.4094 	EXP 	counter_Text: height = np.float64(72.0)
568.4094 	EXP 	counter_Text: height = np.float64(72.0)
568.4094 	EXP 	counter_Text: height = np.float64(72.0)
568.4094 	EXP 	counter_Text: text = 31
568.4094 	EXP 	img: autoDraw = True
568.4094 	EXP 	Instructions: autoDraw = True
568.4094 	EXP 	RBGInfo: autoDraw = True
568.4094 	EXP 	G: autoDraw = True
568.4094 	EXP 	B: autoDraw = True
568.4094 	EXP 	counter_Text: autoDraw = True
568.4094 	EXP 	total_count: autoDraw = True
568.5764 	EXP 	R: autoDraw = True
570.8979 	DATA 	Keypress: space
570.8986 	EXP 	Device response: <KeyPress from None: t=570.8012185000116, value=space, duration=None>
571.0894 	EXP 	Device response: <KeyPress from None: t=570.8012185000116, value=space, duration=0.11601609992794693>
571.6903 	DATA 	Keypress: space
571.6910 	EXP 	Device response: <KeyPress from None: t=571.6256202999502, value=space, duration=None>
571.8630 	EXP 	Device response: <KeyPress from None: t=571.6256202999502, value=space, duration=0.10652969998773187>
581.3653 	DATA 	Mouse: Left button down, pos=(1686,522)
581.5034 	DATA 	Mouse:  Left button up, pos=(1686,522)
581.5253 	EXP 	img: autoDraw = False
581.5253 	EXP 	Instructions: autoDraw = False
581.5253 	EXP 	RBGInfo: autoDraw = False
581.5253 	EXP 	R: autoDraw = False
581.5253 	EXP 	G: autoDraw = False
581.5253 	EXP 	B: autoDraw = False
581.5253 	EXP 	counter_Text: autoDraw = False
581.5253 	EXP 	total_count: autoDraw = False
581.5253 	EXP 	text_8: autoDraw = True
581.9244 	EXP 	text_8: autoDraw = False
581.9244 	EXP 	slider: markerPos = None
581.9244 	EXP 	slider: markerPos = 1
581.9244 	EXP 	slider: autoDraw = True
581.9244 	EXP 	text_9: autoDraw = True
581.9244 	EXP 	text_answer: autoDraw = True
582.6924 	DATA 	Mouse: Left button down, pos=(1400,609)
582.7407 	EXP 	slider: markerPos = np.float64(4.96)
582.7743 	EXP 	slider: markerPos = np.float64(4.96)
582.8007 	DATA 	Mouse:  Left button up, pos=(1400,608)
582.8272 	EXP 	slider: markerPos = np.float64(4.96)
582.8913 	EXP 	slider: markerPos = 5.0
583.5983 	DATA 	Mouse: Left button down, pos=(994,260)
583.6452 	EXP 	slider: autoDraw = False
583.6452 	EXP 	text_9: autoDraw = False
583.6452 	EXP 	text_answer: autoDraw = False
583.6452 	EXP 	text_8: autoDraw = True
583.6861 	DATA 	Mouse:  Left button up, pos=(1015,259)
584.0413 	INFO 	Keyboard events cleared
584.0411 	EXP 	text_8: autoDraw = False
584.0411 	EXP 	text_8: autoDraw = False
584.0411 	EXP 	corrColor_2: height = np.float64(56.0)
584.0411 	EXP 	corrColor_2: height = np.float64(56.0)
584.0411 	EXP 	corrColor_2: height = np.float64(56.0)
584.0411 	EXP 	corrColor_2: text = 'Purple'
584.0411 	EXP 	R_2: height = np.float64(42.0)
584.0411 	EXP 	R_2: height = np.float64(42.0)
584.0411 	EXP 	R_2: height = np.float64(42.0)
584.0411 	EXP 	R_2: text = 51
584.0411 	EXP 	G_2: height = np.float64(42.0)
584.0411 	EXP 	G_2: height = np.float64(42.0)
584.0411 	EXP 	G_2: height = np.float64(42.0)
584.0411 	EXP 	G_2: text = 2
584.0411 	EXP 	B_2: height = np.float64(42.0)
584.0411 	EXP 	B_2: height = np.float64(42.0)
584.0411 	EXP 	B_2: height = np.float64(42.0)
584.0411 	EXP 	B_2: text = 100
584.0411 	EXP 	correctAnswer: autoDraw = True
584.0411 	EXP 	RBGInfo_2: autoDraw = True
584.0411 	EXP 	R_2: autoDraw = True
584.0411 	EXP 	G_2: autoDraw = True
584.0411 	EXP 	B_2: autoDraw = True
584.4045 	DATA 	Mouse: Left button down, pos=(1021,232)
584.4443 	EXP 	correctAnswer: autoDraw = False
584.4443 	EXP 	wrongAnswer: autoDraw = False
584.4443 	EXP 	corrColor_2: autoDraw = False
584.4443 	EXP 	RBGInfo_2: autoDraw = False
584.4443 	EXP 	R_2: autoDraw = False
584.4443 	EXP 	G_2: autoDraw = False
584.4443 	EXP 	B_2: autoDraw = False
584.4443 	EXP 	text_11: autoDraw = True
584.5199 	DATA 	Mouse:  Left button up, pos=(1021,233)
584.7802 	EXP 	New trial (rep=0, index=31): <Trial 31 (31 in rep 0) data={'folder': '03-1', 'image': '024_Grey.jpg', 'logical': True, 'corrColor': 'Grey', 'corrR': 42, 'corrG': 49, 'corrB': 52, 'image_path': '03-1/024_Grey_0.png', 'thisN': 31, 'thisTrialN': 31, 'thisRepN': 0}>
585.0094 	EXP 	text_11: autoDraw = False
585.0094 	EXP 	text_11: autoDraw = False
585.0094 	EXP 	img: foreColor = <psychopy.colors.Color: white, alpha=1.0>
585.0094 	EXP 	img: ori = np.float64(0.0)
585.0094 	EXP 	Instructions: text = 'Click the spacebar to shuffle through the filters to recognize the color.\nPress the button of the color you think it corresponds to.'
585.0094 	EXP 	counter_Text: height = np.float64(72.0)
585.0094 	EXP 	counter_Text: height = np.float64(72.0)
585.0094 	EXP 	counter_Text: height = np.float64(72.0)
585.0094 	EXP 	counter_Text: text = 32
585.0094 	EXP 	img: autoDraw = True
585.0094 	EXP 	Instructions: autoDraw = True
585.0094 	EXP 	RBGInfo: autoDraw = True
585.0094 	EXP 	G: autoDraw = True
585.0094 	EXP 	B: autoDraw = True
585.0094 	EXP 	counter_Text: autoDraw = True
585.0094 	EXP 	total_count: autoDraw = True
585.1582 	EXP 	R: autoDraw = True
586.7839 	DATA 	Keypress: space
586.7856 	EXP 	Device response: <KeyPress from None: t=586.7053857999854, value=space, duration=None>
586.9727 	EXP 	Device response: <KeyPress from None: t=586.7053857999854, value=space, duration=0.11596680001821369>
588.0253 	DATA 	Keypress: space
588.0263 	EXP 	Device response: <KeyPress from None: t=587.9255398999667, value=space, duration=None>
588.0326 	EXP 	Device response: <KeyPress from None: t=587.9255398999667, value=space, duration=0.10639750002883375>
590.6155 	DATA 	Mouse: Left button down, pos=(1700,949)
590.7790 	DATA 	Mouse:  Left button up, pos=(1700,949)
591.9529 	DATA 	Mouse: Left button down, pos=(1713,948)
591.9745 	EXP 	img: autoDraw = False
591.9745 	EXP 	Instructions: autoDraw = False
591.9745 	EXP 	RBGInfo: autoDraw = False
591.9745 	EXP 	R: autoDraw = False
591.9745 	EXP 	G: autoDraw = False
591.9745 	EXP 	B: autoDraw = False
591.9745 	EXP 	counter_Text: autoDraw = False
591.9745 	EXP 	total_count: autoDraw = False
591.9745 	EXP 	text_8: autoDraw = True
592.0344 	DATA 	Mouse:  Left button up, pos=(1713,948)
592.3734 	EXP 	text_8: autoDraw = False
592.3734 	EXP 	slider: markerPos = None
592.3734 	EXP 	slider: markerPos = 1
592.3734 	EXP 	slider: autoDraw = True
592.3734 	EXP 	text_9: autoDraw = True
592.3734 	EXP 	text_answer: autoDraw = True
592.9954 	DATA 	Mouse: Left button down, pos=(1391,636)
593.0406 	EXP 	slider: markerPos = np.float64(4.9239999999999995)
593.0744 	EXP 	slider: markerPos = np.float64(4.9239999999999995)
593.1079 	EXP 	slider: markerPos = np.float64(4.9239999999999995)
593.1317 	DATA 	Mouse:  Left button up, pos=(1391,636)
593.1411 	EXP 	slider: markerPos = np.float64(4.9239999999999995)
593.1744 	EXP 	slider: markerPos = 5.0
594.3793 	DATA 	Mouse: Left button down, pos=(1001,279)
594.4111 	EXP 	slider: autoDraw = False
594.4111 	EXP 	text_9: autoDraw = False
594.4111 	EXP 	text_answer: autoDraw = False
594.4111 	EXP 	text_8: autoDraw = True
594.4997 	DATA 	Mouse:  Left button up, pos=(1004,279)
594.8247 	INFO 	Keyboard events cleared
594.8245 	EXP 	text_8: autoDraw = False
594.8245 	EXP 	corrColor_2: height = np.float64(56.0)
594.8245 	EXP 	corrColor_2: height = np.float64(56.0)
594.8245 	EXP 	corrColor_2: height = np.float64(56.0)
594.8245 	EXP 	corrColor_2: text = 'Grey'
594.8245 	EXP 	R_2: height = np.float64(42.0)
594.8245 	EXP 	R_2: height = np.float64(42.0)
594.8245 	EXP 	R_2: height = np.float64(42.0)
594.8245 	EXP 	R_2: text = 42
594.8245 	EXP 	G_2: height = np.float64(42.0)
594.8245 	EXP 	G_2: height = np.float64(42.0)
594.8245 	EXP 	G_2: height = np.float64(42.0)
594.8245 	EXP 	G_2: text = 49
594.8245 	EXP 	B_2: height = np.float64(42.0)
594.8245 	EXP 	B_2: height = np.float64(42.0)
594.8245 	EXP 	B_2: height = np.float64(42.0)
594.8245 	EXP 	B_2: text = 52
594.8245 	EXP 	correctAnswer: autoDraw = True
594.8245 	EXP 	RBGInfo_2: autoDraw = True
594.8245 	EXP 	R_2: autoDraw = True
594.8245 	EXP 	G_2: autoDraw = True
594.8245 	EXP 	B_2: autoDraw = True
595.2778 	DATA 	Mouse: Left button down, pos=(1016,264)
595.2941 	EXP 	correctAnswer: autoDraw = False
595.2941 	EXP 	wrongAnswer: autoDraw = False
595.2941 	EXP 	corrColor_2: autoDraw = False
595.2941 	EXP 	RBGInfo_2: autoDraw = False
595.2941 	EXP 	R_2: autoDraw = False
595.2941 	EXP 	G_2: autoDraw = False
595.2941 	EXP 	B_2: autoDraw = False
595.2941 	EXP 	text_11: autoDraw = True
595.3828 	DATA 	Mouse:  Left button up, pos=(1019,264)
595.6306 	EXP 	New trial (rep=0, index=32): <Trial 32 (32 in rep 0) data={'folder': '03-1', 'image': '006_Teal.jpg', 'logical': True, 'corrColor': 'Teal', 'corrR': 0, 'corrG': 46, 'corrB': 53, 'image_path': '03-1/006_Teal_0.png', 'thisN': 32, 'thisTrialN': 32, 'thisRepN': 0}>
595.8587 	EXP 	text_11: autoDraw = False
595.8587 	EXP 	text_11: autoDraw = False
595.8587 	EXP 	img: foreColor = <psychopy.colors.Color: white, alpha=1.0>
595.8587 	EXP 	img: ori = np.float64(0.0)
595.8587 	EXP 	Instructions: text = 'Click the spacebar to shuffle through the filters to recognize the color.\nPress the button of the color you think it corresponds to.'
595.8587 	EXP 	counter_Text: height = np.float64(72.0)
595.8587 	EXP 	counter_Text: height = np.float64(72.0)
595.8587 	EXP 	counter_Text: height = np.float64(72.0)
595.8587 	EXP 	counter_Text: text = 33
595.8587 	EXP 	img: autoDraw = True
595.8587 	EXP 	Instructions: autoDraw = True
595.8587 	EXP 	RBGInfo: autoDraw = True
595.8587 	EXP 	G: autoDraw = True
595.8587 	EXP 	B: autoDraw = True
595.8587 	EXP 	counter_Text: autoDraw = True
595.8587 	EXP 	total_count: autoDraw = True
596.0245 	EXP 	R: autoDraw = True
596.7820 	DATA 	Keypress: space
596.9350 	EXP 	Device response: <KeyPress from None: t=596.7798420999898, value=space, duration=None>
596.9351 	EXP 	Device response: <KeyPress from None: t=596.7798420999898, value=space, duration=0.10669739998411387>
598.2739 	DATA 	Keypress: space
598.2763 	EXP 	Device response: <KeyPress from None: t=598.2624721999746, value=space, duration=None>
598.4610 	EXP 	Device response: <KeyPress from None: t=598.2624721999746, value=space, duration=0.1064211999764666>
606.6103 	DATA 	Mouse: Left button down, pos=(1693,1059)
606.6246 	EXP 	img: autoDraw = False
606.6246 	EXP 	Instructions: autoDraw = False
606.6246 	EXP 	RBGInfo: autoDraw = False
606.6246 	EXP 	R: autoDraw = False
606.6246 	EXP 	G: autoDraw = False
606.6246 	EXP 	B: autoDraw = False
606.6246 	EXP 	counter_Text: autoDraw = False
606.6246 	EXP 	total_count: autoDraw = False
606.6246 	EXP 	text_8: autoDraw = True
606.6282 	DATA 	Mouse:  Left button up, pos=(1693,1059)
607.0405 	EXP 	text_8: autoDraw = False
607.0405 	EXP 	text_8: autoDraw = False
607.0405 	EXP 	slider: markerPos = None
607.0405 	EXP 	slider: markerPos = 1
607.0405 	EXP 	slider: autoDraw = True
607.0405 	EXP 	text_9: autoDraw = True
607.0405 	EXP 	text_answer: autoDraw = True
607.7955 	DATA 	Mouse: Left button down, pos=(1393,608)
607.8400 	EXP 	slider: markerPos = np.float64(4.932)
607.8728 	EXP 	slider: markerPos = np.float64(4.936)
607.9069 	EXP 	slider: markerPos = np.float64(4.936)
607.9352 	DATA 	Mouse:  Left button up, pos=(1394,607)
607.9566 	EXP 	slider: markerPos = np.float64(4.936)
607.9897 	EXP 	slider: markerPos = 5.0
609.0312 	DATA 	Mouse: Left button down, pos=(1033,263)
609.0775 	EXP 	slider: autoDraw = False
609.0775 	EXP 	text_9: autoDraw = False
609.0775 	EXP 	text_answer: autoDraw = False
609.0775 	EXP 	text_8: autoDraw = True
609.1863 	DATA 	Mouse:  Left button up, pos=(1032,262)
609.4733 	INFO 	Keyboard events cleared
609.4730 	EXP 	text_8: autoDraw = False
609.4730 	EXP 	text_8: autoDraw = False
609.4730 	EXP 	corrColor_2: height = np.float64(56.0)
609.4730 	EXP 	corrColor_2: height = np.float64(56.0)
609.4730 	EXP 	corrColor_2: height = np.float64(56.0)
609.4730 	EXP 	corrColor_2: text = 'Teal'
609.4730 	EXP 	R_2: height = np.float64(42.0)
609.4730 	EXP 	R_2: height = np.float64(42.0)
609.4730 	EXP 	R_2: height = np.float64(42.0)
609.4730 	EXP 	R_2: text = 0
609.4730 	EXP 	G_2: height = np.float64(42.0)
609.4730 	EXP 	G_2: height = np.float64(42.0)
609.4730 	EXP 	G_2: height = np.float64(42.0)
609.4730 	EXP 	G_2: text = 46
609.4730 	EXP 	B_2: height = np.float64(42.0)
609.4730 	EXP 	B_2: height = np.float64(42.0)
609.4730 	EXP 	B_2: height = np.float64(42.0)
609.4730 	EXP 	B_2: text = 53
609.4730 	EXP 	correctAnswer: autoDraw = True
609.4730 	EXP 	RBGInfo_2: autoDraw = True
609.4730 	EXP 	R_2: autoDraw = True
609.4730 	EXP 	G_2: autoDraw = True
609.4730 	EXP 	B_2: autoDraw = True
610.1511 	DATA 	Mouse: Left button down, pos=(1029,280)
610.1948 	EXP 	correctAnswer: autoDraw = False
610.1948 	EXP 	wrongAnswer: autoDraw = False
610.1948 	EXP 	corrColor_2: autoDraw = False
610.1948 	EXP 	RBGInfo_2: autoDraw = False
610.1948 	EXP 	R_2: autoDraw = False
610.1948 	EXP 	G_2: autoDraw = False
610.1948 	EXP 	B_2: autoDraw = False
610.1948 	EXP 	text_11: autoDraw = True
610.2657 	DATA 	Mouse:  Left button up, pos=(1047,284)
610.5302 	EXP 	New trial (rep=0, index=33): <Trial 33 (33 in rep 0) data={'folder': '03-1', 'image': '013_Seafoam.jpg', 'logical': True, 'corrColor': 'Seafoam', 'corrR': 9, 'corrG': 100, 'corrB': 59, 'image_path': '03-1/013_Seafoam_0.png', 'thisN': 33, 'thisTrialN': 33, 'thisRepN': 0}>
610.7252 	EXP 	text_11: autoDraw = False
610.7252 	EXP 	text_11: autoDraw = False
610.7252 	EXP 	img: foreColor = <psychopy.colors.Color: white, alpha=1.0>
610.7252 	EXP 	img: ori = np.float64(0.0)
610.7252 	EXP 	Instructions: text = 'Click the spacebar to shuffle through the filters to recognize the color.\nPress the button of the color you think it corresponds to.'
610.7252 	EXP 	counter_Text: height = np.float64(72.0)
610.7252 	EXP 	counter_Text: height = np.float64(72.0)
610.7252 	EXP 	counter_Text: height = np.float64(72.0)
610.7252 	EXP 	counter_Text: text = 34
610.7252 	EXP 	img: autoDraw = True
610.7252 	EXP 	Instructions: autoDraw = True
610.7252 	EXP 	RBGInfo: autoDraw = True
610.7252 	EXP 	G: autoDraw = True
610.7252 	EXP 	B: autoDraw = True
610.7252 	EXP 	counter_Text: autoDraw = True
610.7252 	EXP 	total_count: autoDraw = True
610.8903 	EXP 	R: autoDraw = True
612.1255 	DATA 	Keypress: space
612.2409 	EXP 	Device response: <KeyPress from None: t=612.1232865999918, value=space, duration=None>
612.4071 	EXP 	Device response: <KeyPress from None: t=612.1232865999918, value=space, duration=0.12476699997205287>
614.4957 	DATA 	Keypress: space
614.4963 	EXP 	Device response: <KeyPress from None: t=614.4855873999186, value=space, duration=None>
614.6759 	EXP 	Device response: <KeyPress from None: t=614.4855873999186, value=space, duration=0.11674620001576841>
626.2033 	DATA 	Mouse: Left button down, pos=(1759,875)
626.3281 	DATA 	Mouse:  Left button up, pos=(1759,875)
627.0921 	DATA 	Mouse: Left button down, pos=(1759,875)
627.1054 	EXP 	img: autoDraw = False
627.1054 	EXP 	Instructions: autoDraw = False
627.1054 	EXP 	RBGInfo: autoDraw = False
627.1054 	EXP 	R: autoDraw = False
627.1054 	EXP 	G: autoDraw = False
627.1054 	EXP 	B: autoDraw = False
627.1054 	EXP 	counter_Text: autoDraw = False
627.1054 	EXP 	total_count: autoDraw = False
627.1054 	EXP 	text_8: autoDraw = True
627.1970 	DATA 	Mouse:  Left button up, pos=(1759,875)
627.5060 	EXP 	text_8: autoDraw = False
627.5060 	EXP 	text_8: autoDraw = False
627.5060 	EXP 	slider: markerPos = None
627.5060 	EXP 	slider: markerPos = 1
627.5060 	EXP 	slider: autoDraw = True
627.5060 	EXP 	text_9: autoDraw = True
627.5060 	EXP 	text_answer: autoDraw = True
628.3936 	DATA 	Mouse: Left button down, pos=(1413,610)
628.4223 	EXP 	slider: markerPos = np.float64(5.0120000000000005)
628.4561 	EXP 	slider: markerPos = np.float64(5.0120000000000005)
628.4890 	EXP 	slider: markerPos = np.float64(5.0120000000000005)
628.5224 	EXP 	slider: markerPos = np.float64(5.0120000000000005)
628.5495 	DATA 	Mouse:  Left button up, pos=(1413,610)
628.5559 	EXP 	slider: markerPos = np.float64(5.0120000000000005)
628.6060 	EXP 	slider: markerPos = 5.0
629.2964 	DATA 	Mouse: Left button down, pos=(1049,256)
629.3263 	EXP 	slider: autoDraw = False
629.3263 	EXP 	text_9: autoDraw = False
629.3263 	EXP 	text_answer: autoDraw = False
629.3263 	EXP 	text_8: autoDraw = True
629.3985 	DATA 	Mouse:  Left button up, pos=(1053,256)
629.7231 	INFO 	Keyboard events cleared
629.7229 	EXP 	text_8: autoDraw = False
629.7229 	EXP 	corrColor_2: height = np.float64(56.0)
629.7229 	EXP 	corrColor_2: height = np.float64(56.0)
629.7229 	EXP 	corrColor_2: height = np.float64(56.0)
629.7229 	EXP 	corrColor_2: text = 'Seafoam'
629.7229 	EXP 	R_2: height = np.float64(42.0)
629.7229 	EXP 	R_2: height = np.float64(42.0)
629.7229 	EXP 	R_2: height = np.float64(42.0)
629.7229 	EXP 	R_2: text = 9
629.7229 	EXP 	G_2: height = np.float64(42.0)
629.7229 	EXP 	G_2: height = np.float64(42.0)
629.7229 	EXP 	G_2: height = np.float64(42.0)
629.7229 	EXP 	G_2: text = 100
629.7229 	EXP 	B_2: height = np.float64(42.0)
629.7229 	EXP 	B_2: height = np.float64(42.0)
629.7229 	EXP 	B_2: height = np.float64(42.0)
629.7229 	EXP 	B_2: text = 59
629.7229 	EXP 	correctAnswer: autoDraw = True
629.7229 	EXP 	RBGInfo_2: autoDraw = True
629.7229 	EXP 	R_2: autoDraw = True
629.7229 	EXP 	G_2: autoDraw = True
629.7229 	EXP 	B_2: autoDraw = True
630.2346 	DATA 	Mouse: Left button down, pos=(1043,262)
630.2761 	EXP 	correctAnswer: autoDraw = False
630.2761 	EXP 	wrongAnswer: autoDraw = False
630.2761 	EXP 	corrColor_2: autoDraw = False
630.2761 	EXP 	RBGInfo_2: autoDraw = False
630.2761 	EXP 	R_2: autoDraw = False
630.2761 	EXP 	G_2: autoDraw = False
630.2761 	EXP 	B_2: autoDraw = False
630.2761 	EXP 	text_11: autoDraw = True
630.3644 	DATA 	Mouse:  Left button up, pos=(1079,262)
630.6248 	EXP 	New trial (rep=0, index=34): <Trial 34 (34 in rep 0) data={'folder': '01-1', 'image': '028_Blue.jpg', 'logical': True, 'corrColor': 'Blue', 'corrR': 0, 'corrG': 9, 'corrB': 96, 'image_path': '01-1/028_Blue_0.png', 'thisN': 34, 'thisTrialN': 34, 'thisRepN': 0}>
630.8408 	EXP 	text_11: autoDraw = False
630.8408 	EXP 	img: foreColor = <psychopy.colors.Color: white, alpha=1.0>
630.8408 	EXP 	img: ori = np.float64(0.0)
630.8408 	EXP 	Instructions: text = 'Click the spacebar to shuffle through the filters to recognize the color.\nPress the button of the color you think it corresponds to.'
630.8408 	EXP 	counter_Text: height = np.float64(72.0)
630.8408 	EXP 	counter_Text: height = np.float64(72.0)
630.8408 	EXP 	counter_Text: height = np.float64(72.0)
630.8408 	EXP 	counter_Text: text = 35
630.8408 	EXP 	img: autoDraw = True
630.8408 	EXP 	Instructions: autoDraw = True
630.8408 	EXP 	RBGInfo: autoDraw = True
630.8408 	EXP 	G: autoDraw = True
630.8408 	EXP 	B: autoDraw = True
630.8408 	EXP 	counter_Text: autoDraw = True
630.8408 	EXP 	total_count: autoDraw = True
630.9904 	EXP 	R: autoDraw = True
631.7911 	DATA 	Keypress: space
631.7920 	EXP 	Device response: <KeyPress from None: t=631.7404812999303, value=space, duration=None>
631.9761 	EXP 	Device response: <KeyPress from None: t=631.7404812999303, value=space, duration=0.10657850001007318>
634.4232 	DATA 	Keypress: space
634.4238 	EXP 	Device response: <KeyPress from None: t=634.3209957999643, value=space, duration=None>
634.4288 	EXP 	Device response: <KeyPress from None: t=634.3209957999643, value=space, duration=0.10633700003381819>
641.1277 	DATA 	Mouse: Left button down, pos=(1700,653)
641.1570 	EXP 	img: autoDraw = False
641.1570 	EXP 	Instructions: autoDraw = False
641.1570 	EXP 	RBGInfo: autoDraw = False
641.1570 	EXP 	R: autoDraw = False
641.1570 	EXP 	G: autoDraw = False
641.1570 	EXP 	B: autoDraw = False
641.1570 	EXP 	counter_Text: autoDraw = False
641.1570 	EXP 	total_count: autoDraw = False
641.1570 	EXP 	text_8: autoDraw = True
641.2291 	DATA 	Mouse:  Left button up, pos=(1700,653)
641.5384 	EXP 	text_8: autoDraw = False
641.5384 	EXP 	slider: markerPos = None
641.5384 	EXP 	slider: markerPos = 1
641.5384 	EXP 	slider: autoDraw = True
641.5384 	EXP 	text_9: autoDraw = True
641.5384 	EXP 	text_answer: autoDraw = True
642.8616 	DATA 	Mouse: Left button down, pos=(1418,614)
642.9068 	EXP 	slider: markerPos = np.float64(5.032)
642.9385 	EXP 	slider: markerPos = np.float64(5.032)
642.9656 	DATA 	Mouse:  Left button up, pos=(1418,612)
642.9716 	EXP 	slider: markerPos = np.float64(5.032)
643.0055 	EXP 	slider: markerPos = 5.0
643.7903 	DATA 	Mouse: Left button down, pos=(960,277)
643.8256 	EXP 	slider: autoDraw = False
643.8256 	EXP 	text_9: autoDraw = False
643.8256 	EXP 	text_answer: autoDraw = False
643.8256 	EXP 	text_8: autoDraw = True
643.9138 	DATA 	Mouse:  Left button up, pos=(960,277)
644.2221 	INFO 	Keyboard events cleared
644.2218 	EXP 	text_8: autoDraw = False
644.2218 	EXP 	text_8: autoDraw = False
644.2218 	EXP 	corrColor_2: height = np.float64(56.0)
644.2218 	EXP 	corrColor_2: height = np.float64(56.0)
644.2218 	EXP 	corrColor_2: height = np.float64(56.0)
644.2218 	EXP 	corrColor_2: text = 'Blue'
644.2218 	EXP 	R_2: height = np.float64(42.0)
644.2218 	EXP 	R_2: height = np.float64(42.0)
644.2218 	EXP 	R_2: height = np.float64(42.0)
644.2218 	EXP 	R_2: text = 0
644.2218 	EXP 	G_2: height = np.float64(42.0)
644.2218 	EXP 	G_2: height = np.float64(42.0)
644.2218 	EXP 	G_2: height = np.float64(42.0)
644.2218 	EXP 	G_2: text = 9
644.2218 	EXP 	B_2: height = np.float64(42.0)
644.2218 	EXP 	B_2: height = np.float64(42.0)
644.2218 	EXP 	B_2: height = np.float64(42.0)
644.2218 	EXP 	B_2: text = 96
644.2218 	EXP 	correctAnswer: autoDraw = True
644.2218 	EXP 	RBGInfo_2: autoDraw = True
644.2218 	EXP 	R_2: autoDraw = True
644.2218 	EXP 	G_2: autoDraw = True
644.2218 	EXP 	B_2: autoDraw = True
644.6294 	DATA 	Mouse: Left button down, pos=(983,238)
644.6556 	EXP 	correctAnswer: autoDraw = False
644.6556 	EXP 	wrongAnswer: autoDraw = False
644.6556 	EXP 	corrColor_2: autoDraw = False
644.6556 	EXP 	RBGInfo_2: autoDraw = False
644.6556 	EXP 	R_2: autoDraw = False
644.6556 	EXP 	G_2: autoDraw = False
644.6556 	EXP 	B_2: autoDraw = False
644.6556 	EXP 	text_11: autoDraw = True
644.7341 	DATA 	Mouse:  Left button up, pos=(985,240)
644.9958 	EXP 	New trial (rep=0, index=35): <Trial 35 (35 in rep 0) data={'folder': '03-1', 'image': '019_Brown.jpg', 'logical': True, 'corrColor': 'Brown', 'corrR': 50, 'corrG': 17, 'corrB': 0, 'image_path': '03-1/019_Brown_0.png', 'thisN': 35, 'thisTrialN': 35, 'thisRepN': 0}>
645.2235 	EXP 	text_11: autoDraw = False
645.2235 	EXP 	img: foreColor = <psychopy.colors.Color: white, alpha=1.0>
645.2235 	EXP 	img: ori = np.float64(0.0)
645.2235 	EXP 	Instructions: text = 'Click the spacebar to shuffle through the filters to recognize the color.\nPress the button of the color you think it corresponds to.'
645.2235 	EXP 	counter_Text: height = np.float64(72.0)
645.2235 	EXP 	counter_Text: height = np.float64(72.0)
645.2235 	EXP 	counter_Text: height = np.float64(72.0)
645.2235 	EXP 	counter_Text: text = 36
645.2235 	EXP 	img: autoDraw = True
645.2235 	EXP 	Instructions: autoDraw = True
645.2235 	EXP 	RBGInfo: autoDraw = True
645.2235 	EXP 	G: autoDraw = True
645.2235 	EXP 	B: autoDraw = True
645.2235 	EXP 	counter_Text: autoDraw = True
645.2235 	EXP 	total_count: autoDraw = True
645.3894 	EXP 	R: autoDraw = True
646.5164 	DATA 	Keypress: space
646.5179 	EXP 	Device response: <KeyPress from None: t=646.4611042999895, value=space, duration=None>
646.7300 	EXP 	Device response: <KeyPress from None: t=646.4611042999895, value=space, duration=0.1341941999271512>
647.6978 	DATA 	Keypress: space
647.6995 	EXP 	Device response: <KeyPress from None: t=647.6522284999955, value=space, duration=None>
647.8929 	EXP 	Device response: <KeyPress from None: t=647.6522284999955, value=space, duration=0.09736349992454052>
648.5250 	DATA 	Keypress: space
648.5255 	EXP 	Device response: <KeyPress from None: t=648.4643772999989, value=space, duration=None>
648.7102 	EXP 	Device response: <KeyPress from None: t=648.4643772999989, value=space, duration=0.11652729997877032>
649.6309 	DATA 	Keypress: space
649.6323 	EXP 	Device response: <KeyPress from None: t=649.531716599944, value=space, duration=None>
649.7777 	EXP 	Device response: <KeyPress from None: t=649.531716599944, value=space, duration=0.12507780001033098>
655.4093 	DATA 	Mouse: Left button down, pos=(1684,1124)
655.4222 	EXP 	img: autoDraw = False
655.4222 	EXP 	Instructions: autoDraw = False
655.4222 	EXP 	RBGInfo: autoDraw = False
655.4222 	EXP 	R: autoDraw = False
655.4222 	EXP 	G: autoDraw = False
655.4222 	EXP 	B: autoDraw = False
655.4222 	EXP 	counter_Text: autoDraw = False
655.4222 	EXP 	total_count: autoDraw = False
655.4222 	EXP 	text_8: autoDraw = True
655.4620 	DATA 	Mouse:  Left button up, pos=(1684,1124)
655.8381 	EXP 	text_8: autoDraw = False
655.8381 	EXP 	text_8: autoDraw = False
655.8381 	EXP 	slider: markerPos = None
655.8381 	EXP 	slider: markerPos = 1
655.8381 	EXP 	slider: autoDraw = True
655.8381 	EXP 	text_9: autoDraw = True
655.8381 	EXP 	text_answer: autoDraw = True
656.6761 	DATA 	Mouse: Left button down, pos=(1415,603)
656.7213 	EXP 	slider: markerPos = np.float64(5.02)
656.7550 	EXP 	slider: markerPos = np.float64(5.02)
656.7797 	DATA 	Mouse:  Left button up, pos=(1415,603)
656.7881 	EXP 	slider: markerPos = np.float64(5.02)
656.8718 	EXP 	slider: markerPos = 5.0
658.0231 	DATA 	Mouse: Left button down, pos=(975,248)
658.0604 	EXP 	slider: autoDraw = False
658.0604 	EXP 	text_9: autoDraw = False
658.0604 	EXP 	text_answer: autoDraw = False
658.0604 	EXP 	text_8: autoDraw = True
658.1465 	DATA 	Mouse:  Left button up, pos=(975,248)
658.4549 	INFO 	Keyboard events cleared
658.4546 	EXP 	text_8: autoDraw = False
658.4546 	EXP 	corrColor_2: height = np.float64(56.0)
658.4546 	EXP 	corrColor_2: height = np.float64(56.0)
658.4546 	EXP 	corrColor_2: height = np.float64(56.0)
658.4546 	EXP 	corrColor_2: text = 'Brown'
658.4546 	EXP 	R_2: height = np.float64(42.0)
658.4546 	EXP 	R_2: height = np.float64(42.0)
658.4546 	EXP 	R_2: height = np.float64(42.0)
658.4546 	EXP 	R_2: text = 50
658.4546 	EXP 	G_2: height = np.float64(42.0)
658.4546 	EXP 	G_2: height = np.float64(42.0)
658.4546 	EXP 	G_2: height = np.float64(42.0)
658.4546 	EXP 	G_2: text = 17
658.4546 	EXP 	B_2: height = np.float64(42.0)
658.4546 	EXP 	B_2: height = np.float64(42.0)
658.4546 	EXP 	B_2: height = np.float64(42.0)
658.4546 	EXP 	B_2: text = 0
658.4546 	EXP 	correctAnswer: autoDraw = True
658.4546 	EXP 	RBGInfo_2: autoDraw = True
658.4546 	EXP 	R_2: autoDraw = True
658.4546 	EXP 	G_2: autoDraw = True
658.4546 	EXP 	B_2: autoDraw = True
658.8654 	DATA 	Mouse: Left button down, pos=(977,253)
658.9045 	EXP 	correctAnswer: autoDraw = False
658.9045 	EXP 	wrongAnswer: autoDraw = False
658.9045 	EXP 	corrColor_2: autoDraw = False
658.9045 	EXP 	RBGInfo_2: autoDraw = False
658.9045 	EXP 	R_2: autoDraw = False
658.9045 	EXP 	G_2: autoDraw = False
658.9045 	EXP 	B_2: autoDraw = False
658.9045 	EXP 	text_11: autoDraw = True
659.0000 	DATA 	Mouse:  Left button up, pos=(978,254)
659.2432 	EXP 	New trial (rep=0, index=36): <Trial 36 (36 in rep 0) data={'folder': '02-1', 'image': '014_Pink.jpg', 'logical': True, 'corrColor': 'Pink', 'corrR': 100, 'corrG': 9, 'corrB': 40, 'image_path': '02-1/014_Pink_0.png', 'thisN': 36, 'thisTrialN': 36, 'thisRepN': 0}>
659.4726 	EXP 	text_11: autoDraw = False
659.4726 	EXP 	img: foreColor = <psychopy.colors.Color: white, alpha=1.0>
659.4726 	EXP 	img: ori = np.float64(0.0)
659.4726 	EXP 	Instructions: text = 'Click the spacebar to shuffle through the filters to recognize the color.\nPress the button of the color you think it corresponds to.'
659.4726 	EXP 	counter_Text: height = np.float64(72.0)
659.4726 	EXP 	counter_Text: height = np.float64(72.0)
659.4726 	EXP 	counter_Text: height = np.float64(72.0)
659.4726 	EXP 	counter_Text: text = 37
659.4726 	EXP 	img: autoDraw = True
659.4726 	EXP 	Instructions: autoDraw = True
659.4726 	EXP 	RBGInfo: autoDraw = True
659.4726 	EXP 	G: autoDraw = True
659.4726 	EXP 	B: autoDraw = True
659.4726 	EXP 	counter_Text: autoDraw = True
659.4726 	EXP 	total_count: autoDraw = True
659.6228 	EXP 	R: autoDraw = True
660.9807 	DATA 	Keypress: space
660.9814 	EXP 	Device response: <KeyPress from None: t=660.9126329999417, value=space, duration=None>
661.1789 	EXP 	Device response: <KeyPress from None: t=660.9126329999417, value=space, duration=0.12524339999072254>
662.3527 	DATA 	Keypress: space
662.3537 	EXP 	Device response: <KeyPress from None: t=662.328480899916, value=space, duration=None>
662.5398 	EXP 	Device response: <KeyPress from None: t=662.328480899916, value=space, duration=0.12447360006626695>
672.4031 	DATA 	Mouse: Left button down, pos=(1754,826)
672.4216 	EXP 	img: autoDraw = False
672.4216 	EXP 	Instructions: autoDraw = False
672.4216 	EXP 	RBGInfo: autoDraw = False
672.4216 	EXP 	R: autoDraw = False
672.4216 	EXP 	G: autoDraw = False
672.4216 	EXP 	B: autoDraw = False
672.4216 	EXP 	counter_Text: autoDraw = False
672.4216 	EXP 	total_count: autoDraw = False
672.4216 	EXP 	text_8: autoDraw = True
672.4802 	DATA 	Mouse:  Left button up, pos=(1754,826)
672.8039 	EXP 	text_8: autoDraw = False
672.8039 	EXP 	text_8: autoDraw = False
672.8039 	EXP 	slider: markerPos = None
672.8039 	EXP 	slider: markerPos = 1
672.8039 	EXP 	slider: autoDraw = True
672.8039 	EXP 	text_9: autoDraw = True
672.8039 	EXP 	text_answer: autoDraw = True
673.6075 	DATA 	Mouse: Left button down, pos=(1406,596)
673.6377 	EXP 	slider: markerPos = np.float64(4.984)
673.6705 	EXP 	slider: markerPos = np.float64(4.984)
673.7043 	EXP 	slider: markerPos = np.float64(4.9879999999999995)
673.7271 	DATA 	Mouse:  Left button up, pos=(1407,595)
673.7370 	EXP 	slider: markerPos = np.float64(4.9879999999999995)
673.7707 	EXP 	slider: markerPos = 5.0
674.3402 	DATA 	Mouse: Left button down, pos=(950,241)
674.3563 	EXP 	slider: autoDraw = False
674.3563 	EXP 	text_9: autoDraw = False
674.3563 	EXP 	text_answer: autoDraw = False
674.3563 	EXP 	text_8: autoDraw = True
674.4651 	DATA 	Mouse:  Left button up, pos=(956,242)
674.7713 	INFO 	Keyboard events cleared
674.7710 	EXP 	text_8: autoDraw = False
674.7710 	EXP 	text_8: autoDraw = False
674.7710 	EXP 	corrColor_2: height = np.float64(56.0)
674.7710 	EXP 	corrColor_2: height = np.float64(56.0)
674.7710 	EXP 	corrColor_2: height = np.float64(56.0)
674.7710 	EXP 	corrColor_2: text = 'Pink'
674.7710 	EXP 	R_2: height = np.float64(42.0)
674.7710 	EXP 	R_2: height = np.float64(42.0)
674.7710 	EXP 	R_2: height = np.float64(42.0)
674.7710 	EXP 	R_2: text = 100
674.7710 	EXP 	G_2: height = np.float64(42.0)
674.7710 	EXP 	G_2: height = np.float64(42.0)
674.7710 	EXP 	G_2: height = np.float64(42.0)
674.7710 	EXP 	G_2: text = 9
674.7710 	EXP 	B_2: height = np.float64(42.0)
674.7710 	EXP 	B_2: height = np.float64(42.0)
674.7710 	EXP 	B_2: height = np.float64(42.0)
674.7710 	EXP 	B_2: text = 40
674.7710 	EXP 	correctAnswer: autoDraw = True
674.7710 	EXP 	RBGInfo_2: autoDraw = True
674.7710 	EXP 	R_2: autoDraw = True
674.7710 	EXP 	G_2: autoDraw = True
674.7710 	EXP 	B_2: autoDraw = True
675.3969 	DATA 	Mouse: Left button down, pos=(1020,265)
675.4208 	EXP 	correctAnswer: autoDraw = False
675.4208 	EXP 	wrongAnswer: autoDraw = False
675.4208 	EXP 	corrColor_2: autoDraw = False
675.4208 	EXP 	RBGInfo_2: autoDraw = False
675.4208 	EXP 	R_2: autoDraw = False
675.4208 	EXP 	G_2: autoDraw = False
675.4208 	EXP 	B_2: autoDraw = False
675.4208 	EXP 	text_11: autoDraw = True
675.5011 	DATA 	Mouse:  Left button up, pos=(1028,268)
675.7615 	EXP 	New trial (rep=0, index=37): <Trial 37 (37 in rep 0) data={'folder': '03-1', 'image': '006_Bordeaux.jpg', 'logical': True, 'corrColor': 'Bordeaux', 'corrR': 51, 'corrG': 0, 'corrB': 12, 'image_path': '03-1/006_Bordeaux_0.png', 'thisN': 37, 'thisTrialN': 37, 'thisRepN': 0}>
676.0056 	EXP 	text_11: autoDraw = False
676.0056 	EXP 	img: foreColor = <psychopy.colors.Color: white, alpha=1.0>
676.0056 	EXP 	img: ori = np.float64(0.0)
676.0056 	EXP 	Instructions: text = 'Click the spacebar to shuffle through the filters to recognize the color.\nPress the button of the color you think it corresponds to.'
676.0056 	EXP 	counter_Text: height = np.float64(72.0)
676.0056 	EXP 	counter_Text: height = np.float64(72.0)
676.0056 	EXP 	counter_Text: height = np.float64(72.0)
676.0056 	EXP 	counter_Text: text = 38
676.0056 	EXP 	img: autoDraw = True
676.0056 	EXP 	Instructions: autoDraw = True
676.0056 	EXP 	RBGInfo: autoDraw = True
676.0056 	EXP 	G: autoDraw = True
676.0056 	EXP 	B: autoDraw = True
676.0056 	EXP 	counter_Text: autoDraw = True
676.0056 	EXP 	total_count: autoDraw = True
676.1714 	EXP 	R: autoDraw = True
677.0912 	DATA 	Keypress: space
677.0917 	EXP 	Device response: <KeyPress from None: t=677.0245220999932, value=space, duration=None>
677.2788 	EXP 	Device response: <KeyPress from None: t=677.0245220999932, value=space, duration=0.10681499994825572>
677.9680 	DATA 	Keypress: space
678.1021 	EXP 	Device response: <KeyPress from None: t=677.9649888999993, value=space, duration=None>
678.1022 	EXP 	Device response: <KeyPress from None: t=677.9649888999993, value=space, duration=0.10667100001592189>
679.5722 	DATA 	Keypress: space
679.7305 	EXP 	Device response: <KeyPress from None: t=679.5714593000012, value=space, duration=None>
679.7306 	EXP 	Device response: <KeyPress from None: t=679.5714593000012, value=space, duration=0.1160007999278605>
680.5880 	DATA 	Keypress: space
680.5887 	EXP 	Device response: <KeyPress from None: t=680.5213049999438, value=space, duration=None>
680.7432 	EXP 	Device response: <KeyPress from None: t=680.5213049999438, value=space, duration=0.09807970002293587>
681.7483 	DATA 	Keypress: space
681.7488 	EXP 	Device response: <KeyPress from None: t=681.6820407999912, value=space, duration=None>
681.9128 	EXP 	Device response: <KeyPress from None: t=681.6820407999912, value=space, duration=0.12444139993749559>
682.2481 	DATA 	Keypress: space
682.2492 	EXP 	Device response: <KeyPress from None: t=682.1766975999344, value=space, duration=None>
682.4084 	EXP 	Device response: <KeyPress from None: t=682.1766975999344, value=space, duration=0.12542960001155734>
687.4191 	DATA 	Mouse: Left button down, pos=(1666,997)
687.4380 	EXP 	img: autoDraw = False
687.4380 	EXP 	Instructions: autoDraw = False
687.4380 	EXP 	RBGInfo: autoDraw = False
687.4380 	EXP 	R: autoDraw = False
687.4380 	EXP 	G: autoDraw = False
687.4380 	EXP 	B: autoDraw = False
687.4380 	EXP 	counter_Text: autoDraw = False
687.4380 	EXP 	total_count: autoDraw = False
687.4380 	EXP 	text_8: autoDraw = True
687.5109 	DATA 	Mouse:  Left button up, pos=(1666,997)
687.8538 	EXP 	text_8: autoDraw = False
687.8538 	EXP 	text_8: autoDraw = False
687.8538 	EXP 	slider: markerPos = None
687.8538 	EXP 	slider: markerPos = 1
687.8538 	EXP 	slider: autoDraw = True
687.8538 	EXP 	text_9: autoDraw = True
687.8538 	EXP 	text_answer: autoDraw = True
688.5949 	DATA 	Mouse: Left button down, pos=(1401,589)
688.6366 	EXP 	slider: markerPos = np.float64(4.964)
688.6701 	EXP 	slider: markerPos = np.float64(4.964)
688.7050 	EXP 	slider: markerPos = np.float64(4.964)
688.7091 	DATA 	Mouse:  Left button up, pos=(1401,589)
688.7365 	EXP 	slider: markerPos = 5.0
689.4974 	DATA 	Mouse: Left button down, pos=(937,232)
689.5407 	EXP 	slider: autoDraw = False
689.5407 	EXP 	text_9: autoDraw = False
689.5407 	EXP 	text_answer: autoDraw = False
689.5407 	EXP 	text_8: autoDraw = True
689.6162 	DATA 	Mouse:  Left button up, pos=(945,236)
689.9545 	INFO 	Keyboard events cleared
689.9543 	EXP 	text_8: autoDraw = False
689.9543 	EXP 	corrColor_2: height = np.float64(56.0)
689.9543 	EXP 	corrColor_2: height = np.float64(56.0)
689.9543 	EXP 	corrColor_2: height = np.float64(56.0)
689.9543 	EXP 	corrColor_2: text = 'Bordeaux'
689.9543 	EXP 	R_2: height = np.float64(42.0)
689.9543 	EXP 	R_2: height = np.float64(42.0)
689.9543 	EXP 	R_2: height = np.float64(42.0)
689.9543 	EXP 	R_2: text = 51
689.9543 	EXP 	G_2: height = np.float64(42.0)
689.9543 	EXP 	G_2: height = np.float64(42.0)
689.9543 	EXP 	G_2: height = np.float64(42.0)
689.9543 	EXP 	G_2: text = 0
689.9543 	EXP 	B_2: height = np.float64(42.0)
689.9543 	EXP 	B_2: height = np.float64(42.0)
689.9543 	EXP 	B_2: height = np.float64(42.0)
689.9543 	EXP 	B_2: text = 12
689.9543 	EXP 	correctAnswer: autoDraw = True
689.9543 	EXP 	RBGInfo_2: autoDraw = True
689.9543 	EXP 	R_2: autoDraw = True
689.9543 	EXP 	G_2: autoDraw = True
689.9543 	EXP 	B_2: autoDraw = True
690.3101 	DATA 	Mouse: Left button down, pos=(1025,265)
690.3229 	EXP 	correctAnswer: autoDraw = False
690.3229 	EXP 	wrongAnswer: autoDraw = False
690.3229 	EXP 	corrColor_2: autoDraw = False
690.3229 	EXP 	RBGInfo_2: autoDraw = False
690.3229 	EXP 	R_2: autoDraw = False
690.3229 	EXP 	G_2: autoDraw = False
690.3229 	EXP 	B_2: autoDraw = False
690.3229 	EXP 	text_11: autoDraw = True
690.4440 	DATA 	Mouse:  Left button up, pos=(1025,265)
690.7042 	EXP 	text_11: autoDraw = False
690.7042 	EXP 	text_11: autoDraw = False
690.7042 	EXP 	GoodJob: height = np.float64(50.0)
690.7042 	EXP 	GoodJob: height = np.float64(50.0)
690.7042 	EXP 	GoodJob: height = np.float64(50.0)
690.7042 	EXP 	GoodJob: text = 'Good job!\n\nThe experiment will now close.\n\nThank you.'
690.7042 	EXP 	GoodJob: autoDraw = True
691.8074 	EXP 	Device response: <KeyPress from None: t=691.8018748000031, value=space, duration=None>
691.8085 	DATA 	Keypress: space
691.9075 	EXP 	Device response: <KeyPress from None: t=691.8018748000031, value=space, duration=0.09771060000639409>
692.6251 	EXP 	Device response: <KeyPress from None: t=692.6147452999139, value=return, duration=None>
692.6265 	DATA 	Keypress: return
692.7075 	EXP 	Device response: <KeyPress from None: t=692.6147452999139, value=return, duration=0.08904650004114956>
693.6740 	EXP 	GoodJob: autoDraw = False
693.6742 	EXP 	Train3Laptop: status = STOPPED
693.7829 	INFO 	saved data to 'C:\\Users\\lille\\NewOneDrive\\OneDrive\\Emilie\\MasterThesisProject\\data\\002_Train3Laptop_2026-04-10_19h57.25.825.csv'
693.7915 	INFO 	saved data to C:\Users\lille\NewOneDrive\OneDrive\Emilie\MasterThesisProject\data\002_Train3Laptop_2026-04-10_19h57.25.825.psydat
694.3977 	WARNING 	Stopping key buffers but this could be dangerous ifother keyboards rely on the same.
