,index,image,logical,corrColor,corrR,corrG,corrB,image_path,oldColor,thisN,slider.response,slider.history,trials.thisIndex,filterCount.routineEndVal,trial_counter.routineEndVal,trial_1.started,trial_1.stopped,filterChange.routineEndVal,answer.routineEndVal,confidence.started,confidence.stopped,trials.mouse_2.x,trials.mouse_2.y,trials.mouse_2.time,confirm.started,wrongAnswer.started,correctAnswer.started,confirm.stopped,congrats.started,colorList.expEndVal,participant,session,date,expName,frameRate,expStart,total_time,trial_time,confidence_time,confirm_time,points,filterCounter,sessionType,colorDifficulty,week,num_colours,accuracy,confidence_score,mu,sigma,z_time,speed_score,accuracy_score,difficulty_weight,score,base_score
0,1,DemoRed.jpg,True,Red,96.0,6.0,0.0,Demo/DemoRed_0.png,,0.0,5.0,"[(5.0, 5.8487068000249565)]",0.0,"[115.63641429995187, 117.66781520005316, 118.98135340004228, 119.40183430002071, 119.69813299993984, 120.12883759988472, 120.38652549986728, 122.5728563000448, 135.90943689993583, 141.37854829989374]",1.0,86.8809935,236.8567287,2.0,Red,237.2202897,248.3115722,"[0.37, 0.04833333333333333]","[-0.0325, -0.2916666666666667]","[5.608855500118807, 11.088841200107709]",248.6823431,,248.7084476,264.3792276,,,1.0,0,2026-03-16_19h15.40.657,Week1Demo,60.20266631,2026-03-16 19h15.41.289469 +0100,177.4982341,149.97573519999997,11.091282500000005,15.696884499999982,5.0,9.0,1.0,1.0,0.0,6.0,1,1.0,19.30824455779817,22.47882600372503,-5.812914367527402,0.0029798014225973406,2,1.0,1.200893940426779,1.2
1,2,DemoBlue.jpg,True,Blue,0.0,0.0,90.0,Demo/DemoBlue_0.png,,1.0,5.0,"[(5.0, 2.6475463998503983)]",1.0,[],2.0,264.739031,289.0532852,0.0,Blue,289.4174118,294.2585619,"[0.3858333333333333, 0.075]","[-0.0075, -0.2775]","[2.409906900022179, 4.839462599949911]",294.624636,,294.6407372,297.6977152,,,1.0,0,2026-03-16_19h15.40.657,Week1Demo,60.20266631,2026-03-16 19h15.41.289469 +0100,32.95868419999999,24.314254199999993,4.841150099999993,3.073079199999995,5.0,0.0,1.0,1.0,0.0,6.0,1,1.0,19.30824455779817,22.47882600372503,-0.2226988918981919,0.4445542396033377,2,1.0,1.3333662718810013,1.2
2,3,DemoGreen.jpg,True,Green,0.0,98.0,5.0,Demo/DemoGreen_0.png,,2.0,5.0,"[(5.0, 2.6488935998640954)]",2.0,"[5.527772800065577, 7.528163800016046, 14.75577099993825, 18.431033300003037]",3.0,298.0585841,323.0023419,0.0,Green,323.3692099,327.5449908,"[0.3775, 0.020833333333333332]","[-0.024166666666666666, -0.2833333333333333]","[2.4096610001288354, 4.173559700138867]",327.9112984,,327.9254398,329.4508801,,,1.0,0,2026-03-16_19h15.40.657,Week1Demo,60.20266631,2026-03-16 19h15.41.289469 +0100,31.392295999999988,24.943757799999958,4.175780900000007,1.5395816999999852,5.0,3.0,1.0,1.0,0.0,6.0,1,1.0,19.30824455779817,22.47882600372503,-0.2507031835767541,0.4376504292435462,2,1.0,1.3312951287730639,1.2
3,4,DemoCyan.jpg,True,Cyan,1.0,100.0,92.0,Demo/DemoCyan_0.png,,3.0,5.0,"[(5.0, 4.864224100019783)]",3.0,"[8.93008409999311, 11.810803999891505, 13.396250899881124, 16.319293200038373]",4.0,329.8091023,358.2605569,0.0,Cyan,358.6142696,366.54261,"[0.37, 0.03]","[-0.03166666666666667, -0.29333333333333333]","[4.628025500103831, 7.926241300068796]",366.9084878,,366.9224041,368.6464495,,,1.0,0,2026-03-16_19h15.40.657,Week1Demo,60.20266631,2026-03-16 19h15.41.289469 +0100,38.83734720000001,28.451454599999977,7.928340400000025,1.737961700000028,5.0,3.0,1.0,1.0,0.0,6.0,1,1.0,19.30824455779817,22.47882600372503,-0.40674766736869006,0.39969222529359355,2,1.0,1.319907667588078,1.2
4,5,DemoYellow.jpg,True,Yellow,96.0,100.0,0.0,Demo/DemoYellow_0.png,,4.0,5.0,"[(5.0, 2.9475825999397784)]",4.0,"[11.431462000124156, 16.6037463999819, 19.49549030000344]",5.0,369.0038812,406.5388525,3.0,Yellow,406.8937828,411.3080993,"[0.38166666666666665, 0.04666666666666667]","[-0.0075, -0.2783333333333333]","[2.7136580001097172, 4.413159500109032]",411.6690867,,411.6866484,413.0269806,,,1.0,0,2026-03-16_19h15.40.657,Week1Demo,60.20266631,2026-03-16 19h15.41.289469 +0100,44.02309939999998,37.534971299999995,4.414316499999984,1.3578939000000219,5.0,2.0,1.0,1.0,0.0,6.0,1,1.0,19.30824455779817,22.47882600372503,-0.8108397982697773,0.30771156865487326,2,1.0,1.2923134705964618,1.2
5,6,DemoPurple.jpg,True,Purple,65.0,3.0,100.0,Demo/DemoPurple_0.png,,5.0,5.0,"[(5.0, 1.8673092001117766)]",5.0,"[11.914530399953946, 12.148051399970427, 12.364576399791986, 13.111788099864498, 14.295759699773043, 16.808097299886867, 19.78592749987729, 20.32245499989949]",6.0,413.3866058,445.1987481,0.0,Purple,445.5585348,448.7394461,"[0.37, 0.023333333333333334]","[-0.013333333333333334, -0.295]","[1.6615212000906467, 3.178311300231144]",449.1038484,,449.1199154,450.1598406,,,1.0,0,2026-03-16_19h15.40.657,Week1Demo,60.20266631,2026-03-16 19h15.41.289469 +0100,36.77323480000001,31.812142300000005,3.180911299999991,1.0559921999999915,5.0,7.0,1.0,1.0,0.0,6.0,1,1.0,19.30824455779817,22.47882600372503,-0.55625225890933,0.3644150573555587,2,1.0,1.3093245172066676,1.2
6,1,016_Green.jpg,True,Green,9.0,100.0,4.0,01-1/016_Green_0.png,,0.0,5.0,"[(5.0, 2.431026899954304)]",22.0,"[15.618877599947155, 19.31175210000947, 21.688457099953666]",1.0,13.7634378,44.9160108,3.0,Green,45.2767215,48.9416363,"[0.38083333333333336, 0.04583333333333333]","[-0.0125, -0.2725]","[2.181739600142464, 3.6630287000443786]",49.3325676,,49.35608,50.7133381,,,1.0,1.0,2026-03-16_19h25.46.917,Baseline,59.49151419,2026-03-16 19h25.47.500195 +0100,36.9499003,31.152573000000004,3.6649147999999983,1.3807705000000041,5.0,2.0,2.0,2.0,0.0,6.0,1,1.0,19.30824455779817,22.47882600372503,-0.526910455209675,0.37123776311270207,2,1.0,1.3113713289338105,1.2
7,2,006_Blue.jpg,True,Blue,2.0,6.0,100.0,01-1/006_Blue_0.png,,1.0,5.0,"[(5.0, 2.020134299993515)]",0.0,"[5.909660599892959, 6.805581699823961, 11.039134499849752]",2.0,51.0702738,67.1892822,3.0,Blue,67.5452392,70.6422006,"[0.3725, 0.0475]","[0.0, -0.26666666666666666]","[1.7972822000738233, 3.0949260001070797]",71.0166159,,71.0389657,72.1948466,,,1.0,1.0,2026-03-16_19h25.46.917,Baseline,59.49151419,2026-03-16 19h25.47.500195 +0100,21.124572800000003,16.11900839999999,3.096961399999998,1.1782307000000003,5.0,2.0,2.0,2.0,0.0,6.0,1,1.0,19.30824455779817,22.47882600372503,0.14187734525235793,0.5354099584418519,2,1.0,1.3606229875325555,1.2
8,3,006_Yellow.jpg,True,Yellow,100.0,100.0,9.0,01-1/006_Yellow_0.png,,2.0,5.0,"[(5.0, 1.5479966001585126)]",3.0,"[12.344960000133142, 14.216213300125673, 17.98878960008733]",3.0,72.56379,98.4790808,3.0,Yellow,98.8315796,101.5904252,"[0.38166666666666665, 0.049166666666666664]","[-0.03666666666666667, -0.2925]","[1.3125793000217527, 2.756505799945444]",101.9571934,,101.9705301,103.0423876,,,1.0,1.0,2026-03-16_19h25.46.917,Baseline,59.49151419,2026-03-16 19h25.47.500195 +0100,30.4785976,25.915290800000008,2.758845600000001,1.0851942000000037,5.0,2.0,2.0,2.0,0.0,6.0,1,1.0,19.30824455779817,22.47882600372503,-0.2939231008375156,0.4270436994582725,2,1.0,1.3281131098374817,1.2
9,4,022_Blue.jpg,True,Blue,4.0,0.0,99.0,01-1/022_Blue_0.png,,3.0,5.0,"[(5.0, 2.03121370007284)]",38.0,[],4.0,103.3994936,108.5135338,0.0,Blue,108.8640228,112.1757097,"[0.375, 0.06916666666666667]","[-0.01, -0.27166666666666667]","[1.808711800025776, 3.3088461000006646]",112.5399176,,112.5579912,113.6322029,,,1.0,1.0,2026-03-16_19h25.46.917,Baseline,59.49151419,2026-03-16 19h25.47.500195 +0100,10.232709299999996,5.114040200000005,3.311686899999998,1.0922853000000003,5.0,0.0,2.0,2.0,0.0,6.0,1,1.0,19.30824455779817,22.47882600372503,0.6314477613486578,0.6528176651688777,2,1.0,1.3958452995506632,1.2
10,5,021_Yellow.jpg,True,Yellow,99.0,88.0,0.0,01-1/021_Yellow_0.png,,4.0,5.0,"[(5.0, 1.530904500046745)]",37.0,"[7.244960100157186, 8.031351200072095, 9.316478700144216]",5.0,114.006732,128.4263209,3.0,Yellow,128.7852329,131.4075351,"[0.365, 0.049166666666666664]","[-0.024166666666666666, -0.2775]","[1.3209948998410255, 2.619753499981016]",131.7808536,,131.8052794,132.5230263,,,1.0,1.0,2026-03-16_19h25.46.917,Baseline,59.49151419,2026-03-16 19h25.47.500195 +0100,18.5162943,14.419588900000008,2.6223021999999787,0.7421726999999976,5.0,2.0,2.0,2.0,0.0,6.0,1,1.0,19.30824455779817,22.47882600372503,0.2174782462833267,0.5541562781423415,2,1.0,1.3662468834427024,1.2
11,6,006_Red.jpg,True,Red,98.0,0.0,0.0,01-1/006_Red_0.png,,5.0,5.0,"[(5.0, 1.4648430000524968)]",2.0,[],6.0,132.8858772,141.31064,0.0,Red,141.6600211,144.4233969,"[0.38916666666666666, 0.058333333333333334]","[-0.03666666666666667, -0.2816666666666667]","[1.2313353000208735, 2.761366599937901]",144.7882918,,144.8032815,155.826733,,,1.0,1.0,2026-03-16_19h25.46.917,Baseline,59.49151419,2026-03-16 19h25.47.500195 +0100,22.94085579999998,8.424762799999996,2.7633758000000057,11.038441199999994,5.0,0.0,2.0,2.0,0.0,6.0,1,1.0,19.30824455779817,22.47882600372503,0.48416593268681557,0.6187311153781241,2,1.0,1.3856193346134371,1.2
12,7,012_Green.jpg,True,Green,3.0,94.0,4.0,01-1/012_Green_0.png,,6.0,5.0,"[(5.0, 1.9135660999454558)]",17.0,"[7.681926100049168, 13.166281499899924, 16.36908710002899]",7.0,156.1839403,180.4775399,3.0,Green,180.8280071,183.7888244,"[0.3566666666666667, 0.03916666666666667]","[-0.0175, -0.2833333333333333]","[1.6753591999877244, 2.959402099950239]",184.1516744,,184.1678486,185.408527,,,1.0,1.0,2026-03-16_19h25.46.917,Baseline,59.49151419,2026-03-16 19h25.47.500195 +0100,29.224586700000003,24.29359960000002,2.960817300000002,1.256852600000002,5.0,2.0,2.0,2.0,0.0,6.0,1,1.0,19.30824455779817,22.47882600372503,-0.22178004497991646,0.4447811381276355,2,1.0,1.3334343414382905,1.2
13,8,022_Cyan.jpg,True,Cyan,0.0,96.0,90.0,01-1/022_Cyan_0.png,,7.0,5.0,"[(5.0, 2.046410499839112)]",39.0,"[9.572150100022554, 12.159667500061914, 15.56862340006046]",8.0,185.7668288,206.6071104,3.0,Cyan,206.9614936,210.4699759,"[0.3725, 0.05416666666666667]","[-0.035833333333333335, -0.28]","[1.7944064000621438, 3.5062693001236767]",210.8458239,,210.866925,211.8724048,,,1.0,1.0,2026-03-16_19h25.46.917,Baseline,59.49151419,2026-03-16 19h25.47.500195 +0100,26.105575999999985,20.840281599999997,3.508482299999997,1.026580899999999,5.0,2.0,2.0,2.0,0.0,6.0,1,1.0,19.30824455779817,22.47882600372503,-0.06815467328889642,0.4829679240845812,2,1.0,1.3448903772253744,1.2
14,9,022_Yellow.jpg,True,Yellow,98.0,91.0,2.0,01-1/022_Yellow_0.png,,8.0,5.0,"[(5.0, 2.0312798998784274)]",43.0,[],9.0,212.2317477,222.5050733,0.0,Yellow,222.8603707,225.82014,"[0.36666666666666664, 0.06]","[-0.03166666666666667, -0.2866666666666667]","[1.7741135999094695, 2.957614300074056]",226.1821075,,226.2002913,227.2066114,,,1.0,1.0,2026-03-16_19h25.46.917,Baseline,59.49151419,2026-03-16 19h25.47.500195 +0100,14.974863700000014,10.273325599999993,2.959769300000005,1.0245039000000133,5.0,0.0,2.0,2.0,0.0,6.0,1,1.0,19.30824455779817,22.47882600372503,0.4019301967238402,0.5991513221513912,2,1.0,1.3797453966454174,1.2
15,10,024_Green.jpg,True,Green,2.0,100.0,1.0,01-1/024_Green_0.png,,9.0,5.0,"[(5.0, 1.3463997000362724)]",49.0,[],10.0,227.575555,234.126825,0.0,Green,234.4763839,236.9508205,"[0.36666666666666664, 0.050833333333333335]","[-0.025833333333333333, -0.275]","[1.1107831997796893, 2.4726690999232233]",237.3125754,,237.3327094,238.2402202,,,1.0,1.0,2026-03-16_19h25.46.917,Baseline,59.49151419,2026-03-16 19h25.47.500195 +0100,10.664665200000002,6.551269999999988,2.47443659999999,0.9276448000000244,5.0,0.0,2.0,2.0,0.0,6.0,1,1.0,19.30824455779817,22.47882600372503,0.5675107123336507,0.6381885868324402,2,1.0,1.391456576049732,1.2
16,11,016_Yellow.jpg,True,Yellow,98.0,100.0,11.0,01-1/016_Yellow_0.png,,10.0,5.0,"[(5.0, 1.9790276000276208)]",25.0,"[11.253520800033584, 11.886680300114676, 12.964435300091282, 14.329266299959272, 15.46481420006603, 15.950596800073981, 16.21978950011544]",11.0,238.5971424,262.6718624,3.0,Yellow,263.0258308,265.8828006,"[0.3625, 0.03916666666666667]","[-0.02, -0.27416666666666667]","[1.7391528999432921, 2.855083799920976]",266.2428697,,266.2645394,267.6868108,,,1.0,1.0,2026-03-16_19h25.46.917,Baseline,59.49151419,2026-03-16 19h25.47.500195 +0100,29.089668399999994,24.074720000000013,2.8569698000000017,1.443941099999961,5.0,6.0,2.0,2.0,0.0,6.0,1,1.0,19.30824455779817,22.47882600372503,-0.2120428994562251,0.4471870093229014,2,1.0,1.3341561027968705,1.2
17,12,024_Blue.jpg,True,Blue,2.0,2.0,100.0,01-1/024_Blue_0.png,,11.0,5.0,"[(5.0, 1.4142315001226962)]",48.0,[],12.0,268.0443277,274.5959087,0.0,Blue,274.9554636,277.517343,"[0.3975, -0.0125]","[-0.014166666666666666, -0.3]","[1.1959593000356108, 2.559323500143364]",277.8795256,,277.8978506,278.6219903,,,1.0,1.0,2026-03-16_19h25.46.917,Baseline,59.49151419,2026-03-16 19h25.47.500195 +0100,10.577662599999996,6.551580999999999,2.5618794000000094,0.7424646999999709,5.0,0.0,2.0,2.0,0.0,6.0,1,1.0,19.30824455779817,22.47882600372503,0.5674968770915451,0.6381853922147727,2,1.0,1.3914556176644317,1.2
18,13,018_Red.jpg,True,Red,97.0,0.0,11.0,01-1/018_Red_0.png,,12.0,4.0,"[(4.0, 1.7648701998405159)]",30.0,"[15.039454000070691, 16.879775500157848]",13.0,278.9850383,302.5763187,2.0,Red,302.9400582,306.3005645,"[0.16916666666666666, 0.02666666666666667]","[-0.015, -0.3]","[1.5253781999927014, 3.35883569996804]",306.6611246,,306.679991,308.2695142,,,1.0,1.0,2026-03-16_19h25.46.917,Baseline,59.49151419,2026-03-16 19h25.47.500195 +0100,29.284475900000018,23.591280400000016,3.3605062999999973,1.6083896000000095,4.0,1.0,2.0,2.0,0.0,6.0,1,0.75,19.30824455779817,22.47882600372503,-0.19053645601830335,0.45250947436558847,2,1.0,1.2857528423096767,1.15
19,14,016_Purple.jpg,True,Purple,64.0,0.0,92.0,01-1/016_Purple_0.png,,13.0,4.0,"[(4.0, 2.2306808000430465)]",23.0,[],14.0,308.6265069,332.5969035,0.0,Purple,332.9552243,337.2642992,"[0.16916666666666666, 0.034166666666666665]","[-0.009166666666666667, -0.30416666666666664]","[1.991575499996543, 4.306743300054222]",337.6214026,,337.6455055,338.7827205,,,1.0,1.0,2026-03-16_19h25.46.917,Baseline,59.49151419,2026-03-16 19h25.47.500195 +0100,30.1562136,23.970396600000015,4.309074899999985,1.1613178999999718,4.0,0.0,2.0,2.0,0.0,6.0,1,0.75,19.30824455779817,22.47882600372503,-0.20740193644584767,0.4483345846604057,2,1.0,1.284500375398122,1.15
20,15,023_Red.jpg,True,Red,100.0,0.0,1.0,01-1/023_Red_0.png,,14.0,5.0,"[(5.0, 1.7180397999472916)]",46.0,[],15.0,339.1440949,344.0398886,0.0,Red,344.3881937,347.246604,"[0.35583333333333333, 0.050833333333333335]","[-0.03666666666666667, -0.2791666666666667]","[1.4686960000544786, 2.833333000075072]",347.611278,,347.6288576,348.5176385,,,1.0,1.0,2026-03-16_19h25.46.917,Baseline,59.49151419,2026-03-16 19h25.47.500195 +0100,9.373543599999948,4.895793699999956,2.8584103000000027,0.9063604999999484,5.0,0.0,2.0,2.0,0.0,6.0,1,1.0,19.30824455779817,22.47882600372503,0.6411567425901106,0.6550148970205593,2,1.0,1.3965044691061677,1.2
21,16,007_Blue.jpg,True,Blue,0.0,2.0,97.0,01-1/007_Blue_0.png,,15.0,5.0,"[(5.0, 2.4982391998637468)]",4.0,"[4.825645599979907, 8.831045099999756, 10.739955299999565]",16.0,348.875927,368.9205245,3.0,Blue,369.2698062,372.8977865,"[0.3591666666666667, 0.385, 0.04583333333333333]","[-0.07166666666666667, -0.013333333333333334, -0.275]","[1.0592738999985158, 2.274567099986598, 3.6261460001114756]",373.2607837,,373.2780759,373.9690134,,,1.0,1.0,2026-03-16_19h25.46.917,Baseline,59.49151419,2026-03-16 19h25.47.500195 +0100,25.093086400000004,20.04459750000001,3.62798029999999,0.708229700000004,5.0,2.0,2.0,2.0,0.0,6.0,1,1.0,19.30824455779817,22.47882600372503,-0.03275762453429806,0.49181132609953904,2,1.0,1.3475433978298617,1.2
22,17,009_Green.jpg,True,Green,2.0,100.0,5.0,01-1/009_Green_0.png,,16.0,5.0,"[(5.0, 1.4990912999492139)]",11.0,"[8.216866599861532, 14.540084099862725, 15.870570699917153]",17.0,374.3213933,401.7259855,3.0,Green,402.0827373,404.5279188,"[0.3675, 0.01]","[-0.041666666666666664, -0.2866666666666667]","[1.278362900018692, 2.443971599917859]",404.8888314,,404.9098194,405.5016499,,,1.0,1.0,2026-03-16_19h25.46.917,Baseline,59.49151419,2026-03-16 19h25.47.500195 +0100,31.180256600000007,27.404592199999968,2.4451814999999897,0.612818500000003,5.0,2.0,2.0,2.0,0.0,6.0,1,1.0,19.30824455779817,22.47882600372503,-0.36017662314126775,0.4109168111319108,2,1.0,1.3232750433395732,1.2
23,18,028_Purple.jpg,True,Purple,66.0,0.0,95.0,01-1/028_Purple_0.png,,17.0,4.0,"[(4.0, 1.8830794000532478)]",57.0,"[9.516215200070292, 12.719636399997398, 18.441752099897712]",18.0,405.8573312,436.1572797,3.0,Purple,436.5184617,439.4130697,"[0.165, -0.005]","[-0.008333333333333333, -0.2875]","[1.6625558999367058, 2.8925187001004815]",439.7741222,,439.7919196,440.8829579,,,1.0,1.0,2026-03-16_19h25.46.917,Baseline,59.49151419,2026-03-16 19h25.47.500195 +0100,35.02562670000003,30.299948500000028,2.894608000000005,1.108835699999986,4.0,2.0,2.0,2.0,0.0,6.0,1,0.75,19.30824455779817,22.47882600372503,-0.4889803382249764,0.3801338033139078,2,1.0,1.2640401409941724,1.15
24,19,018_Yellow.jpg,True,Yellow,100.0,88.0,0.0,01-1/018_Yellow_0.png,,18.0,5.0,"[(5.0, 1.5309069000650197)]",31.0,[],19.0,441.2390547,448.1228783,0.0,Yellow,448.4839059,451.1953461,"[0.3933333333333333, 0.015833333333333335]","[0.0008333333333333334, -0.295]","[1.2911261999979615, 2.7098983000032604]",451.548248,,451.5596112,452.8805712,,,1.0,1.0,2026-03-16_19h25.46.917,Baseline,59.49151419,2026-03-16 19h25.47.500195 +0100,11.641516500000023,6.883823600000028,2.71144019999997,1.332323200000019,5.0,0.0,2.0,2.0,0.0,6.0,1,1.0,19.30824455779817,22.47882600372503,0.5527166301184615,0.6347656399867904,2,1.0,1.390429691996037,1.2
25,20,021_Cyan.jpg,True,Cyan,0.0,87.0,100.0,01-1/021_Cyan_0.png,,19.0,5.0,"[(5.0, 1.5794104998931289)]",35.0,[],20.0,453.2390918,461.5964943,0.0,Cyan,461.9530117,464.442631,"[0.365, 0.0575]","[-0.0325, -0.275]","[1.3395362000446767, 2.4878918000031263]",464.8080561,,464.825051,465.5296753,,,1.0,1.0,2026-03-16_19h25.46.917,Baseline,59.49151419,2026-03-16 19h25.47.500195 +0100,12.290583500000025,8.357402500000035,2.4896193000000153,0.7216192000000206,5.0,0.0,2.0,2.0,0.0,6.0,1,1.0,19.30824455779817,22.47882600372503,0.48716254380826823,0.6194377727473801,2,1.0,1.385831331824214,1.2
26,21,025_Cyan.jpg,True,Cyan,7.0,100.0,99.0,01-1/025_Cyan_0.png,,20.0,5.0,"[(5.0, 1.7476755001116544)]",50.0,[],21.0,465.8918633,474.4318355,0.0,Cyan,474.7840067,477.5093982,"[0.385, 0.075]","[-0.0175, -0.28833333333333333]","[1.5247480000834912, 2.723042800091207]",477.8653895,,477.8767495,478.6148533,,,1.0,1.0,2026-03-16_19h25.46.917,Baseline,59.49151419,2026-03-16 19h25.47.500195 +0100,12.722989999999982,8.539972199999966,2.7253915000000006,0.7494638000000009,5.0,0.0,2.0,2.0,0.0,6.0,1,1.0,19.30824455779817,22.47882600372503,0.47904069171645186,0.6175213225143702,2,1.0,1.385256396754311,1.2
27,22,014_Red.jpg,True,Red,95.0,0.0,0.0,01-1/014_Red_0.png,,21.0,5.0,"[(5.0, 1.582988099893555)]",18.0,[],22.0,478.9663006,485.7300296,0.0,Red,486.0843077,488.6668791,"[0.355, 0.058333333333333334]","[-0.04416666666666667, -0.25666666666666665]","[1.3409309999551624, 2.579923399956897]",489.0213585,,489.0420422,489.9329644,,,1.0,1.0,2026-03-16_19h25.46.917,Baseline,59.49151419,2026-03-16 19h25.47.500195 +0100,10.966663799999992,6.763729000000012,2.582571400000006,0.9116058999999836,5.0,0.0,2.0,2.0,0.0,6.0,1,1.0,19.30824455779817,22.47882600372503,0.55805919560565,0.6360033567787552,2,1.0,1.3908010070336265,1.2
28,23,029_Yellow.jpg,True,Yellow,100.0,94.0,5.0,01-1/029_Yellow_0.png,,22.0,5.0,"[(5.0, 2.7477887000422925)]",59.0,[],23.0,490.2896394,501.8306362,0.0,Yellow,502.1829035,506.0293924,"[0.36666666666666664, 0.0475]","[-0.0325, -0.2925]","[2.5100940000265837, 3.844188000075519]",506.3876436,,506.4063155,507.7777977,,,1.0,1.0,2026-03-16_19h25.46.917,Baseline,59.49151419,2026-03-16 19h25.47.500195 +0100,17.48815830000001,11.540996800000016,3.846488899999997,1.390154100000018,5.0,0.0,2.0,2.0,0.0,6.0,1,1.0,19.30824455779817,22.47882600372503,0.3455361839853656,0.5855346982696943,2,1.0,1.3756604094809082,1.2
29,24,018_Green.jpg,True,Green,0.0,98.0,4.0,01-1/018_Green_0.png,,23.0,5.0,"[(5.0, 1.39620289998129)]",28.0,[],24.0,508.1468449,516.5143725,0.0,Green,516.8661075,519.2600604,"[0.3925, 0.085]","[-0.030833333333333334, -0.26416666666666666]","[1.1582508999854326, 2.391566199949011]",519.619812,,519.6385539,520.2948051,,,1.0,1.0,2026-03-16_19h25.46.917,Baseline,59.49151419,2026-03-16 19h25.47.500195 +0100,12.147960199999943,8.367527600000017,2.393952900000045,0.6749930999999378,5.0,0.0,2.0,2.0,0.0,6.0,1,1.0,19.30824455779817,22.47882600372503,0.4867121154808145,0.6193315854865892,2,1.0,1.3857994756459766,1.2
30,25,010_Green.jpg,True,Green,1.0,100.0,11.0,01-1/010_Green_0.png,,24.0,4.0,"[(4.0, 1.8656602001283318)]",12.0,"[9.20433450001292, 11.090006400132552]",25.0,520.6458964,538.6958525,2.0,Green,539.0488712,541.7751129,"[0.1525, -0.008333333333333333]","[-0.016666666666666666, -0.29333333333333333]","[1.640394899994135, 2.724527799990028]",542.1312129,,542.1552007,543.1940356,,,1.0,1.0,2026-03-16_19h25.46.917,Baseline,59.49151419,2026-03-16 19h25.47.500195 +0100,22.548139200000037,18.04995610000003,2.726241699999946,1.0628226999999697,4.0,1.0,2.0,2.0,0.0,6.0,1,0.75,19.30824455779817,22.47882600372503,0.055976609169430064,0.5139904993529797,2,1.0,1.3041971498058937,1.15
31,26,029_Cyan.jpg,True,Cyan,2.0,100.0,88.0,01-1/029_Cyan_0.png,,25.0,5.0,"[(5.0, 1.5148181999102235)]",58.0,[],26.0,543.5555036,556.6341603,0.0,Cyan,556.9962952,559.5405061,"[0.3675, 0.05583333333333333]","[-0.029166666666666667, -0.295]","[1.2770306998863816, 2.5421493998728693]",559.905188,,559.9214502,560.7604846,,,1.0,1.0,2026-03-16_19h25.46.917,Baseline,59.49151419,2026-03-16 19h25.47.500195 +0100,17.20498100000009,13.07865670000001,2.544210900000053,0.8552966000000879,5.0,0.0,2.0,2.0,0.0,6.0,1,1.0,19.30824455779817,22.47882600372503,0.27713137050688663,0.5688428013489143,2,1.0,1.3706528404046743,1.2
32,27,006_Purple.jpg,True,Purple,65.0,0.0,100.0,01-1/006_Purple_0.png,,26.0,3.0,"[(3.0, 2.7797634000889957)]",1.0,[],27.0,561.1211934,581.3514011,0.0,Yellow,581.7143718,585.8545745,"[-0.051666666666666666, -0.016666666666666666]","[-0.034166666666666665, -0.2875]","[2.5574829999823123, 4.13788629998453]",586.2121749,586.235583,602.2049296,604.9424437,,,1.0,1.0,2026-03-16_19h25.46.917,Baseline,59.49151419,2026-03-16 19h25.47.500195 +0100,43.821250299999974,20.230207699999937,4.140202700000032,18.730268799999976,-3.0,0.0,2.0,2.0,0.0,6.0,0,0.5,19.30824455779817,22.47882600372503,-0.041014737248688496,0.48974775284912325,0,1.0,0.24692432585473698,0.1
33,28,022_Red.jpg,True,Red,100.0,0.0,1.0,01-1/022_Red_0.png,,27.0,5.0,"[(5.0, 2.1814526999369264)]",42.0,[],28.0,605.30041,612.9101457,0.0,Red,613.2589811,616.6216421,"[0.3675, 0.008333333333333333]","[-0.04, -0.305]","[1.9174211998470128, 3.3345671000424773]",616.984659,,617.0018084,619.2089361,,,1.0,1.0,2026-03-16_19h25.46.917,Baseline,59.49151419,2026-03-16 19h25.47.500195 +0100,13.908526099999904,7.6097356999999874,3.362661000000003,2.224277099999995,5.0,0.0,2.0,2.0,0.0,6.0,1,1.0,19.30824455779817,22.47882600372503,0.5204234801167814,0.627246784794927,2,1.0,1.388174035438478,1.2
34,29,010_Red.jpg,True,Red,99.0,0.0,12.0,01-1/010_Red_0.png,,28.0,5.0,"[(5.0, 2.513990799896419)]",13.0,[],29.0,619.5671942,628.5810637,0.0,Red,628.9433645,632.5867863,"[0.3516666666666667, 0.3825, 0.035]","[-0.06166666666666667, -0.035833333333333335, -0.2875]","[1.04260200005956, 2.2952288000378758, 3.641382700065151]",632.9489173,,632.9680537,633.6409003,,,1.0,1.0,2026-03-16_19h25.46.917,Baseline,59.49151419,2026-03-16 19h25.47.500195 +0100,14.073706099999981,9.013869499999942,3.643421799999942,0.6919830000000502,5.0,0.0,2.0,2.0,0.0,6.0,1,1.0,19.30824455779817,22.47882600372503,0.45795874998508895,0.6125298233299689,2,1.0,1.3837589469989906,1.2
35,30,023_Green.jpg,True,Green,13.0,100.0,0.0,01-1/023_Green_0.png,,29.0,5.0,"[(5.0, 2.397693600039929)]",44.0,[],30.0,633.9952171,639.4587178,0.0,Green,639.808348,643.1207933,"[0.38, 0.36916666666666664, 0.050833333333333335]","[-0.0675, -0.005, -0.2966666666666667]","[1.1458816998638213, 2.176847899798304, 3.310328199993819]",643.4779623,,643.5005263,644.1909321,,,1.0,1.0,2026-03-16_19h25.46.917,Baseline,59.49151419,2026-03-16 19h25.47.500195 +0100,10.195715000000064,5.463500700000054,3.312445299999922,0.7129698000001099,5.0,0.0,2.0,2.0,0.0,6.0,1,1.0,19.30824455779817,22.47882600372503,0.6159015535555044,0.6492858479929798,2,1.0,1.3947857543978939,1.2
36,31,016_Cyan.jpg,True,Cyan,0.0,100.0,96.0,01-1/016_Cyan_0.png,,30.0,5.0,"[(5.0, 1.2816387000493705)]",21.0,[],31.0,644.5420838,661.3050768,0.0,Cyan,661.6648249,664.273362,"[0.345, 0.02666666666666667]","[-0.03, -0.2991666666666667]","[1.0720406998880208, 2.605913700070232]",664.6388918,,664.6540696,665.8780363,,,1.0,1.0,2026-03-16_19h25.46.917,Baseline,59.49151419,2026-03-16 19h25.47.500195 +0100,21.335952499999962,16.76299300000005,2.608537100000035,1.2391444999999521,5.0,0.0,2.0,2.0,0.0,6.0,1,1.0,19.30824455779817,22.47882600372503,0.11322884733287836,0.5282770071985399,2,1.0,1.358483102159562,1.2
37,32,016_Blue.jpg,True,Blue,0.0,8.0,99.0,01-1/016_Blue_0.png,,31.0,5.0,"[(5.0, 2.0620479001663625)]",20.0,[],32.0,666.2513672,670.6672909,0.0,Blue,671.0290712,674.3368658,"[0.36333333333333334, 0.050833333333333335]","[-0.0025, -0.2608333333333333]","[1.839259099913761, 3.306303899968043]",674.6985781,,674.7158765,676.9863446,,,1.0,1.0,2026-03-16_19h25.46.917,Baseline,59.49151419,2026-03-16 19h25.47.500195 +0100,10.734977400000048,4.415923700000008,3.3077946000000793,2.287766500000089,5.0,0.0,2.0,2.0,0.0,6.0,1,1.0,19.30824455779817,22.47882600372503,0.6625043876993537,0.6598227398212297,2,1.0,1.3979468219463689,1.2
38,33,016_Red.jpg,True,Red,100.0,7.0,0.0,01-1/016_Red_0.png,,32.0,5.0,"[(5.0, 1.3997432999312878)]",24.0,[],33.0,677.3487724,683.2066228,0.0,Red,683.5556276,686.0378917,"[0.38416666666666666, 0.04833333333333333]","[-0.0375, -0.295]","[1.1665990999899805, 2.45293949986808]",686.3967862,,686.4160125,687.3556937,,,1.0,1.0,2026-03-16_19h25.46.917,Baseline,59.49151419,2026-03-16 19h25.47.500195 +0100,10.00692129999993,5.857850399999961,2.482264100000066,0.9589075000000093,5.0,0.0,2.0,2.0,0.0,6.0,1,1.0,19.30824455779817,22.47882600372503,0.5983583909395137,0.6452806422028374,2,1.0,1.3935841926608512,1.2
39,34,011_Cyan.jpg,True,Cyan,0.0,88.0,97.0,01-1/011_Cyan_0.png,,33.0,5.0,"[(5.0, 1.6133302000816911)]",15.0,[],34.0,687.7130395,701.0703978,0.0,Cyan,701.4253079,703.918181,"[0.3625, 0.014166666666666666]","[0.010833333333333334, -0.295]","[1.3737405000720173, 2.4906081000808626]",704.2798911,,704.2982058,706.3196423,,,1.0,1.0,2026-03-16_19h25.46.917,Baseline,59.49151419,2026-03-16 19h25.47.500195 +0100,18.60660280000002,13.357358299999987,2.492873099999997,2.039751200000069,5.0,0.0,2.0,2.0,0.0,6.0,1,1.0,19.30824455779817,22.47882600372503,0.2647329650050249,0.5657994014441554,2,1.0,1.3697398204332465,1.2
40,35,019_Blue.jpg,True,Blue,0.0,2.0,95.0,01-1/019_Blue_0.png,,34.0,5.0,"[(5.0, 1.3843196001835167)]",32.0,"[3.57499140012078, 5.521928200032562, 6.3071850000415]",35.0,706.6719529,725.0082189,3.0,Blue,725.357337,727.7654616,"[0.3441666666666667, 0.05416666666666667]","[-0.009166666666666667, -0.285]","[1.1343782001640648, 2.382871200097725]",728.1219996,,728.1326012,730.3021022,,,1.0,1.0,2026-03-16_19h25.46.917,Baseline,59.49151419,2026-03-16 19h25.47.500195 +0100,23.630149300000085,18.336266000000023,2.408124599999951,2.1801026000000547,5.0,2.0,2.0,2.0,0.0,6.0,1,1.0,19.30824455779817,22.47882600372503,0.04323973848265368,0.5108082506801432,2,1.0,1.3532424752040428,1.2
41,36,023_Purple.jpg,True,Purple,64.0,4.0,100.0,01-1/023_Purple_0.png,,35.0,4.0,"[(4.0, 2.3817141000181437)]",45.0,[],36.0,730.6625791,742.2060198,0.0,Purple,742.5594375,746.2495316,"[0.16666666666666666, 0.05416666666666667]","[-0.021666666666666667, -0.27416666666666667]","[2.141320399940014, 3.6881532999686897]",746.6069156,,746.6300542,747.587224,,,1.0,1.0,2026-03-16_19h25.46.917,Baseline,59.49151419,2026-03-16 19h25.47.500195 +0100,16.924644899999976,11.54344070000002,3.6900941000000103,0.9803084000000126,4.0,0.0,2.0,2.0,0.0,6.0,1,0.75,19.30824455779817,22.47882600372503,0.34542746389475243,0.5855083134179588,2,1.0,1.3256524940253875,1.15
42,37,025_Purple.jpg,True,Purple,53.0,0.0,96.0,01-1/025_Purple_0.png,,36.0,3.0,"[(4.0, 1.3657138999551535), (3.0, 2.780716500012204)]",52.0,[],37.0,747.9450029,759.5640077,0.0,Purple,759.9226706,763.6998521,"[0.15916666666666668, -0.05333333333333334, -0.050833333333333335]","[-0.0033333333333333335, -0.0125, -0.28583333333333333]","[1.1410624000709504, 2.525829100050032, 3.775858399923891]",764.0584987,,764.0796116,765.4007286,,,1.0,1.0,2026-03-16_19h25.46.917,Baseline,59.49151419,2026-03-16 19h25.47.500195 +0100,17.455725700000016,11.619004800000084,3.777181500000097,1.3422299000000066,3.0,0.0,2.0,2.0,0.0,6.0,1,0.5,19.30824455779817,22.47882600372503,0.34206589599136,0.5846922663251389,2,1.0,1.2754076798975418,1.1
43,38,009_Cyan.jpg,True,Cyan,3.0,100.0,95.0,01-1/009_Cyan_0.png,,37.0,5.0,"[(5.0, 1.3308784000109881)]",10.0,[],38.0,765.7587984,773.658176,0.0,Cyan,774.0224112,777.2810671,"[0.3491666666666667, 0.050833333333333335, 0.051666666666666666]","[-0.006666666666666667, -0.24, -0.29833333333333334]","[1.1097502000629902, 2.2733581999782473, 3.2564652001019567]",777.6459483,,777.6620258,779.1684635,,,1.0,1.0,2026-03-16_19h25.46.917,Baseline,59.49151419,2026-03-16 19h25.47.500195 +0100,13.409665099999984,7.89937759999998,3.258655900000008,1.5225152000000435,5.0,0.0,2.0,2.0,0.0,6.0,1,1.0,19.30824455779817,22.47882600372503,0.5075383810483516,0.6242292364712739,2,1.0,1.3872687709413822,1.2
44,39,023_Yellow.jpg,True,Yellow,100.0,86.0,0.0,01-1/023_Yellow_0.png,,38.0,5.0,"[(5.0, 1.3823701001238078)]",47.0,[],39.0,779.5254354,792.6144935,0.0,Yellow,792.9719817,795.2010746,"[0.37666666666666665, 0.013333333333333334]","[-0.0025, -0.30666666666666664]","[1.1408031999599189, 2.2275133999064565]",795.5608499,,795.5787233,796.2354826,,,1.0,1.0,2026-03-16_19h25.46.917,Baseline,59.49151419,2026-03-16 19h25.47.500195 +0100,16.710047199999963,13.089058099999988,2.229092899999955,0.674632699999961,5.0,0.0,2.0,2.0,0.0,6.0,1,1.0,19.30824455779817,22.47882600372503,0.27666865061225093,0.5687293107449233,2,1.0,1.370618793223477,1.2
45,40,022_Purple.jpg,True,Purple,58.0,13.0,100.0,01-1/022_Purple_0.png,,39.0,3.0,"[(3.0, 2.1313223999459296)]",41.0,[],40.0,796.5934147,826.6030628,0.0,Purple,826.953061,830.0125317,"[-0.04583333333333333, -0.03833333333333333]","[-0.018333333333333333, -0.30416666666666664]","[1.9237693999893963, 3.056964399991557]",830.3841676,,830.3959411,831.2354597,,,1.0,1.0,2026-03-16_19h25.46.917,Baseline,59.49151419,2026-03-16 19h25.47.500195 +0100,34.64204499999994,30.009648099999936,3.059470699999906,0.8512921000000233,3.0,0.0,2.0,2.0,0.0,6.0,1,0.5,19.30824455779817,22.47882600372503,-0.4760659449220528,0.38318152437340025,2,1.0,1.2149544573120201,1.1
46,41,025_Green.jpg,True,Green,0.0,100.0,5.0,01-1/025_Green_0.png,,40.0,5.0,"[(5.0, 1.3311604999471456)]",51.0,[],41.0,831.6040873,837.9923933,0.0,Green,838.3530982,841.3304061,"[0.37416666666666665, 0.03333333333333333]","[-0.0275, -0.2966666666666667]","[1.0760114002041519, 2.975882900180295]",841.6916049,,841.7100455,847.2989996,,,1.0,1.0,2026-03-16_19h25.46.917,Baseline,59.49151419,2026-03-16 19h25.47.500195 +0100,15.694912300000055,6.388306000000057,2.977307900000028,5.607394699999986,5.0,0.0,2.0,2.0,0.0,6.0,1,1.0,19.30824455779817,22.47882600372503,0.5747603791967211,0.639860880625999,2,1.0,1.3919582641877997,1.2
47,42,022_Green.jpg,True,Green,0.0,95.0,0.0,01-1/022_Green_0.png,,41.0,5.0,"[(5.0, 1.9298476001713425)]",40.0,[],42.0,847.6674276,852.4728246,0.0,Green,852.8360327,855.7120722,"[0.3641666666666667, 0.0525]","[-0.016666666666666666, -0.285]","[1.6918534999713302, 2.8737524000462145]",856.0841658,,856.0953456,857.8158354,,,1.0,1.0,2026-03-16_19h25.46.917,Baseline,59.49151419,2026-03-16 19h25.47.500195 +0100,10.148407799999973,4.805396999999971,2.8760394999999335,1.7316695999999183,5.0,0.0,2.0,2.0,0.0,6.0,1,1.0,19.30824455779817,22.47882600372503,0.6451781581206639,0.6559230504750305,2,1.0,1.3967769151425091,1.2
48,43,017_Red.jpg,True,Red,100.0,4.0,7.0,01-1/017_Red_0.png,,42.0,5.0,"[(5.0, 1.2480603998992592)]",27.0,[],43.0,858.1745546,863.3558617,0.0,Red,863.7161991,865.92896,"[0.3466666666666667, 0.06]","[-0.0016666666666666668, -0.2783333333333333]","[1.0260668999981135, 2.210679200012237]",866.2874434,,866.3091356,867.7010098,,,1.0,1.0,2026-03-16_19h25.46.917,Baseline,59.49151419,2026-03-16 19h25.47.500195 +0100,9.526455199999987,5.181307100000026,2.212760899999921,1.4135663999999224,5.0,0.0,2.0,2.0,0.0,6.0,1,1.0,19.30824455779817,22.47882600372503,0.6284553052484648,0.6521391248954761,2,1.0,1.3956417374686427,1.2
49,44,018_Purple.jpg,True,Purple,51.0,2.0,100.0,01-1/018_Purple_0.png,,43.0,4.0,"[(4.0, 2.629091399954632)]",29.0,[],44.0,868.056089,874.0479717,0.0,Purple,874.4031558,878.7282493,"[0.16416666666666666, 0.01]","[-0.03833333333333333, -0.25666666666666665]","[2.37570510013029, 4.323259399970993]",879.0917341,,879.1087848,880.3138763,,,1.0,1.0,2026-03-16_19h25.46.917,Baseline,59.49151419,2026-03-16 19h25.47.500195 +0100,12.257787299999904,5.9918826999999055,4.32509349999998,1.2221421999998938,4.0,0.0,2.0,2.0,0.0,6.0,1,0.75,19.30824455779817,22.47882600372503,0.5923957886231057,0.6439146618464109,2,1.0,1.343174398553923,1.15
50,45,008_Yellow.jpg,True,Yellow,100.0,80.0,0.0,01-1/008_Yellow_0.png,,44.0,5.0,"[(5.0, 1.5824762000702322)]",8.0,[],45.0,880.6695306,889.8395927,0.0,Yellow,890.1984415,892.6787274,"[0.37666666666666665, 0.0525]","[-0.025833333333333333, -0.26666666666666666]","[1.3624042998999357, 2.4784764999058098]",893.0418002,,893.0585469,894.2481634,,,1.0,1.0,2026-03-16_19h25.46.917,Baseline,59.49151419,2026-03-16 19h25.47.500195 +0100,13.578632799999923,9.170062099999996,2.4802859000000126,1.2063631999999416,5.0,0.0,2.0,2.0,0.0,6.0,1,1.0,19.30824455779817,22.47882600372503,0.4510103177149085,0.6108794191697771,2,1.0,1.383263825750933,1.2
51,46,009_Blue.jpg,True,Blue,0.0,1.0,88.0,01-1/009_Blue_0.png,,45.0,5.0,"[(5.0, 1.5643998000305146)]",9.0,[],46.0,894.6048203,899.4513863,0.0,Blue,899.8001976,902.3613494,"[0.37833333333333335, 0.0775]","[-0.025, -0.27666666666666667]","[1.3001697000581771, 2.5349640999920666]",902.7306904,,902.7437701,904.2802969,,,1.0,1.0,2026-03-16_19h25.46.917,Baseline,59.49151419,2026-03-16 19h25.47.500195 +0100,9.675476600000025,4.846565999999939,2.561151799999948,1.5496065000000954,5.0,0.0,2.0,2.0,0.0,6.0,1,1.0,19.30824455779817,22.47882600372503,0.6433467012646366,0.6555095946823506,2,1.0,1.3966528784047052,1.2
52,47,008_Blue.jpg,True,Blue,4.0,9.0,100.0,01-1/008_Blue_0.png,,46.0,5.0,"[(5.0, 1.8983432999812067)]",6.0,[],47.0,904.6386372,917.3051233,0.0,Blue,917.664907,920.5916631,"[0.3725, 0.0925]","[-0.006666666666666667, -0.2791666666666667]","[1.6923752999864519, 2.925082400208339]",920.9536385,,920.9736284,922.1133987,,,1.0,1.0,2026-03-16_19h25.46.917,Baseline,59.49151419,2026-03-16 19h25.47.500195 +0100,17.4747615,12.666486100000043,2.926756100000034,1.159760199999937,5.0,0.0,2.0,2.0,0.0,6.0,1,1.0,19.30824455779817,22.47882600372503,0.2954673191872877,0.5733340932015673,2,1.0,1.3720002279604702,1.2
53,48,019_Purple.jpg,True,Purple,55.0,0.0,100.0,01-1/019_Purple_0.png,,47.0,3.0,"[(3.0, 2.201225599972531)]",33.0,[],48.0,922.4670137,963.5591352,0.0,Purple,963.9155224,967.0925655,"[-0.016666666666666666, 0.015833333333333335]","[-0.025, -0.2733333333333333]","[1.9741255000699311, 3.17563319997862]",967.4537015,,967.4720668,968.7091301,,,1.0,1.0,2026-03-16_19h25.46.917,Baseline,59.49151419,2026-03-16 19h25.47.500195 +0100,46.242116399999986,41.09212149999996,3.1770430999999917,1.255428600000073,3.0,0.0,2.0,2.0,0.0,6.0,1,0.5,19.30824455779817,22.47882600372503,-0.9690842812961818,0.27506306199304853,2,1.0,1.1825189185979146,1.1
54,49,017_Cyan.jpg,True,Cyan,0.0,100.0,94.0,01-1/017_Cyan_0.png,,48.0,5.0,"[(5.0, 3.616367399925366)]",26.0,[],49.0,969.0775364,984.0618388,0.0,Cyan,984.4107189,989.0734999,"[0.36, 0.0425]","[-0.010833333333333334, -0.2941666666666667]","[3.354954000096768, 4.634681100025773]",989.4363037,,989.4544103,990.7948836,,,1.0,1.0,2026-03-16_19h25.46.917,Baseline,59.49151419,2026-03-16 19h25.47.500195 +0100,21.717347200000063,14.984302400000047,4.662780999999995,1.3585798999999952,5.0,0.0,2.0,2.0,0.0,6.0,1,1.0,19.30824455779817,22.47882600372503,0.19235622701477334,0.5479413250796261,2,1.0,1.3643823975238878,1.2
55,50,020_Blue.jpg,True,Blue,0.0,6.0,100.0,01-1/020_Blue_0.png,,49.0,5.0,"[(5.0, 1.3510046999435872)]",34.0,[],50.0,991.152532,1003.224561,0.0,Blue,1003.578905,1006.221901,"[0.4058333333333333, 0.06]","[0.004166666666666667, -0.2808333333333333]","[1.127571899909526, 2.640963099896908]",1006.586615,,1006.603692,1007.210099,,,1.0,1.0,2026-03-16_19h25.46.917,Baseline,59.49151419,2026-03-16 19h25.47.500195 +0100,16.057567000000063,12.072029000000043,2.642996000000039,0.6234839999999622,5.0,0.0,2.0,2.0,0.0,6.0,1,1.0,19.30824455779817,22.47882600372503,0.32191252143679533,0.5797902774361532,2,1.0,1.373937083230846,1.2
56,51,027_Green.jpg,True,Green,1.0,88.0,0.0,01-1/027_Green_0.png,,50.0,5.0,"[(5.0, 2.4272303998004645)]",55.0,[],51.0,1007.568505,1013.168109,0.0,Green,1013.533869,1016.890607,"[0.3575, 0.3775, 0.07583333333333334]","[-0.06166666666666667, -0.011666666666666667, -0.2925]","[1.156908700009808, 2.1903299000114202, 3.3544974999967963]",1017.25141,,1017.270965,1018.029596,,,1.0,1.0,2026-03-16_19h25.46.917,Baseline,59.49151419,2026-03-16 19h25.47.500195 +0100,10.46109100000001,5.599603999999999,3.356738000000064,0.7781860000000052,5.0,0.0,2.0,2.0,0.0,6.0,1,1.0,19.30824455779817,22.47882600372503,0.6098468200931166,0.6479058588812397,2,1.0,1.394371757664372,1.2
57,52,011_Red.jpg,True,Red,100.0,0.0,12.0,01-1/011_Red_0.png,,51.0,5.0,"[(5.0, 2.3144264000002295)]",16.0,[],52.0,1018.38513,1023.494553,0.0,Red,1023.845468,1027.509279,"[0.37083333333333335, 0.0775]","[-0.0075, -0.2875]","[2.076069299830124, 3.6616354999132454]",1027.866721,,1027.88604,1028.710032,,,1.0,1.0,2026-03-16_19h25.46.917,Baseline,59.49151419,2026-03-16 19h25.47.500195 +0100,10.324901999999952,5.1094229999999925,3.6638110000001234,0.8433109999998578,5.0,0.0,2.0,2.0,0.0,6.0,1,1.0,19.30824455779817,22.47882600372503,0.6316531635346637,0.652864217447685,2,1.0,1.3958592652343054,1.2
58,53,010_Yellow.jpg,True,Yellow,100.0,87.0,0.0,01-1/010_Yellow_0.png,,52.0,5.0,"[(5.0, 1.7492096000351012)]",14.0,[],53.0,1029.066976,1035.406273,0.0,Yellow,1035.761782,1038.604023,"[0.37583333333333335, -0.0375]","[0.0, -0.31083333333333335]","[1.5093270000070333, 2.8408395999576896]",1038.968091,,1038.985827,1039.905884,,,1.0,1.0,2026-03-16_19h25.46.917,Baseline,59.49151419,2026-03-16 19h25.47.500195 +0100,10.838907999999947,6.339296999999988,2.842241000000058,0.937793000000056,5.0,0.0,2.0,2.0,0.0,6.0,1,1.0,19.30824455779817,22.47882600372503,0.5769406087154667,0.6403631370409195,2,1.0,1.3921089411122758,1.2
59,54,021_Red.jpg,True,Red,96.0,3.0,2.0,01-1/021_Red_0.png,,53.0,5.0,"[(5.0, 1.8302207998931408)]",36.0,[],54.0,1040.259627,1043.963272,0.0,Red,1044.312818,1047.072063,"[0.3575, -0.0033333333333333335]","[-0.024166666666666666, -0.2991666666666667]","[1.6061674000229686, 2.756983800092712]",1047.449267,,1047.468864,1048.3049,,,1.0,1.0,2026-03-16_19h25.46.917,Baseline,59.49151419,2026-03-16 19h25.47.500195 +0100,8.04527300000018,3.7036450000000514,2.7592449999999644,0.8556330000001253,5.0,0.0,2.0,2.0,0.0,6.0,1,1.0,19.30824455779817,22.47882600372503,0.6941910380556456,0.6668985946280279,2,1.0,1.4000695783884083,1.2
60,55,008_Purple.jpg,True,Purple,52.0,0.0,99.0,01-1/008_Purple_0.png,,54.0,3.0,"[(3.0, 1.9835420998279005)]",7.0,[],55.0,1048.65956,1060.620635,0.0,Purple,1060.973916,1063.873365,"[-0.034166666666666665, 0.0125]","[-0.03166666666666667, -0.26]","[1.7641586000099778, 2.8975718999281526]",1064.225787,,1064.237479,1065.139893,,,1.0,1.0,2026-03-16_19h25.46.917,Baseline,59.49151419,2026-03-16 19h25.47.500195 +0100,16.480332999999973,11.961074999999937,2.899449000000004,0.914105999999947,3.0,0.0,2.0,2.0,0.0,6.0,1,0.5,19.30824455779817,22.47882600372503,0.3268484553677631,0.5809923604845074,2,1.0,1.2742977081453524,1.1
61,56,027_Cyan.jpg,True,Cyan,13.0,100.0,100.0,01-1/027_Cyan_0.png,,55.0,5.0,"[(5.0, 1.3003610998857766)]",54.0,[],56.0,1065.493726,1083.645654,0.0,Cyan,1083.990031,1086.338028,"[0.37083333333333335, 0.011666666666666667]","[0.030833333333333334, -0.2575]","[1.0184814999811351, 2.319756800075993]",1086.697734,,1086.717556,1087.857724,,,1.0,1.0,2026-03-16_19h25.46.917,Baseline,59.49151419,2026-03-16 19h25.47.500195 +0100,22.363998000000038,18.151927999999998,2.3479969999998502,1.1599899999998797,5.0,0.0,2.0,2.0,0.0,6.0,1,1.0,19.30824455779817,22.47882600372503,0.05144025571471367,0.5128572289276808,2,1.0,1.353857168678304,1.2
62,57,007_Cyan.jpg,True,Cyan,1.0,89.0,99.0,01-1/007_Cyan_0.png,,56.0,5.0,"[(5.0, 1.8805364000145346)]",5.0,[],57.0,1088.213915,1093.738371,0.0,Cyan,1094.093404,1096.969784,"[0.3308333333333333, 0.028333333333333332]","[-0.0275, -0.31416666666666665]","[1.6735955001786351, 2.874557500006631]",1097.342878,,1097.366722,1098.190515,,,1.0,1.0,2026-03-16_19h25.46.917,Baseline,59.49151419,2026-03-16 19h25.47.500195 +0100,9.976599999999962,5.524455999999873,2.8763799999999264,0.847637000000077,5.0,0.0,2.0,2.0,0.0,6.0,1,1.0,19.30824455779817,22.47882600372503,0.6131898772433287,0.6486681123601663,2,1.0,1.3946004337080498,1.2
63,58,026_Purple.jpg,True,Purple,55.0,4.0,100.0,01-1/026_Purple_0.png,,57.0,5.0,"[(5.0, 1.5323546999134123)]",53.0,[],58.0,1098.547746,1103.92614,0.0,Purple,1104.276768,1106.887093,"[0.3675, 0.05416666666666667]","[-0.006666666666666667, -0.27166666666666667]","[1.3231580001302063, 2.60890410002321]",1107.243176,,1107.267242,1108.073231,,,1.0,1.0,2026-03-16_19h25.46.917,Baseline,59.49151419,2026-03-16 19h25.47.500195 +0100,9.525485000000117,5.378394000000071,2.6103250000001026,0.8300550000001294,5.0,0.0,2.0,2.0,0.0,6.0,1,1.0,19.30824455779817,22.47882600372503,0.6196876365113437,0.650147503041979,2,1.0,1.3950442509125935,1.2
64,59,014_Yellow.jpg,True,Yellow,100.0,98.0,11.0,01-1/014_Yellow_0.png,,58.0,5.0,"[(5.0, 2.5323902999516577)]",19.0,[],59.0,1108.42887,1120.709395,0.0,Yellow,1121.055193,1124.487001,"[0.38083333333333336, 0.07]","[-0.0275, -0.2758333333333333]","[2.28394759981893, 3.402706200024113]",1124.846707,,1124.865815,1125.805084,,,1.0,1.0,2026-03-16_19h25.46.917,Baseline,59.49151419,2026-03-16 19h25.47.500195 +0100,17.376214000000118,12.280525000000125,3.4318080000000464,0.958377000000155,5.0,0.0,2.0,2.0,0.0,6.0,1,1.0,19.30824455779817,22.47882600372503,0.3126373039514368,0.5775288662339305,2,1.0,1.373258659870179,1.2
65,60,028_Blue.jpg,True,Blue,0.0,9.0,96.0,01-1/028_Blue_0.png,,59.0,5.0,"[(5.0, 3.1335669001564384)]",56.0,[],60.0,1126.163199,1133.646227,0.0,Blue,1134.009124,1138.335935,"[0.35583333333333333, 0.37416666666666665, 0.02]","[-0.060833333333333336, -0.005833333333333334, -0.2966666666666667]","[1.542575600091368, 2.9263732000254095, 4.324617400066927]",1138.69735,,1138.716052,1139.555173,,,1.0,1.0,2026-03-16_19h25.46.917,Baseline,59.49151419,2026-03-16 19h25.47.500195 +0100,13.391973999999891,7.483027999999877,4.326811000000134,0.8578230000000531,5.0,0.0,2.0,2.0,0.0,6.0,1,1.0,19.30824455779817,22.47882600372503,0.5260602380141517,0.6285637572292812,2,1.0,1.3885691271687843,1.2
66,61,014_Yellow.jpg,True,Yellow,100.0,98.0,11.0,01-1/014_Yellow_0.png,,60.0,5.0,"[(5.0, 2.447801999980584)]",19.0,[],61.0,1139.924058,1151.895147,0.0,Yellow,1152.255546,1156.08372,"[0.3591666666666667, 0.006666666666666667]","[-0.015833333333333335, -0.2775]","[2.227083900012076, 3.826702899998054]",1156.440163,,1156.449915,1157.522102,,,1.0,1.0,2026-03-16_19h25.46.917,Baseline,59.49151419,2026-03-16 19h25.47.500195 +0100,17.598043999999845,11.971088999999893,3.82817399999999,1.0819389999999203,5.0,0.0,2.0,2.0,0.0,6.0,1,1.0,19.30824455779817,22.47882600372503,0.3264029694692425,0.5808839073802516,2,1.0,1.3742651722140755,1.2
67,62,006_Purple.jpg,True,Purple,65.0,0.0,100.0,01-1/006_Purple_0.png,,61.0,5.0,"[(5.0, 1.2643177001737058)]",1.0,[],62.0,1157.891107,1163.994969,0.0,Purple,1164.35727,1166.685974,"[0.3591666666666667, 0.050833333333333335]","[-0.020833333333333332, -0.2816666666666667]","[1.0575324001256377, 2.3270252000074834]",1167.045414,,1167.064306,1167.754789,,,1.0,1.0,2026-03-16_19h25.46.917,Baseline,59.49151419,2026-03-16 19h25.47.500195 +0100,9.863682000000153,6.103862000000163,2.328704000000016,0.7093750000001364,5.0,0.0,2.0,2.0,0.0,6.0,1,1.0,19.30824455779817,22.47882600372503,0.5874142428794934,0.6427716332525362,2,1.0,1.3928314899757608,1.2
68,63,009_Cyan.jpg,True,Cyan,3.0,100.0,95.0,01-1/009_Cyan_0.png,,62.0,5.0,"[(5.0, 2.298964000074193)]",10.0,[],63.0,1168.111668,1174.381001,0.0,Cyan,1174.736052,1178.133343,"[0.36666666666666664, 0.09416666666666666]","[-0.0008333333333333334, -0.28]","[2.061970799928531, 3.3949072000104934]",1178.495446,,1178.514233,1179.387954,,,1.0,1.0,2026-03-16_19h25.46.917,Baseline,59.49151419,2026-03-16 19h25.47.500195 +0100,11.276286000000027,6.2693329999999605,3.3972909999999956,0.8925080000001344,5.0,0.0,2.0,2.0,0.0,6.0,1,1.0,19.30824455779817,22.47882600372503,0.5800530488397168,0.64107961278079,2,1.0,1.3923238838342369,1.2
69,64,016_Blue.jpg,True,Blue,0.0,8.0,99.0,01-1/016_Blue_0.png,,63.0,5.0,"[(5.0, 1.516170599963516)]",20.0,[],64.0,1179.743898,1186.658529,0.0,Blue,1187.022392,1190.418034,"[0.3575, 0.07833333333333334]","[-0.024166666666666666, -0.2816666666666667]","[1.2952413999009877, 3.394262099871412]",1190.778444,,1190.79753,1191.404024,,,1.0,1.0,2026-03-16_19h25.46.917,Baseline,59.49151419,2026-03-16 19h25.47.500195 +0100,11.660125999999991,6.9146310000000994,3.3956419999999525,0.6255799999998999,5.0,0.0,2.0,2.0,0.0,6.0,1,1.0,19.30824455779817,22.47882600372503,0.5513461226019672,0.6344478453144637,2,1.0,1.390334353594339,1.2
70,65,022_Red.jpg,True,Red,100.0,0.0,1.0,01-1/022_Red_0.png,,64.0,5.0,"[(5.0, 1.8482515001669526)]",42.0,[],65.0,1191.762374,1200.647501,0.0,Red,1201.005598,1204.163664,"[0.3725, 0.09083333333333334]","[-0.0225, -0.2941666666666667]","[1.6114521999843419, 3.156430099857971]",1204.51941,,1204.531315,1205.368381,,,1.0,1.0,2026-03-16_19h25.46.917,Baseline,59.49151419,2026-03-16 19h25.47.500195 +0100,13.60600700000009,8.885127000000011,3.1580659999999625,0.8489709999998922,5.0,0.0,2.0,2.0,0.0,6.0,1,1.0,19.30824455779817,22.47882600372503,0.4636860286240444,0.6138882394845188,2,1.0,1.3841664718453555,1.2
71,66,019_Blue.jpg,True,Blue,0.0,2.0,95.0,01-1/019_Blue_0.png,,65.0,5.0,"[(5.0, 1.6304746998939663)]",32.0,"[7.161230399971828, 10.10870030010119, 13.908175399992615, 26.93652549991384]",66.0,1205.722967,1239.079142,0.0,Blue,1239.43812,1242.414086,"[0.36916666666666664, 0.04583333333333333]","[-0.0016666666666666668, -0.30083333333333334]","[1.3764516999945045, 2.9745130999945104]",1242.774567,,1242.79529,1243.618452,,,1.0,1.0,2026-03-16_19h25.46.917,Baseline,59.49151419,2026-03-16 19h25.47.500195 +0100,37.89548500000001,33.35617500000012,2.9759659999999712,0.8438850000000002,5.0,3.0,2.0,2.0,0.0,6.0,1,1.0,19.30824455779817,22.47882600372503,-0.6249405747379347,0.3486586304393998,2,1.0,1.30459758913182,1.2
72,67,018_Green.jpg,True,Green,0.0,98.0,4.0,01-1/018_Green_0.png,,66.0,5.0,"[(5.0, 2.0001044999808073)]",28.0,[],67.0,1243.973841,1249.805524,0.0,Green,1250.154252,1253.27992,"[0.365, 0.034166666666666665]","[0.008333333333333333, -0.28583333333333333]","[1.7407319999765605, 3.10025139991194]",1253.641459,,1253.661711,1254.26725,,,1.0,1.0,2026-03-16_19h25.46.917,Baseline,59.49151419,2026-03-16 19h25.47.500195 +0100,10.29340900000011,5.831683000000112,3.125667999999905,0.625791000000163,5.0,0.0,2.0,2.0,0.0,6.0,1,1.0,19.30824455779817,22.47882600372503,0.5995224819821471,0.6455470500317009,2,1.0,1.3936641150095102,1.2
73,68,020_Blue.jpg,True,Blue,0.0,6.0,100.0,01-1/020_Blue_0.png,,67.0,5.0,"[(5.0, 1.6627569999545813)]",34.0,[],68.0,1254.624919,1259.449748,0.0,Blue,1259.803308,1262.966456,"[0.3641666666666667, 0.035833333333333335]","[0.0025, -0.2875]","[1.4098799000494182, 3.161298699909821]",1263.323515,,1263.344731,1264.114154,,,1.0,1.0,2026-03-16_19h25.46.917,Baseline,59.49151419,2026-03-16 19h25.47.500195 +0100,9.489235000000008,4.824828999999909,3.163148000000092,0.7906390000000556,5.0,0.0,2.0,2.0,0.0,6.0,1,1.0,19.30824455779817,22.47882600372503,0.6443137001637974,0.6557279263972337,2,1.0,1.39671837791917,1.2
74,69,025_Cyan.jpg,True,Cyan,7.0,100.0,99.0,01-1/025_Cyan_0.png,,68.0,5.0,"[(5.0, 1.6825083999428898)]",50.0,[],69.0,1264.484252,1331.569682,0.0,Cyan,1331.913601,1334.877833,"[0.36916666666666664, 0.0575]","[-0.02666666666666667, -0.30333333333333334]","[1.4334863000549376, 2.9343534000217915]",1335.239709,,1335.25799,1336.14598,,,1.0,1.0,2026-03-16_19h25.46.917,Baseline,59.49151419,2026-03-16 19h25.47.500195 +0100,71.66172800000004,67.08543000000009,2.964232000000038,0.9062710000000607,5.0,0.0,2.0,2.0,0.0,6.0,1,1.0,19.30824455779817,22.47882600372503,-2.1254306356695243,0.10664955799668524,2,1.0,1.2319948673990055,1.2
75,70,011_Red.jpg,True,Red,100.0,0.0,12.0,01-1/011_Red_0.png,,69.0,5.0,"[(5.0, 1.9987752998713404)]",16.0,[],70.0,1336.50479,1344.908804,0.0,Red,1345.267859,1348.577482,"[0.3625, 0.08583333333333333]","[-0.013333333333333334, -0.2825]","[1.775637799873948, 3.307374999858439]",1348.947567,,1348.96001,1350.096911,,,1.0,1.0,2026-03-16_19h25.46.917,Baseline,59.49151419,2026-03-16 19h25.47.500195 +0100,13.592121000000134,8.404013999999961,3.309622999999874,1.1493440000001556,5.0,0.0,2.0,2.0,0.0,6.0,1,1.0,19.30824455779817,22.47882600372503,0.4850889702154035,0.6189488387519803,2,1.0,1.385684651625594,1.2
76,71,017_Red.jpg,True,Red,100.0,4.0,7.0,01-1/017_Red_0.png,,70.0,5.0,"[(5.0, 1.5159995998255908)]",27.0,[],71.0,1350.470004,1354.239894,0.0,Red,1354.600192,1357.048604,"[0.3641666666666667, 0.0675]","[0.0025, -0.29583333333333334]","[1.2781072999350727, 2.446753599913791]",1357.402605,,1357.424284,1358.04813,,,1.0,1.0,2026-03-16_19h25.46.917,Baseline,59.49151419,2026-03-16 19h25.47.500195 +0100,7.578125999999884,3.769890000000032,2.448411999999962,0.6455249999999069,5.0,0.0,2.0,2.0,0.0,6.0,1,1.0,19.30824455779817,22.47882600372503,0.6912440425146417,0.6662436130404912,2,1.0,1.3998730839121474,1.2
77,72,016_Yellow.jpg,True,Yellow,98.0,100.0,11.0,01-1/016_Yellow_0.png,,71.0,5.0,"[(5.0, 1.8153766000177711)]",25.0,[],72.0,1358.401971,1414.818909,0.0,Yellow,1415.177855,1418.174608,"[0.3616666666666667, 0.025]","[-0.0125, -0.2675]","[1.5786635000258684, 2.994872499955818]",1418.536077,,1418.555071,1437.742462,,,1.0,1.0,2026-03-16_19h25.46.917,Baseline,59.49151419,2026-03-16 19h25.47.500195 +0100,79.34049099999993,56.41693800000007,2.996753000000126,19.206384999999955,5.0,0.0,2.0,2.0,0.0,6.0,1,1.0,19.30824455779817,22.47882600372503,-1.650828803784171,0.16099696583788986,2,1.0,1.2482990897513668,1.2
78,1,DemoRed.jpg,True,Red,96.0,6.0,0.0,Demo/DemoRed_0.png,,0.0,5.0,"[(5.0, 5.630658500129357)]",0.0,"[17.041040800046176, 19.03024680004455, 27.600436199922115]",1.0,52.7329108,88.5905032,3.0,Red,88.952167,98.8715659,"[0.37166666666666665, 0.1025]","[-0.0033333333333333335, -0.27666666666666667]","[5.412258599884808, 9.914431700017303]",99.2388881,,99.2643849,112.8705202,,,2.0,0,2026-03-13_17h12.51.366,Week1Demo,60.09712895,2026-03-13 17h12.53.150256 +0100,60.1376094,35.8575924,9.91939889999999,13.631632100000004,5.0,2.0,1.0,1.0,0.0,6.0,1,1.0,19.30824455779817,22.47882600372503,-0.7362194021813859,0.3238314089920487,2,1.0,1.2971494226976146,1.2
79,2,DemoBlue.jpg,True,Blue,0.0,0.0,90.0,Demo/DemoBlue_0.png,,1.0,5.0,"[(5.0, 2.4023322998546064)]",1.0,[],2.0,113.2267537,138.4950164,0.0,Blue,138.8545592,144.3474969,"[0.37916666666666665, 0.024166666666666666]","[0.0008333333333333334, -0.30583333333333335]","[2.324852099874988, 5.490898499963805]",144.7111755,,144.729248,146.8187318,,,2.0,0,2026-03-13_17h12.51.366,Week1Demo,60.09712895,2026-03-13 17h12.53.150256 +0100,33.59197809999999,25.268262699999994,5.492937699999999,2.107556299999999,5.0,0.0,1.0,1.0,0.0,6.0,1,1.0,19.30824455779817,22.47882600372503,-0.26513920883653685,0.434100799124581,2,1.0,1.3302302397373742,1.2
80,3,DemoGreen.jpg,True,Green,0.0,98.0,5.0,Demo/DemoGreen_0.png,,2.0,1.0,"[(1.0, 9.61691080010496)]",2.0,[],3.0,147.1823045,161.9481805,0.0,Cyan,162.3039229,173.8807697,"[-0.47833333333333333, -0.05333333333333334]","[-0.0033333333333333335, -0.29083333333333333]","[9.408670800039545, 11.574576700106263]",174.2450383,174.294886,200.3803686,202.7485784,,,2.0,0,2026-03-13_17h12.51.366,Week1Demo,60.09712895,2026-03-13 17h12.53.150256 +0100,55.56627390000003,14.76587600000002,11.576846799999998,28.50354010000001,-1.0,0.0,1.0,1.0,0.0,6.0,0,0.0,19.30824455779817,22.47882600372503,0.20207321134321785,0.5503470982831247,0,1.0,0.16510412948493738,0.0
81,4,DemoCyan.jpg,True,Cyan,1.0,100.0,92.0,Demo/DemoCyan_0.png,,3.0,5.0,"[(5.0, 3.5848940999712795)]",3.0,"[10.332582499831915, 27.40251599997282, 34.26478849980049, 75.58635080000386, 90.73645799979568, 97.48531279992312, 102.88277619984001, 107.28193009993993, 109.98275959980674]",4.0,203.1131114,359.6735742,1.0,Cyan,360.0303616,366.4591781,"[0.37166666666666665, 0.035]","[0.0033333333333333335, -0.2825]","[3.4408283999655396, 6.426347899949178]",366.8185463,,366.8373113,368.5604909,,,2.0,0,2026-03-13_17h12.51.366,Week1Demo,60.09712895,2026-03-13 17h12.53.150256 +0100,165.44737949999998,156.5604628,6.428816499999982,1.7419446000000107,5.0,8.0,1.0,1.0,0.0,6.0,1,1.0,19.30824455779817,22.47882600372503,-6.105844594351031,0.002224836366214592,2,1.0,1.2006674509098643,1.2
82,5,DemoYellow.jpg,True,Yellow,96.0,100.0,0.0,Demo/DemoYellow_0.png,,4.0,5.0,"[(5.0, 2.3829849001485854)]",4.0,"[5.383006399963051, 11.959766700165346, 14.285422699991614, 18.79047630005516]",5.0,368.9177015,410.0084974,0.0,Yellow,410.3611707,415.9916872,"[0.36583333333333334, 0.06166666666666667]","[0.0016666666666666668, -0.29083333333333333]","[2.2108515000436455, 5.628529799869284]",416.3675267,,416.3857148,417.9568989,,,2.0,0,2026-03-13_17h12.51.366,Week1Demo,60.09712895,2026-03-13 17h12.53.150256 +0100,49.03919739999998,41.09079589999999,5.630516499999999,1.589372200000014,5.0,3.0,1.0,1.0,0.0,6.0,1,1.0,19.30824455779817,22.47882600372503,-0.9690253102449466,0.2750748211756079,2,1.0,1.2825224463526823,1.2
83,6,DemoPurple.jpg,True,Purple,65.0,3.0,100.0,Demo/DemoPurple_0.png,,5.0,5.0,"[(5.0, 2.115551199996844)]",5.0,"[6.520149300107732, 8.149159300141037, 15.30965970014222, 26.252897600177675, 33.88511499995366, 35.90403710003011]",6.0,418.3187605,474.6790888,2.0,Purple,475.0410572,479.3217196,"[0.37333333333333335, 0.05583333333333333]","[0.005833333333333334, -0.28833333333333333]","[1.9438808001577854, 4.276853400049731]",479.6808175,,479.6998393,482.4740041,,,2.0,0,2026-03-13_17h12.51.366,Week1Demo,60.09712895,2026-03-13 17h12.53.150256 +0100,64.1552436,56.36032829999999,4.280662399999983,2.7931866000000127,5.0,5.0,1.0,1.0,0.0,6.0,1,1.0,19.30824455779817,22.47882600372503,-1.6483104471764594,0.16133742823261576,2,1.0,1.2484012284697847,1.2
84,1,016_Green.jpg,True,Green,9.0,100.0,4.0,01-1/016_Green_0.png,,0.0,4.0,"[(4.0, 2.147381199989468)]",22.0,"[0.9289374998770654, 10.905254099983722, 16.98904799995944, 18.045645099831745]",1.0,1.6036559,25.2004887,0.0,Yellow,25.5675775,29.3603989,"[0.17916666666666667, 0.07416666666666667]","[-0.004166666666666667, -0.2525]","[2.024797299876809, 3.7899259999394417]",29.7460247,29.7908634,40.9403631,42.4318122,,,2.0,2.0,2026-03-19_14h54.39.338,Baseline,60.10532857,2026-03-19 14h54.40.977751 +0100,40.8281563,23.5968328,3.792821400000001,12.685787500000004,-4.0,3.0,2.0,2.0,0.0,6.0,0,0.75,19.30824455779817,22.47882600372503,-0.19078346180050323,0.4524482807226747,0,1.0,0.2857344842168024,0.15000000000000002
85,2,006_Blue.jpg,True,Blue,2.0,6.0,100.0,01-1/006_Blue_0.png,,1.0,5.0,"[(5.0, 1.5481809999328107)]",0.0,"[8.664500299841166, 10.559436499839649]",2.0,42.7968287,67.5556685,2.0,Blue,67.9200691,71.0915071,"[0.3641666666666667, 0.04666666666666667]","[-0.0008333333333333334, -0.2916666666666667]","[1.4027521999087185, 3.16863640001975]",71.4613841,,71.4892988,72.8456963,,,2.0,2.0,2026-03-19_14h54.39.338,Baseline,60.10532857,2026-03-19 14h54.40.977751 +0100,30.0488676,24.758839799999997,3.171437999999995,1.3843121999999966,5.0,1.0,2.0,2.0,0.0,6.0,1,1.0,19.30824455779817,22.47882600372503,-0.24247686428546558,0.439676057041767,2,1.0,1.33190281711253,1.2
86,3,006_Yellow.jpg,True,Yellow,100.0,100.0,9.0,01-1/006_Yellow_0.png,,2.0,5.0,"[(5.0, 1.5791744999587536)]",3.0,"[4.535432799952105, 53.00822279998101, 53.96453149989247, 55.46066029998474, 58.784395599970594]",3.0,73.2084805,138.3710145,1.0,Yellow,138.7316471,141.9058049,"[0.37916666666666665, 0.058333333333333334]","[-0.006666666666666667, -0.2733333333333333]","[1.4720146998297423, 3.1715127998031676]",142.2717233,,142.2869242,143.1626711,,,2.0,2.0,2026-03-19_14h54.39.338,Baseline,60.10532857,2026-03-19 14h54.40.977751 +0100,69.95419060000002,65.16253400000001,3.174157799999989,0.8909478000000206,5.0,4.0,2.0,2.0,0.0,6.0,1,1.0,19.30824455779817,22.47882600372503,-2.039888090000928,0.11507812792645256,2,1.0,1.2345234383779358,1.2
87,4,022_Blue.jpg,True,Blue,4.0,0.0,99.0,01-1/022_Blue_0.png,,3.0,5.0,"[(5.0, 3.445932700065896)]",38.0,"[5.472146299900487, 6.243569100042805, 8.231438300106674, 9.15148640004918, 10.046369899995625, 10.950475000077859]",4.0,143.5190592,159.5361584,2.0,Blue,159.8993989,164.2383615,"[0.3775, -0.02666666666666667]","[-0.004166666666666667, -0.31583333333333335]","[3.337658000178635, 4.336453800089657]",164.6048262,,164.6198038,165.6400731,,,2.0,2.0,2026-03-19_14h54.39.338,Baseline,60.10532857,2026-03-19 14h54.40.977751 +0100,22.12101390000001,16.01709920000002,4.338962600000002,1.0352469000000042,5.0,5.0,2.0,2.0,0.0,6.0,1,1.0,19.30824455779817,22.47882600372503,0.14641090941549909,0.5365374820682025,2,1.0,1.3609612446204606,1.2
88,5,021_Yellow.jpg,True,Yellow,99.0,88.0,0.0,01-1/021_Yellow_0.png,,4.0,5.0,"[(5.0, 1.7153360999654979)]",37.0,"[5.780655500013381, 6.970130000030622, 7.8622907001990825, 8.923905000090599]",5.0,166.0106313,178.4461845,0.0,Red,178.7970614,181.7410389,"[0.37416666666666665, 0.0225]","[-0.0025, -0.2708333333333333]","[1.6047044000588357, 2.9414329000283033]",182.1133763,182.1520286,186.8020259,187.8257273,,,2.0,2.0,2026-03-19_14h54.39.338,Baseline,60.10532857,2026-03-19 14h54.40.977751 +0100,21.81509600000001,12.435553199999987,2.943977500000017,5.712351000000012,-5.0,3.0,2.0,2.0,0.0,6.0,0,1.0,19.30824455779817,22.47882600372503,0.30574067153948736,0.5758452683659032,0,1.0,0.372753580509771,0.2
89,6,006_Red.jpg,True,Red,98.0,0.0,0.0,01-1/006_Red_0.png,,5.0,5.0,"[(5.0, 1.5795704000629485)]",2.0,"[3.9775086001027375, 5.6264816001057625, 7.2256058000493795, 8.139383500209078]",6.0,188.1876219,201.1182486,0.0,Red,201.479655,204.3195537,"[0.3883333333333333, 0.018333333333333333]","[-0.008333333333333333, -0.29583333333333334]","[1.4397618998773396, 2.8366846998687834]",204.6895719,,204.7177343,205.6740583,,,2.0,2.0,2026-03-19_14h54.39.338,Baseline,60.10532857,2026-03-19 14h54.40.977751 +0100,17.486436400000002,12.930626699999976,2.839898699999992,0.9844864000000086,5.0,3.0,2.0,2.0,0.0,6.0,1,1.0,19.30824455779817,22.47882600372503,0.2837166788310626,0.5704571807573444,2,1.0,1.3711371542272033,1.2
90,7,012_Green.jpg,True,Green,3.0,94.0,4.0,01-1/012_Green_0.png,,6.0,5.0,"[(5.0, 1.6504973000846803)]",17.0,"[3.347797399852425, 6.332491699839011, 7.100898399949074, 7.866741299862042, 8.766239499906078]",7.0,206.0389085,218.722797,1.0,Green,219.0776978,221.5193225,"[0.36666666666666664, 0.04]","[0.005833333333333334, -0.2733333333333333]","[1.54024269990623, 2.4390905001200736]",221.888433,,221.9165069,223.2598454,,,2.0,2.0,2026-03-19_14h54.39.338,Baseline,60.10532857,2026-03-19 14h54.40.977751 +0100,17.220936899999998,12.683888500000023,2.441624699999977,1.371412399999997,5.0,4.0,2.0,2.0,0.0,6.0,1,1.0,19.30824455779817,22.47882600372503,0.2946931506432055,0.5731447037154784,2,1.0,1.3719434111146436,1.2
91,8,022_Cyan.jpg,True,Cyan,0.0,96.0,90.0,01-1/022_Cyan_0.png,,7.0,5.0,"[(5.0, 1.5804657998960465)]",39.0,"[2.9614127001259476, 5.9715915999840945]",8.0,223.6184561,235.8922529,2.0,Cyan,236.2441178,238.6538152,"[0.37833333333333335, 0.0125]","[-0.0008333333333333334, -0.2916666666666667]","[1.4720012000761926, 2.4070186000317335]",239.0261274,,239.0499509,239.9915985,,,2.0,2.0,2026-03-19_14h54.39.338,Baseline,60.10532857,2026-03-19 14h54.40.977751 +0100,16.373142400000006,12.273796799999985,2.409697399999999,0.965471100000002,5.0,1.0,2.0,2.0,0.0,6.0,1,1.0,19.30824455779817,22.47882600372503,0.3129366167357889,0.5776018936479788,2,1.0,1.3732805680943936,1.2
92,9,022_Yellow.jpg,True,Yellow,98.0,91.0,2.0,01-1/022_Yellow_0.png,,8.0,5.0,"[(5.0, 1.164266100153327)]",43.0,"[7.815441800048575, 14.74552180012688, 15.52712170011364, 16.468430600129068]",9.0,240.3564863,260.6156738,0.0,Yellow,260.9798654,263.0682313,"[0.38333333333333336, 0.075]","[-0.0075, -0.2725]","[1.0185101001989096, 2.0850089001469314]",263.4439704,,263.4650366,264.2573067,,,2.0,2.0,2026-03-19_14h54.39.338,Baseline,60.10532857,2026-03-19 14h54.40.977751 +0100,23.900820400000015,20.259187500000024,2.0883658999999852,0.8133363000000031,5.0,3.0,2.0,2.0,0.0,6.0,1,1.0,19.30824455779817,22.47882600372503,-0.04230394158681918,0.4894255915737212,2,1.0,1.3468276774721162,1.2
93,10,024_Green.jpg,True,Green,2.0,100.0,1.0,01-1/024_Green_0.png,,9.0,5.0,"[(5.0, 1.5147788000758737)]",49.0,"[3.07695209980011, 5.118731199996546, 5.816558699822053, 6.53613489982672]",10.0,264.6219972,273.9545938,0.0,Green,274.3089546,276.9178161,"[0.37833333333333335, 0.034166666666666665]","[0.0008333333333333334, -0.26416666666666666]","[1.375664300052449, 2.6062901001423597]",277.2819289,,277.2985872,277.9548549,,,2.0,2.0,2026-03-19_14h54.39.338,Baseline,60.10532857,2026-03-19 14h54.40.977751 +0100,13.332857699999977,9.332596599999988,2.608861499999989,0.6729259999999613,5.0,3.0,2.0,2.0,0.0,6.0,1,1.0,19.30824455779817,22.47882600372503,0.4437797577215593,0.6091593018929785,2,1.0,1.3827477905678935,1.2
94,11,016_Yellow.jpg,True,Yellow,98.0,100.0,11.0,01-1/016_Yellow_0.png,,10.0,5.0,"[(5.0, 1.3807058001402766)]",25.0,"[23.937435500090942, 25.61408770014532, 26.773057400016114, 27.99893720005639]",11.0,278.3168882,310.5290236,0.0,Yellow,310.8943655,313.1658422,"[0.36833333333333335, 0.0175]","[-0.004166666666666667, -0.255]","[1.2727450001984835, 2.268434800207615]",313.5366821,,313.5632309,314.4385562,,,2.0,2.0,2026-03-19_14h54.39.338,Baseline,60.10532857,2026-03-19 14h54.40.977751 +0100,36.121668,32.21213540000002,2.271476699999994,0.9018740999999864,5.0,3.0,2.0,2.0,0.0,6.0,1,1.0,19.30824455779817,22.47882600372503,-0.5740464755616469,0.36030364698732886,2,1.0,1.3080910940961987,1.2
95,12,024_Blue.jpg,True,Blue,2.0,2.0,100.0,01-1/024_Blue_0.png,,11.0,5.0,"[(5.0, 1.715074900072068)]",48.0,"[2.9636433999985456, 3.6539292000234127, 6.063905700109899, 6.8854376000817865, 7.547021799953654, 8.350898300064728]",12.0,314.8016792,325.5381076,2.0,Blue,325.8910555,328.4656473,"[0.3625, 0.07166666666666667]","[-0.0225, -0.26416666666666666]","[1.5738675000611693, 2.5715660001151264]",328.8306633,,328.8464988,330.9534577,,,2.0,2.0,2026-03-19_14h54.39.338,Baseline,60.10532857,2026-03-19 14h54.40.977751 +0100,16.151778499999978,10.736428399999966,2.5745918000000074,2.122794399999975,5.0,5.0,2.0,2.0,0.0,6.0,1,1.0,19.30824455779817,22.47882600372503,0.38132846245518975,0.5941934719256183,2,1.0,1.3782580415776855,1.2
96,13,018_Red.jpg,True,Red,97.0,0.0,11.0,01-1/018_Red_0.png,,12.0,5.0,"[(5.0, 4.349654600024223)]",30.0,"[21.888005000073463, 23.277196200098842, 23.980208300054073, 24.797730499878526]",13.0,331.3196259,362.8452525,0.0,Red,363.2039348,368.4804468,"[0.3725, 0.029166666666666667]","[0.006666666666666667, -0.2775]","[4.2419521999545395, 5.274262599879876]",368.8504719,,368.8781331,369.7319542,,,2.0,2.0,2026-03-19_14h54.39.338,Baseline,60.10532857,2026-03-19 14h54.40.977751 +0100,38.41232830000001,31.52562660000001,5.276511999999968,0.881482300000016,5.0,3.0,2.0,2.0,0.0,6.0,1,1.0,19.30824455779817,22.47882600372503,-0.5435062329401573,0.36737232074089277,2,1.0,1.3102116962222679,1.2
97,14,016_Purple.jpg,True,Purple,64.0,0.0,92.0,01-1/016_Purple_0.png,,13.0,5.0,"[(5.0, 1.6432477000635117)]",23.0,"[5.987634899793193, 6.7674973998218775, 8.883990400005132, 10.550842199940234, 11.509985099779442, 15.382487999973819, 17.136371299857274, 20.5726903998293, 38.34465549979359, 39.23753559985198]",14.0,370.0995027,412.3981555,2.0,Blue,412.7678226,415.8284525,"[0.3775, 0.04666666666666667]","[-0.011666666666666667, -0.30333333333333334]","[1.4986658000852913, 3.058000500081107]",416.2120098,416.2595888,420.6793822,421.8354576,,,2.0,2.0,2026-03-19_14h54.39.338,Baseline,60.10532857,2026-03-19 14h54.40.977751 +0100,51.73595489999997,42.29865279999996,3.0606299000000377,5.623447800000008,-5.0,9.0,2.0,2.0,0.0,6.0,0,1.0,19.30824455779817,22.47882600372503,-1.0227584055498264,0.26449044493923146,0,1.0,0.2793471334817694,0.2
98,15,023_Red.jpg,True,Red,100.0,0.0,1.0,01-1/023_Red_0.png,,14.0,5.0,"[(5.0, 1.694954700069502)]",46.0,"[3.704195600003004, 4.698166400194168, 5.718817300163209, 6.686553600011393]",15.0,422.1920433,433.5357171,0.0,Red,433.8896604,436.2794466,"[0.37583333333333335, 0.06916666666666667]","[-0.016666666666666666, -0.2875]","[1.587177700130269, 2.3869082999881357]",436.6476802,,436.6752978,438.5513365,,,2.0,2.0,2026-03-19_14h54.39.338,Baseline,60.10532857,2026-03-19 14h54.40.977751 +0100,16.359293199999968,11.343673799999976,2.389786200000003,1.903656299999966,5.0,3.0,2.0,2.0,0.0,6.0,1,1.0,19.30824455779817,22.47882600372503,0.354314355940046,0.5876634065469591,2,1.0,1.3762990219640876,1.2
99,16,007_Blue.jpg,True,Blue,0.0,2.0,97.0,01-1/007_Blue_0.png,,15.0,5.0,"[(5.0, 1.5816214999649674)]",4.0,"[2.3298579999245703, 3.759016300085932, 5.436353999888524, 6.8232048999052495, 7.634169599972665]",16.0,438.9084213,449.2081838,1.0,Blue,449.5687099,452.1117941,"[0.305, 0.005833333333333334]","[-0.20083333333333334, -0.2966666666666667]","[0.6081739999353886, 2.5410036998800933]",452.4945726,,452.5082121,454.0350588,,,2.0,2.0,2026-03-19_14h54.39.338,Baseline,60.10532857,2026-03-19 14h54.40.977751 +0100,15.126637500000015,10.299762499999986,2.54308420000001,1.5404861999999753,5.0,4.0,2.0,2.0,0.0,6.0,1,1.0,19.30824455779817,22.47882600372503,0.4007541166209197,0.5988688312424657,2,1.0,1.3796606493727397,1.2
100,17,009_Green.jpg,True,Green,2.0,100.0,5.0,01-1/009_Green_0.png,,16.0,5.0,"[(5.0, 1.7111035999841988)]",11.0,"[2.387250700034201, 4.968516500201076, 5.960215000202879, 7.293091900181025, 8.031841600080952]",17.0,454.3957672,464.8132096,1.0,Green,465.1749599,467.7617286,"[0.36916666666666664, -0.0575]","[-0.0008333333333333334, -0.2783333333333333]","[1.6002422000747174, 2.583668699953705]",468.1262536,,468.1411267,468.795834,,,2.0,2.0,2026-03-19_14h54.39.338,Baseline,60.10532857,2026-03-19 14h54.40.977751 +0100,14.40006679999999,10.41744239999997,2.58676870000005,0.6695804000000294,5.0,4.0,2.0,2.0,0.0,6.0,1,1.0,19.30824455779817,22.47882600372503,0.3955189722241223,0.5976105705267573,2,1.0,1.3792831711580271,1.2
101,18,028_Purple.jpg,True,Purple,66.0,0.0,95.0,01-1/028_Purple_0.png,,17.0,4.0,"[(4.0, 1.8150324998423457)]",57.0,"[10.005575799848884, 11.781423699809238, 18.94536959985271, 20.127415999770164, 21.934072399977595, 23.032135099871084]",18.0,469.1587656,498.5449987,2.0,Purple,498.9061344,501.4618444,"[0.17166666666666666, 0.02]","[-0.019166666666666665, -0.27166666666666667]","[1.6697160000912845, 2.552766000153497]",501.832224,,501.8574898,502.4284743,,,2.0,2.0,2026-03-19_14h54.39.338,Baseline,60.10532857,2026-03-19 14h54.40.977751 +0100,33.269708700000024,29.386233100000027,2.5557100000000332,0.5962503000000083,4.0,5.0,2.0,2.0,0.0,6.0,1,0.75,19.30824455779817,22.47882600372503,-0.4483325125845899,0.3897572991886627,2,1.0,1.2669271897565988,1.15
102,19,018_Yellow.jpg,True,Yellow,100.0,88.0,0.0,01-1/018_Yellow_0.png,,18.0,5.0,"[(5.0, 1.3498297000769526)]",31.0,"[3.102212999947369, 5.632755399914458, 6.712036899989471, 7.533104300033301, 8.769285099813715]",19.0,502.7895327,519.2198212,1.0,Yellow,519.5822633,522.9616805,"[0.3616666666666667, 0.04416666666666667]","[-0.0008333333333333334, -0.2633333333333333]","[1.2416693000122905, 3.376808299915865]",523.3249348,,523.3556961,524.0596133,,,2.0,2.0,2026-03-19_14h54.39.338,Baseline,60.10532857,2026-03-19 14h54.40.977751 +0100,21.27008060000003,16.43028849999996,3.3794172000000344,0.7346784999999727,5.0,4.0,2.0,2.0,0.0,6.0,1,1.0,19.30824455779817,22.47882600372503,0.12802964253210083,0.531963761152416,2,1.0,1.3595891283457247,1.2
103,20,021_Cyan.jpg,True,Cyan,0.0,87.0,100.0,01-1/021_Cyan_0.png,,19.0,5.0,"[(5.0, 1.8486770000308752)]",35.0,"[3.8219922999851406, 7.019324599998072]",20.0,524.4265476,539.0181135,2.0,Cyan,539.386056,542.1604189,"[0.3625, 0.03916666666666667]","[0.0008333333333333334, -0.26916666666666667]","[1.7066754000261426, 2.7717621999327093]",542.5352057,,542.5721984,543.1949904,,,2.0,2.0,2026-03-19_14h54.39.338,Baseline,60.10532857,2026-03-19 14h54.40.977751 +0100,18.768442800000003,14.591565899999978,2.7743628999999146,0.6597847000000456,5.0,1.0,2.0,2.0,0.0,6.0,1,1.0,19.30824455779817,22.47882600372503,0.20982762431706073,0.5522652869094902,2,1.0,1.365679586072847,1.2
104,21,025_Cyan.jpg,True,Cyan,7.0,100.0,99.0,01-1/025_Cyan_0.png,,20.0,4.0,"[(4.0, 1.4811652000062168)]",50.0,"[1.9024561000987887, 3.5506843000184745]",21.0,543.5566165,554.2781414,2.0,Cyan,554.6431766,557.1736215,"[0.17, -0.043333333333333335]","[-0.019166666666666665, -0.2825]","[1.3626830000430346, 2.5278767000418156]",557.5419149,,557.5724293,558.1488867,,,2.0,2.0,2026-03-19_14h54.39.338,Baseline,60.10532857,2026-03-19 14h54.40.977751 +0100,14.59227020000003,10.721524899999963,2.5304449000000204,0.6069717999999966,4.0,1.0,2.0,2.0,0.0,6.0,1,0.75,19.30824455779817,22.47882600372503,0.3819914641616638,0.5943533299401067,2,1.0,1.328305998982032,1.15
105,22,014_Red.jpg,True,Red,95.0,0.0,0.0,01-1/014_Red_0.png,,21.0,5.0,"[(5.0, 1.3495691998396069)]",18.0,"[2.7310888001229614, 3.601976100122556, 4.740797100123018, 5.757451199926436]",22.0,558.5286902,566.9304378,0.0,Red,567.2808554,569.8403304,"[0.37833333333333335, 0.03833333333333333]","[0.0, -0.3016666666666667]","[1.206862200051546, 2.5568317000288516]",570.2120368,,570.2373399,571.1461655,,,2.0,2.0,2026-03-19_14h54.39.338,Baseline,60.10532857,2026-03-19 14h54.40.977751 +0100,12.617475300000024,8.401747600000022,2.5594750000000204,0.9341287000000875,5.0,3.0,2.0,2.0,0.0,6.0,1,1.0,19.30824455779817,22.47882600372503,0.48518979398616285,0.6189726178714565,2,1.0,1.385691785361437,1.2
106,23,029_Yellow.jpg,True,Yellow,100.0,94.0,5.0,01-1/029_Yellow_0.png,,22.0,5.0,"[(5.0, 1.4457553001120687)]",59.0,"[5.796426799846813, 11.581847199937329, 12.403324799844995]",23.0,571.5073805,586.6802185,3.0,Yellow,587.0405335,589.6230668,"[0.3775, 0.028333333333333332]","[-0.015, -0.2875]","[1.3300195999909192, 2.5796229001134634]",589.9929343,,590.0203433,591.2809802,,,2.0,2.0,2026-03-19_14h54.39.338,Baseline,60.10532857,2026-03-19 14h54.40.977751 +0100,19.77359970000009,15.17283800000007,2.582533299999909,1.2880459000000428,5.0,2.0,2.0,2.0,0.0,6.0,1,1.0,19.30824455779817,22.47882600372503,0.18396897405197268,0.5458629653384703,2,1.0,1.3637588896015411,1.2
107,24,018_Green.jpg,True,Green,0.0,98.0,4.0,01-1/018_Green_0.png,,23.0,5.0,"[(5.0, 1.379362199921161)]",28.0,"[3.1085718001704663, 5.247521900106221, 6.20823059999384, 7.668175300117582, 9.027998100034893]",24.0,591.6900581,603.0916199,1.0,Green,603.4483435,606.1208709,"[0.4166666666666667, -0.025833333333333333]","[-0.21666666666666667, -0.2991666666666667]","[0.5377063001506031, 2.6703057000413537]",606.4919915,,606.5190174,607.5270408,,,2.0,2.0,2026-03-19_14h54.39.338,Baseline,60.10532857,2026-03-19 14h54.40.977751 +0100,15.836982700000021,11.401561799999968,2.6725274000000354,1.0350492999999688,5.0,4.0,2.0,2.0,0.0,6.0,1,1.0,19.30824455779817,22.47882600372503,0.3517391324835186,0.5870392503875443,2,1.0,1.3761117751162633,1.2
108,25,010_Green.jpg,True,Green,1.0,100.0,11.0,01-1/010_Green_0.png,,24.0,5.0,"[(5.0, 1.4529949000570923)]",12.0,"[7.060718100052327, 9.308935400098562, 10.04962160019204, 10.727196800056845]",25.0,607.9086479,621.8914489,0.0,Green,622.2468888,625.7051156,"[0.38, 0.0375]","[-0.0125, -0.285]","[1.3066705998498946, 3.455887299962342]",626.0663351,,626.0854905,627.8717983,,,2.0,2.0,2026-03-19_14h54.39.338,Baseline,60.10532857,2026-03-19 14h54.40.977751 +0100,19.963150400000018,13.982800999999995,3.458226800000034,1.8054632000000765,5.0,3.0,2.0,2.0,0.0,6.0,1,1.0,19.30824455779817,22.47882600372503,0.23690932777875853,0.5589518616978061,2,1.0,1.3676855585093417,1.2
109,1,025_Cyan.jpg,True,Cyan,7.0,100.0,99.0,01-2/025_Cyan_0.png,,0.0,5.0,"[(5.0, 1.67992769999546)]",22.0,"[6.397722399997292, 7.652194499998586]",1.0,17.224741599988192,36.988093299994944,2.0,Cyan,37.343514899985166,40.45191109998268,"[0.36916666666666664, 0.065]","[-0.009166666666666667, -0.275]","[1.441565500019351, 3.107259200012777]",40.82803559998865,,40.86520549998386,42.20611389999976,,,1.0,4.0,2026-03-28_21h44.03.052,Week1Test,59.92836164215291,2026-03-28 21h44.04.066341 +0100,24.981372300011564,19.76335170000675,3.1083961999975145,1.3780783000111043,5.0,1.0,3.0,3.0,1.0,6.0,1,1.0,11.552091058878686,11.21935395880648,-0.7318835533023493,0.3247815307798305,2,1.0,1.297434459233949,1.2
110,2,006_Blue.jpg,True,Blue,2.0,6.0,100.0,01-2/006_Blue_0.png,,1.0,5.0,"[(5.0, 1.4144353999872692)]",0.0,"[6.239045399997849, 6.982413899997482]",2.0,42.55679819997749,53.4340014999907,2.0,Blue,53.793175200000405,56.469209499977296,"[0.36583333333333334, 0.034166666666666665]","[0.0008333333333333334, -0.2925]","[1.1732909999846015, 2.6732605999859516]",56.83640859997831,,56.8485058999795,57.47267049999209,,,1.0,4.0,2026-03-28_21h44.03.052,Week1Test,59.92836164215291,2026-03-28 21h44.04.066341 +0100,14.915872300014598,10.877203300013207,2.676034299976891,0.6362619000137784,5.0,1.0,3.0,3.0,1.0,6.0,1,1.0,11.552091058878686,11.21935395880648,0.06015388776781883,0.5150339388686067,2,1.0,1.354510181660582,1.2
111,3,012_Blue.jpg,False,Blue,3.0,4.0,94.0,01-2/012_Blue_0.png,Blue,2.0,5.0,"[(5.0, 1.9000238000007812)]",6.0,"[4.4378113000129815, 5.039295700000366]",3.0,57.81961799997953,85.50446709999233,2.0,Blue,85.8514030999795,89.31588899999042,"[0.36083333333333334, 0.011666666666666667]","[0.019166666666666665, -0.2891666666666667]","[1.6670225000125356, 3.433733600017149]",89.67729359999066,,89.69591839998611,90.37024699998436,,,1.0,4.0,2026-03-28_21h44.03.052,Week1Test,59.92836164215291,2026-03-28 21h44.04.066341 +0100,32.55062900000483,27.684849100012798,3.4644859000109136,0.6929533999936979,5.0,1.0,3.0,3.0,1.0,6.0,1,1.0,11.552091058878686,11.21935395880648,-1.4379400186827087,0.19186455117995393,2,1.0,1.257559365353986,1.2
112,4,022_Cyan.jpg,True,Cyan,0.0,96.0,90.0,01-2/022_Cyan_0.png,,3.0,5.0,"[(5.0, 1.4677798000047915)]",17.0,"[2.1716557999898214, 3.7025165999948513]",4.0,90.72271949998684,98.4491250999854,2.0,Cyan,98.79973659999088,101.43302259998744,"[0.3575, 0.023333333333333334]","[0.004166666666666667, -0.2975]","[1.2316583000065293, 2.6320421999844257]",101.79169539999566,,101.81313679998856,102.63740269999836,,,1.0,4.0,2026-03-28_21h44.03.052,Week1Test,59.92836164215291,2026-03-28 21h44.04.066341 +0100,11.914683200011524,7.726405599998557,2.633285999996559,0.8457073000027009,5.0,1.0,3.0,3.0,1.0,6.0,1,1.0,11.552091058878686,11.21935395880648,0.34098981749989343,0.5844309413857585,2,1.0,1.3753292824157275,1.2
113,5,018_Red.jpg,True,Red,97.0,0.0,11.0,01-2/018_Red_0.png,,4.0,5.0,"[(5.0, 1.1322016000049189)]",12.0,"[1.9356305999972392, 2.5755133999919053]",5.0,102.98862269998062,108.4226366999792,2.0,Red,108.77253599997492,110.84853309998287,"[0.37583333333333335, 0.05416666666666667]","[-0.0033333333333333335, -0.275]","[0.893351700011408, 2.0730922000075225]",111.21232319998671,,111.22905209998136,111.83615439999268,,,1.0,4.0,2026-03-28_21h44.03.052,Week1Test,59.92836164215291,2026-03-28 21h44.04.066341 +0100,8.847531700012055,5.4340139999985695,2.075997100007953,0.6238312000059665,5.0,1.0,3.0,3.0,1.0,6.0,1,1.0,11.552091058878686,11.21935395880648,0.5453145592289488,0.6330478513026013,2,1.0,1.3899143553907802,1.2
114,6,024_Green.jpg,True,Green,2.0,100.0,1.0,01-2/024_Green_0.png,,5.0,5.0,"[(5.0, 1.2801216999941971)]",21.0,"[1.321121300017694, 2.4042595000064466]",6.0,112.18861779998406,117.56292529997882,2.0,Green,117.92096489999676,120.36488009997991,"[0.38333333333333336, 0.0575]","[0.0, -0.305]","[1.043215899990173, 2.4425704999885056]",120.727009299997,,120.74476659999344,121.41784109998844,,,1.0,4.0,2026-03-28_21h44.03.052,Week1Test,59.92836164215291,2026-03-28 21h44.04.066341 +0100,9.229223300004378,5.374307499994757,2.4439151999831523,0.6908317999914431,5.0,1.0,3.0,3.0,1.0,6.0,1,1.0,11.552091058878686,11.21935395880648,0.5506363005897289,0.6342832050070888,2,1.0,1.3902849615021267,1.2
115,7,018_Yellow.jpg,True,Yellow,100.0,88.0,0.0,01-2/018_Yellow_0.png,,6.0,5.0,"[(5.0, 1.497906900011003)]",13.0,"[1.3818144999968354, 2.4690038999833632]",7.0,121.7711298999784,127.35409189999336,2.0,Yellow,127.70514629999523,130.38066669998807,"[0.3641666666666667, 0.0275]","[0.0008333333333333334, -0.2925]","[1.2594469000177924, 2.6726685000176076]",130.74675339998794,,130.76121039999998,131.91984729998512,,,1.0,4.0,2026-03-28_21h44.03.052,Week1Test,59.92836164215291,2026-03-28 21h44.04.066341 +0100,10.148717400006717,5.582962000014959,2.675520399992834,1.173093899997184,5.0,1.0,3.0,3.0,1.0,6.0,1,1.0,11.552091058878686,11.21935395880648,0.5320385719873237,0.6299584508831053,2,1.0,1.3889875352649315,1.2
116,8,029_Green.jpg,False,Green,6.0,100.0,5.0,01-2/029_Green_0.png,Yellow,7.0,5.0,"[(5.0, 2.1330673999909777)]",24.0,"[1.330964499997208, 2.2965349000005517]",8.0,132.26843569998164,137.3063691999996,2.0,Green,137.65026319999015,140.94733669998823,"[0.37833333333333335, -0.013333333333333334]","[-0.0075, -0.2758333333333333]","[1.8843963000108488, 3.2667891000164673]",141.3117638999829,,141.32722680000006,141.90249680000124,,,1.0,4.0,2026-03-28_21h44.03.052,Week1Test,59.92836164215291,2026-03-28 21h44.04.066341 +0100,9.634061100019608,5.037933500017971,3.2970734999980778,0.5907329000183381,5.0,1.0,3.0,3.0,1.0,6.0,1,1.0,11.552091058878686,11.21935395880648,0.5806178843076357,0.6412095691099865,2,1.0,1.3923628707329958,1.2
117,9,016_Purple.jpg,True,Purple,64.0,0.0,92.0,01-2/016_Purple_0.png,,8.0,5.0,"[(5.0, 1.6484283000172582)]",9.0,"[1.7244320000172593, 2.3043372000101954]",9.0,142.25287820000085,150.28085449998616,2.0,Purple,150.63367650000146,153.44761299999664,"[0.3675, 0.06]","[-0.016666666666666666, -0.2991666666666667]","[1.3970351000025403, 2.8128069000085816]",153.81911609999952,,153.8292286999931,154.58240349998232,,,1.0,4.0,2026-03-28_21h44.03.052,Week1Test,59.92836164215291,2026-03-28 21h44.04.066341 +0100,12.32952529998147,8.027976299985312,2.8139364999951795,0.7632873999828007,5.0,1.0,3.0,3.0,1.0,6.0,1,1.0,11.552091058878686,11.21935395880648,0.31411031079264307,0.577888223001323,2,1.0,1.3733664669003969,1.2
118,10,024_Blue.jpg,True,Blue,2.0,2.0,100.0,01-2/024_Blue_0.png,,9.0,5.0,"[(5.0, 1.831690199993318)]",20.0,"[3.717347500001779, 4.720713999995496]",10.0,154.93478169999435,163.45078980000108,2.0,Blue,163.80511190000107,167.1142382999824,"[0.3725, 0.015833333333333335]","[0.008333333333333333, -0.26666666666666666]","[1.608517299988307, 3.3074706999759655]",167.47488139997586,,167.4936699999962,168.2185059999756,,,1.0,4.0,2026-03-28_21h44.03.052,Week1Test,59.92836164215291,2026-03-28 21h44.04.066341 +0100,13.283724299981259,8.51600810000673,3.3091263999813236,0.7436245999997482,5.0,1.0,3.0,3.0,1.0,6.0,1,1.0,11.552091058878686,11.21935395880648,0.2706112107719736,0.5672429501611812,2,1.0,1.3701728850483543,1.2
119,11,009_Green.jpg,True,Green,2.0,100.0,5.0,01-2/009_Green_0.png,,10.0,5.0,"[(5.0, 1.283143899985589)]",4.0,"[2.1593137999880128, 3.337171999999555]",11.0,168.58133429998998,174.6912545999803,2.0,Green,175.04693909999332,177.6132351999986,"[0.3825, -0.05]","[-0.019166666666666665, -0.2891666666666667]","[1.0316690999898128, 2.5632372999971267]",177.99168379997718,,178.00970809999853,178.80046079997555,,,1.0,4.0,2026-03-28_21h44.03.052,Week1Test,59.92836164215291,2026-03-28 21h44.04.066341 +0100,10.219126499985578,6.1099202999903355,2.5662961000052746,0.808776999998372,5.0,1.0,3.0,3.0,1.0,6.0,1,1.0,11.552091058878686,11.21935395880648,0.4850698871673081,0.6189443379824717,2,1.0,1.3856833013947414,1.2
120,12,021_Red.jpg,False,Red,100.0,14.0,0.0,01-2/021_Red_0.png,Yellow,11.0,5.0,"[(5.0, 1.332364800007781)]",15.0,"[1.4911854999954812, 3.1096568999928422]",12.0,179.15204839999203,184.60944349999767,2.0,Red,184.96849909998127,187.94511319999583,"[0.3591666666666667, 0.014166666666666666]","[0.011666666666666667, -0.26916666666666667]","[1.1240946000034455, 2.973753800004488]",188.30979439997463,,188.32596909999847,188.88294399998267,,,1.0,4.0,2026-03-28_21h44.03.052,Week1Test,59.92836164215291,2026-03-28 21h44.04.066341 +0100,9.730895599990646,5.457395100005641,2.976614100014558,0.5731496000080369,5.0,1.0,3.0,3.0,1.0,6.0,1,1.0,11.552091058878686,11.21935395880648,0.5432305622276135,0.6325636083146036,2,1.0,1.3897690824943811,1.2
121,13,018_Green.jpg,True,Green,0.0,98.0,4.0,01-2/018_Green_0.png,,12.0,5.0,"[(5.0, 1.5511032000067644)]",11.0,"[1.0783634000108577, 2.297660400014138]",13.0,189.23240099998657,194.27384899999012,2.0,Green,194.6318626999855,197.3115867000015,"[0.36833333333333335, 0.016666666666666666]","[-0.0016666666666666668, -0.2841666666666667]","[1.3295934000052512, 2.6783731000032276]",197.6739817999769,,197.6941168999765,198.185364999983,,,1.0,4.0,2026-03-28_21h44.03.052,Week1Test,59.92836164215291,2026-03-28 21h44.04.066341 +0100,8.952963999996427,5.041448000003555,2.6797240000159945,0.5113832000060938,5.0,1.0,3.0,3.0,1.0,6.0,1,1.0,11.552091058878686,11.21935395880648,0.580304630977855,0.6411374989061563,2,1.0,1.3923412496718468,1.2
122,14,016_Yellow.jpg,True,Yellow,98.0,100.0,11.0,01-2/016_Yellow_0.png,,13.0,5.0,"[(5.0, 1.262290699989535)]",10.0,"[1.4920968000078574, 2.6489670999872033]",14.0,198.53677909998805,203.62822869999215,2.0,Yellow,203.9922987999744,207.0199059000006,"[0.3725, 0.05583333333333333]","[-0.024166666666666666, -0.2758333333333333]","[1.0380801999999676, 3.0239833000232466]",207.38520039999275,,207.41344459998072,208.1025870000012,,,1.0,4.0,2026-03-28_21h44.03.052,Week1Test,59.92836164215291,2026-03-28 21h44.04.066341 +0100,9.56580790001314,5.091449600004097,3.027607100026188,0.7173866000084388,5.0,1.0,3.0,3.0,1.0,6.0,1,1.0,11.552091058878686,11.21935395880648,0.5758479037737637,0.6401114504933979,2,1.0,1.3920334351480192,1.2
123,15,023_Yellow.jpg,False,Yellow,99.0,99.0,0.0,01-2/023_Yellow_0.png,Red,14.0,5.0,"[(5.0, 1.7333196999970824)]",19.0,"[1.4359400999965146, 2.636662000004435]",15.0,208.47706149998703,217.11059639998712,2.0,Yellow,217.4682366999914,221.12838399998145,"[0.37083333333333335, 0.03833333333333333, 0.03333333333333333]","[0.004166666666666667, -0.235, -0.26666666666666666]","[1.5104281000094488, 2.7736735000216868, 3.6582437000179198]",221.4844352999935,,221.4930323000008,222.1481621999992,,,1.0,4.0,2026-03-28_21h44.03.052,Week1Test,59.92836164215291,2026-03-28 21h44.04.066341 +0100,13.671100700012175,8.633534900000086,3.660147299990058,0.6637269000057131,5.0,1.0,3.0,3.0,1.0,6.0,1,1.0,11.552091058878686,11.21935395880648,0.26013584824888414,0.5646696860183371,2,1.0,1.369400905805501,1.2
124,16,022_Blue.jpg,True,Blue,4.0,0.0,99.0,01-2/022_Blue_0.png,,15.0,5.0,"[(5.0, 1.5646707999985665)]",16.0,"[1.4070854000165127, 2.069232000008924]",16.0,222.5122025999881,228.3145621999865,2.0,Blue,228.66770809999437,231.42869249999055,"[0.3625, 0.030833333333333334]","[-0.008333333333333333, -0.2841666666666667]","[1.3262953999801539, 2.7581851999857463]",231.7907317999925,,231.8079244999972,232.44723439999507,,,1.0,4.0,2026-03-28_21h44.03.052,Week1Test,59.92836164215291,2026-03-28 21h44.04.066341 +0100,9.935031800006982,5.802359599998425,2.7609843999961754,0.6565026000025682,5.0,1.0,3.0,3.0,1.0,6.0,1,1.0,11.552091058878686,11.21935395880648,0.5124832927092996,0.6253884355824405,2,1.0,1.3876165306747321,1.2
125,17,010_Purple.jpg,False,Purple,64.0,1.0,100.0,01-2/010_Purple_0.png,Green,16.0,4.0,"[(4.0, 1.447040700004436)]",5.0,"[3.390460199996596, 3.950892599998042]",17.0,232.8005387999874,241.6411367999972,2.0,Purple,242.00103299997863,244.72978019999573,"[0.175, 0.03]","[-0.0125, -0.2683333333333333]","[1.2076408000139054, 2.7258967000234406]",245.0857219999889,,245.10777029997556,245.7460380999837,,,1.0,4.0,2026-03-28_21h44.03.052,Week1Test,59.92836164215291,2026-03-28 21h44.04.066341 +0100,12.9454992999963,8.840598000009805,2.7287472000170965,0.6603160999948159,4.0,1.0,3.0,3.0,1.0,6.0,1,0.75,11.552091058878686,11.21935395880648,0.24167996382185009,0.5601276083178158,2,1.0,1.318038282495345,1.15
126,18,006_Red.jpg,True,Red,98.0,0.0,0.0,01-2/006_Red_0.png,,17.0,5.0,"[(5.0, 1.1787274999951478)]",1.0,"[1.4780782999878284, 1.9711696000013035]",18.0,246.09719279999263,250.4495195999916,2.0,Red,250.80281449999893,253.2781432999764,"[0.34833333333333333, 0.028333333333333332]","[0.0075, -0.31666666666666665]","[0.939704399992479, 2.4736709000135306]",253.640033499978,,253.65811329998544,254.1649314999813,,,1.0,4.0,2026-03-28_21h44.03.052,Week1Test,59.92836164215291,2026-03-28 21h44.04.066341 +0100,8.067738699988666,4.352326799998963,2.4753287999774614,0.5248980000033043,5.0,1.0,3.0,3.0,1.0,6.0,1,1.0,11.552091058878686,11.21935395880648,0.6417271694354884,0.6551437851921548,2,1.0,1.3965431355576463,1.2
127,19,014_Yellow.jpg,False,Yellow,94.0,94.0,0.0,01-2/014_Yellow_0.png,Red,18.0,5.0,"[(5.0, 1.530387000006158)]",7.0,"[2.5450129999953788, 3.728643499984173]",19.0,254.5136102999968,260.9231261999812,2.0,Yellow,261.2828581999929,264.1267082999984,"[0.3516666666666667, 0.04583333333333333]","[-0.030833333333333334, -0.2808333333333333]","[1.3092852999980096, 2.8413250999874435]",264.4886682999786,,264.50634929997614,265.0965852999944,,,1.0,4.0,2026-03-28_21h44.03.052,Week1Test,59.92836164215291,2026-03-28 21h44.04.066341 +0100,10.582974999997589,6.409515899984399,2.843850100005511,0.6079170000157887,5.0,1.0,3.0,3.0,1.0,6.0,1,1.0,11.552091058878686,11.21935395880648,0.45836642446401227,0.6126265751437344,2,1.0,1.3837879725431204,1.2
128,20,006_Yellow.jpg,True,Yellow,100.0,100.0,9.0,01-2/006_Yellow_0.png,,19.0,5.0,"[(5.0, 1.647284300008323)]",2.0,"[1.8515154999913648, 3.107197300007101]",20.0,265.45215589998406,271.204880299978,2.0,Yellow,271.5648126999731,274.4760377999919,"[0.3908333333333333, 0.03]","[-0.014166666666666666, -0.2833333333333333]","[1.4102942000026815, 2.9087904000189155]",274.85236829999485,,274.8725454999949,275.58241039997665,,,1.0,4.0,2026-03-28_21h44.03.052,Week1Test,59.92836164215291,2026-03-28 21h44.04.066341 +0100,10.130254499992589,5.7527243999939515,2.9112251000187825,0.7300420999818016,5.0,1.0,3.0,3.0,1.0,6.0,1,1.0,11.552091058878686,11.21935395880648,0.5169073620618414,0.6264243202300565,2,1.0,1.387927296069017,1.2
129,21,021_Blue.jpg,False,Blue,0.0,11.0,100.0,01-2/021_Blue_0.png,Cyan,20.0,5.0,"[(5.0, 1.6674753999977838)]",14.0,"[1.4767080000019632, 2.2872303999902215]",21.0,275.9267946999753,281.3238934999972,2.0,Blue,281.6762314999942,284.4922404999961,"[0.37, -0.004166666666666667]","[-0.019166666666666665, -0.28583333333333333]","[1.4486932999861892, 2.8134213000012096]",284.86157069998444,,284.8737456999952,285.7439123999793,,,1.0,4.0,2026-03-28_21h44.03.052,Week1Test,59.92836164215291,2026-03-28 21h44.04.066341 +0100,9.817117700004019,5.397098800021922,2.816009000001941,0.8823416999948677,5.0,1.0,3.0,3.0,1.0,6.0,1,1.0,11.552091058878686,11.21935395880648,0.5486048734584655,0.633811850458858,2,1.0,1.3901435551376573,1.2
130,22,028_Red.jpg,False,Red,95.0,1.0,0.0,01-2/028_Red_0.png,Purple,21.0,5.0,"[(5.0, 1.397499799990328)]",23.0,"[1.9828970000089612, 2.623852500022622]",22.0,286.0981712999928,292.5472208999854,2.0,Red,292.8981624000008,295.4741035999905,"[0.3725, 0.04]","[-0.009166666666666667, -0.26]","[1.1592283000063617, 2.5733296000107657]",295.83692979998887,,295.85495529999025,296.4134027999826,,,1.0,4.0,2026-03-28_21h44.03.052,Week1Test,59.92836164215291,2026-03-28 21h44.04.066341 +0100,10.31523149998975,6.449049599992577,2.5759411999896997,0.5764729999937117,5.0,1.0,3.0,3.0,1.0,6.0,1,1.0,11.552091058878686,11.21935395880648,0.454842718896532,0.6117900149258433,2,1.0,1.3835370044777529,1.2
131,23,019_Purple.jpg,True,Purple,55.0,0.0,100.0,01-2/019_Purple_0.png,,22.0,3.0,"[(3.0, 2.1998669000167865)]",8.0,"[2.5170310999965295, 3.007248800015077, 16.641041800001403]",23.0,296.7636598999961,322.5696723999863,3.0,Blue,322.93054739999934,326.8093334999867,"[-0.0475, 0.019166666666666665]","[-0.009166666666666667, -0.2975]","[1.975702399999136, 3.876968199998373]",327.1710649000015,327.2042115999793,333.8060599999735,335.7607776999939,,,1.0,4.0,2026-03-28_21h44.03.052,Week1Test,59.92836164215291,2026-03-28 21h44.04.066341 +0100,38.997117799997795,25.806012499990175,3.8787860999873374,8.589712799992412,-3.0,2.0,3.0,3.0,1.0,6.0,0,0.5,11.552091058878686,11.21935395880648,-1.2704761337815773,0.21917575673126638,0,1.0,0.16575272701937993,0.1
132,24,022_Purple.jpg,True,Purple,58.0,13.0,100.0,01-2/022_Purple_0.png,,23.0,5.0,"[(5.0, 1.5825474000012036)]",18.0,"[2.4902353000070434, 2.9522855000104755]",24.0,336.12554239999736,341.59981179999886,2.0,Purple,341.9628038999799,344.77427049999824,"[0.3725, 0.0425]","[0.0025, -0.2875]","[1.3428844999871217, 2.8098750000062864]",345.1333210000012,,345.15335569999297,345.7786003999936,,,1.0,4.0,2026-03-28_21h44.03.052,Week1Test,59.92836164215291,2026-03-28 21h44.04.066341 +0100,9.653057999996236,5.4742694000015035,2.8114666000183206,0.6452793999923756,5.0,1.0,3.0,3.0,1.0,6.0,1,1.0,11.552091058878686,11.21935395880648,0.5417265273199157,0.6322139605119613,2,1.0,1.3896641881535883,1.2
133,25,007_Cyan.jpg,False,Cyan,0.0,98.0,96.0,01-2/007_Cyan_0.png,Blue,24.0,5.0,"[(5.0, 1.2663713000074495)]",3.0,"[1.1059685999935027, 1.5480591999948956]",25.0,346.1273471999739,352.24865939997835,2.0,Cyan,352.59066639997764,354.7889118999883,"[0.37083333333333335, 0.050833333333333335]","[-0.015833333333333335, -0.26666666666666666]","[1.0326939999940805, 2.1835519000014756]",355.14955299999565,,355.16905139997834,355.9275813999993,,,1.0,4.0,2026-03-28_21h44.03.052,Week1Test,59.92836164215291,2026-03-28 21h44.04.066341 +0100,9.800234200025443,6.121312200004468,2.198245500010671,0.7780284000036772,5.0,1.0,3.0,3.0,1.0,6.0,1,1.0,11.552091058878686,11.21935395880648,0.484054507845472,0.6187048295847176,2,1.0,1.3856114488754152,1.2
134,1,006_Blue.jpg,True,Blue,2.0,6.0,100.0,01-1/006_Blue_0.png,,0.0,5.0,"[(5.0, 1.9149850998073816)]",0.0,"[4.672482400201261, 6.280224099988118]",1.0,16.7034584,34.343926,2.0,Blue,34.6942854,38.2532774,"[0.3825, 0.008333333333333333]","[-0.011666666666666667, -0.29333333333333333]","[1.6765173999592662, 3.556883699959144]",38.6309784,,38.6492551,43.9730785,,,1.0,1.0,2026-03-23_23h43.05.586,Week1Train,59.95228993,2026-03-23 23h43.06.216751 +0100,27.2696201,17.640467600000004,3.5589920000000035,5.342100100000003,5.0,1.0,2.0,2.0,1.0,6.0,1,1.0,11.552091058878686,11.21935395880648,-0.5426673018317896,0.3675673183198637,2,1.0,1.310270195495959,1.2
135,2,024_Green.jpg,True,Green,2.0,100.0,1.0,01-1/024_Green_0.png,,1.0,5.0,"[(5.0, 1.8818693000357598)]",21.0,"[31.12307949992828, 32.003436899976805]",2.0,44.3247331,89.0001134,2.0,Green,89.3548282,92.4516024,"[0.3925, -0.014166666666666666]","[-0.023333333333333334, -0.2966666666666667]","[1.6492407999467105, 3.0945740998722613]",92.8153851,,92.8304648,93.6043084,,,1.0,1.0,2026-03-23_23h43.05.586,Week1Train,59.95228993,2026-03-23 23h43.06.216751 +0100,49.27957529999999,44.6753803,3.0967741999999987,0.7889232999999933,5.0,1.0,2.0,2.0,1.0,6.0,1,1.0,11.552091058878686,11.21935395880648,-2.952334810251854,0.04962627784620628,2,1.0,1.2148878833538619,1.2
136,3,025_Cyan.jpg,True,Cyan,7.0,100.0,99.0,01-1/025_Cyan_0.png,,2.0,5.0,"[(5.0, 1.23187439981848)]",22.0,"[2.864470499800518, 3.8338519998360425]",3.0,93.9531107,112.7046391,2.0,Cyan,113.0551696,115.3329876,"[0.37166666666666665, 0.018333333333333333]","[-0.0125, -0.2841666666666667]","[0.9918081001378596, 2.2756788001861423]",115.6976821,,115.7120368,116.4506546,,,1.0,1.0,2026-03-23_23h43.05.586,Week1Train,59.95228993,2026-03-23 23h43.06.216751 +0100,22.497543899999997,18.751528399999998,2.2778179999999963,0.7529724999999985,5.0,1.0,2.0,2.0,1.0,6.0,1,1.0,11.552091058878686,11.21935395880648,-0.6416980307025799,0.34486279816335996,2,1.0,1.3034588394490079,1.2
137,4,022_Yellow.jpg,True,Yellow,98.0,91.0,2.0,01-1/022_Yellow_0.png,,3.0,5.0,"[(5.0, 1.2131139000412077)]",18.0,"[3.0773418999742717, 6.313768200110644, 8.889072600053623]",4.0,116.8012363,129.8771603,3.0,Yellow,130.2420867,132.6313762,"[0.3475, 0.034166666666666665]","[-0.009166666666666667, -0.27]","[1.0041786001529545, 2.3864904001820832]",132.9943215,,133.0117286,133.7000473,,,1.0,1.0,2026-03-23_23h43.05.586,Week1Train,59.95228993,2026-03-23 23h43.06.216751 +0100,16.898810999999995,13.075924000000015,2.389289500000018,0.705725799999982,5.0,2.0,2.0,2.0,1.0,6.0,1,1.0,11.552091058878686,11.21935395880648,-0.13582180816438338,0.4660966514561052,2,1.0,1.3398289954368314,1.2
138,5,021_Yellow.jpg,True,Yellow,99.0,88.0,0.0,01-1/021_Yellow_0.png,,4.0,5.0,"[(5.0, 2.6809914000332355)]",15.0,"[1.4628643000032753, 2.629506800090894]",5.0,134.0515243,140.1309084,2.0,Yellow,140.4887449,144.3978588,"[0.3858333333333333, 0.36833333333333335, -0.014166666666666666]","[-0.05, -0.006666666666666667, -0.3075]","[1.175155899953097, 2.4407364998478442, 3.9073531997855753]",144.7567956,,144.7778254,145.7705427,,,1.0,1.0,2026-03-23_23h43.05.586,Week1Train,59.95228993,2026-03-23 23h43.06.216751 +0100,11.719018399999982,6.079384099999999,3.909113899999994,1.0137470999999891,5.0,1.0,2.0,2.0,1.0,6.0,1,1.0,11.552091058878686,11.21935395880648,0.48779163033562734,0.6195860590732389,2,1.0,1.3858758177219717,1.2
139,6,022_Blue.jpg,True,Blue,4.0,0.0,99.0,01-1/022_Blue_0.png,,5.0,5.0,"[(5.0, 1.7470855999272317)]",16.0,"[0.9683666001074016, 2.143495300086215]",6.0,146.1206543,152.8293891,2.0,Blue,153.1906893,156.048172,"[0.36083333333333334, 0.011666666666666667]","[-0.015833333333333335, -0.2841666666666667]","[1.539096200140193, 2.855403100140393]",156.4116518,,156.4291382,157.2494775,,,1.0,1.0,2026-03-23_23h43.05.586,Week1Train,59.95228993,2026-03-23 23h43.06.216751 +0100,11.1288232,6.708734799999974,2.8574826999999914,0.8378257000000247,5.0,1.0,2.0,2.0,1.0,6.0,1,1.0,11.552091058878686,11.21935395880648,0.43169653766712524,0.6062787131106695,2,1.0,1.3818836139332007,1.2
140,7,016_Purple.jpg,True,Purple,64.0,0.0,92.0,01-1/016_Purple_0.png,,6.0,5.0,"[(5.0, 1.332177500007674)]",9.0,"[3.147006400162354, 4.242701600072905, 6.749663500115275]",7.0,157.6067357,167.7955247,3.0,Purple,168.1513826,170.5144571,"[0.37916666666666665, 0.0033333333333333335]","[-0.0225, -0.2733333333333333]","[1.1120827000122517, 2.361714799888432]",170.8764261,,170.8939177,171.5169633,,,1.0,1.0,2026-03-23_23h43.05.586,Week1Train,59.95228993,2026-03-23 23h43.06.216751 +0100,13.910227599999985,10.188788999999986,2.363074499999982,0.6405371999999829,5.0,2.0,2.0,2.0,1.0,6.0,1,1.0,11.552091058878686,11.21935395880648,0.12151341903324074,0.5303410305408308,2,1.0,1.3591023091622492,1.2
141,8,021_Cyan.jpg,True,Cyan,0.0,87.0,100.0,01-1/021_Cyan_0.png,,7.0,5.0,"[(5.0, 2.445416900096461)]",14.0,"[1.3538208999671042, 2.5553756998851895]",8.0,171.8713958,180.5127178,2.0,Cyan,180.8721261,184.4144525,"[0.3575, 0.37, 0.005]","[-0.058333333333333334, -0.004166666666666667, -0.2783333333333333]","[1.1604322001803666, 2.2216501999646425, 3.5390693000517786]",184.7742367,,184.7939822,185.4523742,,,1.0,1.0,2026-03-23_23h43.05.586,Week1Train,59.95228993,2026-03-23 23h43.06.216751 +0100,13.58097840000002,8.641322000000002,3.5423264000000074,0.6781375000000196,5.0,1.0,2.0,2.0,1.0,6.0,1,1.0,11.552091058878686,11.21935395880648,0.2594417708511563,0.5644990617656378,2,1.0,1.3693497185296912,1.2
142,9,014_Red.jpg,True,Red,95.0,0.0,0.0,01-1/014_Red_0.png,,8.0,5.0,"[(5.0, 1.8666853001341224)]",7.0,"[3.143159099854529, 5.1301629999652505, 7.212893399875611]",9.0,185.8000699,197.3631323,3.0,Red,197.7191098,200.8640293,"[0.35333333333333333, 0.04583333333333333]","[-0.0125, -0.2683333333333333]","[1.642366399988532, 3.1426623000297695]",201.2254633,,201.2424538,201.8986101,,,1.0,1.0,2026-03-23_23h43.05.586,Week1Train,59.95228993,2026-03-23 23h43.06.216751 +0100,16.098540200000002,11.563062399999978,3.144919499999986,0.673146800000012,5.0,2.0,2.0,2.0,1.0,6.0,1,1.0,11.552091058878686,11.21935395880648,-0.000977894196187723,0.4997555264704351,2,1.0,1.3499266579411304,1.2
143,10,028_Purple.jpg,True,Purple,66.0,0.0,95.0,01-1/028_Purple_0.png,,9.0,5.0,"[(5.0, 1.4471942998934537)]",23.0,"[5.986461000051349, 6.517282200045884]",10.0,202.2502254,214.4823502,2.0,Purple,214.835283,217.4458429,"[0.3725, 0.0075]","[-0.0016666666666666668, -0.2841666666666667]","[1.214220799971372, 2.608734899898991]",217.8111843,,217.8269442,218.7472324,,,1.0,1.0,2026-03-23_23h43.05.586,Week1Train,59.95228993,2026-03-23 23h43.06.216751 +0100,16.497006999999996,12.232124800000008,2.6105598999999984,0.9360480999999936,5.0,1.0,2.0,2.0,1.0,6.0,1,1.0,11.552091058878686,11.21935395880648,-0.06061255787259828,0.4848514980654943,2,1.0,1.3454554494196482,1.2
144,11,018_Yellow.jpg,True,Yellow,100.0,88.0,0.0,01-1/018_Yellow_0.png,,10.0,5.0,"[(5.0, 1.6987667998764664)]",13.0,"[1.7049304998945445, 2.4606820999179035]",11.0,219.1194967,225.359362,2.0,Yellow,225.7187261,228.4290792,"[0.36666666666666664, -0.024166666666666666]","[-0.02666666666666667, -0.29333333333333333]","[1.4747448998969048, 2.708792199846357]",228.7894159,,228.8078866,229.5637065,,,1.0,1.0,2026-03-23_23h43.05.586,Week1Train,59.95228993,2026-03-23 23h43.06.216751 +0100,10.444209799999982,6.239865299999991,2.710353099999992,0.7742906000000005,5.0,1.0,2.0,2.0,1.0,6.0,1,1.0,11.552091058878686,11.21935395880648,0.4734876694668266,0.6162089080857156,2,1.0,1.3848626724257147,1.2
145,12,007_Blue.jpg,True,Blue,0.0,2.0,97.0,01-1/007_Blue_0.png,,11.0,5.0,"[(5.0, 1.1639005998149514)]",3.0,"[2.1975930999033153, 2.974735999945551]",12.0,229.9159432,235.7473642,2.0,Blue,236.1015874,238.3780142,"[0.37416666666666665, 0.014166666666666666]","[0.0016666666666666668, -0.2866666666666667]","[0.9571066000498831, 2.273419300094247]",238.739893,,238.7586264,239.5159522,,,1.0,1.0,2026-03-23_23h43.05.586,Week1Train,59.95228993,2026-03-23 23h43.06.216751 +0100,9.600009,5.831421000000006,2.276426799999996,0.7760591999999917,5.0,1.0,2.0,2.0,1.0,6.0,1,1.0,11.552091058878686,11.21935395880648,0.5098930009591432,0.62478139106053,2,1.0,1.387434417318159,1.2
146,13,024_Blue.jpg,True,Blue,2.0,2.0,100.0,01-1/024_Blue_0.png,,12.0,5.0,"[(5.0, 1.4971771000418812)]",20.0,"[1.6328549000900239, 2.151451600017026]",13.0,239.8672873,245.4739806,2.0,Blue,245.8353926,248.5279388,"[0.37416666666666665, -0.025833333333333333]","[-0.0008333333333333334, -0.2866666666666667]","[1.2893352000974119, 2.689887500135228]",248.8840894,,248.908291,249.6974061,,,1.0,1.0,2026-03-23_23h43.05.586,Week1Train,59.95228993,2026-03-23 23h43.06.216751 +0100,9.830118800000008,5.606693300000018,2.692546199999981,0.8133167000000014,5.0,1.0,2.0,2.0,1.0,6.0,1,1.0,11.552091058878686,11.21935395880648,0.5299233610694588,0.6294652369762149,2,1.0,1.3888395710928645,1.2
147,14,018_Red.jpg,True,Red,97.0,0.0,11.0,01-1/018_Red_0.png,,13.0,4.0,"[(5.0, 2.999821800040081), (4.0, 5.5005611998494714)]",12.0,"[1.5028324001468718, 2.2927242000587285]",14.0,250.04656,257.5557402,2.0,Red,257.9125922,264.4465299,"[0.37416666666666665, 0.18583333333333332, 0.0175]","[-0.0008333333333333334, -0.0225, -0.30416666666666664]","[2.781559100141749, 5.294411099981517, 6.531391900032759]",264.8135471,,264.8260974,265.5451806,,,1.0,1.0,2026-03-23_23h43.05.586,Week1Train,59.95228993,2026-03-23 23h43.06.216751 +0100,15.498620599999981,7.509180200000003,6.533937699999967,0.7316334999999867,4.0,1.0,2.0,2.0,1.0,6.0,1,0.75,11.552091058878686,11.21935395880648,0.3603514849181895,0.5891255159822404,2,1.0,1.3267376547946723,1.15
148,15,006_Red.jpg,True,Red,98.0,0.0,0.0,01-1/006_Red_0.png,,14.0,5.0,"[(5.0, 1.9137927000410855)]",1.0,"[1.4085574999917299, 2.086074599996209]",15.0,265.8990989,270.6771244,2.0,Red,271.0332809,274.0947755,"[0.34, -0.0016666666666666668]","[-0.020833333333333332, -0.27416666666666667]","[1.6774901999160647, 3.058524699881673]",274.4533562,,274.4745228,275.149085,,,1.0,1.0,2026-03-23_23h43.05.586,Week1Train,59.95228993,2026-03-23 23h43.06.216751 +0100,9.249986100000001,4.7780255000000125,3.061494600000003,0.6957288000000403,5.0,1.0,2.0,2.0,1.0,6.0,1,1.0,11.552091058878686,11.21935395880648,0.6037839240789317,0.6465215305193274,2,1.0,1.3939564591557982,1.2
149,16,006_Yellow.jpg,True,Yellow,100.0,100.0,9.0,01-1/006_Yellow_0.png,,15.0,5.0,"[(5.0, 1.6979441000148654)]",2.0,"[15.082737399963662, 16.274833699921146]",16.0,275.5012347,297.2919623,2.0,Yellow,297.6471265,300.5608154,"[0.36, 0.03833333333333333]","[0.0016666666666666668, -0.2783333333333333]","[1.4926146999932826, 2.91217750008218]",300.9242414,,300.9401665,301.7445557,,,1.0,1.0,2026-03-23_23h43.05.586,Week1Train,59.95228993,2026-03-23 23h43.06.216751 +0100,26.24332099999998,21.790727600000025,2.913688900000011,0.82031429999995,5.0,1.0,2.0,2.0,1.0,6.0,1,1.0,11.552091058878686,11.21935395880648,-0.9125869973185632,0.2864707494175822,2,1.0,1.2859412248252746,1.2
150,17,012_Green.jpg,True,Green,3.0,94.0,4.0,01-1/012_Green_0.png,,16.0,5.0,"[(5.0, 1.7817236999981105)]",6.0,"[2.409379999851808, 4.090407999930903, 5.974169599823654]",17.0,302.1006289,314.0637419,3.0,Green,314.4150108,317.1753866,"[0.3675, 0.015833333333333335]","[0.0, -0.2775]","[1.5578884000424296, 2.7588999001309276]",317.5358,,317.5547544,318.2268753,,,1.0,1.0,2026-03-23_23h43.05.586,Week1Train,59.95228993,2026-03-23 23h43.06.216751 +0100,16.126246400000014,11.963113000000021,2.76037580000002,0.6910753000000227,5.0,2.0,2.0,2.0,1.0,6.0,1,1.0,11.552091058878686,11.21935395880648,-0.03663508100648784,0.49084225396530073,2,1.0,1.3472526761895902,1.2
151,18,016_Green.jpg,True,Green,9.0,100.0,4.0,01-1/016_Green_0.png,,17.0,5.0,"[(5.0, 1.2813114000018686)]",8.0,"[1.283348600147292, 1.9119859000202268]",18.0,318.5810943,323.6997333,2.0,Green,324.0475319,326.3755367,"[0.36833333333333335, 0.0016666666666666668]","[-0.0033333333333333335, -0.31083333333333335]","[1.0224402998574078, 2.3020035000517964]",326.7365972,,326.7550251,327.4126319,,,1.0,1.0,2026-03-23_23h43.05.586,Week1Train,59.95228993,2026-03-23 23h43.06.216751 +0100,8.83153759999999,5.118638999999973,2.328004799999974,0.6760347000000024,5.0,1.0,2.0,2.0,1.0,6.0,1,1.0,11.552091058878686,11.21935395880648,0.5734244665512903,0.6395529768564354,2,1.0,1.3918658930569305,1.2
152,19,018_Green.jpg,True,Green,0.0,98.0,4.0,01-1/018_Green_0.png,,18.0,5.0,"[(5.0, 1.3292815999593586)]",11.0,"[2.647946600103751, 3.547107100021094]",19.0,327.7624339,334.1121,2.0,Green,334.467761,336.8938527,"[0.37416666666666665, 0.041666666666666664]","[0.03333333333333333, -0.25583333333333336]","[1.0937395000364631, 2.423266400117427]",337.2519273,,337.2727536,338.0154047,,,1.0,1.0,2026-03-23_23h43.05.586,Week1Train,59.95228993,2026-03-23 23h43.06.216751 +0100,10.252970799999957,6.349666099999979,2.426091700000029,0.7634773999999993,5.0,1.0,2.0,2.0,1.0,6.0,1,1.0,11.552091058878686,11.21935395880648,0.4637009383945084,0.6138917735334923,2,1.0,1.3841675320600477,1.2
153,20,010_Green.jpg,True,Green,1.0,100.0,11.0,01-1/010_Green_0.png,,19.0,5.0,"[(5.0, 1.2153123999014497)]",5.0,"[1.673333500046283, 2.4252051999792457, 4.858728100080043]",20.0,338.3641801,346.4054054,3.0,Green,346.7596884,348.8908467,"[0.3616666666666667, 0.025]","[-0.035, -0.26]","[0.9632121999748051, 2.130095499800518]",349.2503718,,349.2704722,349.9103988,,,1.0,1.0,2026-03-23_23h43.05.586,Week1Train,59.95228993,2026-03-23 23h43.06.216751 +0100,11.546218699999997,8.041225300000008,2.1311582999999814,0.6600270000000137,5.0,2.0,2.0,2.0,1.0,6.0,1,1.0,11.552091058878686,11.21935395880648,0.31292940500579103,0.5776001341439214,2,1.0,1.3732800402431764,1.2
154,21,016_Yellow.jpg,True,Yellow,98.0,100.0,11.0,01-1/016_Yellow_0.png,,20.0,5.0,"[(5.0, 1.863195699872449)]",10.0,"[2.5051768999546766, 3.1971203999128193]",21.0,350.2623311,359.8763404,2.0,Yellow,360.2317173,363.5081735,"[0.3641666666666667, 0.06416666666666666]","[0.004166666666666667, -0.2758333333333333]","[1.6243219999596477, 3.27364409994334]",363.8655497,,363.8872183,364.6283882,,,1.0,1.0,2026-03-23_23h43.05.586,Week1Train,59.95228993,2026-03-23 23h43.06.216751 +0100,14.366057100000035,9.61400930000002,3.276456199999984,0.7628385000000435,5.0,1.0,2.0,2.0,1.0,6.0,1,1.0,11.552091058878686,11.21935395880648,0.17274450614488318,0.5430790541436039,2,1.0,1.3629237162430812,1.2
155,22,009_Green.jpg,True,Green,2.0,100.0,5.0,01-1/009_Green_0.png,,21.0,5.0,"[(5.0, 1.0631011999212205)]",4.0,"[1.2537726999726146, 1.937208899995312]",22.0,364.975901,369.9453095,2.0,Green,370.2987445,372.4055883,"[0.36916666666666664, 0.0425]","[-0.02666666666666667, -0.305]","[0.8550082999281585, 2.1039088000543416]",372.7739484,,372.7859205,373.8253079,,,1.0,1.0,2026-03-23_23h43.05.586,Week1Train,59.95228993,2026-03-23 23h43.06.216751 +0100,8.849406899999963,4.969408499999986,2.1068437999999787,1.0513594999999896,5.0,1.0,2.0,2.0,1.0,6.0,1,1.0,11.552091058878686,11.21935395880648,0.5867256334944057,0.6426135018001539,2,1.0,1.3927840505400462,1.2
156,23,022_Cyan.jpg,True,Cyan,0.0,96.0,90.0,01-1/022_Cyan_0.png,,22.0,5.0,"[(5.0, 1.2146713000256568)]",17.0,"[4.6678997001145035, 6.796114500146359]",23.0,374.1804733,387.3482152,2.0,Cyan,387.7126528,389.9730799,"[0.36833333333333335, 0.07083333333333333]","[-0.024166666666666666, -0.26916666666666667]","[0.9904511000495404, 2.25768500007689]",390.3333901,,390.3528359,391.0922935,,,1.0,1.0,2026-03-23_23h43.05.586,Week1Train,59.95228993,2026-03-23 23h43.06.216751 +0100,16.911820199999966,13.16774190000001,2.2604271000000153,0.7589034000000083,5.0,1.0,2.0,2.0,1.0,6.0,1,1.0,11.552091058878686,11.21935395880648,-0.14400569293503224,0.4640606633947428,2,1.0,1.3392181990184229,1.2
157,24,023_Red.jpg,True,Red,100.0,0.0,1.0,01-1/023_Red_0.png,,23.0,5.0,"[(5.0, 1.2326984000392258)]",19.0,"[1.368212099885568, 2.543210699921474]",24.0,391.4585291,396.8781696,2.0,Red,397.2288,399.4600778,"[0.37, 0.04666666666666667]","[-0.02, -0.2708333333333333]","[1.0243749001529068, 2.2285935000982136]",399.8163776,,399.8356635,401.1598364,,,1.0,1.0,2026-03-23_23h43.05.586,Week1Train,59.95228993,2026-03-23 23h43.06.216751 +0100,9.701307299999996,5.419640499999957,2.2312778000000435,1.3434588000000076,5.0,1.0,2.0,2.0,1.0,6.0,1,1.0,11.552091058878686,11.21935395880648,0.5465956936018713,0.6333454058406089,2,1.0,1.3900036217521827,1.2
158,25,029_Yellow.jpg,True,Yellow,100.0,94.0,5.0,01-1/029_Yellow_0.png,,24.0,5.0,"[(5.0, 1.3804866999853402)]",24.0,"[5.6263016001321375, 6.571800800040364]",25.0,401.5109405,411.7794926,2.0,Yellow,412.1257577,414.3717806,"[0.3825, 0.07083333333333333]","[-0.005833333333333334, -0.2525]","[1.1341323000378907, 2.2196958002168685]",414.7371357,,414.7510803,415.8930076,,,1.0,1.0,2026-03-23_23h43.05.586,Week1Train,59.95228993,2026-03-23 23h43.06.216751 +0100,14.382067099999972,10.268552100000022,2.246022900000014,1.1558718999999655,5.0,1.0,2.0,2.0,1.0,6.0,1,1.0,11.552091058878686,11.21935395880648,0.11440399898170314,0.5285698457075971,2,1.0,1.358570953712279,1.2
159,1,018_Green.jpg,True,Green,0.0,98.0,4.0,01-1/018_Green_0.png,,0.0,5.0,"[(5.0, 1.263974200002849)]",11.0,"[0.1582164999563247, 7.311925699934363, 8.19871799997054, 8.94342239992693, 9.872650399804115]",1.0,7.076873700134456,20.20263670012355,1.0,Green,20.571386700030416,23.051953100133687,"[0.3575, -0.01]","[-0.035833333333333335, -0.295]","[1.01293609989807, 2.4781038998626173]",23.42767270002514,,23.466064700158316,24.35674490011297,,,1.0,2.0,2026-03-24_22h02.12.952,Week1Train,60.16365723590446,2026-03-24 22h02.14.421982 +0100,17.279871199978516,13.125762999989092,2.480566400103271,0.9290722000878304,5.0,4.0,2.0,2.0,1.0,6.0,1,1.0,11.552091058878686,11.21935395880648,-0.1402640425543553,0.4649913672080855,2,1.0,1.3394974101624255,1.2
160,2,022_Blue.jpg,True,Blue,4.0,0.0,99.0,01-1/022_Blue_0.png,,1.0,5.0,"[(5.0, 1.5144285999704152)]",16.0,"[0.9384717000648379, 1.485680100042373]",2.0,24.708087099948894,29.29893789999187,2.0,Blue,29.65830760006793,32.269180400064215,"[0.3875, 0.04666666666666667]","[-0.0033333333333333335, -0.29083333333333333]","[1.2757502000313252, 2.607510300120339]",32.636978100053966,,32.64877900015563,33.68927159998566,,,1.0,2.0,2026-03-24_22h02.12.952,Week1Train,60.16365723590446,2026-03-24 22h02.14.421982 +0100,8.981184500036765,4.5908508000429755,2.6108727999962866,1.052293499931693,5.0,1.0,2.0,2.0,1.0,6.0,1,1.0,11.552091058878686,11.21935395880648,0.620467121760748,0.6503247806691722,2,1.0,1.3950974342007516,1.2
161,3,012_Green.jpg,True,Green,3.0,94.0,4.0,01-1/012_Green_0.png,,2.0,5.0,"[(5.0, 1.266033599851653)]",6.0,"[1.5936533999629319, 2.03403429989703]",3.0,34.04202440008521,38.91683789994568,2.0,Green,39.27508400008082,42.63467020005919,"[0.3675, 0.055, 0.02666666666666667]","[-0.025833333333333333, -0.24916666666666668, -0.30083333333333334]","[1.0570030000526458, 2.4234215999022126, 3.357120499946177]",42.99727799999528,,43.0150103000924,43.99000720004551,,,1.0,2.0,2026-03-24_22h02.12.952,Week1Train,60.16365723590446,2026-03-24 22h02.14.421982 +0100,9.9479827999603,4.874813499860473,3.3595861999783736,0.9927292000502277,5.0,1.0,2.0,2.0,1.0,6.0,1,1.0,11.552091058878686,11.21935395880648,0.5951570458989731,0.6445475346823449,2,1.0,1.3933642604047034,1.2
162,4,023_Red.jpg,True,Red,100.0,0.0,1.0,01-1/023_Red_0.png,,3.0,5.0,"[(5.0, 1.3806068999692798)]",19.0,"[1.3166445000097156, 2.001413300167769]",4.0,44.34174660011195,48.33970050001517,2.0,Red,48.69171510008164,51.233965900028124,"[0.35333333333333333, 0.015833333333333335]","[0.0025, -0.2816666666666667]","[1.1412064000032842, 2.539553799899295]",51.60026159998961,,51.61471480014734,52.28850260004401,,,1.0,2.0,2026-03-24_22h02.12.952,Week1Train,60.16365723590446,2026-03-24 22h02.14.421982 +0100,7.946755999932066,3.997953899903223,2.542250799946487,0.6882410000544041,5.0,1.0,2.0,2.0,1.0,6.0,1,1.0,11.552091058878686,11.21935395880648,0.6733130255727376,0.6622446036556839,2,1.0,1.3986733810967051,1.2
163,5,029_Yellow.jpg,True,Yellow,100.0,94.0,5.0,01-1/029_Yellow_0.png,,4.0,5.0,"[(5.0, 1.4138680000323802)]",24.0,"[1.1266574999317527, 1.9279358999338]",5.0,52.64033140009269,56.81801900011487,2.0,Yellow,57.173286400036886,59.65257970010862,"[0.3858333333333333, 0.015833333333333335]","[-0.016666666666666666, -0.2816666666666667]","[1.1773601998575032, 2.4763833000324667]",60.01455530012026,,60.03090100013651,60.73811820009723,,,1.0,2.0,2026-03-24_22h02.12.952,Week1Train,60.16365723590446,2026-03-24 22h02.14.421982 +0100,8.097786800004542,4.177687600022182,2.479293300071731,0.7235628999769759,5.0,1.0,2.0,2.0,1.0,6.0,1,1.0,11.552091058878686,11.21935395880648,0.6572930567956693,0.6586520493205347,2,1.0,1.3975956147961603,1.2
164,6,007_Blue.jpg,True,Blue,0.0,2.0,97.0,01-1/007_Blue_0.png,,5.0,5.0,"[(5.0, 1.1968225000891834)]",3.0,"[0.9143523999955505, 1.4028913998045027]",6.0,61.09140660008416,65.69166800007224,2.0,Blue,66.04064780008048,68.30039039999247,"[0.3616666666666667, 0.04666666666666667]","[-0.020833333333333332, -0.2675]","[0.9341929999645799, 2.2338115000166]",68.66233399999328,,68.68038080004044,69.53827490005642,,,1.0,2.0,2026-03-24_22h02.12.952,Week1Train,60.16365723590446,2026-03-24 22h02.14.421982 +0100,8.446868299972259,4.600261399988078,2.259742599911988,0.8759409000631422,5.0,1.0,2.0,2.0,1.0,6.0,1,1.0,11.552091058878686,11.21935395880648,0.6196283390661602,0.6501340153783742,2,1.0,1.3950402046135122,1.2
165,7,024_Green.jpg,True,Green,2.0,100.0,1.0,01-1/024_Green_0.png,,6.0,5.0,"[(5.0, 1.3480062000453472)]",21.0,"[0.7348768999800086, 1.691203699912876]",7.0,69.89030870003626,74.08101389999501,2.0,Green,74.44121440011077,76.55079440004192,"[0.37166666666666665, 0.06166666666666667]","[0.010833333333333334, -0.27166666666666667]","[1.1068102999124676, 2.1072431998327374]",76.91435600002296,,76.93079910008237,77.50550010008737,,,1.0,2.0,2026-03-24_22h02.12.952,Week1Train,60.16365723590446,2026-03-24 22h02.14.421982 +0100,7.615191400051117,4.190705199958757,2.1095799999311566,0.5911441000644118,5.0,1.0,2.0,2.0,1.0,6.0,1,1.0,11.552091058878686,11.21935395880648,0.6561327760892782,0.6583911359579451,2,1.0,1.3975173407873835,1.2
166,8,022_Cyan.jpg,True,Cyan,0.0,96.0,90.0,01-1/022_Cyan_0.png,,7.0,5.0,"[(5.0, 1.1819271000567824)]",17.0,"[0.9035456001292914, 1.4269749999511987]",8.0,77.85438050003722,83.93101119995117,2.0,Cyan,84.29001200012863,86.46769760013558,"[0.355, 0.04]","[0.006666666666666667, -0.28833333333333333]","[0.9429295000154525, 2.1751710998360068]",86.83241100003943,,86.84656640002504,87.4377687999513,,,1.0,2.0,2026-03-24_22h02.12.952,Week1Train,60.16365723590446,2026-03-24 22h02.14.421982 +0100,9.583388299914077,6.076630699913949,2.177685600006953,0.6053577999118716,5.0,1.0,2.0,2.0,1.0,6.0,1,1.0,11.552091058878686,11.21935395880648,0.48803704554368293,0.6196439015373167,2,1.0,1.385893170461195,1.2
167,9,018_Red.jpg,True,Red,97.0,0.0,11.0,01-1/018_Red_0.png,,8.0,5.0,"[(5.0, 1.180229000048712)]",12.0,"[1.5006695999763906, 2.1391392000950873]",9.0,87.7894209001679,92.28177550015972,2.0,Red,92.64020370016806,95.5165440000128,"[0.3625, 0.08583333333333333, 0.03833333333333333]","[-0.03833333333333333, -0.24083333333333334, -0.2675]","[0.9409759000409395, 2.073401999892667, 2.873804199974984]",95.8831019999925,,95.89637530012988,96.95549710001796,,,1.0,2.0,2026-03-24_22h02.12.952,Week1Train,60.16365723590446,2026-03-24 22h02.14.421982 +0100,9.166076199850067,4.4923545999918275,2.876340299844742,1.0723951000254601,5.0,1.0,2.0,2.0,1.0,6.0,1,1.0,11.552091058878686,11.21935395880648,0.6292462547137497,0.652318533099326,2,1.0,1.3956955599297978,1.2
168,10,021_Yellow.jpg,True,Yellow,99.0,88.0,0.0,01-1/021_Yellow_0.png,,9.0,5.0,"[(5.0, 1.0481708999723196)]",15.0,"[1.470752299996093, 2.8169738000724465]",10.0,97.3065673999954,102.14002680010162,2.0,Yellow,102.4906812000554,104.3985617000144,"[0.38, 0.0075]","[0.0008333333333333334, -0.2633333333333333]","[0.8057413999922574, 1.9054480998311192]",104.76149860001168,,104.77948050014676,105.33930150000378,,,1.0,2.0,2026-03-24_22h02.12.952,Week1Train,60.16365723590446,2026-03-24 22h02.14.421982 +0100,8.032734100008383,4.833459400106221,1.907880499958992,0.5778028999921077,5.0,1.0,2.0,2.0,1.0,6.0,1,1.0,11.552091058878686,11.21935395880648,0.5988430067756946,0.6453915598233393,2,1.0,1.3936174679470017,1.2
169,11,006_Red.jpg,True,Red,98.0,0.0,0.0,01-1/006_Red_0.png,,10.0,5.0,"[(5.0, 1.1132990999612957)]",1.0,"[1.023023199988529, 1.737167099956423]",11.0,105.68768099998124,109.35667200013997,2.0,Red,109.70714569999836,111.91543780011123,"[0.3491666666666667, 0.03916666666666667]","[0.0008333333333333334, -0.2633333333333333]","[0.9057127998676151, 2.2054356997832656]",112.28116290015168,,112.29680020012891,113.03543419996276,,,1.0,2.0,2026-03-24_22h02.12.952,Week1Train,60.16365723590446,2026-03-24 22h02.14.421982 +0100,7.3477531999815255,3.6689910001587265,2.208292100112871,0.7542712998110801,5.0,1.0,2.0,2.0,1.0,6.0,1,1.0,11.552091058878686,11.21935395880648,0.7026340453883467,0.6687715149957141,2,1.0,1.4006314544987142,1.2
170,12,014_Red.jpg,True,Red,95.0,0.0,0.0,01-1/014_Red_0.png,,11.0,5.0,"[(5.0, 1.3476863000541925)]",7.0,"[1.0062655000947416, 1.6910954001359642]",12.0,113.38950130017474,117.12884490005672,2.0,Red,117.48929770011456,119.732232300099,"[0.35583333333333333, 0.055]","[-0.010833333333333334, -0.29583333333333334]","[1.140618700068444, 2.2407014998607337]",120.09480140008964,,120.1129523999989,120.96993970009498,,,1.0,2.0,2026-03-24_22h02.12.952,Week1Train,60.16365723590446,2026-03-24 22h02.14.421982 +0100,7.58043839992024,3.739343599881977,2.2429345999844372,0.8751383000053465,5.0,1.0,2.0,2.0,1.0,6.0,1,1.0,11.552091058878686,11.21935395880648,0.6963633991477913,0.6673809983848277,2,1.0,1.4002142995154483,1.2
171,13,022_Yellow.jpg,True,Yellow,98.0,91.0,2.0,01-1/022_Yellow_0.png,,12.0,5.0,"[(5.0, 1.6142039999831468)]",18.0,"[1.0520216999575496, 2.0380792000796646]",13.0,121.32246350008064,125.07829089998268,2.0,Yellow,125.43764100014232,127.91476460010745,"[0.35833333333333334, 0.0525]","[-0.03333333333333333, -0.29333333333333333]","[1.3758696001023054, 2.4740558001212776]",128.29368839995004,,128.3116967000533,129.06915049999952,,,1.0,2.0,2026-03-24_22h02.12.952,Week1Train,60.16365723590446,2026-03-24 22h02.14.421982 +0100,7.746686999918879,3.7558273999020315,2.4771235999651253,0.7754621000494808,5.0,1.0,2.0,2.0,1.0,6.0,1,1.0,11.552091058878686,11.21935395880648,0.6948941701636112,0.6670547734767911,2,1.0,1.4001164320430373,1.2
172,14,016_Green.jpg,True,Green,9.0,100.0,4.0,01-1/016_Green_0.png,,13.0,5.0,"[(5.0, 1.797988399863243)]",8.0,"[1.4475885001011193, 2.1208154000341892]",14.0,129.41895610000938,134.1466365000233,2.0,Green,134.50414920016192,137.56566169997677,"[0.37333333333333335, 0.0475]","[-0.018333333333333333, -0.32916666666666666]","[1.5918245001230389, 3.0587371001020074]",137.92720080004074,,137.94488620013,138.50343340006657,,,1.0,2.0,2026-03-24_22h02.12.952,Week1Train,60.16365723590446,2026-03-24 22h02.14.421982 +0100,9.084477300057188,4.727680400013924,3.061512499814853,0.5762326000258327,5.0,1.0,2.0,2.0,1.0,6.0,1,1.0,11.552091058878686,11.21935395880648,0.608271268017891,0.6475463541628467,2,1.0,1.394263906248854,1.2
173,15,006_Blue.jpg,True,Blue,2.0,6.0,100.0,01-1/006_Blue_0.png,,14.0,5.0,"[(5.0, 1.0495253999251872)]",0.0,"[1.1779427002184093, 1.8498876001685858]",15.0,138.8538063999731,142.96642830013295,2.0,Blue,143.32034810003825,146.36374259996228,"[0.3541666666666667, 0.06416666666666666, 0.0575]","[0.010833333333333334, -0.24416666666666667, -0.26166666666666666]","[0.8081741998903453, 1.9409856998827308, 3.0410815998911858]",146.7311007999815,,146.744295099983,147.3844455999788,,,1.0,2.0,2026-03-24_22h02.12.952,Week1Train,60.16365723590446,2026-03-24 22h02.14.421982 +0100,8.53063920000568,4.112621900159837,3.043394499924034,0.653344799997285,5.0,1.0,2.0,2.0,1.0,6.0,1,1.0,11.552091058878686,11.21935395880648,0.6630924727068922,0.6599547270273437,2,1.0,1.3979864181082031,1.2
174,16,016_Purple.jpg,True,Purple,64.0,0.0,92.0,01-1/016_Purple_0.png,,15.0,5.0,"[(5.0, 1.113841800019145)]",9.0,"[1.544537799898535, 2.2428076998330653]",16.0,147.73661829996854,153.0702724000439,2.0,Purple,153.42160740005784,155.3312077999581,"[0.4125, 0.010833333333333334]","[-0.03333333333333333, -0.2658333333333333]","[0.8749873999040574, 1.9064867999404669]",155.70086380001158,,155.71132849995047,156.66937460005283,,,1.0,2.0,2026-03-24_22h02.12.952,Week1Train,60.16365723590446,2026-03-24 22h02.14.421982 +0100,8.932756300084293,5.333654100075364,1.9096003999002562,0.9685108000412583,5.0,1.0,2.0,2.0,1.0,6.0,1,1.0,11.552091058878686,11.21935395880648,0.5542598069046787,0.635123332890191,2,1.0,1.3905369998670571,1.2
175,17,009_Green.jpg,True,Green,2.0,100.0,5.0,01-1/009_Green_0.png,,16.0,5.0,"[(5.0, 1.1795181999914348)]",4.0,"[2.2820331999100745, 4.094444700051099]",17.0,157.02089020004496,163.51540970010683,2.0,Green,163.87112949998118,166.11392090003935,"[0.38, 0.0275]","[-0.0008333333333333334, -0.28583333333333333]","[0.9415052998811007, 2.2405198998749256]",166.47959070000798,,166.4949330999516,167.05042440001853,,,1.0,2.0,2026-03-24_22h02.12.952,Week1Train,60.16365723590446,2026-03-24 22h02.14.421982 +0100,10.029534199973568,6.49451950006187,2.2427914000581666,0.570833700010553,5.0,1.0,2.0,2.0,1.0,6.0,1,1.0,11.552091058878686,11.21935395880648,0.45078990977434524,0.6108270256537711,2,1.0,1.3832481076961314,1.2
176,18,016_Yellow.jpg,True,Yellow,98.0,100.0,11.0,01-1/016_Yellow_0.png,,17.0,5.0,"[(5.0, 1.2149203000590205)]",10.0,"[1.324771299958229, 2.327441900037229]",18.0,167.40398679999635,172.16769010014832,2.0,Yellow,172.52152770012617,174.82931630010717,"[0.34, 0.005833333333333334]","[-0.03666666666666667, -0.2975]","[1.005190399941057, 2.305117999901995]",175.19572419999167,,175.21088100015186,175.93349379999563,,,1.0,2.0,2026-03-24_22h02.12.952,Week1Train,60.16365723590446,2026-03-24 22h02.14.421982 +0100,8.529506999999285,4.763703300151974,2.307788599980995,0.7377696000039577,5.0,1.0,2.0,2.0,1.0,6.0,1,1.0,11.552091058878686,11.21935395880648,0.6050604859826406,0.6468132104542931,2,1.0,1.3940439631362878,1.2
177,19,028_Purple.jpg,True,Purple,66.0,0.0,95.0,01-1/028_Purple_0.png,,18.0,5.0,"[(5.0, 1.2787455001380295)]",23.0,"[2.7842794000171125, 3.3203318999148905]",19.0,176.28578130016103,182.42033400014043,2.0,Purple,182.7709944001399,185.11397429998036,"[0.37666666666666665, -0.04]","[-0.0125, -0.2525]","[1.0421722999308258, 2.3397877998650074]",185.4764519000892,,185.4935191001277,186.03260140004568,,,1.0,2.0,2026-03-24_22h02.12.952,Week1Train,60.16365723590446,2026-03-24 22h02.14.421982 +0100,9.746820099884644,6.134552699979395,2.342979899840458,0.55614949995649,5.0,1.0,2.0,2.0,1.0,6.0,1,1.0,11.552091058878686,11.21935395880648,0.48287435968154546,0.6184263828435503,2,1.0,1.385527914853065,1.2
178,20,018_Yellow.jpg,True,Yellow,100.0,88.0,0.0,01-1/018_Yellow_0.png,,19.0,5.0,"[(5.0, 2.2309417000506073)]",13.0,"[1.3864331999793649, 2.6889006001874804]",20.0,186.3855977000203,191.7111396000255,2.0,Yellow,192.0683832000941,195.3294007000513,"[0.3525, 0.355, 0.021666666666666667]","[-0.049166666666666664, -0.024166666666666666, -0.2825]","[0.9425818999297917, 1.9911400000564754, 3.2581263000611216]",195.6928197001107,,195.70973989996128,196.33416800014675,,,1.0,2.0,2026-03-24_22h02.12.952,Week1Train,60.16365723590446,2026-03-24 22h02.14.421982 +0100,9.948570300126448,5.325541900005192,3.2610174999572052,0.6413483000360429,5.0,1.0,2.0,2.0,1.0,6.0,1,1.0,11.552091058878686,11.21935395880648,0.5549828610216945,0.6352908782928146,2,1.0,1.3905872634878442,1.2
179,21,006_Yellow.jpg,True,Yellow,100.0,100.0,9.0,01-1/006_Yellow_0.png,,20.0,5.0,"[(5.0, 1.097911300137639)]",2.0,"[1.5355565999634564, 3.2894919000100344]",21.0,196.68404199997892,203.07109780004248,2.0,Yellow,203.4189681999851,205.37901010015048,"[0.3616666666666667, 0.06583333333333333]","[-0.02, -0.2925]","[0.8386999999638647, 1.934671999886632]",205.7401054999791,,205.7592299999669,206.7323078000918,,,1.0,2.0,2026-03-24_22h02.12.952,Week1Train,60.16365723590446,2026-03-24 22h02.14.421982 +0100,10.048265800112887,6.387055800063564,1.960041900165379,0.9922023001126945,5.0,1.0,2.0,2.0,1.0,6.0,1,1.0,11.552091058878686,11.21935395880648,0.46036833116945186,0.613101550892754,2,1.0,1.3839304652678261,1.2
180,22,024_Blue.jpg,True,Blue,2.0,2.0,100.0,01-1/024_Blue_0.png,,21.0,5.0,"[(5.0, 1.2469436000101268)]",20.0,"[1.2030771998688579, 1.9601330999284983]",22.0,207.0856711999513,212.4962755001616,2.0,Blue,212.85317300003956,215.06147189997137,"[0.36666666666666664, 0.0775]","[-0.029166666666666667, -0.2941666666666667]","[1.0093109000008553, 2.2057215999811888]",215.42841530009173,,215.44198310002685,216.1813768001739,,,1.0,2.0,2026-03-24_22h02.12.952,Week1Train,60.16365723590446,2026-03-24 22h02.14.421982 +0100,9.095705600222601,5.410604300210309,2.2082988999318047,0.752961500082165,5.0,1.0,2.0,2.0,1.0,6.0,1,1.0,11.552091058878686,11.21935395880648,0.5474011053771684,0.6335324176650666,2,1.0,1.39005972529952,1.2
181,23,025_Cyan.jpg,True,Cyan,7.0,100.0,99.0,01-1/025_Cyan_0.png,,22.0,5.0,"[(5.0, 1.330603800015524)]",22.0,"[1.211489100009203, 2.0756168998777866]",23.0,216.53435420012104,223.30150289996527,2.0,Cyan,223.6511019000318,226.97900720010512,"[0.37666666666666665, 0.020833333333333332]","[-0.035, -0.2683333333333333]","[1.0917466999962926, 3.325066599994898]",227.34094400005412,,227.358212799998,228.01575840008445,,,1.0,2.0,2026-03-24_22h02.12.952,Week1Train,60.16365723590446,2026-03-24 22h02.14.421982 +0100,11.481404199963407,6.767148699844228,3.3279053000733256,0.6748144000303284,5.0,1.0,2.0,2.0,1.0,6.0,1,1.0,11.552091058878686,11.21935395880648,0.42649000794547376,0.6050352040134935,2,1.0,1.381510561204048,1.2
182,24,010_Green.jpg,True,Green,1.0,100.0,11.0,01-1/010_Green_0.png,,23.0,5.0,"[(5.0, 1.9477021999191493)]",5.0,"[1.2934335998725146, 1.8326926999725401]",24.0,228.36812920006923,238.7668721000664,2.0,Green,239.1184723000042,242.14504860015583,"[0.36333333333333334, 0.0675]","[0.0016666666666666668, -0.27166666666666667]","[1.708854499971494, 3.02385969995521]",242.50715239997956,,242.5249581001699,243.17828170000573,,,1.0,2.0,2026-03-24_22h02.12.952,Week1Train,60.16365723590446,2026-03-24 22h02.14.421982 +0100,14.810152499936493,10.39874289999716,3.0265763001516177,0.6711293000261662,5.0,1.0,2.0,2.0,1.0,6.0,1,1.0,11.552091058878686,11.21935395880648,0.10279987271247655,0.525677359363798,2,1.0,1.3577032078091393,1.2
183,25,021_Cyan.jpg,True,Cyan,0.0,87.0,100.0,01-1/021_Cyan_0.png,,24.0,5.0,"[(5.0, 1.2480371000710875)]",14.0,"[1.1837966998573393, 2.2674781000241637]",25.0,243.5337496001739,248.60224379994904,2.0,Cyan,248.95003730012104,251.0603464001324,"[0.35083333333333333, 0.02666666666666667]","[0.011666666666666667, -0.2708333333333333]","[0.9852123002056032, 2.083805900067091]",251.42470530001447,,251.44100170000456,252.09661280014552,,,1.0,2.0,2026-03-24_22h02.12.952,Week1Train,60.16365723590446,2026-03-24 22h02.14.421982 +0100,8.562863199971616,5.068494199775131,2.1103091000113636,0.6719075001310557,5.0,1.0,2.0,2.0,1.0,6.0,1,1.0,11.552091058878686,11.21935395880648,0.5778939574336491,0.6405826621325464,2,1.0,1.392174798639764,1.2
184,1,016_Yellow.jpg,True,Yellow,98.0,100.0,11.0,01-1/016_Yellow_0.png,,0.0,5.0,"[(5.0, 1.4985768001060933)]",10.0,"[4.356644900050014, 5.44554950017482]",1.0,4.488759400090203,14.679996600141749,2.0,Yellow,15.041920700110497,17.659158500144258,"[0.3675, 0.020833333333333332]","[-0.035833333333333335, -0.3283333333333333]","[1.2818553000688553, 2.6146050998941064]",18.033303500153124,,18.05680710007437,19.397551000118256,,,1.0,3.0,2026-03-24_22h09.02.530,Week1Train,59.9507804392701,2026-03-24 22h09.03.889778 +0100,14.908791600028053,10.191237200051546,2.6172378000337613,1.3642474999651313,5.0,1.0,2.0,2.0,1.0,6.0,1,1.0,11.552091058878686,11.21935395880648,0.12129520682061697,0.5302866780094259,2,1.0,1.3590860034028276,1.2
185,2,029_Yellow.jpg,True,Yellow,100.0,94.0,5.0,01-1/029_Yellow_0.png,,1.0,5.0,"[(5.0, 1.2982419000472873)]",24.0,"[1.5181959001347423, 2.2403681001160294]",2.0,19.749295599991456,25.03718909993768,2.0,Yellow,25.399264600127932,27.72665540012531,"[0.39, 0.015833333333333335]","[-0.018333333333333333, -0.2975]","[1.090495300013572, 2.3250063001178205]",28.086691200034693,,28.106248799944296,29.064437800087035,,,1.0,3.0,2026-03-24_22h09.02.530,Week1Train,59.9507804392701,2026-03-24 22h09.03.889778 +0100,9.315142200095579,5.287893499946225,2.327390799997378,0.9777466000523418,5.0,1.0,2.0,2.0,1.0,6.0,1,1.0,11.552091058878686,11.21935395880648,0.5583385266150253,0.6360680203127198,2,1.0,1.3908204060938159,1.2
186,3,022_Yellow.jpg,True,Yellow,98.0,91.0,2.0,01-1/022_Yellow_0.png,,2.0,5.0,"[(5.0, 1.3482636997941881)]",18.0,"[1.032799999928102, 1.835434899898246]",3.0,29.41362400003709,33.66374929994345,2.0,Yellow,34.01547170011327,36.291888599982485,"[0.3575, 0.04083333333333333]","[-0.0075, -0.3]","[1.1070634999778122, 2.2738029998727143]",36.65290630003437,,36.67290430003777,37.37962869997136,,,1.0,3.0,2026-03-24_22h09.02.530,Week1Train,59.9507804392701,2026-03-24 22h09.03.889778 +0100,7.966004699934274,4.250125299906358,2.2764168998692185,0.726722399936996,5.0,1.0,2.0,2.0,1.0,6.0,1,1.0,11.552091058878686,11.21935395880648,0.6508365620500589,0.6571989552503066,2,1.0,1.397159686575092,1.2
187,4,018_Yellow.jpg,True,Yellow,100.0,88.0,0.0,01-1/018_Yellow_0.png,,3.0,5.0,"[(5.0, 1.1645128999371082)]",13.0,"[0.9987522000446916, 1.932661100057885]",4.0,37.73077170015313,42.401781199965626,2.0,Yellow,42.76542229996994,45.02548309997656,"[0.37083333333333335, 0.07833333333333334]","[-0.004166666666666667, -0.29583333333333334]","[0.9569093000609428, 2.2578074999619275]",45.38434750004672,,45.40552889998071,46.062371799955145,,,1.0,3.0,2026-03-24_22h09.02.530,Week1Train,59.9507804392701,2026-03-24 22h09.03.889778 +0100,8.331600099802017,4.671009499812499,2.2600608000066202,0.6780242999084223,5.0,1.0,2.0,2.0,1.0,6.0,1,1.0,11.552091058878686,11.21935395880648,0.613322441232454,0.6486983228052025,2,1.0,1.3946094968415608,1.2
188,5,025_Cyan.jpg,True,Cyan,7.0,100.0,99.0,01-1/025_Cyan_0.png,,4.0,5.0,"[(5.0, 1.2478454001247883)]",22.0,"[1.2444650998804718, 20.523580399807543]",5.0,46.4134259999264,71.13299269997515,2.0,Cyan,71.47967860009521,73.92486279993318,"[0.3616666666666667, 0.050833333333333335]","[-0.0175, -0.2841666666666667]","[0.9710648998152465, 2.400623699882999]",74.28805329999886,,74.30431760009378,75.24364300002344,,,1.0,3.0,2026-03-24_22h09.02.530,Week1Train,59.9507804392701,2026-03-24 22h09.03.889778 +0100,28.830217000097036,24.719566700048745,2.4451841998379678,0.955589700024575,5.0,1.0,2.0,2.0,1.0,6.0,1,1.0,11.552091058878686,11.21935395880648,-1.173639381511306,0.23619777907836365,2,1.0,1.270859333723509,1.2
189,6,006_Red.jpg,True,Red,98.0,0.0,0.0,01-1/006_Red_0.png,,5.0,5.0,"[(5.0, 2.3810696001164615)]",1.0,"[9.894317999947816, 11.062041800003499]",6.0,75.59721049992368,88.85694260010496,2.0,Red,89.2133719001431,93.02445359993726,"[0.36833333333333335, 0.3475, -0.013333333333333334]","[-0.05416666666666667, 0.009166666666666667, -0.2966666666666667]","[1.1407939000055194, 2.14166389987804, 3.808623999822885]",93.38792690006083,,93.40412469999865,94.14336350001396,,,1.0,3.0,2026-03-24_22h09.02.530,Week1Train,59.9507804392701,2026-03-24 22h09.03.889778 +0100,18.546153000090285,13.259732100181282,3.8110816997941583,0.7554365999531285,5.0,1.0,2.0,2.0,1.0,6.0,1,1.0,11.552091058878686,11.21935395880648,-0.1522049351123472,0.46202205543442926,2,1.0,1.3386066166303288,1.2
190,7,028_Purple.jpg,True,Purple,66.0,0.0,95.0,01-1/028_Purple_0.png,,6.0,4.0,"[(5.0, 1.7813486999366432), (4.0, 3.780894299969077)]",23.0,"[1.0975676998496056, 2.0533189999405295, 3.3931024000048637, 4.042798399925232]",7.0,94.4963936000131,105.43816690007225,0.0,Purple,105.79588859993964,110.63930619996972,"[0.36666666666666664, 0.15, 0.013333333333333334]","[-0.016666666666666666, -0.023333333333333334, -0.28583333333333333]","[1.5740104999858886, 3.574080799939111, 4.840789400041103]",111.0045456001535,,111.01984700001776,111.62702929996884,,,1.0,3.0,2026-03-24_22h09.02.530,Week1Train,59.9507804392701,2026-03-24 22h09.03.889778 +0100,17.130635699955732,10.94177330005914,4.8434176000300795,0.6224836998153336,4.0,3.0,2.0,2.0,1.0,6.0,1,0.75,11.552091058878686,11.21935395880648,0.05439865441989068,0.5135963109046437,2,1.0,1.304078893271393,1.15
191,8,024_Green.jpg,True,Green,2.0,100.0,1.0,01-1/024_Green_0.png,,7.0,5.0,"[(5.0, 1.1143787000328302)]",21.0,"[1.136556499870494, 2.07284180005081]",8.0,111.97876730002464,117.07542060012928,2.0,Green,117.42799110012128,119.30705719999968,"[0.35583333333333333, 0.03916666666666667]","[0.0016666666666666668, -0.27416666666666667]","[0.8770215001422912, 1.8765366000588983]",119.67215010011569,,119.68616580008528,120.327669700142,,,1.0,3.0,2026-03-24_22h09.02.530,Week1Train,59.9507804392701,2026-03-24 22h09.03.889778 +0100,8.348902400117353,5.096653300104634,1.8790660998784006,0.6555196000263095,5.0,1.0,2.0,2.0,1.0,6.0,1,1.0,11.552091058878686,11.21935395880648,0.5753840891798359,0.6400045951484229,2,1.0,1.3920013785445269,1.2
192,9,018_Green.jpg,True,Green,0.0,98.0,4.0,01-1/018_Green_0.png,,8.0,5.0,"[(5.0, 1.1814838000573218)]",11.0,"[1.0277398000471294, 2.08469510008581]",9.0,120.67999890004285,125.26636469992808,2.0,Green,125.6275480000768,128.30516030010767,"[0.39416666666666667, 0.0033333333333333335]","[-0.015833333333333335, -0.30416666666666664]","[0.9752754000946879, 2.6751411000732332]",128.66625449992716,,128.68591760005802,129.60995640000328,,,1.0,3.0,2026-03-24_22h09.02.530,Week1Train,59.9507804392701,2026-03-24 22h09.03.889778 +0100,8.929957499960437,4.586365799885229,2.677612300030873,0.9437019000761211,5.0,1.0,2.0,2.0,1.0,6.0,1,1.0,11.552091058878686,11.21935395880648,0.6208668774128305,0.6504156806243033,2,1.0,1.395124704187291,1.2
193,10,023_Red.jpg,True,Red,100.0,0.0,1.0,01-1/023_Red_0.png,,9.0,5.0,"[(5.0, 1.4140070001594722)]",19.0,"[1.3778613000176847, 2.033203699858859]",10.0,129.96074800007045,135.84332989994437,2.0,Red,136.19493789994158,138.83833219995722,"[0.3616666666666667, 0.0475]","[-0.023333333333333334, -0.2683333333333333]","[1.1758477999828756, 2.6409670000430197]",139.20170390000567,,139.21953819994815,140.32612400013022,,,1.0,3.0,2026-03-24_22h09.02.530,Week1Train,59.9507804392701,2026-03-24 22h09.03.889778 +0100,10.365376000059769,5.882581899873912,2.6433943000156432,1.1244201001245528,5.0,1.0,2.0,2.0,1.0,6.0,1,1.0,11.552091058878686,11.21935395880648,0.5053329433959581,0.6237117717988236,2,1.0,1.387113531539647,1.2
194,11,012_Green.jpg,True,Green,3.0,94.0,4.0,01-1/012_Green_0.png,,10.0,5.0,"[(5.0, 1.2134836001787335)]",6.0,"[1.0411169999279082, 1.971388699952513]",11.0,140.67739200009964,146.2442817999981,2.0,Green,146.5949767001439,148.73808940011077,"[0.3491666666666667, 0.045]","[-0.009166666666666667, -0.295]","[0.9747615000233054, 2.14060220005922]",149.10175139992498,,149.11847839993425,149.77604850009084,,,1.0,3.0,2026-03-24_22h09.02.530,Week1Train,59.9507804392701,2026-03-24 22h09.03.889778 +0100,9.098656499991193,5.566889799898462,2.1431126999668777,0.6742971001658589,5.0,1.0,2.0,2.0,1.0,6.0,1,1.0,11.552091058878686,11.21935395880648,0.5334711143757276,0.6302923297711344,2,1.0,1.3890876989313403,1.2
195,12,014_Red.jpg,True,Red,95.0,0.0,0.0,01-1/014_Red_0.png,,11.0,5.0,"[(5.0, 2.0639984000008553)]",7.0,"[2.323504899861291, 2.8455993998795748, 6.160989299882203, 6.677546099992469, 7.172816099831834, 8.632524099899456, 9.69553369982168, 10.497404600027949]",12.0,150.12709209998138,185.06215359992348,0.0,Red,185.40951970010065,189.00380890001543,"[0.36833333333333335, 0.03166666666666667]","[-0.004166666666666667, -0.2791666666666667]","[1.784145399928093, 3.551095699891448]",189.36361539992504,,189.38401379995048,190.05734629998915,,,1.0,3.0,2026-03-24_22h09.02.530,Week1Train,59.9507804392701,2026-03-24 22h09.03.889778 +0100,39.93025420000777,34.935061499942094,3.5942891999147832,0.6937309000641108,5.0,7.0,2.0,2.0,1.0,6.0,1,1.0,11.552091058878686,11.21935395880648,-2.0841637162814766,0.11064557926446353,2,1.0,1.233193673779339,1.2
196,13,021_Yellow.jpg,True,Yellow,99.0,88.0,0.0,01-1/021_Yellow_0.png,,12.0,5.0,"[(5.0, 1.2319377998355776)]",15.0,"[2.7986743000801653, 3.735651600174606]",13.0,190.4081963000353,196.60632560006343,2.0,Yellow,196.9595324001275,199.15367090003565,"[0.3641666666666667, 0.015]","[0.0033333333333333335, -0.27416666666666667]","[1.023574799997732, 2.191162000177428]",199.51519330008887,,199.53307210002092,200.1738579000812,,,1.0,3.0,2026-03-24_22h09.02.530,Week1Train,59.9507804392701,2026-03-24 22h09.03.889778 +0100,9.765661600045888,6.198129300028114,2.1941384999081492,0.6586645999923348,5.0,1.0,2.0,2.0,1.0,6.0,1,1.0,11.552091058878686,11.21935395880648,0.4772076697560693,0.6170882902072281,2,1.0,1.3851264870621685,1.2
197,14,010_Green.jpg,True,Green,1.0,100.0,11.0,01-1/010_Green_0.png,,13.0,5.0,"[(5.0, 1.083072799956426)]",5.0,"[1.372290699975565, 2.206767600029707]",14.0,200.5258937999606,205.16295400005765,2.0,Green,205.52502940013076,207.56916079996157,"[0.35083333333333333, 0.05]","[0.006666666666666667, -0.275]","[0.8749474999494851, 2.041236500022933]",207.93225569999777,,207.94985900004397,208.75491570006125,,,1.0,3.0,2026-03-24_22h09.02.530,Week1Train,59.9507804392701,2026-03-24 22h09.03.889778 +0100,8.229021900100634,4.637060200097039,2.0441313998308033,0.822660000063479,5.0,1.0,2.0,2.0,1.0,6.0,1,1.0,11.552091058878686,11.21935395880648,0.6163483997537832,0.6493875942210623,2,1.0,1.3948162782663187,1.2
198,15,006_Blue.jpg,True,Blue,2.0,6.0,100.0,01-1/006_Blue_0.png,,14.0,5.0,"[(5.0, 1.3144561999943107)]",0.0,"[2.2234499999321997, 2.8747328999452293]",15.0,209.10962920007296,214.5694224999752,2.0,Blue,214.92515080003068,217.40193250007,"[0.38416666666666666, 0.05333333333333334]","[0.0025, -0.275]","[1.074050199938938, 2.4738561999984086]",217.7649916000664,,217.78273470001292,218.510296799941,,,1.0,3.0,2026-03-24_22h09.02.530,Week1Train,59.9507804392701,2026-03-24 22h09.03.889778 +0100,9.40066759986803,5.4597932999022305,2.476781700039311,0.7453051998745934,5.0,1.0,2.0,2.0,1.0,6.0,1,1.0,11.552091058878686,11.21935395880648,0.5430168066133959,0.632513924354358,2,1.0,1.3897541773063073,1.2
199,16,022_Blue.jpg,True,Blue,4.0,0.0,99.0,01-1/022_Blue_0.png,,15.0,5.0,"[(5.0, 1.1985009999480098)]",16.0,"[3.707995600067079, 5.577518400037661]",16.0,218.8572897000704,228.55318160005845,2.0,Blue,228.90639790007845,231.0682860999368,"[0.36083333333333334, 0.05416666666666667]","[0.009166666666666667, -0.2891666666666667]","[0.9599098998587579, 2.158826499944553]",231.42883640015495,,231.44861349998973,232.2877625999972,,,1.0,3.0,2026-03-24_22h09.02.530,Week1Train,59.9507804392701,2026-03-24 22h09.03.889778 +0100,13.430472899926798,9.695891899988055,2.1618881998583674,0.8589261998422444,5.0,1.0,2.0,2.0,1.0,6.0,1,1.0,11.552091058878686,11.21935395880648,0.1654461714735038,0.5412674532253587,2,1.0,1.3623802359676076,1.2
200,17,022_Cyan.jpg,True,Cyan,0.0,96.0,90.0,01-1/022_Cyan_0.png,,16.0,5.0,"[(5.0, 1.930318299913779)]",17.0,"[2.3243344000075012, 4.576191400177777]",17.0,232.64135439996608,246.44231069996025,2.0,Cyan,246.79119989997707,249.7501320999581,"[0.37166666666666665, 0.07083333333333333]","[-0.0033333333333333335, -0.2608333333333333]","[1.6522474000230432, 2.9168873000890017]",250.11320549994707,,250.1315768000204,250.82818339997905,,,1.0,3.0,2026-03-24_22h09.02.530,Week1Train,59.9507804392701,2026-03-24 22h09.03.889778 +0100,18.186829000012978,13.80095629999417,2.958932199981035,0.7149779000319825,5.0,1.0,2.0,2.0,1.0,6.0,1,1.0,11.552091058878686,11.21935395880648,-0.2004451637208814,0.45005581973518377,2,1.0,1.335016745920555,1.2
201,18,016_Green.jpg,True,Green,9.0,100.0,4.0,01-1/016_Green_0.png,,17.0,5.0,"[(5.0, 1.1817511999979615)]",8.0,"[1.4262161999940872, 2.3648287998512387]",18.0,251.18875690014104,255.78027480002493,2.0,Green,256.138723900076,258.4162534000352,"[0.3641666666666667, 0.020833333333333332]","[-0.018333333333333333, -0.2825]","[0.9462584001012146, 2.2753010001033545]",258.7795178000815,,258.79758380004205,259.4209309001453,,,1.0,3.0,2026-03-24_22h09.02.530,Week1Train,59.9507804392701,2026-03-24 22h09.03.889778 +0100,8.232174000004278,4.591517899883883,2.2775294999592006,0.6414131000638008,5.0,1.0,2.0,2.0,1.0,6.0,1,1.0,11.552091058878686,11.21935395880648,0.620407662023284,0.6503112592577289,2,1.0,1.3950933777773187,1.2
202,19,024_Blue.jpg,True,Blue,2.0,2.0,100.0,01-1/024_Blue_0.png,,18.0,5.0,"[(5.0, 1.7142845001071692)]",20.0,"[1.1800275000277907, 1.7776081999763846]",19.0,259.77152279997244,264.5036548001226,2.0,Blue,264.8567995999474,267.5999233999755,"[0.3883333333333333, 0.06916666666666667]","[-0.005, -0.28583333333333333]","[1.5074576998595148, 2.7407062998972833]",267.9601499999408,,267.98075430002064,268.80415540002286,,,1.0,3.0,2026-03-24_22h09.02.530,Week1Train,59.9507804392701,2026-03-24 22h09.03.889778 +0100,9.03263260005042,4.732132000150159,2.7431238000281155,0.8440054000820396,5.0,1.0,2.0,2.0,1.0,6.0,1,1.0,11.552091058878686,11.21935395880648,0.6078744893662342,0.6474557920414539,2,1.0,1.394236737612436,1.2
203,20,018_Red.jpg,True,Red,97.0,0.0,11.0,01-1/018_Red_0.png,,19.0,5.0,"[(5.0, 1.231506499927491)]",12.0,"[1.9032830998767167, 2.486708699958399]",20.0,269.1547725000419,274.0151770000812,2.0,Red,274.3731561000459,276.5016129999421,"[0.3775, 0.051666666666666666]","[-0.0275, -0.2808333333333333]","[1.0240124000702053, 2.1260337000712752]",276.8616094000172,,276.8807568999473,277.5706851000432,,,1.0,3.0,2026-03-24_22h09.02.530,Week1Train,59.9507804392701,2026-03-24 22h09.03.889778 +0100,8.41591260000132,4.860404500039351,2.1284568998962072,0.7090757000260055,5.0,1.0,2.0,2.0,1.0,6.0,1,1.0,11.552091058878686,11.21935395880648,0.5964413444311369,0.6448417205412345,2,1.0,1.3934525161623703,1.2
204,21,006_Yellow.jpg,True,Yellow,100.0,100.0,9.0,01-1/006_Yellow_0.png,,20.0,5.0,"[(5.0, 1.747529200045392)]",2.0,"[1.409824499860406, 2.616553399944678]",21.0,277.9216968999244,285.0282660000957,2.0,Yellow,285.3906046000775,288.2990892999805,"[0.3675, 0.015833333333333335]","[0.0008333333333333334, -0.2791666666666667]","[1.508174000075087, 2.906043800059706]",288.66569519997574,,288.68035960011184,289.4038203000091,,,1.0,3.0,2026-03-24_22h09.02.530,Week1Train,59.9507804392701,2026-03-24 22h09.03.889778 +0100,11.482123400084674,7.106569100171271,2.908484699902999,0.7381251000333577,5.0,1.0,2.0,2.0,1.0,6.0,1,1.0,11.552091058878686,11.21935395880648,0.39623689341024515,0.5977831984923431,2,1.0,1.379334959547703,1.2
205,23,016_Purple.jpg,True,Purple,64.0,0.0,92.0,01-1/016_Purple_0.png,,22.0,4.0,"[(4.0, 1.6672536998521537)]",9.0,"[0.10656039998866618, 3.7731639000121504, 4.6994409000035375, 6.772960999980569, 11.253425600007176, 12.232979899970815]",23.0,1478.9927149000578,1495.4019645999651,2.0,Purple,1495.7588556001429,1498.6381040001288,"[0.145, -0.0225]","[0.0125, -0.2791666666666667]","[1.459806300001219, 2.8766497999895364]",1498.9987526000475,,1499.0180049999617,1499.7396859000437,,,1.0,3.0,2026-03-24_22h09.02.530,Week1Train,59.9507804392701,2026-03-24 22h09.03.889778 +0100,20.746970999985933,16.409249699907377,2.879248399985954,0.7409332999961862,4.0,5.0,2.0,2.0,1.0,6.0,1,0.75,11.552091058878686,11.21935395880648,-0.43292676733994395,0.3934276635455668,2,1.0,1.26802829906367,1.15
206,24,007_Blue.jpg,True,Blue,0.0,2.0,97.0,01-1/007_Blue_0.png,,23.0,5.0,"[(5.0, 1.5487631000578403)]",3.0,"[1.1939746998250484, 1.7843187998514622]",24.0,1500.092621000018,1504.880522500025,2.0,Blue,1505.2429297000635,1508.021132600028,"[0.37, 0.06416666666666666]","[-0.006666666666666667, -0.2633333333333333]","[1.3087086000014096, 2.77581759984605]",1508.3857803000135,,1508.4019017999526,1509.1405593000818,,,1.0,3.0,2026-03-24_22h09.02.530,Week1Train,59.9507804392701,2026-03-24 22h09.03.889778 +0100,9.047938300063834,4.787901500007138,2.7782028999645263,0.7547790000683108,5.0,1.0,2.0,2.0,1.0,6.0,1,1.0,11.552091058878686,11.21935395880648,0.6029036594894209,0.6463203364475821,2,1.0,1.3938961009342745,1.2
207,25,021_Cyan.jpg,True,Cyan,0.0,87.0,100.0,01-1/021_Cyan_0.png,,24.0,5.0,"[(5.0, 1.2021860999520868)]",14.0,"[1.5828935999888927, 2.3951592999510467]",25.0,1509.4937555000652,1514.6795038001146,2.0,Cyan,1515.0260984001216,1517.536665200023,"[0.3675, 0.029166666666666667]","[-0.005833333333333334, -0.2633333333333333]","[0.9676214000210166, 2.482916299952194]",1517.8988405999262,,1517.917488800129,1518.6217185000423,,,1.0,3.0,2026-03-24_22h09.02.530,Week1Train,59.9507804392701,2026-03-24 22h09.03.889778 +0100,9.127962999977171,5.185748300049454,2.510566799901426,0.7228779001161456,5.0,1.0,2.0,2.0,1.0,6.0,1,1.0,11.552091058878686,11.21935395880648,0.5674429010978888,0.6381729288059365,2,1.0,1.3914518786417809,1.2
208,1,021_Blue.jpg,False,Blue,0.0,11.0,100.0,01-2/021_Blue_0.png,Cyan,0.0,5.0,"[(5.0, 1.4010884000454098)]",14.0,"[4.37441960000433, 5.630851299967617, 8.479346399893984, 9.362753699999303, 10.354017599951476, 15.226322799921036]",1.0,78.07270199991763,95.65480899997056,2.0,Blue,96.0351507999003,98.278478999855,"[0.385, 0.018333333333333333]","[0.0016666666666666668, -0.29]","[1.2686217001173645, 2.2405443000607193]",98.6640049999114,,98.70941699994728,100.5668392998632,,,2.0,4.0,2026-03-22_13h50.21.581,Week1Test,60.6187354726253,2026-03-22 13h50.23.177456 +0100,22.494137299945578,17.58210700005293,2.2433281999547035,1.902834299951806,5.0,5.0,3.0,3.0,1.0,6.0,1,1.0,11.552091058878686,11.21935395880648,-0.5374655228201499,0.3687773629665746,2,1.0,1.3106332088899724,1.2
209,2,024_Green.jpg,True,Green,2.0,100.0,1.0,01-2/024_Green_0.png,,1.0,5.0,"[(5.0, 1.5495048000011593)]",21.0,"[4.876510200090706, 6.093986700056121, 7.27925410005264, 8.496625600149855, 9.545870200032368]",2.0,100.92981589981356,114.36370679992253,1.0,Green,114.71681849984452,117.16210719989613,"[0.37833333333333335, -0.009166666666666667]","[-0.0016666666666666668, -0.28833333333333333]","[1.4431654999498278, 2.4428284000605345]",117.54009199980646,,117.55916099995376,120.00596909993328,,,2.0,4.0,2026-03-22_13h50.21.581,Week1Test,60.6187354726253,2026-03-22 13h50.23.177456 +0100,19.07615320011972,13.433890900108963,2.4452887000516057,2.465877100126818,5.0,4.0,3.0,3.0,1.0,6.0,1,1.0,11.552091058878686,11.21935395880648,-0.16772800360337897,0.4581660283006902,2,1.0,1.337449808490207,1.2
210,3,010_Purple.jpg,False,Purple,64.0,1.0,100.0,01-2/010_Purple_0.png,Green,2.0,4.0,"[(4.0, 1.9145746999420226)]",5.0,"[4.127374399919063, 4.931307599879801]",3.0,120.38315669982694,142.13004829990678,2.0,Cyan,142.48559599998407,145.36542439996265,"[0.165, 0.08083333333333333]","[-0.0033333333333333335, -0.2783333333333333]","[1.8112570000812411, 2.877696800045669]",145.73377559985963,145.80732499994338,150.52740989997983,151.44659149996005,,,2.0,4.0,2026-03-22_13h50.21.581,Week1Test,60.6187354726253,2026-03-22 13h50.23.177456 +0100,31.06343480013311,21.746891600079834,2.879828399978578,5.7128159001004235,-4.0,1.0,3.0,3.0,1.0,6.0,0,0.75,11.552091058878686,11.21935395880648,-0.9086798204810071,0.28727006275908623,0,1.0,0.2361810188277259,0.15000000000000002
211,4,029_Green.jpg,False,Green,6.0,100.0,5.0,01-2/029_Green_0.png,Yellow,3.0,5.0,"[(5.0, 1.1487194998189807)]",24.0,"[1.9068279000930488, 3.484558900119737, 4.559228700120002, 5.498159300070256]",4.0,151.82725029997528,159.6073019998148,0.0,Green,159.96685219998471,162.2110173997935,"[0.37166666666666665, 0.019166666666666665]","[-0.0125, -0.2866666666666667]","[1.0409455001354218, 2.240878199925646]",162.57522200001404,,162.58992669987492,163.81458229990676,,,2.0,4.0,2026-03-22_13h50.21.581,Week1Test,60.6187354726253,2026-03-22 13h50.23.177456 +0100,11.987331999931484,7.780051699839532,2.2441651998087764,1.2393602998927236,5.0,3.0,3.0,3.0,1.0,6.0,1,1.0,11.552091058878686,11.21935395880648,0.3362082498590164,0.5832691684730048,2,1.0,1.3749807505419014,1.2
212,5,028_Red.jpg,False,Red,95.0,1.0,0.0,01-2/028_Red_0.png,Purple,4.0,5.0,"[(5.0, 1.4641482001170516)]",23.0,"[3.2549058001022786, 4.027470099972561, 5.298683000029996, 6.78708010003902]",5.0,164.1775410999544,174.27707329997793,0.0,Red,174.633253299864,176.82569559989497,"[0.38, 0.0275]","[0.006666666666666667, -0.27416666666666667]","[1.3565291999839246, 2.1900400000158697]",177.19260939978994,,177.20717489998788,178.82980569987558,,,2.0,4.0,2026-03-22_13h50.21.581,Week1Test,60.6187354726253,2026-03-22 13h50.23.177456 +0100,14.652264599921182,10.099532200023532,2.1924423000309616,1.637196300085634,5.0,3.0,3.0,3.0,1.0,6.0,1,1.0,11.552091058878686,11.21935395880648,0.12946902862575144,0.5323221205315876,2,1.0,1.3596966361594762,1.2
213,6,006_Blue.jpg,True,Blue,2.0,6.0,100.0,01-2/006_Blue_0.png,,5.0,5.0,"[(5.0, 1.2483763000927866)]",0.0,"[2.467899600043893, 3.449423899874091, 5.909480799920857, 7.169132599839941, 7.9848733998369426]",6.0,179.19050189992413,189.84661189978945,1.0,Blue,190.1998484998476,192.3746415998321,"[0.37333333333333335, -0.01]","[-0.006666666666666667, -0.26666666666666666]","[1.1071165998000652, 2.1727091998327523]",192.7413069999311,,192.75542639987543,194.64767179987396,,,2.0,4.0,2026-03-22_13h50.21.581,Week1Test,60.6187354726253,2026-03-22 13h50.23.177456 +0100,15.457169899949832,10.656109999865322,2.174793099984498,1.9063647999428497,5.0,4.0,3.0,3.0,1.0,6.0,1,1.0,11.552091058878686,11.21935395880648,0.07986030767039627,0.5199544727932592,2,1.0,1.3559863418379778,1.2
214,7,022_Blue.jpg,True,Blue,4.0,0.0,99.0,01-2/022_Blue_0.png,,6.0,5.0,"[(5.0, 1.6972711000125855)]",16.0,"[2.2205181000754237, 2.9267615999560803, 4.741114299977198, 5.627386699896306, 6.590391600038856]",7.0,195.00428849994205,204.273853499908,1.0,Blue,204.63263199990612,207.2763451999053,"[0.38416666666666666, 0.06416666666666666]","[0.006666666666666667, -0.25333333333333335]","[1.590832500020042, 2.6412440999411047]",207.6456380998716,,207.67171839997167,208.14845649991184,,,2.0,4.0,2026-03-22_13h50.21.581,Week1Test,60.6187354726253,2026-03-22 13h50.23.177456 +0100,13.144167999969795,9.26956499996595,2.6437131999991834,0.5028184000402405,5.0,4.0,3.0,3.0,1.0,6.0,1,1.0,11.552091058878686,11.21935395880648,0.2034454093607678,0.5506866459870567,2,1.0,1.365205993796117,1.2
215,8,022_Cyan.jpg,True,Cyan,0.0,96.0,90.0,01-2/022_Cyan_0.png,,7.0,5.0,"[(5.0, 1.749028499936685)]",17.0,"[4.048026400152594, 6.793121000053361]",8.0,208.510162799852,223.09867369988933,2.0,Cyan,223.46468969993293,226.27539889980108,"[0.37666666666666665, -0.0175]","[-0.004166666666666667, -0.29]","[1.6412604001816362, 2.808143800124526]",226.6431699998211,,226.67115999991077,227.49655019980852,,,2.0,4.0,2026-03-22_13h50.21.581,Week1Test,60.6187354726253,2026-03-22 13h50.23.177456 +0100,18.986387399956527,14.588510900037335,2.8107091998681426,0.8533801999874129,5.0,1.0,3.0,3.0,1.0,6.0,1,1.0,11.552091058878686,11.21935395880648,-0.2706412376601464,0.43274967890166716,2,1.0,1.3298249036705,1.2
216,9,016_Yellow.jpg,True,Yellow,98.0,100.0,11.0,01-2/016_Yellow_0.png,,8.0,5.0,"[(5.0, 1.668788000009954)]",10.0,[1.7706724000163376],9.0,227.85900929989293,232.56840200000445,1.0,Yellow,232.93340809992517,235.36019499995743,"[0.3641666666666667, 0.02]","[-0.0016666666666666668, -0.31416666666666665]","[1.5879367000889033, 2.424376599956304]",235.72618049988523,,235.7549672999885,236.6112442999147,,,2.0,4.0,2026-03-22_13h50.21.581,Week1Test,60.6187354726253,2026-03-22 13h50.23.177456 +0100,8.752235000021756,4.709392700111522,2.426786900032255,0.8850638000294566,5.0,1.0,3.0,3.0,1.0,6.0,1,1.0,11.552091058878686,11.21935395880648,0.6099012816505429,0.6479182827616934,2,1.0,1.394375484828508,1.2
217,10,016_Purple.jpg,True,Purple,64.0,0.0,92.0,01-2/016_Purple_0.png,,9.0,4.0,"[(4.0, 1.5964280001353472)]",9.0,"[2.733870099997148, 4.234433700097725]",10.0,236.99263829994013,247.696510899812,2.0,Purple,248.0493381000124,250.574374999851,"[0.1875, -0.025833333333333333]","[0.01, -0.2825]","[1.4905028999783099, 2.5217861998826265]",250.93889379990287,,250.9536921000108,251.86263819993476,,,2.0,4.0,2026-03-22_13h50.21.581,Week1Test,60.6187354726253,2026-03-22 13h50.23.177456 +0100,14.869999899994639,10.703872599871886,2.5250368998385966,0.9237444000318931,4.0,1.0,3.0,3.0,1.0,6.0,1,0.75,11.552091058878686,11.21935395880648,0.07560314632385783,0.5188917889079064,2,1.0,1.305667536672372,1.15
218,11,023_Yellow.jpg,False,Yellow,99.0,99.0,0.0,01-2/023_Yellow_0.png,Red,10.0,5.0,"[(5.0, 1.6160059999674559)]",19.0,[2.866567499935627],11.0,252.2340225998778,260.18914249981754,1.0,Yellow,260.54915319988504,262.8224174999632,"[0.36083333333333334, -0.019166666666666665]","[-0.005, -0.27166666666666667]","[1.5038848998956382, 2.2703423998318613]",263.19062879984267,,263.21998519985937,264.86154299997725,,,2.0,4.0,2026-03-22_13h50.21.581,Week1Test,60.6187354726253,2026-03-22 13h50.23.177456 +0100,12.627520400099456,7.955119899939746,2.2732643000781536,1.6709142001345754,5.0,1.0,3.0,3.0,1.0,6.0,1,1.0,11.552091058878686,11.21935395880648,0.32060412499202295,0.5794714749790728,2,1.0,1.3738414424937218,1.2
219,12,024_Blue.jpg,True,Blue,2.0,2.0,100.0,01-2/024_Blue_0.png,,11.0,5.0,"[(5.0, 1.8845269000157714)]",20.0,"[1.691043300088495, 2.375876999925822, 4.332481199875474, 5.414966099895537]",12.0,265.30916439997964,272.925287499791,0.0,Blue,273.27875259984285,275.97246539988555,"[0.36833333333333335, 0.02666666666666667]","[0.01, -0.27166666666666667]","[1.679247200023383, 2.691191599937156]",276.3608583000023,,276.3860472999513,277.99447159981355,,,2.0,4.0,2026-03-22_13h50.21.581,Week1Test,60.6187354726253,2026-03-22 13h50.23.177456 +0100,12.685307199833915,7.616123099811375,2.6937128000427037,1.633613299811259,5.0,3.0,3.0,3.0,1.0,6.0,1,1.0,11.552091058878686,11.21935395880648,0.35081948332486884,0.5868162873730984,2,1.0,1.3760448862119294,1.2
220,13,012_Blue.jpg,False,Blue,3.0,4.0,94.0,01-2/012_Blue_0.png,Blue,12.0,5.0,"[(5.0, 1.4139266000129282)]",6.0,"[1.8711292000953108, 3.2217347999103367, 6.132350400090218, 7.30555639998056, 8.037166299996898]",13.0,278.37479909998365,288.63486639992334,1.0,Blue,288.9977401997894,291.2046567997895,"[0.3775, -0.028333333333333332]","[-0.0025, -0.31833333333333336]","[1.2707106000743806, 2.2038032000418752]",291.58292419998907,,291.601944899885,292.20755679998547,,,2.0,4.0,2026-03-22_13h50.21.581,Week1Test,60.6187354726253,2026-03-22 13h50.23.177456 +0100,13.832757700001821,10.260067299939692,2.2069166000001132,0.6246325999964029,5.0,4.0,3.0,3.0,1.0,6.0,1,1.0,11.552091058878686,11.21935395880648,0.11516026356623121,0.5287582904826987,2,1.0,1.3586274871448096,1.2
221,14,022_Purple.jpg,True,Purple,58.0,13.0,100.0,01-2/022_Purple_0.png,,13.0,4.0,"[(4.0, 1.8824125998653471)]",18.0,"[2.491003599949181, 4.105438299942762]",14.0,292.57484759995714,305.1319734000135,2.0,Cyan,305.4963845999446,308.22057429980487,"[0.17333333333333334, 0.0025]","[-0.0008333333333333334, -0.28583333333333333]","[1.772526399930939, 2.721768399933353]",308.5937406998128,308.6350137998816,321.82065899996087,322.74282979988493,,,2.0,4.0,2026-03-22_13h50.21.581,Week1Test,60.6187354726253,2026-03-22 13h50.23.177456 +0100,30.167982199927792,12.557125800056383,2.7241896998602897,14.149089100072104,-4.0,1.0,3.0,3.0,1.0,6.0,0,0.75,11.552091058878686,11.21935395880648,-0.08958044686599881,0.4776198523652805,0,1.0,0.29328595570958416,0.15000000000000002
222,15,021_Red.jpg,False,Red,100.0,14.0,0.0,01-2/021_Red_0.png,Yellow,14.0,5.0,"[(5.0, 0.9967982000671327)]",15.0,"[4.699786999961361, 5.392203499795869, 5.973465299932286, 7.510262799914926]",15.0,323.10596670000814,333.0398102998733,0.0,Red,333.39688759995624,335.2701919998508,"[0.3675, 0.08416666666666667]","[-0.006666666666666667, -0.26416666666666666]","[0.8558949001599103, 1.87045820010826]",335.6694900000002,,335.70011739991605,336.92564989998937,,,2.0,4.0,2026-03-22_13h50.21.581,Week1Test,60.6187354726253,2026-03-22 13h50.23.177456 +0100,13.819683199981228,9.933843599865156,1.8733043998945504,1.256159899989143,5.0,3.0,3.0,3.0,1.0,6.0,1,1.0,11.552091058878686,11.21935395880648,0.1442371338808959,0.5359968974252469,2,1.0,1.360799069227574,1.2
223,16,006_Yellow.jpg,True,Yellow,100.0,100.0,9.0,01-2/006_Yellow_0.png,,15.0,5.0,"[(5.0, 1.2154401999432594)]",2.0,[3.765956399962306],16.0,337.28915179986507,343.96405289997347,1.0,Yellow,344.326866999967,346.3024217998609,"[0.37416666666666665, 0.08583333333333333]","[-0.0025, -0.26416666666666666]","[1.0745304999873042, 1.9725371999666095]",346.6748487998266,,346.69991279998794,347.2387425999623,,,2.0,4.0,2026-03-22_13h50.21.581,Week1Test,60.6187354726253,2026-03-22 13h50.23.177456 +0100,9.949590800097212,6.6749011001084,1.975554799893871,0.5638938001357019,5.0,1.0,3.0,3.0,1.0,6.0,1,1.0,11.552091058878686,11.21935395880648,0.4347121925805721,0.6069983333360319,2,1.0,1.3820995000008096,1.2
224,17,018_Green.jpg,True,Green,0.0,98.0,4.0,01-2/018_Green_0.png,,16.0,5.0,"[(5.0, 1.3670629998669028)]",11.0,"[1.505016699898988, 2.9033584999851882, 3.567102999892086, 4.373756799846888]",17.0,347.6048611998558,354.51455209986307,0.0,Green,354.88288299995475,357.3554971998092,"[0.37333333333333335, 0.04083333333333333]","[0.0033333333333333335, -0.26166666666666666]","[1.2507714999374002, 2.4700760999694467]",357.73365770000964,,357.7492868998088,358.89213169994764,,,2.0,4.0,2026-03-22_13h50.21.581,Week1Test,60.6187354726253,2026-03-22 13h50.23.177456 +0100,11.287270500091836,6.909690900007263,2.4726141998544335,1.1584739999379963,5.0,3.0,3.0,3.0,1.0,6.0,1,1.0,11.552091058878686,11.21935395880648,0.41378498048253787,0.6019950979653822,2,1.0,1.3805985293896146,1.2
225,18,018_Yellow.jpg,True,Yellow,100.0,88.0,0.0,01-2/018_Yellow_0.png,,17.0,5.0,"[(5.0, 1.2998293999116868)]",13.0,[4.351698100101203],18.0,359.2812563998159,366.7634365998674,1.0,Yellow,367.1412132999394,369.2604491999373,"[0.3858333333333333, 0.018333333333333333]","[0.0175, -0.3175]","[1.1623039999976754, 2.116502999793738]",369.6424934999086,,369.666871599853,371.2900179999415,,,2.0,4.0,2026-03-22_13h50.21.581,Week1Test,60.6187354726253,2026-03-22 13h50.23.177456 +0100,12.008761600125581,7.482180200051516,2.119235899997875,1.6475245000328869,5.0,1.0,3.0,3.0,1.0,6.0,1,1.0,11.552091058878686,11.21935395880648,0.36275804059399946,0.5897079135719498,2,1.0,1.376912374071585,1.2
226,19,007_Cyan.jpg,False,Cyan,0.0,98.0,96.0,01-2/007_Cyan_0.png,Blue,18.0,4.0,"[(4.0, 2.9680153001099825)]",3.0,"[0.1331052000168711, 2.643879200099036]",19.0,371.6532622999512,380.79763209982775,2.0,Cyan,381.1594888998661,384.9014221997932,"[0.16666666666666666, -0.0225]","[0.0125, -0.295]","[2.829379899892956, 3.7398242000490427]",385.27400879981,,385.2992538998369,386.407736199908,,,2.0,4.0,2026-03-22_13h50.21.581,Week1Test,60.6187354726253,2026-03-22 13h50.23.177456 +0100,14.754473899956793,9.144369799876529,3.741933299927098,1.133727400097996,4.0,1.0,3.0,3.0,1.0,6.0,1,0.75,11.552091058878686,11.21935395880648,0.21460426935833046,0.5534461029594834,2,1.0,1.3160338308878452,1.15
227,20,006_Red.jpg,True,Red,98.0,0.0,0.0,01-2/006_Red_0.png,,19.0,5.0,"[(5.0, 1.516627399949357)]",1.0,"[10.333347799954936, 11.167238699970767, 11.718046300113201, 12.552114099962637]",20.0,386.7633245999459,401.5040537999012,0.0,Red,401.8613628000021,404.1878261999227,"[0.37916666666666665, 0.07583333333333334]","[0.0008333333333333334, -0.26666666666666666]","[1.374767899978906, 2.3228388999123126]",404.5519574999344,,404.56422429997474,405.1898499999661,,,2.0,4.0,2026-03-22_13h50.21.581,Week1Test,60.6187354726253,2026-03-22 13h50.23.177456 +0100,18.426525400020182,14.740729199955297,2.3264633999206126,0.6378925000316826,5.0,3.0,3.0,3.0,1.0,6.0,1,1.0,11.552091058878686,11.21935395880648,-0.2842087122649101,0.42942225762558883,2,1.0,1.3288266772876767,1.2
228,21,019_Purple.jpg,True,Purple,55.0,0.0,100.0,01-2/019_Purple_0.png,,20.0,4.0,"[(4.0, 1.4650520000141114)]",8.0,"[3.008077499922365, 4.1000343998894095]",21.0,405.5483988998458,420.66743269981816,2.0,Purple,421.02306319982745,423.11611359985545,"[0.17666666666666667, 0.015833333333333335]","[-0.004166666666666667, -0.31]","[1.3264059000648558, 2.09092149999924]",423.5008348999545,,423.5312933998648,424.2471042999532,,,2.0,4.0,2026-03-22_13h50.21.581,Week1Test,60.6187354726253,2026-03-22 13h50.23.177456 +0100,18.69870540010743,15.119033799972385,2.0930504000280052,0.7462693999987096,4.0,1.0,3.0,3.0,1.0,6.0,1,0.75,11.552091058878686,11.21935395880648,-0.31792764130539586,0.4211808804027556,2,1.0,1.2763542641208265,1.15
229,22,014_Yellow.jpg,False,Yellow,94.0,94.0,0.0,01-2/014_Yellow_0.png,Red,21.0,5.0,"[(5.0, 1.312732100021094)]",7.0,[2.9247469000983983],22.0,424.6217073998414,429.8341403999366,1.0,Yellow,430.193283499917,432.1345585999079,"[0.37333333333333335, 0.050833333333333335]","[-0.004166666666666667, -0.2866666666666667]","[1.2037637999746948, 1.9389678998850286]",432.49911909992807,,432.5133252998348,433.9554843998049,,,2.0,4.0,2026-03-22_13h50.21.581,Week1Test,60.6187354726253,2026-03-22 13h50.23.177456 +0100,9.333776999963504,5.212433000095189,1.9412750999908894,1.4563652998768362,5.0,1.0,3.0,3.0,1.0,6.0,1,1.0,11.552091058878686,11.21935395880648,0.5650644486358565,0.6376235442403413,2,1.0,1.3912870632721024,1.2
230,23,018_Red.jpg,True,Red,97.0,0.0,11.0,01-2/018_Red_0.png,,22.0,5.0,"[(5.0, 1.2479534999001771)]",12.0,"[1.4336238000541925, 2.321181300096214, 2.9562890001107007, 4.072304700035602]",23.0,434.32129909982905,440.1530456999317,0.0,Red,440.5099866997916,442.5154450999107,"[0.3825, -0.0016666666666666668]","[-0.011666666666666667, -0.31166666666666665]","[1.137194500071928, 2.002956800162792]",442.882103699958,,442.8952983999625,444.3862617998384,,,2.0,4.0,2026-03-22_13h50.21.581,Week1Test,60.6187354726253,2026-03-22 13h50.23.177456 +0100,10.064962700009346,5.831746600102633,2.005458400119096,1.5041580998803852,5.0,3.0,3.0,3.0,1.0,6.0,1,1.0,11.552091058878686,11.21935395880648,0.5098639796711241,0.6247745875868222,2,1.0,1.3874323762760465,1.2
231,24,025_Cyan.jpg,True,Cyan,7.0,100.0,99.0,01-2/025_Cyan_0.png,,23.0,4.0,"[(4.0, 2.047752399928868)]",22.0,"[2.037927499972284, 3.3279081999789923]",24.0,444.7473079999909,459.0288830997888,2.0,Purple,459.390264299931,462.1985968998633,"[0.17583333333333334, 0.035]","[0.0, -0.2808333333333333]","[1.9391622999683022, 2.8057959999423474]",462.58172729983926,462.613007399952,464.5483827998396,465.9986921998207,,,2.0,4.0,2026-03-22_13h50.21.581,Week1Test,60.6187354726253,2026-03-22 13h50.23.177456 +0100,21.25138419982983,14.28157509979792,2.808332599932271,3.4169648999814513,-4.0,1.0,3.0,3.0,1.0,6.0,0,0.75,11.552091058878686,11.21935395880648,-0.24328353049034185,0.4394773356120128,0,1.0,0.28184320068360386,0.15000000000000002
232,25,009_Green.jpg,True,Green,2.0,100.0,5.0,01-2/009_Green_0.png,,24.0,5.0,"[(5.0, 1.3251173000317067)]",4.0,"[4.016939799999818, 5.695685299811885, 6.7979651999194175, 8.0523816999048]",25.0,466.3806864998769,477.5170873999596,0.0,Green,477.8990464999806,480.3821134997997,"[0.37916666666666665, 0.025833333333333333]","[-0.0025, -0.27166666666666667]","[1.2294112001545727, 2.4806488000322133]",480.7714072999079,,480.795987599995,482.0747915999964,,,2.0,4.0,2026-03-22_13h50.21.581,Week1Test,60.6187354726253,2026-03-22 13h50.23.177456 +0100,15.694105100119486,11.13640090008272,2.483066999819073,1.30338430008851,5.0,3.0,3.0,3.0,1.0,6.0,1,1.0,11.552091058878686,11.21935395880648,0.03705116714582981,0.5092617322770261,2,1.0,1.3527785196831077,1.2
233,1,016_Green.jpg,True,Green,9.0,100.0,4.0,01-1/016_Green_0.png,,0.0,5.0,"[(5.0, 2.5498017000500113)]",22.0,"[0.19303779979236424, 66.28761799982749, 83.68169029988348, 84.82608479983173, 101.9387063998729]",1.0,4.823297800030559,131.18397219991311,1.0,Green,131.55773489992134,137.02013349998742,"[0.37666666666666665, 0.07333333333333333]","[0.0, -0.2683333333333333]","[2.4259316998068243, 5.45838399999775]",137.44435400003567,,137.48358500003815,139.127878600033,,,2.0,1.0,2026-03-15_18h44.22.803,Week1Train,59.968756277437926,2026-03-15 18h44.24.288722 +0100,134.30458080000244,126.36067439988256,5.462398600066081,1.6835245999973267,5.0,4.0,2.0,2.0,1.0,6.0,1,1.0,11.552091058878686,11.21935395880648,-10.233083274004956,3.5959428754067303e-05,2,1.0,1.2000107878286261,1.2
234,2,006_Blue.jpg,True,Blue,2.0,6.0,100.0,01-1/006_Blue_0.png,,1.0,5.0,"[(5.0, 2.1023988998495042)]",0.0,"[5.386536199832335, 7.952979999827221, 11.632016299990937, 12.622683299938217, 13.865431200014427]",2.0,139.51509090000764,156.69089440000243,1.0,Blue,157.04040649998933,160.7379165000748,"[0.38083333333333336, 0.020833333333333332]","[-0.004166666666666667, -0.2791666666666667]","[1.9925335000734776, 3.6947572000790387]",161.11664419993758,,161.13222640007734,162.82518239994533,,,2.0,1.0,2026-03-15_18h44.22.803,Week1Train,59.968756277437926,2026-03-15 18h44.24.288722 +0100,23.3100914999377,17.1758034999948,3.697510000085458,1.7085382000077516,5.0,4.0,2.0,2.0,1.0,6.0,1,1.0,11.552091058878686,11.21935395880648,-0.501251004448599,0.3772467231787161,2,1.0,1.3131740169536148,1.2
235,3,006_Yellow.jpg,True,Yellow,100.0,100.0,9.0,01-1/006_Yellow_0.png,,2.0,4.0,"[(4.0, 1.8339878998231143)]",3.0,"[13.353555400157347, 31.891575100133196]",3.0,163.18614110001363,215.995799300028,2.0,Yellow,216.35688959993425,219.71575480001047,"[0.16916666666666666, 0.056666666666666664]","[-0.0175, -0.2733333333333333]","[1.759489599848166, 3.355787499807775]",220.0810424000956,,220.09654720011167,221.42642479995263,,,2.0,1.0,2026-03-15_18h44.22.803,Week1Train,59.968756277437926,2026-03-15 18h44.24.288722 +0100,58.240283699939,52.80965820001438,3.358865200076224,1.3453823998570158,4.0,1.0,2.0,2.0,1.0,6.0,1,0.75,11.552091058878686,11.21935395880648,-3.677356761594203,0.024665938357333682,2,1.0,1.1573997815072001,1.15
236,4,022_Blue.jpg,True,Blue,4.0,0.0,99.0,01-1/022_Blue_0.png,,3.0,5.0,"[(5.0, 1.8120198000688106)]",38.0,"[6.103100599953905, 8.093008700059727, 11.778526799986139, 12.851195000112057, 14.083035700023174, 15.313560399925336]",4.0,221.80521279992536,240.85550720011813,2.0,Blue,241.20946129993536,244.56470270012505,"[0.3825, -0.0225]","[0.0008333333333333334, -0.2683333333333333]","[1.6707591000013053, 3.35294650006108]",244.9421216000337,,244.96244159992784,246.6716710000765,,,2.0,1.0,2026-03-15_18h44.22.803,Week1Train,59.968756277437926,2026-03-15 18h44.24.288722 +0100,24.86645820015113,19.05029440019277,3.3552414001896977,1.7295494000427993,5.0,5.0,2.0,2.0,1.0,6.0,1,1.0,11.552091058878686,11.21935395880648,-0.6683275497720143,0.3388714314743366,2,1.0,1.301661429442301,1.2
237,5,021_Yellow.jpg,True,Yellow,99.0,88.0,0.0,01-1/021_Yellow_0.png,,4.0,4.0,"[(4.0, 1.4134147998411208)]",37.0,"[12.262517799856141, 20.083733199862763, 21.356039099860936, 21.946473099989817]",5.0,247.05721980007365,275.2944161000196,0.0,Yellow,275.65745380008593,278.4302171000745,"[0.16916666666666666, 0.005833333333333334]","[0.0008333333333333334, -0.31333333333333335]","[1.3038790000136942, 2.7696665001567453]",278.7991319000721,,278.8109599999152,279.7877355001401,,,2.0,1.0,2026-03-15_18h44.22.803,Week1Train,59.968756277437926,2026-03-15 18h44.24.288722 +0100,32.73051570006646,28.237196299945936,2.7727632999885827,0.9886036000680178,4.0,3.0,2.0,2.0,1.0,6.0,1,0.75,11.552091058878686,11.21935395880648,-1.4871716591105943,0.18434662546942132,2,1.0,1.2053039876408262,1.15
238,6,006_Red.jpg,True,Red,98.0,0.0,0.0,01-1/006_Red_0.png,,5.0,5.0,"[(5.0, 1.680741999996826)]",2.0,"[6.286002600099891, 7.70165150007233, 10.15718590002507, 13.185964700067416]",6.0,280.1467446000315,296.7769283999223,0.0,Red,297.1402948999312,300.4545998999384,"[0.38166666666666665, -0.009166666666666667]","[-0.013333333333333334, -0.3075]","[1.542234499938786, 3.3104608000721782]",300.8395448999945,,300.8609208001289,307.4684959000442,,,2.0,1.0,2026-03-15_18h44.22.803,Week1Train,59.968756277437926,2026-03-15 18h44.24.288722 +0100,27.321751300012693,16.6301837998908,3.3143050000072094,6.62895100004971,5.0,3.0,2.0,2.0,1.0,6.0,1,1.0,11.552091058878686,11.21935395880648,-0.4526189974625175,0.3887382566746314,2,1.0,1.3166214770023894,1.2
239,7,012_Green.jpg,True,Green,3.0,94.0,4.0,01-1/012_Green_0.png,,6.0,5.0,"[(5.0, 2.115775000071153)]",17.0,"[3.991977100027725, 8.445028000045568, 9.190846299985424, 10.091199999907985, 11.574074300006032]",7.0,307.83153700013645,327.8288972999435,1.0,Green,328.1871539999265,343.8811781001277,"[0.37666666666666665, 0.06166666666666667]","[0.0016666666666666668, -0.2825]","[2.0055784001015127, 15.690579599933699]",344.243903900031,,344.2591212000698,345.73475500009954,,,2.0,1.0,2026-03-15_18h44.22.803,Week1Train,59.968756277437926,2026-03-15 18h44.24.288722 +0100,37.90321799996309,19.997360299807042,15.694024100201204,1.4908511000685394,5.0,4.0,2.0,2.0,1.0,6.0,1,1.0,11.552091058878686,11.21935395880648,-0.7527411357139113,0.32022431466075196,2,1.0,1.2960672943982254,1.2
240,8,022_Cyan.jpg,True,Cyan,0.0,96.0,90.0,01-1/022_Cyan_0.png,,7.0,5.0,"[(5.0, 1.5151758999563754)]",39.0,"[3.96596570010297, 7.838967300020158]",8.0,346.09340040013194,362.80756440013647,2.0,Cyan,363.1724098001141,365.645390199963,"[0.3858333333333333, 0.075]","[-0.011666666666666667, -0.285]","[1.3763486000243574, 2.4700831999070942]",366.0191095001064,,366.04099970008247,367.0973414001055,,,2.0,1.0,2026-03-15_18h44.22.803,Week1Train,59.968756277437926,2026-03-15 18h44.24.288722 +0100,21.003940999973565,16.71416400000453,2.4729803998488933,1.078231899999082,5.0,1.0,2.0,2.0,1.0,6.0,1,1.0,11.552091058878686,11.21935395880648,-0.4601042947819598,0.38696108253105005,2,1.0,1.316088324759315,1.2
241,9,022_Yellow.jpg,True,Yellow,98.0,91.0,2.0,01-1/022_Yellow_0.png,,8.0,5.0,"[(5.0, 1.4133337000384927)]",43.0,"[5.654348800191656, 8.298010200029239, 9.322790400125086, 11.097897700034082]",9.0,367.4616779999342,381.9034984000027,0.0,Yellow,382.2722223000601,385.2435775001068,"[0.37666666666666665, 0.015833333333333335]","[-0.005, -0.30916666666666665]","[1.302259000018239, 2.9683224000036716]",385.6146762000863,,385.6406068000943,386.53103850013576,,,2.0,1.0,2026-03-15_18h44.22.803,Week1Train,59.968756277437926,2026-03-15 18h44.24.288722 +0100,19.069360500201583,14.441820400068536,2.9713552000467303,0.9163623000494567,5.0,3.0,2.0,2.0,1.0,6.0,1,1.0,11.552091058878686,11.21935395880648,-0.25756646521715243,0.4359620187646487,2,1.0,1.3307886056293945,1.2
242,10,024_Green.jpg,True,Green,2.0,100.0,1.0,01-1/024_Green_0.png,,9.0,5.0,"[(5.0, 1.9143499999772757)]",49.0,"[4.261041600024328, 14.131488600047305, 14.902547999983653, 15.53532989998348, 16.275421699974686]",10.0,386.9001690999139,406.37921659997664,1.0,Green,406.7337583000772,409.8788666999899,"[0.37416666666666665, -0.029166666666666667]","[0.004166666666666667, -0.30416666666666664]","[1.8067409999202937, 3.142067699925974]",410.267706700135,,410.2897069000173,412.6828825001139,,,2.0,1.0,2026-03-15_18h44.22.803,Week1Train,59.968756277437926,2026-03-15 18h44.24.288722 +0100,25.78271340020001,19.479047500062734,3.145108399912658,2.415175799978897,5.0,4.0,2.0,2.0,1.0,6.0,1,1.0,11.552091058878686,11.21935395880648,-0.7065430389565249,0.3303631516835532,2,1.0,1.299108945505066,1.2
243,11,016_Yellow.jpg,True,Yellow,98.0,100.0,11.0,01-1/016_Yellow_0.png,,10.0,5.0,"[(5.0, 1.879884900059551)]",25.0,"[9.674402399919927, 11.891739299986511, 13.386930899927393, 14.604452099883929]",11.0,413.0393805000931,430.48347220011055,0.0,Yellow,430.8533610999584,433.7935989999678,"[0.385, 0.060833333333333336]","[-0.019166666666666665, -0.275]","[1.7385050000157207, 2.9374180000741035]",434.1570580000989,,434.1727599001024,436.0156080001034,,,2.0,1.0,2026-03-15_18h44.22.803,Week1Train,59.968756277437926,2026-03-15 18h44.24.288722 +0100,22.976227500010282,17.444091700017452,2.940237900009379,1.8585500000044703,5.0,3.0,2.0,2.0,1.0,6.0,1,1.0,11.552091058878686,11.21935395880648,-0.525163985624495,0.3716455161349636,2,1.0,1.311493654840489,1.2
244,12,024_Blue.jpg,True,Blue,2.0,2.0,100.0,01-1/024_Blue_0.png,,11.0,5.0,"[(5.0, 1.1639125000219792)]",48.0,"[18.621565700042993, 19.89226739993319, 23.404245800105855, 24.232394400052726]",12.0,436.3727335000876,465.1212196000852,0.0,Blue,465.4797622000333,467.8755346999969,"[0.3675, 0.07166666666666667]","[0.0, -0.265]","[1.0243638998363167, 2.3932792998384684]",468.2367396999616,,468.2535010001157,469.7624683999457,,,2.0,1.0,2026-03-15_18h44.22.803,Week1Train,59.968756277437926,2026-03-15 18h44.24.288722 +0100,33.38973489985813,28.74848609999765,2.3957724999635843,1.5257286999840858,5.0,3.0,2.0,2.0,1.0,6.0,1,1.0,11.552091058878686,11.21935395880648,-1.5327437840234004,0.17759259206464784,2,1.0,1.2532777776193944,1.2
245,13,018_Red.jpg,True,Red,97.0,0.0,11.0,01-1/018_Red_0.png,,12.0,5.0,"[(5.0, 1.4104192000813782)]",30.0,"[8.618737800046802, 9.770810500020161, 11.579326300183311, 12.585940400138497]",13.0,470.128781599924,485.4774897000752,0.0,Red,485.8361693001352,488.039774700068,"[0.39, 0.07833333333333334]","[0.005, -0.285]","[1.2698365000542253, 2.2001648999284953]",488.40953750000335,,488.4368398000952,489.4128755999264,,,2.0,1.0,2026-03-15_18h44.22.803,Week1Train,59.968756277437926,2026-03-15 18h44.24.288722 +0100,19.28409400000237,15.348708100151157,2.203605399932769,1.0033380999230417,5.0,3.0,2.0,2.0,1.0,6.0,1,1.0,11.552091058878686,11.21935395880648,-0.3383989002586346,0.41619845568449515,2,1.0,1.3248595367053484,1.2
246,14,016_Purple.jpg,True,Purple,64.0,0.0,92.0,01-1/016_Purple_0.png,,13.0,4.0,"[(4.0, 1.8541916999965906)]",23.0,"[6.7214900997933, 7.775565099902451, 10.086665199836716, 10.940195299917832, 24.178562899818644, 28.29296449990943, 32.94763379986398, 34.95819569984451, 40.395571099827066, 42.29635869991034]",14.0,489.7699835000094,535.0498351000715,2.0,Blue,535.414178899955,538.4553281001281,"[0.175, 0.07]","[-0.0025, -0.2708333333333333]","[1.741044499911368, 3.037300899857655]",538.8270920000505,538.8847418001387,548.4009891999885,549.6098291000817,,,2.0,1.0,2026-03-15_18h44.22.803,Week1Train,59.968756277437926,2026-03-15 18h44.24.288722 +0100,59.839845600072294,45.2798516000621,3.041149200173095,10.782737100031227,-4.0,9.0,2.0,2.0,1.0,6.0,0,0.75,11.552091058878686,11.21935395880648,-3.0062123599112645,0.04714600726575619,0,1.0,0.16414380217972688,0.15000000000000002
247,15,023_Red.jpg,True,Red,100.0,0.0,1.0,01-1/023_Red_0.png,,14.0,5.0,"[(5.0, 1.3988812000025064)]",46.0,"[3.9687857998069376, 5.372994099976495, 6.767825399991125, 7.869828299852088]",15.0,549.967190500116,560.625462200027,0.0,Red,560.9854492999148,563.3368003000505,"[0.37833333333333335, 0.0275]","[-0.020833333333333332, -0.295]","[1.2494377000257373, 2.3484012000262737]",563.6980540999211,,563.7173230999615,564.9584087999538,,,2.0,1.0,2026-03-15_18h44.22.803,Week1Train,59.968756277437926,2026-03-15 18h44.24.288722 +0100,14.991218299837783,10.658271699910983,2.3513510001357645,1.2603547000326216,5.0,3.0,2.0,2.0,1.0,6.0,1,1.0,11.552091058878686,11.21935395880648,0.0796676316880181,0.5199063803328224,2,1.0,1.3559719140998467,1.2
248,16,007_Blue.jpg,True,Blue,0.0,2.0,97.0,01-1/007_Blue_0.png,,15.0,5.0,"[(5.0, 1.5997047000564635)]",4.0,"[3.234326499979943, 5.329456599894911, 8.50249470002018, 9.809304599883035, 11.09593419986777]",16.0,565.3189926999621,579.4536695999559,1.0,Blue,579.8173990000505,582.369818800129,"[0.37, 0.021666666666666667]","[-0.005833333333333334, -0.2891666666666667]","[1.4526917999610305, 2.549560399958864]",582.7422011001036,,582.7661780000199,584.309053099947,,,2.0,1.0,2026-03-15_18h44.22.803,Week1Train,59.968756277437926,2026-03-15 18h44.24.288722 +0100,18.99006039998494,14.134676899993792,2.5524198000784963,1.566851999843493,5.0,4.0,2.0,2.0,1.0,6.0,1,1.0,11.552091058878686,11.21935395880648,-0.23019024540962457,0.44270520805486896,2,1.0,1.3328115624164607,1.2
249,17,009_Green.jpg,True,Green,2.0,100.0,5.0,01-1/009_Green_0.png,,16.0,5.0,"[(5.0, 1.546517400071025)]",11.0,"[3.166919399984181, 7.863001799909398, 9.480982200009748, 10.262610399862751]",17.0,584.6748351999559,597.9694364999887,0.0,Green,598.3331621000543,600.7691013999283,"[0.3725, 0.005833333333333334]","[-0.009166666666666667, -0.30083333333333334]","[1.4333257998805493, 2.4326509998645633]",601.1405063001439,,601.1659468999133,602.0937570000533,,,2.0,1.0,2026-03-15_18h44.22.803,Week1Train,59.968756277437926,2026-03-15 18h44.24.288722 +0100,17.41892180009745,13.29460130003281,2.4359392998740077,0.9532506999094039,5.0,3.0,2.0,2.0,1.0,6.0,1,1.0,11.552091058878686,11.21935395880648,-0.15531288588915262,0.4612496422055255,2,1.0,1.3383748926616577,1.2
250,18,028_Purple.jpg,True,Purple,66.0,0.0,95.0,01-1/028_Purple_0.png,,17.0,4.0,"[(4.0, 1.4194341998081654)]",57.0,"[5.890540799824521, 7.379396899836138]",18.0,602.473315600073,618.1783827999607,2.0,Purple,618.5434657000005,621.0340287999716,"[0.17, 0.0225]","[-0.010833333333333334, -0.29]","[1.3048274000175297, 2.4877780999522656]",621.403578999918,,621.4316356999334,622.2603563000448,,,2.0,1.0,2026-03-15_18h44.22.803,Week1Train,59.968756277437926,2026-03-15 18h44.24.288722 +0100,19.78704069997184,15.705067199887708,2.490563099971041,0.8567773001268506,4.0,1.0,2.0,2.0,1.0,6.0,1,0.75,11.552091058878686,11.21935395880648,-0.3701617897302545,0.4085019280430078,2,1.0,1.2725505784129023,1.15
251,19,018_Yellow.jpg,True,Yellow,100.0,88.0,0.0,01-1/018_Yellow_0.png,,18.0,4.0,"[(4.0, 4.644110299879685)]",31.0,"[13.589548400137573, 19.781048900214955, 21.094046500045806, 22.146561100147665, 29.973575900075957, 34.26457040011883]",19.0,622.6284054999705,659.3865286000073,2.0,Yellow,659.7496845000423,665.1842313001398,"[0.17083333333333334, 0.04]","[-0.0075, -0.28833333333333333]","[4.49963209987618, 5.430516399908811]",665.5646635000594,,665.5797786000185,667.0879993000999,,,2.0,1.0,2026-03-15_18h44.22.803,Week1Train,59.968756277437926,2026-03-15 18h44.24.288722 +0100,44.45959380012937,36.758123100036755,5.434546800097451,1.5233358000405133,4.0,5.0,2.0,2.0,1.0,6.0,1,0.75,11.552091058878686,11.21935395880648,-2.2466562810751625,0.09563827772590054,2,1.0,1.17869148331777,1.15
252,20,021_Cyan.jpg,True,Cyan,0.0,87.0,100.0,01-1/021_Cyan_0.png,,19.0,4.0,"[(4.0, 1.4815476001240313)]",35.0,"[4.144077599979937, 8.860441100085154]",20.0,667.4481711001135,683.388758599991,2.0,Cyan,683.7438119999133,686.7487560000736,"[0.18166666666666667, 0.01]","[-0.011666666666666667, -0.2925]","[1.3709181000012904, 3.001745200017467]",687.1220323999878,,687.1456218000967,687.8196467000525,,,2.0,1.0,2026-03-15_18h44.22.803,Week1Train,59.968756277437926,2026-03-15 18h44.24.288722 +0100,20.371475599939004,15.940587499877438,3.0049440001603216,0.6976143000647426,4.0,1.0,2.0,2.0,1.0,6.0,1,0.75,11.552091058878686,11.21935395880648,-0.39115411253729643,0.40343950250556143,2,1.0,1.2710318507516685,1.15
253,21,025_Cyan.jpg,True,Cyan,7.0,100.0,99.0,01-1/025_Cyan_0.png,,20.0,5.0,"[(5.0, 1.382965800119564)]",50.0,"[6.2068292000330985, 9.087199799949303]",21.0,688.1795151999686,705.0646951999515,2.0,Cyan,705.4245627000928,707.7311555999331,"[0.37666666666666665, 0.095]","[-0.005833333333333334, -0.285]","[1.2717879000119865, 2.3033571999985725]",708.0960804000497,,708.1116879999172,709.0937860000413,,,2.0,1.0,2026-03-15_18h44.22.803,Week1Train,59.968756277437926,2026-03-15 18h44.24.288722 +0100,20.9142708000727,16.885179999982938,2.306592899840325,0.9977055999916047,5.0,1.0,2.0,2.0,1.0,6.0,1,1.0,11.552091058878686,11.21935395880648,-0.4753472401963142,0.38335140696605813,2,1.0,1.3150054220898173,1.2
254,22,014_Red.jpg,True,Red,95.0,0.0,0.0,01-1/014_Red_0.png,,21.0,5.0,"[(5.0, 1.681790400063619)]",18.0,"[4.983727399958298, 6.39661129983142, 7.916592999827117, 9.19217379996553]",22.0,709.4702181001194,722.8952109001111,0.0,Red,723.2548350999132,725.9357211000752,"[0.3675, 0.0325]","[-0.01, -0.2816666666666667]","[1.5737846000120044, 2.6777162000071257]",726.3011310999282,,726.3294925000519,727.1327613000758,,,2.0,1.0,2026-03-15_18h44.22.803,Week1Train,59.968756277437926,2026-03-15 18h44.24.288722 +0100,17.662543199956417,13.424992799991742,2.6808860001619905,0.8316302001476288,5.0,3.0,2.0,2.0,1.0,6.0,1,1.0,11.552091058878686,11.21935395880648,-0.1669349008855316,0.4583629225083659,2,1.0,1.3375088767525096,1.2
255,23,029_Yellow.jpg,True,Yellow,100.0,94.0,5.0,01-1/029_Yellow_0.png,,22.0,5.0,"[(5.0, 1.5987213000189513)]",59.0,"[23.4433595999144, 25.482984399888664, 26.90376119990833]",23.0,727.4980927000288,761.0375997000374,3.0,Yellow,761.4060472999699,764.2464437000453,"[0.37333333333333335, 0.024166666666666666]","[-0.0125, -0.2916666666666667]","[1.472760499920696, 2.8370844998862594]",764.6150076000486,,764.6263582000975,777.136683500139,,,2.0,1.0,2026-03-15_18h44.22.803,Week1Train,59.968756277437926,2026-03-15 18h44.24.288722 +0100,49.63859080011025,33.5395070000086,2.840396400075406,12.521675900090486,5.0,2.0,2.0,2.0,1.0,6.0,1,1.0,11.552091058878686,11.21935395880648,-1.9597755826101901,0.12349133672632358,2,1.0,1.2370474010178971,1.2
256,1,018_Yellow.jpg,True,Yellow,100.0,88.0,0.0,01-1/018_Yellow_0.png,,0.0,4.0,"[(4.0, 1.1984087999444455)]",13.0,"[14.876136699924245, 18.642148399958387]",1.0,162.4666487,183.2137099,2.0,Yellow,183.6096144,185.6318401,"[0.18, 0.025833333333333333]","[-0.010833333333333334, -0.2575]","[1.0522177000530064, 2.018771900096908]",186.0174265,,186.0608431,186.98858,,,2.0,2.0,2026-03-20_16h16.50.737,Week1Train,59.68235854,2026-03-20 16h16.52.471071 +0100,24.521931300000006,20.74706119999999,2.022225700000007,0.971153500000014,4.0,1.0,2.0,2.0,1.0,6.0,1,0.75,11.552091058878686,11.21935395880648,-0.8195632453421114,0.30585637864755055,2,1.0,1.2417569135942652,1.15
257,2,018_Red.jpg,True,Red,97.0,0.0,11.0,01-1/018_Red_0.png,,1.0,5.0,"[(5.0, 1.8795709998812526)]",12.0,"[4.781752799870446, 6.168519799830392, 7.0880861999467015, 8.554451799951494]",2.0,187.3690616,199.6194643,0.0,Red,199.9698677,202.847583,"[0.37416666666666665, 0.041666666666666664]","[-0.0008333333333333334, -0.29333333333333333]","[1.7404616000130773, 2.874609700171277]",203.2127941,,203.2254445,204.7511327,,,2.0,2.0,2026-03-20_16h16.50.737,Week1Train,59.68235854,2026-03-20 16h16.52.471071 +0100,17.38207109999999,12.250402699999995,2.877715299999977,1.538338600000003,5.0,3.0,2.0,2.0,1.0,6.0,1,1.0,11.552091058878686,11.21935395880648,-0.06224169802336783,0.4844445970100976,2,1.0,1.3453333791030293,1.2
258,3,021_Yellow.jpg,True,Yellow,99.0,88.0,0.0,01-1/021_Yellow_0.png,,2.0,5.0,"[(5.0, 1.4655426999088377)]",15.0,"[4.2850897999014705, 8.513272600015625, 9.38207109994255, 10.258657099911943]",3.0,205.1282738,217.5257294,0.0,Yellow,217.8912253,221.2127848,"[0.3425, 0.04833333333333333]","[-0.0025, -0.2891666666666667]","[1.3449099999852479, 3.318322400096804]",221.5794598,,221.6081917,222.4175282,,,2.0,2.0,2026-03-20_16h16.50.737,Week1Train,59.68235854,2026-03-20 16h16.52.471071 +0100,17.289254400000004,12.3974556,3.3215595000000064,0.8380683999999974,5.0,3.0,2.0,2.0,1.0,6.0,1,1.0,11.552091058878686,11.21935395880648,-0.07534877179427586,0.48117171424312644,2,1.0,1.3443515142729379,1.2
259,4,028_Purple.jpg,True,Purple,66.0,0.0,95.0,01-1/028_Purple_0.png,,3.0,4.0,"[(4.0, 1.2510702998843044)]",23.0,"[3.68382090004161, 4.4952370000537485, 6.134187099989504, 7.615788200171664, 8.197251100093126, 10.168099400121719, 12.068143100012094, 13.833459600107744]",4.0,222.7850967,247.6272784,0.0,Purple,247.9872141,249.8628445,"[0.1725, -0.0033333333333333335]","[-0.008333333333333333, -0.27416666666666667]","[1.1386785001959652, 1.8727135001681745]",250.2369842,,250.258275,251.1687383,,,2.0,2.0,2026-03-20_16h16.50.737,Week1Train,59.68235854,2026-03-20 16h16.52.471071 +0100,28.383641600000004,24.842181699999998,1.8756304000000057,0.9317541000000062,4.0,7.0,2.0,2.0,1.0,6.0,1,0.75,11.552091058878686,11.21935395880648,-1.1845682639051989,0.2342318046175959,2,1.0,1.2202695413852789,1.15
260,5,006_Blue.jpg,True,Blue,2.0,6.0,100.0,01-1/006_Blue_0.png,,4.0,5.0,"[(5.0, 1.450280899880454)]",0.0,"[2.014152300078422, 2.699415300041437, 5.13155910000205, 6.354284500004724, 7.432297500083223]",5.0,251.5477798,262.1793847,1.0,Blue,262.5393792,264.8764938,"[0.38333333333333336, 0.04833333333333333]","[-0.0175, -0.27166666666666667]","[1.3216470999177545, 2.334220099961385]",265.2736648,,265.2900764,266.6695311,,,2.0,2.0,2026-03-20_16h16.50.737,Week1Train,59.68235854,2026-03-20 16h16.52.471071 +0100,15.121751299999971,10.631604900000013,2.3371146000000067,1.395866299999966,5.0,4.0,2.0,2.0,1.0,6.0,1,1.0,11.552091058878686,11.21935395880648,0.08204448868075415,0.5204996243697919,2,1.0,1.3561498873109374,1.2
261,6,022_Cyan.jpg,True,Cyan,0.0,96.0,90.0,01-1/022_Cyan_0.png,,5.0,5.0,"[(5.0, 1.1806123999413103)]",17.0,"[2.7926231999881566, 5.779001799877733]",6.0,267.059329,279.504933,2.0,Cyan,279.8687985,281.8452517,"[0.37416666666666665, 0.06583333333333333]","[-0.01, -0.26916666666666667]","[1.0428812000900507, 1.9734019001480192]",282.215883,,282.239838,283.2478814,,,2.0,2.0,2026-03-20_16h16.50.737,Week1Train,59.68235854,2026-03-20 16h16.52.471071 +0100,16.188552399999992,12.445604000000003,1.9764531999999804,1.0319983999999636,5.0,1.0,2.0,2.0,1.0,6.0,1,1.0,11.552091058878686,11.21935395880648,-0.07964032014695163,0.48010043673357017,2,1.0,1.344030131020071,1.2
262,7,007_Blue.jpg,True,Blue,0.0,2.0,97.0,01-1/007_Blue_0.png,,6.0,5.0,"[(5.0, 1.4520862000063062)]",3.0,"[1.7249240998644382, 3.0503796997945756, 4.734672099817544, 5.500353199895471, 6.544552499894053]",7.0,283.6247027,292.3508503,1.0,Blue,292.7332804,294.9102435,"[0.38166666666666665, 0.0375]","[0.0, -0.30833333333333335]","[1.3239257000386715, 2.1741045000962913]",295.2959376,,295.3244425,296.118217,,,2.0,2.0,2026-03-20_16h16.50.737,Week1Train,59.68235854,2026-03-20 16h16.52.471071 +0100,12.493514300000015,8.72614759999999,2.1769630999999663,0.8222794000000135,5.0,4.0,2.0,2.0,1.0,6.0,1,1.0,11.552091058878686,11.21935395880648,0.25188112160954773,0.5626394547433587,2,1.0,1.3687918364230076,1.2
263,8,025_Cyan.jpg,True,Cyan,7.0,100.0,99.0,01-1/025_Cyan_0.png,,7.0,5.0,"[(5.0, 1.2799806999973953)]",22.0,"[2.532219799933955, 5.145071000093594]",8.0,296.4941629,308.0874842,2.0,Cyan,308.4545937,310.6111682,"[0.36666666666666664, 0.06833333333333333]","[-0.025, -0.25916666666666666]","[1.1348174999002367, 2.153613799950108]",310.9993646,,311.0227662,311.8596364,,,2.0,2.0,2026-03-20_16h16.50.737,Week1Train,59.68235854,2026-03-20 16h16.52.471071 +0100,15.365473500000007,11.593321300000014,2.1565745000000334,0.8602718000000209,5.0,1.0,2.0,2.0,1.0,6.0,1,1.0,11.552091058878686,11.21935395880648,-0.00367492114721675,0.4990812707471522,2,1.0,1.3497243812241455,1.2
264,9,016_Green.jpg,True,Green,9.0,100.0,4.0,01-1/016_Green_0.png,,8.0,5.0,"[(5.0, 1.7660763999447227)]",8.0,"[3.081666300073266, 5.004444499965757, 5.828428300097585, 8.134274000069126, 9.61924280016683, 10.654115400044248, 12.071716800099239]",9.0,312.2322235,328.0827129,3.0,Green,328.4494547,331.1251021,"[0.37083333333333335, 0.06333333333333334]","[0.02, -0.25916666666666666]","[1.6440966001246125, 2.6728124001529068]",331.4935808,,331.521755,332.0305986,,,2.0,2.0,2026-03-20_16h16.50.737,Week1Train,59.68235854,2026-03-20 16h16.52.471071 +0100,19.798375100000044,15.850489400000015,2.6756474000000026,0.537017800000001,5.0,6.0,2.0,2.0,1.0,6.0,1,1.0,11.552091058878686,11.21935395880648,-0.38312351646124504,0.4053737643171834,2,1.0,1.321612129295155,1.2
265,10,016_Purple.jpg,True,Purple,64.0,0.0,92.0,01-1/016_Purple_0.png,,9.0,5.0,"[(5.0, 1.5814059001859277)]",9.0,"[3.5147293000482023, 4.823174000019208]",10.0,332.3880529,342.4333259,2.0,Purple,342.800785,345.0439299,"[0.37166666666666665, -0.03916666666666667]","[0.0125, -0.27166666666666667]","[1.4430462999735028, 2.2404108000919223]",345.4123118,,345.4387736,346.182003,,,2.0,2.0,2026-03-20_16h16.50.737,Week1Train,59.68235854,2026-03-20 16h16.52.471071 +0100,13.793950100000018,10.045273000000009,2.2431449000000043,0.7696912000000111,5.0,1.0,2.0,2.0,1.0,6.0,1,1.0,11.552091058878686,11.21935395880648,0.13430524292318283,0.5335259310966607,2,1.0,1.360057779328998,1.2
266,11,022_Yellow.jpg,True,Yellow,98.0,91.0,2.0,01-1/022_Yellow_0.png,,10.0,5.0,"[(5.0, 1.6729200000409037)]",18.0,"[3.812114000087604, 7.498149099992588]",11.0,346.5589704,357.199939,2.0,Yellow,357.6056991,360.0120447,"[0.37, -0.02666666666666667]","[-0.0033333333333333335, -0.2975]","[1.5354472000617534, 2.4016057001426816]",360.5209794,,360.5393791,361.20156,,,2.0,2.0,2026-03-20_16h16.50.737,Week1Train,59.68235854,2026-03-20 16h16.52.471071 +0100,14.642589599999951,10.640968599999951,2.4063456000000087,0.6805805999999848,5.0,1.0,2.0,2.0,1.0,6.0,1,1.0,11.552091058878686,11.21935395880648,0.0812098862576273,0.5202913209410455,2,1.0,1.3560873962823137,1.2
267,12,012_Green.jpg,True,Green,3.0,94.0,4.0,01-1/012_Green_0.png,,11.0,5.0,"[(5.0, 1.179008300183341)]",6.0,"[2.145766800036654, 3.843442900106311, 4.799932299880311, 5.713482399936765, 7.361344499979168, 8.428935599979013, 9.473541700048372]",12.0,361.5923956,374.8943944,3.0,Green,375.2525319,377.2602266,"[0.37083333333333335, 0.06333333333333334]","[-0.005833333333333334, -0.27666666666666667]","[1.068429799983278, 2.004523599985987]",377.6393038,,377.6698326,378.6303966,,,2.0,2.0,2026-03-20_16h16.50.737,Week1Train,59.68235854,2026-03-20 16h16.52.471071 +0100,17.03800100000001,13.301998800000035,2.007694700000002,0.9910927999999899,5.0,6.0,2.0,2.0,1.0,6.0,1,1.0,11.552091058878686,11.21935395880648,-0.15597223757681547,0.4610857985518216,2,1.0,1.3383257395655463,1.2
268,13,006_Red.jpg,True,Red,98.0,0.0,0.0,01-1/006_Red_0.png,,12.0,5.0,"[(5.0, 1.2823266999330372)]",1.0,"[2.3296231001149863, 3.5480619000736624, 4.290884200017899, 5.216481200186536]",13.0,379.0099587,386.9908052,0.0,Red,387.3447782,389.3559114,"[0.3725, 0.05333333333333334]","[-0.008333333333333333, -0.30416666666666664]","[1.1627605000976473, 2.0082689002156258]",389.7428697,,389.7686477,390.7051956,,,2.0,2.0,2026-03-20_16h16.50.737,Week1Train,59.68235854,2026-03-20 16h16.52.471071 +0100,11.695236899999998,7.980846499999984,2.0111332000000175,0.9623258999999962,5.0,3.0,2.0,2.0,1.0,6.0,1,1.0,11.552091058878686,11.21935395880648,0.31831106960267547,0.5789125918150391,2,1.0,1.3736737775445116,1.2
269,14,016_Yellow.jpg,True,Yellow,98.0,100.0,11.0,01-1/016_Yellow_0.png,,13.0,5.0,"[(5.0, 1.446920600021258)]",10.0,[2.3741198000498116],14.0,391.074757,399.0631738,1.0,Yellow,399.4304442,401.4910786,"[0.375, 0.056666666666666664]","[0.009166666666666667, -0.285]","[1.3063779999502003, 2.0576218001078814]",401.8587143,,401.8843655,402.9744838,,,2.0,2.0,2026-03-20_16h16.50.737,Week1Train,59.68235854,2026-03-20 16h16.52.471071 +0100,11.899726799999996,7.988416800000039,2.0606343999999694,1.115769499999999,5.0,1.0,2.0,2.0,1.0,6.0,1,1.0,11.552091058878686,11.21935395880648,0.317636315955732,0.5787480964747186,2,1.0,1.3736244289424155,1.2
270,15,006_Yellow.jpg,True,Yellow,100.0,100.0,9.0,01-1/006_Yellow_0.png,,14.0,5.0,"[(5.0, 1.2963101998902857)]",2.0,[4.358200900023803],15.0,403.3399666,411.1124901,1.0,Yellow,411.4832165,413.6374263,"[0.375, 0.030833333333333334]","[-0.0033333333333333335, -0.2875]","[1.154294699896127, 2.150849999859929]",414.0025302,,414.034651,414.6262587,,,2.0,2.0,2026-03-20_16h16.50.737,Week1Train,59.68235854,2026-03-20 16h16.52.471071 +0100,11.286292099999969,7.772523499999977,2.1542097999999896,0.6237284999999702,5.0,1.0,2.0,2.0,1.0,6.0,1,1.0,11.552091058878686,11.21935395880648,0.3368792510474267,0.583432257094167,2,1.0,1.37502967712825,1.2
271,16,018_Green.jpg,True,Green,0.0,98.0,4.0,01-1/018_Green_0.png,,15.0,5.0,"[(5.0, 1.145962999900803)]",11.0,"[2.3093316999729723, 3.7230462001170963, 5.0194074001628906, 6.292609900003299, 7.485913299955428]",16.0,414.9996282,425.5367773,1.0,Green,425.8980952,428.0375546,"[0.37333333333333335, 0.08583333333333333]","[-0.013333333333333334, -0.25083333333333335]","[1.0382212998811156, 2.1360725997947156]",428.4032149,,428.4172245,429.3437405,,,2.0,2.0,2026-03-20_16h16.50.737,Week1Train,59.68235854,2026-03-20 16h16.52.471071 +0100,14.344112300000006,10.537149099999965,2.139459400000021,0.9405256000000008,5.0,4.0,2.0,2.0,1.0,6.0,1,1.0,11.552091058878686,11.21935395880648,0.09046349394138295,0.5226004627425437,2,1.0,1.356780138822763,1.2
272,17,024_Blue.jpg,True,Blue,2.0,2.0,100.0,01-1/024_Blue_0.png,,16.0,5.0,"[(5.0, 1.2478247000835836)]",20.0,"[2.173796799965203, 3.6038003999274224, 5.515885700006038, 6.425001600058749, 7.072967600077391]",17.0,429.7023386,438.9155818,1.0,Blue,439.2783739,441.4701209,"[0.37416666666666665, 0.03333333333333333]","[0.019166666666666665, -0.2816666666666667]","[1.138097899965942, 2.1886929001193494]",441.8755798,,441.9165508,442.7554845,,,2.0,2.0,2026-03-20_16h16.50.737,Week1Train,59.68235854,2026-03-20 16h16.52.471071 +0100,13.053145900000004,9.213243199999965,2.191746999999964,0.8799046999999973,5.0,4.0,2.0,2.0,1.0,6.0,1,1.0,11.552091058878686,11.21935395880648,0.20846546668071503,0.5519284445233014,2,1.0,1.3655785333569903,1.2
273,18,022_Blue.jpg,True,Blue,4.0,0.0,99.0,01-1/022_Blue_0.png,,17.0,5.0,"[(5.0, 1.6150770999956876)]",16.0,"[3.6241676001809537, 4.465907200006768, 7.276576700154692, 8.841830700170249, 9.803636100143194]",18.0,443.1413409,455.0083874,1.0,Blue,455.3635328,457.7222721,"[0.37, 0.05583333333333333]","[-0.013333333333333334, -0.28583333333333333]","[1.4709880999289453, 2.355692100012675]",458.0858065,,458.0991695,460.3439748,,,2.0,2.0,2026-03-20_16h16.50.737,Week1Train,59.68235854,2026-03-20 16h16.52.471071 +0100,17.202633900000023,11.867046500000015,2.3587393000000247,2.2581683000000226,5.0,4.0,2.0,2.0,1.0,6.0,1,1.0,11.552091058878686,11.21935395880648,-0.028072511329773057,0.49298233302683575,2,1.0,1.3478946999080506,1.2
274,19,021_Cyan.jpg,True,Cyan,0.0,87.0,100.0,01-1/021_Cyan_0.png,,18.0,5.0,"[(5.0, 1.4147336999885738)]",14.0,"[0.14181860000826418, 3.1124690000433475]",19.0,460.718196,468.6876851,2.0,Cyan,469.042344,471.3353983,"[0.3725, 0.015]","[-0.0016666666666666668, -0.30083333333333334]","[1.3072240999899805, 2.2902841998729855]",471.704632,,471.7322859,472.2926351,,,2.0,2.0,2026-03-20_16h16.50.737,Week1Train,59.68235854,2026-03-20 16h16.52.471071 +0100,11.574439100000006,7.9694891000000325,2.2930542999999943,0.5880030999999803,5.0,1.0,2.0,2.0,1.0,6.0,1,1.0,11.552091058878686,11.21935395880648,0.31932337387987825,0.5791593443334929,2,1.0,1.3737478033000479,1.2
275,20,009_Green.jpg,True,Green,2.0,100.0,5.0,01-1/009_Green_0.png,,19.0,5.0,"[(5.0, 1.4839549998287112)]",4.0,"[1.5429237999487668, 4.1799306999892, 5.410657599801198, 6.268957199994475, 7.259059599833563]",20.0,472.6546598,482.3897005,1.0,Green,482.7427618,484.9014309,"[0.38166666666666665, 0.019166666666666665]","[0.014166666666666666, -0.2608333333333333]","[1.374775799922645, 2.1560285000596195]",485.3055349,,485.3326374,486.4901033,,,2.0,2.0,2026-03-20_16h16.50.737,Week1Train,59.68235854,2026-03-20 16h16.52.471071 +0100,13.835443499999997,9.735040700000013,2.1586690999999973,1.1845683999999892,5.0,4.0,2.0,2.0,1.0,6.0,1,1.0,11.552091058878686,11.21935395880648,0.16195677269388614,0.5404009220859439,2,1.0,1.3621202766257832,1.2
276,21,014_Red.jpg,True,Red,95.0,0.0,0.0,01-1/014_Red_0.png,,20.0,5.0,"[(5.0, 1.2142647001892328)]",7.0,"[4.295397500041872, 5.404531100066379, 6.235627999994904, 7.312831399962306]",21.0,486.8490809,496.9527314,0.0,Red,497.3079289,499.2524607,"[0.38416666666666666, 0.04833333333333333]","[-0.0075, -0.2758333333333333]","[1.0737965998705477, 1.9414915000088513]",499.6177518,,499.6314398,500.1716348,,,2.0,2.0,2026-03-20_16h16.50.737,Week1Train,59.68235854,2026-03-20 16h16.52.471071 +0100,13.322553900000003,10.103650500000015,1.944531799999993,0.5538829999999848,5.0,3.0,2.0,2.0,1.0,6.0,1,1.0,11.552091058878686,11.21935395880648,0.12910195758123286,0.5322307351735103,2,1.0,1.359669220552053,1.2
277,22,010_Green.jpg,True,Green,1.0,100.0,11.0,01-1/010_Green_0.png,,21.0,5.0,"[(5.0, 1.6485017999075353)]",5.0,"[2.9647425999864936, 8.44041769998148, 9.170665699988604, 10.004878500010818, 10.912556999828666]",22.0,500.5527695,514.6027033,1.0,Green,515.0005785,517.6161354,"[0.37083333333333335, 0.016666666666666666]","[-0.02, -0.2925]","[1.4812195000704378, 2.6127319999504834]",517.9853803,,518.0137594,519.3563133,,,2.0,2.0,2026-03-20_16h16.50.737,Week1Train,59.68235854,2026-03-20 16h16.52.471071 +0100,18.8035438,14.04993380000002,2.6155569000000014,1.3709330000000364,5.0,4.0,2.0,2.0,1.0,6.0,1,1.0,11.552091058878686,11.21935395880648,-0.222636949533149,0.44456953482190187,2,1.0,1.3333708604465706,1.2
278,23,024_Green.jpg,True,Green,2.0,100.0,1.0,01-1/024_Green_0.png,,22.0,5.0,"[(5.0, 2.0827173001598567)]",21.0,"[2.2036792000290006, 5.252296900143847, 7.067543700104579, 7.824815300060436, 8.55089750001207]",23.0,519.714883,531.8936695,1.0,Green,532.2567082,534.9881472,"[0.37916666666666665, 0.035]","[0.005, -0.27]","[1.9407548001036048, 2.7282388999592513]",535.3949024,,535.4139602,538.6707678,,,2.0,2.0,2026-03-20_16h16.50.737,Week1Train,59.68235854,2026-03-20 16h16.52.471071 +0100,18.955884800000035,12.178786500000001,2.7314389999999094,3.2758654000000433,5.0,4.0,2.0,2.0,1.0,6.0,1,1.0,11.552091058878686,11.21935395880648,-0.055858424952303,0.4860390236174046,2,1.0,1.3458117070852214,1.2
279,24,023_Red.jpg,True,Red,100.0,0.0,1.0,01-1/023_Red_0.png,,23.0,5.0,"[(5.0, 1.21269670012407)]",19.0,"[1.8356333000119776, 2.9709829001221806, 3.8151756001170725, 5.046618500025943]",24.0,539.0290757,547.7713482,0.0,Red,548.1243659,550.0987413,"[0.37166666666666665, 0.034166666666666665]","[-0.004166666666666667, -0.2791666666666667]","[1.0728849000297487, 1.9714088002219796]",550.4653364,,550.4955521,551.139737,,,2.0,2.0,2026-03-20_16h16.50.737,Week1Train,59.68235854,2026-03-20 16h16.52.471071 +0100,12.110661299999947,8.742272500000013,1.9743753999999853,0.6744006000000127,5.0,3.0,2.0,2.0,1.0,6.0,1,1.0,11.552091058878686,11.21935395880648,0.250443881991364,0.5622857523555579,2,1.0,1.3686857257066674,1.2
280,25,029_Yellow.jpg,True,Yellow,100.0,94.0,5.0,01-1/029_Yellow_0.png,,24.0,5.0,"[(5.0, 1.3832425998989493)]",24.0,[2.634751600213349],25.0,551.501417,559.3788789,1.0,Yellow,559.7398694,561.9206726,"[0.36, 0.0475]","[0.0033333333333333335, -0.2625]","[1.2739852000959218, 2.177788400091231]",562.3715625,,562.3957166,563.2330377,,,2.0,2.0,2026-03-20_16h16.50.737,Week1Train,59.68235854,2026-03-20 16h16.52.471071 +0100,11.731620700000008,7.877461900000071,2.180803200000014,0.8614751999999726,5.0,1.0,2.0,2.0,1.0,6.0,1,1.0,11.552091058878686,11.21935395880648,0.3275259139136318,0.5811572720990023,2,1.0,1.3743471816297006,1.2
281,1,018_Yellow.jpg,True,Yellow,100.0,88.0,0.0,01-1/018_Yellow_0.png,,0.0,5.0,"[(5.0, 1.7003609000239521)]",13.0,[5.717707599978894],1.0,15.024474400095642,24.39777890010737,1.0,Yellow,24.772425699979067,27.43576409993693,"[0.3725, 0.05583333333333333]","[0.013333333333333334, -0.2808333333333333]","[1.5668000997975469, 2.661095199873671]",27.8220033000689,,27.867173500126228,28.812036199960858,,,2.0,3.0,2026-03-21_21h50.12.707,Week1Train,60.20172390259611,2026-03-21 21h50.14.343370 +0100,13.787561799865216,9.373304500011727,2.663338399957862,0.9900328998919576,5.0,1.0,2.0,2.0,1.0,6.0,1,1.0,11.552091058878686,11.21935395880648,0.1941989322082801,0.5483977257101033,2,1.0,1.3645193177130308,1.2
282,2,018_Red.jpg,True,Red,97.0,0.0,11.0,01-1/018_Red_0.png,,1.0,5.0,"[(5.0, 1.4465755000710487)]",12.0,"[3.038787999888882, 3.9994538999162614, 5.4777514999732375, 6.255047499900684]",2.0,29.20189219992608,37.93175540002994,0.0,Red,38.29701939993538,40.43496480002068,"[0.3775, 0.03916666666666667]","[-0.0025, -0.2825]","[1.3064359999261796, 2.1349768999498338]",40.809474500129,,40.832681300118566,42.79160230001435,,,2.0,3.0,2026-03-21_21h50.12.707,Week1Train,60.20172390259611,2026-03-21 21h50.14.343370 +0100,13.589710100088269,8.729863200103864,2.1379454000853,1.9821277998853475,5.0,3.0,2.0,2.0,1.0,6.0,1,1.0,11.552091058878686,11.21935395880648,0.2515499438859893,0.5625579580650437,2,1.0,1.368767387419513,1.2
283,3,021_Yellow.jpg,True,Yellow,99.0,88.0,0.0,01-1/021_Yellow_0.png,,2.0,5.0,"[(5.0, 1.4794983000028878)]",15.0,"[3.0658366999123245, 5.634460000088438]",3.0,43.15469260001555,51.23388239997439,2.0,Yellow,51.59703509998508,53.76733239996247,"[0.3725, 0.015]","[-0.005, -0.28]","[1.336297799833119, 2.1678978998679668]",54.13550089998171,,54.16613629995845,54.97393240011297,,,2.0,3.0,2026-03-21_21h50.12.707,Week1Train,60.20172390259611,2026-03-21 21h50.14.343370 +0100,11.81923980009742,8.07918979995884,2.170297299977392,0.8384315001312643,5.0,1.0,2.0,2.0,1.0,6.0,1,1.0,11.552091058878686,11.21935395880648,0.3095455648935863,0.5767743348036144,2,1.0,1.3730323004410843,1.2
284,4,028_Purple.jpg,True,Purple,66.0,0.0,95.0,01-1/028_Purple_0.png,,3.0,5.0,"[(5.0, 1.3642726999241859)]",23.0,"[3.0634463999886066, 4.05930530000478]",4.0,55.35389039991424,69.1116686000023,2.0,Purple,69.47827939991839,71.6020889999345,"[0.3641666666666667, 0.06333333333333334]","[-0.018333333333333333, -0.2808333333333333]","[1.2359704000409693, 2.121213800041005]",71.96542360004969,,71.98123780009337,72.60639570001513,,,2.0,3.0,2026-03-21_21h50.12.707,Week1Train,60.20172390259611,2026-03-21 21h50.14.343370 +0100,17.252505300100886,13.757778200088062,2.123809600016102,0.6409720999654382,5.0,1.0,2.0,2.0,1.0,6.0,1,1.0,11.552091058878686,11.21935395880648,-0.19659662662465976,0.45100853608457453,2,1.0,1.3353025608253724,1.2
285,5,006_Blue.jpg,True,Blue,2.0,6.0,100.0,01-1/006_Blue_0.png,,4.0,5.0,"[(5.0, 1.3127007000148296)]",0.0,"[1.621237700106576, 2.4749992000870407, 4.31308660004288, 5.162034500157461, 5.84080780018121]",5.0,72.96830440009944,81.01202240004204,1.0,Blue,81.37898220005445,83.90294900001027,"[0.38, 0.03833333333333333, 0.0525]","[0.018333333333333333, -0.24083333333333334, -0.2758333333333333]","[1.20271490002051, 2.075383299961686, 2.5213434000033885]",84.26876930007711,,84.28107300004922,85.41760920011438,,,2.0,3.0,2026-03-21_21h50.12.707,Week1Train,60.20172390259611,2026-03-21 21h50.14.343370 +0100,12.449304800014943,8.0437179999426,2.523966799955815,1.1488399000372738,5.0,4.0,2.0,2.0,1.0,6.0,1,1.0,11.552091058878686,11.21935395880648,0.3127072264425917,0.5775459264793559,2,1.0,1.3732637779438066,1.2
286,6,022_Cyan.jpg,True,Cyan,0.0,96.0,90.0,01-1/022_Cyan_0.png,,5.0,5.0,"[(5.0, 1.0164191001094878)]",17.0,"[2.289739599917084, 5.276447199983522]",6.0,85.78258559992537,97.29640479991212,2.0,Cyan,97.6579245000612,99.48255160008556,"[0.3858333333333333, 0.041666666666666664]","[-0.0025, -0.3025]","[0.9066558999475092, 1.822334999917075]",99.85460010007957,,99.88044969993643,100.50344100012444,,,2.0,3.0,2026-03-21_21h50.12.707,Week1Train,60.20172390259611,2026-03-21 21h50.14.343370 +0100,14.72085540019907,11.513819199986756,1.8246271000243581,0.648840900044874,5.0,1.0,2.0,2.0,1.0,6.0,1,1.0,11.552091058878686,11.21935395880648,0.003411235533922075,0.5008528080565037,2,1.0,1.350255842416951,1.2
287,7,007_Blue.jpg,True,Blue,0.0,2.0,97.0,01-1/007_Blue_0.png,,6.0,5.0,"[(5.0, 1.3949678998906165)]",3.0,"[2.1148980997968465, 2.8697284997906536, 4.06824649986811, 4.688579499954358, 7.580460299970582]",7.0,100.86755020008422,110.13341309991664,1.0,Blue,110.49401720007882,112.66507240012288,"[0.37, 0.03916666666666667]","[0.0033333333333333335, -0.2891666666666667]","[1.2862976999022067, 2.168341599870473]",113.03865800006317,,113.06395149999298,114.8899213001132,,,2.0,3.0,2026-03-21_21h50.12.707,Week1Train,60.20172390259611,2026-03-21 21h50.14.343370 +0100,14.022371100028977,9.265862899832413,2.1710552000440657,1.8512633000500358,5.0,4.0,2.0,2.0,1.0,6.0,1,1.0,11.552091058878686,11.21935395880648,0.20377538380913002,0.5507682904836166,2,1.0,1.3652304871450849,1.2
288,8,025_Cyan.jpg,True,Cyan,7.0,100.0,99.0,01-1/025_Cyan_0.png,,7.0,5.0,"[(5.0, 1.549083000048995)]",22.0,"[1.3111805999651551, 3.2922298000194132]",8.0,115.24937140010296,123.3675941999536,2.0,Cyan,123.72573910001664,126.1670027000364,"[0.36333333333333334, -0.0075]","[-0.0075, -0.28583333333333333]","[1.4370963999535888, 2.4384687999263406]",126.5373257000465,,126.56269360007718,127.20519350003453,,,2.0,3.0,2026-03-21_21h50.12.707,Week1Train,60.20172390259611,2026-03-21 21h50.14.343370 +0100,11.955822099931567,8.118222799850642,2.4412636000197665,0.6678677999880307,5.0,1.0,2.0,2.0,1.0,6.0,1,1.0,11.552091058878686,11.21935395880648,0.30606648757459654,0.5759248461491976,2,1.0,1.3727774538447592,1.2
289,9,016_Green.jpg,True,Green,9.0,100.0,4.0,01-1/016_Green_0.png,,8.0,5.0,"[(5.0, 0.9981756000779569)]",8.0,"[1.367134999949485, 3.1285790998954326, 3.9722339001018554, 5.958139199996367, 7.853797599906102]",9.0,127.56928710010834,138.3293419999536,1.0,Green,138.68906100001186,140.46684559993446,"[0.37833333333333335, 0.05583333333333333]","[-0.0016666666666666668, -0.28]","[0.890756499953568, 1.774589299922809]",140.84011170011945,,140.8640797000844,142.19648439995944,,,2.0,3.0,2026-03-21_21h50.12.707,Week1Train,60.20172390259611,2026-03-21 21h50.14.343370 +0100,14.627197299851105,10.760054899845272,1.7777845999225974,1.3563726998399943,5.0,4.0,2.0,2.0,1.0,6.0,1,1.0,11.552091058878686,11.21935395880648,0.07059552287426635,0.517641554601486,2,1.0,1.3552924663804458,1.2
290,10,016_Purple.jpg,True,Purple,64.0,0.0,92.0,01-1/016_Purple_0.png,,9.0,5.0,"[(5.0, 1.2144855000078678)]",9.0,"[3.49003029987216, 4.426461699884385]",10.0,142.56659840000793,154.40720920008607,2.0,Purple,154.77450640010647,156.74739659996703,"[0.37833333333333335, 0.06166666666666667]","[0.006666666666666667, -0.2991666666666667]","[1.1044900000561029, 1.9701710001099855]",157.12005780008622,,157.14482269994917,157.8677672999911,,,2.0,3.0,2026-03-21_21h50.12.707,Week1Train,60.20172390259611,2026-03-21 21h50.14.343370 +0100,15.301168899983168,11.840610800078139,1.972890199860558,0.7477094999048859,5.0,1.0,2.0,2.0,1.0,6.0,1,1.0,11.552091058878686,11.21935395880648,-0.025716252670055322,0.4935712911177554,2,1.0,1.3480713873353265,1.2
291,11,022_Yellow.jpg,True,Yellow,98.0,91.0,2.0,01-1/022_Yellow_0.png,,10.0,5.0,"[(5.0, 1.1993297000881284)]",18.0,"[2.151493899989873, 4.567237000213936]",11.0,158.2314341000747,166.96604659990408,2.0,Yellow,167.32357640005648,169.2477901999373,"[0.38416666666666666, 0.0525]","[0.0, -0.27]","[1.087230799952522, 1.9208356000017375]",169.61739980010316,,169.64481860003434,170.0875383000821,,,2.0,3.0,2026-03-21_21h50.12.707,Week1Train,60.20172390259611,2026-03-21 21h50.14.343370 +0100,11.856104200007394,8.734612499829382,1.9242137998808175,0.47013849997892976,5.0,1.0,2.0,2.0,1.0,6.0,1,1.0,11.552091058878686,11.21935395880648,0.2511266307662718,0.5624537836630618,2,1.0,1.3687361350989184,1.2
292,12,012_Green.jpg,True,Green,3.0,94.0,4.0,01-1/012_Green_0.png,,11.0,5.0,"[(5.0, 1.2997872000560164)]",6.0,"[1.864682100014761, 4.244973399909213, 5.274217600002885, 6.448220699792728, 8.6995350997895]",12.0,170.45183259993792,181.71336690010503,1.0,Green,182.08757360000163,184.0964554999955,"[0.38083333333333336, 0.0925]","[-0.005, -0.2725]","[1.1566631000023335, 2.0058077999856323]",184.4651810999494,,184.49406930012628,185.84885750012472,,,2.0,3.0,2026-03-21_21h50.12.707,Week1Train,60.20172390259611,2026-03-21 21h50.14.343370 +0100,15.397024900186807,11.261534300167114,2.0088818999938667,1.3836764001753181,5.0,4.0,2.0,2.0,1.0,6.0,1,1.0,11.552091058878686,11.21935395880648,0.02589781548727266,0.5064740920297702,2,1.0,1.351942227608931,1.2
293,13,006_Red.jpg,True,Red,98.0,0.0,0.0,01-1/006_Red_0.png,,12.0,5.0,"[(5.0, 1.2362335999496281)]",1.0,"[2.9486970000434667, 3.780993400141597, 4.487604100024328, 5.336537500144914]",13.0,186.21519550005905,194.48509100009687,0.0,Red,194.8371590001043,196.8966979000252,"[0.3575, 0.06916666666666667]","[-0.004166666666666667, -0.25666666666666665]","[1.0933783000800759, 2.0570477000437677]",197.25981339998543,,197.2769077999983,198.90532619995065,,,2.0,3.0,2026-03-21_21h50.12.707,Week1Train,60.20172390259611,2026-03-21 21h50.14.343370 +0100,12.690130699891597,8.26989550003782,2.059538899920909,1.6455127999652177,5.0,3.0,2.0,2.0,1.0,6.0,1,1.0,11.552091058878686,11.21935395880648,0.2925476431969197,0.5726197234505103,2,1.0,1.371785917035153,1.2
294,14,016_Yellow.jpg,True,Yellow,98.0,100.0,11.0,01-1/016_Yellow_0.png,,13.0,5.0,"[(5.0, 1.5128436998929828)]",10.0,[3.2764085999224335],14.0,199.2761747001205,215.38621019991115,1.0,Yellow,215.737070000032,218.0112252999097,"[0.365, -0.06833333333333333]","[-0.004166666666666667, -0.3175]","[1.3718213001266122, 2.2720443001016974]",218.3804655999411,,218.3925244999118,218.8145896999631,,,2.0,3.0,2026-03-21_21h50.12.707,Week1Train,60.20172390259611,2026-03-21 21h50.14.343370 +0100,19.538414999842615,16.110035499790655,2.2741552998777195,0.43412410002201796,5.0,1.0,2.0,2.0,1.0,6.0,1,1.0,11.552091058878686,11.21935395880648,-0.40625729945299327,0.39980988914760046,2,1.0,1.3199429667442801,1.2
295,15,006_Yellow.jpg,True,Yellow,100.0,100.0,9.0,01-1/006_Yellow_0.png,,14.0,5.0,"[(5.0, 1.4957892000675201)]",2.0,[2.481756800087169],15.0,219.18292329995893,224.3364053000696,1.0,Yellow,224.68963330006227,227.1018388001248,"[0.37416666666666665, 0.0575]","[-0.008333333333333333, -0.295]","[1.3873668999876827, 2.4095220000017434]",227.47475429996848,,227.49218680011109,228.1998451999389,,,2.0,3.0,2026-03-21_21h50.12.707,Week1Train,60.20172390259611,2026-03-21 21h50.14.343370 +0100,9.016921899979963,5.153482000110671,2.4122055000625267,0.7250908999704109,5.0,1.0,2.0,2.0,1.0,6.0,1,1.0,11.552091058878686,11.21935395880648,0.5703188510017115,0.6388367450977651,2,1.0,1.3916510235293296,1.2
296,16,018_Green.jpg,True,Green,0.0,98.0,4.0,01-1/018_Green_0.png,,15.0,5.0,"[(5.0, 1.1802453000564128)]",11.0,"[1.6350849999580532, 3.312607500003651, 4.532268000068143, 6.045242199907079, 6.889470299938694]",16.0,228.565022099996,238.14609210006893,1.0,Green,238.50465909997,240.42795970011505,"[0.36, 0.06166666666666667]","[-0.015833333333333335, -0.2991666666666667]","[1.076042499858886, 1.9202365998644382]",240.794691399904,,240.8083343000617,241.2688370000105,,,2.0,3.0,2026-03-21_21h50.12.707,Week1Train,60.20172390259611,2026-03-21 21h50.14.343370 +0100,12.703814900014493,9.581070000072913,1.9233006001450406,0.4741456001065103,5.0,4.0,2.0,2.0,1.0,6.0,1,1.0,11.552091058878686,11.21935395880648,0.1756804416762916,0.5438074968481608,2,1.0,1.3631422490544483,1.2
297,17,024_Blue.jpg,True,Blue,2.0,2.0,100.0,01-1/024_Blue_0.png,,16.0,5.0,"[(5.0, 1.2809690998401493)]",20.0,"[2.6708519000094384, 3.8234327998943627, 5.98589379992336, 6.934595699887723]",17.0,241.63315599993803,250.9278273999225,0.0,Blue,251.28521510004063,253.4612823999487,"[0.37166666666666665, 0.09166666666666666]","[-0.004166666666666667, -0.26666666666666666]","[1.1733967000618577, 2.1733897000085562]",253.82524879998527,,253.84144060011025,254.548311999999,,,2.0,3.0,2026-03-21_21h50.12.707,Week1Train,60.20172390259611,2026-03-21 21h50.14.343370 +0100,12.91515600006096,9.29467139998448,2.1760672999080555,0.723063200013712,5.0,3.0,2.0,2.0,1.0,6.0,1,1.0,11.552091058878686,11.21935395880648,0.20120763345043363,0.5501328885812609,2,1.0,1.3650398665743781,1.2
298,18,022_Blue.jpg,True,Blue,4.0,0.0,99.0,01-1/022_Blue_0.png,,17.0,5.0,"[(5.0, 1.1838386000599712)]",16.0,"[2.585550600197166, 3.435472800163552, 6.78967020008713, 7.541297300020233]",18.0,254.9089158999268,265.70692369993776,0.0,Blue,266.07342380005866,267.978236499941,"[0.38083333333333336, 0.013333333333333334]","[0.005833333333333334, -0.30833333333333335]","[1.0365134000312537, 1.9023597000632435]",268.344778199913,,268.35849340003915,268.99841669993475,,,2.0,3.0,2026-03-21_21h50.12.707,Week1Train,60.20172390259611,2026-03-21 21h50.14.343370 +0100,14.089500800007954,10.798007800010964,1.9048126998823136,0.6536385000217706,5.0,3.0,2.0,2.0,1.0,6.0,1,1.0,11.552091058878686,11.21935395880648,0.06721271667124952,0.51679685625837,2,1.0,1.355039056877511,1.2
299,19,021_Cyan.jpg,True,Cyan,0.0,87.0,100.0,01-1/021_Cyan_0.png,,18.0,4.0,"[(4.0, 1.8286276999861002)]",14.0,[3.1237900000996888],19.0,269.36086590006016,296.63832579995506,1.0,Green,297.00397780002095,299.6614244999364,"[0.17083333333333334, 0.020833333333333332]","[-0.005833333333333334, -0.26166666666666666]","[1.6873929998837411, 2.6541744000278413]",300.02444919990376,300.0898281999398,305.09140560007654,306.5647227000445,,,2.0,3.0,2026-03-21_21h50.12.707,Week1Train,60.20172390259611,2026-03-21 21h50.14.343370 +0100,37.20385679998435,27.277459899894893,2.657446699915454,6.540273500140756,-4.0,1.0,2.0,2.0,1.0,6.0,0,0.75,11.552091058878686,11.21935395880648,-1.4016287300279704,0.19755778378365493,0,1.0,0.2092673351350965,0.15000000000000002
300,20,009_Green.jpg,True,Green,2.0,100.0,5.0,01-1/009_Green_0.png,,19.0,5.0,"[(5.0, 1.6764643001370132)]",4.0,"[2.3860456000547856, 9.462183899944648, 10.559196999995038, 11.594554099952802, 12.413159699877724]",20.0,306.9249221000355,321.43179240007885,1.0,Green,321.7916610999964,324.3913072999567,"[0.37416666666666665, 0.01]","[-0.0008333333333333334, -0.2941666666666667]","[1.5640682000666857, 2.5967371999286115]",324.76065040007234,,324.7892752001062,325.3311012000777,,,2.0,3.0,2026-03-21_21h50.12.707,Week1Train,60.20172390259611,2026-03-21 21h50.14.343370 +0100,18.40617910004221,14.506870300043374,2.5996461999602616,0.5704508000053465,5.0,4.0,2.0,2.0,1.0,6.0,1,1.0,11.552091058878686,11.21935395880648,-0.2633644728576706,0.4345368268456652,2,1.0,1.3303610480536996,1.2
301,21,014_Red.jpg,True,Red,95.0,0.0,0.0,01-1/014_Red_0.png,,20.0,5.0,"[(5.0, 1.546992499846965)]",7.0,"[2.2924353999551386, 3.1353450999595225, 3.8356934001203626, 4.586730899987742]",21.0,325.6933653000742,333.2749582999386,0.0,Red,333.63331070006825,336.1074628001079,"[0.37166666666666665, -0.02666666666666667]","[0.005833333333333334, -0.2841666666666667]","[1.4073643998708576, 2.4714782000519335]",336.4808811999392,,336.5047406000085,337.7446987999137,,,2.0,3.0,2026-03-21_21h50.12.707,Week1Train,60.20172390259611,2026-03-21 21h50.14.343370 +0100,12.051333499839473,7.58159299986437,2.474152100039646,1.2638175999745158,5.0,3.0,2.0,2.0,1.0,6.0,1,1.0,11.552091058878686,11.21935395880648,0.35389720955347237,0.5875623219722126,2,1.0,1.3762686965916637,1.2
302,22,010_Green.jpg,True,Green,1.0,100.0,11.0,01-1/010_Green_0.png,,21.0,5.0,"[(5.0, 1.534514799946919)]",5.0,"[1.7291635998990387, 5.142398199997842, 5.989466400118545, 6.812553500058129, 7.61514290003106]",22.0,338.1101883999072,347.86082790000364,1.0,Green,348.214419899974,350.5406434999313,"[0.3725, 0.058333333333333334]","[0.0225, -0.2833333333333333]","[1.3957065001595765, 2.3240386000834405]",350.9392377999611,,350.9880325999111,351.94306709989905,,,2.0,3.0,2026-03-21_21h50.12.707,Week1Train,60.20172390259611,2026-03-21 21h50.14.343370 +0100,13.832878699991852,9.75063950009644,2.326223599957302,1.0038292999379337,5.0,4.0,2.0,2.0,1.0,6.0,1,1.0,11.552091058878686,11.21935395880648,0.16056642525020084,0.5400555852556994,2,1.0,1.3620166755767098,1.2
303,23,024_Green.jpg,True,Green,2.0,100.0,1.0,01-1/024_Green_0.png,,22.0,5.0,"[(5.0, 1.750026399968192)]",21.0,"[3.346388299949467, 5.211435999954119, 6.296219600131735, 7.000559800071642, 8.85257300012745]",23.0,352.30782420001924,364.0761671999935,1.0,Green,364.4311116000172,366.973326700041,"[0.36333333333333334, -0.035]","[0.0025, -0.2875]","[1.6420563000719994, 2.539561100071296]",367.3399006999098,,367.3701585000381,368.6965443000663,,,2.0,3.0,2026-03-21_21h50.12.707,Week1Train,60.20172390259611,2026-03-21 21h50.14.343370 +0100,16.388720100047067,11.768342999974266,2.5422151000238387,1.3566436001565307,5.0,4.0,2.0,2.0,1.0,6.0,1,1.0,11.552091058878686,11.21935395880648,-0.019274901379311225,0.4951814238380985,2,1.0,1.3485544271514296,1.2
304,24,023_Red.jpg,True,Red,100.0,0.0,1.0,01-1/023_Red_0.png,,23.0,5.0,"[(5.0, 1.2990723000839353)]",19.0,"[2.9248234999831766, 4.056258499855176, 4.802970899967477, 6.066739899804816]",24.0,369.0555402999744,378.15457540005445,0.0,Red,378.5128844000865,380.642120399978,"[0.36083333333333334, 0.0425]","[-0.008333333333333333, -0.2891666666666667]","[1.1906745000742376, 2.1261946000158787]",381.00161670008674,,381.0204650000669,381.9940758999437,,,2.0,3.0,2026-03-21_21h50.12.707,Week1Train,60.20172390259611,2026-03-21 21h50.14.343370 +0100,12.938535599969327,9.099035100080073,2.1292359998915344,0.9924591998569667,5.0,3.0,2.0,2.0,1.0,6.0,1,1.0,11.552091058878686,11.21935395880648,0.21864502785145842,0.5544445332307181,2,1.0,1.3663333599692153,1.2
305,25,029_Yellow.jpg,True,Yellow,100.0,94.0,5.0,01-1/029_Yellow_0.png,,24.0,5.0,"[(5.0, 1.383093100041151)]",24.0,[5.224610399920493],25.0,382.3587327999994,391.5871572999749,1.0,Yellow,391.9460632000119,394.1234871000052,"[0.36916666666666664, 0.04583333333333333]","[0.0125, -0.30333333333333334]","[1.2423117000143975, 2.1748279999010265]",394.49317830009386,,394.5193183000665,395.4604330000002,,,2.0,3.0,2026-03-21_21h50.12.707,Week1Train,60.20172390259611,2026-03-21 21h50.14.343370 +0100,13.101700200000778,9.22842449997546,2.1774238999933004,0.9672546999063343,5.0,1.0,2.0,2.0,1.0,6.0,1,1.0,11.552091058878686,11.21935395880648,0.20711233172916296,0.5515937861354238,2,1.0,1.3654781358406272,1.2
306,1,DemoRed.jpg,True,Red,96.0,6.0,0.0,Demo/DemoRed_0.png,,0.0,5.0,"[(5.0, 1.4498356000112835)]",0.0,[],1.0,25.073772600007945,42.396366900007706,0.0,Red,42.74731979999342,45.37703880001209,"[0.35583333333333333, 0.025]","[-0.0325, -0.2675]","[1.2128005000122357, 2.6268616000015754]",45.73800060001668,,45.75560820000828,46.42647170001874,,,1.0,0,2026-03-28_22h01.25.463,Week2Demo,59.98256906537678,2026-03-28 22h01.26.195093 +0100,21.352699100010792,17.32259429999976,2.6297190000186674,0.6884711000020545,5.0,0.0,1.0,1.0,2.0,10.0,1,1.0,16.503540633415575,15.277475290246988,-0.0536118469199595,0.48660024761394377,2,1.3,1.749774096569438,1.2
307,2,DemoOrange.jpg,True,Orange,100.0,60.0,0.0,Demo/DemoOrange_0.png,,1.0,3.0,"[(3.0, 2.0656796999974176)]",1.0,"[5.897690400015563, 12.18174640001962, 14.090631400002167, 18.101098500017542, 35.05154820001917, 76.85561339999549, 79.28506550000748]",2.0,46.78129850002006,143.8858029000112,3.0,Orange,144.24794990001828,147.80630500000552,"[-0.045, -0.009166666666666667]","[0.009166666666666667, -0.26166666666666666]","[1.8551076999865472, 3.5549327000044286]",148.1893064000178,,148.2024672999978,149.14320880000014,,,1.0,0,2026-03-28_22h01.25.463,Week2Demo,59.98256906537678,2026-03-28 22h01.26.195093 +0100,102.36191029998008,97.10450439999116,3.5583550999872386,0.9539023999823257,3.0,6.0,1.0,1.0,2.0,10.0,1,0.5,16.503540633415575,15.277475290246988,-5.27580390315084,0.005087825673178049,2,1.3,1.4319842520125396,1.1
308,3,DemoYellow.jpg,True,Yellow,96.0,100.0,0.0,Demo/DemoYellow_0.png,,2.0,5.0,"[(5.0, 1.6148228000092786)]",2.0,[],3.0,149.51269610002055,174.76925690000644,0.0,Yellow,175.1246153000102,177.80444860001444,"[0.3566666666666667, 0.005]","[-0.02, -0.27666666666666667]","[1.3799569999973755, 2.6784027999965474]",178.1604132000066,,178.1693920000107,178.73821860001772,,,1.0,0,2026-03-28_22h01.25.463,Week2Demo,59.98256906537678,2026-03-28 22h01.26.195093 +0100,29.22552249999717,25.25656079998589,2.6798333000042476,0.5778054000111297,5.0,0.0,1.0,1.0,2.0,10.0,1,1.0,16.503540633415575,15.277475290246988,-0.572936300028459,0.3605595653796753,2,1.3,1.7006182304980733,1.2
309,4,DemoLime-green.jpg,True,Lime-green,60.0,100.0,0.0,Demo/DemoLime-green_0.png,,3.0,4.0,"[(4.0, 2.4639868999947794)]",3.0,[],4.0,179.0931446000177,216.41514160000952,0.0,Lime-green,216.77900949999457,220.4869550000003,"[0.16166666666666665, 0.01]","[-0.03916666666666667, -0.2733333333333333]","[2.2399984000076074, 3.7057682999875396]",220.85806290002077,,220.88520710001467,221.4467767000024,,,1.0,0,2026-03-28_22h01.25.463,Week2Demo,59.98256906537678,2026-03-28 22h01.26.195093 +0100,42.35363209998471,37.321996999991825,3.707945500005735,0.5887137999816332,4.0,0.0,1.0,1.0,2.0,10.0,1,0.75,16.503540633415575,15.277475290246988,-1.3626895786810127,0.20380352298590027,2,1.3,1.574483373964501,1.15
310,5,DemoGreen.jpg,True,Green,0.0,98.0,5.0,Demo/DemoGreen_0.png,,4.0,5.0,"[(5.0, 1.398407300002873)]",4.0,[],5.0,221.82017170000472,227.82130149999284,0.0,Green,228.1784978999931,230.60531909999557,"[0.37916666666666665, 0.04416666666666667]","[-0.041666666666666664, -0.27666666666666667]","[1.1573085999989416, 2.4233211999817286]",230.9758176000032,,230.98481369999357,231.64070590000483,,,1.0,0,2026-03-28_22h01.25.463,Week2Demo,59.98256906537678,2026-03-28 22h01.26.195093 +0100,9.820534200000111,6.001129799988121,2.426821200002479,0.6648883000016212,5.0,0.0,1.0,1.0,2.0,10.0,1,1.0,16.503540633415575,15.277475290246988,0.6874441381117536,0.6653981215775715,2,1.3,1.819505267415253,1.2
311,6,DemoSeafoam.jpg,True,Seafoam,0.0,100.0,60.0,Demo/DemoSeafoam_0.png,,5.0,3.0,"[(3.0, 1.615497199993115)]",5.0,[],6.0,232.01000740000745,315.1383180000121,0.0,Seafoam,315.49171910001314,318.3164786999987,"[-0.021666666666666667, 0.009166666666666667]","[-0.011666666666666667, -0.2725]","[1.3908072999911383, 2.8233359000005294]",318.68187180001405,,318.69633870001417,319.3202356999973,,,1.0,0,2026-03-28_22h01.25.463,Week2Demo,59.98256906537678,2026-03-28 22h01.26.195093 +0100,87.31022829998983,83.12831060000462,2.824759599985555,0.6383638999832328,3.0,0.0,1.0,1.0,2.0,10.0,1,0.5,16.503540633415575,15.277475290246988,-4.360980378028936,0.012604952995335672,2,1.3,1.4349159316681812,1.1
312,7,DemoCyan.jpg,True,Cyan,1.0,100.0,92.0,Demo/DemoCyan_0.png,,6.0,5.0,"[(5.0, 1.7638037000142504)]",6.0,[],7.0,319.68140530001256,335.7762192999944,0.0,Cyan,336.14361940001254,339.333507000003,"[0.3566666666666667, 0.0016666666666666668]","[-0.006666666666666667, -0.2966666666666667]","[1.5380032999964897, 3.1879766000201926]",339.6979685999977,,339.71256109999376,340.38796409999486,,,1.0,0,2026-03-28_22h01.25.463,Week2Demo,59.98256906537678,2026-03-28 22h01.26.195093 +0100,20.706558799982304,16.094813999981852,3.1898875999904703,0.6899954999971669,5.0,0.0,1.0,1.0,2.0,10.0,1,1.0,16.503540633415575,15.277475290246988,0.026753545704940568,0.5066879875191744,2,1.3,1.757608315132478,1.2
313,8,DemoBlue.jpg,True,Blue,0.0,0.0,90.0,Demo/DemoBlue_0.png,,7.0,5.0,"[(5.0, 1.714249499986181)]",7.0,[],8.0,340.7484720000066,349.59538840001915,0.0,Blue,349.9576573999948,352.7492223000154,"[0.3425, 0.049166666666666664]","[-0.023333333333333334, -0.2808333333333333]","[1.4712773999781348, 2.78818339999998]",353.1132680000155,,353.12839540001005,353.818236799998,,,1.0,0,2026-03-28_22h01.25.463,Week2Demo,59.98256906537678,2026-03-28 22h01.26.195093 +0100,13.06976479999139,8.84691640001256,2.791564900020603,0.7049687999824528,5.0,0.0,1.0,1.0,2.0,10.0,1,1.0,16.503540633415575,15.277475290246988,0.5011707816860905,0.6227344297710934,2,1.3,1.8028664276107262,1.2
314,9,DemoPurple.jpg,True,Purple,65.0,3.0,100.0,Demo/DemoPurple_0.png,,8.0,3.0,"[(3.0, 2.499889600003371)]",8.0,[],9.0,354.17904750001617,394.3455260000192,0.0,Purple,394.70001600001706,398.28142189999926,"[-0.0625, 0.030833333333333334]","[0.0016666666666666668, -0.2825]","[2.278973699983908, 3.5798455999756698]",398.64568400001735,,398.6602497000131,399.5503544000094,,,1.0,0,2026-03-28_22h01.25.463,Week2Demo,59.98256906537678,2026-03-28 22h01.26.195093 +0100,45.371306899993215,40.16647850000305,3.581405899982201,0.9046703999920283,3.0,0.0,1.0,1.0,2.0,10.0,1,0.5,16.503540633415575,15.277475290246988,-1.548877508687165,0.17524844991463684,2,1.3,1.4983468954667087,1.1
315,10,DemoPink.jpg,True,Pink,100.0,2.0,40.0,Demo/DemoPink_0.png,,9.0,4.0,"[(4.0, 2.149522000021534)]",9.0,"[142.9711025999859, 148.54274119998445, 152.6080150999769]",10.0,399.9111879999982,585.3374657999957,3.0,Pink,585.6952992000151,588.7920970999985,"[0.16583333333333333, 0.065]","[-0.024166666666666666, -0.28583333333333333]","[1.9287469999981113, 3.095340900006704]",589.1594456000021,,589.1695920000202,589.9430635000172,,,1.0,0,2026-03-28_22h01.25.463,Week2Demo,59.98256906537678,2026-03-28 22h01.26.195093 +0100,190.03187550001894,185.42627779999748,3.0967978999833576,0.7836179000150878,4.0,2.0,1.0,1.0,2.0,10.0,1,0.75,16.503540633415575,15.277475290246988,-11.056979897353902,1.5776395765326682e-05,2,1.3,1.4950061527943488,1.15
316,1,022_Seafoam.jpg,True,Seafoam,0.0,99.0,72.0,02-1/022_Seafoam_0.png,,0.0,4.0,"[(4.0, 1.3642635999713093)]",27.0,"[4.620013399980962, 5.503456000005826]",1.0,11.6250603,31.6191544,2.0,Cyan,31.974427,34.3270633,"[0.16333333333333333, 0.0075]","[-0.0025, -0.28583333333333333]","[1.120576599962078, 2.349937399965711]",34.7068997,34.7578112,40.0913303,41.8488942,,,1.0,4.0,2026-04-03_15h21.43.768,Week2Test,59.90369882,2026-04-03 15h21.45.481926 +0200,30.223833899999995,19.994094099999998,2.3526363000000003,7.141994499999996,-4.0,1.0,3.0,3.0,2.0,10.0,0,0.75,16.503540633415575,15.277475290246988,-0.22847711420045713,0.44312790855917034,0,1.3,0.36781988433807644,0.15000000000000002
317,2,029_Cyan.jpg,True,Cyan,2.0,100.0,88.0,01-1/029_Cyan_0.png,,1.0,4.0,"[(4.0, 1.9669711999595165)]",20.0,"[2.3327639999915846, 3.4366673000040464]",2.0,42.2054898,52.6065553,2.0,Seafoam,52.9683632,55.8265362,"[0.14666666666666667, -0.020833333333333332]","[-0.0225, -0.2916666666666667]","[1.7563407000270672, 2.8551755000371486]",56.2033535,56.2402985,119.2741439,120.8940991,,,1.0,4.0,2026-04-03_15h21.43.768,Week2Test,59.90369882,2026-04-03 15h21.45.481926 +0200,78.6886093,10.401065499999994,2.8581730000000007,64.69074560000001,-4.0,1.0,3.0,3.0,2.0,10.0,0,0.75,16.503540633415575,15.277475290246988,0.39944264464373574,0.5985537421363425,0,1.3,0.42843595943317364,0.15000000000000002
318,3,012_Orange.jpg,False,Orange,95.0,58.0,2.0,02-t/012_Orange_0.png,Lime-green,2.0,3.0,"[(3.0, 1.4484769999980927)]",3.0,"[2.755797200021334, 4.867710799968336, 5.999235900002532, 7.006483000004664, 10.662672200007364]",3.0,121.253948,149.908771,1.0,Orange,150.2653281,152.6750288,"[-0.04, 0.0]","[-0.03916666666666667, -0.2925]","[1.2390039999736473, 2.4066020000027493]",153.0522373,,153.0704006,154.0120273,,,1.0,4.0,2026-04-03_15h21.43.768,Week2Test,59.90369882,2026-04-03 15h21.45.481926 +0200,32.758079300000006,28.654823000000007,2.409700700000002,0.9597899999999981,3.0,4.0,3.0,3.0,2.0,10.0,1,0.5,16.503540633415575,15.277475290246988,-0.7953724117192131,0.31101627410549115,2,1.3,1.5512963469011418,1.1
319,4,018_Seafoam.jpg,True,Seafoam,13.0,100.0,58.0,02-1/018_Seafoam_0.png,,3.0,4.0,"[(4.0, 1.482875799993053)]",17.0,"[4.680641299986746, 6.745282699994277]",4.0,154.3709546,191.548289,2.0,Seafoam,191.9126455,194.2212402,"[0.16083333333333333, 0.034166666666666665]","[-0.03, -0.30333333333333334]","[1.2733913999982178, 2.3062987999874167]",194.6034958,,194.6205805,195.3920098,,,1.0,4.0,2026-04-03_15h21.43.768,Week2Test,59.90369882,2026-04-03 15h21.45.481926 +0200,41.021055200000006,37.17733440000001,2.3085947000000147,0.7885140000000206,4.0,1.0,3.0,3.0,2.0,10.0,1,0.75,16.503540633415575,15.277475290246988,-1.353220566475562,0.20534434733479268,2,1.3,1.5750842954605693,1.15
320,5,022_Cyan.jpg,True,Cyan,0.0,96.0,90.0,01-t/022_Cyan_0.png,,4.0,5.0,"[(5.0, 2.117897299991455)]",18.0,"[1.2307886999915354, 4.725881299993489]",5.0,195.755229,204.0200013,2.0,Cyan,204.3879021,207.6360235,"[0.3525, 0.010833333333333334]","[-0.0325, -0.285]","[1.9053535999846645, 3.2421301000285894]",208.0738536,,208.1097751,208.7830262,,,1.0,4.0,2026-04-03_15h21.43.768,Week2Test,59.90369882,2026-04-03 15h21.45.481926 +0200,13.02779719999998,8.264772299999976,3.2481214000000023,0.709172599999988,5.0,1.0,3.0,3.0,2.0,10.0,1,1.0,16.503540633415575,15.277475290246988,0.5392755135840515,0.631643867642568,2,1.3,1.8063411083806014,1.2
321,6,018_Green.jpg,True,Green,0.0,98.0,4.0,01-t/018_Green_0.png,,5.0,5.0,"[(5.0, 1.1154714000294916)]",30.0,"[1.4530754999723285, 2.8475603999686427]",6.0,209.1542842,215.5971661,2.0,Green,215.9659491,217.9065742,"[0.3825, 0.0125]","[-0.03833333333333333, -0.2833333333333333]","[0.875055699958466, 1.9373825999791734]",218.2827867,,218.3027792,219.0099266,,,1.0,4.0,2026-04-03_15h21.43.768,Week2Test,59.90369882,2026-04-03 15h21.45.481926 +0200,9.855642399999994,6.442881900000003,1.9406251000000054,0.7271398999999974,5.0,1.0,3.0,3.0,2.0,10.0,1,1.0,16.503540633415575,15.277475290246988,0.6585288827034276,0.6589298449734097,2,1.3,1.8169826395396298,1.2
322,7,010_Pink.jpg,True,Pink,98.0,0.0,52.0,02-1/010_Pink_0.png,,6.0,5.0,"[(5.0, 2.4842890000436455)]",12.0,"[1.8598777000443079, 2.5402350000222214]",7.0,219.3687908,234.7695398,2.0,Pink,235.129211,238.541034,"[0.36, 0.050833333333333335]","[-0.016666666666666666, -0.2875]","[2.2727034999988973, 3.409016799996607]",238.9156541,,238.9351653,239.576246,,,1.0,4.0,2026-04-03_15h21.43.768,Week2Test,59.90369882,2026-04-03 15h21.45.481926 +0200,20.2074552,15.40074899999999,3.4118229999999983,0.6605918999999858,5.0,1.0,3.0,3.0,2.0,10.0,1,1.0,16.503540633415575,15.277475290246988,0.07218415428363334,0.5180382068329252,2,1.3,1.762034900664841,1.2
323,8,027_Cyan.jpg,True,Cyan,13.0,100.0,100.0,01-1/027_Cyan_0.png,,7.0,5.0,"[(5.0, 1.5373927999753505)]",28.0,"[1.4303089999593794, 2.909353800001554]",8.0,239.93508,248.5325779,2.0,Cyan,248.8959259,251.3959335,"[0.3491666666666667, 0.03833333333333333]","[-0.02, -0.2775]","[1.2935942999902181, 2.496242799970787]",251.7873164,,251.8248924,252.43348,,,1.0,4.0,2026-04-03_15h21.43.768,Week2Test,59.90369882,2026-04-03 15h21.45.481926 +0200,12.498400000000004,8.597497900000008,2.5000076000000035,0.6461635999999942,5.0,1.0,3.0,3.0,2.0,10.0,1,1.0,16.503540633415575,15.277475290246988,0.5174966794718181,0.6265622201802051,2,1.3,1.80435926587028,1.2
324,9,006_Pink.jpg,True,Pink,100.0,0.0,50.0,02-1/006_Pink_0.png,,8.0,5.0,"[(5.0, 1.1512633999809623)]",10.0,"[1.6305212999577634, 3.38995129999239]",9.0,252.8335648,260.091671,2.0,Pink,260.4477386,262.4234467,"[0.3625, 0.05333333333333334]","[-0.019166666666666665, -0.2775]","[0.9383504000143148, 1.972606600029394]",262.7973322,,262.8182348,263.8299311,,,1.0,4.0,2026-04-03_15h21.43.768,Week2Test,59.90369882,2026-04-03 15h21.45.481926 +0200,10.996366300000005,7.2581062000000145,1.9757081000000198,1.0325988999999822,5.0,1.0,3.0,3.0,2.0,10.0,1,1.0,16.503540633415575,15.277475290246988,0.6051676901953668,0.6468377004296705,2,1.3,1.8122667031675717,1.2
325,10,016_Lime-green.jpg,True,Lime-green,56.0,100.0,5.0,02-1/016_Lime-green_0.png,,9.0,3.0,"[(3.0, 2.8507067000027746)]",29.0,"[1.839208499994129, 2.7794029000215232, 4.001414099999238, 4.583895799994934, 7.846320900018327]",10.0,264.2028335,287.6407214,1.0,Lime-green,287.9935747,291.7705261,"[-0.030833333333333334, -0.04583333333333333]","[-0.034166666666666665, -0.2608333333333333]","[2.607887500023935, 3.7742442000308074]",292.150014,,292.1677717,292.7877865,,,1.0,4.0,2026-04-03_15h21.43.768,Week2Test,59.90369882,2026-04-03 15h21.45.481926 +0200,28.584952999999985,23.43788790000002,3.776951399999973,0.6377724999999828,3.0,4.0,3.0,3.0,2.0,10.0,1,0.5,16.503540633415575,15.277475290246988,-0.4538935350797965,0.3884354429773706,2,1.3,1.5814898227611747,1.1
326,11,014_Yellow.jpg,True,Yellow,100.0,98.0,11.0,01-1/014_Yellow_0.png,,10.0,5.0,"[(5.0, 1.581167500000447)]",23.0,"[1.1742187999770977, 2.448300999996718, 9.500318299978971, 10.003694600018207, 11.593791400024202]",11.0,293.152136,311.1922468,1.0,Yellow,311.5443306,313.9178946,"[0.3675, -0.013333333333333334]","[-0.018333333333333333, -0.30666666666666664]","[1.340727400034666, 2.370863599993754]",314.293933,,314.3150155,315.022937,,,1.0,4.0,2026-04-03_15h21.43.768,Week2Test,59.90369882,2026-04-03 15h21.45.481926 +0200,21.87080100000003,18.040110800000036,2.3735639999999876,0.7290040000000317,5.0,4.0,3.0,3.0,2.0,10.0,1,1.0,16.503540633415575,15.277475290246988,-0.10057749316507777,0.47487680164371826,2,1.3,1.7452019526410503,1.2
327,12,009_Yellow.jpg,False,Yellow,100.0,97.0,2.0,02-t/009_Yellow_0.png,Cyan,11.0,5.0,"[(5.0, 1.1146379000274464)]",0.0,"[1.3236346000339836, 2.3850986000034027]",12.0,315.3828376,320.2013854,2.0,Yellow,320.5587943,322.6360977,"[0.375, 0.01]","[-0.023333333333333334, -0.2708333333333333]","[0.8741642999812029, 2.074448900006246]",322.9946542,,323.0150222,323.7062025,,,1.0,4.0,2026-04-03_15h21.43.768,Week2Test,59.90369882,2026-04-03 15h21.45.481926 +0200,8.323364900000001,4.818547799999976,2.0773034000000052,0.711548300000004,5.0,1.0,3.0,3.0,2.0,10.0,1,1.0,16.503540633415575,15.277475290246988,0.7648510379771454,0.6824060188224265,2,1.3,1.8261383473407462,1.2
328,13,018_Seafoam.jpg,True,Seafoam,13.0,100.0,58.0,02-1/018_Seafoam_0.png,,12.0,5.0,"[(5.0, 1.7822326000314206)]",26.0,"[4.515454199980013, 5.186671399977058]",13.0,324.0683841,343.6262908,2.0,Seafoam,343.9915669,346.7356574,"[0.36833333333333335, 0.08333333333333333]","[0.0008333333333333334, -0.26416666666666666]","[1.5415482000098564, 2.7411054000258446]",347.1101795,,347.1306328,347.7040486,,,1.0,4.0,2026-04-03_15h21.43.768,Week2Test,59.90369882,2026-04-03 15h21.45.481926 +0200,23.63566450000002,19.55790669999999,2.7440904999999702,0.5938691000000063,5.0,1.0,3.0,3.0,2.0,10.0,1,1.0,16.503540633415575,15.277475290246988,-0.19992610091369586,0.4501842940034435,2,1.3,1.7355718746613429,1.2
329,14,014_Pink.jpg,True,Pink,100.0,9.0,40.0,02-1/014_Pink_0.png,,13.0,5.0,"[(5.0, 1.1654435999807902)]",15.0,"[2.2039247999782674, 3.5699738999828696]",14.0,348.064165,355.2030182,2.0,Pink,355.5598049,359.0232325,"[0.37083333333333335, 0.058333333333333334, 0.06]","[-0.015, -0.24666666666666667, -0.295]","[0.9412163000088185, 2.07276200002525, 3.460657900024671]",359.4027298,,359.4340625,360.1651167,,,1.0,4.0,2026-04-03_15h21.43.768,Week2Test,59.90369882,2026-04-03 15h21.45.481926 +0200,12.100951699999996,7.138853199999971,3.4634275999999886,0.7623869000000241,5.0,1.0,3.0,3.0,2.0,10.0,1,1.0,16.503540633415575,15.277475290246988,0.6129734956530377,0.6486187978872231,2,1.3,1.8129613311760169,1.2
330,15,008_Orange.jpg,True,Orange,100.0,53.0,0.0,02-1/008_Orange_0.png,,14.0,5.0,"[(5.0, 1.1145079000270925)]",11.0,"[1.8841695999726653, 3.906389699957799, 4.903362099954393, 5.589529099990614, 6.680075099982787]",15.0,360.5397366,373.8142993,1.0,Orange,374.174446,376.0825355,"[0.37166666666666665, 0.056666666666666664]","[-0.004166666666666667, -0.2783333333333333]","[0.9059606000082567, 1.9053209000267088]",376.4591952,,376.4796823,377.0899514,,,1.0,4.0,2026-04-03_15h21.43.768,Week2Test,59.90369882,2026-04-03 15h21.45.481926 +0200,16.550214799999992,13.27456269999999,1.9080895000000169,0.6307562000000075,5.0,4.0,3.0,3.0,2.0,10.0,1,1.0,16.503540633415575,15.277475290246988,0.21135546758023152,0.5526430439380466,2,1.3,1.7755307871358381,1.2
331,16,014_Lime-green.jpg,True,Lime-green,65.0,100.0,4.0,02-1/014_Lime-green_0.png,,15.0,4.0,"[(4.0, 1.5643018999835476)]",13.0,"[1.6082668000017293, 2.750446899968665, 3.477039999968838, 4.030540699954145, 6.072350099973846]",16.0,377.4483529,392.359215,1.0,Lime-green,392.7266606,395.086752,"[0.16833333333333333, -0.025]","[-0.010833333333333334, -0.30833333333333335]","[1.323158200015314, 2.3570303000160493]",395.4718219,,395.4977307,396.1203775,,,1.0,4.0,2026-04-03_15h21.43.768,Week2Test,59.90369882,2026-04-03 15h21.45.481926 +0200,18.672024600000043,14.910862100000031,2.3600913999999875,0.6485556000000088,4.0,4.0,3.0,3.0,2.0,10.0,1,0.75,16.503540633415575,15.277475290246988,0.1042501135270889,0.5260389498564292,2,1.3,1.700155190444007,1.15
332,17,029_Pink.jpg,False,Pink,100.0,0.0,38.0,02-t/029_Pink_0.png,Seafoam,16.0,5.0,"[(5.0, 1.1320605000364594)]",8.0,"[1.2385594999650493, 2.268305599980522]",17.0,396.4848138,402.2930357,2.0,Pink,402.6584212,404.5667181,"[0.37083333333333335, 0.06166666666666667]","[0.011666666666666667, -0.2708333333333333]","[0.8910024999640882, 1.9055479999515228]",405.0436498,,405.0640012,405.5540065,,,1.0,4.0,2026-04-03_15h21.43.768,Week2Test,59.90369882,2026-04-03 15h21.45.481926 +0200,9.06919270000003,5.808221900000035,1.908296899999982,0.5103566999999885,5.0,1.0,3.0,3.0,2.0,10.0,1,1.0,16.503540633415575,15.277475290246988,0.7000710870233475,0.6682035328879251,2,1.3,1.8205993778262906,1.2
333,18,030_Orange.jpg,False,Orange,100.0,51.0,0.0,02-t/030_Orange_0.png,Seafoam,17.0,5.0,"[(5.0, 1.3744309000321664)]",9.0,"[1.5288729000021704, 2.923146999964956]",18.0,405.9171793,415.6050185,2.0,Orange,415.9572151,418.1599419,"[0.3525, 0.085]","[-0.0275, -0.26]","[1.1274526999914087, 2.1979924000333995]",418.5887308,,418.6189448,419.1282374,,,1.0,4.0,2026-04-03_15h21.43.768,Week2Test,59.90369882,2026-04-03 15h21.45.481926 +0200,13.211058100000002,9.687839200000042,2.2027267999999935,0.5395065999999815,5.0,1.0,3.0,3.0,2.0,10.0,1,1.0,16.503540633415575,15.277475290246988,0.44612747223794363,0.6097181122696071,2,1.3,1.797790063785147,1.2
334,19,022_Purple.jpg,False,Purple,63.0,0.0,100.0,02-t/022_Purple_0.png,Seafoam,18.0,5.0,"[(5.0, 2.1961404000176117)]",6.0,"[4.52115570002934, 5.164472600037698]",19.0,419.5300599,429.9022797,2.0,Purple,430.2631465,433.434719,"[0.3458333333333333, 0.365, 0.0675]","[-0.05, -0.02666666666666667, -0.27]","[0.8851411000359803, 1.951921600033529, 3.1686099000507966]",433.8092224,,433.8295159,434.5044758,,,1.0,4.0,2026-04-03_15h21.43.768,Week2Test,59.90369882,2026-04-03 15h21.45.481926 +0200,14.974415899999997,10.372219799999982,3.171572499999968,0.6952534000000128,5.0,1.0,3.0,3.0,2.0,10.0,1,1.0,16.503540633415575,15.277475290246988,0.40133076420878105,0.5990073484818056,2,1.3,1.793612865907904,1.2
335,20,011_Lime-green.jpg,False,Lime-green,69.0,96.0,0.0,02-t/011_Lime-green_0.png,Cyan,19.0,4.0,"[(4.0, 1.2642668000189587)]",1.0,"[2.003803599975072, 3.3370455999975093, 3.8731105999904685, 4.40407549997326, 17.242908100015484, 18.640810500015505, 18.92904279998038, 19.375308600021526]",20.0,434.8649509,468.0433305,0.0,Lime-green,468.4069381,470.6640046,"[0.18083333333333335, 0.029166666666666667]","[-0.030833333333333334, -0.2816666666666667]","[1.0224085999652743, 2.2532536999788135]",471.0437532,,471.0604928,471.7153743,,,1.0,4.0,2026-04-03_15h21.43.768,Week2Test,59.90369882,2026-04-03 15h21.45.481926 +0200,36.85042340000001,33.17837960000003,2.2570665000000076,0.6716210999999817,4.0,7.0,3.0,3.0,2.0,10.0,1,0.75,16.503540633415575,15.277475290246988,-1.0914656152138913,0.2513423939719541,2,1.3,1.593023533649062,1.15
336,21,011_Purple.jpg,False,Purple,67.0,0.0,100.0,02-t/011_Purple_0.png,Orange,20.0,5.0,"[(5.0, 2.5131816000211984)]",2.0,"[1.7291855000075884, 2.4861351000145078]",21.0,472.0817516,478.0145024,2.0,Purple,478.3731028,481.6971028,"[0.36666666666666664, 0.08333333333333333]","[-0.034166666666666665, -0.2841666666666667]","[2.2736967999953777, 3.3212592999916524]",482.0766069,,482.0945567,482.6684025,,,1.0,4.0,2026-04-03_15h21.43.768,Week2Test,59.90369882,2026-04-03 15h21.45.481926 +0200,10.586650899999995,5.932750800000008,3.3239999999999554,0.5917956000000117,5.0,1.0,3.0,3.0,2.0,10.0,1,1.0,16.503540633415575,15.277475290246988,0.6919199430918975,0.6663938914702349,2,1.3,1.8198936176733915,1.2
337,22,018_Purple.jpg,True,Purple,51.0,2.0,100.0,01-1/018_Purple_0.png,,21.0,5.0,"[(5.0, 1.0630853999755345)]",25.0,"[2.1532414000248536, 4.1088341000140645]",22.0,483.0291106,491.2030862,2.0,Purple,491.5572537,493.4130793,"[0.35583333333333333, 0.04416666666666667]","[-0.0425, -0.2683333333333333]","[0.8525544999865815, 1.852430499973707]",493.7781241,,493.7933496,494.4023498,,,1.0,4.0,2026-04-03_15h21.43.768,Week2Test,59.90369882,2026-04-03 15h21.45.481926 +0200,11.3732392,8.173975599999949,1.8558256000000029,0.6242257000000109,5.0,1.0,3.0,3.0,2.0,10.0,1,1.0,16.503540633415575,15.277475290246988,0.5452186879813283,0.633025580293647,2,1.3,1.8068799763145222,1.2
338,23,018_Lime-green.jpg,True,Lime-green,47.0,100.0,1.0,02-1/018_Lime-green_0.png,,22.0,5.0,"[(5.0, 2.315417999983765)]",16.0,"[1.5469164999667555, 2.388178399996832, 6.009219799947459, 6.30808019998949, 6.845306499977596]",23.0,494.7761369,504.4197511,1.0,Lime-green,504.7850995,507.9632393,"[0.3591666666666667, 0.014166666666666666]","[-0.0275, -0.30666666666666664]","[2.106885799963493, 3.1753095999592915]",508.3372486,,508.358413,509.083533,,,1.0,4.0,2026-04-03_15h21.43.768,Week2Test,59.90369882,2026-04-03 15h21.45.481926 +0200,14.307396100000005,9.643614200000002,3.1781397999999967,0.7462843999999791,5.0,4.0,3.0,3.0,2.0,10.0,1,1.0,16.503540633415575,15.277475290246988,0.44902225682504576,0.6104067416171399,2,1.3,1.7980586292306846,1.2
339,24,014_Orange.jpg,True,Orange,100.0,61.0,7.0,02-1/014_Orange_0.png,,23.0,5.0,"[(5.0, 1.382504399982281)]",14.0,"[1.3147973000304773, 2.1834013999905437]",24.0,509.4445209,518.4786414,2.0,Orange,518.8354478,520.9432236,"[0.3625, 0.015]","[-0.029166666666666667, -0.2808333333333333]","[1.1404772999812849, 2.10501459997613]",521.3201348,,521.3406318,521.9488642,,,1.0,4.0,2026-04-03_15h21.43.768,Week2Test,59.90369882,2026-04-03 15h21.45.481926 +0200,12.504343300000016,9.034120500000029,2.107775800000013,0.6287293999999974,5.0,1.0,3.0,3.0,2.0,10.0,1,1.0,16.503540633415575,15.277475290246988,0.48891717980286714,0.6198513144221185,2,1.3,1.8017420126246264,1.2
340,25,016_Seafoam.jpg,False,Seafoam,5.0,100.0,66.0,02-t/016_Seafoam_0.png,Lime-green,24.0,4.0,"[(5.0, 1.381026400020346), (4.0, 2.448626100027468)]",4.0,"[1.2497391999932006, 2.9647103999741375]",25.0,522.3071219,532.6521201,2.0,Seafoam,533.0197622,536.0643171,"[0.3525, 0.1825, 0.023333333333333334]","[-0.019166666666666665, -0.03666666666666667, -0.29583333333333334]","[1.1403023999882862, 2.208575700002257, 3.041405699972529]",536.4406204,,536.4589483,537.1091547,,,1.0,4.0,2026-04-03_15h21.43.768,Week2Test,59.90369882,2026-04-03 15h21.45.481926 +0200,14.802032800000006,10.344998200000077,3.0445549000000938,0.668534300000033,4.0,1.0,3.0,3.0,2.0,10.0,1,0.75,16.503540633415575,15.277475290246988,0.40311257694175817,0.5994352599236576,2,1.3,1.7287797513702263,1.15
341,1,010_Yellow.jpg,True,Yellow,100.0,87.0,0.0,01-1/010_Yellow_0.png,,0.0,5.0,"[(5.0, 1.5647674999781884)]",21.0,"[5.16767420002725, 6.79652710002847]",1.0,166.2731536,179.8886825,2.0,Yellow,180.2596033,183.0107576,"[0.3616666666666667, 0.07083333333333333]","[-0.020833333333333332, -0.28833333333333333]","[1.316781000001356, 2.747681300039403]",183.3927807,,183.4236412,184.8158808,,,1.0,1.0,2026-03-30_23h44.00.718,Week2Train,59.97630935,2026-03-30 23h44.03.075084 +0200,18.5427272,13.615528899999987,2.751154299999996,1.4231000999999992,5.0,1.0,2.0,2.0,2.0,10.0,1,1.0,16.503540633415575,15.277475290246988,0.18903723806113898,0.5471190760292419,2,1.3,1.7733764396514042,1.2
342,2,018_Seafoam.jpg,True,Seafoam,13.0,100.0,58.0,02-1/018_Seafoam_0.png,,1.0,5.0,"[(5.0, 1.445791999984067)]",11.0,"[2.1788126999745145, 3.3488312999834307]",2.0,185.1700408,194.6301241,2.0,Cyan,194.987795,197.6638927,"[0.38083333333333336, 0.065]","[-0.010833333333333334, -0.2833333333333333]","[1.2037084000185132, 2.6713108000112697]",198.0309291,198.090826,209.4898222,211.2647484,,,1.0,1.0,2026-03-30_23h44.00.718,Week2Train,59.97630935,2026-03-30 23h44.03.075084 +0200,26.094707599999992,9.46008329999998,2.6760976999999855,13.233819299999993,-5.0,1.0,2.0,2.0,2.0,10.0,0,1.0,16.503540633415575,15.277475290246988,0.46103542631236194,0.6132597792794342,0,1.3,0.4991713139189794,0.2
343,3,014_Orange.jpg,True,Orange,100.0,61.0,7.0,02-1/014_Orange_0.png,,2.0,4.0,"[(4.0, 1.2493721000500955)]",7.0,"[2.831257599988021, 4.685476500017103, 29.7097070000018, 30.489124400017317, 31.97828550002305]",3.0,211.620251,248.751146,1.0,Yellow,249.1137805,251.2582238,"[0.18583333333333332, -0.06666666666666667]","[-0.0025, -0.2875]","[1.008690699993167, 2.141548599989619]",251.6276168,251.6715381,261.3229347,262.9614854,,,1.0,1.0,2026-03-30_23h44.00.718,Week2Train,59.97630935,2026-03-30 23h44.03.075084 +0200,51.34123440000002,37.13089500000001,2.144443300000006,11.333868600000017,-4.0,4.0,2.0,2.0,2.0,10.0,0,0.75,16.503540633415575,15.277475290246988,-1.3501808364732073,0.20584080882320463,0,1.3,0.27527791544104985,0.15000000000000002
344,4,014_Lime-green.jpg,True,Lime-green,65.0,100.0,4.0,02-1/014_Lime-green_0.png,,3.0,4.0,"[(4.0, 1.783715499972459)]",6.0,"[3.9496011000010185, 5.178556600003503]",4.0,263.3149408,290.6569366,2.0,Yellow,291.0141192,293.858926,"[0.1675, -0.004166666666666667]","[-0.0275, -0.2825]","[1.539883400022518, 2.840675200044643]",294.2254304,294.2698415,304.6380283,306.7581744,,,1.0,1.0,2026-03-30_23h44.00.718,Week2Train,59.97630935,2026-03-30 23h44.03.075084 +0200,43.443233599999985,27.341995800000007,2.844806800000015,12.53274399999998,-4.0,1.0,2.0,2.0,2.0,10.0,0,0.75,16.503540633415575,15.277475290246988,-0.7094402026952458,0.32972254672909346,0,1.3,0.3235917932243465,0.15000000000000002
345,5,016_Lime-green.jpg,True,Lime-green,56.0,100.0,5.0,02-1/016_Lime-green_0.png,,4.0,5.0,"[(5.0, 1.1485754000023007)]",9.0,"[5.258996599994134, 10.20100179995643]",5.0,307.1136208,337.0841001,2.0,Lime-green,337.445294,339.4883789,"[0.36666666666666664, 0.055]","[0.0033333333333333335, -0.27416666666666667]","[0.9069478000164963, 2.039570100023411]",339.8501075,,339.8686136,340.6236041,,,1.0,1.0,2026-03-30_23h44.00.718,Week2Train,59.97630935,2026-03-30 23h44.03.075084 +0200,33.509983300000044,29.970479300000022,2.0430848999999967,0.773496600000044,5.0,1.0,2.0,2.0,2.0,10.0,1,1.0,16.503540633415575,15.277475290246988,-0.8814898018641619,0.2928691505103816,2,1.3,1.6742189686990487,1.2
346,6,008_Blue.jpg,True,Blue,4.0,9.0,100.0,01-1/008_Blue_0.png,,5.0,4.0,"[(4.0, 2.7154836999834515)]",25.0,"[3.0666699000285007, 4.245683700020891]",6.0,340.9786444,349.5224843,2.0,Blue,349.8792111,353.6226864,"[0.14916666666666667, -0.0008333333333333334]","[-0.009166666666666667, -0.27166666666666667]","[2.4730259999632835, 3.739836899971124]",354.0021686,,354.0177363,354.7906045,,,1.0,1.0,2026-03-30_23h44.00.718,Week2Train,59.97630935,2026-03-30 23h44.03.075084 +0200,13.811960099999965,8.543839899999966,3.7434753,0.7884358999999677,4.0,1.0,2.0,2.0,2.0,10.0,1,0.75,16.503540633415575,15.277475290246988,0.5210089090110992,0.6273836527038391,2,1.3,1.7396796245544974,1.15
347,7,018_Lime-green.jpg,True,Lime-green,47.0,100.0,1.0,02-1/018_Lime-green_0.png,,6.0,5.0,"[(5.0, 1.5161442999960855)]",10.0,"[1.9986835999879986, 2.8856535999802873]",7.0,355.1430599,368.9070929,2.0,Lime-green,369.2613785,371.6050355,"[0.37416666666666665, 0.0375]","[-0.0175, -0.305]","[1.27511190000223, 2.3403736000182107]",371.9681434,,371.9837896,372.6091955,,,1.0,1.0,2026-03-30_23h44.00.718,Week2Train,59.97630935,2026-03-30 23h44.03.075084 +0200,17.466135599999973,13.764032999999984,2.3436570000000074,0.6410521000000244,5.0,1.0,2.0,2.0,2.0,10.0,1,1.0,16.503540633415575,15.277475290246988,0.17931677724031211,0.5447094575841873,2,1.3,1.7724366884578329,1.2
348,8,022_Seafoam.jpg,True,Seafoam,0.0,99.0,72.0,02-1/022_Seafoam_0.png,,7.0,5.0,"[(5.0, 1.0832958999671973)]",12.0,"[1.4947334000025876, 2.426069000037387, 21.70396770001389, 22.35927700001048, 22.840199400030542]",8.0,372.9618034,400.3838569,1.0,Cyan,400.7438474,402.6858727,"[0.37, 0.04583333333333333]","[-0.013333333333333334, -0.30583333333333335]","[0.8725687999976799, 1.9391760000144131]",403.0505178,403.0994151,409.2835479,410.9865808,,,1.0,1.0,2026-03-30_23h44.00.718,Week2Train,59.97630935,2026-03-30 23h44.03.075084 +0200,38.024777400000005,27.422053500000004,1.9420253000000116,7.93606299999999,-5.0,4.0,2.0,2.0,2.0,10.0,0,1.0,16.503540633415575,15.277475290246988,-0.7146804468114385,0.32856545860442943,0,1.3,0.3881405288557275,0.2
349,9,006_Pink.jpg,True,Pink,100.0,0.0,50.0,02-1/006_Pink_0.png,,8.0,5.0,"[(5.0, 1.5817077999818139)]",1.0,"[3.122778900025878, 3.8829192999983206]",9.0,411.3413509,425.484918,2.0,Pink,425.8441732,428.2870992,"[0.37833333333333335, 0.06]","[-0.005, -0.275]","[1.3711374999838881, 2.4394768999773078]",428.6515754,,428.6651184,429.3218785,,,1.0,1.0,2026-03-30_23h44.00.718,Week2Train,59.97630935,2026-03-30 23h44.03.075084 +0200,17.980527600000016,14.143567099999984,2.442926,0.6703031000000124,5.0,1.0,2.0,2.0,2.0,10.0,1,1.0,16.503540633415575,15.277475290246988,0.1544740533746553,0.5385419024849285,2,1.3,1.7700313419691223,1.2
350,10,011_Orange.jpg,True,Orange,99.0,48.0,0.0,02-1/011_Orange_0.png,,9.0,3.0,"[(3.0, 1.6219360000104643)]",4.0,"[1.7506109999958426, 2.8176581999869086]",10.0,429.6927546,450.8219585,2.0,Orange,451.1755863,454.0871407,"[-0.025833333333333333, 0.008333333333333333]","[-0.03, -0.28833333333333333]","[1.4059834000072442, 2.908095900027547]",454.4517919,,454.4639429,455.2178303,,,1.0,1.0,2026-03-30_23h44.00.718,Week2Train,59.97630935,2026-03-30 23h44.03.075084 +0200,25.525075700000002,21.129203899999993,2.9115544,0.7660384000000136,3.0,1.0,2.0,2.0,2.0,10.0,1,0.5,16.503540633415575,15.277475290246988,-0.30277668127124396,0.42487884108614954,2,1.3,1.5957027480235983,1.1
351,11,012_Lime-green.jpg,True,Lime-green,61.0,94.0,3.0,02-1/012_Lime-green_0.png,,10.0,4.0,"[(4.0, 1.9822491999948397)]",5.0,"[4.853260800009593, 8.291124400042463, 14.80815719999373, 15.580709400004707, 19.65884210000513]",11.0,455.574607,483.9537776,1.0,Lime-green,484.3076873,487.3825586,"[0.15083333333333335, 0.004166666666666667]","[0.004166666666666667, -0.2733333333333333]","[1.7720103000174277, 3.0713516999967396]",487.7482058,,487.7625536,488.3706369,,,1.0,1.0,2026-03-30_23h44.00.718,Week2Train,59.97630935,2026-03-30 23h44.03.075084 +0200,32.79602990000001,28.37917060000001,3.074871299999984,0.6224311000000284,4.0,4.0,2.0,2.0,2.0,10.0,1,0.75,16.503540633415575,15.277475290246988,-0.7773293519359011,0.3148957570890557,2,1.3,1.6178093452647315,1.15
352,12,008_Yellow.jpg,True,Yellow,100.0,80.0,0.0,01-1/008_Yellow_0.png,,11.0,3.0,"[(4.0, 2.315720600017812), (3.0, 4.04888330004178)]",19.0,"[3.888065600011032, 5.3872935000108555]",12.0,488.7231819,506.6442782,2.0,Orange,507.006725,512.7338418,"[0.15333333333333332, -0.0275, -0.020833333333333332, -0.019166666666666665]","[-0.0175, -0.028333333333333332, -0.23916666666666667, -0.2633333333333333]","[2.0746991999913007, 3.8053758000023663, 4.8886045999825, 5.72353070002282]",513.0975317,513.1456814,518.1135505,519.6340568,,,1.0,1.0,2026-03-30_23h44.00.718,Week2Train,59.97630935,2026-03-30 23h44.03.075084 +0200,30.910874900000067,17.921096299999988,5.727116800000033,6.536525100000063,-3.0,1.0,2.0,2.0,2.0,10.0,0,0.5,16.503540633415575,15.277475290246988,-0.09278729892558676,0.47681980367459503,0,1.3,0.3159597234330921,0.1
353,13,010_Red.jpg,True,Red,99.0,0.0,12.0,01-1/010_Red_0.png,,12.0,4.0,"[(4.0, 3.082377499958966)]",26.0,"[2.457556300039869, 3.4812035000068136]",13.0,519.9897515,539.0939255,2.0,Pink,539.4559498,543.3978177,"[0.14166666666666666, 0.1625, 0.018333333333333333]","[-0.065, -0.0275, -0.2875]","[1.70779960002983, 2.8384693000116386, 3.9383878000080585]",543.765299,543.8111505,547.7121235,549.0166409,,,1.0,1.0,2026-03-30_23h44.00.718,Week2Train,59.97630935,2026-03-30 23h44.03.075084 +0200,29.02688939999996,19.104173999999944,3.941867900000034,5.251341899999943,-4.0,1.0,2.0,2.0,2.0,10.0,0,0.75,16.503540633415575,15.277475290246988,-0.17022664525234682,0.4575458058675506,0,1.3,0.3734428642883448,0.15000000000000002
354,14,014_Pink.jpg,True,Pink,100.0,9.0,40.0,02-1/014_Pink_0.png,,13.0,5.0,"[(5.0, 2.549513800011482)]",8.0,"[6.338274400040973, 7.448722200002521, 11.222444400016684, 11.858637500030454]",14.0,549.3715304,571.8742517,0.0,Pink,572.2380881,575.6462717,"[0.3641666666666667, 0.043333333333333335]","[-0.016666666666666666, -0.29]","[2.339178800000809, 3.4046615000115708]",576.0131192,,576.0262259,576.6844292,,,1.0,1.0,2026-03-30_23h44.00.718,Week2Train,59.97630935,2026-03-30 23h44.03.075084 +0200,27.31289879999997,22.502721299999962,3.4081836000000294,0.6713099999999486,5.0,3.0,2.0,2.0,2.0,10.0,1,1.0,16.503540633415575,15.277475290246988,-0.392681418402569,0.40307197080579404,2,1.3,1.7171980686142598,1.2
355,15,010_Pink.jpg,True,Pink,98.0,0.0,52.0,02-1/010_Pink_0.png,,14.0,3.0,"[(3.0, 2.750317699974403)]",3.0,"[1.8086779000004753, 2.416177000035532]",15.0,577.0376948,609.1869779,2.0,Pink,609.5539398,613.6616999,"[-0.06, -0.02666666666666667]","[-0.024166666666666666, -0.2816666666666667]","[2.5376566000049934, 4.1041818000376225]",614.0218651,,614.0417381,615.064011,,,1.0,1.0,2026-03-30_23h44.00.718,Week2Train,59.97630935,2026-03-30 23h44.03.075084 +0200,38.0263162,32.149283099999934,4.107760100000064,1.0421459000000368,3.0,1.0,2.0,2.0,2.0,10.0,1,0.5,16.503540633415575,15.277475290246988,-1.0241052378970281,0.26422852169208955,2,1.3,1.533049123459915,1.1
356,16,008_Purple.jpg,True,Purple,52.0,0.0,99.0,01-1/008_Purple_0.png,,15.0,5.0,"[(5.0, 1.5990341000142507)]",18.0,"[5.025852300052065, 8.639292500040028]",16.0,615.4170511,630.3115728,2.0,Purple,630.6691847,633.1946395,"[0.36666666666666664, 0.04833333333333333]","[-0.015, -0.27166666666666667]","[1.3880674000247382, 2.521744299971033]",633.5619381,,633.57417,634.4635203,,,1.0,1.0,2026-03-30_23h44.00.718,Week2Train,59.97630935,2026-03-30 23h44.03.075084 +0200,19.046469200000047,14.894521700000041,2.525454800000034,0.9015822000000071,5.0,1.0,2.0,2.0,2.0,10.0,1,1.0,16.503540633415575,15.277475290246988,0.10531968815833845,0.5263056108617693,2,1.3,1.7652591882360902,1.2
357,17,008_Orange.jpg,True,Orange,100.0,53.0,0.0,02-1/008_Orange_0.png,,16.0,4.0,"[(4.0, 1.5838474999764003)]",2.0,"[1.4778925999999046, 2.0199826000025496]",17.0,634.8194135,648.2430696,2.0,Orange,648.6007833,651.2430748,"[0.16833333333333333, 0.035]","[-0.043333333333333335, -0.28583333333333333]","[1.37285470002098, 2.6392449000268243]",651.6085165,,651.6237356,652.2641373,,,1.0,1.0,2026-03-30_23h44.00.718,Week2Train,59.97630935,2026-03-30 23h44.03.075084 +0200,17.44472380000002,13.423656100000017,2.6422915000000557,0.6556208000000652,4.0,1.0,2.0,2.0,2.0,10.0,1,0.75,16.503540633415575,15.277475290246988,0.20159643363204988,0.5502291095759139,2,1.3,1.7095893527346064,1.15
358,18,018_Purple.jpg,True,Purple,51.0,2.0,100.0,01-1/018_Purple_0.png,,17.0,5.0,"[(5.0, 0.982644000032451)]",24.0,"[2.3118743000086397, 2.7595594999729656]",18.0,652.6189742,658.510509,2.0,Purple,658.8687017,661.1100914,"[0.35333333333333333, 0.07333333333333333]","[0.0, -0.285]","[0.737641999963671, 2.2375748999766074]",661.4764298,,661.4902761,662.1958474,,,1.0,1.0,2026-03-30_23h44.00.718,Week2Train,59.97630935,2026-03-30 23h44.03.075084 +0200,9.576873200000023,5.891534799999931,2.2413897000000134,0.7194176000000425,5.0,1.0,2.0,2.0,2.0,10.0,1,1.0,16.503540633415575,15.277475290246988,0.6946177710521488,0.6669933844169391,2,1.3,1.8201274199226063,1.2
359,19,011_Cyan.jpg,True,Cyan,0.0,88.0,97.0,01-1/011_Cyan_0.png,,18.0,4.0,"[(4.0, 1.9159133000066504)]",22.0,"[1.5953419000143185, 3.8286058999947272]",19.0,662.551196,670.9056782,2.0,Cyan,671.2665112,674.3086736,"[0.5916666666666667, 0.15833333333333333, 0.03]","[-0.11583333333333333, -0.006666666666666667, -0.2925]","[0.140645100036636, 1.6732015000307001, 3.0391400000080466]",674.6753799,,674.6890735,675.4447308,,,1.0,1.0,2026-03-30_23h44.00.718,Week2Train,59.97630935,2026-03-30 23h44.03.075084 +0200,12.893534799999998,8.354482200000007,3.042162400000052,0.7693508999999494,4.0,1.0,2.0,2.0,2.0,10.0,1,0.75,16.503540633415575,15.277475290246988,0.5334034765952368,0.6302765684122479,2,1.3,1.7408078616807765,1.15
360,20,007_Cyan.jpg,True,Cyan,1.0,89.0,99.0,01-1/007_Cyan_0.png,,19.0,5.0,"[(5.0, 2.382347399950959)]",17.0,"[1.4638982000178657, 2.177535600028932]",20.0,675.7997031,681.5574342,2.0,Cyan,681.9169811,685.1593513,"[0.3725, 0.3458333333333333, 0.0325]","[-0.058333333333333334, -0.0033333333333333335, -0.3075]","[1.1057756000082009, 2.141887100005988, 3.238583800033666]",685.5183986,,685.5388792,686.0974757,,,1.0,1.0,2026-03-30_23h44.00.718,Week2Train,59.97630935,2026-03-30 23h44.03.075084 +0200,10.29777260000003,5.757731100000001,3.242370199999982,0.5790771000000632,5.0,1.0,2.0,2.0,2.0,10.0,1,1.0,16.503540633415575,15.277475290246988,0.7033760048216612,0.6689358504260384,2,1.3,1.820884981666155,1.2
361,21,022_Green.jpg,True,Green,0.0,95.0,0.0,01-1/022_Green_0.png,,20.0,5.0,"[(5.0, 1.2495034000021406), (5.0, 1.4823950999998488)]",27.0,"[1.3258962000254542, 1.9453692000242881]",21.0,686.4498596,691.3478396,2.0,Green,691.6999203,694.1090365,"[0.3491666666666667, 0.3491666666666667, 0.04083333333333333]","[0.0, 0.0, -0.29833333333333334]","[0.9767843000008725, 1.3058250000467524, 2.4056093000108376]",694.4750729,,694.4890943,695.044544,,,1.0,1.0,2026-03-30_23h44.00.718,Week2Train,59.97630935,2026-03-30 23h44.03.075084 +0200,8.594684400000006,4.897980000000075,2.4091161999999713,0.569471099999987,5.0,1.0,2.0,2.0,2.0,10.0,1,1.0,16.503540633415575,15.277475290246988,0.7596517364897584,0.6812781172365191,2,1.3,1.8256984657222424,1.2
362,22,030_Seafoam.jpg,True,Seafoam,0.0,99.0,67.0,02-1/030_Seafoam_0.png,,21.0,5.0,"[(5.0, 1.2832208999898285)]",15.0,"[1.4883352000033483, 1.9338305999990553, 12.678911099967081, 13.1233439000207, 13.654584800009616]",22.0,695.3992351,715.936205,1.0,Seafoam,716.2989631,718.4085041,"[0.36583333333333334, 0.07416666666666667]","[-0.006666666666666667, -0.32166666666666666]","[1.042053000011947, 2.106199200032279]",718.7729979,,718.7880015,719.360075,,,1.0,1.0,2026-03-30_23h44.00.718,Week2Train,59.97630935,2026-03-30 23h44.03.075084 +0200,23.960839899999996,20.536969899999917,2.109540999999922,0.5870771000001014,5.0,4.0,2.0,2.0,2.0,10.0,1,1.0,16.503540633415575,15.277475290246988,-0.2640115064796897,0.43437784799493334,2,1.3,1.729407360718024,1.2
363,23,014_Yellow.jpg,True,Yellow,100.0,98.0,11.0,01-1/014_Yellow_0.png,,22.0,4.0,"[(4.0, 1.4851797999581322)]",23.0,"[1.4455035999999382, 2.0799658999894746]",23.0,719.7156263,736.2093028,2.0,Yellow,736.5641324,738.941794,"[0.19583333333333333, 0.035]","[-0.020833333333333332, -0.29083333333333333]","[1.2740362000185996, 2.3741478000301868]",739.3066317,,739.3209389,739.9260339,,,1.0,1.0,2026-03-30_23h44.00.718,Week2Train,59.97630935,2026-03-30 23h44.03.075084 +0200,20.21040759999994,16.493676499999992,2.3776616000000104,0.6194021999999677,4.0,1.0,2.0,2.0,2.0,10.0,1,0.75,16.503540633415575,15.277475290246988,0.000645665152663024,0.5001614162825582,2,1.3,1.6900629523501975,1.15
364,24,028_Pink.jpg,True,Pink,98.0,0.0,50.0,02-1/028_Pink_0.png,,23.0,5.0,"[(5.0, 1.6183700999827124)]",13.0,"[3.4028212999692187, 4.015798999986146]",24.0,740.2827345,761.4090488,2.0,Pink,761.7641042,764.2078553,"[0.35583333333333333, 0.015]","[-0.0225, -0.2941666666666667]","[1.4055784000083804, 2.4401462000096217]",764.5730465,,764.5861472,765.7756236,,,1.0,1.0,2026-03-30_23h44.00.718,Week2Train,59.97630935,2026-03-30 23h44.03.075084 +0200,25.49288910000007,21.126314300000104,2.443751099999986,1.202577099999985,5.0,1.0,2.0,2.0,2.0,10.0,1,1.0,16.503540633415575,15.277475290246988,-0.3025875400718644,0.4249250596831095,2,1.3,1.7257207732764126,1.2
365,25,006_Purple.jpg,True,Purple,65.0,0.0,100.0,01-1/006_Purple_0.png,,24.0,5.0,"[(5.0, 1.1496772000100464)]",16.0,"[6.22846870002104, 6.712092000001576]",25.0,766.1295039,776.8722776,2.0,Purple,777.2314326,779.4743538,"[0.3541666666666667, 0.0825]","[-0.023333333333333334, -0.26416666666666666]","[0.9383003999828361, 2.239437500014901]",779.8394435,,779.8525851,780.5757895,,,1.0,1.0,2026-03-30_23h44.00.718,Week2Train,59.97630935,2026-03-30 23h44.03.075084 +0200,14.44628560000001,10.74277369999993,2.242921200000069,0.7363460000000259,5.0,1.0,2.0,2.0,2.0,10.0,1,1.0,16.503540633415575,15.277475290246988,0.37707584689030854,0.5931676396136679,2,1.3,1.7913353794493303,1.2
366,26,029_Seafoam.jpg,True,Seafoam,0.0,100.0,74.0,02-1/029_Seafoam_0.png,,25.0,5.0,"[(5.0, 1.1505291999783367)]",14.0,"[1.5673104000161402, 2.182061600033194]",26.0,780.9299056,793.912921,2.0,Seafoam,794.2793463,796.3216844,"[0.37, 0.030833333333333334]","[0.009166666666666667, -0.31833333333333336]","[0.9412945999647491, 2.0387753999675624]",796.6869299,,796.7017052,797.3096961,,,1.0,1.0,2026-03-30_23h44.00.718,Week2Train,59.97630935,2026-03-30 23h44.03.075084 +0200,16.379790500000013,12.9830154,2.042338099999938,0.6227662000000009,5.0,1.0,2.0,2.0,2.0,10.0,1,1.0,16.503540633415575,15.277475290246988,0.2304389414174376,0.5573561486798071,2,1.3,1.7773688979851248,1.2
367,27,006_Orange.jpg,True,Orange,100.0,45.0,0.0,02-1/006_Orange_0.png,,26.0,4.0,"[(4.0, 1.3150168000138365)]",0.0,"[1.4723147000186145, 1.9378580000484362]",27.0,797.6633801,808.2741657,2.0,Orange,808.6299728,810.7709285,"[0.1875, -0.016666666666666666]","[0.0, -0.2808333333333333]","[1.0729546999791637, 2.1377562999841757]",811.1377681,,811.1511674,811.8090345,,,1.0,1.0,2026-03-30_23h44.00.718,Week2Train,59.97630935,2026-03-30 23h44.03.075084 +0200,14.145654400000012,10.610785599999986,2.1409556999999495,0.6712664000000359,4.0,1.0,2.0,2.0,2.0,10.0,1,0.75,16.503540633415575,15.277475290246988,0.38571523903412724,0.5952508061971334,2,1.3,1.7271478144168821,1.15
368,28,009_Cyan.jpg,True,Cyan,3.0,100.0,95.0,01-1/009_Cyan_0.png,,27.0,5.0,"[(5.0, 1.117205600021407)]",20.0,"[1.3281395999947563, 1.760315100022126]",28.0,812.1618914,818.7358638,2.0,Yellow,819.0944515,821.005121,"[0.37, 0.06166666666666667]","[0.020833333333333332, -0.26166666666666666]","[0.9059466000180691, 1.9076608999748714]",821.3683247,821.4009253,824.9013258,826.371589,,,1.0,1.0,2026-03-30_23h44.00.718,Week2Train,59.97630935,2026-03-30 23h44.03.075084 +0200,14.209697600000027,6.573972400000002,1.91066950000004,5.003264299999955,-5.0,1.0,2.0,2.0,2.0,10.0,0,1.0,16.503540633415575,15.277475290246988,0.64994824372287,0.6569987994199544,0,1.3,0.5162295317737823,0.2
369,1,006_Orange.jpg,True,Orange,100.0,45.0,0.0,02-1/006_Orange_0.png,,0.0,3.0,"[(3.0, 3.5980074999970384)]",0.0,"[3.419492300003185, 4.496806900002412]",1.0,10.5189356,38.93597,2.0,Orange,39.3034368,44.3061212,"[-0.056666666666666664, -0.04083333333333333]","[-0.018333333333333333, -0.2758333333333333]","[3.3500372000053176, 4.998754600004759]",44.6865154,,44.7186357,45.4612584,,,1.0,2.0,2026-03-31_11h43.01.146,Week2Train,60.10460605,2026-03-31 11h43.03.387357 +0200,34.9423228,28.4170344,5.0026844,0.7747430000000008,3.0,1.0,2.0,2.0,2.0,10.0,1,0.5,16.503540633415575,15.277475290246988,-0.7798077588245158,0.31436131991534894,2,1.3,1.5526009147669864,1.1
370,2,018_Seafoam.jpg,True,Seafoam,13.0,100.0,58.0,02-1/018_Seafoam_0.png,,1.0,4.0,"[(4.0, 1.7141153999982635)]",11.0,"[1.8218453000008594, 3.100247499998659, 11.019290999996883, 12.010464099999808, 12.576722400001017, 14.92857560000266]",2.0,45.8154826,84.4755113,2.0,Seafoam,84.8292331,87.6705168,"[0.17666666666666667, 0.025833333333333333]","[0.004166666666666667, -0.2675]","[1.4736460999993142, 2.8378681000031065]",88.0580098,,88.083504,88.70942,,,1.0,2.0,2026-03-31_11h43.01.146,Week2Train,60.10460605,2026-03-31 11h43.03.387357 +0200,42.89393739999999,38.66002869999999,2.8412837000000053,0.6514102000000008,4.0,5.0,2.0,2.0,2.0,10.0,1,0.75,16.503540633415575,15.277475290246988,-1.4502715694607557,0.18995977473013098,2,1.3,1.5690843121447509,1.15
371,3,018_Purple.jpg,True,Purple,51.0,2.0,100.0,01-1/018_Purple_0.png,,2.0,5.0,"[(5.0, 1.2182755000030738)]",24.0,"[5.966368699999293, 6.832326599993394]",3.0,89.0640491,108.5309277,2.0,Purple,108.8941939,111.0714223,"[0.3566666666666667, 0.07666666666666666]","[-0.03, -0.2783333333333333]","[1.0057261000038125, 2.1738117999993847]",111.4392921,,111.4656636,112.0885183,,,1.0,2.0,2026-03-31_11h43.01.146,Week2Train,60.10460605,2026-03-31 11h43.03.387357 +0200,23.0244692,19.4668786,2.17722839999999,0.6492262000000011,5.0,1.0,2.0,2.0,2.0,10.0,1,1.0,16.503540633415575,15.277475290246988,-0.1939677800347153,0.4516595215365231,2,1.3,1.7361472133992442,1.2
372,4,008_Yellow.jpg,True,Yellow,100.0,80.0,0.0,01-1/008_Yellow_0.png,,3.0,4.0,"[(4.0, 1.5814526999965892)]",19.0,"[3.4600924999976996, 4.7005626000027405, 15.707715999997163, 16.479633199996897, 17.087226700001338]",4.0,112.4454681,141.8082659,1.0,Orange,142.1611197,144.7377741,"[0.16583333333333333, 0.059166666666666666]","[-0.018333333333333333, -0.2758333333333333]","[1.3389690999974846, 2.573225400003139]",145.1044353,145.1645806,157.6678987,159.8905017,,,1.0,2.0,2026-03-31_11h43.01.146,Week2Train,60.10460605,2026-03-31 11h43.03.387357 +0200,47.44503359999999,29.36279780000001,2.5766543999999953,14.786066399999982,-4.0,4.0,2.0,2.0,2.0,10.0,0,0.75,16.503540633415575,15.277475290246988,-0.8417134979621715,0.3011740242936829,0,1.3,0.31245786947453635,0.15000000000000002
373,5,022_Green.jpg,True,Green,0.0,95.0,0.0,01-1/022_Green_0.png,,4.0,5.0,"[(5.0, 1.7151697000008426)]",27.0,"[2.2432282000008854, 3.3235149000029196, 6.744031599999289, 7.0825608000013744, 10.553842200002691, 12.404244400000607]",5.0,160.2450227,178.9226461,2.0,Green,179.2765346,194.3998999,"[0.37333333333333335, 0.0625]","[-0.0016666666666666668, -0.295]","[1.5039456999948015, 15.119917199997872]",194.7673536,,194.7794483,195.6715215,,,1.0,2.0,2026-03-31_11h43.01.146,Week2Train,60.10460605,2026-03-31 11h43.03.387357 +0200,35.42649880000002,18.677623400000016,15.123365300000017,0.9041679000000045,5.0,5.0,2.0,2.0,2.0,10.0,1,1.0,16.503540633415575,15.277475290246988,-0.14230641681825248,0.46448331328776404,2,1.3,1.741148492182228,1.2
374,6,016_Lime-green.jpg,True,Lime-green,56.0,100.0,5.0,02-1/016_Lime-green_0.png,,5.0,4.0,"[(4.0, 1.8148562999995193)]",9.0,"[6.694686700000602, 7.491540900002292, 24.50592190000316, 24.998282000000472, 25.458790700002282]",6.0,196.0268196,234.9801101,1.0,Lime-green,235.340166,238.2835535,"[0.15666666666666668, 0.085]","[-0.028333333333333332, -0.26]","[1.575735700003861, 2.939695200002461]",238.6532832,,238.6777693,239.3042368,,,1.0,2.0,2026-03-31_11h43.01.146,Week2Train,60.10460605,2026-03-31 11h43.03.387357 +0200,43.2774172,38.95329049999998,2.9433875,0.6509536000000082,4.0,4.0,2.0,2.0,2.0,10.0,1,0.75,16.503540633415575,15.277475290246988,-1.469467267338088,0.18702360021254827,2,1.3,1.5679392040828937,1.15
375,7,028_Pink.jpg,True,Pink,98.0,0.0,50.0,02-1/028_Pink_0.png,,6.0,5.0,"[(5.0, 1.3492780000015046)]",13.0,"[5.859847899999295, 6.641142899999977]",7.0,239.657395,257.4823315,2.0,Pink,257.8392563,260.2842616,"[0.36, 0.0675]","[-0.013333333333333334, -0.2658333333333333]","[1.1385269999955199, 2.4397796999983257]",260.6491734,,260.6615046,261.2682201,,,1.0,2.0,2026-03-31_11h43.01.146,Week2Train,60.10460605,2026-03-31 11h43.03.387357 +0200,21.6108251,17.82493649999998,2.445005299999991,0.6190467000000126,5.0,1.0,2.0,2.0,2.0,10.0,1,1.0,16.503540633415575,15.277475290246988,-0.08649307830515499,0.47839020074799476,2,1.3,1.746572178291718,1.2
376,8,011_Cyan.jpg,True,Cyan,0.0,88.0,97.0,01-1/011_Cyan_0.png,,7.0,4.0,"[(4.0, 3.3138650999972015)]",22.0,"[2.2492886999971233, 3.9024856999967596]",8.0,261.6236536,272.6179736,2.0,Cyan,272.9727732,277.363141,"[0.1475, 0.0275]","[-0.020833333333333332, -0.2783333333333333]","[3.073025300000154, 4.3871054999981425]",277.7300549,,277.7432134,278.403569,,,1.0,2.0,2026-03-31_11h43.01.146,Week2Train,60.10460605,2026-03-31 11h43.03.387357 +0200,16.779915399999993,10.994320000000016,4.390367799999979,0.6735140999999771,4.0,1.0,2.0,2.0,2.0,10.0,1,0.75,16.503540633415575,15.277475290246988,0.36061067216600895,0.5891882525276229,2,1.3,1.724783418485773,1.15
377,9,008_Purple.jpg,True,Purple,52.0,0.0,99.0,01-1/008_Purple_0.png,,8.0,5.0,"[(5.0, 1.8144344000029378)]",18.0,"[4.12815209999826, 4.865307899999607, 8.415757999995549, 9.160049099999014]",9.0,278.7546151,301.3635501,0.0,Pink,301.7213131,304.5289392,"[0.37833333333333335, 0.043333333333333335]","[-0.005, -0.2866666666666667]","[1.5728298000030918, 2.8043490999989444]",304.9085173,304.9427615,312.4955895,313.8316631,,,1.0,2.0,2026-03-31_11h43.01.146,Week2Train,60.10460605,2026-03-31 11h43.03.387357 +0200,35.07704799999999,22.608934999999974,2.80762610000005,8.923145799999986,-5.0,3.0,2.0,2.0,2.0,10.0,0,1.0,16.503540633415575,15.277475290246988,-0.3996337255071217,0.40140034445045014,0,1.3,0.41654613433567556,0.2
378,10,007_Cyan.jpg,True,Cyan,1.0,89.0,99.0,01-1/007_Cyan_0.png,,9.0,5.0,"[(5.0, 1.513895299998694)]",17.0,"[1.41777120000188, 5.196809500004747, 6.172613400005503, 6.7311865000010584, 7.404085300004226]",10.0,314.1905875,328.8484533,1.0,Cyan,329.2036954,331.7454556,"[0.3675, 0.043333333333333335]","[-0.025833333333333333, -0.2791666666666667]","[1.2724583999952301, 2.5385972000003676]",332.1109545,,332.1245744,332.8025316,,,1.0,2.0,2026-03-31_11h43.01.146,Week2Train,60.10460605,2026-03-31 11h43.03.387357 +0200,18.611944100000017,14.657865800000025,2.541760199999999,0.6915771000000177,5.0,4.0,2.0,2.0,2.0,10.0,1,1.0,16.503540633415575,15.277475290246988,0.12081019922145211,0.53016586922657,2,1.3,1.7667646889983624,1.2
379,11,011_Orange.jpg,True,Orange,99.0,48.0,0.0,02-1/011_Orange_0.png,,10.0,4.0,"[(4.0, 1.1320567999937339)]",4.0,"[2.389662199995655, 4.0158477000004495, 4.877956199998152, 5.637353499994788, 11.944623700001102, 28.851954199999454, 29.586638399996446, 30.18574290000106]",11.0,333.1713559,379.0480825,0.0,Orange,379.4053043,381.558869,"[0.17083333333333334, 0.03666666666666667]","[-0.025, -0.2783333333333333]","[0.8865525000001071, 2.1505792000025394]",381.9300606,,381.9567689,382.5987399,,,1.0,2.0,2026-03-31_11h43.01.146,Week2Train,60.10460605,2026-03-31 11h43.03.387357 +0200,49.42738400000002,45.87672660000004,2.153564700000004,0.668679300000008,4.0,7.0,2.0,2.0,2.0,10.0,1,0.75,16.503540633415575,15.277475290246988,-1.9226466028281557,0.12756672629530372,2,1.3,1.5447510232551687,1.15
380,12,014_Pink.jpg,True,Pink,100.0,9.0,40.0,02-1/014_Pink_0.png,,11.0,5.0,"[(5.0, 1.45005520000268)]",8.0,"[2.520146900002146, 3.7978558000031626]",12.0,382.952437,393.1924889,2.0,Pink,393.5526924,396.0252153,"[0.37416666666666665, 0.065]","[-0.018333333333333333, -0.2825]","[1.236249499997939, 2.469556799995189]",396.3953375,,396.4234472,397.0488214,,,1.0,2.0,2026-03-31_11h43.01.146,Week2Train,60.10460605,2026-03-31 11h43.03.387357 +0200,14.096384400000034,10.240051900000026,2.4725229000000013,0.6534839000000261,5.0,1.0,2.0,2.0,2.0,10.0,1,1.0,16.503540633415575,15.277475290246988,0.4099819253128891,0.6010835448695495,2,1.3,1.7944225824991242,1.2
381,13,010_Red.jpg,True,Red,99.0,0.0,12.0,01-1/010_Red_0.png,,12.0,3.0,"[(3.0, 2.380794500000775)]",26.0,"[1.6387561000010464, 2.18731839999964]",13.0,397.4029786,406.475152,2.0,Pink,406.8347243,411.1583878,"[-0.043333333333333335, 0.03]","[-0.019166666666666665, -0.2991666666666667]","[2.1375119000003906, 4.320730300001742]",411.5324032,411.5731738,417.4089092,420.8301431,,,1.0,2.0,2026-03-31_11h43.01.146,Week2Train,60.10460605,2026-03-31 11h43.03.387357 +0200,23.427164500000003,9.072173399999997,4.323663500000009,9.29773990000001,-3.0,1.0,2.0,2.0,2.0,10.0,0,0.5,16.503540633415575,15.277475290246988,0.48642639521464,0.619264221788097,0,1.3,0.37151304649735784,0.1
382,14,014_Lime-green.jpg,True,Lime-green,65.0,100.0,4.0,02-1/014_Lime-green_0.png,,13.0,4.0,"[(4.0, 1.5990831000017351)]",6.0,"[13.052276199996413, 14.458547800000815, 23.438655400001153, 23.90430589999596, 24.785395899998548]",14.0,421.1861573,452.6925768,1.0,Yellow,453.057186,455.9751459,"[0.165, 0.011666666666666667]","[-0.005833333333333334, -0.2925]","[1.3797703000018373, 2.9144824000031804]",456.3558331,456.3862823,462.2901523,464.4940076,,,1.0,2.0,2026-03-31_11h43.01.146,Week2Train,60.10460605,2026-03-31 11h43.03.387357 +0200,43.307850299999984,31.506419499999993,2.917959899999971,8.138174499999991,-4.0,4.0,2.0,2.0,2.0,10.0,0,0.75,16.503540633415575,15.277475290246988,-0.982026060036381,0.27248995409514465,0,1.3,0.3012710820971064,0.15000000000000002
383,15,029_Seafoam.jpg,True,Seafoam,0.0,100.0,74.0,02-1/029_Seafoam_0.png,,14.0,5.0,"[(5.0, 1.3628301000062493)]",14.0,"[11.727064900005644, 13.837640600002487, 14.710940500001016, 17.97215470000083, 19.122250200001872, 20.86218600000575]",15.0,464.8494504,507.064334,2.0,Cyan,507.4351844,509.7208005,"[0.37916666666666665, 0.0875]","[-0.015, -0.2808333333333333]","[1.1166765000016312, 2.282402100005129]",510.0931311,510.1351119,516.0367854,517.7072846,,,1.0,2.0,2026-03-31_11h43.01.146,Week2Train,60.10460605,2026-03-31 11h43.03.387357 +0200,52.85783419999996,42.21488359999995,2.28561609999997,7.614153499999986,-5.0,5.0,2.0,2.0,2.0,10.0,0,1.0,16.503540633415575,15.277475290246988,-1.682957588090375,0.15670423253921417,0,1.3,0.32111465069029355,0.2
384,16,022_Seafoam.jpg,True,Seafoam,0.0,99.0,72.0,02-1/022_Seafoam_0.png,,15.0,4.0,"[(4.0, 1.5479231999997864)]",12.0,"[2.2071387999967556, 3.371693900000537, 6.516247100000328, 7.01684060000116, 7.474558800000523]",16.0,518.0652087,535.9702802,1.0,Lime-green,536.3294957,538.738693,"[0.16416666666666666, 0.010833333333333334]","[-0.015833333333333335, -0.2891666666666667]","[1.3066198000014992, 2.4060095000022557]",539.0995153,539.1501693,557.535425,559.5901341,,,1.0,2.0,2026-03-31_11h43.01.146,Week2Train,60.10460605,2026-03-31 11h43.03.387357 +0200,41.52492540000003,17.905071500000076,2.40919729999996,20.490618799999993,-4.0,4.0,2.0,2.0,2.0,10.0,0,0.75,16.503540633415575,15.277475290246988,-0.09173838215789665,0.47708147559930975,0,1.3,0.3810617754837308,0.15000000000000002
385,17,010_Yellow.jpg,True,Yellow,100.0,87.0,0.0,01-1/010_Yellow_0.png,,16.0,3.0,"[(3.0, 1.74805760000163)]",21.0,"[2.681968799995957, 5.268304999997781, 8.912399699998787, 9.633600000001024, 10.53599789999862, 27.357254899994587, 28.535895099994377]",17.0,559.9454752,599.7464694,3.0,Orange,600.10865,602.8168163,"[-0.020833333333333332, -0.03666666666666667]","[-0.011666666666666667, -0.2525]","[1.5391869000013685, 2.7048992999989423]",603.1871525,603.2319187,606.3676138,607.8064376,,,1.0,2.0,2026-03-31_11h43.01.146,Week2Train,60.10460605,2026-03-31 11h43.03.387357 +0200,47.86096239999995,39.80099419999999,2.7081663000000162,4.619285099999956,-3.0,6.0,2.0,2.0,2.0,10.0,0,0.5,16.503540633415575,15.277475290246988,-1.524954426302186,0.17873311321405894,0,1.3,0.19970591415348302,0.1
386,18,012_Lime-green.jpg,True,Lime-green,61.0,94.0,3.0,02-1/012_Lime-green_0.png,,17.0,4.0,"[(4.0, 1.7805931000038981)]",5.0,"[3.7365497999999207, 8.936958999998751, 9.780636499999673, 10.443600799997512, 11.899411400001554]",18.0,608.1612257,629.1140011,1.0,Lime-green,629.4770097,632.1180915,"[0.17166666666666666, -0.0275]","[-0.024166666666666666, -0.26166666666666666]","[1.5371598999990965, 2.637273100001039]",632.4865181,,632.4966545,633.3903074,,,1.0,2.0,2026-03-31_11h43.01.146,Week2Train,60.10460605,2026-03-31 11h43.03.387357 +0200,25.229081699999938,20.95277539999995,2.641081799999938,0.9037892999999713,4.0,4.0,2.0,2.0,2.0,10.0,1,0.75,16.503540633415575,15.277475290246988,-0.291228405352076,0.4277031597322798,2,1.3,1.661804232295589,1.15
387,19,014_Yellow.jpg,True,Yellow,100.0,98.0,11.0,01-1/014_Yellow_0.png,,18.0,5.0,"[(5.0, 1.4801126999955159)]",23.0,"[4.035246700004791, 7.172892900001898, 10.365417200002412, 10.956490000004123, 11.422195000006468]",19.0,633.7439289,653.6023414,1.0,Yellow,653.9588529,656.5344812,"[0.35083333333333333, -0.0008333333333333334]","[-0.008333333333333333, -0.315]","[1.2699992999987444, 2.5720261999958893]",656.9014713,,656.9304349,657.7890149,,,1.0,2.0,2026-03-31_11h43.01.146,Week2Train,60.10460605,2026-03-31 11h43.03.387357 +0200,24.04508599999997,19.858412499999986,2.5756282999999485,0.8875435999999581,5.0,4.0,2.0,2.0,2.0,10.0,1,1.0,16.503540633415575,15.277475290246988,-0.21959596090632413,0.44532056444749646,2,1.3,1.7336750201345235,1.2
388,20,010_Pink.jpg,True,Pink,98.0,0.0,52.0,02-1/010_Pink_0.png,,19.0,5.0,"[(5.0, 1.4472688999958336)]",3.0,"[2.1353304000003845, 2.8739052999953856]",20.0,658.1420402,665.3305338,2.0,Pink,665.6937452,668.1651135,"[0.37, 0.03916666666666667]","[-0.03166666666666667, -0.2941666666666667]","[1.2354949000000488, 2.4681210999988252]",668.5359414,,668.5623294,669.5504859,,,1.0,2.0,2026-03-31_11h43.01.146,Week2Train,60.10460605,2026-03-31 11h43.03.387357 +0200,11.408445700000016,7.188493600000015,2.4713682999999946,1.0145445000000564,5.0,1.0,2.0,2.0,2.0,10.0,1,1.0,16.503540633415575,15.277475290246988,0.6097242415022728,0.6478778952733742,2,1.3,1.812672379156616,1.2
389,21,006_Pink.jpg,True,Pink,100.0,0.0,50.0,02-1/006_Pink_0.png,,20.0,5.0,"[(5.0, 1.6664357999979984)]",1.0,"[1.6717725000053179, 2.4521435999995447]",21.0,669.9084009,675.6634615,2.0,Pink,676.0238818,678.7479041,"[0.37416666666666665, 0.0775]","[-0.005833333333333334, -0.29]","[1.4546789000014542, 2.720748800005822]",679.1145471,,679.1282897,679.7028297,,,1.0,2.0,2026-03-31_11h43.01.146,Week2Train,60.10460605,2026-03-31 11h43.03.387357 +0200,9.794428800000105,5.755060600000093,2.7240223000000015,0.5882826000000705,5.0,1.0,2.0,2.0,2.0,10.0,1,1.0,16.503540633415575,15.277475290246988,0.7035508046461854,0.6689745605705615,2,1.3,1.8209000786225191,1.2
390,22,008_Orange.jpg,True,Orange,100.0,53.0,0.0,02-1/008_Orange_0.png,,21.0,4.0,"[(4.0, 1.616223999997601)]",2.0,"[1.594983000002685, 3.195750200000475, 15.035407700001088, 15.52731440000207, 16.282186000004003]",22.0,680.0592573,702.7713853,1.0,Orange,703.1232269,705.5974313,"[0.1675, 0.02666666666666667]","[-0.02666666666666667, -0.2783333333333333]","[1.4041621999931522, 2.4707506999984616]",705.9656891,,705.9771266,706.7524465,,,1.0,2.0,2026-03-31_11h43.01.146,Week2Train,60.10460605,2026-03-31 11h43.03.387357 +0200,26.693189200000006,22.712128000000007,2.474204400000076,0.7867574000000559,4.0,4.0,2.0,2.0,2.0,10.0,1,0.75,16.503540633415575,15.277475290246988,-0.4063883101514778,0.3997784519786988,2,1.3,1.6509135962716923,1.15
391,23,030_Seafoam.jpg,True,Seafoam,0.0,99.0,67.0,02-1/030_Seafoam_0.png,,22.0,5.0,"[(5.0, 1.4462197000029846)]",15.0,"[4.96272350000072, 10.165977299999213, 17.657915600000706, 21.2115249999988, 21.927035200002138, 24.239293999999063]",23.0,707.1053646,744.354238,2.0,Seafoam,744.7237834,747.1285054,"[0.37333333333333335, 0.06666666666666667]","[-0.018333333333333333, -0.25583333333333336]","[1.2037044000026071, 2.4014701999985846]",747.4997392,,747.5264673,748.2015688,,,1.0,2.0,2026-03-31_11h43.01.146,Week2Train,60.10460605,2026-03-31 11h43.03.387357 +0200,41.09620419999999,37.24887339999998,2.4047219999999925,0.7018295999999964,5.0,5.0,2.0,2.0,2.0,10.0,1,1.0,16.503540633415575,15.277475290246988,-1.3579032119153909,0.20458129662736388,2,1.3,1.639786705684672,1.2
392,26,014_Orange.jpg,True,Orange,100.0,61.0,7.0,02-1/014_Orange_0.png,,25.0,3.0,"[(3.0, 2.5970272999984445)]",7.0,"[2.4847222000025795, 3.72470759999851, 30.837217399996007, 31.471164199996565, 33.72199019999971]",26.0,1325.398522,1411.822755,1.0,Orange,1412.181391,1415.67461,"[-0.055, -0.0033333333333333335]","[-0.019166666666666665, -0.2758333333333333]","[2.3546876999971573, 3.4898414999988745]",1416.041731,,1416.069301,1420.211532,,,1.0,2.0,2026-03-31_11h43.01.146,Week2Train,60.10460605,2026-03-31 11h43.03.387357 +0200,94.81301000000008,86.42423299999996,3.4932189999999537,4.169801000000007,3.0,4.0,2.0,2.0,2.0,10.0,1,0.5,16.503540633415575,15.277475290246988,-4.576717751998013,0.010183833213096573,2,1.3,1.433971694953108,1.1
393,27,008_Blue.jpg,True,Blue,4.0,9.0,100.0,01-1/008_Blue_0.png,,26.0,5.0,"[(5.0, 1.5313775000031455)]",25.0,"[116.30417780000425, 119.11495750000176, 120.83232429999771, 121.32359800000268, 121.92051809999975]",27.0,1420.564975,1546.853337,1.0,Blue,1547.209001,1549.66619,"[0.3616666666666667, 0.03333333333333333]","[0.0008333333333333334, -0.29583333333333334]","[1.3204642000055173, 2.4533660000015516]",1550.035061,,1550.064113,1550.670988,,,1.0,2.0,2026-03-31_11h43.01.146,Week2Train,60.10460605,2026-03-31 11h43.03.387357 +0200,130.10601300000008,126.288362,2.457188999999971,0.6359270000000379,5.0,4.0,2.0,2.0,2.0,10.0,1,1.0,16.503540633415575,15.277475290246988,-7.186057858438831,0.0007564949957800366,2,1.3,1.5602950330483543,1.2
394,28,018_Lime-green.jpg,True,Lime-green,47.0,100.0,1.0,02-1/018_Lime-green_0.png,,27.0,5.0,"[(5.0, 1.2814356000017142)]",10.0,"[5.844300800003111, 6.649570300003688, 7.723080199997639, 8.398820499998692, 9.266069999997853]",28.0,1551.024575,1571.336031,1.0,Lime-green,1571.69145,1574.130989,"[0.35333333333333333, 0.0725]","[-0.03166666666666667, -0.2808333333333333]","[1.0383631000004243, 2.4363583000013023]",1574.4994,,1574.511357,1575.088261,,,1.0,2.0,2026-03-31_11h43.01.146,Week2Train,60.10460605,2026-03-31 11h43.03.387357 +0200,24.06368600000019,20.311456000000135,2.439538999999968,0.588861000000179,5.0,4.0,2.0,2.0,2.0,10.0,1,1.0,16.503540633415575,15.277475290246988,-0.24925030440176857,0.438008033345739,2,1.3,1.7308231330048383,1.2
395,1,009_Cyan.jpg,True,Cyan,3.0,100.0,95.0,01-1/009_Cyan_0.png,,0.0,1.0,"[(1.0, 7.99959389999276)]",19.0,"[6.811146099993493, 7.883364499983145]",1.0,38.189938,51.4581491,2.0,Yellow,51.8210749,61.4419253,"[-0.46416666666666667, 0.02]","[-0.009166666666666667, -0.2866666666666667]","[7.784267600014573, 9.61796120001236]",61.8168606,61.8712361,65.8366477,67.8771922,,,1.0,3.0,2026-04-01_16h25.41.413,Week2Train,59.90685682,2026-04-01 16h25.43.045926 +0200,29.687254199999998,13.268211100000002,9.620850400000002,6.060331599999998,-1.0,1.0,2.0,2.0,2.0,10.0,0,0.0,16.503540633415575,15.277475290246988,0.21177121690263706,0.552745826855658,0,1.3,0.21557087247370663,0.0
396,2,029_Seafoam.jpg,True,Seafoam,0.0,100.0,74.0,02-1/029_Seafoam_0.png,,1.0,3.0,"[(3.0, 2.1993151000060607)]",14.0,"[4.502673799986951, 5.185507099988172]",2.0,68.23508,96.828004,2.0,Seafoam,97.1786901,100.3057278,"[-0.060833333333333336, 0.020833333333333332]","[-0.01, -0.31333333333333335]","[1.9568956999864895, 3.1239750999957323]",100.6767018,,100.7016955,101.4233057,,,1.0,3.0,2026-04-01_16h25.41.413,Week2Train,59.90685682,2026-04-01 16h25.43.045926 +0200,33.188225700000004,28.59292400000001,3.1270377000000025,0.7466038999999967,3.0,1.0,2.0,2.0,2.0,10.0,1,0.5,16.503540633415575,15.277475290246988,-0.7913207605907369,0.31188514688467456,2,1.3,1.5516352072850232,1.1
397,3,022_Seafoam.jpg,True,Seafoam,0.0,99.0,72.0,02-1/022_Seafoam_0.png,,2.0,5.0,"[(5.0, 1.7332235999929253)]",12.0,"[1.5940679000050295, 2.7176481000205968, 24.819094100006623, 25.44153740000911, 25.976628900010837, 28.05858400001307, 33.36342400001013, 33.7906291000254, 34.21704970000428]",3.0,101.7820284,144.2465739,1.0,Seafoam,144.6084067,147.2721134,"[0.34833333333333333, 0.0625]","[-0.016666666666666666, -0.265]","[1.4920839000260457, 2.660009800019907]",147.6308785,,147.6505589,148.255816,,,1.0,3.0,2026-04-01_16h25.41.413,Week2Train,59.90685682,2026-04-01 16h25.43.045926 +0200,46.47378760000001,42.464545499999986,2.663706700000006,0.6249375000000157,5.0,8.0,2.0,2.0,2.0,10.0,1,1.0,16.503540633415575,15.277475290246988,-1.6992994178270868,0.15455678729307826,2,1.3,1.6202771470443005,1.2
398,4,014_Yellow.jpg,True,Yellow,100.0,98.0,11.0,01-1/014_Yellow_0.png,,3.0,4.0,"[(4.0, 1.733935800002655)]",22.0,"[1.6282079999800771, 3.825334199995268, 9.638059899996733, 10.134013799979584, 12.015366799983894]",4.0,148.613001,170.9860318,1.0,Yellow,171.3421423,174.0713704,"[0.155, -0.006666666666666667]","[-0.024166666666666666, -0.31333333333333335]","[1.5240270999784116, 2.7258267999859527]",174.4409725,,174.4656817,175.0719106,,,1.0,3.0,2026-04-01_16h25.41.413,Week2Train,59.90685682,2026-04-01 16h25.43.045926 +0200,26.4589096,22.37303080000001,2.7292281000000003,0.6309381000000087,4.0,4.0,2.0,2.0,2.0,10.0,1,0.75,16.503540633415575,15.277475290246988,-0.38419241760001194,0.405116136188952,2,1.3,1.6529952931136913,1.15
399,5,006_Pink.jpg,True,Pink,100.0,0.0,50.0,02-1/006_Pink_0.png,,4.0,5.0,"[(5.0, 1.5490415999956895)]",1.0,"[4.952037999988534, 5.816632200003369]",5.0,175.4315141,190.8746754,2.0,Pink,191.2237613,193.9202129,"[0.38333333333333336, 0.09]","[-0.013333333333333334, -0.2825]","[1.2518747000140138, 2.6523741999990307]",194.2934253,,194.3169229,195.0887728,,,1.0,3.0,2026-04-01_16h25.41.413,Week2Train,59.90685682,2026-04-01 16h25.43.045926 +0200,19.6572587,15.443161300000014,2.696451599999989,0.7953474999999912,5.0,1.0,2.0,2.0,2.0,10.0,1,1.0,16.503540633415575,15.277475290246988,0.06940802150028666,0.5173450426605571,2,1.3,1.7617645666376174,1.2
400,6,010_Yellow.jpg,True,Yellow,100.0,87.0,0.0,01-1/010_Yellow_0.png,,5.0,4.0,"[(4.0, 2.2174130999774206)]",20.0,"[1.555824399983976, 2.9157506999908946, 8.52038060000632, 9.017312599986326, 11.263993200002005]",6.0,195.4475466,223.3344639,1.0,Yellow,223.6901812,226.9340239,"[0.14666666666666667, 0.05583333333333333]","[-0.013333333333333334, -0.26]","[2.0066697000002023, 3.2401450000179466]",227.3066893,,227.3304264,228.0027562,,,1.0,3.0,2026-04-01_16h25.41.413,Week2Train,59.90685682,2026-04-01 16h25.43.045926 +0200,32.55520959999998,27.886917299999993,3.2438426999999876,0.6960669000000053,4.0,4.0,2.0,2.0,2.0,10.0,1,0.75,16.503540633415575,15.277475290246988,-0.7451084979892895,0.32188806746848264,2,1.3,1.620536346312708,1.15
401,7,012_Lime-green.jpg,True,Lime-green,61.0,94.0,3.0,02-1/012_Lime-green_0.png,,6.0,5.0,"[(5.0, 2.299326200009091)]",5.0,[2.993120600003749],7.0,228.3623739,243.5291362,1.0,Lime-green,243.8894242,247.4003484,"[0.35083333333333333, 0.095]","[-0.025, -0.28833333333333333]","[2.058172899996862, 3.5076135999988765]",247.7732851,,247.7968052,248.3527317,,,1.0,3.0,2026-04-01_16h25.41.413,Week2Train,59.90685682,2026-04-01 16h25.43.045926 +0200,19.990357799999998,15.166762300000016,3.510924200000005,0.5794465999999829,5.0,1.0,2.0,2.0,2.0,10.0,1,1.0,16.503540633415575,15.277475290246988,0.08749995061480786,0.5218610416489049,2,1.3,1.763525806243073,1.2
402,8,016_Lime-green.jpg,True,Lime-green,56.0,100.0,5.0,02-1/016_Lime-green_0.png,,7.0,4.0,"[(4.0, 2.0667007999727502)]",9.0,"[4.697845200018492, 5.471124400006374, 6.1805612000171095, 6.767570500000147]",8.0,248.7095629,271.4665646,0.0,Lime-green,271.8217899,274.9818877,"[0.1725, 0.0625]","[-0.016666666666666666, -0.2816666666666667]","[1.8265148999926168, 3.1569113999721594]",275.3420016,,275.3623752,276.0336772,,,1.0,3.0,2026-04-01_16h25.41.413,Week2Train,59.90685682,2026-04-01 16h25.43.045926 +0200,27.32411429999999,22.757001700000018,3.160097800000017,0.6916755999999964,4.0,3.0,2.0,2.0,2.0,10.0,1,0.75,16.503540633415575,15.277475290246988,-0.40932555594291153,0.3990738512047755,2,1.3,1.6506388019698628,1.15
403,9,011_Cyan.jpg,True,Cyan,0.0,88.0,97.0,01-1/011_Cyan_0.png,,8.0,5.0,"[(5.0, 1.1170118000009097)]",21.0,"[1.485494499997003, 4.290957699995488]",9.0,276.3918211,290.7905796,2.0,Cyan,291.1542024,293.4662059,"[0.37583333333333335, 0.10083333333333333]","[-0.0425, -0.2875]","[0.9076990000030492, 2.3093660000013188]",293.8364678,,293.86123,294.4344093,,,1.0,3.0,2026-04-01_16h25.41.413,Week2Train,59.90685682,2026-04-01 16h25.43.045926 +0200,18.04258820000001,14.398758499999985,2.312003500000003,0.5979415000000472,5.0,1.0,2.0,2.0,2.0,10.0,1,1.0,16.503540633415575,15.277475290246988,0.13777028556277654,0.5343881960590163,2,1.3,1.7684113964630164,1.2
404,10,007_Cyan.jpg,True,Cyan,1.0,89.0,99.0,01-1/007_Cyan_0.png,,9.0,5.0,"[(5.0, 1.500670999987051)]",17.0,"[1.1254959999932908, 2.8891094000136945]",10.0,294.7933135,302.0877897,2.0,Cyan,302.4372095,304.9644722,"[0.3858333333333333, 0.07833333333333334]","[-0.008333333333333333, -0.2866666666666667]","[1.2906230999797117, 2.5237612999917474]",305.326194,,305.3446959,305.9825748,,,1.0,3.0,2026-04-01_16h25.41.413,Week2Train,59.90685682,2026-04-01 16h25.43.045926 +0200,11.189261299999998,7.294476199999963,2.5272626999999943,0.6563808000000222,5.0,1.0,2.0,2.0,2.0,10.0,1,1.0,16.503540633415575,15.277475290246988,0.6027870612426781,0.6462936827577836,2,1.3,1.8120545362755356,1.2
405,11,018_Purple.jpg,True,Purple,51.0,2.0,100.0,01-1/018_Purple_0.png,,10.0,5.0,"[(5.0, 1.4499702000175603)]",23.0,"[1.313825299992459, 1.9702960000140592]",11.0,306.3392873,312.3620762,2.0,Purple,312.7202956,315.1967257,"[0.3591666666666667, 0.08833333333333333]","[-0.008333333333333333, -0.3]","[1.2084772999805864, 2.4735079999954905]",315.5698048,,315.5938193,316.2331534,,,1.0,3.0,2026-04-01_16h25.41.413,Week2Train,59.90685682,2026-04-01 16h25.43.045926 +0200,9.893866099999968,6.022788899999966,2.476430100000016,0.6633486000000062,5.0,1.0,2.0,2.0,2.0,10.0,1,1.0,16.503540633415575,15.277475290246988,0.6860264234959315,0.6650824027090626,2,1.3,1.8193821370565342,1.2
406,12,008_Orange.jpg,True,Orange,100.0,53.0,0.0,02-1/008_Orange_0.png,,11.0,5.0,"[(5.0, 1.5824672000017017)]",2.0,"[3.247125900001265, 4.585337100026663, 12.890951200010022, 13.42787500002305]",12.0,316.5925137,337.8305175,0.0,Orange,338.186854,340.9286548,"[0.3908333333333333, 0.08583333333333333]","[-0.030833333333333334, -0.28583333333333333]","[1.3418123000010382, 2.739016299979994]",341.3027352,,341.3267068,341.8828528,,,1.0,3.0,2026-04-01_16h25.41.413,Week2Train,59.90685682,2026-04-01 16h25.43.045926 +0200,25.29033910000004,21.2380038,2.7418008000000214,0.580117600000051,5.0,3.0,2.0,2.0,2.0,10.0,1,1.0,16.503540633415575,15.277475290246988,-0.30989827027289435,0.42313957013457804,2,1.3,1.7250244323524853,1.2
407,13,028_Pink.jpg,True,Pink,98.0,0.0,50.0,02-1/028_Pink_0.png,,12.0,5.0,"[(5.0, 1.5149842000100762)]",13.0,"[1.5118758000025991, 2.135151299997233]",13.0,342.2422267,350.6624274,2.0,Pink,351.0241508,353.5784047,"[0.38166666666666665, 0.07916666666666666]","[-0.019166666666666665, -0.2708333333333333]","[1.2698622000170872, 2.5510807000100613]",353.9506157,,353.975571,354.5137895,,,1.0,3.0,2026-04-01_16h25.41.413,Week2Train,59.90685682,2026-04-01 16h25.43.045926 +0200,12.27156279999997,8.42020070000001,2.554253900000049,0.5631737999999586,5.0,1.0,2.0,2.0,2.0,10.0,1,1.0,16.503540633415575,15.277475290246988,0.5291018168804307,0.6292736006625819,2,1.3,1.8054167042584068,1.2
408,14,006_Purple.jpg,True,Purple,65.0,0.0,100.0,01-1/006_Purple_0.png,,13.0,5.0,"[(5.0, 1.3819455000048038)]",16.0,"[2.0233847000054084, 2.548309000005247]",14.0,354.8738328,361.350656,2.0,Purple,361.7040809,364.1467937,"[0.35, 0.0525]","[-0.024166666666666666, -0.2608333333333333]","[1.1416026999941096, 2.439581199985696]",364.5207454,,364.5438154,365.2173862,,,1.0,3.0,2026-04-01_16h25.41.413,Week2Train,59.90685682,2026-04-01 16h25.43.045926 +0200,10.343553400000019,6.4768232000000125,2.442712799999981,0.6966408000000115,5.0,1.0,2.0,2.0,2.0,10.0,1,1.0,16.503540633415575,15.277475290246988,0.6563072263528081,0.6584303708746744,2,1.3,1.816787844641123,1.2
409,15,011_Orange.jpg,True,Orange,99.0,48.0,0.0,02-1/011_Orange_0.png,,14.0,5.0,"[(5.0, 1.1663729000138119)]",4.0,"[1.5712341999751516, 2.876313599990681, 16.087385999999242, 16.50696469997638, 17.043556799995713]",15.0,365.5762718,389.2530996,1.0,Orange,389.6011515,391.8611507,"[0.3675, 0.0625]","[-0.0033333333333333335, -0.2841666666666667]","[0.8854369000182487, 2.217849100008607]",392.2327359,,392.2580781,392.8970927,,,1.0,3.0,2026-04-01_16h25.41.413,Week2Train,59.90685682,2026-04-01 16h25.43.045926 +0200,27.3208209,23.676827800000012,2.2599991999999816,0.6643567999999505,5.0,4.0,2.0,2.0,2.0,10.0,1,1.0,16.503540633415575,15.277475290246988,-0.4695335472847273,0.3847266526511446,2,1.3,1.7100433945339464,1.2
410,16,010_Pink.jpg,True,Pink,98.0,0.0,52.0,02-1/010_Pink_0.png,,15.0,5.0,"[(5.0, 1.0646170999971218)]",3.0,"[4.909387100022286, 7.0239260000234935, 11.987903600005666, 12.49994060001336, 13.705802100012079, 14.100082400022075]",16.0,393.2556837,410.7936383,2.0,Pink,411.1508144,413.4444454,"[0.37416666666666665, 0.06583333333333333]","[-0.008333333333333333, -0.2675]","[0.8251833000103943, 2.289805600012187]",413.8150528,,413.8406515,414.4977499,,,1.0,3.0,2026-04-01_16h25.41.413,Week2Train,59.90685682,2026-04-01 16h25.43.045926 +0200,21.242066199999954,17.537954599999978,2.293631000000005,0.6826970999999844,5.0,5.0,2.0,2.0,2.0,10.0,1,1.0,16.503540633415575,15.277475290246988,-0.06770843656639809,0.48307935466073737,2,1.3,1.7484009483176877,1.2
411,17,014_Pink.jpg,True,Pink,100.0,9.0,40.0,02-1/014_Pink_0.png,,16.0,5.0,"[(5.0, 1.5509508999821264)]",8.0,"[1.5392476000124589, 2.514314400003059]",17.0,414.8572078,421.4672415,2.0,Pink,421.8163896,424.4930067,"[0.38, 0.08416666666666667]","[-0.0175, -0.2816666666666667]","[1.317269999999553, 2.650358699989738]",424.8535313,,424.8732769,425.5107065,,,1.0,3.0,2026-04-01_16h25.41.413,Week2Train,59.90685682,2026-04-01 16h25.43.045926 +0200,10.6534987,6.610033699999974,2.676617100000044,0.6571752000000401,5.0,1.0,2.0,2.0,2.0,10.0,1,1.0,16.503540633415575,15.277475290246988,0.6475878209884282,0.6564666779581028,2,1.3,1.8160220044036601,1.2
412,18,018_Seafoam.jpg,True,Seafoam,13.0,100.0,58.0,02-1/018_Seafoam_0.png,,17.0,4.0,"[(4.0, 1.7501161999825854)]",11.0,"[1.5320092999900226, 2.4920166000083555]",18.0,425.8743258,447.0850348,2.0,Seafoam,447.448109,450.061716,"[0.1825, 0.05583333333333333]","[-0.016666666666666666, -0.2825]","[1.5082220000040252, 2.6105902999988757]",450.4340774,,450.4555064,451.0623203,,,1.0,3.0,2026-04-01_16h25.41.413,Week2Train,59.90685682,2026-04-01 16h25.43.045926 +0200,25.187994500000002,21.21070900000001,2.613607000000002,0.628242900000032,4.0,1.0,2.0,2.0,2.0,10.0,1,0.75,16.503540633415575,15.277475290246988,-0.30811166617231905,0.42357572652673237,2,1.3,1.6601945333454255,1.15
413,19,014_Lime-green.jpg,True,Lime-green,65.0,100.0,4.0,02-1/014_Lime-green_0.png,,18.0,4.0,"[(4.0, 1.5683866000035778)]",6.0,"[2.0103883999981917, 3.022999799984973, 10.330930700001772, 10.786900099978084, 14.410302199976286]",19.0,451.4207642,471.0958499,1.0,Seafoam,471.4479523,473.9099482,"[0.18666666666666668, 0.035]","[-0.0025, -0.2675]","[1.327467199997045, 2.4588594999804627]",474.2745947,474.3044855,480.8724537,482.3772708,,,1.0,3.0,2026-04-01_16h25.41.413,Week2Train,59.90685682,2026-04-01 16h25.43.045926 +0200,30.95650660000001,19.67508570000001,2.4619958999999767,8.102676099999996,-4.0,4.0,2.0,2.0,2.0,10.0,0,0.75,16.503540633415575,15.277475290246988,-0.20759615095624626,0.44828654993467937,0,1.3,0.36983175447452493,0.15000000000000002
414,20,014_Orange.jpg,True,Orange,100.0,61.0,7.0,02-1/014_Orange_0.png,,19.0,5.0,"[(5.0, 1.2683563999889884)]",7.0,"[1.5891421000123955, 3.1407237999956124, 9.625998000003165, 10.180573899997398, 11.638151299994206]",20.0,482.736099,501.6649599,1.0,Orange,502.0131111,504.1396425,"[0.36333333333333334, 0.04]","[-0.02, -0.3]","[1.0179111000034027, 2.083606400003191]",504.5145329,,504.5370768,505.1436861,,,1.0,3.0,2026-04-01_16h25.41.413,Week2Train,59.90685682,2026-04-01 16h25.43.045926 +0200,22.4075871,18.92886089999996,2.126531399999976,0.6291532000000188,5.0,4.0,2.0,2.0,2.0,10.0,1,1.0,16.503540633415575,15.277475290246988,-0.15875137877871023,0.46039529686761294,2,1.3,1.739554165778369,1.2
415,21,006_Orange.jpg,True,Orange,100.0,45.0,0.0,02-1/006_Orange_0.png,,20.0,5.0,"[(5.0, 1.1337774000130594)]",0.0,"[1.2444619000016246, 2.3474604000221007]",21.0,505.5051552,512.1400797,2.0,Orange,512.4964457,514.739271,"[0.37, 0.085]","[-0.019166666666666665, -0.2633333333333333]","[0.9239741000055801, 2.2400801999901887]",515.1013478,,515.1202082,515.7912666,,,1.0,3.0,2026-04-01_16h25.41.413,Week2Train,59.90685682,2026-04-01 16h25.43.045926 +0200,10.286111399999982,6.634924500000011,2.2428253000000495,0.6899187999999867,5.0,1.0,2.0,2.0,2.0,10.0,1,1.0,16.503540633415575,15.277475290246988,0.64595857273064,0.6560991592506766,2,1.3,1.815878672107764,1.2
416,22,006_Yellow.jpg,True,Yellow,100.0,100.0,9.0,01-1/006_Yellow_0.png,,21.0,5.0,"[(5.0, 1.1170013999799266)]",27.0,"[1.4575676000094973, 2.4165022000088356]",22.0,516.1477597,523.7378708,2.0,Yellow,524.0962249,526.1067379,"[0.35333333333333333, 0.04416666666666667]","[-0.009166666666666667, -0.26416666666666666]","[0.9075020999880508, 2.0072203000017907]",526.4780005,,526.5026949,527.1088287,,,1.0,3.0,2026-04-01_16h25.41.413,Week2Train,59.90685682,2026-04-01 16h25.43.045926 +0200,10.961068999999952,7.590111099999945,2.0105129999999463,0.6308281999999963,5.0,1.0,2.0,2.0,2.0,10.0,1,1.0,16.503540633415575,15.277475290246988,0.5834360301080564,0.6418576529981485,2,1.3,1.8103244846692779,1.2
417,23,010_Red.jpg,True,Red,99.0,0.0,12.0,01-1/010_Red_0.png,,22.0,4.0,"[(4.0, 1.9144033000047784)]",25.0,"[1.4689416000037454, 2.1276742999907583]",23.0,527.4702928,534.9452077,2.0,Red,535.2962,538.20812,"[0.15916666666666668, 0.0375]","[-0.004166666666666667, -0.2525]","[1.6745343999937177, 2.9089474999927916]",538.576874,,538.6021314,539.20793,,,1.0,3.0,2026-04-01_16h25.41.413,Week2Train,59.90685682,2026-04-01 16h25.43.045926 +0200,11.737637199999995,7.474914899999931,2.911920000000009,0.6310560000000578,4.0,1.0,2.0,2.0,2.0,10.0,1,0.75,16.503540633415575,15.277475290246988,0.5909762943082254,0.6435891215760076,2,1.3,1.7459997574146429,1.15
418,24,030_Seafoam.jpg,True,Seafoam,0.0,99.0,67.0,02-1/030_Seafoam_0.png,,23.0,5.0,"[(5.0, 1.2508732999849599)]",15.0,"[1.4004539000161458, 2.493004599993583]",24.0,539.5669511,555.3411189,2.0,Seafoam,555.6932408,558.0039317,"[0.38083333333333336, 0.04416666666666667]","[0.008333333333333333, -0.2708333333333333]","[1.041529799986165, 2.3081136999826413]",558.3746512,,558.3848641,559.1912163,,,1.0,3.0,2026-04-01_16h25.41.413,Week2Train,59.90685682,2026-04-01 16h25.43.045926 +0200,19.624265199999968,15.774167799999987,2.3106908999999405,0.8165650999999343,5.0,1.0,2.0,2.0,2.0,10.0,1,1.0,16.503540633415575,15.277475290246988,0.04774171252505407,0.5119331616414746,2,1.3,1.7596539330401753,1.2
419,25,022_Green.jpg,True,Green,0.0,95.0,0.0,01-1/022_Green_0.png,,24.0,5.0,"[(5.0, 1.2504704000020865)]",26.0,"[2.4255344000121113, 4.711242999997921, 6.012604700023076, 6.403994699998293, 6.740047200000845]",25.0,559.5492763,568.9370003,1.0,Green,569.292841,571.6369969,"[0.3433333333333333, 0.06416666666666666]","[0.013333333333333334, -0.2783333333333333]","[1.0416435000079218, 2.3415179000003263]",572.0083136,,572.0177642,572.6766071,,,1.0,3.0,2026-04-01_16h25.41.413,Week2Train,59.90685682,2026-04-01 16h25.43.045926 +0200,13.127330799999982,9.387724000000048,2.3441559000000325,0.6682935000000043,5.0,4.0,2.0,2.0,2.0,10.0,1,1.0,16.503540633415575,15.277475290246988,0.46577176517891045,0.6143825029254512,2,1.3,1.7996091761409259,1.2
420,26,008_Blue.jpg,True,Blue,4.0,9.0,100.0,01-1/008_Blue_0.png,,25.0,5.0,"[(5.0, 1.0176632000075188)]",24.0,"[1.2460318999947049, 1.7660780999867711]",26.0,573.0323637,579.4239803,2.0,Blue,579.7764625,581.6553852,"[0.37083333333333335, 0.06166666666666667]","[-0.008333333333333333, -0.28583333333333333]","[0.8083667999890167, 1.8761676999856718]",582.0229171,,582.0343342,582.6570545,,,1.0,3.0,2026-04-01_16h25.41.413,Week2Train,59.90685682,2026-04-01 16h25.43.045926 +0200,9.62469079999994,6.39161660000002,1.8789226999999755,0.634137399999986,5.0,1.0,2.0,2.0,2.0,10.0,1,1.0,16.503540633415575,15.277475290246988,0.6618844960509229,0.659683587210746,2,1.3,1.8172765990121909,1.2
421,27,008_Purple.jpg,True,Purple,52.0,0.0,99.0,01-1/008_Purple_0.png,,26.0,5.0,"[(5.0, 1.1666072999942116)]",18.0,"[1.7826341999752913, 2.5200704999733716]",27.0,583.0140162,589.5182246,2.0,Purple,589.8754985,591.9365194,"[0.3475, 0.005]","[-0.029166666666666667, -0.2775]","[0.9262618999928236, 2.05832849998842]",592.3085948,,592.333959,593.257449,,,1.0,3.0,2026-04-01_16h25.41.413,Week2Train,59.90685682,2026-04-01 16h25.43.045926 +0200,10.243432799999937,6.504208400000039,2.061020899999903,0.9488541999999143,5.0,1.0,2.0,2.0,2.0,10.0,1,1.0,16.503540633415575,15.277475290246988,0.6545147050441656,0.6580271187478224,2,1.3,1.8166305763116506,1.2
422,28,018_Lime-green.jpg,True,Lime-green,47.0,100.0,1.0,02-1/018_Lime-green_0.png,,27.0,4.0,"[(4.0, 1.8338010000006761)]",10.0,"[1.4835966000100598, 2.334204500017222, 6.185946000012336, 6.701749600004405, 16.703100000013364]",28.0,593.6139897,620.163258,1.0,Lime-green,620.5235335,624.7353287,"[0.15, 0.059166666666666666, 0.05416666666666667]","[-0.043333333333333335, -0.245, -0.2816666666666667]","[1.5946956999832764, 3.2591304999950808, 4.209187200001907]",625.110792,,625.1323193,625.8389507,,,1.0,3.0,2026-04-01_16h25.41.413,Week2Train,59.90685682,2026-04-01 16h25.43.045926 +0200,32.22496100000001,26.549268299999994,4.211795199999983,0.7281587000001082,4.0,4.0,2.0,2.0,2.0,10.0,1,0.75,16.503540633415575,15.277475290246988,-0.6575515571605949,0.34128983454838596,2,1.3,1.6281030354738708,1.15
423,1,DemoRed.jpg,True,Red,96.0,6.0,0.0,Demo/DemoRed_0.png,,0.0,5.0,"[(5.0, 1.4659487000026274)]",0.0,[],1.0,3.291866999999911,22.097782100005134,0.0,Red,22.47075179999956,25.08265720000054,"[0.3975, 0.07666666666666666]","[0.005833333333333334, -0.27166666666666667]","[1.3453966000015498, 2.608727300001192]",25.47043190000113,,25.51314220000495,26.339573900004325,,,2.0,0,2026-03-31_17h19.43.728,Week2Demo,60.27484122098118,2026-03-31 17h19.45.506732 +0200,23.047706900004414,18.805915100005222,2.6119054000009783,0.869142000003194,5.0,0.0,1.0,1.0,2.0,10.0,1,1.0,16.503540633415575,15.277475290246988,-0.15070385799016567,0.4623951808760129,2,1.3,1.740334120541645,1.2
424,2,DemoOrange.jpg,True,Orange,100.0,60.0,0.0,Demo/DemoOrange_0.png,,1.0,5.0,"[(5.0, 1.415120500001649)]",1.0,"[17.230965800001286, 18.514882800001942, 19.451680099999066]",2.0,26.70768970000063,77.4620589000042,3.0,Orange,77.8267863000001,92.218168899999,"[0.37166666666666665, 0.041666666666666664]","[0.014166666666666666, -0.2625]","[1.3026503000000957, 14.386882300001162]",92.58512820000033,,92.6111252000046,93.48735999999916,,,2.0,0,2026-03-31_17h19.43.728,Week2Demo,60.27484122098118,2026-03-31 17h19.45.506732 +0200,66.77967029999853,50.754369200003566,14.391382599998906,0.9022317999988303,5.0,2.0,1.0,1.0,2.0,10.0,1,1.0,16.503540633415575,15.277475290246988,-2.2419168033905073,0.0960489890668752,2,1.3,1.5974591057360814,1.2
425,3,DemoYellow.jpg,True,Yellow,96.0,100.0,0.0,Demo/DemoYellow_0.png,,2.0,5.0,"[(5.0, 1.3325457999962964)]",2.0,[],3.0,93.8508249000006,100.18553919999977,0.0,Yellow,100.54758579999908,102.71558160000131,"[0.37666666666666665, 0.010833333333333334]","[-0.008333333333333333, -0.29583333333333334]","[1.2127900999985286, 2.16424299999926]",103.09100100000067,,103.11100420000002,104.28273959999932,,,2.0,0,2026-03-31_17h19.43.728,Week2Demo,60.27484122098118,2026-03-31 17h19.45.506732 +0200,10.431914699998714,6.334714299999163,2.167995800002231,1.1917385999986436,5.0,0.0,1.0,1.0,2.0,10.0,1,1.0,16.503540633415575,15.277475290246988,0.6656090839765982,0.660519263501493,2,1.3,1.8176025127655824,1.2
426,4,DemoLime-green.jpg,True,Lime-green,60.0,100.0,0.0,Demo/DemoLime-green_0.png,,3.0,5.0,"[(5.0, 1.5978040999980294)]",3.0,[],4.0,104.65265550000186,120.61126230000082,0.0,Lime-green,120.97754810000332,123.8288687000022,"[0.36833333333333335, 0.0425]","[0.025, -0.28]","[1.4817957999985083, 2.8471372999993037]",124.20516290000523,,124.2267581999986,125.01650309999968,,,2.0,0,2026-03-31_17h19.43.728,Week2Demo,60.27484122098118,2026-03-31 17h19.45.506732 +0200,20.363847599997825,15.958606799998961,2.8513205999988855,0.8113401999944472,5.0,0.0,1.0,1.0,2.0,10.0,1,1.0,16.503540633415575,15.277475290246988,0.0356691025882068,0.5089163303244092,2,1.3,1.7584773688265196,1.2
427,5,DemoGreen.jpg,True,Green,0.0,98.0,5.0,Demo/DemoGreen_0.png,,4.0,5.0,"[(5.0, 1.394676999996591)]",4.0,"[5.4534646999964025, 6.745964299996558]",5.0,125.3901410000035,139.5195606999987,2.0,Green,139.88138730000355,142.06525659999895,"[0.3591666666666667, 0.0525]","[0.0016666666666666668, -0.26916666666666667]","[1.2457122999985586, 2.18062519999512]",142.43714110000292,,142.45874270000058,143.1041550000009,,,2.0,0,2026-03-31_17h19.43.728,Week2Demo,60.27484122098118,2026-03-31 17h19.45.506732 +0200,17.714013999997405,14.129419699995196,2.1838692999953935,0.6670138999979827,5.0,1.0,1.0,1.0,2.0,10.0,1,1.0,16.503540633415575,15.277475290246988,0.15540008334596997,0.5387720261505999,2,1.3,1.770121090198734,1.2
428,6,DemoSeafoam.jpg,True,Seafoam,0.0,100.0,60.0,Demo/DemoSeafoam_0.png,,5.0,5.0,"[(5.0, 1.2651832000046852)]",5.0,"[2.30857890000334, 3.8864532000006875]",6.0,143.47470780000003,161.72081210000033,2.0,Cyan,162.09194610000122,164.04660280000098,"[0.3725, -0.008333333333333333]","[-0.0075, -0.29333333333333333]","[1.1499718999984907, 1.9510400999934063]",164.41451520000555,164.47447400000237,200.1232802000013,201.199950000002,,,2.0,0,2026-03-31_17h19.43.728,Week2Demo,60.27484122098118,2026-03-31 17h19.45.506732 +0200,57.72524220000196,18.246104300000297,1.9546566999997594,36.78543479999644,-5.0,1.0,1.0,1.0,2.0,10.0,0,1.0,16.503540633415575,15.277475290246988,-0.11406097103604286,0.4715156321238973,0,1.3,0.44389109652831993,0.2
429,7,DemoCyan.jpg,True,Cyan,1.0,100.0,92.0,Demo/DemoCyan_0.png,,6.0,4.0,"[(4.0, 1.181088200006343)]",6.0,[4.690010199999961],7.0,201.5653157000052,223.74172630000248,1.0,Cyan,224.1039615000045,225.94567150000512,"[0.18583333333333332, 0.06166666666666667]","[0.0025, -0.25583333333333336]","[1.070389399996202, 1.8376846999963163]",226.31230860000505,,226.33979170000384,226.96548240000263,,,2.0,0,2026-03-31_17h19.43.728,Week2Demo,60.27484122098118,2026-03-31 17h19.45.506732 +0200,25.400166699997442,22.176410599997297,1.8417100000006315,0.6531737999975746,4.0,1.0,1.0,1.0,2.0,10.0,1,0.75,16.503540633415575,15.277475290246988,-0.37132247696733206,0.40822150320071704,2,1.3,1.6542063862482796,1.15
430,8,DemoBlue.jpg,True,Blue,0.0,0.0,90.0,Demo/DemoBlue_0.png,,7.0,5.0,"[(5.0, 1.1652866000003996)]",7.0,"[2.123432499996852, 5.085671900000307]",8.0,227.33230840000036,235.24525210000135,2.0,Blue,235.60818950000248,237.54416610000044,"[0.36916666666666664, 0.05416666666666667]","[0.016666666666666666, -0.28]","[1.015354600000137, 1.9321923999959836]",237.9204389000006,,237.93875280000063,238.6149172000005,,,2.0,0,2026-03-31_17h19.43.728,Week2Demo,60.27484122098118,2026-03-31 17h19.45.506732 +0200,11.282608800000133,7.912943700000994,1.9359765999979572,0.6944782999999006,5.0,1.0,1.0,1.0,2.0,10.0,1,1.0,16.503540633415575,15.277475290246988,0.5623047506349917,0.6369856472143216,2,1.3,1.8084244024135854,1.2
431,9,DemoPurple.jpg,True,Purple,65.0,3.0,100.0,Demo/DemoPurple_0.png,,8.0,5.0,"[(5.0, 1.2153467000025557)]",8.0,[],9.0,238.98629800000344,259.76273429999856,0.0,Purple,260.1253336000009,262.2425327000019,"[0.3925, 0.01]","[0.03166666666666667, -0.2925]","[1.0791301999997813, 2.114026700000977]",262.611181500004,,262.6384793000034,263.31443189999845,,,2.0,0,2026-03-31_17h19.43.728,Week2Demo,60.27484122098118,2026-03-31 17h19.45.506732 +0200,24.32813389999501,20.77643629999511,2.1171991000010166,0.7032503999944311,5.0,0.0,1.0,1.0,2.0,10.0,1,1.0,16.503540633415575,15.277475290246988,-0.2796859811848177,0.4305307636375881,2,1.3,1.7279069978186594,1.2
432,10,DemoPink.jpg,True,Pink,100.0,2.0,40.0,Demo/DemoPink_0.png,,9.0,5.0,"[(5.0, 1.3606520999965142)]",9.0,[],10.0,263.6780829999989,288.6973761000045,0.0,Pink,289.05385480000405,291.05874590000167,"[0.365, 0.04083333333333333]","[0.004166666666666667, -0.26666666666666666]","[1.249026599994977, 2.0003806999957305]",291.435035100003,,291.4545661000011,292.280462499999,,,2.0,0,2026-03-31_17h19.43.728,Week2Demo,60.27484122098118,2026-03-31 17h19.45.506732 +0200,28.602379500000097,25.019293100005598,2.0048910999976215,0.8454273999959696,5.0,0.0,1.0,1.0,2.0,10.0,1,1.0,16.503540633415575,15.277475290246988,-0.5574057430828514,0.364147932937441,2,1.3,1.702017693845602,1.2
433,1,022_Seafoam.jpg,True,Seafoam,0.0,99.0,72.0,02-1/022_Seafoam_0.png,,0.0,4.0,"[(4.0, 1.548496499977773)]",27.0,"[14.813790099986363, 16.164093400002457]",1.0,651.9913046,686.6200871,2.0,Seafoam,686.9922682,689.3881271,"[0.18166666666666667, 0.0033333333333333335]","[0.006666666666666667, -0.30916666666666665]","[1.428407999977935, 2.3928774999803863]",689.7749393,,689.8176593,690.3919898,,,2.0,4.0,2026-04-02_18h11.15.754,Week2Test,60.14176617,2026-04-02 18h11.17.367441 +0200,38.4006852,34.62878249999994,2.3958589000000075,0.6170505000000048,4.0,1.0,3.0,3.0,2.0,10.0,1,0.75,16.503540633415575,15.277475290246988,-1.1864029574412318,0.2339028811299046,2,1.3,1.586222123640663,1.15
434,2,029_Cyan.jpg,True,Cyan,2.0,100.0,88.0,01-1/029_Cyan_0.png,,1.0,3.0,"[(3.0, 1.4356792000180576)]",20.0,"[1.4246217000181787, 3.8754490000137594]",2.0,690.7599406,715.7908198,2.0,Lime-green,716.1454384,718.2061825,"[-0.014166666666666666, -0.011666666666666667]","[0.005833333333333334, -0.2808333333333333]","[1.3247917999979109, 2.0574391999980435]",718.5880601,718.6502051,721.1700497,722.056841,,,2.0,4.0,2026-04-02_18h11.15.754,Week2Test,60.14176617,2026-04-02 18h11.17.367441 +0200,31.296900399999913,25.03087919999996,2.0607440999999653,3.468780899999956,-3.0,1.0,3.0,3.0,2.0,10.0,0,0.5,16.503540633415575,15.277475290246988,-0.5581641210068371,0.3639723530136196,0,1.3,0.27194921767531166,0.1
435,3,012_Orange.jpg,False,Orange,95.0,58.0,2.0,02-t/012_Orange_0.png,Lime-green,2.0,3.0,"[(3.0, 1.1666579000011552)]",3.0,[3.4383650999807287],3.0,722.4215459,734.0864346,1.0,Orange,734.4487514,736.1217912,"[-0.03916666666666667, -0.015]","[-0.008333333333333333, -0.3025]","[1.0538414999900851, 1.669668399990769]",736.5013313,,736.5159273,737.0599018,,,2.0,4.0,2026-04-02_18h11.15.754,Week2Test,60.14176617,2026-04-02 18h11.17.367441 +0200,14.638355900000079,11.664888700000006,1.6730397999999695,0.5585705000000871,3.0,1.0,3.0,3.0,2.0,10.0,1,0.5,16.503540633415575,15.277475290246988,0.3167180336730457,0.5785242042391311,2,1.3,1.6556244396532613,1.1
436,4,018_Seafoam.jpg,True,Seafoam,13.0,100.0,58.0,02-1/018_Seafoam_0.png,,3.0,4.0,"[(4.0, 0.8832889000186697)]",17.0,"[1.619616899988614, 3.7564631999994162]",4.0,737.4261347,749.2234371,2.0,Seafoam,749.5776921,750.9541398,"[0.16916666666666666, 0.018333333333333333]","[-0.0175, -0.29083333333333333]","[0.7716548999887891, 1.3734710999997333]",751.3358171,,751.3486188,751.8203053,,,2.0,4.0,2026-04-02_18h11.15.754,Week2Test,60.14176617,2026-04-02 18h11.17.367441 +0200,14.394170599999939,11.797302399999921,1.3764476999999715,0.48448819999998705,4.0,1.0,3.0,3.0,2.0,10.0,1,0.75,16.503540633415575,15.277475290246988,0.30805078352311765,0.5764094083372425,2,1.3,1.7197996692515245,1.15
437,5,022_Cyan.jpg,True,Cyan,0.0,96.0,90.0,01-t/022_Cyan_0.png,,4.0,4.0,"[(4.0, 1.0523293000005651)]",18.0,"[1.2167700999998488, 3.919656500016572, 11.797454300016398, 12.38937670001178, 12.990835900011007]",5.0,752.1866813,793.3940706,1.0,Seafoam,793.7578095,795.5010066,"[0.145, 0.0525]","[0.03166666666666667, -0.25333333333333335]","[0.9405453999934252, 1.740367199992761]",795.8727799,795.9134511,798.3168345,799.9836761,,,2.0,4.0,2026-04-02_18h11.15.754,Week2Test,60.14176617,2026-04-02 18h11.17.367441 +0200,47.79699479999999,41.20738929999993,1.7431970999999749,4.11089620000007,-4.0,4.0,3.0,3.0,2.0,10.0,0,0.75,16.503540633415575,15.277475290246988,-1.6170112009511863,0.16561747466520874,0,1.3,0.25959081511943144,0.15000000000000002
438,6,018_Green.jpg,True,Green,0.0,98.0,4.0,01-t/018_Green_0.png,,5.0,5.0,"[(5.0, 1.5632051000138745)]",30.0,"[1.5853589000180364, 3.726476100011496]",6.0,800.3489376,807.0056525,2.0,Green,807.3629927,809.7174054,"[0.3875, 0.049166666666666664]","[-0.014166666666666666, -0.31833333333333336]","[1.4197922999737784, 2.3506986999709625]",810.1020208,,810.1301989,810.605653,,,2.0,4.0,2026-04-02_18h11.15.754,Week2Test,60.14176617,2026-04-02 18h11.17.367441 +0200,10.256715399999962,6.656714899999997,2.3544127000000117,0.50363219999997,5.0,1.0,3.0,3.0,2.0,10.0,1,1.0,16.503540633415575,15.277475290246988,0.6445322637636147,0.6557772651909303,2,1.3,1.8157531334244628,1.2
439,7,010_Pink.jpg,True,Pink,98.0,0.0,52.0,02-1/010_Pink_0.png,,6.0,4.0,"[(4.0, 1.1679740000108723)]",12.0,"[2.0421651999931782, 2.7252848999924026, 29.979418199975044, 30.689650099986466, 32.572391299996525, 33.106224499992095]",7.0,810.9705143,860.1751147,2.0,Purple,860.5399045,862.3659978,"[0.1775, 0.056666666666666664]","[0.005, -0.2925]","[1.0274435000028461, 1.82182979999925]",862.7501259,862.7947328,865.6971665,866.7024525,,,2.0,4.0,2026-04-02_18h11.15.754,Week2Test,60.14176617,2026-04-02 18h11.17.367441 +0200,55.73193820000006,49.204600400000004,1.8260932999999113,3.952326600000106,-4.0,5.0,3.0,3.0,2.0,10.0,0,0.75,16.503540633415575,15.277475290246988,-2.140475382569299,0.10522462271147086,0,1.3,0.2360376028574737,0.15000000000000002
440,8,027_Cyan.jpg,True,Cyan,13.0,100.0,100.0,01-1/027_Cyan_0.png,,7.0,4.0,"[(4.0, 2.0692192999995314)]",28.0,"[1.7068667999992613, 2.73413550000987]",8.0,867.0842484,888.4322489,2.0,Lime-green,888.7918552,891.3806892,"[0.17, 0.018333333333333333]","[-0.005, -0.2875]","[1.954601500008721, 2.5853736999852117]",891.7600504,891.7938428,893.5971453,894.3334415,,,2.0,4.0,2026-04-02_18h11.15.754,Week2Test,60.14176617,2026-04-02 18h11.17.367441 +0200,27.24919310000007,21.348000500000012,2.58883400000002,2.5733911000000944,-4.0,1.0,3.0,3.0,2.0,10.0,0,0.75,16.503540633415575,15.277475290246988,-0.31709819682556445,0.4213831018462094,0,1.3,0.3593394097200217,0.15000000000000002
441,9,006_Pink.jpg,True,Pink,100.0,0.0,50.0,02-1/006_Pink_0.png,,8.0,4.0,"[(4.0, 1.0470535000204109)]",10.0,"[1.932420600001933, 2.5516417999751866]",9.0,894.7017111,906.4242363,2.0,Pink,906.8016003,908.5657772,"[0.17833333333333334, -0.004166666666666667]","[-0.0016666666666666668, -0.295]","[0.9251070000173058, 1.761067700019339]",908.9455277,,908.959481,909.5021959,,,2.0,4.0,2026-04-02_18h11.15.754,Week2Test,60.14176617,2026-04-02 18h11.17.367441 +0200,14.800484799999936,11.72252519999995,1.7641768999999385,0.5566681999999901,4.0,1.0,3.0,3.0,2.0,10.0,1,0.75,16.503540633415575,15.277475290246988,0.3129453880686546,0.5776040336582994,2,1.3,1.7202655731267367,1.15
442,10,016_Lime-green.jpg,True,Lime-green,56.0,100.0,5.0,02-1/016_Lime-green_0.png,,9.0,4.0,"[(4.0, 0.9814238000253681)]",29.0,[2.7163752999913413],10.0,909.8664999,917.9670675,1.0,Orange,918.3207507,920.1293262,"[0.1675, 0.050833333333333335]","[-0.005833333333333334, -0.28583333333333333]","[0.8723162999958731, 1.8055984000093304]",920.517379,920.5763063,923.3117594,924.3161287,,,2.0,4.0,2026-04-02_18h11.15.754,Week2Test,60.14176617,2026-04-02 18h11.17.367441 +0200,14.449628800000028,8.100567599999977,1.8085755000000745,3.7987497000000303,-4.0,1.0,3.0,3.0,2.0,10.0,0,0.75,16.503540633415575,15.277475290246988,0.5500236703887837,0.63414108270448,0,1.3,0.44231502225474717,0.15000000000000002
443,11,014_Yellow.jpg,True,Yellow,100.0,98.0,11.0,01-1/014_Yellow_0.png,,10.0,5.0,"[(5.0, 1.3302727999980561)]",23.0,[5.196426299982704],11.0,924.6801681,934.312455,1.0,Yellow,934.6727686,936.6978828,"[0.37, 0.02666666666666667]","[0.024166666666666666, -0.27416666666666667]","[1.1909820000000764, 2.021942299994407]",937.076636,,937.0922662,939.1014307,,,2.0,4.0,2026-04-02_18h11.15.754,Week2Test,60.14176617,2026-04-02 18h11.17.367441 +0200,14.421262600000091,9.632286900000054,2.025114199999962,2.0247947000000295,5.0,1.0,3.0,3.0,2.0,10.0,1,1.0,16.503540633415575,15.277475290246988,0.44976369477763595,0.6105830487966526,2,1.3,1.7981273890306946,1.2
444,12,009_Yellow.jpg,False,Yellow,100.0,97.0,2.0,02-t/009_Yellow_0.png,Cyan,11.0,5.0,"[(5.0, 2.2507374999986496)]",0.0,"[0.12040939999860711, 3.559393600007752, 4.617073200002778, 5.955713800009107, 8.460022799990838]",12.0,939.4647458,952.9487353,1.0,Yellow,953.3015979,956.2108749,"[0.4008333333333333, -0.043333333333333335]","[0.013333333333333334, -0.2791666666666667]","[2.141153900010977, 2.90646349999588]",956.5746126,,956.5912489,957.1488798,,,2.0,4.0,2026-04-02_18h11.15.754,Week2Test,60.14176617,2026-04-02 18h11.17.367441 +0200,17.684134000000086,13.483989500000007,2.9092769999999746,0.5742672000000084,5.0,4.0,3.0,3.0,2.0,10.0,1,1.0,16.503540633415575,15.277475290246988,0.19764726016891182,0.5492515871961524,2,1.3,1.7742081190064996,1.2
445,13,018_Seafoam.jpg,True,Seafoam,13.0,100.0,58.0,02-1/018_Seafoam_0.png,,12.0,4.0,"[(4.0, 1.0341635000077076)]",26.0,"[1.4563617999956477, 4.6738645999867]",13.0,957.5113982,988.2637481,2.0,Lime-green,988.6174936,990.3960791,"[0.15833333333333333, 0.0625]","[-0.0375, -0.26]","[0.8932865000097081, 1.7756281000038143]",990.7789986,990.8237184,993.8092476,995.1317717,,,2.0,4.0,2026-04-02_18h11.15.754,Week2Test,60.14176617,2026-04-02 18h11.17.367441 +0200,37.620373499999914,30.752349900000013,1.7785854999999628,4.352773099999922,-4.0,1.0,3.0,3.0,2.0,10.0,0,0.75,16.503540633415575,15.277475290246988,-0.9326677998740248,0.2823837893271981,0,1.3,0.3051296778376073,0.15000000000000002
446,14,014_Pink.jpg,True,Pink,100.0,9.0,40.0,02-1/014_Pink_0.png,,13.0,4.0,"[(4.0, 1.0997369000106119)]",15.0,"[4.164403800008586, 4.934993500006385, 26.767412699991837, 27.537838100019144, 28.244679099996574, 29.152889399993]",14.0,995.4966501,1036.066134,2.0,Purple,1036.417289,1038.074341,"[0.14666666666666667, 0.0225]","[-0.021666666666666667, -0.31583333333333335]","[0.9560188999748789, 1.6540881999826524]",1038.484319,1038.521922,1042.424144,1043.31199,,,2.0,4.0,2026-04-02_18h11.15.754,Week2Test,60.14176617,2026-04-02 18h11.17.367441 +0200,47.81533989999991,40.56948389999991,1.6570520000000215,4.827671000000009,-4.0,5.0,3.0,3.0,2.0,10.0,0,0.75,16.503540633415575,15.277475290246988,-1.5752565662434963,0.17146831732355428,0,1.3,0.2618726437561862,0.15000000000000002
447,15,008_Orange.jpg,True,Orange,100.0,53.0,0.0,02-1/008_Orange_0.png,,14.0,5.0,"[(5.0, 1.1509074000059627)]",11.0,[2.718508700025268],15.0,1043.681276,1066.67172,1.0,Orange,1067.031828,1068.874111,"[0.37333333333333335, 0.06666666666666667]","[0.011666666666666667, -0.2625]","[1.038993099995423, 1.8386622999969404]",1069.2509,,1069.270126,1069.825672,,,2.0,4.0,2026-04-02_18h11.15.754,Week2Test,60.14176617,2026-04-02 18h11.17.367441 +0200,26.144395999999915,22.990444000000025,1.8422830000001795,0.574771999999939,5.0,1.0,3.0,3.0,2.0,10.0,1,1.0,16.503540633415575,15.277475290246988,-0.4246057181140155,0.39541516921954356,2,1.3,1.714211915995622,1.2
448,16,014_Lime-green.jpg,True,Lime-green,65.0,100.0,4.0,02-1/014_Lime-green_0.png,,15.0,3.0,"[(3.0, 1.8514036000124179)]",13.0,[3.129138399992371],16.0,1070.19542,1097.001997,1.0,Cyan,1097.365222,1099.922917,"[-0.04083333333333333, 0.0175]","[-0.005833333333333334, -0.2841666666666667]","[1.737619799998356, 2.554077699984191]",1100.313808,1100.352621,1102.888661,1103.677169,,,2.0,4.0,2026-04-02_18h11.15.754,Week2Test,60.14176617,2026-04-02 18h11.17.367441 +0200,33.481749000000036,26.80657700000006,2.5576950000001943,3.3633609999999408,-3.0,1.0,3.0,3.0,2.0,10.0,0,0.5,16.503540633415575,15.277475290246988,-0.674393914625531,0.33751366907512265,0,1.3,0.26163033093929783,0.1
449,17,029_Pink.jpg,False,Pink,100.0,0.0,38.0,02-t/029_Pink_0.png,Seafoam,16.0,4.0,"[(4.0, 0.9820359000004828)]",8.0,"[1.9278319000150077, 3.673846199992113]",17.0,1104.041988,1122.191469,2.0,Purple,1122.547124,1123.988199,"[0.17166666666666666, 0.030833333333333334]","[0.0008333333333333334, -0.2991666666666667]","[0.8070828999916557, 1.4379873999860138]",1124.371122,1124.418527,1125.887741,1126.693868,,,2.0,4.0,2026-04-02_18h11.15.754,Week2Test,60.14176617,2026-04-02 18h11.17.367441 +0200,22.65188000000012,18.14948100000015,1.4410749999999553,2.322746000000052,-4.0,1.0,3.0,3.0,2.0,10.0,0,0.75,16.503540633415575,15.277475290246988,-0.1077364116331008,0.47309191920061167,0,1.3,0.3795058484882386,0.15000000000000002
450,18,030_Orange.jpg,False,Orange,100.0,51.0,0.0,02-t/030_Orange_0.png,Seafoam,17.0,5.0,"[(5.0, 1.4205745999934152)]",9.0,[2.1479848999879323],18.0,1127.061821,1139.259149,1.0,Orange,1139.61294,1142.154311,"[0.36583333333333334, 0.019166666666666665]","[0.03, -0.28]","[1.2757181999913882, 2.53808199998457]",1142.53877,,1142.567667,1143.346467,,,2.0,4.0,2026-04-02_18h11.15.754,Week2Test,60.14176617,2026-04-02 18h11.17.367441 +0200,16.284646000000066,12.19732799999997,2.5413710000000265,0.8076969999999619,5.0,1.0,3.0,3.0,2.0,10.0,1,1.0,16.503540633415575,15.277475290246988,0.28186677128286075,0.5700038282474874,2,1.3,1.78230149301652,1.2
451,19,022_Purple.jpg,False,Purple,63.0,0.0,100.0,02-t/022_Purple_0.png,Seafoam,18.0,4.0,"[(4.0, 1.3182006000133697)]",6.0,"[3.455589699995471, 4.2206093999848235]",19.0,1143.722197,1163.851751,2.0,Purple,1164.212602,1166.320478,"[0.1275, 0.03]","[-0.029166666666666667, -0.2683333333333333]","[1.2391002000076696, 2.1049606000015046]",1166.704228,,1166.717714,1167.292439,,,2.0,4.0,2026-04-02_18h11.15.754,Week2Test,60.14176617,2026-04-02 18h11.17.367441 +0200,23.570242000000007,20.12955399999987,2.107876000000033,0.5882110000000011,4.0,1.0,3.0,3.0,2.0,10.0,1,0.75,16.503540633415575,15.277475290246988,-0.23734375593453666,0.4409410437853878,2,1.3,1.6669670070763014,1.15
452,20,011_Lime-green.jpg,False,Lime-green,69.0,96.0,0.0,02-t/011_Lime-green_0.png,Cyan,19.0,4.0,"[(4.0, 1.102015999989817)]",1.0,[4.342912199994316],20.0,1167.654054,1192.548372,1.0,Seafoam,1192.91284,1194.602368,"[0.16333333333333333, 0.06666666666666667]","[-0.005, -0.27]","[0.9537260999786668, 1.6865689999831375]",1194.982858,1195.015622,1196.885095,1198.457951,,,2.0,4.0,2026-04-02_18h11.15.754,Week2Test,60.14176617,2026-04-02 18h11.17.367441 +0200,30.803897000000006,24.894317999999885,1.6895280000001094,3.4750930000000153,-4.0,1.0,3.0,3.0,2.0,10.0,0,0.75,16.503540633415575,15.277475290246988,-0.549225392754581,0.36604414245638517,0,1.3,0.33775721555799026,0.15000000000000002
453,21,011_Purple.jpg,False,Purple,67.0,0.0,100.0,02-t/011_Purple_0.png,Orange,20.0,4.0,"[(4.0, 1.1149711000034586)]",2.0,"[2.071226200001547, 2.7332375000114553]",21.0,1198.834793,1216.118595,2.0,Purple,1216.478075,1218.120293,"[0.19, 0.059166666666666666]","[-0.0075, -0.29583333333333334]","[0.9732459000078961, 1.638384199992288]",1218.500621,,1218.514898,1219.037003,,,2.0,4.0,2026-04-02_18h11.15.754,Week2Test,60.14176617,2026-04-02 18h11.17.367441 +0200,20.202209999999923,17.283801999999923,1.642217999999957,0.5363820000000032,4.0,1.0,3.0,3.0,2.0,10.0,1,0.75,16.503540633415575,15.277475290246988,-0.05107266428258996,0.4872346085974313,2,1.3,1.685021497352998,1.15
454,22,018_Purple.jpg,True,Purple,51.0,2.0,100.0,01-1/018_Purple_0.png,,21.0,4.0,"[(4.0, 1.0489971000060905)]",25.0,"[2.555936799995834, 3.2401413999905344, 4.893102000001818, 5.708418399997754]",22.0,1219.420502,1235.74652,0.0,Purple,1236.108377,1237.717695,"[0.16916666666666666, 0.0625]","[0.0, -0.2816666666666667]","[0.9065815000212751, 1.6060052000102587]",1238.079773,,1238.098036,1238.62092,,,2.0,4.0,2026-04-02_18h11.15.754,Week2Test,60.14176617,2026-04-02 18h11.17.367441 +0200,19.200418000000127,16.326017999999976,1.6093180000000302,0.5411470000001373,4.0,3.0,3.0,3.0,2.0,10.0,1,0.75,16.503540633415575,15.277475290246988,0.011619893342516337,0.5029049406498137,2,1.3,1.6911329268534276,1.15
455,23,018_Lime-green.jpg,True,Lime-green,47.0,100.0,1.0,02-1/018_Lime-green_0.png,,22.0,4.0,"[(4.0, 1.097731699992437)]",16.0,[6.386370299995178],23.0,1238.982451,1258.251281,1.0,Lime-green,1258.610614,1260.333341,"[0.1625, 0.07416666666666667]","[-0.02666666666666667, -0.25333333333333335]","[0.9557835000159685, 1.719344800018007]",1260.715242,,1260.729954,1261.139202,,,2.0,4.0,2026-04-02_18h11.15.754,Week2Test,60.14176617,2026-04-02 18h11.17.367441 +0200,22.156750999999986,19.26882999999998,1.7227270000000772,0.42396000000007916,4.0,1.0,3.0,3.0,2.0,10.0,1,0.75,16.503540633415575,15.277475290246988,-0.18100434227831755,0.45487205616429205,2,1.3,1.6724001019040742,1.15
456,24,014_Orange.jpg,True,Orange,100.0,61.0,7.0,02-1/014_Orange_0.png,,23.0,5.0,"[(5.0, 1.415749899984803)]",14.0,[5.14942240001983],24.0,1261.500226,1276.079961,1.0,Orange,1276.444176,1278.682031,"[0.36583333333333334, -0.04083333333333333]","[-0.013333333333333334, -0.2775]","[1.3032225999922957, 2.2349019999965094]",1279.065439,,1279.079047,1279.654825,,,2.0,4.0,2026-04-02_18h11.15.754,Week2Test,60.14176617,2026-04-02 18h11.17.367441 +0200,18.154598999999962,14.5797349999998,2.2378550000000814,0.5893860000001041,5.0,1.0,3.0,3.0,2.0,10.0,1,1.0,16.503540633415575,15.277475290246988,0.12592431647681446,0.5314395455293747,2,1.3,1.767261422756456,1.2
457,25,016_Seafoam.jpg,False,Seafoam,5.0,100.0,66.0,02-t/016_Seafoam_0.png,Lime-green,24.0,4.0,"[(4.0, 1.0973566000175197)]",4.0,"[1.1904306999931578, 2.53819290001411]",25.0,1280.023392,1292.980078,2.0,Seafoam,1293.341907,1295.066594,"[0.16, 0.05333333333333334]","[0.008333333333333333, -0.26166666666666666]","[0.956170799996471, 1.7217012000037357]",1295.447231,,1295.462216,1295.870287,,,2.0,4.0,2026-04-02_18h11.15.754,Week2Test,60.14176617,2026-04-02 18h11.17.367441 +0200,15.846894999999904,12.95668599999999,1.7246869999999035,0.42305599999986043,4.0,1.0,3.0,3.0,2.0,10.0,1,0.75,16.503540633415575,15.277475290246988,0.23216235444870048,0.5577812902481142,2,1.3,1.7125347031967644,1.15
458,1,010_Red.jpg,True,Red,99.0,0.0,12.0,01-1/010_Red_0.png,,0.0,4.0,"[(4.0, 1.3301567999951658)]",25.0,"[10.851301300004707, 11.614548300000024]",1.0,8.769933700001275,30.41047840000101,2.0,Red,30.77533609999955,32.70541029999731,"[0.1525, 0.014166666666666666]","[-0.0075, -0.31083333333333335]","[1.1767336999982945, 1.9273134999966715]",33.086853599997994,,33.11698790000082,33.777365299996745,,,2.0,1.0,2026-03-31_17h33.37.004,Week2Train,59.560361148123015,2026-03-31 17h33.39.309699 +0200,25.00743159999547,21.640544699999737,1.9300741999977618,0.6905116999987513,4.0,1.0,2.0,2.0,2.0,10.0,1,0.75,16.503540633415575,15.277475290246988,-0.33624692359107144,0.416721431278415,2,1.3,1.6575213581985822,1.15
459,2,028_Pink.jpg,True,Pink,98.0,0.0,50.0,02-1/028_Pink_0.png,,1.0,5.0,"[(5.0, 1.0293185999980778)]",13.0,"[4.033139799998025, 4.59695130000182]",2.0,34.15658170000097,50.82737939999788,2.0,Pink,51.17970559999958,53.50366219999705,"[0.375, 0.06166666666666667]","[0.020833333333333332, -0.26666666666666666]","[0.90761719999864, 2.3199334000019007]",53.908122799999546,,53.93261630000052,54.57206399999996,,,2.0,1.0,2026-03-31_17h33.37.004,Week2Train,59.560361148123015,2026-03-31 17h33.39.309699 +0200,20.415482299998992,16.67079769999691,2.323956599997473,0.6639412000004157,5.0,1.0,2.0,2.0,2.0,10.0,1,1.0,16.503540633415575,15.277475290246988,-0.010947952027656744,0.4972630393301715,2,1.3,1.7539325853387668,1.2
460,3,016_Lime-green.jpg,True,Lime-green,56.0,100.0,5.0,02-1/016_Lime-green_0.png,,2.0,5.0,"[(5.0, 1.2663576000049943)]",9.0,[3.9157266999973217],3.0,54.935208599999896,69.93141459999606,1.0,Lime-green,70.29774009999528,72.35171329999866,"[0.36083333333333334, 0.055]","[-0.0125, -0.30916666666666665]","[1.11928590000025, 2.050234999995155]",72.73502059999737,,72.74954019999859,73.30347130000155,,,2.0,1.0,2026-03-31_17h33.37.004,Week2Train,59.560361148123015,2026-03-31 17h33.39.309699 +0200,18.36826270000165,14.996205999996164,2.0539732000033837,0.5684507000041776,5.0,1.0,2.0,2.0,2.0,10.0,1,1.0,16.503540633415575,15.277475290246988,0.09866385674219882,0.5246459742925047,2,1.3,1.7646119299740768,1.2
461,4,014_Lime-green.jpg,True,Lime-green,65.0,100.0,4.0,02-1/014_Lime-green_0.png,,3.0,5.0,"[(5.0, 2.117268800000602)]",6.0,[19.58578860000125],4.0,73.67196919999697,116.72397120000096,1.0,Lime-green,117.07602929999848,119.91756449999956,"[0.3625, 0.051666666666666666]","[-0.005, -0.2875]","[2.005077900001197, 2.838352600003418]",120.28654539999845,,120.31388180000069,120.89108589999525,,,2.0,1.0,2026-03-31_17h33.37.004,Week2Train,59.560361148123015,2026-03-31 17h33.39.309699 +0200,47.21911669999828,43.052002000003995,2.8415352000010756,0.6045404999968014,5.0,1.0,2.0,2.0,2.0,10.0,1,1.0,16.503540633415575,15.277475290246988,-1.737751877336482,0.14959871306785508,2,1.3,1.6183434980964633,1.2
462,5,022_Seafoam.jpg,True,Seafoam,0.0,99.0,72.0,02-1/022_Seafoam_0.png,,4.0,5.0,"[(5.0, 1.4658806000006734)]",12.0,"[1.8041317999959574, 3.5897652999992715]",5.0,121.24812689999816,142.25736189999589,2.0,Seafoam,142.6316338999968,144.81670830000076,"[0.36083333333333334, -0.005833333333333334]","[0.008333333333333333, -0.26666666666666666]","[1.347950800001854, 2.182223800002248]",145.20535050000035,,145.22941120000178,145.72506540000177,,,2.0,1.0,2026-03-31_17h33.37.004,Week2Train,59.560361148123015,2026-03-31 17h33.39.309699 +0200,24.476938500003612,21.00923499999773,2.1850744000039413,0.5197149000014178,5.0,1.0,2.0,2.0,2.0,10.0,1,1.0,16.503540633415575,15.277475290246988,-0.29492401597655027,0.4267988160688218,2,1.3,1.7264515382668404,1.2
463,6,018_Lime-green.jpg,True,Lime-green,47.0,100.0,1.0,02-1/018_Lime-green_0.png,,5.0,5.0,"[(5.0, 0.9973613000038313)]",10.0,[7.591593500001181],6.0,146.1034690000015,166.55335170000035,1.0,Lime-green,166.90834760000143,168.9315501000019,"[0.3875, 0.0775]","[-0.006666666666666667, -0.2916666666666667]","[0.8890774000028614, 2.020138700005191]",169.31852290000097,,169.3450714999999,169.93748939999932,,,2.0,1.0,2026-03-31_17h33.37.004,Week2Train,59.560361148123015,2026-03-31 17h33.39.309699 +0200,23.834020399997826,20.449882699998852,2.0232025000004796,0.6189664999983506,5.0,1.0,2.0,2.0,2.0,10.0,1,1.0,16.503540633415575,15.277475290246988,-0.2583111405261175,0.4357789124892021,2,1.3,1.7299537758707888,1.2
464,7,008_Orange.jpg,True,Orange,100.0,53.0,0.0,02-1/008_Orange_0.png,,6.0,5.0,"[(5.0, 1.0143375999978161)]",2.0,[2.9093313999983366],7.0,170.30164479999803,180.0608446999977,1.0,Orange,180.4245880999952,182.09795759999545,"[0.38083333333333336, 0.0625]","[-0.02666666666666667, -0.2966666666666667]","[0.8700453999990714, 1.6701795000044513]",182.50875580000135,,182.5280946999992,183.38582789999785,,,2.0,1.0,2026-03-31_17h33.37.004,Week2Train,59.560361148123015,2026-03-31 17h33.39.309699 +0200,13.08418309999982,9.759199899999658,1.6733695000002626,0.8770720999964965,5.0,1.0,2.0,2.0,2.0,10.0,1,1.0,16.503540633415575,15.277475290246988,0.4414564975746646,0.6086060301868964,2,1.3,1.7973563517728897,1.2
465,8,022_Green.jpg,True,Green,0.0,95.0,0.0,01-1/022_Green_0.png,,7.0,5.0,"[(5.0, 1.1653577000033692)]",26.0,"[1.5346692999955849, 6.077069399994798, 7.0339020999963395]",8.0,183.7671579000016,194.3191347999964,3.0,Green,194.6767350000009,196.5338260999997,"[0.3908333333333333, 0.10166666666666667]","[-0.005, -0.2925]","[1.0167126000014832, 1.8522130000055768]",196.91471810000075,,196.92761900000187,197.4841994999952,,,2.0,1.0,2026-03-31_17h33.37.004,Week2Train,59.560361148123015,2026-03-31 17h33.39.309699 +0200,13.717041599993621,10.551976899994798,1.8570910999987973,0.5694813999944586,5.0,2.0,2.0,2.0,2.0,10.0,1,1.0,16.503540633415575,15.277475290246988,0.38956461197618203,0.5961778841015309,2,1.3,1.7925093747995973,1.2
466,9,011_Cyan.jpg,True,Cyan,0.0,88.0,97.0,01-1/011_Cyan_0.png,,8.0,5.0,"[(5.0, 1.2965458000035142)]",21.0,"[1.648752400004014, 4.093562699999893]",9.0,197.87125789999843,217.38460889999988,2.0,Cyan,217.74047009999776,220.01378419999676,"[0.38666666666666666, -0.05333333333333334]","[0.009166666666666667, -0.29833333333333334]","[1.1538256000058027, 2.2701608999996097]",220.3971196999992,,220.4263401999997,221.2994544999965,,,2.0,1.0,2026-03-31_17h33.37.004,Week2Train,59.560361148123015,2026-03-31 17h33.39.309699 +0200,23.428196599998074,19.51335100000145,2.2733140999989985,0.9023347999973055,5.0,1.0,2.0,2.0,2.0,10.0,1,1.0,16.503540633415575,15.277475290246988,-0.19700967007993211,0.4509062686634938,2,1.3,1.7358534447787624,1.2
467,10,018_Seafoam.jpg,True,Seafoam,13.0,100.0,58.0,02-1/018_Seafoam_0.png,,9.0,5.0,"[(5.0, 1.3152694000018528)]",11.0,"[1.7271011999982875, 3.0405127000049106]",10.0,221.6742204999973,237.887281299998,2.0,Seafoam,238.25441529999807,240.3120780999961,"[0.36833333333333335, 0.0425]","[0.004166666666666667, -0.31083333333333335]","[1.1716730999978608, 2.0541841000012937]",240.6985621999993,,240.72513239999532,241.2697560000015,,,2.0,1.0,2026-03-31_17h33.37.004,Week2Train,59.560361148123015,2026-03-31 17h33.39.309699 +0200,19.595535500004218,16.213060800000704,2.0576627999980417,0.5711938000022201,5.0,1.0,2.0,2.0,2.0,10.0,1,1.0,16.503540633415575,15.277475290246988,0.01901360191368208,0.5047532572806511,2,1.3,1.7568537703394538,1.2
468,11,008_Blue.jpg,True,Blue,4.0,9.0,100.0,01-1/008_Blue_0.png,,10.0,5.0,"[(5.0, 1.130273099995975)]",24.0,"[1.6377119000026141, 4.037969299999531]",11.0,241.63079959999595,254.18139939999676,2.0,Blue,254.5434907000017,256.47866729999805,"[0.39, 0.035]","[-0.0175, -0.275]","[1.0157263000000967, 1.9318111000029603]",256.8651871999973,,256.8916096999965,257.53699329999654,,,2.0,1.0,2026-03-31_17h33.37.004,Week2Train,59.560361148123015,2026-03-31 17h33.39.309699 +0200,15.906193700000586,12.55059980000081,1.935176599996339,0.6718060999992304,5.0,1.0,2.0,2.0,2.0,10.0,1,1.0,16.503540633415575,15.277475290246988,0.2587430683614516,0.5643272851014398,2,1.3,1.7800876411895614,1.2
469,12,008_Purple.jpg,True,Purple,52.0,0.0,99.0,01-1/008_Purple_0.png,,11.0,5.0,"[(5.0, 2.348329200001899)]",18.0,"[3.4243008000048576, 4.178298300001188]",12.0,257.9175591999956,270.68547070000204,2.0,Purple,271.0542115999997,274.36127499999566,"[0.38333333333333336, 0.009166666666666667]","[-0.0016666666666666668, -0.28833333333333333]","[2.205338400002802, 3.3031717000048957]",274.74778839999635,,274.7741431999966,275.3662733000019,,,2.0,1.0,2026-03-31_17h33.37.004,Week2Train,59.560361148123015,2026-03-31 17h33.39.309699 +0200,17.448714100006327,12.767911500006448,3.307063399995968,0.6184849000055692,5.0,1.0,2.0,2.0,2.0,10.0,1,1.0,16.503540633415575,15.277475290246988,0.244518748185698,0.5608269214336363,2,1.3,1.7787224993591182,1.2
470,13,030_Seafoam.jpg,True,Seafoam,0.0,99.0,67.0,02-1/030_Seafoam_0.png,,12.0,5.0,"[(5.0, 1.30021829999896)]",15.0,"[2.35000669999863, 4.06259560000035]",13.0,275.7314660999982,288.447322,2.0,Blue,288.80703959999664,290.7786003000001,"[0.38916666666666666, 0.06166666666666667]","[0.0033333333333333335, -0.2825]","[1.1838000999996439, 1.9683049000013852]",291.16948079999565,291.2406287999984,300.55683729999873,309.7969732999991,,,2.0,1.0,2026-03-31_17h33.37.004,Week2Train,59.560361148123015,2026-03-31 17h33.39.309699 +0200,34.065507200000866,12.71585590000177,1.9715607000034652,18.627492500003427,-5.0,1.0,2.0,2.0,2.0,10.0,0,1.0,16.503540633415575,15.277475290246988,0.24792609128498025,0.5616659756181204,0,1.3,0.4790497304910669,0.2
471,14,006_Yellow.jpg,True,Yellow,100.0,100.0,9.0,01-1/006_Yellow_0.png,,13.0,5.0,"[(5.0, 1.133227900005295)]",27.0,"[3.9364545000062208, 5.326279400003841]",14.0,310.1647376999972,319.80810550000024,2.0,Yellow,320.17354350000096,322.69257829999697,"[0.385, 0.0525]","[-0.0025, -0.2825]","[0.9840486000030069, 2.5150890000004438]",323.0756103000021,,323.0907334000003,323.5645330999978,,,2.0,1.0,2026-03-31_17h33.37.004,Week2Train,59.560361148123015,2026-03-31 17h33.39.309699 +0200,13.399795400000585,9.643367800003034,2.5190347999960068,0.48892279999569155,5.0,1.0,2.0,2.0,2.0,10.0,1,1.0,16.503540633415575,15.277475290246988,0.4490383851441748,0.6104105770915498,2,1.3,1.7980601250657045,1.2
472,15,009_Cyan.jpg,True,Cyan,3.0,100.0,95.0,01-1/009_Cyan_0.png,,14.0,5.0,"[(5.0, 1.2327067999940482)]",19.0,"[2.6064508000054047, 3.934558900000411]",15.0,323.928436000002,334.9852912999995,2.0,Cyan,335.3539569999993,337.9425773999974,"[0.3641666666666667, 0.07]","[-0.023333333333333334, -0.27416666666666667]","[1.085252800003218, 2.5856103000041912]",338.32703279999987,,338.3555344999986,338.89749080000183,,,2.0,1.0,2026-03-31_17h33.37.004,Week2Train,59.560361148123015,2026-03-31 17h33.39.309699 +0200,14.96905479999981,11.056855299997494,2.588620399998092,0.5704580000019632,5.0,1.0,2.0,2.0,2.0,10.0,1,1.0,16.503540633415575,15.277475290246988,0.35651737148579776,0.5881971272489938,2,1.3,1.7893968796271074,1.2
473,16,012_Lime-green.jpg,True,Lime-green,61.0,94.0,3.0,02-1/012_Lime-green_0.png,,15.0,5.0,"[(5.0, 1.0846453999984078)]",5.0,[3.9287676000021747],16.0,339.26334230000066,354.4533614999964,1.0,Lime-green,354.8142236999993,356.5575991000005,"[0.37833333333333335, 0.045]","[-0.0025, -0.305]","[0.9739012999998522, 1.7404600999943796]",356.9422674000016,,356.9546988000002,357.5649252000003,,,2.0,1.0,2026-03-31_17h33.37.004,Week2Train,59.560361148123015,2026-03-31 17h33.39.309699 +0200,18.30158289999963,15.190019199995731,1.7433754000012414,0.6226577999987057,5.0,1.0,2.0,2.0,2.0,10.0,1,1.0,16.503540633415575,15.277475290246988,0.08597765065660978,0.5214811816063041,2,1.3,1.7633776608264586,1.2
474,17,010_Yellow.jpg,True,Yellow,100.0,87.0,0.0,01-1/010_Yellow_0.png,,16.0,5.0,"[(5.0, 1.0652804000055767)]",20.0,[2.41098389999388],17.0,357.9348761000001,369.5403433999964,1.0,Yellow,369.89989789999527,371.82453220000025,"[0.38416666666666666, 0.07083333333333333]","[-0.004166666666666667, -0.27416666666666667]","[0.92081280000275, 1.920682800002396]",372.2127581999957,,372.2370991999997,372.8325638999959,,,2.0,1.0,2026-03-31_17h33.37.004,Week2Train,59.560361148123015,2026-03-31 17h33.39.309699 +0200,14.897687799995765,11.605467299996292,1.924634300004982,0.6198057000001995,5.0,1.0,2.0,2.0,2.0,10.0,1,1.0,16.503540633415575,15.277475290246988,0.32060751140904625,0.5794723001954606,2,1.3,1.7859941970762296,1.2
475,18,010_Pink.jpg,True,Pink,98.0,0.0,52.0,02-1/010_Pink_0.png,,17.0,5.0,"[(5.0, 1.3986042000033194)]",3.0,"[3.2879380000013043, 4.051740299997618]",18.0,373.20804150000185,385.83879570000136,2.0,Pink,386.20148419999896,388.2909643000021,"[0.37, 0.08916666666666667]","[0.005833333333333334, -0.2816666666666667]","[1.270707700001367, 2.0848628000021563]",388.67365699999937,,388.6869351999994,389.2938557999951,,,2.0,1.0,2026-03-31_17h33.37.004,Week2Train,59.560361148123015,2026-03-31 17h33.39.309699 +0200,16.085814299993217,12.630754199999501,2.0894801000031293,0.6201987999957055,5.0,1.0,2.0,2.0,2.0,10.0,1,1.0,16.503540633415575,15.277475290246988,0.2534964946654784,0.5630369194616678,2,1.3,1.7795843985900506,1.2
476,19,006_Purple.jpg,True,Purple,65.0,0.0,100.0,01-1/006_Purple_0.png,,18.0,5.0,"[(5.0, 1.6310339999981807)]",16.0,"[3.392401900004188, 4.17658620000293]",19.0,389.661815200001,402.0549159000002,2.0,Purple,402.4165072999968,405.3413899000007,"[0.37916666666666665, 0.06916666666666667]","[-0.0025, -0.2925]","[1.4887991999930819, 2.921633199999633]",405.7289716000014,,405.752616400001,406.86327639999945,,,2.0,1.0,2026-03-31_17h33.37.004,Week2Train,59.560361148123015,2026-03-31 17h33.39.309699 +0200,17.201461199998448,12.393100699999195,2.9248826000039116,1.1343047999980627,5.0,1.0,2.0,2.0,2.0,10.0,1,1.0,16.503540633415575,15.277475290246988,0.2690523044760184,0.566860232319198,2,1.3,1.7810754906044872,1.2
477,20,014_Pink.jpg,True,Pink,100.0,9.0,40.0,02-1/014_Pink_0.png,,19.0,5.0,"[(5.0, 1.0639813000016147)]",8.0,"[3.6880427000069176, 4.918448600001284]",20.0,407.22541819999606,422.0546959999992,2.0,Pink,422.4220426999964,424.1747361000016,"[0.365, 0.07333333333333333]","[-0.020833333333333332, -0.2833333333333333]","[0.9151734000042779, 1.7484244000006584]",424.5516950000019,,424.5692820999975,425.2109307999999,,,2.0,1.0,2026-03-31_17h33.37.004,Week2Train,59.560361148123015,2026-03-31 17h33.39.309699 +0200,17.985512600003858,14.829277800003126,1.7526934000052279,0.6592357999979868,5.0,1.0,2.0,2.0,2.0,10.0,1,1.0,16.503540633415575,15.277475290246988,0.1095902825306014,0.5273701830542512,2,1.3,1.765674371391158,1.2
478,21,006_Orange.jpg,True,Orange,100.0,45.0,0.0,02-1/006_Orange_0.png,,20.0,5.0,"[(5.0, 1.1000381999983802)]",0.0,[2.640293999997084],21.0,425.5756217000017,436.166982099996,1.0,Orange,436.53167720000056,438.5895318999974,"[0.3825, 0.004166666666666667]","[0.009166666666666667, -0.2816666666666667]","[0.9545312000045669, 2.054016200003389]",438.9766496000011,,439.0015697999988,439.7102270999967,,,2.0,1.0,2026-03-31_17h33.37.004,Week2Train,59.560361148123015,2026-03-31 17h33.39.309699 +0200,14.134605399994996,10.5913603999943,2.057854699996824,0.7335774999955902,5.0,1.0,2.0,2.0,2.0,10.0,1,1.0,16.503540633415575,15.277475290246988,0.3869867318453829,0.5955571063691724,2,1.3,1.7922672714839774,1.2
479,22,007_Cyan.jpg,True,Cyan,1.0,89.0,99.0,01-1/007_Cyan_0.png,,21.0,5.0,"[(5.0, 1.297305400003097)]",17.0,"[1.5961872999978368, 3.9781280999959563, 19.11974659999396, 19.809129999994184, 20.327244000000064]",22.0,440.07682979999663,465.1037206999972,1.0,Cyan,465.4640633000017,467.38668560000224,"[0.3883333333333333, 0.06166666666666667]","[0.0033333333333333335, -0.2708333333333333]","[1.1869564000007813, 1.9195916000026045]",467.7712520999994,,467.8003200999956,468.4115435999993,,,2.0,1.0,2026-03-31_17h33.37.004,Week2Train,59.560361148123015,2026-03-31 17h33.39.309699 +0200,28.334713800002646,25.02689090000058,1.922622300000512,0.6402914999998757,5.0,4.0,2.0,2.0,2.0,10.0,1,1.0,16.503540633415575,15.277475290246988,-0.5579030634745153,0.36403278905903896,2,1.3,1.701972787733025,1.2
480,23,011_Orange.jpg,True,Orange,99.0,48.0,0.0,02-1/011_Orange_0.png,,22.0,5.0,"[(5.0, 0.9657546000016737)]",4.0,[3.472185600003286],23.0,468.7759828999988,485.8275313999984,1.0,Orange,486.1791991999999,487.8702612999987,"[0.37166666666666665, 0.06166666666666667]","[-0.010833333333333334, -0.2991666666666667]","[0.854121500000474, 1.6871575000041048]",488.2543164999952,,488.26646069999697,488.6757791999989,,,2.0,1.0,2026-03-31_17h33.37.004,Week2Train,59.560361148123015,2026-03-31 17h33.39.309699 +0200,19.899796300000105,17.051548499999626,1.69106209999876,0.42146270000370123,5.0,1.0,2.0,2.0,2.0,10.0,1,1.0,16.503540633415575,15.277475290246988,-0.0358703160157552,0.491033382405751,2,1.3,1.7515030191382428,1.2
481,24,029_Seafoam.jpg,True,Seafoam,0.0,100.0,74.0,02-1/029_Seafoam_0.png,,23.0,5.0,"[(5.0, 1.5006022000015946)]",14.0,"[1.4170881999962148, 2.786735599998792]",24.0,489.0567355000021,498.89925409999705,2.0,Cyan,499.2636633000002,501.63713799999823,"[0.3591666666666667, 0.02666666666666667]","[0.015, -0.27]","[1.3855585000055726, 2.3693436000030488]",502.0321188000016,502.08316449999984,510.68265099999553,676.5862211999993,,,2.0,1.0,2026-03-31_17h33.37.004,Week2Train,59.560361148123015,2026-03-31 17h33.39.309699 +0200,187.52948569999717,9.842518599994946,2.3734746999980416,174.55410239999765,-5.0,1.0,2.0,2.0,2.0,10.0,0,1.0,16.503540633415575,15.277475290246988,0.4360028019598873,0.6073061674019148,0,1.3,0.4968494052867468,0.2
482,25,014_Orange.jpg,True,Orange,100.0,61.0,7.0,02-1/014_Orange_0.png,,24.0,5.0,"[(5.0, 1.9117243000000599)]",7.0,[3.881584999995539],25.0,676.9474383999986,689.7901184000002,1.0,Orange,690.1577002999984,692.9630754999962,"[0.38916666666666666, -0.020833333333333332]","[0.0075, -0.28833333333333333]","[1.736185800000385, 2.8020982000016375]",693.3479564000008,,693.3754532000021,694.5366110999967,,,2.0,1.0,2026-03-31_17h33.37.004,Week2Train,59.560361148123015,2026-03-31 17h33.39.309699 +0200,17.589172699998016,12.842680000001565,2.8053751999977976,1.1886546999958227,5.0,1.0,2.0,2.0,2.0,10.0,1,1.0,16.503540633415575,15.277475290246988,0.23962471310629926,0.5596211636402219,2,1.3,1.7782522538196865,1.2
483,26,014_Yellow.jpg,True,Yellow,100.0,98.0,11.0,01-1/014_Yellow_0.png,,25.0,5.0,"[(5.0, 1.52961150000192)]",22.0,"[3.697848999996495, 6.089196999993874, 7.17776409999351]",26.0,694.9070882000015,706.0423929999961,3.0,Yellow,706.4094257999968,708.9608422000019,"[0.37333333333333335, 0.03]","[0.0025, -0.3025]","[1.4154095000048983, 2.5483582000015303]",709.347265999997,,709.3751306999984,711.5162159999963,,,2.0,1.0,2026-03-31_17h33.37.004,Week2Train,59.560361148123015,2026-03-31 17h33.39.309699 +0200,16.609127799994894,11.135304799994628,2.5514164000051096,2.168949999999313,5.0,2.0,2.0,2.0,2.0,10.0,1,1.0,16.503540633415575,15.277475290246988,0.35138239345397493,0.5869527655403328,2,1.3,1.78891157856073,1.2
484,27,018_Purple.jpg,True,Purple,51.0,2.0,100.0,01-1/018_Purple_0.png,,26.0,5.0,"[(5.0, 1.3662160000021686)]",23.0,"[3.686992700000701, 4.523032100005366]",27.0,711.8875102999955,725.878243799998,2.0,Purple,726.2405670000007,728.3270552999966,"[0.3541666666666667, 0.0325]","[-0.011666666666666667, -0.2708333333333333]","[1.250699900003383, 2.0832380000065314]",728.716837699998,,728.7407901999977,729.6003182999993,,,2.0,1.0,2026-03-31_17h33.37.004,Week2Train,59.560361148123015,2026-03-31 17h33.39.309699 +0200,17.71280800000386,13.990733500002534,2.0864882999958354,0.8834806000013486,5.0,1.0,2.0,2.0,2.0,10.0,1,1.0,16.503540633415575,15.277475290246988,0.16447790526077277,0.54102702604397,2,1.3,1.7710005401571483,1.2
485,28,006_Pink.jpg,True,Pink,100.0,0.0,50.0,02-1/006_Pink_0.png,,27.0,5.0,"[(5.0, 1.0991458000062266)]",1.0,"[2.473782900000515, 3.2544397999954526]",28.0,729.9698734999984,742.4432359999992,2.0,Pink,742.806391099999,744.5101047999997,"[0.3725, 0.05416666666666667]","[-0.008333333333333333, -0.2891666666666667]","[0.984604199999012, 1.7007350000058068]",744.8996334999974,,744.9238427000018,745.8542142000006,,,2.0,1.0,2026-03-31_17h33.37.004,Week2Train,59.560361148123015,2026-03-31 17h33.39.309699 +0200,15.884340700002213,12.473362500000803,1.7037137000006624,0.9545807000031346,5.0,1.0,2.0,2.0,2.0,10.0,1,1.0,16.503540633415575,15.277475290246988,0.26379870082248497,0.5655698662587484,2,1.3,1.7805722478409118,1.2
486,1,016_Lime-green.jpg,True,Lime-green,56.0,100.0,5.0,02-1/016_Lime-green_0.png,,0.0,5.0,"[(5.0, 1.3645577999996021)]",9.0,[4.4166691999998875],1.0,192.322256200001,212.570241100002,1.0,Lime-green,212.9350526999988,215.287900000003,"[0.38416666666666666, 0.0225]","[0.016666666666666666, -0.2608333333333333]","[1.2186919000014313, 2.3491715999989538]",215.66877150000076,,215.70073299999785,216.4918872999988,,,2.0,2.0,2026-03-31_19h08.08.529,Week2Train,59.95164300469594,2026-03-31 19h08.10.176136 +0200,24.169631099997815,20.247984900001,2.3528473000041856,0.8231157999980496,5.0,1.0,2.0,2.0,2.0,10.0,1,1.0,16.503540633415575,15.277475290246988,-0.24509575014504179,0.4390309679260051,2,1.3,1.7312220774911418,1.2
487,2,008_Purple.jpg,True,Purple,52.0,0.0,99.0,01-1/008_Purple_0.png,,1.0,5.0,"[(5.0, 1.2312072999993688)]",18.0,"[5.223163300004671, 6.045870100002503]",2.0,216.85403329999824,236.91638619999867,2.0,Purple,237.2788178999981,239.43761230000385,"[0.36833333333333335, 0.08916666666666667]","[0.011666666666666667, -0.27166666666666667]","[1.090862000004563, 2.1555463000040618]",239.81832559999748,,239.83352110000124,240.42523900000376,,,2.0,2.0,2026-03-31_19h08.08.529,Week2Train,59.95164300469594,2026-03-31 19h08.10.176136 +0200,23.57120570000552,20.062352900000434,2.158794400005746,0.6069134000062775,5.0,1.0,2.0,2.0,2.0,10.0,1,1.0,16.503540633415575,15.277475290246988,-0.23294505138926813,0.4420256574301038,2,1.3,1.7323900063977404,1.2
488,3,014_Lime-green.jpg,True,Lime-green,65.0,100.0,4.0,02-1/014_Lime-green_0.png,,2.0,5.0,"[(5.0, 1.298730999995314)]",6.0,[2.902084499997727],3.0,240.7868576000037,253.59429429999727,1.0,Lime-green,253.9652599999972,256.1523054999998,"[0.37416666666666665, 0.0425]","[0.008333333333333333, -0.2991666666666667]","[1.1565275000029942, 2.1835213000013027]",256.54572629999893,,256.5659693999987,257.4432031000033,,,2.0,2.0,2026-03-31_19h08.08.529,Week2Train,59.95164300469594,2026-03-31 19h08.10.176136 +0200,16.65634549999959,12.80743669999356,2.187045500002597,0.8974768000043696,5.0,1.0,2.0,2.0,2.0,10.0,1,1.0,16.503540633415575,15.277475290246988,0.2419315929629798,0.5601896049425688,2,1.3,1.7784739459276018,1.2
489,4,006_Yellow.jpg,True,Yellow,100.0,100.0,9.0,01-1/006_Yellow_0.png,,3.0,5.0,"[(5.0, 1.448786499997368)]",27.0,[4.461600100003125],4.0,257.8074837000022,268.1071124000009,1.0,Yellow,268.4626954999985,270.8016130999968,"[0.3625, -0.004166666666666667]","[-0.0033333333333333335, -0.27]","[1.3372885000062524, 2.3358565000016824]",271.18762340000103,,271.21505140000227,271.82087150000007,,,2.0,2.0,2026-03-31_19h08.08.529,Week2Train,59.95164300469594,2026-03-31 19h08.10.176136 +0200,14.013387799997872,10.29962869999872,2.3389175999982967,0.6332480999990366,5.0,1.0,2.0,2.0,2.0,10.0,1,1.0,16.503540633415575,15.277475290246988,0.4060822757394594,0.6001481110858727,2,1.3,1.7940577633234904,1.2
490,5,022_Green.jpg,True,Green,0.0,95.0,0.0,01-1/022_Green_0.png,,4.0,5.0,"[(5.0, 1.1005466999995406)]",26.0,"[1.4108574999991106, 4.051513500002329]",5.0,272.18914690000383,279.33157650000066,2.0,Green,279.6963928999976,281.4694566999969,"[0.36666666666666664, 0.08833333333333333]","[-0.019166666666666665, -0.2991666666666667]","[0.9852269999973942, 1.7688181999983499]",281.85457920000044,,281.88179890000174,282.92695439999807,,,2.0,2.0,2026-03-31_19h08.08.529,Week2Train,59.95164300469594,2026-03-31 19h08.10.176136 +0200,10.737807499994233,7.142429599996831,1.7730637999993064,1.072375199997623,5.0,1.0,2.0,2.0,2.0,10.0,1,1.0,16.503540633415575,15.277475290246988,0.6127393993819645,0.6485654425758179,2,1.3,1.812940522604569,1.2
491,6,012_Lime-green.jpg,True,Lime-green,61.0,94.0,3.0,02-1/012_Lime-green_0.png,,5.0,5.0,"[(5.0, 1.1156695000026957)]",5.0,[6.071181699997396],6.0,283.3071246999971,297.2472654000012,1.0,Lime-green,297.608309700001,299.41803079999954,"[0.3825, 0.034166666666666665]","[0.020833333333333332, -0.27]","[0.9740696000008029, 1.8063466000021435]",299.8030265999987,,299.81401870000263,300.3409350000002,,,2.0,2.0,2026-03-31_19h08.08.529,Week2Train,59.95164300469594,2026-03-31 19h08.10.176136 +0200,17.033810300003097,13.940140700004122,1.8097210999985691,0.53790840000147,5.0,1.0,2.0,2.0,2.0,10.0,1,1.0,16.503540633415575,15.277475290246988,0.1677894995548058,0.5418492380249795,2,1.3,1.7713212028297423,1.2
492,7,029_Seafoam.jpg,True,Seafoam,0.0,100.0,74.0,02-1/029_Seafoam_0.png,,6.0,5.0,"[(5.0, 1.1996970000036526)]",14.0,"[1.1850607999949716, 2.9769971999994596]",7.0,300.70911630000046,316.6106154000008,2.0,Seafoam,316.9781263999976,319.2331533000033,"[0.37666666666666665, 0.028333333333333332]","[0.0025, -0.30416666666666664]","[1.0544812000007369, 2.251987800002098]",319.6154031999977,,319.63019599999825,320.1562078999996,,,2.0,2.0,2026-03-31_19h08.08.529,Week2Train,59.95164300469594,2026-03-31 19h08.10.176136 +0200,19.447091599999112,15.901499100000365,2.255026900005703,0.5408047000018996,5.0,1.0,2.0,2.0,2.0,10.0,1,1.0,16.503540633415575,15.277475290246988,0.0394071351435632,0.5098505090626169,2,1.3,1.7588416985344206,1.2
493,8,018_Purple.jpg,True,Purple,51.0,2.0,100.0,01-1/018_Purple_0.png,,7.0,5.0,"[(5.0, 1.1655944000012823)]",23.0,"[2.943142199997965, 3.645221799997671]",8.0,320.5190186999971,331.93519540000125,2.0,Purple,332.2940614000036,334.4520470999996,"[0.36833333333333335, 0.04666666666666667]","[-0.0033333333333333335, -0.27416666666666667]","[1.0550963999994565, 2.154111499999999]",334.83662229999754,,334.8635091000033,335.523004900002,,,2.0,2.0,2026-03-31_19h08.08.529,Week2Train,59.95164300469594,2026-03-31 19h08.10.176136 +0200,15.003986200004874,11.416176700004144,2.1579856999960043,0.6863826000044355,5.0,1.0,2.0,2.0,2.0,10.0,1,1.0,16.503540633415575,15.277475290246988,0.33299768690571285,0.5824885809772777,2,1.3,1.7871705465811383,1.2
494,9,028_Pink.jpg,True,Pink,98.0,0.0,50.0,02-1/028_Pink_0.png,,8.0,5.0,"[(5.0, 1.1301106000028085)]",13.0,"[2.4146542999951635, 3.1951545999982045]",9.0,335.88525500000105,348.9360499999966,2.0,Pink,349.29532630000176,351.1167369000032,"[0.3725, -0.0016666666666666668]","[0.008333333333333333, -0.31]","[1.0175405999980285, 1.8184452999994392]",351.4947889000032,,351.51315700000123,351.9361117000008,,,2.0,2.0,2026-03-31_19h08.08.529,Week2Train,59.95164300469594,2026-03-31 19h08.10.176136 +0200,16.05085669999977,13.05079499999556,1.8214106000014567,0.4413227999976357,5.0,1.0,2.0,2.0,2.0,10.0,1,1.0,16.503540633415575,15.277475290246988,0.2260023706681574,0.5562613243043197,2,1.3,1.7769419164786848,1.2
495,10,014_Pink.jpg,True,Pink,100.0,9.0,40.0,02-1/014_Pink_0.png,,9.0,5.0,"[(5.0, 1.3805721999960952)]",8.0,"[2.37858640000195, 3.6521475999979884]",10.0,352.31062589999783,363.0537569000008,2.0,Pink,363.4085170000035,365.6153735999978,"[0.37833333333333335, 0.035]","[0.0033333333333333335, -0.31166666666666665]","[1.2700525999971433, 2.2033710999967298]",365.9868455999968,,366.0119969000007,366.4066754000014,,,2.0,2.0,2026-03-31_19h08.08.529,Week2Train,59.95164300469594,2026-03-31 19h08.10.176136 +0200,14.096049500003573,10.743131000002961,2.206856599994296,0.41982980000460657,5.0,1.0,2.0,2.0,2.0,10.0,1,1.0,16.503540633415575,15.277475290246988,0.37705245951796834,0.593161995765567,2,1.3,1.791333178348571,1.2
496,11,011_Orange.jpg,True,Orange,99.0,48.0,0.0,02-1/011_Orange_0.png,,10.0,5.0,"[(5.0, 1.0644367999993847)]",4.0,[2.1065119999984745],11.0,366.7643379000001,381.34390359999816,1.0,Orange,381.7126805000007,383.9335637999975,"[0.38166666666666665, 0.07083333333333333]","[-0.014166666666666666, -0.285]","[0.9170757000028971, 2.2167943000022206]",384.3206594000003,,384.3450186999981,384.9518857000003,,,2.0,2.0,2026-03-31_19h08.08.529,Week2Train,59.95164300469594,2026-03-31 19h08.10.176136 +0200,18.187547800000175,14.579565699998057,2.2208832999967854,0.6312262999999803,5.0,1.0,2.0,2.0,2.0,10.0,1,1.0,16.503540633415575,15.277475290246988,0.12593539815088217,0.5314423049933046,2,1.3,1.7672624989473886,1.2
497,12,008_Blue.jpg,True,Blue,4.0,9.0,100.0,01-1/008_Blue_0.png,,11.0,5.0,"[(5.0, 2.451705999999831)]",24.0,"[1.602666799997678, 2.7669553000014275]",12.0,385.3172539000007,393.79023810000217,2.0,Blue,394.1570967000007,397.3307729000008,"[0.3625, 0.0033333333333333335]","[-0.020833333333333332, -0.31833333333333336]","[2.306764100001601, 3.1703569000019343]",397.71611510000366,,397.7446157000013,398.153215899998,,,2.0,2.0,2026-03-31_19h08.08.529,Week2Train,59.95164300469594,2026-03-31 19h08.10.176136 +0200,12.835961999997267,8.472984200001463,3.173676200000102,0.43710079999431173,5.0,1.0,2.0,2.0,2.0,10.0,1,1.0,16.503540633415575,15.277475290246988,0.5256468284743849,0.6284672328128114,2,1.3,1.8051022207969964,1.2
498,13,007_Cyan.jpg,True,Cyan,1.0,89.0,99.0,01-1/007_Cyan_0.png,,12.0,5.0,"[(5.0, 1.3643834000031347)]",17.0,"[1.1787283000012394, 4.40558580000652]",13.0,398.5201448000007,425.2622185,2.0,Cyan,425.62402940000175,428.113420499998,"[0.37666666666666665, 0.0675]","[-0.0008333333333333334, -0.28583333333333333]","[1.252588499999547, 2.484805799998867]",428.4974016999986,,428.5262143,429.2014368000018,,,2.0,2.0,2026-03-31_19h08.08.529,Week2Train,59.95164300469594,2026-03-31 19h08.10.176136 +0200,30.681292000001065,26.74207369999931,2.4893910999962827,0.7040351000031819,5.0,1.0,2.0,2.0,2.0,10.0,1,1.0,16.503540633415575,15.277475290246988,-0.6701717968491776,0.3384583736758229,2,1.3,1.6919987657335709,1.2
499,14,018_Lime-green.jpg,True,Lime-green,47.0,100.0,1.0,02-1/018_Lime-green_0.png,,13.0,5.0,"[(5.0, 1.7850275000018883)]",10.0,[3.4554792000053567],14.0,429.5728380000001,444.9764259000003,1.0,Lime-green,445.339169699997,448.2789258999983,"[0.355, 0.0425]","[0.0125, -0.2633333333333333]","[1.656160299993644, 2.935990199999651]",448.6702320999975,,448.69239070000185,449.2182882999987,,,2.0,2.0,2026-03-31_19h08.08.529,Week2Train,59.95164300469594,2026-03-31 19h08.10.176136 +0200,19.645450299998572,15.403587900000218,2.939756200001284,0.548056200001156,5.0,1.0,2.0,2.0,2.0,10.0,1,1.0,16.503540633415575,15.277475290246988,0.07199833169539194,0.5179918114928644,2,1.3,1.7620168064822173,1.2
500,15,011_Cyan.jpg,True,Cyan,0.0,88.0,97.0,01-1/011_Cyan_0.png,,14.0,5.0,"[(5.0, 0.9978300999937346)]",21.0,"[2.4216992000001483, 4.540833400002157]",15.0,449.5892019000021,474.9951065999994,2.0,Cyan,475.3556968999983,477.1459575999979,"[0.37333333333333335, 0.0825]","[0.009166666666666667, -0.2783333333333333]","[0.8874297000002116, 1.7860559000037028]",477.5283273000023,,477.5412683000032,478.1018188000016,,,2.0,2.0,2026-03-31_19h08.08.529,Week2Train,59.95164300469594,2026-03-31 19h08.10.176136 +0200,28.5126168999995,25.405904699997336,1.790260699999635,0.5734914999993066,5.0,1.0,2.0,2.0,2.0,10.0,1,1.0,16.503540633415575,15.277475290246988,-0.5827117306656654,0.3583088634565995,2,1.3,1.6997404567480738,1.2
501,16,018_Seafoam.jpg,True,Seafoam,13.0,100.0,58.0,02-1/018_Seafoam_0.png,,15.0,5.0,"[(5.0, 1.251643999996304)]",11.0,"[2.299022600003809, 3.783238700001675]",16.0,478.4619946000021,497.36048219999793,2.0,Seafoam,497.7181046999976,500.2606882000037,"[0.3675, 0.04666666666666667]","[0.0008333333333333334, -0.28833333333333333]","[1.1724772000015946, 2.5395389000041177]",500.64899980000337,,500.6732269999993,501.28466859999753,,,2.0,2.0,2026-03-31_19h08.08.529,Week2Train,59.95164300469594,2026-03-31 19h08.10.176136 +0200,22.82267399999546,18.89848759999586,2.542583500006117,0.6356687999941641,5.0,1.0,2.0,2.0,2.0,10.0,1,1.0,16.503540633415575,15.277475290246988,-0.15676326887003372,0.46088924465976866,2,1.3,1.7397468054173097,1.2
502,17,022_Seafoam.jpg,True,Seafoam,0.0,99.0,72.0,02-1/022_Seafoam_0.png,,16.0,5.0,"[(5.0, 1.3504822000031709)]",12.0,"[1.5879334000055678, 2.964017000005697]",17.0,501.6653157999972,519.9919571999999,2.0,Seafoam,520.3529735999982,522.7958359999975,"[0.37916666666666665, 0.06416666666666666]","[0.015833333333333335, -0.25083333333333335]","[1.2369378000003053, 2.438711599999806]",523.1594244000007,,523.1728024999975,523.6305632000003,,,2.0,2.0,2026-03-31_19h08.08.529,Week2Train,59.95164300469594,2026-03-31 19h08.10.176136 +0200,21.965247400003136,18.3266414000027,2.442862399999285,0.4711387999996077,5.0,1.0,2.0,2.0,2.0,10.0,1,1.0,16.503540633415575,15.277475290246988,-0.11933259468277306,0.4702022036572421,2,1.3,1.7433788594263242,1.2
503,18,010_Red.jpg,True,Red,99.0,0.0,12.0,01-1/010_Red_0.png,,17.0,5.0,"[(5.0, 1.1636942000041017)]",25.0,"[2.5531625999938115, 3.1540681999977096]",18.0,523.9906037999972,531.2954050999979,2.0,Red,531.6571907000034,533.6092407999968,"[0.37583333333333335, 0.075]","[-0.025, -0.29583333333333334]","[1.0153810999981943, 1.9484392999947886]",533.9963954999985,,534.0224272999985,534.8804636999994,,,2.0,2.0,2026-03-31_19h08.08.529,Week2Train,59.95164300469594,2026-03-31 19h08.10.176136 +0200,10.889859900002193,7.30480130000069,1.9520500999933574,0.884068200000911,5.0,1.0,2.0,2.0,2.0,10.0,1,1.0,16.503540633415575,15.277475290246988,0.6021112231343148,0.646139172140131,2,1.3,1.8119942771346509,1.2
504,19,014_Orange.jpg,True,Orange,100.0,61.0,7.0,02-1/014_Orange_0.png,,18.0,5.0,"[(5.0, 1.0993600000001607)]",7.0,[2.1014914000043063],19.0,535.2473792000019,548.831809299998,1.0,Orange,549.1860374000025,551.343188400002,"[0.3825, 0.045]","[-0.0075, -0.2866666666666667]","[1.019662899998366, 2.154015799998888]",551.7309510999985,,551.7553248999975,552.313559000002,,,2.0,2.0,2026-03-31_19h08.08.529,Week2Train,59.95164300469594,2026-03-31 19h08.10.176136 +0200,17.0661798000001,13.584430099996098,2.1571509999994305,0.5826079000034952,5.0,1.0,2.0,2.0,2.0,10.0,1,1.0,16.503540633415575,15.277475290246988,0.19107283618275678,0.5476234075624236,2,1.3,1.7735731289493453,1.2
505,20,006_Orange.jpg,True,Orange,100.0,45.0,0.0,02-1/006_Orange_0.png,,19.0,5.0,"[(5.0, 0.9468577000006917)]",0.0,"[4.734107300006144, 9.779437800003507]",20.0,552.6827781000029,568.8094488999996,2.0,Orange,569.168809499999,571.3749143000023,"[0.38666666666666666, 0.07]","[-0.015833333333333335, -0.2758333333333333]","[0.835994799999753, 2.2020482000007178]",571.7463350000035,,571.7710716000001,572.5688611000005,,,2.0,2.0,2026-03-31_19h08.08.529,Week2Train,59.95164300469594,2026-03-31 19h08.10.176136 +0200,19.886082999997598,16.126670799996646,2.2061048000032315,0.8225260999970487,5.0,1.0,2.0,2.0,2.0,10.0,1,1.0,16.503540633415575,15.277475290246988,0.024668332054807517,0.5061667702965568,2,1.3,1.7574050404156571,1.2
506,21,030_Seafoam.jpg,True,Seafoam,0.0,99.0,67.0,02-1/030_Seafoam_0.png,,20.0,5.0,"[(5.0, 1.382856600001105)]",15.0,"[2.3789537999982713, 4.395325600002252]",21.0,572.9378422000009,586.2271666000015,2.0,Seafoam,586.590910400002,588.924093499998,"[0.37916666666666665, 0.043333333333333335]","[0.006666666666666667, -0.2708333333333333]","[1.2960614999974496, 2.3292612000004738]",589.3149133999977,,589.3366730999987,589.9969058999995,,,2.0,2.0,2026-03-31_19h08.08.529,Week2Train,59.95164300469594,2026-03-31 19h08.10.176136 +0200,17.05906369999866,13.289324400000623,2.3331830999959493,0.6819925000017975,5.0,1.0,2.0,2.0,2.0,10.0,1,1.0,16.503540633415575,15.277475290246988,0.2103892280858003,0.5524041496614006,2,1.3,1.7754376183679463,1.2
507,22,006_Pink.jpg,True,Pink,100.0,0.0,50.0,02-1/006_Pink_0.png,,21.0,5.0,"[(5.0, 1.0133260000002338)]",1.0,"[2.540844199997082, 3.3208620000004885]",22.0,590.3598558000012,605.9181788999995,2.0,Pink,606.2835085999977,608.1261408999999,"[0.38083333333333336, 0.030833333333333334]","[0.018333333333333333, -0.2808333333333333]","[0.8716604000001098, 1.8380027000021073]",608.5059621000037,,608.5197563000038,609.2472621999987,,,2.0,2.0,2026-03-31_19h08.08.529,Week2Train,59.95164300469594,2026-03-31 19h08.10.176136 +0200,18.887406399997417,15.558323099998233,1.8426323000021512,0.7413000999949872,5.0,1.0,2.0,2.0,2.0,10.0,1,1.0,16.503540633415575,15.277475290246988,0.061870008981180336,0.5154625701314922,2,1.3,1.761030402351282,1.2
508,23,008_Orange.jpg,True,Orange,100.0,53.0,0.0,02-1/008_Orange_0.png,,22.0,5.0,"[(5.0, 1.3460989000013797)]",2.0,[2.294635600002948],23.0,609.6283597000001,625.8036275999984,1.0,Orange,626.1664445999995,628.6406346000003,"[0.3425, 0.04833333333333333]","[-0.013333333333333334, -0.2791666666666667]","[1.2033869000006234, 2.4703773000001092]",629.027368199997,,629.0523415999996,630.0974290000013,,,2.0,2.0,2026-03-31_19h08.08.529,Week2Train,59.95164300469594,2026-03-31 19h08.10.176136 +0200,20.469069300001138,16.17526789999829,2.4741900000008172,1.0700608000042848,5.0,1.0,2.0,2.0,2.0,10.0,1,1.0,16.503540633415575,15.277475290246988,0.021487367983298436,0.5053716353206202,2,1.3,1.7570949377750418,1.2
509,24,010_Yellow.jpg,True,Yellow,100.0,87.0,0.0,01-1/010_Yellow_0.png,,23.0,5.0,"[(5.0, 0.9813609000048018)]",20.0,[2.6924540999971214],24.0,630.4762553999972,650.0756664,1.0,Orange,650.4306482000029,652.5382322000005,"[0.3725, 0.011666666666666667]","[0.004166666666666667, -0.2941666666666667]","[0.8397012999994331, 2.103829899999255]",652.9299692999994,653.0009122999982,655.9363970999984,656.991861399998,,,2.0,2.0,2026-03-31_19h08.08.529,Week2Train,59.95164300469594,2026-03-31 19h08.10.176136 +0200,26.515606000000844,19.599411000002874,2.107583999997587,4.0618920999986585,-5.0,1.0,2.0,2.0,2.0,10.0,0,1.0,16.503540633415575,15.277475290246988,-0.20264279979321428,0.44951195246027126,0,1.3,0.43530966145950584,0.2
510,25,009_Cyan.jpg,True,Cyan,3.0,100.0,95.0,01-1/009_Cyan_0.png,,24.0,5.0,"[(5.0, 1.329862200000207)]",19.0,"[1.884214099998644, 4.858882299995457]",25.0,657.3599023999996,686.3028803999987,2.0,Cyan,686.6668997000015,689.3203455999974,"[0.36083333333333334, 0.04833333333333333]","[0.0016666666666666668, -0.26916666666666667]","[1.1847544000047492, 2.649895500006096]",689.7175461000006,,689.7336142999993,690.3970324999973,,,2.0,2.0,2026-03-31_19h08.08.529,Week2Train,59.95164300469594,2026-03-31 19h08.10.176136 +0200,33.03713009999774,28.94297799999913,2.653445899995859,0.6794863999966765,5.0,1.0,2.0,2.0,2.0,10.0,1,1.0,16.503540633415575,15.277475290246988,-0.8142338397054902,0.3069890246888227,2,1.3,1.6797257196286408,1.2
511,26,006_Purple.jpg,True,Purple,65.0,0.0,100.0,01-1/006_Purple_0.png,,25.0,5.0,"[(5.0, 0.9948756000012509)]",16.0,"[2.2080566000004183, 2.99370369999815]",26.0,690.7693665999977,706.259022899998,2.0,Purple,706.6204587000029,708.3707533999986,"[0.35583333333333333, 0.10333333333333333]","[-0.034166666666666665, -0.275]","[0.8456033999973442, 1.7463146999944001]",708.7508778999982,,708.7655232000034,709.2405201000001,,,2.0,2.0,2026-03-31_19h08.08.529,Week2Train,59.95164300469594,2026-03-31 19h08.10.176136 +0200,18.4711535000024,15.489656300000206,1.7502946999957203,0.4896422000019811,5.0,1.0,2.0,2.0,2.0,10.0,1,1.0,16.503540633415575,15.277475290246988,0.06636465215313582,0.5165850763929261,2,1.3,1.761468179793241,1.2
512,27,010_Pink.jpg,True,Pink,98.0,0.0,52.0,02-1/010_Pink_0.png,,26.0,5.0,"[(5.0, 1.0124869999999646)]",3.0,"[2.7557364999956917, 3.488361399999121]",27.0,709.6041518999991,720.3196634999986,2.0,Pink,720.6797186999975,722.3529834000001,"[0.36666666666666664, 0.025]","[-0.0025, -0.2833333333333333]","[0.8693477999986499, 1.6692418000020552]",722.7421133000025,,722.7654924000017,726.4233355999968,,,2.0,2.0,2026-03-31_19h08.08.529,Week2Train,59.95164300469594,2026-03-31 19h08.10.176136 +0200,16.819183699997666,10.715511599999445,1.673264700002619,3.6812222999942605,5.0,1.0,2.0,2.0,2.0,10.0,1,1.0,16.503540633415575,15.277475290246988,0.3788603105849014,0.5935981943235563,2,1.3,1.791503295786187,1.2
513,28,014_Yellow.jpg,True,Yellow,100.0,98.0,11.0,01-1/014_Yellow_0.png,,27.0,5.0,"[(5.0, 1.196577000002435)]",22.0,[5.541478600003757],28.0,726.7880273999981,739.5657259,1.0,Yellow,739.9299026000008,742.319513399998,"[0.36916666666666664, 0.07666666666666666]","[0.008333333333333333, -0.27416666666666667]","[1.0518502999984776, 2.3863555999996606]",742.6996020000006,,742.714634099997,743.3758891999969,,,2.0,2.0,2026-03-31_19h08.08.529,Week2Train,59.95164300469594,2026-03-31 19h08.10.176136 +0200,16.58786179999879,12.777698500001861,2.389610799997172,0.6762871999962954,5.0,1.0,2.0,2.0,2.0,10.0,1,1.0,16.503540633415575,15.277475290246988,0.24387813186595433,0.560669131436066,2,1.3,1.7786609612600657,1.2
514,1,022_Green.jpg,True,Green,0.0,95.0,0.0,01-1/022_Green_0.png,,0.0,5.0,"[(5.0, 1.2690529999963474)]",26.0,"[3.7129080000158865, 5.335779700020794]",1.0,24.332478600001195,34.26670999999624,2.0,Green,34.62718939999468,36.514895899978,"[0.37333333333333335, 0.059166666666666666]","[-0.005, -0.26416666666666666]","[1.1860062000050675, 1.8848878999997396]",36.89345569998841,,36.92910009998013,37.70482220000122,,,2.0,3.0,2026-04-02_17h17.22.435,Week2Train,60.12422867881847,2026-04-02 17h17.24.160600 +0200,13.372343600000022,9.934231399995042,1.8877064999833237,0.8113665000128094,5.0,1.0,2.0,2.0,2.0,10.0,1,1.0,16.503540633415575,15.277475290246988,0.4299996634662748,0.6058735880706115,2,1.3,1.7962906993475383,1.2
515,2,029_Seafoam.jpg,True,Seafoam,0.0,100.0,74.0,02-1/029_Seafoam_0.png,,1.0,5.0,"[(5.0, 1.3476698999875225)]",14.0,"[2.7669566000113264, 5.535178099991754]",2.0,38.06616499999655,74.76817460000166,2.0,Seafoam,75.1265626999957,78.33409960000427,"[0.36833333333333335, 0.04416666666666667]","[-0.0033333333333333335, -0.2658333333333333]","[1.2379117000091355, 3.203630800009705]",78.71069829998305,,78.72886770000332,79.44975149998209,,,2.0,3.0,2026-04-02_17h17.22.435,Week2Train,60.12422867881847,2026-04-02 17h17.24.160600 +0200,41.38358649998553,36.702009600005105,3.207536900008563,0.7390531999990344,5.0,1.0,2.0,2.0,2.0,10.0,1,1.0,16.503540633415575,15.277475290246988,-1.3221077817408786,0.21046782727365643,2,1.3,1.642082452636726,1.2
516,3,008_Purple.jpg,True,Purple,52.0,0.0,99.0,01-1/008_Purple_0.png,,2.0,5.0,"[(5.0, 1.2614564999821596)]",18.0,"[4.165635699988343, 4.846215199999278]",3.0,79.81823899998562,91.68502229999284,2.0,Pink,92.04762599998504,93.93170439999083,"[0.36666666666666664, 0.034166666666666665]","[-0.0075, -0.2808333333333333]","[1.1492640000069514, 1.8814022000005934]",94.32600309999545,94.39530069998,108.09787529997992,109.90557499998248,,,2.0,3.0,2026-04-02_17h17.22.435,Week2Train,60.12422867881847,2026-04-02 17h17.24.160600 +0200,30.087335999996853,11.866783300007214,1.8840784000057909,15.57957189998703,-5.0,1.0,2.0,2.0,2.0,10.0,0,1.0,16.503540633415575,15.277475290246988,0.3035028527500502,0.5752985941739616,0,1.3,0.48436645172784504,0.2
517,4,030_Seafoam.jpg,True,Seafoam,0.0,99.0,67.0,02-1/030_Seafoam_0.png,,3.0,5.0,"[(5.0, 1.1487656999961473)]",15.0,"[2.797200100001646, 4.101190799992764]",4.0,110.29564359999496,129.42552669998258,2.0,Seafoam,129.78829959998257,131.99523899998167,"[0.3725, 0.035]","[0.008333333333333333, -0.25416666666666665]","[1.0373161000024993, 2.20362699998077]",132.37393159998464,,132.3921616000007,132.9678572999837,,,2.0,3.0,2026-04-02_17h17.22.435,Week2Train,60.12422867881847,2026-04-02 17h17.24.160600 +0200,22.672213699988745,19.129883099987623,2.2069393999991007,0.5939256999990619,5.0,1.0,2.0,2.0,2.0,10.0,1,1.0,16.503540633415575,15.277475290246988,-0.17190945602436566,0.457128166138744,2,1.3,1.7382799847941102,1.2
518,5,012_Lime-green.jpg,True,Lime-green,61.0,94.0,3.0,02-1/012_Lime-green_0.png,,4.0,5.0,"[(5.0, 1.2860622000007425)]",5.0,[2.8582733999937773],5.0,133.3299635000003,151.75647480000043,1.0,Lime-green,152.11789439999848,154.12959579998278,"[0.36333333333333334, -0.0025]","[0.0033333333333333335, -0.2833333333333333]","[1.178240499983076, 2.008988599991426]",154.51124729998992,,154.52457259999937,155.0174374000053,,,2.0,3.0,2026-04-02_17h17.22.435,Week2Train,60.12422867881847,2026-04-02 17h17.24.160600 +0200,21.68747390000499,18.42651130000013,2.011701399984304,0.5061901000153739,5.0,1.0,2.0,2.0,2.0,10.0,1,1.0,16.503540633415575,15.277475290246988,-0.12586966302031347,0.4685740638361949,2,1.3,1.742743884896116,1.2
519,6,008_Orange.jpg,True,Orange,100.0,53.0,0.0,02-1/008_Orange_0.png,,5.0,5.0,"[(5.0, 1.1299520999891683)]",2.0,[2.5314082999830134],6.0,155.375742299977,166.43321049999213,1.0,Orange,166.7928090999776,169.1771308000025,"[0.385, 0.11083333333333334]","[-0.0033333333333333335, -0.2658333333333333]","[1.0176109000167344, 2.3815906000090763]",169.55614659999264,,169.57397070000297,170.58180709998123,,,2.0,3.0,2026-04-02_17h17.22.435,Week2Train,60.12422867881847,2026-04-02 17h17.24.160600 +0200,15.206064800004242,11.057468200015137,2.384321700024884,1.0256604999885894,5.0,1.0,2.0,2.0,2.0,10.0,1,1.0,16.503540633415575,15.277475290246988,0.35647725359943244,0.5881874098093575,2,1.3,1.7893930898256494,1.2
520,7,011_Cyan.jpg,True,Cyan,0.0,88.0,97.0,01-1/011_Cyan_0.png,,6.0,5.0,"[(5.0, 1.1488140000146814)]",21.0,"[2.2280373999965377, 6.251851099979831]",7.0,170.9409338999831,186.11385319998956,2.0,Cyan,186.47188889997776,188.51060349997715,"[0.37333333333333335, 0.03666666666666667]","[-0.021666666666666667, -0.2841666666666667]","[1.0363490999734495, 2.0358556999999564]",188.8864123999956,,188.90694679997975,189.3816232999961,,,2.0,3.0,2026-04-02_17h17.22.435,Week2Train,60.12422867881847,2026-04-02 17h17.24.160600 +0200,18.440689400013014,15.17291930000647,2.0387145999993947,0.49521090000050094,5.0,1.0,2.0,2.0,2.0,10.0,1,1.0,16.503540633415575,15.277475290246988,0.08709693899872074,0.5217604804615983,2,1.3,1.7634865873800234,1.2
521,8,006_Pink.jpg,True,Pink,100.0,0.0,50.0,02-1/006_Pink_0.png,,7.0,5.0,"[(5.0, 1.1828168999927584)]",1.0,"[2.809574800019618, 3.7560983000148553]",8.0,189.7413697000011,205.6731216000044,2.0,Pink,206.03192849998595,208.3103087999916,"[0.38083333333333336, 0.04666666666666667]","[-0.005, -0.27416666666666667]","[1.0432249000004958, 2.275591200013878]",208.6845717999968,,208.7055994999828,209.2648776999849,,,2.0,3.0,2026-04-02_17h17.22.435,Week2Train,60.12422867881847,2026-04-02 17h17.24.160600 +0200,19.52350799998382,15.93175190000332,2.2783803000056366,0.5803058999881046,5.0,1.0,2.0,2.0,2.0,10.0,1,1.0,16.503540633415575,15.277475290246988,0.037426912663853576,0.5093556360973048,2,1.3,1.7586486980779488,1.2
522,9,009_Cyan.jpg,True,Cyan,3.0,100.0,95.0,01-1/009_Cyan_0.png,,8.0,5.0,"[(5.0, 1.0646848999895155)]",19.0,"[1.6770466000016313, 3.418983900017338, 17.345549999998184, 17.87531289999606, 18.574910199997248, 22.584027000004426]",9.0,209.62430890000545,239.50755829998525,2.0,Cyan,239.86909239998204,241.79383660000167,"[0.3883333333333333, 0.03333333333333333]","[0.015833333333333335, -0.2875]","[0.9527400000079069, 1.9216224000265356]",242.16896909999195,,242.18834929997684,242.91131139997745,,,2.0,3.0,2026-04-02_17h17.22.435,Week2Train,60.12422867881847,2026-04-02 17h17.24.160600 +0200,33.287002499972004,29.883249399979803,1.9247442000196315,0.742342299985495,5.0,5.0,2.0,2.0,2.0,10.0,1,1.0,16.503540633415575,15.277475290246988,-0.8757800953607643,0.29405300940208806,2,1.3,1.6746806736668143,1.2
523,10,010_Red.jpg,True,Red,99.0,0.0,12.0,01-1/010_Red_0.png,,9.0,5.0,"[(5.0, 1.3001104000140913)]",25.0,"[1.9008802000025753, 2.9309524999989662]",10.0,243.2729701999924,257.4224267999816,2.0,Red,257.78085250000004,259.7417608999822,"[0.3725, 0.0425]","[-0.020833333333333332, -0.3125]","[1.1586934000079054, 1.958175800013123]",260.1206717999885,,260.1369067999767,260.56347219998133,,,2.0,3.0,2026-04-02_17h17.22.435,Week2Train,60.12422867881847,2026-04-02 17h17.24.160600 +0200,17.290501999988948,14.149456599989236,1.960908399982145,0.4428003999928478,5.0,1.0,2.0,2.0,2.0,10.0,1,1.0,16.503540633415575,15.277475290246988,0.15408855119727582,0.5384460981734097,2,1.3,1.76999397828763,1.2
524,11,018_Lime-green.jpg,True,Lime-green,47.0,100.0,1.0,02-1/018_Lime-green_0.png,,10.0,5.0,"[(5.0, 1.049982299999101)]",10.0,[3.3444781999860425],11.0,260.9232845999941,272.312709299993,1.0,Lime-green,272.6636505999777,274.4734329999774,"[0.4041666666666667, 0.06583333333333333]","[0.011666666666666667, -0.2816666666666667]","[0.9419553000188898, 1.806662499991944]",274.8499180999934,,274.8700601999881,275.4759952999884,,,2.0,3.0,2026-04-02_17h17.22.435,Week2Train,60.12422867881847,2026-04-02 17h17.24.160600 +0200,14.55271069999435,11.389424699998926,1.8097823999996763,0.6260771999950521,5.0,1.0,2.0,2.0,2.0,10.0,1,1.0,16.503540633415575,15.277475290246988,0.33474876157590366,0.5829143730801198,2,1.3,1.7873366055012467,1.2
525,12,018_Purple.jpg,True,Purple,51.0,2.0,100.0,01-1/018_Purple_0.png,,11.0,5.0,"[(5.0, 1.3165526000084355)]",23.0,"[7.745883199997479, 8.482313700020313]",12.0,275.843676199991,294.8874567000021,2.0,Purple,295.2456414999906,297.29009909997694,"[0.3725, 0.075]","[0.005833333333333334, -0.28833333333333333]","[1.176837799983332, 2.041748199990252]",297.6681109999772,,297.6854710000043,298.4605338999827,,,2.0,3.0,2026-04-02_17h17.22.435,Week2Train,60.12422867881847,2026-04-02 17h17.24.160600 +0200,22.61685769999167,19.043780500011053,2.0444575999863446,0.7924229000054765,5.0,1.0,2.0,2.0,2.0,10.0,1,1.0,16.503540633415575,15.277475290246988,-0.1662735378938656,0.4585271212024214,2,1.3,1.7388255772689443,1.2
526,13,006_Yellow.jpg,True,Yellow,100.0,100.0,9.0,01-1/006_Yellow_0.png,,12.0,5.0,"[(5.0, 1.0819482999795582)]",27.0,[2.1585879999911413],13.0,298.82423309999285,307.2189138999965,1.0,Yellow,307.57821409998,309.2878233999945,"[0.37, 0.06166666666666667]","[0.005833333333333334, -0.2841666666666667]","[0.9743843000032939, 1.7069724000175484]",309.66858850000426,,309.6856363999832,311.14386719997856,,,2.0,3.0,2026-04-02_17h17.22.435,Week2Train,60.12422867881847,2026-04-02 17h17.24.160600 +0200,12.319634099985706,8.394680800003641,1.709609300014506,1.4752786999742966,5.0,1.0,2.0,2.0,2.0,10.0,1,1.0,16.503540633415575,15.277475290246988,0.5307722434078203,0.6296632074647672,2,1.3,1.8055686509112592,1.2
527,14,016_Lime-green.jpg,True,Lime-green,56.0,100.0,5.0,02-1/016_Lime-green_0.png,,13.0,5.0,"[(5.0, 1.1140080000041053)]",9.0,[2.2568729000049643],14.0,311.5046844999888,320.91408200000296,1.0,Lime-green,321.27966899998137,322.9902263999975,"[0.3566666666666667, -0.006666666666666667]","[0.0025, -0.27416666666666667]","[0.9741966000001412, 1.7064366999838967]",323.363949999999,,323.3856468999875,323.75927859998774,,,2.0,3.0,2026-04-02_17h17.22.435,Week2Train,60.12422867881847,2026-04-02 17h17.24.160600 +0200,12.25459409999894,9.409397500014165,1.7105574000161141,0.3953285999887157,5.0,1.0,2.0,2.0,2.0,10.0,1,1.0,16.503540633415575,15.277475290246988,0.464353107998823,0.6140463449369127,2,1.3,1.7994780745253958,1.2
528,15,028_Pink.jpg,True,Pink,98.0,0.0,50.0,02-1/028_Pink_0.png,,14.0,5.0,"[(5.0, 1.614521000010427)]",13.0,"[3.2708555000135675, 4.198541599995224]",15.0,324.1225726999983,336.98614429999725,2.0,Pink,337.34493900000234,339.6227001999796,"[0.39166666666666666, 0.07666666666666666]","[-0.010833333333333334, -0.2866666666666667]","[1.475544400018407, 2.2747368999989703]",340.00416539999424,,340.0347313999955,340.7768476000056,,,2.0,3.0,2026-04-02_17h17.22.435,Week2Train,60.12422867881847,2026-04-02 17h17.24.160600 +0200,16.65427490000735,12.863571599998977,2.277761199977249,0.7726822000113884,5.0,1.0,2.0,2.0,2.0,10.0,1,1.0,16.503540633415575,15.277475290246988,0.23825723584971686,0.5592841278482393,2,1.3,1.7781208098608132,1.2
529,16,018_Seafoam.jpg,True,Seafoam,13.0,100.0,58.0,02-1/018_Seafoam_0.png,,15.0,5.0,"[(5.0, 1.6499729999923147)]",11.0,"[1.4436333999910858, 3.9096230999857653]",16.0,341.14331019998644,356.10213289997773,2.0,Seafoam,356.45961659998284,359.5389660999936,"[0.39, 0.0725]","[-0.004166666666666667, -0.305]","[1.5431808999856003, 3.0766406999900937]",359.911425600003,,359.9341585999937,360.5157350999944,,,2.0,3.0,2026-04-02_17h17.22.435,Week2Train,60.12422867881847,2026-04-02 17h17.24.160600 +0200,19.372424900007957,14.958822699991288,3.0793495000107782,0.604309499991416,5.0,1.0,2.0,2.0,2.0,10.0,1,1.0,16.503540633415575,15.277475290246988,0.10111081209932786,0.5252561896871548,2,1.3,1.7648499139779903,1.2
530,17,014_Pink.jpg,True,Pink,100.0,9.0,40.0,02-1/014_Pink_0.png,,16.0,5.0,"[(5.0, 1.1143845999904443)]",8.0,"[2.1045724999858066, 5.20908000000054]",17.0,360.8844802999811,371.3636179000023,2.0,Pink,371.7323034000001,373.6386261000007,"[0.38416666666666666, 0.035833333333333335]","[0.0033333333333333335, -0.30333333333333334]","[1.0023398000048473, 1.9036168000020552]",374.0212166999991,,374.05041969998274,374.6413678999816,,,2.0,3.0,2026-04-02_17h17.22.435,Week2Train,60.12422867881847,2026-04-02 17h17.24.160600 +0200,13.756887600000539,10.479137600021204,1.906322700000601,0.6201511999825016,5.0,1.0,2.0,2.0,2.0,10.0,1,1.0,16.503540633415575,15.277475290246988,0.3943323696448915,0.5973251926014633,2,1.3,1.7929568251145707,1.2
531,18,007_Cyan.jpg,True,Cyan,1.0,89.0,99.0,01-1/007_Cyan_0.png,,17.0,5.0,"[(5.0, 1.1825642000185326)]",17.0,"[1.2712519000051543, 3.02662920000148]",18.0,375.0091514999804,389.6723131999897,2.0,Cyan,390.02720929999487,391.9717721999914,"[0.38916666666666666, 0.08583333333333333]","[-0.006666666666666667, -0.2633333333333333]","[1.0718497000052594, 1.9409520000044722]",392.3526428999903,,392.3825651999796,393.10803179998766,,,2.0,3.0,2026-04-02_17h17.22.435,Week2Train,60.12422867881847,2026-04-02 17h17.24.160600 +0200,18.098880300007238,14.663161700009255,1.9445628999965265,0.7553888999973424,5.0,1.0,2.0,2.0,2.0,10.0,1,1.0,16.503540633415575,15.277475290246988,0.12046355163023585,0.5300795218689621,2,1.3,1.7667310135288952,1.2
532,19,022_Seafoam.jpg,True,Seafoam,0.0,99.0,72.0,02-1/022_Seafoam_0.png,,18.0,5.0,"[(5.0, 0.9843786999990698)]",12.0,"[3.107126499991864, 5.0266413999779616]",19.0,393.47182529998827,416.9208375999879,2.0,Seafoam,417.2744024999847,419.38666580000427,"[0.365, 0.065]","[-0.025, -0.265]","[0.8744928000087384, 2.1092528000008315]",419.7681639999792,,419.78151609998895,420.4076463999809,,,2.0,3.0,2026-04-02_17h17.22.435,Week2Train,60.12422867881847,2026-04-02 17h17.24.160600 +0200,26.93582109999261,23.44901229999965,2.112263300019549,0.6394824000016683,5.0,1.0,2.0,2.0,2.0,10.0,1,1.0,16.503540633415575,15.277475290246988,-0.4546216920421404,0.3882624809103961,2,1.3,1.7114223675550544,1.2
533,20,006_Orange.jpg,True,Orange,100.0,45.0,0.0,02-1/006_Orange_0.png,,19.0,5.0,"[(5.0, 1.7495600999973249)]",0.0,"[2.2748955999850295, 12.007110200007446, 12.559590499993647]",20.0,420.7659584999783,436.1800957999949,3.0,Orange,436.541713499988,439.06943449997925,"[0.3516666666666667, 0.06833333333333333]","[-0.0033333333333333335, -0.26916666666666667]","[1.6088306999881752, 2.525067999988096]",439.4444647000055,,439.463566099992,439.971535699995,,,2.0,3.0,2026-04-02_17h17.22.435,Week2Train,60.12422867881847,2026-04-02 17h17.24.160600 +0200,19.205577200016705,15.414137300016591,2.5277209999912316,0.5270709999895189,5.0,2.0,2.0,2.0,2.0,10.0,1,1.0,16.503540633415575,15.277475290246988,0.07130781184077253,0.5178194029190307,2,1.3,1.761949567138422,1.2
534,21,011_Orange.jpg,True,Orange,99.0,48.0,0.0,02-1/011_Orange_0.png,,20.0,5.0,"[(5.0, 0.9487420000077691)]",4.0,"[1.9702895999944303, 13.989633499993943, 14.649582699988969]",21.0,440.3301494999905,459.32262329998775,3.0,Orange,459.6760020999936,461.8177192999865,"[0.36833333333333335, 0.03666666666666667]","[-0.005833333333333334, -0.27416666666666667]","[0.839455800014548, 2.1390116999973543]",462.1822270999837,,462.19670040000346,462.6879517999769,,,2.0,3.0,2026-04-02_17h17.22.435,Week2Train,60.12422867881847,2026-04-02 17h17.24.160600 +0200,22.35780229998636,18.992473799997242,2.141717199992911,0.5057246999931522,5.0,2.0,2.0,2.0,2.0,10.0,1,1.0,16.503540633415575,15.277475290246988,-0.16291521467363007,0.4593610410566617,2,1.3,1.739150806012098,1.2
535,22,014_Yellow.jpg,True,Yellow,100.0,98.0,11.0,01-1/014_Yellow_0.png,,21.0,5.0,"[(5.0, 1.34760589999496)]",22.0,[2.48737010001787],22.0,463.045312000002,470.7522450999823,1.0,Yellow,471.11458639998455,473.2490776999912,"[0.38166666666666665, 0.035833333333333335]","[-0.01, -0.315]","[1.2313678999780677, 2.1314333000045735]",473.6283835999784,,473.64574429998174,474.2218225999968,,,2.0,3.0,2026-04-02_17h17.22.435,Week2Train,60.12422867881847,2026-04-02 17h17.24.160600 +0200,11.1765105999948,7.70693309998029,2.13449130000663,0.5934390000184067,5.0,1.0,2.0,2.0,2.0,10.0,1,1.0,16.503540633415575,15.277475290246988,0.5757893478021834,0.6400979609149094,2,1.3,1.8096382047568147,1.2
536,23,014_Orange.jpg,True,Orange,100.0,61.0,7.0,02-1/014_Orange_0.png,,22.0,5.0,"[(5.0, 2.017419899988454)]",7.0,[2.2183293999987654],23.0,474.5834847999795,492.6973619999772,1.0,Orange,493.05691319998,495.86778299999423,"[0.3566666666666667, 0.0525]","[-0.034166666666666665, -0.2816666666666667]","[1.9720202000171412, 2.8076631000149064]",496.2418569999864,,496.26174499999615,496.8386602999817,,,2.0,3.0,2026-04-02_17h17.22.435,Week2Train,60.12422867881847,2026-04-02 17h17.24.160600 +0200,22.255175500002224,18.113877199997717,2.8108698000142454,0.5968032999953152,5.0,1.0,2.0,2.0,2.0,10.0,1,1.0,16.503540633415575,15.277475290246988,-0.10540593494595057,0.47367288717162154,2,1.3,1.7447324259969323,1.2
537,24,014_Lime-green.jpg,True,Lime-green,65.0,100.0,4.0,02-1/014_Lime-green_0.png,,23.0,5.0,"[(5.0, 1.1164678999921307)]",6.0,[2.3308744999812916],24.0,497.2026807999937,507.2311100999941,1.0,Lime-green,507.588746399997,509.69889519998105,"[0.37083333333333335, 0.06333333333333334]","[-0.0016666666666666668, -0.2733333333333333]","[1.0095357999962289, 2.107499099976849]",510.0808760999935,,510.0949953999952,510.8386634000053,,,2.0,3.0,2026-04-02_17h17.22.435,Week2Train,60.12422867881847,2026-04-02 17h17.24.160600 +0200,13.63598260001163,10.028429300000425,2.1101487999840742,0.7577873000118416,5.0,1.0,2.0,2.0,2.0,10.0,1,1.0,16.503540633415575,15.277475290246988,0.42383386066078643,0.6044002940963219,2,1.3,1.7957161146975655,1.2
538,25,008_Blue.jpg,True,Blue,4.0,9.0,100.0,01-1/008_Blue_0.png,,24.0,5.0,"[(5.0, 1.4495211000030395)]",24.0,"[1.6302586999954656, 3.717166599992197]",25.0,511.20053790000384,518.1635800999939,2.0,Blue,518.5230758999824,520.7665328999865,"[0.3725, 0.0825]","[-0.009166666666666667, -0.2866666666666667]","[1.340373000013642, 2.240630600019358]",521.1418526999769,,521.1613250999944,521.8511805000016,,,2.0,3.0,2026-04-02_17h17.22.435,Week2Train,60.12422867881847,2026-04-02 17h17.24.160600 +0200,10.65064259999781,6.963042199990014,2.2434570000041276,0.7093278000247665,5.0,1.0,2.0,2.0,2.0,10.0,1,1.0,16.503540633415575,15.277475290246988,0.6244813525907736,0.6512370748977955,2,1.3,1.8139824592101401,1.2
539,26,010_Pink.jpg,True,Pink,98.0,0.0,52.0,02-1/010_Pink_0.png,,25.0,5.0,"[(5.0, 0.851211000001058)]",3.0,"[2.197705600003246, 3.120169600006193]",26.0,522.2212251999881,530.6609315999958,2.0,Pink,531.0233220999944,532.7985703999875,"[0.365, 0.07416666666666667]","[-0.024166666666666666, -0.28]","[0.7370729999965988, 1.7722104999993462]",533.1781725999899,,533.1939057999989,534.0362507999816,,,2.0,3.0,2026-04-02_17h17.22.435,Week2Train,60.12422867881847,2026-04-02 17h17.24.160600 +0200,11.815025599993533,8.439706400007708,1.775248299993109,0.8580781999917235,5.0,1.0,2.0,2.0,2.0,10.0,1,1.0,16.503540633415575,15.277475290246988,0.5278250548738084,0.6289756978494953,2,1.3,1.805300522161303,1.2
540,27,006_Purple.jpg,True,Purple,65.0,0.0,100.0,01-1/006_Purple_0.png,,26.0,5.0,"[(5.0, 1.0165796999935992)]",16.0,"[4.554574499983573, 5.373276500002248]",27.0,534.3963416999904,546.1461440999992,2.0,Purple,546.5037071999977,548.4473576000019,"[0.36583333333333334, 0.056666666666666664]","[0.004166666666666667, -0.29083333333333333]","[0.9065539999864995, 1.9409500999900047]",548.8269862000016,,548.8430328999821,549.4844147999829,,,2.0,3.0,2026-04-02_17h17.22.435,Week2Train,60.12422867881847,2026-04-02 17h17.24.160600 +0200,15.08807309999247,11.749802400008775,1.9436504000041168,0.6574285999813583,5.0,1.0,2.0,2.0,2.0,10.0,1,1.0,16.503540633415575,15.277475290246988,0.3111599359903103,0.5771683630703536,2,1.3,1.7850956615974378,1.2
541,28,010_Yellow.jpg,True,Yellow,100.0,87.0,0.0,01-1/010_Yellow_0.png,,27.0,5.0,"[(5.0, 2.3501003999845125)]",20.0,[1.8502450999803841],28.0,549.8463044999808,564.0059993999894,1.0,Yellow,564.369171600003,567.6140685999999,"[0.3616666666666667, 0.06833333333333333]","[-0.010833333333333334, -0.2658333333333333]","[2.24305639998056, 3.242136399989249]",567.9893857999996,,568.0087745999917,568.618123799999,,,2.0,3.0,2026-04-02_17h17.22.435,Week2Train,60.12422867881847,2026-04-02 17h17.24.160600 +0200,18.77181930001825,14.159694900008617,3.244896999996854,0.62873799999943,5.0,1.0,2.0,2.0,2.0,10.0,1,1.0,16.503540633415575,15.277475290246988,0.1534183946547274,0.5382795453128247,2,1.3,1.7699290226720015,1.2
542,1,029_Cyan.jpg,True,Cyan,2.0,100.0,88.0,01-1/029_Cyan_0.png,,0.0,4.0,"[(4.0, 1.2824180000461638)]",20.0,"[6.699556699953973, 7.702447099960409]",1.0,9.4595933,25.6546382,2.0,Cyan,26.0157665,28.3513495,"[0.155, 0.0]","[-0.018333333333333333, -0.3025]","[1.0341758999275044, 2.330912599922158]",28.7337399,,28.7637263,29.7889642,,,1.0,8.0,2026-04-08_12h21.11.534,Week3Test,59.97134571,2026-04-08 12h21.13.730457 +0200,20.3293709,16.1950449,2.3355829999999997,1.055224299999999,4.0,1.0,3.0,3.0,3.0,10.0,1,0.75,14.312107530000006,9.902081353212091,-0.19015571603935527,0.4526038023628605,2,1.3,1.6715154829215153,1.15
543,2,030_Orange.jpg,False,Orange,100.0,51.0,0.0,02-t/030_Orange_0.png,Seafoam,1.0,5.0,"[(5.0, 1.3305497000692412)]",9.0,"[1.4150815000757575, 2.4316262000938877]",2.0,30.1491588,37.0170356,2.0,Orange,37.3745921,39.7992248,"[0.37333333333333335, 0.10166666666666667]","[-0.005, -0.25583333333333336]","[1.0887866000412032, 2.421921100001782]",40.1764199,,40.1962647,40.8228842,,,1.0,8.0,2026-04-08_12h21.11.534,Week3Test,59.97134571,2026-04-08 12h21.13.730457 +0200,10.673725399999999,6.867876800000001,2.4246326999999965,0.6464642999999981,5.0,1.0,3.0,3.0,3.0,10.0,1,1.0,14.312107530000006,9.902081353212091,0.7517844445486407,0.6795673963261744,2,1.3,1.8250312845672079,1.2
544,3,011_Purple.jpg,False,Purple,67.0,0.0,100.0,02-t/011_Purple_0.png,Orange,2.0,4.0,"[(4.0, 2.2146853000158444)]",2.0,"[2.0064311999594793, 2.775036499951966, 6.846335200010799, 7.213859900017269]",3.0,41.1806329,51.132068,0.0,Purple,51.4993998,54.6355829,"[0.16833333333333333, 0.02]","[0.0016666666666666668, -0.2866666666666667]","[1.9847423000028357, 3.1325815999880433]",55.0175425,,55.0299239,55.5525032,,,1.0,8.0,2026-04-08_12h21.11.534,Week3Test,59.97134571,2026-04-08 12h21.13.730457 +0200,14.371870299999998,9.951435099999998,3.1361831000000038,0.5349606999999992,4.0,3.0,3.0,3.0,3.0,10.0,1,0.75,14.312107530000006,9.902081353212091,0.4403793782794432,0.6083494252825212,2,1.3,1.7322562758601834,1.15
545,4,028_Red.jpg,False,Red,98.0,0.0,1.0,02-t/028_Red_0.png,Pink,3.0,5.0,"[(5.0, 1.5154124000109732)]",7.0,"[3.46306259999983, 4.004218799993396]",4.0,55.9160582,62.6086163,2.0,Red,62.9758633,65.4525628,"[0.3675, 0.07083333333333333]","[-0.0008333333333333334, -0.2808333333333333]","[1.3039799999678507, 2.4723385999677703]",65.828166,,65.8460404,66.5869213,,,1.0,8.0,2026-04-08_12h21.11.534,Week3Test,59.97134571,2026-04-08 12h21.13.730457 +0200,10.670863099999998,6.692558099999999,2.476699499999995,0.7587553000000042,5.0,1.0,3.0,3.0,3.0,10.0,1,1.0,14.312107530000006,9.902081353212091,0.7694896818362672,0.6834104913322785,2,1.3,1.8265300916195886,1.2
546,5,025_Cyan.jpg,True,Cyan,7.0,100.0,99.0,01-t/025_Cyan_0.png,,4.0,5.0,"[(5.0, 1.098935200017877)]",19.0,"[1.7529010999714956, 2.631128199980594]",5.0,66.9478548,73.6696737,2.0,Cyan,74.0250246,76.2996454,"[0.36666666666666664, 0.030833333333333334]","[-0.006666666666666667, -0.2875]","[0.8570282000582665, 2.271526199998334]",76.6767071,,76.6955335,77.3359017,,,1.0,8.0,2026-04-08_12h21.11.534,Week3Test,59.97134571,2026-04-08 12h21.13.730457 +0200,10.388046899999992,6.721818900000002,2.274620800000008,0.6591945999999922,5.0,1.0,3.0,3.0,3.0,10.0,1,1.0,14.312107530000006,9.902081353212091,0.7665346667282049,0.6827707962781775,2,1.3,1.8262806105484892,1.2
547,6,014_Yellow.jpg,True,Yellow,100.0,98.0,11.0,01-1/014_Yellow_0.png,,5.0,5.0,"[(5.0, 1.3131846999749541)]",23.0,"[1.7287745999637991, 2.821934000006877]",6.0,77.6980236,84.7013166,2.0,Yellow,85.0587368,87.5809156,"[0.3775, 0.07583333333333334]","[0.0, -0.2966666666666667]","[1.0722698000026867, 2.519348599947989]",87.9738328,,87.995692,88.7895018,,,1.0,8.0,2026-04-08_12h21.11.534,Week3Test,59.97134571,2026-04-08 12h21.13.730457 +0200,11.091478199999997,7.003292999999999,2.522178799999992,0.8156689999999998,5.0,1.0,3.0,3.0,3.0,10.0,1,1.0,14.312107530000006,9.902081353212091,0.7381089156199604,0.6765821898153674,2,1.3,1.8238670540279933,1.2
548,7,008_Orange.jpg,True,Orange,100.0,53.0,0.0,02-1/008_Orange_0.png,,6.0,5.0,"[(5.0, 1.315547400037758)]",11.0,"[1.6356183000607416, 3.474708899972029]",7.0,89.1493248,96.7429491,2.0,Orange,97.1068462,99.2827162,"[0.3675, 0.09583333333333334]","[-0.018333333333333333, -0.29333333333333333]","[1.104781800066121, 2.1730062999995425]",99.660623,,99.6777617,100.1710409,,,1.0,8.0,2026-04-08_12h21.11.534,Week3Test,59.97134571,2026-04-08 12h21.13.730457 +0200,11.021716099999992,7.593624300000002,2.175869999999989,0.5104178999999931,5.0,1.0,3.0,3.0,3.0,10.0,1,1.0,14.312107530000006,9.902081353212091,0.6784920250953731,0.6634020499706912,2,1.3,1.8187267994885694,1.2
549,8,022_Purple.jpg,False,Purple,63.0,0.0,100.0,02-t/022_Purple_0.png,Seafoam,7.0,5.0,"[(5.0, 1.1806846999097615)]",6.0,"[1.490036700037308, 2.103786600055173]",8.0,100.5274418,105.3625649,2.0,Purple,105.7231505,108.0319628,"[0.37, 0.06833333333333333]","[0.006666666666666667, -0.2758333333333333]","[0.9409360999707133, 2.3058072000276297]",108.4087306,,108.4270018,109.2358492,,,1.0,8.0,2026-04-08_12h21.11.534,Week3Test,59.97134571,2026-04-08 12h21.13.730457 +0200,8.708407399999999,4.83512309999999,2.3088122999999996,0.8271186000000057,5.0,1.0,3.0,3.0,3.0,10.0,1,1.0,14.312107530000006,9.902081353212091,0.9570699423637657,0.7225347754142133,2,1.3,1.8417885624115433,1.2
550,9,010_Pink.jpg,True,Pink,98.0,0.0,52.0,02-1/010_Pink_0.png,,8.0,5.0,"[(5.0, 1.3818461999762803)]",12.0,"[8.292130499961786, 8.98139969992917]",9.0,109.5942821,122.3021444,2.0,Pink,122.6538145,125.1309085,"[0.375, 0.075]","[-0.024166666666666666, -0.285]","[1.1412984000053257, 2.4741497000213712]",125.5071148,,125.5264164,126.4862494,,,1.0,8.0,2026-04-08_12h21.11.534,Week3Test,59.97134571,2026-04-08 12h21.13.730457 +0200,16.891967300000005,12.707862300000002,2.477094000000008,0.979134600000009,5.0,1.0,3.0,3.0,3.0,10.0,1,1.0,14.312107530000006,9.902081353212091,0.16201091192606792,0.5404143684966521,2,1.3,1.7707616037136942,1.2
551,10,018_Purple.jpg,True,Purple,51.0,2.0,100.0,01-1/018_Purple_0.png,,9.0,5.0,"[(5.0, 1.146647399989888)]",25.0,"[4.105553100001998, 4.793643500073813]",10.0,126.8433991,135.0773073,2.0,Purple,135.4394662,137.4464141,"[0.3475, 0.0008333333333333334]","[0.0033333333333333335, -0.27666666666666667]","[0.9388495000312105, 2.0038180000847206]",137.8261222,,137.8425518,138.4686798,,,1.0,8.0,2026-04-08_12h21.11.534,Week3Test,59.97134571,2026-04-08 12h21.13.730457 +0200,11.62528069999999,8.233908200000002,2.0069479,0.6425576000000035,5.0,1.0,3.0,3.0,3.0,10.0,1,1.0,14.312107530000006,9.902081353212091,0.6138304779760595,0.6488140899454995,2,1.3,1.813037495078745,1.2
552,11,012_Orange.jpg,False,Orange,95.0,58.0,2.0,02-t/012_Orange_0.png,Lime-green,10.0,5.0,"[(5.0, 1.281125899986364)]",3.0,"[1.9216779000125825, 5.05735600006301, 5.512723100022413, 5.971133499988355, 8.28717649995815]",11.0,138.8267355,153.6223709,1.0,Orange,153.9877057,156.2978956,"[0.3641666666666667, 0.08583333333333333]","[-0.0075, -0.2866666666666667]","[1.0406787999672815, 2.3072004999266937]",156.6776106,,156.6925336,157.6501869,,,1.0,8.0,2026-04-08_12h21.11.534,Week3Test,59.97134571,2026-04-08 12h21.13.730457 +0200,18.823451399999982,14.79563539999998,2.3101899000000117,0.9725762999999858,5.0,4.0,3.0,3.0,3.0,10.0,1,1.0,14.312107530000006,9.902081353212091,-0.048830932886965765,0.48779469193762715,2,1.3,1.7502399298556746,1.2
553,12,018_Seafoam.jpg,True,Seafoam,13.0,100.0,58.0,02-1/018_Seafoam_0.png,,11.0,4.0,"[(4.0, 1.9326402000151575)]",26.0,"[17.267975000082515, 18.236626400030218]",12.0,158.0133499,185.1303406,2.0,Seafoam,185.4857141,188.4105562,"[0.15166666666666667, 0.021666666666666667]","[-0.03, -0.285]","[1.6929391999728978, 2.92190610000398]",188.7911537,,188.8078854,189.4007392,,,1.0,8.0,2026-04-08_12h21.11.534,Week3Test,59.97134571,2026-04-08 12h21.13.730457 +0200,31.387389299999995,27.116990700000002,2.9248421000000064,0.6095855000000086,4.0,1.0,3.0,3.0,3.0,10.0,1,0.75,14.312107530000006,9.902081353212091,-1.2931506734032516,0.21532000409977875,2,1.3,1.5789748015989138,1.15
554,13,018_Green.jpg,True,Green,0.0,98.0,4.0,01-t/018_Green_0.png,,12.0,5.0,"[(5.0, 1.2481171999825165)]",30.0,"[2.187995499931276, 3.559078299906105]",13.0,189.7572174,197.9443794,2.0,Green,198.3021469,200.4129065,"[0.36833333333333335, 0.06833333333333333]","[0.005833333333333334, -0.27166666666666667]","[1.0072753999847919, 2.1073490000562742]",200.7893735,,200.8068811,201.4983965,,,1.0,8.0,2026-04-08_12h21.11.534,Week3Test,59.97134571,2026-04-08 12h21.13.730457 +0200,11.74117910000001,8.187162,2.1107595999999944,0.709023000000002,5.0,1.0,3.0,3.0,3.0,10.0,1,1.0,14.312107530000006,9.902081353212091,0.6185513238601258,0.6498889981445511,2,1.3,1.8134567092763751,1.2
555,14,008_Purple.jpg,True,Purple,52.0,0.0,99.0,01-1/008_Purple_0.png,,13.0,5.0,"[(5.0, 0.9467050000093877)]",24.0,"[3.3506418000906706, 3.772203700034879]",14.0,201.858522,208.4498825,2.0,Purple,208.8034256,210.6765789,"[0.355, 0.0225]","[-0.016666666666666666, -0.2916666666666667]","[0.7058478998951614, 1.869976899935864]",211.0550777,,211.0736184,211.5997378,,,1.0,8.0,2026-04-08_12h21.11.534,Week3Test,59.97134571,2026-04-08 12h21.13.730457 +0200,9.74121580000002,6.5913605000000075,1.8731533000000127,0.5446601000000157,5.0,1.0,3.0,3.0,3.0,10.0,1,1.0,14.312107530000006,9.902081353212091,0.7797095130404579,0.6856175039710956,2,1.3,1.8273908265487273,1.2
556,15,018_Seafoam.jpg,True,Seafoam,13.0,100.0,58.0,02-1/018_Seafoam_0.png,,14.0,5.0,"[(5.0, 1.5474638999439776)]",17.0,"[1.7065275999484584, 3.574149199994281]",15.0,211.9579796,219.4974689,2.0,Seafoam,219.8511689,222.7612123,"[0.38416666666666666, 0.08083333333333333]","[-0.0275, -0.2758333333333333]","[1.3077215000521392, 2.9069644000846893]",223.1360244,,223.1564925,223.615396,,,1.0,8.0,2026-04-08_12h21.11.534,Week3Test,59.97134571,2026-04-08 12h21.13.730457 +0200,11.657416400000017,7.539489300000014,2.9100434000000064,0.47937160000000745,5.0,1.0,3.0,3.0,3.0,10.0,1,1.0,14.312107530000006,9.902081353212091,0.6839590575372372,0.6646217444372878,2,1.3,1.8192024803305424,1.2
557,16,011_Lime-green.jpg,False,Lime-green,69.0,96.0,0.0,02-t/011_Lime-green_0.png,Cyan,15.0,3.0,"[(4.0, 1.5320952999172732), (3.0, 2.8651378999929875)]",1.0,"[2.0086649999720976, 4.037583400029689, 4.47566320002079, 4.890513299964368, 6.917713499977253]",16.0,223.975667,244.2763902,1.0,Lime-green,244.6328209,248.4584102,"[0.13833333333333334, -0.043333333333333335, -0.0175]","[-0.0016666666666666668, -0.025833333333333333, -0.2758333333333333]","[1.2919490000931546, 2.6228801000397652, 3.8227344000479206]",248.8581198,,248.8733822,264.211534,,,1.0,8.0,2026-04-08_12h21.11.534,Week3Test,59.97134571,2026-04-08 12h21.13.730457 +0200,40.235866999999985,20.30072320000002,3.82558929999999,15.353414199999975,3.0,4.0,3.0,3.0,3.0,10.0,1,0.5,14.312107530000006,9.902081353212091,-0.6047835254410827,0.35325006261306197,2,1.3,1.5677675244190943,1.1
558,17,018_Lime-green.jpg,True,Lime-green,47.0,100.0,1.0,02-1/018_Lime-green_0.png,,16.0,5.0,"[(5.0, 3.150762500008568)]",16.0,"[3.1079322000732645, 7.393931900034659, 7.995470299967565, 8.307274600025266, 10.170557699981146]",17.0,264.5740198,277.3804761,1.0,Lime-green,277.7311281,281.6744391,"[0.4, 0.07]","[-0.03166666666666667, -0.2808333333333333]","[2.940086800022982, 3.940164600033313]",282.0456671,,282.0715965,282.6793309,,,1.0,8.0,2026-04-08_12h21.11.534,Week3Test,59.97134571,2026-04-08 12h21.13.730457 +0200,18.10531110000005,12.806456300000036,3.9433109999999942,0.6336638000000221,5.0,4.0,3.0,3.0,3.0,10.0,1,1.0,14.312107530000006,9.902081353212091,0.15205401534209353,0.5379404320833191,2,1.3,1.7697967685124945,1.2
559,18,027_Cyan.jpg,True,Cyan,13.0,100.0,100.0,01-1/027_Cyan_0.png,,17.0,5.0,"[(5.0, 1.3477230001008138)]",28.0,"[4.559290700010024, 5.154725200030953]",18.0,283.0400463,290.9878846,2.0,Cyan,291.3496764,293.6914247,"[0.335, 0.035]","[-0.043333333333333335, -0.285]","[1.1374957000371069, 2.3380850000539795]",294.0685801,,294.0871587,294.6800116,,,1.0,8.0,2026-04-08_12h21.11.534,Week3Test,59.97134571,2026-04-08 12h21.13.730457 +0200,11.639965300000028,7.947838300000001,2.341748300000006,0.6114314999999806,5.0,1.0,3.0,3.0,3.0,10.0,1,1.0,14.312107530000006,9.902081353212091,0.6427203537300296,0.6553681411343348,2,1.3,1.8155935750423908,1.2
560,19,016_Lime-green.jpg,True,Lime-green,56.0,100.0,5.0,02-1/016_Lime-green_0.png,,18.0,5.0,"[(5.0, 1.382020799908787)]",29.0,"[4.052347399992868, 4.839764700038359, 6.901811799965799, 7.36983430001419, 7.820074700051919]",19.0,295.0377489,305.4925047,1.0,Lime-green,305.8489959,307.9930541,"[0.3591666666666667, 0.021666666666666667]","[-0.01, -0.3125]","[1.1706764999544248, 2.1403477999847382]",308.3688706,,308.3863981,308.9937525,,,1.0,8.0,2026-04-08_12h21.11.534,Week3Test,59.97134571,2026-04-08 12h21.13.730457 +0200,13.956003600000031,10.454755799999987,2.1440582000000177,0.6248819000000481,5.0,4.0,3.0,3.0,3.0,10.0,1,1.0,14.312107530000006,9.902081353212091,0.38954958986968435,0.5961742675269514,2,1.3,1.792507964335511,1.2
561,20,022_Cyan.jpg,True,Cyan,0.0,96.0,90.0,01-t/022_Cyan_0.png,,19.0,5.0,"[(5.0, 3.6146781999850646)]",18.0,"[9.333648100029677, 15.070283100008965, 16.84221879998222, 17.146574400016107, 17.56612720002886, 18.298830299987458]",20.0,309.3544799,331.3064963,2.0,Cyan,331.6636312,336.4910507,"[0.36916666666666664, 0.07166666666666667]","[-0.004166666666666667, -0.27]","[3.405757899978198, 4.8241005999734625]",336.8646173,,336.8850338,337.860607,,,1.0,8.0,2026-04-08_12h21.11.534,Week3Test,59.97134571,2026-04-08 12h21.13.730457 +0200,28.506127100000015,21.95201639999999,4.827419500000019,0.9959896999999955,5.0,5.0,3.0,3.0,3.0,10.0,1,1.0,14.312107530000006,9.902081353212091,-0.7715457586623149,0.3161448225196195,2,1.3,1.6832964807826516,1.2
562,21,016_Seafoam.jpg,False,Seafoam,5.0,100.0,66.0,02-t/016_Seafoam_0.png,Lime-green,20.0,5.0,"[(5.0, 1.4488107999786735)]",4.0,"[5.423029199941084, 6.056152099976316]",21.0,338.2196043,355.3273674,2.0,Seafoam,355.6789491,357.8547442,"[0.37, 0.06166666666666667]","[-0.005, -0.2608333333333333]","[1.2092148000374436, 2.1730105000315234]",358.2339969,,358.2512347,358.76047,,,1.0,8.0,2026-04-08_12h21.11.534,Week3Test,59.97134571,2026-04-08 12h21.13.730457 +0200,20.540865699999983,17.1077631,2.175795100000016,0.5264730999999756,5.0,1.0,3.0,3.0,3.0,10.0,1,1.0,14.312107530000006,9.902081353212091,-0.28233009508583,0.42988261502191255,2,1.3,1.7276542198585458,1.2
563,22,022_Seafoam.jpg,True,Seafoam,0.0,99.0,72.0,02-1/022_Seafoam_0.png,,21.0,3.0,"[(3.0, 2.2826487000565976)]",27.0,"[1.5053945999825373, 2.4353687999537215, 6.505618599941954, 6.974830699968152, 7.416682400042191, 9.367397199966945]",22.0,359.1190239,395.3835695,2.0,Seafoam,395.7461894,399.3198794,"[-0.04083333333333333, 0.02666666666666667]","[-0.025, -0.29833333333333334]","[2.0706401999341324, 3.5703405999811366]",399.6830509,,399.7001753,400.4236385,,,1.0,8.0,2026-04-08_12h21.11.534,Week3Test,59.97134571,2026-04-08 12h21.13.730457 +0200,41.30461459999998,36.26454560000002,3.573689999999999,0.7405875999999694,3.0,5.0,3.0,3.0,3.0,10.0,1,0.5,14.312107530000006,9.902081353212091,-2.216951900004231,0.09823849797362665,2,1.3,1.4683130142097147,1.1
564,23,014_Pink.jpg,True,Pink,100.0,9.0,40.0,02-1/014_Pink_0.png,,22.0,5.0,"[(5.0, 1.1152980000479147)]",15.0,"[5.4102044000755996, 6.040003600064665]",23.0,400.7833424,410.2423438,2.0,Pink,410.5952607,412.5349102,"[0.37333333333333335, 0.08166666666666667]","[-0.005, -0.2966666666666667]","[0.9042462999932468, 1.936412899987772]",412.9167408,,412.9325139,413.7917815,,,1.0,8.0,2026-04-08_12h21.11.534,Week3Test,59.97134571,2026-04-08 12h21.13.730457 +0200,13.008439100000032,9.459001400000034,1.93964950000003,0.8750406999999996,5.0,1.0,3.0,3.0,3.0,10.0,1,1.0,14.312107530000006,9.902081353212091,0.49010970086866584,0.6201322747238128,2,1.3,1.8018515871422869,1.2
565,24,006_Pink.jpg,True,Pink,100.0,0.0,50.0,02-1/006_Pink_0.png,,23.0,5.0,"[(5.0, 1.0161416000919417)]",10.0,"[1.8810891999164596, 2.619232299970463]",24.0,414.1506379,419.6755224,2.0,Pink,420.0272084,421.870996,"[0.3408333333333333, 0.050833333333333335]","[0.008333333333333333, -0.3125]","[0.8056215000106022, 1.840484100044705]",422.2326168,,422.2490047,422.8093888,,,1.0,8.0,2026-04-08_12h21.11.534,Week3Test,59.97134571,2026-04-08 12h21.13.730457 +0200,8.65875090000003,5.524884499999985,1.8437875999999846,0.5767720000000054,5.0,1.0,3.0,3.0,3.0,10.0,1,1.0,14.312107530000006,9.902081353212091,0.8874117184615509,0.708355753471929,2,1.3,1.8362587438540523,1.2
566,25,014_Lime-green.jpg,True,Lime-green,65.0,100.0,4.0,02-1/014_Lime-green_0.png,,24.0,5.0,"[(5.0, 1.1148834000341594)]",13.0,"[2.1704939999617636, 2.6213981999317184, 3.1826732999179512, 3.654393899952993, 4.328533099964261, 9.937585799954832, 10.236018699943088, 10.393145099980757, 10.92869739991147]",25.0,423.1643676,437.73084,1.0,Lime-green,438.0927131,439.9349366,"[0.3458333333333333, 0.06166666666666667]","[-0.024166666666666666, -0.2791666666666667]","[0.9057431999826804, 1.8390954999485984]",440.3172842,,440.3315674,440.8070178,,,1.0,8.0,2026-04-08_12h21.11.534,Week3Test,59.97134571,2026-04-08 12h21.13.730457 +0200,17.64265019999999,14.56647240000001,1.8422234999999887,0.48973359999996546,5.0,8.0,3.0,3.0,3.0,10.0,1,1.0,14.312107530000006,9.902081353212091,-0.025688020621794944,0.4935783479643182,2,1.3,1.752495555706084,1.2
567,1,010_Yellow.jpg,True,Yellow,100.0,87.0,0.0,01-1/010_Yellow_0.png,,0.0,3.0,"[(3.0, 2.481298999977298)]",20.0,"[20.16828770004213, 21.756659100065008]",1.0,17.05078270006925,96.9861835000338,2.0,Yellow,97.348742900067,100.98153410002124,"[-0.051666666666666666, 0.04]","[-0.005833333333333334, -0.285]","[2.230860999901779, 3.6292955999961123]",101.36167910008226,,101.39459809998516,102.41898940003011,,,1.0,5.0,2026-04-07_11h24.36.662,Week2Train,39.93460309809422,2026-04-07 11h24.40.132006 +0200,85.36820669996087,79.93540079996455,3.632791199954241,1.0573102999478579,3.0,1.0,2.0,2.0,2.0,10.0,1,0.5,16.503540633415575,15.277475290246988,-4.151985780467493,0.01548944522131721,2,1.3,1.4360408836363139,1.1
568,2,006_Yellow.jpg,True,Yellow,100.0,100.0,9.0,01-1/006_Yellow_0.png,,1.0,5.0,"[(5.0, 1.547617799951695)]",27.0,"[3.0535550999920815, 4.273385300068185, 4.868202700046822, 5.337293300079182]",2.0,102.78029340005014,111.83388950000516,0.0,Yellow,112.19008720002604,114.76535420003349,"[0.36916666666666664, 0.059166666666666666]","[-0.02666666666666667, -0.3025]","[1.3373381999554113, 2.571821799967438]",115.12917660002132,,115.14420400001109,115.93724510003813,,,1.0,5.0,2026-04-07_11h24.36.662,Week2Train,39.93460309809422,2026-04-07 11h24.40.132006 +0200,13.156951699987985,9.053596099955016,2.575267000007443,0.8080685000168017,5.0,3.0,2.0,2.0,2.0,10.0,1,1.0,16.503540633415575,15.277475290246988,0.48764238802052207,0.6195508821550242,2,1.3,1.8016248440404594,1.2
569,3,006_Orange.jpg,True,Orange,100.0,45.0,0.0,02-1/006_Orange_0.png,,2.0,5.0,"[(5.0, 1.3820074999239296)]",0.0,"[2.0305144999874756, 3.232077099964954]",3.0,116.29559410002548,125.81850960000884,2.0,Orange,126.17237650009338,128.58256720006466,"[0.385, -0.0625]","[-0.0325, -0.305]","[1.1718604000052437, 2.407251700060442]",128.96039120003115,,128.9770166000817,129.53461820003577,,,1.0,5.0,2026-04-07_11h24.36.662,Week2Train,39.93460309809422,2026-04-07 11h24.40.132006 +0200,13.239024100010283,9.522915499983355,2.410190699971281,0.5742270000046119,5.0,1.0,2.0,2.0,2.0,10.0,1,1.0,16.503540633415575,15.277475290246988,0.45692269179375417,0.6122838996971396,2,1.3,1.7987907208818845,1.2
570,4,008_Orange.jpg,True,Orange,100.0,53.0,0.0,02-1/008_Orange_0.png,,3.0,5.0,"[(5.0, 1.8478442000923678)]",2.0,"[1.3207384999841452, 2.386795499944128]",4.0,129.8962704000296,134.9431859999895,2.0,Yellow,135.3044125000015,138.14923470001668,"[0.3591666666666667, 0.07333333333333333]","[-0.0125, -0.2841666666666667]","[1.6090687999967486, 2.841752800042741]",138.5090562000405,138.57646700006444,161.5627991000656,163.55079200002365,,,1.0,5.0,2026-04-07_11h24.36.662,Week2Train,39.93460309809422,2026-04-07 11h24.40.132006 +0200,33.65452159999404,5.0469155999599025,2.8448222000151873,25.041735799983144,-5.0,1.0,2.0,2.0,2.0,10.0,0,1.0,16.503540633415575,15.277475290246988,0.7499030314759851,0.6791575698523588,0,1.3,0.5248714522424199,0.2
571,5,016_Lime-green.jpg,True,Lime-green,56.0,100.0,5.0,02-1/016_Lime-green_0.png,,4.0,5.0,"[(5.0, 1.6325131000485271)]",9.0,"[6.304621499963105, 8.124725800007582]",5.0,163.90805950004142,177.0509740000125,2.0,Lime-green,177.4040899000829,180.16216509998776,"[0.4008333333333333, -0.015833333333333335]","[-0.0075, -0.27416666666666667]","[1.410157599952072, 2.7550126999849454]",180.53030470001977,,180.54209200001787,181.25038950005543,,,1.0,5.0,2026-04-07_11h24.36.662,Week2Train,39.93460309809422,2026-04-07 11h24.40.132006 +0200,17.342330000014016,13.142914499971084,2.7580751999048516,0.7200848000356643,5.0,1.0,2.0,2.0,2.0,10.0,1,1.0,16.503540633415575,15.277475290246988,0.21997261128544496,0.5547724701055117,2,1.3,1.7763612633411496,1.2
572,6,022_Green.jpg,True,Green,0.0,95.0,0.0,01-1/022_Green_0.png,,5.0,5.0,"[(5.0, 1.2134966000448912)]",26.0,"[1.470788500038907, 2.385650899959728]",6.0,181.6095986000728,187.0266750000883,2.0,Green,187.388825800037,189.3956637000665,"[0.37083333333333335, 0.04583333333333333]","[-0.008333333333333333, -0.27416666666666667]","[0.9702474999940023, 2.0031650000019]",189.7745345000876,,189.79122590005863,190.73355310002808,,,1.0,5.0,2026-04-07_11h24.36.662,Week2Train,39.93460309809422,2026-04-07 11h24.40.132006 +0200,9.123954499955289,5.417076400015503,2.0068379000294954,0.9590185999404639,5.0,1.0,2.0,2.0,2.0,10.0,1,1.0,16.503540633415575,15.277475290246988,0.7256738448451346,0.6738552106237993,2,1.3,1.8228035321432818,1.2
573,7,014_Orange.jpg,True,Orange,100.0,61.0,7.0,02-1/014_Orange_0.png,,6.0,5.0,"[(5.0, 1.7153423000127077)]",7.0,"[2.1594070999417454, 3.2170514999888837]",7.0,191.09467670007143,200.33568960009143,2.0,Orange,200.68727500003297,203.86325520009268,"[0.35833333333333334, 0.07333333333333333]","[-0.015, -0.285]","[1.4730470000067726, 3.1727422999683768]",204.2465203000465,,204.2575674999971,204.84409350005444,,,1.0,5.0,2026-04-07_11h24.36.662,Week2Train,39.93460309809422,2026-04-07 11h24.40.132006 +0200,13.74941679998301,9.241012900019996,3.175980200059712,0.597573200007929,5.0,1.0,2.0,2.0,2.0,10.0,1,1.0,16.503540633415575,15.277475290246988,0.4753748636747536,0.6166551230127599,2,1.3,1.8004954979749763,1.2
574,8,030_Seafoam.jpg,True,Seafoam,0.0,99.0,67.0,02-1/030_Seafoam_0.png,,7.0,5.0,"[(5.0, 1.6478085999842733)]",15.0,"[1.088445800007321, 1.701988899963908]",8.0,205.21149730007164,221.58935050002765,2.0,Seafoam,221.95333110005595,224.4271911000833,"[0.36, 0.06166666666666667]","[-0.020833333333333332, -0.2808333333333333]","[1.404127800022252, 2.4704118999652565]",224.809719700017,,224.823666100041,225.46559060004077,,,1.0,5.0,2026-04-07_11h24.36.662,Week2Train,39.93460309809422,2026-04-07 11h24.40.132006 +0200,20.254093299969128,16.377853199956007,2.4738600000273436,0.655870900023757,5.0,1.0,2.0,2.0,2.0,10.0,1,1.0,16.503540633415575,15.277475290246988,0.008226976713868796,0.5020567325779693,2,1.3,1.755802125705408,1.2
575,9,007_Cyan.jpg,True,Cyan,1.0,89.0,99.0,01-1/007_Cyan_0.png,,8.0,4.0,"[(4.0, 1.2464667999884114)]",17.0,"[1.076267599943094, 2.4353292000014335, 4.515721400035545, 4.830963599961251, 5.093411999987438]",9.0,225.8245362000307,235.85537180001847,1.0,Cyan,236.21957459999248,238.2927157999948,"[0.14333333333333334, 0.015]","[-0.034166666666666665, -0.2725]","[1.0060008000582457, 2.070085300016217]",238.6716835000552,,238.68941490002908,239.2498683000449,,,1.0,5.0,2026-04-07_11h24.36.662,Week2Train,39.93460309809422,2026-04-07 11h24.40.132006 +0200,13.425332100014202,10.030835599987768,2.0731412000023113,0.5781847999897138,4.0,4.0,2.0,2.0,2.0,10.0,1,0.75,16.503540633415575,15.277475290246988,0.4236763542703897,0.6043626336080457,2,1.3,1.7307014271071377,1.15
576,10,006_Purple.jpg,True,Purple,65.0,0.0,100.0,01-1/006_Purple_0.png,,9.0,5.0,"[(5.0, 1.4476211000001058)]",16.0,"[4.351454299991019, 4.966347400099039]",10.0,239.61067359999288,247.79407310008537,2.0,Purple,248.1505970000289,250.39254030003207,"[0.36666666666666664, 0.04833333333333333]","[0.0008333333333333334, -0.3]","[1.2059023999609053, 2.2387595999753103]",250.7724246000871,,250.78898429998665,251.39795440004676,,,1.0,5.0,2026-04-07_11h24.36.662,Week2Train,39.93460309809422,2026-04-07 11h24.40.132006 +0200,11.787280800053878,8.183399500092492,2.2419433000031574,0.6255297999596507,5.0,1.0,2.0,2.0,2.0,10.0,1,1.0,16.503540633415575,15.277475290246988,0.544601838671249,0.6328822718563616,2,1.3,1.806824086023981,1.2
577,11,011_Cyan.jpg,True,Cyan,0.0,88.0,97.0,01-1/011_Cyan_0.png,,10.0,4.0,"[(4.0, 1.6140990999992937)]",21.0,"[1.3930194000713527, 2.959182000020519]",11.0,251.75904860009905,260.7401769000571,2.0,Cyan,261.10038100008387,263.5090796999866,"[0.17, 0.06833333333333333]","[-0.015833333333333335, -0.30916666666666665]","[1.374464699998498, 2.405559099977836]",263.886250999989,,263.9059175000293,264.4983147000894,,,1.0,5.0,2026-04-07_11h24.36.662,Week2Train,39.93460309809422,2026-04-07 11h24.40.132006 +0200,12.739266099990346,8.981128299958073,2.408698699902743,0.612063700100407,4.0,1.0,2.0,2.0,2.0,10.0,1,0.75,16.503540633415575,15.277475290246988,0.4923858288456698,0.6206683113741908,2,1.3,1.7370606414359342,1.15
578,12,014_Yellow.jpg,True,Yellow,100.0,98.0,11.0,01-1/014_Yellow_0.png,,11.0,5.0,"[(5.0, 1.1152758999960497)]",22.0,"[1.111272000009194, 2.121816600090824, 3.565704100066796, 4.01748820010107, 4.426397300092503]",12.0,264.85724789998494,274.8545591000002,1.0,Yellow,275.2164309000364,277.15992020000704,"[0.3308333333333333, 0.0075]","[-0.014166666666666666, -0.28583333333333333]","[0.8743420999962837, 1.9403671000618488]",277.54022299998906,,277.5548109000083,278.2147752000019,,,1.0,5.0,2026-04-07_11h24.36.662,Week2Train,39.93460309809422,2026-04-07 11h24.40.132006 +0200,13.357527300016955,9.997311200015247,1.9434892999706221,0.6745522000128403,5.0,4.0,2.0,2.0,2.0,10.0,1,1.0,16.503540633415575,15.277475290246988,0.4258707220789191,0.6048872051304579,2,1.3,1.7959060100008786,1.2
579,13,010_Red.jpg,True,Red,99.0,0.0,12.0,01-1/010_Red_0.png,,12.0,3.0,"[(3.0, 1.6495512999827042)]",25.0,"[3.4913415999617428, 4.0406546999001876]",13.0,278.5736895999871,292.8453569000121,2.0,Red,293.19826110010035,296.1102268000832,"[-0.05416666666666667, 0.0225]","[-0.004166666666666667, -0.2866666666666667]","[1.4094102999661118, 2.9083552999654785]",296.4872397000436,,296.5038272000384,297.52848199999426,,,1.0,5.0,2026-04-07_11h24.36.662,Week2Train,39.93460309809422,2026-04-07 11h24.40.132006 +0200,18.954792400007136,14.271667300025001,2.9119656999828294,1.0412422999506816,3.0,1.0,2.0,2.0,2.0,10.0,1,0.5,16.503540633415575,15.277475290246988,0.14608914699507863,0.5364574700719756,2,1.3,1.6392184133280705,1.1
580,14,028_Pink.jpg,True,Pink,98.0,0.0,50.0,02-1/028_Pink_0.png,,13.0,4.0,"[(4.0, 2.1139069999335334)]",13.0,"[2.1996296000434086, 2.793102000025101]",14.0,297.8901375000132,304.3163291000528,2.0,Pink,304.6828736000461,308.22352600004524,"[0.175, 0.02666666666666667]","[-0.005, -0.2916666666666667]","[1.8738107000244781, 3.5375669000204653]",308.6059885000577,,308.62022330006585,309.3460486000404,,,1.0,5.0,2026-04-07_11h24.36.662,Week2Train,39.93460309809422,2026-04-07 11h24.40.132006 +0200,11.455911100027151,6.426191600039601,3.5406523999991464,0.7400600999826565,4.0,1.0,2.0,2.0,2.0,10.0,1,0.75,16.503540633415575,15.277475290246988,0.659621360331001,0.6591753271736059,2,1.3,1.7520783775977065,1.15
581,15,018_Lime-green.jpg,True,Lime-green,47.0,100.0,1.0,02-1/018_Lime-green_0.png,,14.0,5.0,"[(5.0, 1.347781499964185)]",10.0,"[1.7177585000172257, 2.388571400078945]",15.0,309.7058913999936,322.97526080009993,2.0,Lime-green,323.33260700001847,325.77313800004777,"[0.35083333333333333, 0.04833333333333333]","[-0.029166666666666667, -0.27666666666666667]","[1.1061145000858232, 2.4370716999983415]",326.1506649000803,,326.16944540000986,326.7609237000579,,,1.0,5.0,2026-04-07_11h24.36.662,Week2Train,39.93460309809422,2026-04-07 11h24.40.132006 +0200,17.055032300064283,13.269369400106314,2.4405310000292957,0.6102587999776006,5.0,1.0,2.0,2.0,2.0,10.0,1,1.0,16.503540633415575,15.277475290246988,0.2116953993945537,0.552727083337266,2,1.3,1.7755635625015338,1.2
582,16,029_Seafoam.jpg,True,Seafoam,0.0,100.0,74.0,02-1/029_Seafoam_0.png,,15.0,3.0,"[(3.0, 2.348682599957101)]",14.0,"[1.243951299926266, 2.077153699938208]",16.0,327.1208553999895,355.1536495999899,2.0,Seafoam,355.5129125000676,358.8570248000324,"[-0.049166666666666664, 0.015833333333333335]","[-0.02666666666666667, -0.27416666666666667]","[2.106105599901639, 3.340946799959056]",359.2357175000943,,359.2516742000589,360.0108253000071,,,1.0,5.0,2026-04-07_11h24.36.662,Week2Train,39.93460309809422,2026-04-07 11h24.40.132006 +0200,32.889969900017604,28.032794200000353,3.3441122999647632,0.7751077999128029,3.0,1.0,2.0,2.0,2.0,10.0,1,0.5,16.503540633415575,15.277475290246988,-0.7546569932235437,0.3198074131699304,2,1.3,1.554724891136273,1.1
583,17,018_Purple.jpg,True,Purple,51.0,2.0,100.0,01-1/018_Purple_0.png,,16.0,5.0,"[(5.0, 1.315056600025855)]",23.0,"[2.766180800041184, 3.4361178000690416]",17.0,360.3726668000454,367.2396359000122,2.0,Purple,367.59786850004457,369.93862170004286,"[0.3625, 0.049166666666666664]","[-0.0008333333333333334, -0.2625]","[1.0730951000005007, 2.3368375999853015]",370.3165112000424,,370.3349543000804,371.16116980009247,,,1.0,5.0,2026-04-07_11h24.36.662,Week2Train,39.93460309809422,2026-04-07 11h24.40.132006 +0200,10.788503000047058,6.866969099966809,2.3407531999982893,0.8446586000500815,5.0,1.0,2.0,2.0,2.0,10.0,1,1.0,16.503540633415575,15.277475290246988,0.6307698981912719,0.6526640137689284,2,1.3,1.814538965369882,1.2
584,18,010_Pink.jpg,True,Pink,98.0,0.0,52.0,02-1/010_Pink_0.png,,17.0,5.0,"[(5.0, 1.4296771000372246)]",3.0,"[3.4737946001114324, 4.008463300066069]",18.0,371.5209276000969,380.57329990004655,2.0,Pink,380.93350100005046,383.15426550002303,"[0.38, 0.01]","[-0.011666666666666667, -0.30833333333333335]","[1.2178841999266297, 2.2173839999595657]",383.53285680001136,,383.5510324999923,384.1776363000972,,,1.0,5.0,2026-04-07_11h24.36.662,Week2Train,39.93460309809422,2026-04-07 11h24.40.132006 +0200,12.656708700000308,9.052372299949639,2.2207644999725744,0.6447795000858605,5.0,1.0,2.0,2.0,2.0,10.0,1,1.0,16.503540633415575,15.277475290246988,0.4877224928796121,0.6195697632972059,2,1.3,1.8016322076859104,1.2
585,19,009_Cyan.jpg,True,Cyan,3.0,100.0,95.0,01-1/009_Cyan_0.png,,18.0,5.0,"[(5.0, 1.314606000087224)]",19.0,"[1.4510635000187904, 2.1432188000762835]",19.0,384.536638300051,390.5704530000221,2.0,Cyan,390.9286400000565,393.50535890006,"[0.365, 0.011666666666666667]","[-0.018333333333333333, -0.2708333333333333]","[1.1071591000072658, 2.5738957000430673]",393.8835681000492,,393.9004391999915,394.5931827999884,,,1.0,5.0,2026-04-07_11h24.36.662,Week2Train,39.93460309809422,2026-04-07 11h24.40.132006 +0200,10.056544499937445,6.033814699971117,2.5767189000035273,0.709614699939209,5.0,1.0,2.0,2.0,2.0,10.0,1,1.0,16.503540633415575,15.277475290246988,0.6853047204814164,0.6649216258020406,2,1.3,1.8193194340627958,1.2
586,20,012_Lime-green.jpg,True,Lime-green,61.0,94.0,3.0,02-1/012_Lime-green_0.png,,19.0,4.0,"[(4.0, 1.2493529999628663)]",5.0,"[1.8206401999341324, 3.341114299953915, 12.789731099968776, 13.256147700012662]",20.0,394.9529493000591,412.8629357999889,0.0,Lime-green,413.2276365000289,416.0733134000329,"[0.15916666666666668, 0.0475]","[-0.028333333333333332, -0.285]","[1.0390331000089645, 2.842207800014876]",416.4460613999981,,416.4661623000866,417.0898064000066,,,1.0,5.0,2026-04-07_11h24.36.662,Week2Train,39.93460309809422,2026-04-07 11h24.40.132006 +0200,22.136857099947463,17.9099864999298,2.84567690000398,0.6437450000084937,4.0,3.0,2.0,2.0,2.0,10.0,1,0.75,16.503540633415575,15.277475290246988,-0.09206009761390932,0.4770012163116319,2,1.3,1.6810304743615365,1.15
587,21,006_Pink.jpg,True,Pink,100.0,0.0,50.0,02-1/006_Pink_0.png,,20.0,5.0,"[(5.0, 1.5167218999704346)]",1.0,"[1.3532973999390379, 2.0819155999924988]",21.0,417.4499506000429,423.0055693000322,2.0,Pink,423.3586213000817,425.93638660002034,"[0.3625, 0.041666666666666664]","[0.011666666666666667, -0.2833333333333333]","[1.2764239999232814, 2.574353199917823]",426.3144536000909,,426.3334411000833,426.9733474000823,,,1.0,5.0,2026-04-07_11h24.36.662,Week2Train,39.93460309809422,2026-04-07 11h24.40.132006 +0200,9.523396800039393,5.555618699989338,2.577765299938619,0.6588937999913469,5.0,1.0,2.0,2.0,2.0,10.0,1,1.0,16.503540633415575,15.277475290246988,0.7166054420271456,0.6718590747396582,2,1.3,1.8220250391484667,1.2
588,22,014_Lime-green.jpg,True,Lime-green,65.0,100.0,4.0,02-1/014_Lime-green_0.png,,21.0,5.0,"[(5.0, 1.7497033000690863)]",6.0,"[5.512084999936633, 6.1234291000291705, 9.514043499948457, 9.900506100035273, 10.313928100047633]",22.0,427.3323141000001,442.69449480006006,1.0,Lime-green,443.0599681000458,445.63485090003815,"[0.3566666666666667, -0.0016666666666666668]","[-0.019166666666666665, -0.2991666666666667]","[1.5076630000257865, 2.5717400999274105]",446.0162343000993,,446.03185300005134,446.7707185000181,,,1.0,5.0,2026-04-07_11h24.36.662,Week2Train,39.93460309809422,2026-04-07 11h24.40.132006 +0200,19.438404400018044,15.36218070005998,2.574882799992338,0.7544841999188066,5.0,4.0,2.0,2.0,2.0,10.0,1,1.0,16.503540633415575,15.277475290246988,0.07470867480860725,0.5186684865071857,2,1.3,1.7622807097378024,1.2
589,23,008_Blue.jpg,True,Blue,4.0,9.0,100.0,01-1/008_Blue_0.png,,22.0,5.0,"[(5.0, 1.3496304999571294)]",24.0,"[3.320216199965216, 4.542079099919647]",23.0,447.14866760000587,455.4004754000344,2.0,Blue,455.7579064000165,458.0034876000136,"[0.37666666666666665, 0.05583333333333333]","[-0.005, -0.27416666666666667]","[1.140848800074309, 2.2425586000317708]",458.3808089999948,,458.39802960003726,459.0388246000512,,,1.0,5.0,2026-04-07_11h24.36.662,Week2Train,39.93460309809422,2026-04-07 11h24.40.132006 +0200,11.890157000045349,8.25180780002853,2.2455811999971047,0.6580156000563875,5.0,1.0,2.0,2.0,2.0,10.0,1,1.0,16.503540633415575,15.277475290246988,0.54012411583836,0.6318412897710025,2,1.3,1.806418103010691,1.2
590,24,018_Seafoam.jpg,True,Seafoam,13.0,100.0,58.0,02-1/018_Seafoam_0.png,,23.0,5.0,"[(5.0, 1.4847249999875203)]",11.0,"[1.2887247999897227, 1.955215899972245, 10.13337459997274, 10.562522199936211, 10.959214000031352]",24.0,459.3988282000646,474.167626200011,1.0,Seafoam,474.5237479000352,477.56932090001646,"[0.3525, 0.04833333333333333]","[-0.025833333333333333, -0.2733333333333333]","[1.244627199950628, 3.0425428999587893]",477.9463780000806,,477.96429720008746,478.5213727999944,,,1.0,5.0,2026-04-07_11h24.36.662,Week2Train,39.93460309809422,2026-04-07 11h24.40.132006 +0200,19.122544599929824,14.7687979999464,3.045572999981289,0.5749947999138385,5.0,4.0,2.0,2.0,2.0,10.0,1,1.0,16.503540633415575,15.277475290246988,0.11354903873263797,0.5283567983038002,2,1.3,1.766059151338482,1.2
591,25,008_Purple.jpg,True,Purple,52.0,0.0,99.0,01-1/008_Purple_0.png,,24.0,5.0,"[(5.0, 2.4828642000211403)]",18.0,"[2.669614200014621, 3.227482800022699]",25.0,478.8798597999848,486.140729600098,2.0,Purple,486.489370000083,489.7683687000536,"[0.36666666666666664, 0.35083333333333333, -0.005833333333333334]","[-0.056666666666666664, -0.013333333333333334, -0.2733333333333333]","[1.1375001000706106, 2.2022759000537917, 3.235505499993451]",490.14359710004646,,490.1636147000827,490.8025620999979,,,1.0,5.0,2026-04-07_11h24.36.662,Week2Train,39.93460309809422,2026-04-07 11h24.40.132006 +0200,11.9227023000131,7.260869800113198,3.2789986999706002,0.6589649999514222,5.0,1.0,2.0,2.0,2.0,10.0,1,1.0,16.503540633415575,15.277475290246988,0.6049867964245912,0.646796376196151,2,1.3,1.8122505867164989,1.2
592,26,014_Pink.jpg,True,Pink,100.0,9.0,40.0,02-1/014_Pink_0.png,,25.0,5.0,"[(5.0, 2.382267600041814)]",8.0,"[1.5001421999186277, 2.1120251999236643]",26.0,491.16325410001446,497.2280942000216,2.0,Pink,497.5918410000159,500.9685572000453,"[0.38666666666666666, 0.059166666666666666]","[0.0025, -0.2758333333333333]","[2.171858699992299, 3.3730335999280214]",501.3404895000858,,501.3632780000335,501.9044012000086,,,1.0,5.0,2026-04-07_11h24.36.662,Week2Train,39.93460309809422,2026-04-07 11h24.40.132006 +0200,10.741147099994123,6.064840100007132,3.3767162000294206,0.5639116999227554,5.0,1.0,2.0,2.0,2.0,10.0,1,1.0,16.503540633415575,15.277475290246988,0.6832739268164565,0.6644690117976604,2,1.3,1.8191429146010878,1.2
593,27,022_Seafoam.jpg,True,Seafoam,0.0,99.0,72.0,02-1/022_Seafoam_0.png,,26.0,3.0,"[(3.0, 1.3840262000449002)]",12.0,"[1.4328839000081643, 3.537486799992621, 5.635373699944466, 5.807265099952929, 6.101258800015785, 6.407348699984141]",27.0,502.26584610005375,521.7598789000185,2.0,Seafoam,522.1213480000151,524.5657385000959,"[-0.03, 0.03333333333333333]","[-0.024166666666666666, -0.26916666666666667]","[1.1444371999241412, 2.441410299972631]",524.9417624000926,,524.963256200077,525.8199930000119,,,1.0,5.0,2026-04-07_11h24.36.662,Week2Train,39.93460309809422,2026-04-07 11h24.40.132006 +0200,23.55414689995814,19.49403279996477,2.4443905000807717,0.878230599919334,3.0,5.0,2.0,2.0,2.0,10.0,1,0.5,16.503540633415575,15.277475290246988,-0.1957451810416804,0.451219362653269,2,1.3,1.6059755514347749,1.1
594,28,011_Orange.jpg,True,Orange,99.0,48.0,0.0,02-1/011_Orange_0.png,,27.0,5.0,"[(5.0, 1.7507551000453532)]",4.0,"[2.016957600018941, 3.3142573999939486, 3.74101800005883, 4.029026700067334, 4.4255568000953645]",28.0,526.1785029000603,535.683559200028,1.0,Orange,536.0392515000422,538.6148527000332,"[0.3975, 0.0075]","[-0.02, -0.2658333333333333]","[1.5398247999837622, 2.572555199963972]",538.9894025000976,,539.0116112000542,539.6021775000263,,,1.0,5.0,2026-04-07_11h24.36.662,Week2Train,39.93460309809422,2026-04-07 11h24.40.132006 +0200,13.423674599966034,9.505056299967691,2.5756011999910697,0.6127749999286607,5.0,4.0,2.0,2.0,2.0,10.0,1,1.0,16.503540633415575,15.277475290246988,0.4580916807579887,0.6125613722540058,2,1.3,1.7988989351790623,1.2
595,1,014_Lime-green.jpg,True,Lime-green,65.0,100.0,4.0,02-1/014_Lime-green_0.png,,0.0,4.0,"[(4.0, 1.6328195999376476)]",6.0,"[4.8346031999681145, 5.913153000059538]",1.0,3.538956400007009,19.00313319999259,2.0,Lime-green,19.37693379994016,21.9626781999832,"[0.19666666666666666, -0.03166666666666667]","[0.005, -0.2775]","[1.3829468000913039, 2.5820273000281304]",22.344471699907444,,22.37580189993605,22.89967049995903,,,1.0,6.0,2026-04-07_11h36.37.290,Week2Train,59.91353282850322,2026-04-07 11h36.39.583338 +0200,19.36071409995202,15.46417679998558,2.585744400043037,0.5551988000515848,4.0,1.0,2.0,2.0,2.0,10.0,1,0.75,16.503540633415575,15.277475290246988,0.06803243426572689,0.5170015515566283,2,1.3,1.696630605107085,1.15
596,2,008_Purple.jpg,True,Purple,52.0,0.0,99.0,01-1/008_Purple_0.png,,1.0,5.0,"[(5.0, 2.1295268000103533)]",18.0,"[1.6516949998913333, 2.3410264999838546]",2.0,23.26020389993209,28.901363599929027,2.0,Purple,29.25946199998725,32.411917299963534,"[0.38333333333333336, 0.33916666666666667, -0.020833333333333332]","[-0.0475, 0.005, -0.2808333333333333]","[0.8490225999848917, 1.885367300012149, 3.148664199979976]",32.78854609990958,,32.808667499921285,33.374437899910845,,,1.0,6.0,2026-04-07_11h36.37.290,Week2Train,59.91353282850322,2026-04-07 11h36.39.583338 +0200,10.114233999978754,5.641159699996937,3.1524552999762854,0.5858918000012636,5.0,1.0,2.0,2.0,2.0,10.0,1,1.0,16.503540633415575,15.277475290246988,0.7110062838951597,0.6706234736253835,2,1.3,1.8215431547138998,1.2
597,3,006_Yellow.jpg,True,Yellow,100.0,100.0,9.0,01-1/006_Yellow_0.png,,2.0,5.0,"[(5.0, 1.1169375000754371)]",27.0,"[1.415180900017731, 2.3210866000736132]",3.0,33.74587069998961,39.88129359995946,2.0,Yellow,40.233892799937166,42.31306189997122,"[0.38916666666666666, 0.051666666666666666]","[-0.010833333333333334, -0.2675]","[0.8776239999569952, 2.0762370999436826]",42.68535449996125,,42.70842069992796,43.36551459995098,,,1.0,6.0,2026-04-07_11h36.37.290,Week2Train,59.91353282850322,2026-04-07 11h36.39.583338 +0200,9.619643899961368,6.1354228999698535,2.0791691000340506,0.6801600999897275,5.0,1.0,2.0,2.0,2.0,10.0,1,1.0,16.503540633415575,15.277475290246988,0.6786538702546383,0.6634381890017357,2,1.3,1.8187408937106768,1.2
598,4,018_Lime-green.jpg,True,Lime-green,47.0,100.0,1.0,02-1/018_Lime-green_0.png,,3.0,5.0,"[(5.0, 1.2842921999981627)]",10.0,"[2.9370023999363184, 3.6270265999482945]",4.0,43.72532119997777,52.17588609992527,2.0,Lime-green,52.53276719991118,55.04401569999754,"[0.3625, 0.03833333333333333]","[-0.010833333333333334, -0.2791666666666667]","[1.0436884999508038, 2.508376599987969]",55.4189624999417,,55.4408972999081,56.11450129991863,,,1.0,6.0,2026-04-07_11h36.37.290,Week2Train,59.91353282850322,2026-04-07 11h36.39.583338 +0200,12.389180099940859,8.450564899947501,2.51124850008636,0.69553879997693,5.0,1.0,2.0,2.0,2.0,10.0,1,1.0,16.503540633415575,15.277475290246988,0.5271143026236165,0.6288098177599719,2,1.3,1.8052358289263892,1.2
599,5,018_Seafoam.jpg,True,Seafoam,13.0,100.0,58.0,02-1/018_Seafoam_0.png,,4.0,4.0,"[(4.0, 1.316691100015305)]",11.0,"[2.1656454999465495, 2.841548900003545, 6.892010799958371, 7.439859599922784, 7.703527899924666]",5.0,56.47187759994995,70.79434639995452,1.0,Seafoam,71.15099539991934,73.19750619994011,"[0.16666666666666666, 0.09333333333333334]","[0.004166666666666667, -0.2816666666666667]","[1.106621399987489, 2.0427711999509484]",73.5743749999674,,73.59057259990368,74.14759159996174,,,1.0,6.0,2026-04-07_11h36.37.290,Week2Train,59.91353282850322,2026-04-07 11h36.39.583338 +0200,17.675714000011794,14.322468800004572,2.0465108000207692,0.573216599994339,4.0,4.0,2.0,2.0,2.0,10.0,1,0.75,16.503540633415575,15.277475290246988,0.14276389206817316,0.535630476598565,2,1.3,1.7038958858734403,1.15
600,6,014_Pink.jpg,True,Pink,100.0,9.0,40.0,02-1/014_Pink_0.png,,5.0,5.0,"[(5.0, 1.2157702000113204)]",8.0,"[1.4237578000174835, 2.173358100000769]",6.0,74.50674440001603,79.18362939998042,2.0,Pink,79.53307389991824,81.57630839990452,"[0.3475, 0.0375]","[-0.019166666666666665, -0.30916666666666665]","[0.9761681000236422, 2.040178700000979]",81.95115539990366,,81.97290880000219,82.51187199994456,,,1.0,6.0,2026-04-07_11h36.37.290,Week2Train,59.91353282850322,2026-04-07 11h36.39.583338 +0200,8.005127599928528,4.676884999964386,2.0432344999862835,0.5607166000409052,5.0,1.0,2.0,2.0,2.0,10.0,1,1.0,16.503540633415575,15.277475290246988,0.774123695752349,0.6844122561056036,2,1.3,1.8269207798811853,1.2
601,7,010_Red.jpg,True,Red,99.0,0.0,12.0,01-1/010_Red_0.png,,6.0,5.0,"[(5.0, 1.0836376999504864)]",25.0,"[1.3950742000015453, 2.077354000066407]",7.0,82.87215439998545,87.71202510001604,2.0,Red,88.06528139999136,90.11191350000443,"[0.37333333333333335, 0.06833333333333333]","[-0.020833333333333332, -0.2525]","[0.8442540001124144, 2.0438619001070037]",90.48349859996232,,90.5057184000034,91.42926000000443,,,1.0,6.0,2026-04-07_11h36.37.290,Week2Train,59.91353282850322,2026-04-07 11h36.39.583338 +0200,8.557105600018986,4.839870700030588,2.0466321000130705,0.945761400042116,5.0,1.0,2.0,2.0,2.0,10.0,1,1.0,16.503540633415575,15.277475290246988,0.7634553296139825,0.6821034526986054,2,1.3,1.826020346552456,1.2
602,8,007_Cyan.jpg,True,Cyan,1.0,89.0,99.0,01-1/007_Cyan_0.png,,7.0,5.0,"[(5.0, 1.7488436000421643)]",17.0,"[1.6610422999365255, 3.1201411000220105]",8.0,91.78932849992998,98.01495779992548,2.0,Cyan,98.36719649995212,100.94272839999758,"[0.38083333333333336, 0.018333333333333333]","[-0.018333333333333333, -0.2875]","[1.5074036000296474, 2.572339199949056]",101.31906189990696,,101.33937549998518,102.09653149999212,,,1.0,6.0,2026-04-07_11h36.37.290,Week2Train,59.91353282850322,2026-04-07 11h36.39.583338 +0200,10.307203000062145,6.225629299995504,2.575531900045462,0.7774696000851691,5.0,1.0,2.0,2.0,2.0,10.0,1,1.0,16.503540633415575,15.277475290246988,0.6727493344388784,0.662118507560592,2,1.3,1.8182262179486308,1.2
603,9,010_Pink.jpg,True,Pink,98.0,0.0,52.0,02-1/010_Pink_0.png,,8.0,5.0,"[(5.0, 1.1827794999117032)]",3.0,"[5.631029399926774, 7.275903099915013, 7.80052369995974, 8.229711499996483]",9.0,102.45518179994542,113.83007779996842,0.0,Pink,114.18292529997416,116.09373459999917,"[0.355, 0.03]","[-0.0125, -0.25]","[0.9417402999242768, 1.9077187000075355]",116.46749019995332,,116.48852359992452,116.9456852999283,,,1.0,6.0,2026-04-07_11h36.37.290,Week2Train,59.91353282850322,2026-04-07 11h36.39.583338 +0200,14.490503499982879,11.374896000023,1.910809300025008,0.47819509997498244,5.0,3.0,2.0,2.0,2.0,10.0,1,1.0,16.503540633415575,15.277475290246988,0.3356997498576652,0.5831455640557571,2,1.3,1.7874267699817454,1.2
604,10,010_Yellow.jpg,True,Yellow,100.0,87.0,0.0,01-1/010_Yellow_0.png,,9.0,4.0,"[(4.0, 1.1505997999338433)]",20.0,"[2.00880369998049, 3.284106699982658]",10.0,117.30513290001544,124.19499799993356,2.0,Yellow,124.5499747999711,126.59149089991116,"[0.15916666666666668, -0.03833333333333333]","[0.0375, -0.31833333333333336]","[0.9390026000328362, 2.038497200002894]",126.96970849996433,,126.98842189996503,127.57847680000124,,,1.0,6.0,2026-04-07_11h36.37.290,Week2Train,59.91353282850322,2026-04-07 11h36.39.583338 +0200,10.273343899985804,6.889865099918126,2.0415160999400683,0.608768300036914,4.0,1.0,2.0,2.0,2.0,10.0,1,0.75,16.503540633415575,15.277475290246988,0.629271221249151,0.6523241954646647,2,1.3,1.7494064362312196,1.15
605,11,012_Lime-green.jpg,True,Lime-green,61.0,94.0,3.0,02-1/012_Lime-green_0.png,,10.0,5.0,"[(5.0, 1.5150978999445215)]",5.0,"[2.0943417999660596, 3.3259415000211447]",11.0,127.9387674999889,138.34895429993048,2.0,Lime-green,138.69970579992514,141.10724629997276,"[0.38333333333333336, 0.06]","[0.0033333333333333335, -0.2575]","[1.2740016999887303, 2.404543700045906]",141.48284029995557,,141.5038998000091,142.07783670001663,,,1.0,6.0,2026-04-07_11h36.37.290,Week2Train,59.91353282850322,2026-04-07 11h36.39.583338 +0200,14.139069200027734,10.410186799941584,2.4075405000476167,0.5949964000610635,5.0,1.0,2.0,2.0,2.0,10.0,1,1.0,16.503540633415575,15.277475290246988,0.39884560228115284,0.5984102720850659,2,1.3,1.7933800061131757,1.2
606,12,022_Seafoam.jpg,True,Seafoam,0.0,99.0,72.0,02-1/022_Seafoam_0.png,,11.0,3.0,"[(3.0, 1.567180800018832)]",12.0,"[1.1523210000013933, 2.0699640000239015]",12.0,142.43888619996142,154.16900579992216,2.0,Seafoam,154.5351735999575,157.19043019996025,"[-0.0125, -0.015]","[-0.03833333333333333, -0.26]","[1.3207645999500528, 2.65206130000297]",157.57116970000789,,157.58715249993838,158.244449299993,,,1.0,6.0,2026-04-07_11h36.37.290,Week2Train,59.91353282850322,2026-04-07 11h36.39.583338 +0200,15.805563100031577,11.730119599960744,2.655256600002758,0.6732795999851078,3.0,1.0,2.0,2.0,2.0,10.0,1,0.5,16.503540633415575,15.277475290246988,0.31244829022908926,0.5774827482371919,2,1.3,1.655218271812505,1.1
607,13,008_Orange.jpg,True,Orange,100.0,53.0,0.0,02-1/008_Orange_0.png,,12.0,5.0,"[(5.0, 1.517291700001806)]",2.0,"[1.2033830999862403, 3.2286467000376433]",13.0,158.61870330001693,167.81494319997728,2.0,Orange,168.17908079992048,170.89340519998223,"[0.36583333333333334, 0.0475]","[0.0175, -0.2825]","[1.3077579999808222, 2.7107571000233293]",171.26578439993318,,171.28631829994265,171.92735829995945,,,1.0,6.0,2026-04-07_11h36.37.290,Week2Train,59.91353282850322,2026-04-07 11h36.39.583338 +0200,13.308654999942519,9.196239899960347,2.7143244000617415,0.6615739000262693,5.0,1.0,2.0,2.0,2.0,10.0,1,1.0,16.503540633415575,15.277475290246988,0.4783055180668594,0.6173476677816065,2,1.3,1.8007655904348265,1.2
608,14,011_Cyan.jpg,True,Cyan,0.0,88.0,97.0,01-1/011_Cyan_0.png,,13.0,5.0,"[(5.0, 1.4155010000104085)]",21.0,"[1.2633600999834016, 3.0233081999467686]",14.0,172.2868653999176,179.65942879999056,2.0,Cyan,180.01277699996717,182.29144489998,"[0.365, 0.03166666666666667]","[-0.019166666666666665, -0.305]","[1.1763793000718579, 2.2757507000351325]",182.6667961999774,,182.6857730000047,183.20807930000592,,,1.0,6.0,2026-04-07_11h36.37.290,Week2Train,59.91353282850322,2026-04-07 11h36.39.583338 +0200,10.921213900088333,7.372563400072977,2.2786679000128345,0.5412831000285223,5.0,1.0,2.0,2.0,2.0,10.0,1,1.0,16.503540633415575,15.277475290246988,0.5976757978572375,0.6451243855697457,2,1.3,1.8115985103722008,1.2
609,15,018_Purple.jpg,True,Purple,51.0,2.0,100.0,01-1/018_Purple_0.png,,14.0,5.0,"[(5.0, 1.1494046000298113)]",23.0,"[3.568740400020033, 4.537767600035295]",15.0,183.5689735999331,190.93636299995703,2.0,Purple,191.29708910000045,193.20662999991328,"[0.36833333333333335, 0.0675]","[-0.025833333333333333, -0.2525]","[0.9058641999727115, 1.9060716999229044]",193.5856204999145,,193.6030908999965,194.62597039993847,,,1.0,6.0,2026-04-07_11h36.37.290,Week2Train,59.91353282850322,2026-04-07 11h36.39.583338 +0200,11.056996800005379,7.367389400023939,1.9095408999128267,1.0403499000239549,5.0,1.0,2.0,2.0,2.0,10.0,1,1.0,16.503540633415575,15.277475290246988,0.5980144663839895,0.6452019161627335,2,1.3,1.811628747303466,1.2
610,16,014_Yellow.jpg,True,Yellow,100.0,98.0,11.0,01-1/014_Yellow_0.png,,15.0,5.0,"[(5.0, 9.848872900009155)]",22.0,"[2.097129500005394, 5.724371899967082]",16.0,194.98727569996845,212.4266893999884,2.0,Yellow,212.77994659997057,223.42298899998423,"[0.35333333333333333, 0.015833333333333335]","[-0.045, -0.2816666666666667]","[9.63885129999835, 10.639990199939348]",223.79981039999984,,223.81827289995272,224.4085875999881,,,1.0,6.0,2026-04-07_11h36.37.290,Week2Train,59.91353282850322,2026-04-07 11h36.39.583338 +0200,29.421311900019646,17.43941370001994,10.643042400013655,0.6087771999882534,5.0,1.0,2.0,2.0,2.0,10.0,1,1.0,16.503540633415575,15.277475290246988,-0.061258359043252324,0.4846901975530136,2,1.3,1.7490291770456752,1.2
611,17,008_Blue.jpg,True,Blue,4.0,9.0,100.0,01-1/008_Blue_0.png,,16.0,5.0,"[(5.0, 1.9510504000354558)]",24.0,"[16.35466529999394, 17.172609100001864, 18.232347500044852, 21.23911930003669, 31.56887469999492, 32.50817439996172]",17.0,224.76911180000752,261.0867636000039,2.0,Blue,261.4419078999199,264.15476920001674,"[0.36333333333333334, 0.03666666666666667]","[-0.02, -0.26]","[1.7416879000375047, 2.70996390003711]",264.534865399939,,264.5499942000024,265.07453789992724,,,1.0,6.0,2026-04-07_11h36.37.290,Week2Train,59.91353282850322,2026-04-07 11h36.39.583338 +0200,40.305426099919714,36.31765179999638,2.712861300096847,0.5396724999882281,5.0,5.0,2.0,2.0,2.0,10.0,1,1.0,16.503540633415575,15.277475290246988,-1.2969493185323606,0.2146788893466718,2,1.3,1.643724766845202,1.2
612,18,011_Orange.jpg,True,Orange,99.0,48.0,0.0,02-1/011_Orange_0.png,,17.0,5.0,"[(5.0, 1.0164071000181139)]",4.0,"[1.379032799974084, 5.4998060000361875]",18.0,265.4367831000127,275.50290510000195,2.0,Orange,275.8609125999501,277.8360075999517,"[0.3725, 0.03916666666666667]","[0.008333333333333333, -0.275]","[0.774427599972114, 1.972068699891679]",278.21244829997886,,278.23269669990987,278.85648389998823,,,1.0,6.0,2026-04-07_11h36.37.290,Week2Train,59.91353282850322,2026-04-07 11h36.39.583338 +0200,13.419700799975544,10.066121999989264,1.9750950000016019,0.6440356000093743,5.0,1.0,2.0,2.0,2.0,10.0,1,1.0,16.503540633415575,15.277475290246988,0.4213666532673697,0.6038102316937545,2,1.3,1.7954859903605644,1.2
613,19,006_Purple.jpg,True,Purple,65.0,0.0,100.0,01-1/006_Purple_0.png,,18.0,5.0,"[(5.0, 1.0161230000667274)]",16.0,"[1.7705370999174193, 2.690165999927558]",19.0,279.21729039994534,285.52360939991195,2.0,Purple,285.87611830001697,287.85353520000353,"[0.3591666666666667, 0.07333333333333333]","[0.009166666666666667, -0.2783333333333333]","[0.7756017000647262, 1.973406600067392]",288.2329286999302,,288.24948859994765,288.8892275999533,,,1.0,6.0,2026-04-07_11h36.37.290,Week2Train,59.91353282850322,2026-04-07 11h36.39.583338 +0200,9.67193720000796,6.3063189999666065,1.9774168999865651,0.6562989000231028,5.0,1.0,2.0,2.0,2.0,10.0,1,1.0,16.503540633415575,15.277475290246988,0.6674677222327952,0.660935908160939,2,1.3,1.8177650041827664,1.2
614,20,014_Orange.jpg,True,Orange,100.0,61.0,7.0,02-1/014_Orange_0.png,,19.0,5.0,"[(5.0, 1.1157706999219954)]",7.0,"[2.0657542999833822, 3.738798200036399]",20.0,289.2502741999924,296.32787539996207,2.0,Orange,296.6929075999651,298.6352688999614,"[0.3525, 0.04833333333333333]","[-0.004166666666666667, -0.2825]","[0.8761997999390587, 1.939326399937272]",299.0159977999283,,299.0328243999975,299.6561922999099,,,1.0,6.0,2026-04-07_11h36.37.290,Week2Train,59.91353282850322,2026-04-07 11h36.39.583338 +0200,10.405918099917471,7.077601199969649,1.9423612999962643,0.6401944999815896,5.0,1.0,2.0,2.0,2.0,10.0,1,1.0,16.503540633415575,15.277475290246988,0.6169827968540958,0.6495320221835593,2,1.3,1.8133174886515881,1.2
615,21,006_Orange.jpg,True,Orange,100.0,45.0,0.0,02-1/006_Orange_0.png,,20.0,5.0,"[(5.0, 1.2163741999538615)]",0.0,"[1.606407199986279, 3.5556351999985054]",21.0,300.01670169993304,305.8423425999936,2.0,Orange,306.1918768999167,308.2347884000046,"[0.3641666666666667, 0.05333333333333334]","[-0.005833333333333334, -0.265]","[0.9755079000024125, 2.0397235000273213]",308.59644779993687,,308.6151137999259,309.1393599999137,,,1.0,6.0,2026-04-07_11h36.37.290,Week2Train,59.91353282850322,2026-04-07 11h36.39.583338 +0200,9.122658299980685,5.8256409000605345,2.042911500087939,0.542912199976854,5.0,1.0,2.0,2.0,2.0,10.0,1,1.0,16.503540633415575,15.277475290246988,0.6989309117175743,0.667950698928281,2,1.3,1.8205007725820295,1.2
616,22,016_Lime-green.jpg,True,Lime-green,56.0,100.0,5.0,02-1/016_Lime-green_0.png,,21.0,5.0,"[(5.0, 1.5168218999169767)]",9.0,"[2.101067200070247, 7.911511400016025]",22.0,309.493407699978,319.5272989999503,2.0,Lime-green,319.89056639990304,322.1372125999769,"[0.3775, 0.056666666666666664]","[-0.03166666666666667, -0.26]","[1.3078895000508055, 2.2430916000157595]",322.515278799925,,322.5312833999051,323.2224748999579,,,1.0,6.0,2026-04-07_11h36.37.290,Week2Train,59.91353282850322,2026-04-07 11h36.39.583338 +0200,13.729067199979909,10.03389129997231,2.246646200073883,0.7071961000328884,5.0,1.0,2.0,2.0,2.0,10.0,1,1.0,16.503540633415575,15.277475290246988,0.4234763408567536,0.604314807714436,2,1.3,1.79568277500863,1.2
617,23,028_Pink.jpg,True,Pink,98.0,0.0,50.0,02-1/028_Pink_0.png,,22.0,5.0,"[(5.0, 1.1836468999972567)]",13.0,"[3.7407109999330714, 4.315195499919355]",23.0,323.5826136999531,331.21548989997245,2.0,Pink,331.57482629991136,333.65044639992993,"[0.3566666666666667, 0.015833333333333335]","[-0.010833333333333334, -0.32083333333333336]","[0.9728664000285789, 2.0722958999685943]",334.0286677000113,,334.04752869997174,334.7219594999915,,,1.0,6.0,2026-04-07_11h36.37.290,Week2Train,59.91353282850322,2026-04-07 11h36.39.583338 +0200,11.139345800038427,7.632876200019382,2.0756201000185683,0.6932917999802157,5.0,1.0,2.0,2.0,2.0,10.0,1,1.0,16.503540633415575,15.277475290246988,0.5806368045025837,0.6412139218757124,2,1.3,1.810073429531528,1.2
618,24,006_Pink.jpg,True,Pink,100.0,0.0,50.0,02-1/006_Pink_0.png,,23.0,5.0,"[(5.0, 1.1337143999990076)]",1.0,"[1.336129399947822, 1.954512199969031]",24.0,335.0806192000164,339.79241799993906,2.0,Pink,340.1565236999886,342.1834651000099,"[0.3525, 0.07666666666666666]","[-0.015833333333333335, -0.2916666666666667]","[0.9248345999512821, 2.023903099936433]",342.5449536999222,,342.5638129999861,343.2860185999889,,,1.0,6.0,2026-04-07_11h36.37.290,Week2Train,59.91353282850322,2026-04-07 11h36.39.583338 +0200,8.20539939997252,4.71179879992269,2.0269414000213146,0.7410649000667036,5.0,1.0,2.0,2.0,2.0,10.0,1,1.0,16.503540633415575,15.277475290246988,0.7718383835986719,0.6839184387898931,2,1.3,1.8267281911280582,1.2
619,25,022_Green.jpg,True,Green,0.0,95.0,0.0,01-1/022_Green_0.png,,24.0,5.0,"[(5.0, 1.1835813999641687)]",26.0,"[2.2261358000105247, 3.156252000015229]",25.0,343.6436545999022,349.57959440001287,2.0,Green,349.9410711999517,352.0185705999611,"[0.3441666666666667, 0.058333333333333334]","[0.021666666666666667, -0.2733333333333333]","[0.9403692999621853, 2.074399499921128]",352.39404209994245,,352.4131362999324,353.03502909990493,,,1.0,6.0,2026-04-07_11h36.37.290,Week2Train,59.91353282850322,2026-04-07 11h36.39.583338 +0200,9.391374500002712,5.935939800110646,2.077499400009401,0.6409869999624789,5.0,1.0,2.0,2.0,2.0,10.0,1,1.0,16.503540633415575,15.277475290246988,0.6917112044063457,0.666347484519944,2,1.3,1.8198755189627782,1.2
620,26,009_Cyan.jpg,True,Cyan,3.0,100.0,95.0,01-1/009_Cyan_0.png,,25.0,5.0,"[(5.0, 1.11531979998108)]",19.0,"[2.054337100009434, 2.7632996999891475]",26.0,353.3979483000003,359.3571821999504,2.0,Cyan,359.7096104999073,361.6859920999268,"[0.39916666666666667, 0.02]","[-0.0275, -0.2733333333333333]","[0.8730114999925718, 1.9725393999833614]",362.0615626999642,,362.0795618999982,362.768690799945,,,1.0,6.0,2026-04-07_11h36.37.290,Week2Train,59.91353282850322,2026-04-07 11h36.39.583338 +0200,9.370742499944697,5.959233899950107,1.976381600019522,0.7071280999807641,5.0,1.0,2.0,2.0,2.0,10.0,1,1.0,16.503540633415575,15.277475290246988,0.6901864695010742,0.6660084065369807,2,1.3,1.8197432785494223,1.2
621,27,029_Seafoam.jpg,True,Seafoam,0.0,100.0,74.0,02-1/029_Seafoam_0.png,,26.0,4.0,"[(4.0, 1.416101299924776)]",14.0,"[1.3442876000190154, 2.23300410003867]",27.0,363.1313327999087,376.2198115999345,2.0,Seafoam,376.5734942000127,378.78225859999657,"[0.185, -0.015]","[-0.02666666666666667, -0.26166666666666666]","[1.1746077999705449, 2.2057380999904126]",379.1650984999724,,379.1787073999876,379.8189434999367,,,1.0,6.0,2026-04-07_11h36.37.290,Week2Train,59.91353282850322,2026-04-07 11h36.39.583338 +0200,16.687610700028017,13.088478800025769,2.2087643999838633,0.653844999964349,4.0,1.0,2.0,2.0,2.0,10.0,1,0.75,16.503540633415575,15.277475290246988,0.22353574582902147,0.5556523915961994,2,1.3,1.7117044327225175,1.15
622,28,030_Seafoam.jpg,True,Seafoam,0.0,99.0,67.0,02-1/030_Seafoam_0.png,,27.0,5.0,"[(5.0, 1.0477865000721067)]",15.0,"[1.244407600024715, 2.0233385000610724, 47.48847720003687, 48.02397270000074, 48.42264760006219, 49.82955640007276]",28.0,380.1798808999592,436.3161661999766,2.0,Seafoam,436.6788093999494,438.5154161999235,"[0.36083333333333334, 0.06]","[-0.025833333333333333, -0.29]","[0.8007281000027433, 1.8339442999567837]",438.8786135999253,,438.89563659997657,439.5036180999596,,,1.0,6.0,2026-04-07_11h36.37.290,Week2Train,59.91353282850322,2026-04-07 11h36.39.583338 +0200,59.32373720000044,56.13628530001739,1.8366067999741063,0.6250045000343221,5.0,5.0,2.0,2.0,2.0,10.0,1,1.0,16.503540633415575,15.277475290246988,-2.594194650205262,0.06951297861372695,2,1.3,1.5871100616593534,1.2
623,1,009_Cyan.jpg,True,Cyan,3.0,100.0,95.0,01-1/009_Cyan_0.png,,0.0,5.0,"[(5.0, 1.1323421000270173)]",19.0,"[6.6127223999938, 7.426065000006929]",1.0,8.119510299991816,18.813200899981894,2.0,Cyan,19.18317269999534,21.367551399976943,"[0.3541666666666667, 0.0425]","[0.0075, -0.26666666666666666]","[0.8850362000521272, 2.1815329000819474]",21.74494219990447,,21.782100399956107,22.62180759990588,,,1.0,7.0,2026-04-07_21h44.05.791,Week2Train,60.02681996376307,2026-04-07 21h44.07.871315 +0200,14.502297299914062,10.693690599990077,2.184378699981604,0.8768654000014067,5.0,1.0,2.0,2.0,2.0,10.0,1,1.0,16.503540633415575,15.277475290246988,0.38028862250128836,0.5939427132854629,2,1.3,1.7916376581813307,1.2
624,2,010_Pink.jpg,True,Pink,98.0,0.0,52.0,02-1/010_Pink_0.png,,1.0,5.0,"[(5.0, 1.2496458999812603)]",3.0,"[1.5711629999568686, 2.253271900000982]",2.0,22.981006099958904,28.834436499979347,2.0,Pink,29.190549499937333,31.468754899920896,"[0.3641666666666667, 0.016666666666666666]","[-0.015, -0.30333333333333334]","[1.0424770000390708, 2.2755949000129476]",31.840786599903367,,31.8642529998906,32.55577629990876,,,1.0,7.0,2026-04-07_21h44.05.791,Week2Train,60.02681996376307,2026-04-07 21h44.07.871315 +0200,9.574770199949853,5.853430400020443,2.2782053999835625,0.7149897000053898,5.0,1.0,2.0,2.0,2.0,10.0,1,1.0,16.503540633415575,15.277475290246988,0.697111926614869,0.667547138384384,2,1.3,1.82034338396991,1.2
625,3,011_Cyan.jpg,True,Cyan,0.0,88.0,97.0,01-1/011_Cyan_0.png,,2.0,5.0,"[(5.0, 1.1824051999719813)]",21.0,"[1.0976912999758497, 2.137244199984707, 6.239511899999343, 6.654423999949358, 6.943543500034139]",3.0,32.9124298999086,42.17553099989891,1.0,Cyan,42.52497469994705,44.7666140999645,"[0.37333333333333335, 0.08416666666666667]","[-0.016666666666666666, -0.30333333333333334]","[0.9406090999254957, 2.2390116999158636]",45.14182409993373,,45.16425309993792,45.73805819998961,,,1.0,7.0,2026-04-07_21h44.05.791,Week2Train,60.02681996376307,2026-04-07 21h44.07.871315 +0200,12.825628300081007,9.263101099990308,2.2416394000174478,0.5962341000558808,5.0,4.0,2.0,2.0,2.0,10.0,1,1.0,16.503540633415575,15.277475290246988,0.4739290619600938,0.6163132900637158,2,1.3,1.800362183124849,1.2
626,4,014_Yellow.jpg,True,Yellow,100.0,98.0,11.0,01-1/014_Yellow_0.png,,3.0,5.0,"[(5.0, 1.6997986000496894)]",22.0,"[1.321632800041698, 2.462881200015545]",4.0,46.09784499998205,56.21903449995443,2.0,Yellow,56.573160799918696,59.40197549993172,"[0.36333333333333334, 0.0575]","[-0.006666666666666667, -0.265]","[1.4904291999991983, 2.8252191999927163]",59.77549519995228,,59.79632279998623,60.40434759994969,,,1.0,7.0,2026-04-07_21h44.05.791,Week2Train,60.02681996376307,2026-04-07 21h44.07.871315 +0200,14.306502599967637,10.121189499972381,2.8288147000130266,0.628852399997406,5.0,1.0,2.0,2.0,2.0,10.0,1,1.0,16.503540633415575,15.277475290246988,0.41776216372070546,0.6029476314838011,2,1.3,1.7951495762786824,1.2
627,5,006_Orange.jpg,True,Orange,100.0,45.0,0.0,02-1/006_Orange_0.png,,4.0,5.0,"[(5.0, 1.6160453000338748)]",0.0,"[1.3219849000452086, 2.859097299980931, 8.89077419997193, 9.276560600032099, 9.796994999982417]",5.0,60.76353719993495,72.88145889993757,1.0,Orange,73.24059619999025,75.68409659992903,"[0.3675, 0.06666666666666667]","[-0.010833333333333334, -0.2683333333333333]","[1.3736175000667572, 2.4405097000999376]",76.0566674999427,,76.07963229995221,76.53810769994743,,,1.0,7.0,2026-04-07_21h44.05.791,Week2Train,60.02681996376307,2026-04-07 21h44.07.871315 +0200,15.77457050001248,12.117921700002618,2.4435003999387845,0.48144020000472665,5.0,4.0,2.0,2.0,2.0,10.0,1,1.0,16.503540633415575,15.277475290246988,0.287064377463775,0.5712772925168332,2,1.3,1.782798144081565,1.2
628,6,022_Seafoam.jpg,True,Seafoam,0.0,99.0,72.0,02-1/022_Seafoam_0.png,,5.0,4.0,"[(4.0, 2.132380099967122)]",12.0,"[1.6331906999694183, 5.068558200029656, 6.503861400065944, 6.836031900020316, 7.379704699967988, 9.916040300042368, 18.818406100035645, 19.39104340004269, 19.927263000048697, 20.897306900005788]",6.0,76.89438159996644,107.56850049993956,2.0,Cyan,107.9387982999906,111.0975299999118,"[0.17833333333333334, -0.011666666666666667]","[-0.0225, -0.2808333333333333]","[1.8915941999293864, 3.155402999953367]",111.47673080000096,111.5281260999618,125.47956639993936,131.6029590999242,,,1.0,7.0,2026-04-07_21h44.05.791,Week2Train,60.02681996376307,2026-04-07 21h44.07.871315 +0200,54.708577499957755,30.674118899973124,3.158731699921205,20.126228299923227,-4.0,9.0,2.0,2.0,2.0,10.0,0,0.75,16.503540633415575,15.277475290246988,-0.9275471239416061,0.28342261474368186,0,1.3,0.305534819750036,0.15000000000000002
629,7,008_Purple.jpg,True,Purple,52.0,0.0,99.0,01-1/008_Purple_0.png,,6.0,5.0,"[(5.0, 1.2816285999724641)]",18.0,"[2.4458467999938875, 3.081373400054872]",7.0,131.97569929994643,137.70689139992464,2.0,Purple,138.06962279998697,140.44820019998588,"[0.36333333333333334, 0.06666666666666667]","[-0.045, -0.2791666666666667]","[1.041061699972488, 2.3758835999760777]",140.8215887999395,,140.84338320000097,141.718299799948,,,1.0,7.0,2026-04-07_21h44.05.791,Week2Train,60.02681996376307,2026-04-07 21h44.07.871315 +0200,9.742600500001572,5.731192099978216,2.3785773999989033,0.8967110000085086,5.0,1.0,2.0,2.0,2.0,10.0,1,1.0,16.503540633415575,15.277475290246988,0.7051131373987125,0.6693204440240167,2,1.3,1.8210349731693665,1.2
630,8,022_Green.jpg,True,Green,0.0,95.0,0.0,01-1/022_Green_0.png,,7.0,5.0,"[(5.0, 1.28159859997686)]",26.0,"[1.225365100079216, 3.1443898000288755, 4.250949600012973, 4.425684100016952, 4.828708000015467]",8.0,142.0766610999126,151.9498931999551,1.0,Green,152.3041575999232,154.54609889991116,"[0.36333333333333334, 0.030833333333333334]","[-0.021666666666666667, -0.2866666666666667]","[1.0390603999840096, 2.239135399926454]",154.92168929998297,,154.94285849994048,155.44982909993269,,,1.0,7.0,2026-04-07_21h44.05.791,Week2Train,60.02681996376307,2026-04-07 21h44.07.871315 +0200,13.373168000020087,9.873232100042515,2.241941299987957,0.528139799949713,5.0,4.0,2.0,2.0,2.0,10.0,1,1.0,16.503540633415575,15.277475290246988,0.43399242397111215,0.6068266183407091,2,1.3,1.7966623811528766,1.2
631,9,016_Lime-green.jpg,True,Lime-green,56.0,100.0,5.0,02-1/016_Lime-green_0.png,,8.0,5.0,"[(5.0, 1.4840162999462336)]",9.0,"[2.406137300073169, 2.865871100104414, 4.378261800040491, 4.685410600039177, 5.225023100036196]",9.0,155.8079533999553,167.1998026999645,1.0,Lime-green,167.55261829996016,169.86179829994217,"[0.36833333333333335, 0.08416666666666667]","[-0.010833333333333334, -0.25333333333333335]","[1.2799141999566928, 2.306501799961552]",170.24041460000444,,170.25918769999407,170.81768259999808,,,1.0,7.0,2026-04-07_21h44.05.791,Week2Train,60.02681996376307,2026-04-07 21h44.07.871315 +0200,15.009729200042784,11.391849300009198,2.309179999982007,0.5772679999936372,5.0,4.0,2.0,2.0,2.0,10.0,1,1.0,16.503540633415575,15.277475290246988,0.33459005734210795,0.582875787572808,2,1.3,1.7873215571533951,1.2
632,10,008_Orange.jpg,True,Orange,100.0,53.0,0.0,02-1/008_Orange_0.png,,9.0,5.0,"[(5.0, 1.0824415000388399)]",2.0,"[1.7674163000192493, 4.231040900107473]",10.0,171.17447589989752,181.45037439989392,2.0,Orange,181.80362509994305,183.74690009991173,"[0.36, 0.050833333333333335]","[-0.0016666666666666668, -0.27]","[0.8724590000929311, 1.9403856000863016]",184.12148049997631,,184.14276679989416,184.75038939993829,,,1.0,7.0,2026-04-07_21h44.05.791,Week2Train,60.02681996376307,2026-04-07 21h44.07.871315 +0200,13.57591350004077,10.275898499996401,1.9432749999686791,0.6289088999619707,5.0,1.0,2.0,2.0,2.0,10.0,1,1.0,16.503540633415575,15.277475290246988,0.407635555947837,0.6005207942413995,2,1.3,1.7942031097541458,1.2
633,11,007_Cyan.jpg,True,Cyan,1.0,89.0,99.0,01-1/007_Cyan_0.png,,10.0,3.0,"[(3.0, 1.5461407999973744)]",17.0,"[1.6097181999357417, 3.0100396999623626, 4.827188299968839, 5.0813191999914125, 5.203144099912606, 8.294301499961875]",11.0,185.1089956999058,212.96365869999863,2.0,Cyan,213.32253119989764,215.7270550999092,"[-0.0075, 0.006666666666666667]","[-0.029166666666666667, -0.265]","[1.3036875000689179, 2.401585700106807]",216.1019414999755,,216.1239915998885,216.8157187999459,,,1.0,7.0,2026-04-07_21h44.05.791,Week2Train,60.02681996376307,2026-04-07 21h44.07.871315 +0200,31.706723100040108,27.85466300009284,2.4045239000115544,0.7137772999703884,3.0,5.0,2.0,2.0,2.0,10.0,1,0.5,16.503540633415575,15.277475290246988,-0.7429972656492351,0.32234907229625975,2,1.3,1.5557161381955413,1.1
634,12,018_Purple.jpg,True,Purple,51.0,2.0,100.0,01-1/018_Purple_0.png,,11.0,5.0,"[(5.0, 1.0812155000166968)]",23.0,"[5.1295427000150084, 5.887374400044791]",12.0,217.17624729999807,226.5592346999329,2.0,Purple,226.91898799990304,228.82798379997257,"[0.39, 0.06916666666666667]","[-0.015, -0.2816666666666667]","[0.87174239999149, 1.9064012999879196]",229.2016553999856,,229.22355829994197,229.7629745999584,,,1.0,7.0,2026-04-07_21h44.05.791,Week2Train,60.02681996376307,2026-04-07 21h44.07.871315 +0200,12.58672729996033,9.38298739993482,1.9089958000695333,0.561319199972786,5.0,1.0,2.0,2.0,2.0,10.0,1,1.0,16.503540633415575,15.277475290246988,0.46608180332168214,0.614455953516084,2,1.3,1.799637821871273,1.2
635,13,018_Seafoam.jpg,True,Seafoam,13.0,100.0,58.0,02-1/018_Seafoam_0.png,,12.0,5.0,"[(5.0, 1.0472579000052065)]",11.0,"[4.449553599930368, 5.101329099969007]",13.0,230.1263101999648,249.5860080999555,2.0,Seafoam,249.95199669990689,251.7284319999162,"[0.37666666666666665, 0.041666666666666664]","[-0.014166666666666666, -0.3325]","[0.8072815999621525, 1.7736446999479085]",252.10260189999823,,252.12255739991087,252.72892899997527,,,1.0,7.0,2026-04-07_21h44.05.791,Week2Train,60.02681996376307,2026-04-07 21h44.07.871315 +0200,22.602618800010475,19.459697899990715,1.7764353000093251,0.6263270999770327,5.0,1.0,2.0,2.0,2.0,10.0,1,1.0,16.503540633415575,15.277475290246988,-0.19349776127357415,0.45177593052887177,2,1.3,1.7361926129062601,1.2
636,14,028_Pink.jpg,True,Pink,98.0,0.0,50.0,02-1/028_Pink_0.png,,13.0,5.0,"[(5.0, 1.0159293999895453)]",13.0,"[2.5449533999199048, 3.30078729998786]",14.0,253.0930451999884,259.4675409999909,2.0,Pink,259.81626849994063,261.8260569999693,"[0.3725, 0.09]","[0.01, -0.2633333333333333]","[0.7699207999976352, 1.9670534000033513]",262.19941010000184,,262.2222756999545,262.8471756998915,,,1.0,7.0,2026-04-07_21h44.05.791,Week2Train,60.02681996376307,2026-04-07 21h44.07.871315 +0200,9.754130499903113,6.374495800002478,2.0097885000286624,0.6477655998896807,5.0,1.0,2.0,2.0,2.0,10.0,1,1.0,16.503540633415575,15.277475290246988,0.6630051524206617,0.6599351308165593,2,1.3,1.8173747010184582,1.2
637,15,030_Seafoam.jpg,True,Seafoam,0.0,99.0,67.0,02-1/030_Seafoam_0.png,,14.0,5.0,"[(5.0, 1.798352799960412)]",15.0,"[2.6557716000825167, 4.280034100054763]",15.0,263.20848329993896,271.6401742999442,2.0,Seafoam,271.99967799999285,274.62504049995914,"[0.375, 0.06833333333333333]","[-0.010833333333333334, -0.29083333333333333]","[1.5574430999113247, 2.6223565998952836]",275.0038645999739,,275.0218424999621,275.8786790999584,,,1.0,7.0,2026-04-07_21h44.05.791,Week2Train,60.02681996376307,2026-04-07 21h44.07.871315 +0200,12.670195800019428,8.43169100000523,2.625362499966286,0.8748144999844953,5.0,1.0,2.0,2.0,2.0,10.0,1,1.0,16.503540633415575,15.277475290246988,0.5283497096253428,0.6290981257596854,2,1.3,1.8053482690462772,1.2
638,16,018_Lime-green.jpg,True,Lime-green,47.0,100.0,1.0,02-1/018_Lime-green_0.png,,15.0,4.0,"[(4.0, 2.2651569999288768)]",10.0,"[8.094671500031836, 8.718672199989669, 12.270556999952532, 12.55394370004069, 13.146962400060147]",16.0,276.23880429996643,291.95001679996494,1.0,Lime-green,292.2987771999324,295.32744389993604,"[0.13833333333333334, 0.005]","[-0.030833333333333334, -0.32416666666666666]","[1.988805399974808, 2.9865256999619305]",295.70170859992504,,295.7209651999874,296.3443625998916,,,1.0,7.0,2026-04-07_21h44.05.791,Week2Train,60.02681996376307,2026-04-07 21h44.07.871315 +0200,20.10555829992518,15.71121249999851,3.0286667000036687,0.6426539999665692,4.0,4.0,2.0,2.0,2.0,10.0,1,0.75,16.503540633415575,15.277475290246988,0.051862504658926264,0.5129627207881862,2,1.3,1.6950554611073927,1.15
639,17,011_Orange.jpg,True,Orange,99.0,48.0,0.0,02-1/011_Orange_0.png,,16.0,5.0,"[(5.0, 1.6999678000574932)]",4.0,"[14.639639499946497, 16.475239100051112, 18.286537199979648, 18.723574099945836, 19.2589910000097]",17.0,296.72306929994375,318.1363922999008,1.0,Orange,318.4968216998968,320.8900824999437,"[0.3641666666666667, 0.0775]","[-0.021666666666666667, -0.2916666666666667]","[1.4906189000466838, 2.3900209000566974]",321.2680442999117,,321.28734419995453,321.7946535999654,,,1.0,7.0,2026-04-07_21h44.05.791,Week2Train,60.02681996376307,2026-04-07 21h44.07.871315 +0200,25.07158430002164,21.413322999957074,2.3932608000468463,0.5266093000536785,5.0,4.0,2.0,2.0,2.0,10.0,1,1.0,16.503540633415575,15.277475290246988,-0.32137393602435493,0.4203409456551838,2,1.3,1.7239329688055216,1.2
640,18,010_Red.jpg,True,Red,99.0,0.0,12.0,01-1/010_Red_0.png,,17.0,3.0,"[(3.0, 3.4659544000169262)]",25.0,"[2.120129800052382, 2.9371459000976756]",18.0,322.1555554999504,333.1407432999695,2.0,Red,333.49589049990755,337.8755085999146,"[-0.0425, 0.0175]","[0.0008333333333333334, -0.2783333333333333]","[3.224663499975577, 4.376260299934074]",338.2477163999574,,338.26990419998765,338.9097163999686,,,1.0,7.0,2026-04-07_21h44.05.791,Week2Train,60.02681996376307,2026-04-07 21h44.07.871315 +0200,16.754160900018178,10.985187800019048,4.379618100007065,0.6620000000111759,3.0,1.0,2.0,2.0,2.0,10.0,1,0.5,16.503540633415575,15.277475290246988,0.3612084279998409,0.5893329288933572,2,1.3,1.6598398422684095,1.1
641,19,014_Pink.jpg,True,Pink,100.0,9.0,40.0,02-1/014_Pink_0.png,,18.0,5.0,"[(5.0, 1.0822019999613985)]",8.0,"[2.773117700009607, 3.36203249997925]",19.0,339.26961749990005,345.2897273999406,2.0,Pink,345.64800839999225,347.4554853999289,"[0.35583333333333333, 0.0425]","[-0.043333333333333335, -0.2941666666666667]","[0.8384132999926805, 1.804730199975893]",347.83192059991416,,347.852758999914,348.6758937999839,,,1.0,7.0,2026-04-07_21h44.05.791,Week2Train,60.02681996376307,2026-04-07 21h44.07.871315 +0200,9.406276300083846,6.020109900040552,1.8074769999366254,0.8439732000697404,5.0,1.0,2.0,2.0,2.0,10.0,1,1.0,16.503540633415575,15.277475290246988,0.6862017796924572,0.6651214617853195,2,1.3,1.8193973700962744,1.2
642,20,008_Blue.jpg,True,Blue,4.0,9.0,100.0,01-1/008_Blue_0.png,,19.0,5.0,"[(5.0, 0.9307264999952167)]",24.0,"[1.2463996999431401, 1.9836798999458551]",20.0,349.0352054999676,354.2193625998916,2.0,Blue,354.58075629989617,356.43990779994056,"[0.36083333333333334, 0.06666666666666667]","[-0.0025, -0.29083333333333333]","[0.6883358999621123, 1.8565262999618426]",356.8152137999423,,356.8352624999825,357.62792349990923,,,1.0,7.0,2026-04-07_21h44.05.791,Week2Train,60.02681996376307,2026-04-07 21h44.07.871315 +0200,8.592717999941613,5.184157099923993,1.8591515000443906,0.8127096999669448,5.0,1.0,2.0,2.0,2.0,10.0,1,1.0,16.503540633415575,15.277475290246988,0.7409197736171618,0.677196952652461,2,1.3,1.8241068115344599,1.2
643,21,010_Yellow.jpg,True,Yellow,100.0,87.0,0.0,01-1/010_Yellow_0.png,,20.0,4.0,"[(4.0, 1.2821980000007898)]",20.0,"[2.3270035000750795, 4.552497799973935, 5.046256400062703, 5.449941499973647, 5.926529300049879]",21.0,357.98628529999405,375.3783615999855,1.0,Yellow,375.72913589992095,377.7708066999912,"[0.18083333333333335, -0.006666666666666667]","[-0.010833333333333334, -0.2816666666666667]","[1.040116999996826, 2.0388604999752715]",378.1478700999869,,378.1678262999049,378.7933409999823,,,1.0,7.0,2026-04-07_21h44.05.791,Week2Train,60.02681996376307,2026-04-07 21h44.07.871315 +0200,20.80705569998827,17.39207629999146,2.0416708000702783,0.6454708999954164,4.0,4.0,2.0,2.0,2.0,10.0,1,0.75,16.503540633415575,15.277475290246988,-0.05815984969343182,0.48546413472520145,2,1.3,1.6843310125428288,1.15
644,22,012_Lime-green.jpg,True,Lime-green,61.0,94.0,3.0,02-1/012_Lime-green_0.png,,21.0,5.0,"[(5.0, 1.2849657000042498)]",5.0,"[8.517728799954057, 10.272000700002536, 10.832437700009905, 11.392245800001547, 12.071381999994628]",22.0,379.1506267999066,396.4670399999013,1.0,Lime-green,396.8278951999964,399.6735031999415,"[0.37416666666666665, 0.043333333333333335]","[-0.0008333333333333334, -0.27416666666666667]","[1.0732767999870703, 2.8425938999280334]",400.0462264999514,,400.0673689999385,402.14069289993495,,,1.0,7.0,2026-04-07_21h44.05.791,Week2Train,60.02681996376307,2026-04-07 21h44.07.871315 +0200,22.990066100028343,17.316413199994713,2.8456079999450594,2.0944663999835598,5.0,4.0,2.0,2.0,2.0,10.0,1,1.0,16.503540633415575,15.277475290246988,-0.05320725781818603,0.4867013227906425,2,1.3,1.7498135158883508,1.2
645,23,006_Yellow.jpg,True,Yellow,100.0,100.0,9.0,01-1/006_Yellow_0.png,,22.0,5.0,"[(5.0, 1.4816127999220043)]",27.0,"[20.379318300052546, 21.61645359999966]",23.0,402.4997365999734,428.01671489991713,2.0,Yellow,428.376589099993,430.7855554999551,"[0.39, 0.06416666666666666]","[-0.024166666666666666, -0.2683333333333333]","[1.2731751999817789, 2.406276199966669]",431.1610285999486,,431.1828456999501,431.7243453999981,,,1.0,7.0,2026-04-07_21h44.05.791,Week2Train,60.02681996376307,2026-04-07 21h44.07.871315 +0200,29.224608800024725,25.51697829994373,2.4089663999620825,0.5633168000495061,5.0,1.0,2.0,2.0,2.0,10.0,1,1.0,16.503540633415575,15.277475290246988,-0.5899821466104584,0.35663895071266605,2,1.3,1.6990891907779397,1.2
646,24,014_Orange.jpg,True,Orange,100.0,61.0,7.0,02-1/014_Orange_0.png,,23.0,5.0,"[(5.0, 1.2818181000184268)]",7.0,[2.008173599955626],24.0,432.08291179989465,438.7120828999905,1.0,Orange,439.0753359999508,441.2528387999628,"[0.37166666666666665, 0.0275]","[-0.0175, -0.2783333333333333]","[1.042125599924475, 2.1739138999255374]",441.64615950000007,,441.6659977999516,442.2740291999653,,,1.0,7.0,2026-04-07_21h44.05.791,Week2Train,60.02681996376307,2026-04-07 21h44.07.871315 +0200,10.191117400070652,6.629171100095846,2.1775028000119505,0.6278696999652311,5.0,1.0,2.0,2.0,2.0,10.0,1,1.0,16.503540633415575,15.277475290246988,0.6463351663624319,0.6561841262254945,2,1.3,1.8159118092279427,1.2
647,25,006_Purple.jpg,True,Purple,65.0,0.0,100.0,01-1/006_Purple_0.png,,24.0,5.0,"[(5.0, 0.9661171999759972)]",16.0,"[1.7427677999949083, 2.295443500042893]",25.0,442.6335283999797,447.38240849995054,2.0,Purple,447.7427391998936,449.46861069998704,"[0.3641666666666667, 0.049166666666666664]","[-0.0033333333333333335, -0.2825]","[0.7240284000290558, 1.7227920000441372]",449.8438423000043,,449.8656311999075,450.3911702999612,,,1.0,7.0,2026-04-07_21h44.05.791,Week2Train,60.02681996376307,2026-04-07 21h44.07.871315 +0200,7.757641899981479,4.748880099970847,1.725871500093433,0.547327999956849,5.0,1.0,2.0,2.0,2.0,10.0,1,1.0,16.503540633415575,15.277475290246988,0.7694111959028207,0.6833935098248377,2,1.3,1.8265234688316867,1.2
648,26,006_Pink.jpg,True,Pink,100.0,0.0,50.0,02-1/006_Pink_0.png,,25.0,5.0,"[(5.0, 1.0813195001101121)]",1.0,"[1.2012720999773592, 1.6258739999029785]",26.0,450.7512483999599,454.6199276999105,2.0,Pink,454.9766997999977,456.8514183999505,"[0.38333333333333336, 0.10333333333333333]","[0.006666666666666667, -0.25583333333333336]","[0.8414606000296772, 1.872103500063531]",457.224945899914,,457.2482013999252,457.8560817999533,,,1.0,7.0,2026-04-07_21h44.05.791,Week2Train,60.02681996376307,2026-04-07 21h44.07.871315 +0200,7.104833399993424,3.8686792999505997,1.8747185999528142,0.6311359000392827,5.0,1.0,2.0,2.0,2.0,10.0,1,1.0,16.503540633415575,15.277475290246988,0.8270254798926734,0.6957256160945166,2,1.3,1.8313329902768614,1.2
649,27,029_Seafoam.jpg,True,Seafoam,0.0,100.0,74.0,02-1/029_Seafoam_0.png,,26.0,4.0,"[(4.0, 1.9668391000013798)]",14.0,"[1.2853687000460923, 1.9749982000794262]",27.0,458.2166011999361,466.4796000999632,2.0,Seafoam,466.84106089989655,470.0024462000001,"[0.17083333333333334, 0.0525]","[-0.029166666666666667, -0.2841666666666667]","[1.7572281999746338, 3.158671800047159]",470.3784562998917,,470.3980823999737,471.0397625999758,,,1.0,7.0,2026-04-07_21h44.05.791,Week2Train,60.02681996376307,2026-04-07 21h44.07.871315 +0200,12.82316140003968,8.262998900027071,3.161385300103575,0.6613063000841066,4.0,1.0,2.0,2.0,2.0,10.0,1,0.75,16.503540633415575,15.277475290246988,0.5393915929714641,0.6316708754083739,2,1.3,1.7413516414092656,1.15
650,28,014_Lime-green.jpg,True,Lime-green,65.0,100.0,4.0,02-1/014_Lime-green_0.png,,27.0,5.0,"[(5.0, 2.482352700084448)]",6.0,"[5.744006199995056, 6.1811897999141365, 6.976362999994308, 7.2597227999940515, 7.522873100009747]",28.0,471.3995983999921,483.4893137000036,1.0,Lime-green,483.8416672999738,486.9833524998976,"[0.38083333333333336, 0.1175]","[-0.011666666666666667, -0.2816666666666667]","[2.2731489000143483, 3.1390984000172466]",487.3663426999701,,487.380599899916,487.9892575999256,,,1.0,7.0,2026-04-07_21h44.05.791,Week2Train,60.02681996376307,2026-04-07 21h44.07.871315 +0200,16.58965919993352,12.089715300011505,3.1416851999238133,0.6229148999555036,5.0,4.0,2.0,2.0,2.0,10.0,1,1.0,16.503540633415575,15.277475290246988,0.2889106511088137,0.5717294213952585,2,1.3,1.782974474344151,1.2
651,1,029_Cyan.jpg,True,Cyan,2.0,100.0,88.0,01-1/029_Cyan_0.png,,0.0,5.0,"[(5.0, 0.9309330999385566)]",20.0,"[3.969092799932696, 4.915302100009285]",1.0,35.3705278,56.5651542,2.0,Cyan,56.9239851,58.5458886,"[0.3933333333333333, 0.06916666666666667]","[0.006666666666666667, -0.2633333333333333]","[0.7726313000312075, 1.6190460999496281]",58.9248951,,58.9569779,59.4617718,,,2.0,8.0,2026-04-08_16h35.58.619,Week3Test,59.87145595,2026-04-08 16h35.59.575052 +0200,24.091244000000003,21.194626400000004,1.6219034999999948,0.5368767000000005,5.0,1.0,3.0,3.0,3.0,10.0,1,1.0,14.312107530000006,9.902081353212091,-0.6950577989108734,0.33290888676592384,2,1.3,1.68983446583871,1.2
652,2,030_Orange.jpg,False,Orange,100.0,51.0,0.0,02-t/030_Orange_0.png,Seafoam,1.0,5.0,"[(5.0, 0.8027462000027299)]",9.0,[1.5056922999210656],2.0,59.8186194,67.4544531,1.0,Orange,67.8146587,69.9583224,"[0.385, 0.030833333333333334]","[0.018333333333333333, -0.2875]","[0.6798887000186369, 2.142042399966158]",70.3400622,,70.3569065,70.9625354,,,2.0,8.0,2026-04-08_16h35.58.619,Week3Test,59.87145595,2026-04-08 16h35.59.575052 +0200,11.14391599999999,7.635833699999992,2.1436637000000047,0.6224731999999875,5.0,1.0,3.0,3.0,3.0,10.0,1,1.0,14.312107530000006,9.902081353212091,0.6742293455137417,0.6624495325850659,2,1.3,1.8183553177081757,1.2
653,3,011_Purple.jpg,False,Purple,67.0,0.0,100.0,02-t/011_Purple_0.png,Orange,2.0,4.0,"[(4.0, 1.2822317000245675)]",2.0,"[1.815686000045389, 2.5791972000151873]",3.0,71.3231679,113.3118014,2.0,Purple,113.6614557,115.7254383,"[0.16166666666666665, -0.0033333333333333335]","[-0.005833333333333334, -0.2575]","[1.1650723000057042, 2.0622977999737486]",116.108964,,116.1226825,116.7304834,,,2.0,8.0,2026-04-08_16h35.58.619,Week3Test,59.87145595,2026-04-08 16h35.59.575052 +0200,45.407315499999996,41.98863349999999,2.0639825999999886,0.6215193999999968,4.0,1.0,3.0,3.0,3.0,10.0,1,0.75,14.312107530000006,9.902081353212091,-2.7950210650432723,0.057593821914802557,2,1.3,1.5174615905467728,1.15
654,4,028_Red.jpg,False,Red,98.0,0.0,1.0,02-t/028_Red_0.png,Pink,3.0,5.0,"[(5.0, 1.11580450006295)]",7.0,"[1.6573497999925166, 2.4648248000303283]",4.0,117.0920474,123.2676847,2.0,Red,123.6305216,125.4895827,"[0.3725, 0.050833333333333335]","[0.004166666666666667, -0.255]","[0.9784469000296667, 1.8575029000639915]",125.855298,,125.8715473,126.329301,,,2.0,8.0,2026-04-08_16h35.58.619,Week3Test,59.87145595,2026-04-08 16h35.59.575052 +0200,9.237253600000003,6.175637300000005,1.8590611000000052,0.4740029999999962,5.0,1.0,3.0,3.0,3.0,10.0,1,1.0,14.312107530000006,9.902081353212091,0.8216929289679737,0.6945955837240253,2,1.3,1.83089227765237,1.2
655,5,025_Cyan.jpg,True,Cyan,7.0,100.0,99.0,01-t/025_Cyan_0.png,,4.0,5.0,"[(5.0, 1.0172231000615284)]",19.0,"[1.4071845000144094, 2.9596745999297127]",5.0,126.6850615,143.7011653,2.0,Cyan,144.0603608,145.725138,"[0.365, 0.06583333333333333]","[-0.004166666666666667, -0.30666666666666664]","[0.8806369000812992, 1.6632709000259638]",146.0881895,,146.1037253,146.4931831,,,2.0,8.0,2026-04-08_16h35.58.619,Week3Test,59.87145595,2026-04-08 16h35.59.575052 +0200,19.808121600000007,17.01610380000001,1.6647771999999748,0.4049936000000116,5.0,1.0,3.0,3.0,3.0,10.0,1,1.0,14.312107530000006,9.902081353212091,-0.27307352601409074,0.4321527050369466,2,1.3,1.7285395549644091,1.2
656,6,014_Yellow.jpg,True,Yellow,100.0,98.0,11.0,01-1/014_Yellow_0.png,,5.0,5.0,"[(5.0, 1.033869000035338)]",23.0,[3.2547301000449806],6.0,146.8481572,153.4803909,1.0,Yellow,153.8277039,155.4720561,"[0.3641666666666667, 0.0475]","[0.0033333333333333335, -0.275]","[0.8875322999665514, 1.6167902000015602]",155.8403124,,155.8532203,156.2759636,,,2.0,8.0,2026-04-08_16h35.58.619,Week3Test,59.87145595,2026-04-08 16h35.59.575052 +0200,9.427806400000009,6.6322337000000005,1.6443522000000144,0.43565120000002366,5.0,1.0,3.0,3.0,3.0,10.0,1,1.0,14.312107530000006,9.902081353212091,0.7755817747860418,0.6847271049721735,2,1.3,1.8270435709391477,1.2
657,7,008_Orange.jpg,True,Orange,100.0,53.0,0.0,02-1/008_Orange_0.png,,6.0,5.0,"[(5.0, 0.8524362000171095)]",11.0,[1.3056852999143302],7.0,156.6295254,165.4502576,1.0,Orange,165.8147261,167.3718415,"[0.3675, 0.07333333333333333]","[-0.021666666666666667, -0.2866666666666667]","[0.7441449000034481, 1.5554649999830872]",167.7415317,,167.7531995,168.7093222,,,2.0,8.0,2026-04-08_16h35.58.619,Week3Test,59.87145595,2026-04-08 16h35.59.575052 +0200,12.079796799999997,8.82073219999998,1.5571153999999865,0.9677905000000067,5.0,1.0,3.0,3.0,3.0,10.0,1,1.0,14.312107530000006,9.902081353212091,0.5545677857129201,0.6351947014475535,2,1.3,1.807725933564546,1.2
658,8,022_Purple.jpg,False,Purple,63.0,0.0,100.0,02-t/022_Purple_0.png,Seafoam,7.0,4.0,"[(4.0, 1.1010854999767616)]",6.0,"[2.768379300017841, 5.224970799987204]",8.0,169.0809582,188.1684935,2.0,Pink,188.5255413,190.2401368,"[0.16833333333333333, 0.0175]","[-0.029166666666666667, -0.2733333333333333]","[0.9961490000132471, 1.7131605999311432]",190.6091789,190.6526709,194.2726627,195.2916982,,,2.0,8.0,2026-04-08_16h35.58.619,Week3Test,59.87145595,2026-04-08 16h35.59.575052 +0200,26.210740000000015,19.087535300000013,1.7145955000000015,4.682519300000024,-4.0,1.0,3.0,3.0,3.0,10.0,0,0.75,14.312107530000006,9.902081353212091,-0.4822650511198767,0.38171740923251324,0,1.3,0.3438697896006802,0.15000000000000002
659,9,010_Pink.jpg,True,Pink,98.0,0.0,52.0,02-1/010_Pink_0.png,,8.0,4.0,"[(4.0, 1.1035218000179157)]",12.0,"[2.348389499937184, 3.1018340999726206]",9.0,195.6452563,206.9667258,2.0,Pink,207.324279,209.0883369,"[0.15916666666666668, 0.029166666666666667]","[-0.006666666666666667, -0.26416666666666666]","[0.9967875999864191, 1.762137099984102]",209.4461125,,209.4685218,209.8752797,,,2.0,8.0,2026-04-08_16h35.58.619,Week3Test,59.87145595,2026-04-08 16h35.59.575052 +0200,14.230023399999993,11.321469500000006,1.7640579000000116,0.42916719999999486,4.0,1.0,3.0,3.0,3.0,10.0,1,0.75,14.312107530000006,9.902081353212091,0.3020211532628824,0.5749365300287006,2,1.3,1.7192252467111935,1.15
660,10,018_Purple.jpg,True,Purple,51.0,2.0,100.0,01-1/018_Purple_0.png,,9.0,4.0,"[(4.0, 1.3844949000049382)]",25.0,"[1.9131458000047132, 2.6652670999756083]",10.0,210.2283996,221.644724,2.0,Purple,221.9915684,224.2720808,"[0.17666666666666667, 0.06166666666666667, 0.07166666666666667]","[0.0025, -0.3441666666666667, -0.30666666666666664]","[1.2199484000448138, 1.9031691000564024, 2.2520804000087082]",224.6353537,,224.6511528,225.106896,,,2.0,8.0,2026-04-08_16h35.58.619,Week3Test,59.87145595,2026-04-08 16h35.59.575052 +0200,14.878496400000017,11.416324400000008,2.280512399999992,0.4715423000000101,4.0,1.0,3.0,3.0,3.0,10.0,1,0.75,14.312107530000006,9.902081353212091,0.2924418641602705,0.5725938363314076,2,1.3,1.7183115961692492,1.15
661,11,012_Orange.jpg,False,Orange,95.0,58.0,2.0,02-t/012_Orange_0.png,Lime-green,10.0,5.0,"[(5.0, 1.052430999930948)]",3.0,[2.188096800004132],11.0,225.4608938,233.3775156,1.0,Orange,233.7253738,235.4724263,"[0.38333333333333336, 0.05333333333333334]","[0.025833333333333333, -0.25583333333333336]","[0.8885552999563515, 1.7203729000175372]",235.842462,,235.8501835,236.2555307,,,2.0,8.0,2026-04-08_16h35.58.619,Week3Test,59.87145595,2026-04-08 16h35.59.575052 +0200,10.7946369,7.9166218000000015,1.7470524999999952,0.4130686999999966,5.0,1.0,3.0,3.0,3.0,10.0,1,1.0,14.312107530000006,9.902081353212091,0.6458728727698648,0.6560798222482569,2,1.3,1.81587113067682,1.2
662,12,018_Seafoam.jpg,True,Seafoam,13.0,100.0,58.0,02-1/018_Seafoam_0.png,,11.0,5.0,"[(5.0, 1.0323564000427723)]",26.0,"[1.2194699000101537, 2.9576085000298917]",12.0,236.6095027,252.6932507,2.0,Seafoam,253.0418439,255.0535834,"[0.37416666666666665, 0.06166666666666667]","[0.029166666666666667, -0.2966666666666667]","[0.8680455000139773, 1.9685483000939712]",255.4261467,,255.4499269,255.9573882,,,2.0,8.0,2026-04-08_16h35.58.619,Week3Test,59.87145595,2026-04-08 16h35.59.575052 +0200,19.34788549999999,16.083747999999986,2.0117395000000045,0.531241499999993,5.0,1.0,3.0,3.0,3.0,10.0,1,1.0,14.312107530000006,9.902081353212091,-0.17891596794701,0.45538994532714,2,1.3,1.7376020786775848,1.2
663,13,018_Green.jpg,True,Green,0.0,98.0,4.0,01-t/018_Green_0.png,,12.0,5.0,"[(5.0, 1.1302935000276193)]",30.0,"[1.1442920999834314, 2.8233819999732077]",13.0,256.312578,264.2045202,2.0,Green,264.5590561,266.3052057,"[0.37083333333333335, 0.056666666666666664]","[-0.011666666666666667, -0.30916666666666665]","[0.9779005000600591, 1.7444383000256494]",266.6669209,,266.6826404,267.1540563,,,2.0,8.0,2026-04-08_16h35.58.619,Week3Test,59.87145595,2026-04-08 16h35.59.575052 +0200,10.841478300000006,7.891942200000017,1.746149599999967,0.48713539999999966,5.0,1.0,3.0,3.0,3.0,10.0,1,1.0,14.312107530000006,9.902081353212091,0.6483652376696926,0.6566419782198251,2,1.3,1.8160903715057317,1.2
664,14,008_Purple.jpg,True,Purple,52.0,0.0,99.0,01-1/008_Purple_0.png,,13.0,5.0,"[(5.0, 0.9653618999291211)]",24.0,"[3.2469316000351682, 3.9139080001041293]",14.0,267.5104168,300.4381408,2.0,Purple,300.7928918,302.2528773,"[0.37166666666666665, 0.03]","[-0.006666666666666667, -0.2975]","[0.8436072000768036, 1.4571957000298426]",302.6200642,,302.6317861,303.1743601,,,2.0,8.0,2026-04-08_16h35.58.619,Week3Test,59.87145595,2026-04-08 16h35.59.575052 +0200,35.66394330000003,32.92772400000001,1.4599855000000161,0.5542958999999996,5.0,1.0,3.0,3.0,3.0,10.0,1,1.0,14.312107530000006,9.902081353212091,-1.8799700594220397,0.13239231261637052,2,1.3,1.6116330019203844,1.2
665,15,018_Seafoam.jpg,True,Seafoam,13.0,100.0,58.0,02-1/018_Seafoam_0.png,,14.0,5.0,"[(5.0, 1.0653489000396803)]",17.0,"[1.3852719999849796, 6.3470218000002205]",15.0,303.5307041,356.8882944,2.0,Lime-green,357.2382776,359.1509968,"[0.3525, 0.05583333333333333]","[-0.006666666666666667, -0.2925]","[0.9783506999956444, 1.9110144000733271]",359.5145601,359.5458892,361.8315722,362.751824,,,2.0,8.0,2026-04-08_16h35.58.619,Week3Test,59.87145595,2026-04-08 16h35.59.575052 +0200,59.22111990000002,53.35759030000003,1.9127191999999695,3.2372639000000163,-5.0,1.0,3.0,3.0,3.0,10.0,0,1.0,14.312107530000006,9.902081353212091,-3.9431591578809067,0.01901816891082025,0,1.3,0.2674170858752199,0.2
666,16,011_Lime-green.jpg,False,Lime-green,69.0,96.0,0.0,02-t/011_Lime-green_0.png,Cyan,15.0,5.0,"[(5.0, 0.9794804999837652)]",1.0,[1.8958722000243142],16.0,363.1061442,391.4650564,1.0,Lime-green,391.820859,393.495913,"[0.37, 0.085]","[0.0033333333333333335, -0.27416666666666667]","[0.8575112000107765, 1.6736465999856591]",393.8574207,,393.8789898,394.4029943,,,2.0,8.0,2026-04-08_16h35.58.619,Week3Test,59.87145595,2026-04-08 16h35.59.575052 +0200,31.296850099999972,28.358912199999963,1.6750539999999887,0.5455736000000115,5.0,1.0,3.0,3.0,3.0,10.0,1,1.0,14.312107530000006,9.902081353212091,-1.4185709215005973,0.1948857157774611,2,1.3,1.6360054291532098,1.2
667,17,018_Lime-green.jpg,True,Lime-green,47.0,100.0,1.0,02-1/018_Lime-green_0.png,,16.0,5.0,"[(5.0, 0.9167588000418618)]",16.0,[3.744297099998221],17.0,394.753417,405.1820963,1.0,Lime-green,405.5368396,407.1325339,"[0.35333333333333333, 0.03833333333333333]","[-0.016666666666666666, -0.2783333333333333]","[0.7910746999550611, 1.5938828999642283]",407.4905373,,407.5107425,408.050052,,,2.0,8.0,2026-04-08_16h35.58.619,Week3Test,59.87145595,2026-04-08 16h35.59.575052 +0200,13.29663499999998,10.428679299999999,1.595694299999991,0.5595146999999656,5.0,1.0,3.0,3.0,3.0,10.0,1,1.0,14.312107530000006,9.902081353212091,0.3921830261210972,0.5968081077499707,2,1.3,1.7927551620224886,1.2
668,18,027_Cyan.jpg,True,Cyan,13.0,100.0,100.0,01-1/027_Cyan_0.png,,17.0,5.0,"[(5.0, 1.0492867000866681)]",28.0,"[1.027763899997808, 2.4880575999850407]",18.0,408.4072945,417.5893324,2.0,Cyan,417.953468,419.8155058,"[0.37416666666666665, 0.08333333333333333]","[0.010833333333333334, -0.29083333333333333]","[0.9403657000511885, 1.8603158999467269]",420.1767912,,420.1936972,420.5993252,,,2.0,8.0,2026-04-08_16h35.58.619,Week3Test,59.87145595,2026-04-08 16h35.59.575052 +0200,12.192030700000032,9.182037900000012,1.862037799999996,0.42253399999998464,5.0,1.0,3.0,3.0,3.0,10.0,1,1.0,14.312107530000006,9.902081353212091,0.5180799315828559,0.6266986806011693,2,1.3,1.8044124854344559,1.2
669,19,016_Lime-green.jpg,True,Lime-green,56.0,100.0,5.0,02-1/016_Lime-green_0.png,,18.0,5.0,"[(5.0, 0.9824204000178725)]",29.0,[2.624681600020267],19.0,420.9616003,433.1424793,1.0,Purple,433.5017008,435.0287509,"[0.3858333333333333, 0.03166666666666667]","[-0.0033333333333333335, -0.2925]","[0.8619549999712035, 1.5254265000112355]",435.3954257,435.4267154,437.9122255,438.7314863,,,2.0,8.0,2026-04-08_16h35.58.619,Week3Test,59.87145595,2026-04-08 16h35.59.575052 +0200,17.769885999999985,12.180879000000004,1.5270500999999967,3.336060599999996,-5.0,1.0,3.0,3.0,3.0,10.0,0,1.0,14.312107530000006,9.902081353212091,0.21523035955553543,0.5536008319083437,0,1.3,0.47590432444425407,0.2
670,20,022_Cyan.jpg,True,Cyan,0.0,96.0,90.0,01-t/022_Cyan_0.png,,19.0,5.0,"[(5.0, 1.0490225000539795)]",18.0,"[1.2404901999980211, 2.8384310000110418]",20.0,439.085719,446.691275,2.0,Cyan,447.049054,448.6474569,"[0.37166666666666665, 0.013333333333333334]","[0.020833333333333332, -0.30416666666666664]","[0.9135150000220165, 1.5966464000521228]",449.0151734,,449.0259701,449.4982291,,,2.0,8.0,2026-04-08_16h35.58.619,Week3Test,59.87145595,2026-04-08 16h35.59.575052 +0200,10.41251010000002,7.6055560000000355,1.5984028999999964,0.4830557000000226,5.0,1.0,3.0,3.0,3.0,10.0,1,1.0,14.312107530000006,9.902081353212091,0.6772870562030338,0.6631329277380016,2,1.3,1.8186218418178206,1.2
671,21,016_Seafoam.jpg,False,Seafoam,5.0,100.0,66.0,02-t/016_Seafoam_0.png,Lime-green,20.0,5.0,"[(5.0, 1.036983700003475)]",4.0,"[1.0880852000555024, 3.1848498000763357]",21.0,449.8582937,463.7972996,2.0,Purple,464.1513478,465.7462408,"[0.37916666666666665, 0.028333333333333332]","[0.035833333333333335, -0.30416666666666664]","[0.9251509999157861, 1.59317339991685]",466.1128237,466.1425065,468.0440784,469.2967302,,,2.0,8.0,2026-04-08_16h35.58.619,Week3Test,59.87145595,2026-04-08 16h35.59.575052 +0200,19.438436500000023,13.939005899999984,1.5948930000000132,3.1839065000000346,-5.0,1.0,3.0,3.0,3.0,10.0,0,1.0,14.312107530000006,9.902081353212091,0.0376791117636085,0.5094186636487327,0,1.3,0.45867327882300574,0.2
672,22,022_Seafoam.jpg,True,Seafoam,0.0,99.0,72.0,02-1/022_Seafoam_0.png,,21.0,5.0,"[(5.0, 1.1858597000828013)]",27.0,"[1.2423578000161797, 8.950176600017585]",22.0,469.6576172,483.1579041,2.0,Seafoam,483.5183702,485.3134065,"[0.3641666666666667, -0.0025]","[-0.01, -0.25833333333333336]","[1.076056000078097, 1.7925589000806212]",485.6680514,,485.6912349,486.4300232,,,2.0,8.0,2026-04-08_16h35.58.619,Week3Test,59.87145595,2026-04-08 16h35.59.575052 +0200,16.77240599999999,13.500286899999992,1.7950362999999925,0.7619717999999693,5.0,1.0,3.0,3.0,3.0,10.0,1,1.0,14.312107530000006,9.902081353212091,0.08198484753275341,0.5204847391278711,2,1.3,1.7629890482598698,1.2
673,23,014_Pink.jpg,True,Pink,100.0,9.0,40.0,02-1/014_Pink_0.png,,22.0,5.0,"[(5.0, 1.2366654999786988)]",15.0,"[0.8853000999661162, 3.886344700003974]",23.0,486.7894145,504.4162903,2.0,Pink,504.7641116,506.5970913,"[0.36, 0.04583333333333333]","[0.005833333333333334, -0.29]","[1.0867037000134587, 1.80457659997046]",506.9601665,,506.9738978,507.3963218,,,2.0,8.0,2026-04-08_16h35.58.619,Week3Test,59.87145595,2026-04-08 16h35.59.575052 +0200,20.60690729999999,17.626875799999993,1.8329797000000099,0.4361552999999958,5.0,1.0,3.0,3.0,3.0,10.0,1,1.0,14.312107530000006,9.902081353212091,-0.3347546997202487,0.4170841832080195,2,1.3,1.7226628314511274,1.2
674,24,006_Pink.jpg,True,Pink,100.0,0.0,50.0,02-1/006_Pink_0.png,,23.0,4.0,"[(4.0, 1.281612899969332)]",10.0,"[1.3848460000008345, 2.150775899994187]",24.0,507.7521759,518.1970472,2.0,Pink,518.5519771,520.4444628,"[0.17666666666666667, 0.07333333333333333]","[0.005833333333333334, -0.26916666666666667]","[1.1592900999821723, 1.8907253999495879]",520.8037166,,520.8229115,521.5128199,,,2.0,8.0,2026-04-08_16h35.58.619,Week3Test,59.87145595,2026-04-08 16h35.59.575052 +0200,13.760643999999957,10.444871300000045,1.892485699999952,0.7091032999999243,4.0,1.0,3.0,3.0,3.0,10.0,1,0.75,14.312107530000006,9.902081353212091,0.390547814348696,0.5964145674900397,2,1.3,1.7276016813211155,1.15
675,25,014_Lime-green.jpg,True,Lime-green,65.0,100.0,4.0,02-1/014_Lime-green_0.png,,24.0,5.0,"[(5.0, 1.0035753000993282)]",13.0,[1.2993202999932691],25.0,521.8644284,537.3183049,1.0,Lime-green,537.6782704,539.5633979,"[0.37333333333333335, 0.09]","[0.004166666666666667, -0.25166666666666665]","[0.897837599972263, 1.883644999936223]",539.9244692,,539.9386828,540.3947768,,,2.0,8.0,2026-04-08_16h35.58.619,Week3Test,59.87145595,2026-04-08 16h35.59.575052 +0200,18.530348400000094,15.453876500000092,1.885127500000067,0.4703076000000692,5.0,1.0,3.0,3.0,3.0,10.0,1,1.0,14.312107530000006,9.902081353212091,-0.11530595733085076,0.47120540672278066,2,1.3,1.7437701086218844,1.2
676,1,018_Seafoam.jpg,True,Seafoam,13.0,100.0,58.0,02-1/018_Seafoam_0.png,,0.0,5.0,"[(5.0, 1.714673100039363)]",11.0,"[3.245288100093603, 4.58097180002369]",1.0,35.08074229990598,46.76048419997096,2.0,Seafoam,47.12399079999887,49.49063649994787,"[0.36583333333333334, -0.014166666666666666]","[-0.005833333333333334, -0.2866666666666667]","[1.5990931999403983, 2.3629735000431538]",49.87938059994485,,49.91990719991736,50.5481869999785,,,2.0,5.0,2026-04-07_15h43.58.787,Week2Train,60.03910946616833,2026-04-07 15h44.00.976025 +0200,15.46744470007252,11.679741900064982,2.3666456999489967,0.6688064000336453,5.0,1.0,2.0,2.0,2.0,10.0,1,1.0,16.503540633415575,15.277475290246988,0.31574580496491234,0.5782871237926838,2,1.3,1.7855319782791468,1.2
677,2,010_Pink.jpg,True,Pink,98.0,0.0,52.0,02-1/010_Pink_0.png,,1.0,5.0,"[(5.0, 1.713927499949932)]",3.0,"[2.745749199995771, 3.5118284000782296]",2.0,50.92890009994153,61.19860219990369,2.0,Pink,61.56476359989029,64.42516509990674,"[0.375, 0.04]","[-0.016666666666666666, -0.295]","[1.5733656999655068, 2.857481100014411]",64.80489669996314,,64.81930889992509,65.4445137999719,,,2.0,5.0,2026-04-07_15h43.58.787,Week2Train,60.03910946616833,2026-04-07 15h44.00.976025 +0200,14.515613700030372,10.26970209996216,2.8604015000164438,0.6396171000087634,5.0,1.0,2.0,2.0,2.0,10.0,1,1.0,16.503540633415575,15.277475290246988,0.40804114652589524,0.6006180896561832,2,1.3,1.7942410549659116,1.2
678,3,022_Green.jpg,True,Green,0.0,95.0,0.0,01-1/022_Green_0.png,,2.0,5.0,"[(5.0, 1.2495114000048488)]",26.0,"[1.5197929000714794, 7.070889699971303, 9.621453600004315, 11.00991859997157, 11.907040400081314, 13.104412900051102]",3.0,65.80999869992957,82.9761044998886,2.0,Green,83.3324125999352,85.47500239999499,"[0.4075, 0.09916666666666667]","[-0.005833333333333334, -0.27166666666666667]","[1.1701065000379458, 2.139408800052479]",85.85469819989521,,85.8684316999279,86.72894159995485,,,2.0,5.0,2026-04-07_15h43.58.787,Week2Train,60.03910946616833,2026-04-07 15h44.00.976025 +0200,20.918942900025286,17.16610579995904,2.1425898000597954,0.8742434000596404,5.0,5.0,2.0,2.0,2.0,10.0,1,1.0,16.503540633415575,15.277475290246988,-0.043368760476179075,0.4891595089386071,2,1.3,1.7507722084860569,1.2
679,4,006_Orange.jpg,True,Orange,100.0,45.0,0.0,02-1/006_Orange_0.png,,3.0,5.0,"[(5.0, 1.4661826000083238)]",0.0,[2.332204799982719],4.0,87.08978139993269,95.03423109999858,1.0,Orange,95.40380929992534,97.70487179991324,"[0.38083333333333336, -0.0175]","[0.0025, -0.29333333333333333]","[1.347999699995853, 2.298024900024757]",98.09188619989436,,98.11832699994557,98.73171559988988,,,2.0,5.0,2026-04-07_15h43.58.787,Week2Train,60.03910946616833,2026-04-07 15h44.00.976025 +0200,11.641934199957191,7.9444497000658885,2.301062499987893,0.63982939999552,5.0,1.0,2.0,2.0,2.0,10.0,1,1.0,16.503540633415575,15.277475290246988,0.5602424988907518,0.6365086479888324,2,1.3,1.8082383727156446,1.2
680,5,010_Yellow.jpg,True,Yellow,100.0,87.0,0.0,01-1/010_Yellow_0.png,,4.0,4.0,"[(4.0, 1.864171399967745)]",20.0,[2.910644399933517],5.0,99.10811669996474,119.80834769993088,1.0,Yellow,120.16788859991355,122.71998239995446,"[0.16916666666666666, 0.02666666666666667]","[0.005833333333333334, -0.29]","[1.7501901999348775, 2.5490580999758095]",123.09841829992364,,123.11700109997764,123.57480879989453,,,2.0,5.0,2026-04-07_15h43.58.787,Week2Train,60.03910946616833,2026-04-07 15h44.00.976025 +0200,24.466692099929787,20.700230999966138,2.5520938000409075,0.4763904999708899,4.0,1.0,2.0,2.0,2.0,10.0,1,0.75,16.503540633415575,15.277475290246988,-0.2746978991502408,0.4317541331713491,2,1.3,1.6633841119368262,1.15
681,6,022_Seafoam.jpg,True,Seafoam,0.0,99.0,72.0,02-1/022_Seafoam_0.png,,5.0,4.0,"[(4.0, 1.1669104000320658)]",12.0,"[1.9710605000145733, 5.718426000094041]",6.0,123.93385439994744,151.90868349990342,2.0,Cyan,152.2635936998995,154.15527849993668,"[0.16583333333333333, -0.0075]","[-0.004166666666666667, -0.28583333333333333]","[1.0543505999958143, 1.8878451000200585]",154.53798349993303,154.59966509998776,158.46885149995796,165.82612029998563,,,2.0,5.0,2026-04-07_15h43.58.787,Week2Train,60.03910946616833,2026-04-07 15h44.00.976025 +0200,41.8922659000382,27.974829099955983,1.8916848000371829,11.288136800052598,-4.0,1.0,2.0,2.0,2.0,10.0,0,0.75,16.503540633415575,15.277475290246988,-0.7508628388267518,0.32063332163751884,0,1.3,0.32004699543863235,0.15000000000000002
682,7,029_Seafoam.jpg,True,Seafoam,0.0,100.0,74.0,02-1/029_Seafoam_0.png,,6.0,4.0,"[(4.0, 1.232291299966164)]",14.0,"[32.92451460007578, 39.400094100041315]",7.0,166.1832702999236,220.90584469994064,2.0,Seafoam,221.2588646999793,223.1851280999836,"[0.17666666666666667, -0.0225]","[-0.015833333333333335, -0.295]","[1.1224406999535859, 1.922797599923797]",223.55121059995145,,223.58035329997077,224.454401099938,,,2.0,5.0,2026-04-07_15h43.58.787,Week2Train,60.03910946616833,2026-04-07 15h44.00.976025 +0200,58.27113080001439,54.72257440001704,1.9262634000042738,0.9031904999865503,4.0,1.0,2.0,2.0,2.0,10.0,1,0.75,16.503540633415575,15.277475290246988,-2.5016590137115244,0.0757419588008093,2,1.3,1.524539363932316,1.15
683,8,008_Purple.jpg,True,Purple,52.0,0.0,99.0,01-1/008_Purple_0.png,,7.0,5.0,"[(5.0, 1.347356800106354)]",18.0,"[7.203656600089744, 7.874473400064744]",8.0,224.8155234999722,241.37988219992255,2.0,Purple,241.74328149994835,243.78262979991268,"[0.3675, 0.021666666666666667]","[0.006666666666666667, -0.295]","[1.2072972999885678, 2.0362454000860453]",244.1700656999601,,244.196038999944,244.98860789998437,,,2.0,5.0,2026-04-07_15h43.58.787,Week2Train,60.03910946616833,2026-04-07 15h44.00.976025 +0200,20.173084400012186,16.56435869995036,2.039348299964331,0.8185422000242681,5.0,1.0,2.0,2.0,2.0,10.0,1,1.0,16.503540633415575,15.277475290246988,-0.003980897718984477,0.49900477688457395,2,1.3,1.7546118629849836,1.2
684,9,016_Lime-green.jpg,True,Lime-green,56.0,100.0,5.0,02-1/016_Lime-green_0.png,,8.0,5.0,"[(5.0, 1.5166784999892116)]",9.0,"[25.83671719999984, 32.737849900033325, 33.1288584000431, 33.90001059998758]",9.0,245.3534982999554,282.425711399992,0.0,Lime-green,282.788376799901,285.2657483998919,"[0.36083333333333334, 0.025833333333333333]","[-0.0008333333333333334, -0.30583333333333335]","[1.3748697000555694, 2.4744995000073686]",285.64478749991395,,285.6610135999508,286.23627669992857,,,2.0,5.0,2026-04-07_15h43.58.787,Week2Train,60.03910946616833,2026-04-07 15h44.00.976025 +0200,40.882778399973176,37.072213100036606,2.4773715999908745,0.591489200014621,5.0,3.0,2.0,2.0,2.0,10.0,1,1.0,16.503540633415575,15.277475290246988,-1.3463397633345804,0.2064694199579787,2,1.3,1.6405230737836118,1.2
685,10,018_Purple.jpg,True,Purple,51.0,2.0,100.0,01-1/018_Purple_0.png,,9.0,5.0,"[(5.0, 1.1308211999712512)]",23.0,"[3.3261066999984905, 4.145067899953574]",10.0,286.59664139989763,296.5749032999156,2.0,Purple,296.93906639993656,298.76355139992665,"[0.37833333333333335, 0.07583333333333334]","[0.0016666666666666668, -0.26]","[0.9916295999428257, 1.8216850999742746]",299.14772719994653,,299.1611889998894,299.68732939998154,,,2.0,5.0,2026-04-07_15h43.58.787,Week2Train,60.03910946616833,2026-04-07 15h44.00.976025 +0200,13.090688000083901,9.97826190001797,1.8244849999900907,0.5396022000350058,5.0,1.0,2.0,2.0,2.0,10.0,1,1.0,16.503540633415575,15.277475290246988,0.4271176100388321,0.6051851706924394,2,1.3,1.7960222165700515,1.2
686,11,011_Cyan.jpg,True,Cyan,0.0,88.0,97.0,01-1/011_Cyan_0.png,,10.0,5.0,"[(5.0, 1.1836033000145108)]",21.0,"[1.411342000006698, 4.369300200021826]",11.0,300.04715999995824,314.19457709998824,2.0,Cyan,314.55370989989024,316.33228959992994,"[0.36916666666666664, 0.07416666666666667]","[0.004166666666666667, -0.25083333333333335]","[1.0419705000240356, 1.7746795000275597]",316.7065631999867,,316.7266517999815,317.1840193999233,,,2.0,5.0,2026-04-07_15h43.58.787,Week2Train,60.03910946616833,2026-04-07 15h44.00.976025 +0200,17.136859399965033,14.147417100029998,1.7785797000396997,0.47745619993656874,5.0,1.0,2.0,2.0,2.0,10.0,1,1.0,16.503540633415575,15.277475290246988,0.15422204838319767,0.5384792749770432,2,1.3,1.7700069172410469,1.2
687,12,008_Blue.jpg,True,Blue,4.0,9.0,100.0,01-1/008_Blue_0.png,,11.0,5.0,"[(5.0, 0.8648387000430375)]",24.0,"[1.4541612999746576, 4.8193428999511525]",12.0,317.54412539990153,324.0222546999576,2.0,Blue,324.39152579999063,325.91325049998704,"[0.38083333333333336, 0.045]","[0.009166666666666667, -0.2791666666666667]","[0.7533807000145316, 1.5179512999020517]",326.29405419994146,,326.30966709996574,326.6693671999965,,,2.0,5.0,2026-04-07_15h43.58.787,Week2Train,60.03910946616833,2026-04-07 15h44.00.976025 +0200,9.125241800094955,6.478129300056082,1.5217246999964118,0.37531300005503,5.0,1.0,2.0,2.0,2.0,10.0,1,1.0,16.503540633415575,15.277475290246988,0.6562217344746505,0.6584111435064582,2,1.3,1.8167803459675187,1.2
688,13,006_Pink.jpg,True,Pink,100.0,0.0,50.0,02-1/006_Pink_0.png,,12.0,5.0,"[(5.0, 1.0824991000117734)]",1.0,"[1.9663124000653625, 2.8945866000140086]",13.0,327.0301397999283,337.1865384998964,2.0,Pink,337.5370637999149,339.11479719995987,"[0.36916666666666664, 0.0375]","[-0.005833333333333334, -0.285]","[0.9414154998958111, 1.574261499918066]",339.490491699893,,339.50899159989785,339.85150179988705,,,2.0,5.0,2026-04-07_15h43.58.787,Week2Train,60.03910946616833,2026-04-07 15h44.00.976025 +0200,12.821361999958754,10.156398699968122,1.5777334000449628,0.3610100999940187,5.0,1.0,2.0,2.0,2.0,10.0,1,1.0,16.503540633415575,15.277475290246988,0.41545751590902036,0.6023957639927613,2,1.3,1.794934347957177,1.2
689,14,011_Orange.jpg,True,Orange,99.0,48.0,0.0,02-1/011_Orange_0.png,,13.0,5.0,"[(5.0, 0.9667570000747219)]",4.0,[4.851282500079833],14.0,340.2143182998989,349.3184933998855,1.0,Orange,349.67245539999567,351.23098089999985,"[0.38416666666666666, 0.08083333333333333]","[0.0008333333333333334, -0.2675]","[0.8215929999714717, 1.555478599970229]",351.6127795999637,,351.62513879989274,352.00095999997575,,,2.0,5.0,2026-04-07_15h43.58.787,Week2Train,60.03910946616833,2026-04-07 15h44.00.976025 +0200,11.78664170007687,9.104175099986605,1.5585255000041798,0.388180400012061,5.0,1.0,2.0,2.0,2.0,10.0,1,1.0,16.503540633415575,15.277475290246988,0.48433169701492906,0.6187702188978285,2,1.3,1.8013203853701532,1.2
690,15,010_Red.jpg,True,Red,99.0,0.0,12.0,01-1/010_Red_0.png,,14.0,5.0,"[(5.0, 1.0828808000078425)]",25.0,"[1.3781541999196634, 2.101131599978544]",15.0,352.36377139994875,360.4393231999129,2.0,Red,360.80289489997085,363.04448599996977,"[0.36916666666666664, 0.058333333333333334]","[0.0008333333333333334, -0.2625]","[0.9420148000353947, 2.2385801000054926]",363.4232992999023,,363.4412556999596,364.15105149999727,,,2.0,5.0,2026-04-07_15h43.58.787,Week2Train,60.03910946616833,2026-04-07 15h44.00.976025 +0200,11.78728010004852,8.07555179996416,2.2415910999989137,0.727752200094983,5.0,1.0,2.0,2.0,2.0,10.0,1,1.0,16.503540633415575,15.277475290246988,0.5516611006290923,0.6345208931141114,2,1.3,1.8074631483145034,1.2
691,16,012_Lime-green.jpg,True,Lime-green,61.0,94.0,3.0,02-1/012_Lime-green_0.png,,15.0,5.0,"[(5.0, 0.9151262999512255)]",5.0,[1.9880127999931574],16.0,364.51208059990313,375.5108739999123,1.0,Lime-green,375.8692358999979,377.5269249998965,"[0.38083333333333336, 0.0008333333333333334]","[0.006666666666666667, -0.27166666666666667]","[0.7715418000007048, 1.6544733000919223]",377.9102967999642,,377.9241904999362,378.3315894999541,,,2.0,5.0,2026-04-07_15h43.58.787,Week2Train,60.03910946616833,2026-04-07 15h44.00.976025 +0200,13.819508900050948,10.998793400009163,1.6576890998986187,0.42129269998986274,5.0,1.0,2.0,2.0,2.0,10.0,1,1.0,16.503540633415575,15.277475290246988,0.36031786200437166,0.5891173773082259,2,1.3,1.7897557771502082,1.2
692,17,006_Purple.jpg,True,Purple,65.0,0.0,100.0,01-1/006_Purple_0.png,,16.0,5.0,"[(5.0, 1.1503468999871984)]",16.0,"[2.0464157999958843, 3.06648690009024]",17.0,378.6987630999647,388.9616616999265,2.0,Purple,389.3210462999996,391.1282115998911,"[0.3825, 0.04416666666666667]","[-0.010833333333333334, -0.29583333333333334]","[1.0379064000444487, 1.803404700011015]",391.5114814999979,,391.5401688999264,393.3668365998892,,,2.0,5.0,2026-04-07_15h43.58.787,Week2Train,60.03910946616833,2026-04-07 15h44.00.976025 +0200,14.668073499924503,10.262898599961773,1.8071652998914942,1.8553550998913124,5.0,1.0,2.0,2.0,2.0,10.0,1,1.0,16.503540633415575,15.277475290246988,0.4084864753430677,0.6007249085634251,2,1.3,1.7942827143397357,1.2
693,18,006_Yellow.jpg,True,Yellow,100.0,100.0,9.0,01-1/006_Yellow_0.png,,17.0,5.0,"[(5.0, 1.182830100064166)]",27.0,[2.967713200021535],18.0,393.743809199892,402.522622999968,1.0,Yellow,402.8879929999821,404.71005159989,"[0.37833333333333335, 0.0725]","[-0.02, -0.2925]","[1.0692051000660285, 1.818735200096853]",405.0889578999486,,405.1069047999336,405.5800965999952,,,2.0,5.0,2026-04-07_15h43.58.787,Week2Train,60.03910946616833,2026-04-07 15h44.00.976025 +0200,11.836287400103231,8.778813800076023,1.8220585999079049,0.4911387000466334,5.0,1.0,2.0,2.0,2.0,10.0,1,1.0,16.503540633415575,15.277475290246988,0.5056284946682881,0.6237811337855711,2,1.3,1.8032746421763728,1.2
694,19,014_Orange.jpg,True,Orange,100.0,61.0,7.0,02-1/014_Orange_0.png,,18.0,5.0,"[(5.0, 1.2841054999735206)]",7.0,[1.0659305999288335],19.0,405.9625975999516,417.73973769997247,1.0,Orange,418.0993464998901,420.67760669998825,"[0.3525, 0.029166666666666667]","[0.005, -0.2775]","[1.1425565000390634, 2.575492599979043]",421.0578684998909,,421.0727281,421.69888639997225,,,2.0,5.0,2026-04-07_15h43.58.787,Week2Train,60.03910946616833,2026-04-07 15h44.00.976025 +0200,15.736288800020645,11.777140100020858,2.578260200098157,0.6410179000813514,5.0,1.0,2.0,2.0,2.0,10.0,1,1.0,16.503540633415575,15.277475290246988,0.3093705238333464,0.5767316057086979,2,1.3,1.7849253262263922,1.2
695,20,014_Yellow.jpg,True,Yellow,100.0,98.0,11.0,01-1/014_Yellow_0.png,,19.0,5.0,"[(5.0, 0.9508554999483749)]",22.0,[1.7804857000010088],20.0,422.0617315999698,429.7854589999188,1.0,Yellow,430.1497793999733,431.7919623999624,"[0.3883333333333333, 0.06416666666666666]","[0.011666666666666667, -0.2783333333333333]","[0.8401803000597283, 1.6393730000127107]",432.1740692999447,,432.1892101999838,432.68325049988925,,,2.0,5.0,2026-04-07_15h43.58.787,Week2Train,60.03910946616833,2026-04-07 15h44.00.976025 +0200,10.621518899919465,7.723727399948984,1.6421829999891315,0.5091811999445781,5.0,1.0,2.0,2.0,2.0,10.0,1,1.0,16.503540633415575,15.277475290246988,0.5746900627665587,0.6398446768234348,2,1.3,1.8095394239611395,1.2
696,21,014_Lime-green.jpg,True,Lime-green,65.0,100.0,4.0,02-1/014_Lime-green_0.png,,20.0,5.0,"[(5.0, 0.8665253000799567)]",6.0,[2.0655632000416517],21.0,433.0427455999889,440.337365699932,1.0,Lime-green,440.7040821999544,442.1613246999914,"[0.38, 0.0125]","[0.0016666666666666668, -0.31]","[0.7204578999662772, 1.4536829000571743]",442.5437248999952,,442.5717405999312,443.19867649988737,,,2.0,5.0,2026-04-07_15h43.58.787,Week2Train,60.03910946616833,2026-04-07 15h44.00.976025 +0200,10.155930899898465,7.294620099943074,1.4572425000369549,0.654951599892172,5.0,1.0,2.0,2.0,2.0,10.0,1,1.0,16.503540633415575,15.277475290246988,0.6027776421508204,0.6462915295677643,2,1.3,1.812053696531428,1.2
697,22,007_Cyan.jpg,True,Cyan,1.0,89.0,99.0,01-1/007_Cyan_0.png,,21.0,5.0,"[(5.0, 1.0818918000441045)]",17.0,"[1.3075856000650674, 4.1171683999709785]",22.0,443.56039119989146,453.3242449999088,2.0,Cyan,453.6850036999677,455.3598662998993,"[0.3883333333333333, 0.05416666666666667]","[-0.005, -0.29]","[0.9387052999809384, 1.6718660000478849]",455.7450147999916,,455.7714751999592,456.295814699959,,,2.0,5.0,2026-04-07_15h43.58.787,Week2Train,60.03910946616833,2026-04-07 15h44.00.976025 +0200,12.735423500067554,9.76385380001733,1.6748625999316005,0.5507998999673873,5.0,1.0,2.0,2.0,2.0,10.0,1,1.0,16.503540633415575,15.277475290246988,0.44115187263309175,0.6085334646846712,2,1.3,1.7973280512270218,1.2
698,23,018_Lime-green.jpg,True,Lime-green,47.0,100.0,1.0,02-1/018_Lime-green_0.png,,22.0,5.0,"[(5.0, 1.033272400032729)]",10.0,[2.5665018000872806],23.0,456.6604436999187,464.367135199951,1.0,Lime-green,464.73308919998817,466.52604789996985,"[0.40166666666666667, 0.06]","[0.0016666666666666668, -0.285]","[0.9215641000773758, 1.789911900064908]",466.9046391999582,,466.9209802999394,467.51395919988863,,,2.0,5.0,2026-04-07_15h43.58.787,Week2Train,60.03910946616833,2026-04-07 15h44.00.976025 +0200,10.853515499969944,7.706691500032321,1.792958699981682,0.6093199999304488,5.0,1.0,2.0,2.0,2.0,10.0,1,1.0,16.503540633415575,15.277475290246988,0.5758051619300664,0.6401016040479838,2,1.3,1.8096396255787137,1.2
699,24,028_Pink.jpg,True,Pink,98.0,0.0,50.0,02-1/028_Pink_0.png,,23.0,5.0,"[(5.0, 1.299606499960646)]",13.0,"[2.7006116999546066, 3.747285000048578]",24.0,467.8759092999389,477.473428899888,2.0,Pink,477.83463099994697,480.1900176999625,"[0.37166666666666665, 0.045]","[0.01, -0.2658333333333333]","[1.1542026000097394, 2.352223900030367]",480.5673389999429,,480.5870859998977,480.9620726999128,,,2.0,5.0,2026-04-07_15h43.58.787,Week2Train,60.03910946616833,2026-04-07 15h44.00.976025 +0200,13.086163399973941,9.597519599949123,2.355386700015515,0.39473369996994734,5.0,1.0,2.0,2.0,2.0,10.0,1,1.0,16.503540633415575,15.277475290246988,0.45203941765660705,0.6111240142164265,2,1.3,1.7983383655444063,1.2
700,25,008_Orange.jpg,True,Orange,100.0,53.0,0.0,02-1/008_Orange_0.png,,24.0,5.0,"[(5.0, 0.914602700038813)]",2.0,[1.5002177999122068],25.0,481.3223863999592,489.52186789992265,1.0,Orange,489.88349699997343,492.1913538998924,"[0.38916666666666666, 0.0125]","[-0.005833333333333334, -0.2675]","[0.7702216000761837, 2.303233699989505]",492.5736935999012,,492.5869502999121,493.2448210999137,,,2.0,5.0,2026-04-07_15h43.58.787,Week2Train,60.03910946616833,2026-04-07 15h44.00.976025 +0200,11.922434699954465,8.19948149996344,2.3078568999189883,0.6711275000124601,5.0,1.0,2.0,2.0,2.0,10.0,1,1.0,16.503540633415575,15.277475290246988,0.5435491778378707,0.6326376600215855,2,1.3,1.8067286874084183,1.2
701,26,009_Cyan.jpg,True,Cyan,3.0,100.0,95.0,01-1/009_Cyan_0.png,,25.0,4.0,"[(4.0, 1.3661232999293134)]",19.0,"[2.0488011999987066, 3.695128499995917, 18.963911499944516, 19.807383499923162, 20.273619099985808, 23.316266499925405]",26.0,493.6088412998943,529.6885778999422,2.0,Seafoam,530.0499918999849,532.0390163999982,"[0.1775, -0.025833333333333333]","[0.008333333333333333, -0.30666666666666664]","[1.2232996000675485, 1.985595199977979]",532.4297277999576,532.4689525999129,535.0210490999743,536.9088733999524,,,2.0,5.0,2026-04-07_15h43.58.787,Week2Train,60.03910946616833,2026-04-07 15h44.00.976025 +0200,43.300032100058104,36.07973660004785,1.989024500013329,4.479145599994808,-4.0,5.0,2.0,2.0,2.0,10.0,0,0.75,16.503540633415575,15.277475290246988,-1.281376378931508,0.21731602451572749,0,1.3,0.2797532495611338,0.15000000000000002
702,27,014_Pink.jpg,True,Pink,100.0,9.0,40.0,02-1/014_Pink_0.png,,26.0,5.0,"[(5.0, 2.2973728000652045)]",8.0,"[6.399039999931119, 7.1581419999711215]",27.0,537.2746880999766,550.9045058999909,2.0,Pink,551.2701719999313,554.3206073999172,"[0.37, 0.09333333333333334]","[0.005, -0.2608333333333333]","[2.1813561999006197, 3.047392199980095]",554.7065096999286,,554.719252299983,555.1434623999521,,,2.0,5.0,2026-04-07_15h43.58.787,Week2Train,60.03910946616833,2026-04-07 15h44.00.976025 +0200,17.868774299975485,13.62981780001428,3.050435399985872,0.43695270002353936,5.0,1.0,2.0,2.0,2.0,10.0,1,1.0,16.503540633415575,15.277475290246988,0.18810194608764028,0.5468873193813159,2,1.3,1.7732860545587132,1.2
703,28,030_Seafoam.jpg,True,Seafoam,0.0,99.0,67.0,02-1/030_Seafoam_0.png,,27.0,5.0,"[(5.0, 1.1672604999039322)]",15.0,"[1.7926929999375716, 6.473636099952273]",28.0,555.5046617999906,568.6471680999966,2.0,Seafoam,569.01794099994,570.8369628998917,"[0.37166666666666665, 0.0525]","[0.005, -0.28583333333333333]","[1.0180724000092596, 1.8160521000390872]",571.2306749999989,,571.2503365998855,572.7244002999505,,,2.0,5.0,2026-04-07_15h43.58.787,Week2Train,60.03910946616833,2026-04-07 15h44.00.976025 +0200,17.21973849995993,13.142506300006062,1.819021899951622,1.4937252999516204,5.0,1.0,2.0,2.0,2.0,10.0,1,1.0,16.503540633415575,15.277475290246988,0.21999933035762587,0.5547790697060543,2,1.3,1.7763638371853612,1.2
704,1,016_Lime-green.jpg,True,Lime-green,56.0,100.0,5.0,02-1/016_Lime-green_0.png,,0.0,5.0,"[(5.0, 1.1482948999619111)]",9.0,[6.952196400030516],1.0,44.08391429996118,58.57648419996258,1.0,Lime-green,58.9360188000137,60.82533200003672,"[0.36666666666666664, 0.0325]","[-0.0125, -0.30333333333333334]","[1.0061940000159666, 1.8875148000661284]",61.193424500059336,,61.22364490001928,61.915838700020686,,,2.0,6.0,2026-04-07_17h07.45.407,Week2Train,59.80714585717588,2026-04-07 17h07.46.355638 +0200,17.831924400059506,14.4925699000014,1.8893132000230182,0.7224141999613494,5.0,1.0,2.0,2.0,2.0,10.0,1,1.0,16.503540633415575,15.277475290246988,0.1316297814402595,0.5328600135788774,2,1.3,1.7678154052957622,1.2
705,2,022_Green.jpg,True,Green,0.0,95.0,0.0,01-1/022_Green_0.png,,1.0,5.0,"[(5.0, 1.2160109999822453)]",26.0,"[1.912913899985142, 6.615174400038086, 10.062510199961253, 10.360952900024131, 11.027870599995367]",2.0,62.26608810003381,75.63772640004754,1.0,Green,75.99680890003219,77.94520600000396,"[0.36666666666666664, 0.08166666666666667]","[0.01, -0.2625]","[1.080790500040166, 1.9468621000414714]",78.30552529997658,,78.32279460004065,78.89551719999872,,,2.0,6.0,2026-04-07_17h07.45.407,Week2Train,59.80714585717588,2026-04-07 17h07.46.355638 +0200,16.62942909996491,13.371638300013728,1.9483970999717712,0.5899919000221416,5.0,4.0,2.0,2.0,2.0,10.0,1,1.0,16.503540633415575,15.277475290246988,0.20500130249932244,0.5510715915348753,2,1.3,1.7749179206986012,1.2
706,3,007_Cyan.jpg,True,Cyan,1.0,89.0,99.0,01-1/007_Cyan_0.png,,2.0,5.0,"[(5.0, 1.301073499955237)]",17.0,"[2.0938890000106767, 4.353850600076839]",3.0,79.25341740006115,91.61395160004032,2.0,Cyan,91.96357150003314,93.94180679996498,"[0.38416666666666666, 0.04583333333333333]","[-0.03333333333333333, -0.30833333333333335]","[1.1924277000362054, 1.9765195000218228]",94.3055977000622,,94.32256540004164,94.84549650002737,,,2.0,6.0,2026-04-07_17h07.45.407,Week2Train,59.80714585717588,2026-04-07 17h07.46.355638 +0200,15.592079099966213,12.36053419997917,1.978235299931839,0.5398987999651723,5.0,1.0,2.0,2.0,2.0,10.0,1,1.0,16.503540633415575,15.277475290246988,0.27118397213715445,0.5673835452777236,2,1.3,1.781279582658312,1.2
707,4,011_Orange.jpg,True,Orange,99.0,48.0,0.0,02-1/011_Orange_0.png,,3.0,5.0,"[(5.0, 1.1346407999517396)]",4.0,[3.250711499946192],4.0,95.20920080004726,103.98319329996592,1.0,Orange,104.33140190003904,106.176084500039,"[0.3675, 0.03333333333333333]","[0.006666666666666667, -0.26666666666666666]","[1.0039694999577478, 1.8186486000195146]",106.54627849999817,,106.55512819997966,107.0935952999862,,,2.0,6.0,2026-04-07_17h07.45.407,Week2Train,59.80714585717588,2026-04-07 17h07.46.355638 +0200,11.88439449993895,8.773992499918663,1.844682599999956,0.5473167999880388,5.0,1.0,2.0,2.0,2.0,10.0,1,1.0,16.503540633415575,15.277475290246988,0.5059440769268592,0.6238551911781937,2,1.3,1.8033035245594955,1.2
708,5,014_Lime-green.jpg,True,Lime-green,65.0,100.0,4.0,02-1/014_Lime-green_0.png,,4.0,5.0,"[(5.0, 1.366349200019613)]",6.0,[3.067540999967605],5.0,107.4494004000444,115.4188557000598,1.0,Lime-green,115.78368920006324,117.74345720000564,"[0.3675, 0.0008333333333333334]","[0.005833333333333334, -0.2875]","[1.2895537000149488, 1.9577316000359133]",118.11685670004226,,118.14024640002754,119.81218370003626,,,2.0,6.0,2026-04-07_17h07.45.407,Week2Train,59.80714585717588,2026-04-07 17h07.46.355638 +0200,12.362783299991861,7.969455300015397,1.9597679999424003,1.6953269999939948,5.0,1.0,2.0,2.0,2.0,10.0,1,1.0,16.503540633415575,15.277475290246988,0.5586057363056752,0.6361298732306616,2,1.3,1.8080906505599579,1.2
709,6,006_Yellow.jpg,True,Yellow,100.0,100.0,9.0,01-1/006_Yellow_0.png,,5.0,5.0,"[(5.0, 1.1508863000199199)]",27.0,"[4.404698799946345, 13.103583300020546, 13.938543900032528, 14.653139899950475, 15.675955799990334]",6.0,120.16937100002542,141.8187226000009,1.0,Yellow,142.18279140000232,144.09169400006067,"[0.35583333333333333, 0.0425]","[0.006666666666666667, -0.3]","[1.0237896000035107, 1.9069025999633595]",144.458087899955,,144.47109630005434,145.4947048999602,,,2.0,6.0,2026-04-07_17h07.45.407,Week2Train,59.80714585717588,2026-04-07 17h07.46.355638 +0200,25.325333899934776,21.64935159997549,1.9089026000583544,1.036617000005208,5.0,4.0,2.0,2.0,2.0,10.0,1,1.0,16.503540633415575,15.277475290246988,-0.33682338663934586,0.416581320202254,2,1.3,1.722466714878879,1.2
710,7,010_Pink.jpg,True,Pink,98.0,0.0,52.0,02-1/010_Pink_0.png,,6.0,5.0,"[(5.0, 1.2521719000069425)]",3.0,"[2.6868185000494123, 3.300055700005032]",7.0,145.85007000004407,155.62451210001018,2.0,Pink,155.978951600031,157.905360499979,"[0.37333333333333335, 0.035]","[-0.010833333333333334, -0.2775]","[1.1449954999843612, 1.9248380999779329]",158.27662080002483,,158.28658359998371,159.24354729999322,,,2.0,6.0,2026-04-07_17h07.45.407,Week2Train,59.80714585717588,2026-04-07 17h07.46.355638 +0200,13.393477299949154,9.774442099966109,1.926408899948001,0.9669264999683946,5.0,1.0,2.0,2.0,2.0,10.0,1,1.0,16.503540633415575,15.277475290246988,0.4404588065506652,0.6083683497314821,2,1.3,1.797263656395278,1.2
711,8,030_Seafoam.jpg,True,Seafoam,0.0,99.0,67.0,02-1/030_Seafoam_0.png,,7.0,5.0,"[(5.0, 1.35143500007689)]",15.0,"[1.2167454999871552, 2.4967719999840483]",8.0,159.59731129999273,171.36086550005712,2.0,Seafoam,171.7113062000135,174.3587278999621,"[0.38916666666666666, 0.045]","[0.009166666666666667, -0.2725]","[1.2454741999972612, 2.645483999978751]",174.7220973999938,,174.73588479997125,175.19406100001652,,,2.0,6.0,2026-04-07_17h07.45.407,Week2Train,59.80714585717588,2026-04-07 17h07.46.355638 +0200,15.596749700023793,11.763554200064391,2.647421699948609,0.4719636000227183,5.0,1.0,2.0,2.0,2.0,10.0,1,1.0,16.503540633415575,15.277475290246988,0.3102598003465371,0.5769486741826013,2,1.3,1.7850099829312147,1.2
712,9,011_Cyan.jpg,True,Cyan,0.0,88.0,97.0,01-1/011_Cyan_0.png,,8.0,5.0,"[(5.0, 1.0009807999012992)]",21.0,"[1.4005330000072718, 5.270778300007805]",9.0,175.54655670002103,188.9286439999705,2.0,Cyan,189.27970960002855,190.9726679000305,"[0.3725, 0.03666666666666667]","[0.0125, -0.29583333333333334]","[0.8931264000711963, 1.6909739000257105]",191.3358264999697,,191.35197469999548,191.92427459999453,,,2.0,6.0,2026-04-07_17h07.45.407,Week2Train,59.80714585717588,2026-04-07 17h07.46.355638 +0200,16.377717899973504,13.382087299949461,1.6929583000019477,0.5884481000248343,5.0,1.0,2.0,2.0,2.0,10.0,1,1.0,16.503540633415575,15.277475290246988,0.20431735441646065,0.5509023825571208,2,1.3,1.774851929197277,1.2
713,10,006_Orange.jpg,True,Orange,100.0,45.0,0.0,02-1/006_Orange_0.png,,9.0,5.0,"[(5.0, 0.9824954000068828)]",0.0,[1.588730699964799],10.0,192.2844443999929,200.0177190999966,1.0,Orange,200.37647560006008,202.3212418999756,"[0.39, 0.03833333333333333]","[-0.009166666666666667, -0.2658333333333333]","[0.8454262000741437, 1.9432018999941647]",202.6887757000513,,202.7018157000421,203.2236138000153,,,2.0,6.0,2026-04-07_17h07.45.407,Week2Train,59.80714585717588,2026-04-07 17h07.46.355638 +0200,10.939169400022394,7.7332747000037045,1.9447662999155284,0.5348380999639915,5.0,1.0,2.0,2.0,2.0,10.0,1,1.0,16.503540633415575,15.277475290246988,0.574065136208123,0.6397006539992364,2,1.3,1.8094832550597022,1.2
714,11,008_Orange.jpg,True,Orange,100.0,53.0,0.0,02-1/008_Orange_0.png,,10.0,5.0,"[(5.0, 1.1173637999454513)]",2.0,[1.5577457000035793],11.0,203.5790540999733,213.59180789999664,1.0,Orange,213.941174000036,215.9704092000611,"[0.3575, 0.028333333333333332]","[-0.01, -0.26]","[1.0102523999521509, 2.0277178999967873]",216.3293970000232,,216.3510184000479,216.74150460003875,,,2.0,6.0,2026-04-07_17h07.45.407,Week2Train,59.80714585717588,2026-04-07 17h07.46.355638 +0200,13.16245050006546,10.012753800023347,2.029235200025113,0.4121076000155597,5.0,1.0,2.0,2.0,2.0,10.0,1,1.0,16.503540633415575,15.277475290246988,0.4248599137015716,0.6046455976735415,2,1.3,1.7958117830926812,1.2
715,12,018_Lime-green.jpg,True,Lime-green,47.0,100.0,1.0,02-1/018_Lime-green_0.png,,11.0,5.0,"[(5.0, 1.1651042000157759)]",10.0,[1.5980950000230223],12.0,217.09675579995385,224.69154380005784,1.0,Lime-green,225.0418322000187,227.02275899995584,"[0.36666666666666664, 0.04583333333333333]","[-0.0175, -0.2875]","[1.028779000043869, 1.979339300072752]",227.3895222999854,,227.4006362999789,227.97310870001093,,,2.0,6.0,2026-04-07_17h07.45.407,Week2Train,59.80714585717588,2026-04-07 17h07.46.355638 +0200,10.876352900057071,7.594788000103989,1.9809267999371514,0.5835864000255242,5.0,1.0,2.0,2.0,2.0,10.0,1,1.0,16.503540633415575,15.277475290246988,0.5831298996764772,0.6417872777790511,2,1.3,1.81029703833383,1.2
716,13,014_Yellow.jpg,True,Yellow,100.0,98.0,11.0,01-1/014_Yellow_0.png,,12.0,5.0,"[(5.0, 1.4183994999621063)]",22.0,[1.316861900035292],13.0,228.3321813000366,233.66448659996968,1.0,Yellow,234.026145300013,236.05592790001535,"[0.37416666666666665, 0.05583333333333333]","[-0.015833333333333335, -0.285]","[1.2948651000624523, 2.028255600016564]",236.42117220000364,,236.43359070003496,236.9056904000463,,,2.0,6.0,2026-04-07_17h07.45.407,Week2Train,59.80714585717588,2026-04-07 17h07.46.355638 +0200,8.573509100009687,5.3323052999330685,2.029782600002335,0.48451820004265755,5.0,1.0,2.0,2.0,2.0,10.0,1,1.0,16.503540633415575,15.277475290246988,0.7312226085297044,0.6750735082482336,2,1.3,1.8232786682168112,1.2
717,14,006_Pink.jpg,True,Pink,100.0,0.0,50.0,02-1/006_Pink_0.png,,13.0,5.0,"[(5.0, 0.915564600029029)]",1.0,"[1.3365538999205455, 2.3767634999239817]",14.0,237.2621632999508,245.21472130005716,2.0,Pink,245.574442800018,247.65587779995985,"[0.365, 0.0125]","[-0.0016666666666666668, -0.29333333333333333]","[0.7792922999942675, 2.079310999950394]",248.0226279000053,,248.03316190000623,248.5728310999693,,,2.0,6.0,2026-04-07_17h07.45.407,Week2Train,59.80714585717588,2026-04-07 17h07.46.355638 +0200,11.310667800018507,7.9525580001063645,2.081434999941848,0.5502031999640167,5.0,1.0,2.0,2.0,2.0,10.0,1,1.0,16.503540633415575,15.277475290246988,0.5597117632890617,0.6363858452457024,2,1.3,1.808190479645824,1.2
718,15,028_Pink.jpg,True,Pink,98.0,0.0,50.0,02-1/028_Pink_0.png,,14.0,5.0,"[(5.0, 1.115015499992296)]",13.0,"[6.099381900043227, 6.938420800026506]",15.0,248.92978000000585,259.93176549999043,2.0,Pink,260.29143360001035,262.3793914000271,"[0.37166666666666665, 0.0575]","[-0.019166666666666665, -0.295]","[0.9773274000035599, 2.086238499963656]",262.7432195000584,,262.76598929998,263.25621530006174,,,2.0,6.0,2026-04-07_17h07.45.407,Week2Train,59.80714585717588,2026-04-07 17h07.46.355638 +0200,14.326435300055891,11.001985499984585,2.0879578000167385,0.5129958000033525,5.0,1.0,2.0,2.0,2.0,10.0,1,1.0,16.503540633415575,15.277475290246988,0.360108920414562,0.5890668003638599,2,1.3,1.7897360521419055,1.2
719,16,014_Pink.jpg,True,Pink,100.0,9.0,40.0,02-1/014_Pink_0.png,,15.0,5.0,"[(5.0, 1.1860451999818906)]",8.0,"[1.6344223000342026, 2.9594962999690324]",16.0,263.6100680000381,276.23305789998267,2.0,Pink,276.59079369995743,278.70342449995223,"[0.36666666666666664, -0.030833333333333334]","[-0.014166666666666666, -0.31833333333333336]","[1.094269199995324, 2.1111482999986038]",279.06324809999205,,279.08207180001773,279.5714479000308,,,2.0,6.0,2026-04-07_17h07.45.407,Week2Train,59.80714585717588,2026-04-07 17h07.46.355638 +0200,15.961379899992721,12.62298989994457,2.112630799994804,0.5081998000387671,5.0,1.0,2.0,2.0,2.0,10.0,1,1.0,16.503540633415575,15.277475290246988,0.2540047134586639,0.5631619506664634,2,1.3,1.7796331607599207,1.2
720,17,014_Orange.jpg,True,Orange,100.0,61.0,7.0,02-1/014_Orange_0.png,,16.0,5.0,"[(5.0, 0.8852545000845566)]",7.0,[1.3241816000081599],17.0,279.9243354999926,293.1102294999873,1.0,Orange,293.45557240000926,295.4832094999729,"[0.3725, 0.055]","[-0.011666666666666667, -0.265]","[0.7531744000734761, 2.000091699999757]",295.8507192999823,,295.86500550003257,296.3702495000325,,,2.0,6.0,2026-04-07_17h07.45.407,Week2Train,59.80714585717588,2026-04-07 17h07.46.355638 +0200,16.44591400003992,13.185893999994732,2.027637099963613,0.5195302000502124,5.0,1.0,2.0,2.0,2.0,10.0,1,1.0,16.503540633415575,15.277475290246988,0.21715935194729463,0.5540774884842768,2,1.3,1.776090220508868,1.2
721,18,008_Blue.jpg,True,Blue,4.0,9.0,100.0,01-1/008_Blue_0.png,,17.0,5.0,"[(5.0, 0.9141128999181092)]",24.0,"[2.5470250999787822, 5.529539100010879]",18.0,296.72765080002137,304.73441370006185,2.0,Blue,305.09047000005376,306.6558283000486,"[0.38666666666666666, 0.06416666666666666]","[-0.0025, -0.2941666666666667]","[0.7756659999722615, 1.5628067000070587]",307.0225128000602,,307.0315190999536,307.7218733000336,,,2.0,6.0,2026-04-07_17h07.45.407,Week2Train,59.80714585717588,2026-04-07 17h07.46.355638 +0200,10.994222500012256,8.006762900040485,1.5653582999948412,0.6993604999734089,5.0,1.0,2.0,2.0,2.0,10.0,1,1.0,16.503540633415575,15.277475290246988,0.5561637359544193,0.6355644390016064,2,1.3,1.8078701312106265,1.2
722,19,008_Purple.jpg,True,Purple,52.0,0.0,99.0,01-1/008_Purple_0.png,,18.0,5.0,"[(5.0, 0.9700118000619113)]",18.0,"[20.905783999944106, 21.399695599917322]",19.0,308.0746252000099,335.8799924000632,2.0,Purple,336.23938769998495,337.9497191000264,"[0.3725, 0.08916666666666667]","[0.009166666666666667, -0.265]","[0.8596506000030786, 1.7088480999227613]",338.31559300003573,,338.3298209999921,338.9684889999917,,,2.0,6.0,2026-04-07_17h07.45.407,Week2Train,59.80714585717588,2026-04-07 17h07.46.355638 +0200,30.893863799981773,27.805367200053297,1.7103314000414684,0.6528959999559447,5.0,1.0,2.0,2.0,2.0,10.0,1,1.0,16.503540633415575,15.277475290246988,-0.7397705675788403,0.32305431635221094,2,1.3,1.6859911833773622,1.2
723,20,022_Seafoam.jpg,True,Seafoam,0.0,99.0,72.0,02-1/022_Seafoam_0.png,,19.0,5.0,"[(5.0, 0.9992187001043931)]",12.0,"[1.8558901000069454, 3.26076259999536]",20.0,339.327821200015,353.92868590005673,2.0,Seafoam,354.2881595999934,356.0644790000515,"[0.3725, 0.05333333333333334]","[-0.004166666666666667, -0.3075]","[0.8748442999785766, 1.7746634000213817]",356.4371328999987,,356.4459298000438,357.1844628000399,,,2.0,6.0,2026-04-07_17h07.45.407,Week2Train,59.80714585717588,2026-04-07 17h07.46.355638 +0200,17.856641600024886,14.600864700041711,1.776319400058128,0.7473299000412226,5.0,1.0,2.0,2.0,2.0,10.0,1,1.0,16.503540633415575,15.277475290246988,0.12454125418147567,0.5310951321154068,2,1.3,1.7671271015250085,1.2
724,21,006_Purple.jpg,True,Purple,65.0,0.0,100.0,01-1/006_Purple_0.png,,20.0,5.0,"[(5.0, 0.9009908000007272)]",16.0,"[2.470153099973686, 3.238670499995351]",21.0,357.5430419000332,366.9781680000015,2.0,Purple,367.3361404000316,368.9303323000204,"[0.38083333333333336, 0.0625]","[-0.0225, -0.2808333333333333]","[0.7619879000121728, 1.5927212999667972]",369.2976629000623,,369.3125445999904,369.8018147000112,,,2.0,6.0,2026-04-07_17h07.45.407,Week2Train,59.80714585717588,2026-04-07 17h07.46.355638 +0200,12.258772799978033,9.435126099968329,1.5941918999888003,0.5041517999489429,5.0,1.0,2.0,2.0,2.0,10.0,1,1.0,16.503540633415575,15.277475290246988,0.46266902084009015,0.6136471507662383,2,1.3,1.7993223887988328,1.2
725,22,012_Lime-green.jpg,True,Lime-green,61.0,94.0,3.0,02-1/012_Lime-green_0.png,,21.0,5.0,"[(5.0, 0.9329324000282213)]",5.0,[1.484677299973555],22.0,370.16326830000617,382.2687419999857,1.0,Lime-green,382.6209847000428,384.3143212000141,"[0.39, 0.08583333333333333]","[-0.0033333333333333335, -0.275]","[0.7769656999735162, 1.691349699976854]",384.6807853999781,,384.69474810000975,385.2356541999616,,,2.0,6.0,2026-04-07_17h07.45.407,Week2Train,59.80714585717588,2026-04-07 17h07.46.355638 +0200,15.072385899955407,12.105473699979541,1.6933364999712808,0.5548687999834669,5.0,1.0,2.0,2.0,2.0,10.0,1,1.0,16.503540633415575,15.277475290246988,0.2878791717793661,0.5714768399719474,2,1.3,1.7828759675890593,1.2
726,23,010_Yellow.jpg,True,Yellow,100.0,87.0,0.0,01-1/010_Yellow_0.png,,22.0,5.0,"[(5.0, 1.0322997000766918)]",20.0,[2.501071900012903],23.0,385.5901195000624,395.4543474999955,1.0,Orange,395.8027560999617,398.43049119994976,"[0.37833333333333335, 0.06666666666666667]","[-0.0033333333333333335, -0.2816666666666667]","[0.8698778999969363, 2.600311700021848]",398.7975363000296,398.82782160001807,426.9790010000579,437.2660378000001,,,2.0,6.0,2026-04-07_17h07.45.407,Week2Train,59.80714585717588,2026-04-07 17h07.46.355638 +0200,51.67591829993768,9.864227999933064,2.627735099988058,38.4685014999705,-5.0,1.0,2.0,2.0,2.0,10.0,0,1.0,16.503540633415575,15.277475290246988,0.4345817949200672,0.606967226363242,0,1.3,0.4967172182816644,0.2
727,24,018_Seafoam.jpg,True,Seafoam,13.0,100.0,58.0,02-1/018_Seafoam_0.png,,23.0,5.0,"[(5.0, 1.1668414000887424)]",11.0,"[2.8988800999941304, 4.0814211999531835]",24.0,437.6287879999727,448.7341659000376,2.0,Seafoam,449.08328899997286,451.4137010000413,"[0.3775, 0.06333333333333334]","[0.008333333333333333, -0.2625]","[1.0028633000329137, 2.303212800063193]",451.7762842000229,,451.7923358000117,452.5495747999521,,,2.0,6.0,2026-04-07_17h07.45.407,Week2Train,59.80714585717588,2026-04-07 17h07.46.355638 +0200,14.920786799979396,11.105377900064923,2.3304120000684634,0.7732905999291688,5.0,1.0,2.0,2.0,2.0,10.0,1,1.0,16.503540633415575,15.277475290246988,0.35334128387016894,0.5874275963679535,2,1.3,1.7890967625835017,1.2
728,25,018_Purple.jpg,True,Purple,51.0,2.0,100.0,01-1/018_Purple_0.png,,24.0,5.0,"[(5.0, 1.0480248999083415)]",23.0,"[7.225424200063571, 7.882726600044407]",25.0,452.9210902999621,468.5357777000172,2.0,Purple,468.8839356000535,470.76406499999575,"[0.3858333333333333, 0.07416666666666667]","[0.0025, -0.2808333333333333]","[0.9006770000560209, 1.8537189000053331]",471.1278013000265,,471.1421127000358,471.813378800056,,,2.0,6.0,2026-04-07_17h07.45.407,Week2Train,59.80714585717588,2026-04-07 17h07.46.355638 +0200,18.892288500093912,15.614687400055118,1.8801293999422342,0.6855775000295239,5.0,1.0,2.0,2.0,2.0,10.0,1,1.0,16.503540633415575,15.277475290246988,0.058180636294525294,0.5145410575314733,2,1.3,1.7606710124372744,1.2
729,26,009_Cyan.jpg,True,Cyan,3.0,100.0,95.0,01-1/009_Cyan_0.png,,25.0,5.0,"[(5.0, 1.032383400015533)]",19.0,"[1.9069483999628574, 3.1699054000200704]",26.0,472.16839320003055,485.7692166999914,2.0,Cyan,486.1159126999555,487.9652186000021,"[0.3675, 0.04]","[-0.020833333333333332, -0.30666666666666664]","[0.8709397000493482, 1.8226284000556916]",488.3428512000246,,488.3578425999731,489.0294334000209,,,2.0,6.0,2026-04-07_17h07.45.407,Week2Train,59.80714585717588,2026-04-07 17h07.46.355638 +0200,16.861040199990327,13.600823499960825,1.849305900046602,0.6865821999962805,5.0,1.0,2.0,2.0,2.0,10.0,1,1.0,16.503540633415575,15.277475290246988,0.18999979239421977,0.5473575667072503,2,1.3,1.7734694510158275,1.2
730,27,010_Red.jpg,True,Red,99.0,0.0,12.0,01-1/010_Red_0.png,,26.0,5.0,"[(5.0, 1.4328689000103623)]",25.0,"[2.9134450999554247, 3.6142236000159755]",27.0,489.4004533999832,517.1567900000373,2.0,Red,517.5126976000611,519.6926637999713,"[0.38333333333333336, 0.085]","[0.006666666666666667, -0.2783333333333333]","[1.2982003000797704, 2.1783247999846935]",520.059804999968,,520.0733093000017,521.0298065999523,,,2.0,6.0,2026-04-07_17h07.45.407,Week2Train,59.80714585717588,2026-04-07 17h07.46.355638 +0200,31.629353199969103,27.756336600054112,2.179966199910268,0.9700015999842435,5.0,1.0,2.0,2.0,2.0,10.0,1,1.0,16.503540633415575,15.277475290246988,-0.7365612284002336,0.3237565656490778,2,1.3,1.6862650606031402,1.2
731,28,029_Seafoam.jpg,True,Seafoam,0.0,100.0,74.0,02-1/029_Seafoam_0.png,,27.0,5.0,"[(5.0, 1.1013213000260293)]",14.0,"[5.007047499995679, 7.924283199943602]",28.0,521.3850867999718,537.3848799000261,2.0,Seafoam,537.7469656000612,539.7911943000508,"[0.3975, 0.010833333333333334]","[-0.0033333333333333335, -0.265]","[0.9756088999565691, 2.042712499969639]",540.1570538999513,,540.1724302000366,541.3626999000553,,,2.0,6.0,2026-04-07_17h07.45.407,Week2Train,59.80714585717588,2026-04-07 17h07.46.355638 +0200,19.977613100083545,15.999793100054376,2.044228699989617,1.205646000104025,5.0,1.0,2.0,2.0,2.0,10.0,1,1.0,16.503540633415575,15.277475290246988,0.03297321866282366,0.5082425578807246,2,1.3,1.7582145975734826,1.2
732,1,010_Red.jpg,True,Red,99.0,0.0,12.0,01-1/010_Red_0.png,,0.0,5.0,"[(5.0, 0.9194123999914154)]",25.0,"[4.237624200060964, 5.089166500023566]",1.0,33.604425599914975,43.63273399998434,2.0,Red,43.99338020000141,45.70363150001504,"[0.38, 0.024166666666666666]","[-0.014166666666666666, -0.2791666666666667]","[0.8083311999216676, 1.7086370999459177]",46.06442579999566,,46.081673400010914,46.70541759999469,,,2.0,7.0,2026-04-08_16h26.50.110,Week2Train,60.0691876997417,2026-04-08 16h26.51.295594 +0200,13.100992000079714,10.028308400069363,1.7102513000136312,0.6409917999990284,5.0,1.0,2.0,2.0,2.0,10.0,1,1.0,16.503540633415575,15.277475290246988,0.4238417742675025,0.6044021862427033,2,1.3,1.795716852634654,1.2
733,2,022_Seafoam.jpg,True,Seafoam,0.0,99.0,72.0,02-1/022_Seafoam_0.png,,1.0,5.0,"[(5.0, 0.9845788999227807)]",12.0,"[2.3394351999741048, 7.489724399987608]",2.0,47.07746099994984,60.31532099994365,2.0,Seafoam,60.67978819995187,62.25225319992751,"[0.37916666666666665, 0.0625]","[-0.006666666666666667, -0.2925]","[0.8708917000330985, 1.5693053000140935]",62.62205469992477,,62.64873929996975,63.25762559997384,,,2.0,7.0,2026-04-08_16h26.50.110,Week2Train,60.0691876997417,2026-04-08 16h26.51.295594 +0200,16.180164600024,13.237859999993809,1.5724649999756366,0.6355709000490748,5.0,1.0,2.0,2.0,2.0,10.0,1,1.0,16.503540633415575,15.277475290246988,0.21375787369177088,0.5532369123095743,2,1.3,1.775762395800734,1.2
734,3,009_Cyan.jpg,True,Cyan,3.0,100.0,95.0,01-1/009_Cyan_0.png,,2.0,5.0,"[(5.0, 1.280492699937895)]",19.0,"[2.474908500094898, 3.9862239999929443]",3.0,63.61456479993649,75.54160739993677,2.0,Cyan,75.89172189997043,77.80188129993621,"[0.37666666666666665, 0.05333333333333334]","[0.010833333333333334, -0.28583333333333333]","[1.1422641999088228, 1.9085568999871612]",78.16533919994254,,78.18048510001972,78.68654199992307,,,2.0,7.0,2026-04-08_16h26.50.110,Week2Train,60.0691876997417,2026-04-08 16h26.51.295594 +0200,15.071977199986577,11.927042600000277,1.910159399965778,0.5212027999805287,5.0,1.0,2.0,2.0,2.0,10.0,1,1.0,16.503540633415575,15.277475290246988,0.2995585295652153,0.5743345921494085,2,1.3,1.7839904909382693,1.2
735,4,010_Yellow.jpg,True,Yellow,100.0,87.0,0.0,01-1/010_Yellow_0.png,,3.0,5.0,"[(5.0, 0.768501800019294)]",20.0,[5.082631499972194],4.0,79.04151189990807,93.10841749992689,1.0,Orange,93.45594399992842,94.9647901999997,"[0.36833333333333335, 0.085]","[-0.006666666666666667, -0.26916666666666667]","[0.6360173999564722, 1.4830320999026299]",95.3353291999083,95.38031789998058,102.14859329990576,104.08467369992286,,,2.0,7.0,2026-04-08_16h26.50.110,Week2Train,60.0691876997417,2026-04-08 16h26.51.295594 +0200,25.043161800014786,14.066905600018814,1.5088462000712752,8.749344500014558,-5.0,1.0,2.0,2.0,2.0,10.0,0,1.0,16.503540633415575,15.277475290246988,0.15949199636096215,0.5397886904400802,0,1.3,0.47051758927163123,0.2
736,5,010_Pink.jpg,True,Pink,98.0,0.0,52.0,02-1/010_Pink_0.png,,4.0,5.0,"[(5.0, 1.0524156000465155)]",3.0,"[1.6363838000688702, 2.388439300004393]",5.0,104.4399154999992,114.35447949997616,2.0,Pink,114.70285240001976,116.79764249990694,"[0.36833333333333335, 0.0225]","[0.01, -0.2708333333333333]","[0.9199809998972341, 2.06694539997261]",117.16671119991224,,117.17900050000752,117.80205399997068,,,2.0,7.0,2026-04-08_16h26.50.110,Week2Train,60.0691876997417,2026-04-08 16h26.51.295594 +0200,13.36213849997148,9.914563999976963,2.0947900998871773,0.6353428000584387,5.0,1.0,2.0,2.0,2.0,10.0,1,1.0,16.503540633415575,15.277475290246988,0.43128700968313527,0.6061809525471912,2,1.3,1.7964105714934047,1.2
737,6,006_Orange.jpg,True,Orange,100.0,45.0,0.0,02-1/006_Orange_0.png,,5.0,5.0,"[(5.0, 0.9667525999248028)]",0.0,[0.9207622000249103],6.0,118.15679339994676,129.60744649998378,1.0,Orange,129.96940659999382,131.66651100001764,"[0.3908333333333333, 0.07833333333333334]","[0.006666666666666667, -0.275]","[0.8428443999728188, 1.69558820000384]",132.0302605999168,,132.04511730000377,132.5338788999943,,,2.0,7.0,2026-04-08_16h26.50.110,Week2Train,60.0691876997417,2026-04-08 16h26.51.295594 +0200,14.377085500047542,11.450653100037016,1.697104400023818,0.5036183000775054,5.0,1.0,2.0,2.0,2.0,10.0,1,1.0,16.503540633415575,15.277475290246988,0.33074100513219484,0.5819396638743831,2,1.3,1.7869564689110093,1.2
738,7,016_Lime-green.jpg,True,Lime-green,56.0,100.0,5.0,02-1/016_Lime-green_0.png,,6.0,5.0,"[(5.0, 0.8645903000142425)]",9.0,[1.6887909000506625],7.0,132.88930279994383,139.26468829996884,1.0,Lime-green,139.6216882999288,141.06608349992894,"[0.395, -0.0425]","[-0.0033333333333333335, -0.31416666666666665]","[0.6939432000508532, 1.4428897000616416]",141.4353603000054,,141.4449129999848,142.90059420000762,,,2.0,7.0,2026-04-08_16h26.50.110,Week2Train,60.0691876997417,2026-04-08 16h26.51.295594 +0200,10.011291400063783,6.375385500025004,1.4443952000001445,1.4652339000022039,5.0,1.0,2.0,2.0,2.0,10.0,1,1.0,16.503540633415575,15.277475290246988,0.6629469163570698,0.6599220613135365,2,1.3,1.8173696039122793,1.2
739,8,006_Pink.jpg,True,Pink,100.0,0.0,50.0,02-1/006_Pink_0.png,,7.0,5.0,"[(5.0, 0.8316346999490634)]",1.0,"[1.3224839000031352, 2.1218612999655306]",8.0,143.25602319999598,154.75438469997607,2.0,Pink,155.1023270000005,156.51290279999375,"[0.3775, 0.005833333333333334]","[-0.010833333333333334, -0.2975]","[0.6704215999925509, 1.3832807999569923]",156.88025119993836,,156.89432510000188,157.4997841999866,,,2.0,7.0,2026-04-08_16h26.50.110,Week2Train,60.0691876997417,2026-04-08 16h26.51.295594 +0200,14.243760999990627,11.498361499980092,1.4105757999932393,0.61953300004825,5.0,1.0,2.0,2.0,2.0,10.0,1,1.0,16.503540633415575,15.277475290246988,0.32761821167079536,0.5811797384505527,2,1.3,1.7866600979957155,1.2
740,9,028_Pink.jpg,True,Pink,98.0,0.0,50.0,02-1/028_Pink_0.png,,8.0,5.0,"[(5.0, 1.1661063999636099)]",13.0,"[1.8455341999651864, 2.533963799942285]",9.0,157.85903459996916,167.21661669993773,2.0,Pink,167.57080169999972,169.34557699994184,"[0.37583333333333335, 0.09416666666666666]","[-0.0008333333333333334, -0.2758333333333333]","[1.0422012000344694, 1.7732091000070795]",169.7032708999468,,169.71295129996724,172.28321599995252,,,2.0,7.0,2026-04-08_16h26.50.110,Week2Train,60.0691876997417,2026-04-08 16h26.51.295594 +0200,14.424181399983354,9.357582099968567,1.774775299942121,2.579945100005716,5.0,1.0,2.0,2.0,2.0,10.0,1,1.0,16.503540633415575,15.277475290246988,0.467744728607673,0.6148498251844325,2,1.3,1.7997914318219288,1.2
741,10,014_Yellow.jpg,True,Yellow,100.0,98.0,11.0,01-1/014_Yellow_0.png,,9.0,5.0,"[(5.0, 1.1844166000373662)]",22.0,[1.7010087000671774],10.0,172.6363312000176,181.54109929990955,1.0,Yellow,181.9015338999452,183.76439169992227,"[0.38166666666666665, 0.09]","[0.015, -0.2825]","[1.0451196000212803, 1.86137019994203]",184.1326615000144,,184.1428739000112,184.84789510001428,,,2.0,7.0,2026-04-08_16h26.50.110,Week2Train,60.0691876997417,2026-04-08 16h26.51.295594 +0200,12.21156389999669,8.904768099891953,1.8628577999770641,0.7152335999998911,5.0,1.0,2.0,2.0,2.0,10.0,1,1.0,16.503540633415575,15.277475290246988,0.4973840499925151,0.6218443765906845,2,1.3,1.802519306870367,1.2
742,11,012_Lime-green.jpg,True,Lime-green,61.0,94.0,3.0,02-1/012_Lime-green_0.png,,10.0,5.0,"[(5.0, 2.016450999886729)]",5.0,[1.3586242999881506],11.0,185.2016496999422,193.72677339997608,1.0,Lime-green,194.08265130000652,197.0944235000061,"[0.3575, 0.06416666666666666]","[-0.02, -0.2975]","[1.8954249999951571, 3.010246300022118]",197.46219519991428,,197.47634549997747,198.06783059996087,,,2.0,7.0,2026-04-08_16h26.50.110,Week2Train,60.0691876997417,2026-04-08 16h26.51.295594 +0200,12.866180900018662,8.525123700033873,3.0117721999995695,0.6056354000465944,5.0,1.0,2.0,2.0,2.0,10.0,1,1.0,16.503540633415575,15.277475290246988,0.5222339936281917,0.627670000184234,2,1.3,1.8047913000718514,1.2
743,12,008_Orange.jpg,True,Orange,100.0,53.0,0.0,02-1/008_Orange_0.png,,11.0,5.0,"[(5.0, 0.9335828000912443)]",2.0,[1.4844408000353724],12.0,198.4231301000109,205.2055639999453,1.0,Orange,205.5665429999353,207.2468455999624,"[0.37833333333333335, 0.05333333333333334]","[-0.005833333333333334, -0.31333333333333335]","[0.8103260999778286, 1.6788711999543011]",207.6157371000154,,207.6259085999336,208.14845539990347,,,2.0,7.0,2026-04-08_16h26.50.110,Week2Train,60.0691876997417,2026-04-08 16h26.51.295594 +0200,9.725325299892575,6.782433899934404,1.6803026000270904,0.5327182998880744,5.0,1.0,2.0,2.0,2.0,10.0,1,1.0,16.503540633415575,15.277475290246988,0.6363032208395745,0.6539173212315026,2,1.3,1.8150277552802858,1.2
744,13,011_Orange.jpg,True,Orange,99.0,48.0,0.0,02-1/011_Orange_0.png,,12.0,5.0,"[(5.0, 0.7643923000432551)]",4.0,[1.1522699999623],13.0,208.50361859996335,218.01905020000413,1.0,Orange,218.3672694999259,220.36364949995183,"[0.3641666666666667, 0.06916666666666667]","[-0.005833333333333334, -0.2675]","[0.6048300999682397, 1.9700434999540448]",220.72575869993307,,220.74203580000903,221.59793399996124,,,2.0,7.0,2026-04-08_16h26.50.110,Week2Train,60.0691876997417,2026-04-08 16h26.51.295594 +0200,13.094315399997896,9.515431600040785,1.9963800000259369,0.8721753000281751,5.0,1.0,2.0,2.0,2.0,10.0,1,1.0,16.503540633415575,15.277475290246988,0.457412556761649,0.6124001834828371,2,1.3,1.7988360715583063,1.2
745,14,007_Cyan.jpg,True,Cyan,1.0,89.0,99.0,01-1/007_Cyan_0.png,,13.0,5.0,"[(5.0, 1.1663347999565303)]",17.0,"[4.759340699994937, 8.85249219997786]",14.0,221.95320180000272,239.09736549993977,2.0,Cyan,239.449819499976,241.25934399990365,"[0.3725, 0.08666666666666667]","[0.006666666666666667, -0.2783333333333333]","[1.0295057999901474, 1.8079166000243276]",241.63486499991268,,241.65806709998287,242.1478001999203,,,2.0,7.0,2026-04-08_16h26.50.110,Week2Train,60.0691876997417,2026-04-08 16h26.51.295594 +0200,20.194598399917595,17.144163699937053,1.8095244999276474,0.5129352000076324,5.0,1.0,2.0,2.0,2.0,10.0,1,1.0,16.503540633415575,15.277475290246988,-0.041932521856569205,0.48951840533829327,2,1.3,1.7509121780819343,1.2
746,15,014_Pink.jpg,True,Pink,100.0,9.0,40.0,02-1/014_Pink_0.png,,14.0,5.0,"[(5.0, 0.9355278000002727)]",8.0,"[1.3517178000183776, 3.9655919999349862]",15.0,242.50159309990704,250.7560621999437,2.0,Pink,251.1153625999577,253.1261820999207,"[0.38, 0.015833333333333335]","[0.0033333333333333335, -0.29333333333333333]","[0.7945694000227377, 2.00875670008827]",253.49322279996704,,253.50726719992235,253.87953039992132,,,2.0,7.0,2026-04-08_16h26.50.110,Week2Train,60.0691876997417,2026-04-08 16h26.51.295594 +0200,11.377937300014281,8.254469100036658,2.0108194999629916,0.38630759995427866,5.0,1.0,2.0,2.0,2.0,10.0,1,1.0,16.503540633415575,15.277475290246988,0.5399499182070387,0.6318007673577414,2,1.3,1.806402299269519,1.2
747,16,006_Purple.jpg,True,Purple,65.0,0.0,100.0,01-1/006_Purple_0.png,,15.0,5.0,"[(5.0, 1.220428999979049)]",16.0,"[1.8196017000591382, 2.6201073999982327]",16.0,254.23532179999165,264.4713620999828,2.0,Purple,264.831425899989,266.595693500014,"[0.3625, -0.023333333333333334]","[-0.009166666666666667, -0.32416666666666666]","[1.1262903000460938, 1.7625275000464171]",266.96684120001737,,266.9908424000023,267.5628326999722,,,2.0,7.0,2026-04-08_16h26.50.110,Week2Train,60.0691876997417,2026-04-08 16h26.51.295594 +0200,13.327510899980552,10.236040299991146,1.7642676000250503,0.5959914999548346,5.0,1.0,2.0,2.0,2.0,10.0,1,1.0,16.503540633415575,15.277475290246988,0.410244507966938,0.6011465058226926,2,1.3,1.7944471372708501,1.2
748,17,008_Purple.jpg,True,Purple,52.0,0.0,99.0,01-1/008_Purple_0.png,,16.0,5.0,"[(5.0, 1.4813916001003236)]",18.0,"[3.315570899983868, 3.8331294000381604]",17.0,267.9180964999832,276.3887365999399,2.0,Purple,276.7495790999383,279.19437209994067,"[0.375, 0.02666666666666667]","[0.019166666666666665, -0.2733333333333333]","[1.359547899919562, 2.4432087999302894]",279.55029519996606,,279.5732125999639,279.9292229999555,,,2.0,7.0,2026-04-08_16h26.50.110,Week2Train,60.0691876997417,2026-04-08 16h26.51.295594 +0200,12.011126499972306,8.470640099956654,2.4447930000023916,0.37892779998946935,5.0,1.0,2.0,2.0,2.0,10.0,1,1.0,16.503540633415575,15.277475290246988,0.5258002635152065,0.6285030586009555,2,1.3,1.8051161928543726,1.2
749,18,011_Cyan.jpg,True,Cyan,0.0,88.0,97.0,01-1/011_Cyan_0.png,,17.0,5.0,"[(5.0, 1.0651722999755293)]",21.0,"[1.0829675000859424, 4.468407400068827]",18.0,280.2853324000025,294.5286385999061,2.0,Cyan,294.8846623999998,296.6449075000128,"[0.36, 0.0575]","[-0.0125, -0.2733333333333333]","[0.9240671000443399, 1.7586421000305563]",297.0060611999361,,297.02252869994845,297.5463896999136,,,2.0,7.0,2026-04-08_16h26.50.110,Week2Train,60.0691876997417,2026-04-08 16h26.51.295594 +0200,17.2610572999111,14.2433061999036,1.7602451000129804,0.5403284999775337,5.0,1.0,2.0,2.0,2.0,10.0,1,1.0,16.503540633415575,15.277475290246988,0.1479455466673142,0.536919071188189,2,1.3,1.7693984377633936,1.2
750,19,030_Seafoam.jpg,True,Seafoam,0.0,99.0,67.0,02-1/030_Seafoam_0.png,,18.0,5.0,"[(5.0, 1.3990774999838322)]",15.0,"[0.9855162999592721, 4.536980399978347]",19.0,297.89939019992016,310.08602739998605,2.0,Seafoam,310.4464335999219,313.2273699999787,"[0.3625, 0.0725]","[-0.0275, -0.2875]","[1.2638170000864193, 2.779401700012386]",313.5906038999092,,313.60525329993106,314.227853499935,,,2.0,7.0,2026-04-08_16h26.50.110,Week2Train,60.0691876997417,2026-04-08 16h26.51.295594 +0200,16.328463300014846,12.186637200065888,2.7809364000568166,0.6372496000258252,5.0,1.0,2.0,2.0,2.0,10.0,1,1.0,16.503540633415575,15.277475290246988,0.2825665465880715,0.5701753343911748,2,1.3,1.7823683804125583,1.2
751,20,014_Lime-green.jpg,True,Lime-green,65.0,100.0,4.0,02-1/014_Lime-green_0.png,,19.0,5.0,"[(5.0, 1.0192605999764055)]",6.0,[1.4847381999716163],20.0,314.58672339993063,325.5839502000017,1.0,Lime-green,325.9456387999235,327.6729675999377,"[0.36833333333333335, 0.034166666666666665]","[-0.014166666666666666, -0.28]","[0.8803552000317723, 1.7258811000501737]",328.0399518000195,,328.0545011999784,328.628790399991,,,2.0,7.0,2026-04-08_16h26.50.110,Week2Train,60.0691876997417,2026-04-08 16h26.51.295594 +0200,14.042067000060342,10.997226800071076,1.7273288000142202,0.5888385999714956,5.0,1.0,2.0,2.0,2.0,10.0,1,1.0,16.503540633415575,15.277475290246988,0.3604204051214983,0.5891421984727673,2,1.3,1.7897654574043793,1.2
752,21,029_Seafoam.jpg,True,Seafoam,0.0,100.0,74.0,02-1/029_Seafoam_0.png,,20.0,5.0,"[(5.0, 0.8834679999854416)]",14.0,"[1.199594400008209, 4.5342118999687955]",21.0,328.9918775999686,341.89699159993324,2.0,Seafoam,342.24478989990894,344.1558295999421,"[0.3625, 0.0675]","[-0.005, -0.2808333333333333]","[0.7209861000301316, 1.8828766000224277]",344.5227851999225,,344.5373168999795,345.0090608999599,,,2.0,7.0,2026-04-08_16h26.50.110,Week2Train,60.0691876997417,2026-04-08 16h26.51.295594 +0200,16.017183299991302,12.90511399996467,1.9110397000331432,0.48627570003736764,5.0,1.0,2.0,2.0,2.0,10.0,1,1.0,16.503540633415575,15.277475290246988,0.2355380431050745,0.5586137789076149,2,1.3,1.7778593737739699,1.2
753,22,018_Purple.jpg,True,Purple,51.0,2.0,100.0,01-1/018_Purple_0.png,,21.0,5.0,"[(5.0, 0.8490340999560431)]",23.0,"[2.729769599973224, 3.6502677999669686]",22.0,345.3659251999343,355.88151430001017,2.0,Purple,356.2313996999292,357.72529979993124,"[0.36916666666666664, 0.028333333333333332]","[-0.006666666666666667, -0.30583333333333335]","[0.7090220999671146, 1.4921090999851003]",358.0924783999799,,358.10345359996427,358.74416239990387,,,2.0,7.0,2026-04-08_16h26.50.110,Week2Train,60.0691876997417,2026-04-08 16h26.51.295594 +0200,13.37823719996959,10.515589100075886,1.4939001000020085,0.6516839999239892,5.0,1.0,2.0,2.0,2.0,10.0,1,1.0,16.503540633415575,15.277475290246988,0.3919464060375439,0.5967511689834668,2,1.3,1.792732955903552,1.2
754,23,018_Lime-green.jpg,True,Lime-green,47.0,100.0,1.0,02-1/018_Lime-green_0.png,,22.0,5.0,"[(5.0, 0.8487889000680298)]",10.0,[4.351756899966858],23.0,359.1015513999155,369.09200740000233,1.0,Lime-green,369.4455008999212,370.97271230001934,"[0.4, 0.055]","[-0.0016666666666666668, -0.255]","[0.709759599994868, 1.5254567998927087]",371.3405088,,371.3528855999466,371.7918103999691,,,2.0,7.0,2026-04-08_16h26.50.110,Week2Train,60.0691876997417,2026-04-08 16h26.51.295594 +0200,12.69025900005363,9.990456000086851,1.5272114000981105,0.45130159996909924,5.0,1.0,2.0,2.0,2.0,10.0,1,1.0,16.503540633415575,15.277475290246988,0.426319434958381,0.604994441864931,2,1.3,1.795947832327323,1.2
755,24,006_Yellow.jpg,True,Yellow,100.0,100.0,9.0,01-1/006_Yellow_0.png,,23.0,5.0,"[(5.0, 0.8474544000346214)]",27.0,[2.9681687999982387],24.0,372.15346800000407,378.8395784000168,1.0,Yellow,379.1964699999662,380.83838769991416,"[0.38416666666666666, 0.03833333333333333]","[-0.021666666666666667, -0.3]","[0.7079125000163913, 1.6402688999660313]",381.2107443999266,,381.2192540999968,381.8898349999217,,,2.0,7.0,2026-04-08_16h26.50.110,Week2Train,60.0691876997417,2026-04-08 16h26.51.295594 +0200,9.736366999917607,6.686110400012751,1.6419176999479532,0.6790905999950496,5.0,1.0,2.0,2.0,2.0,10.0,1,1.0,16.503540633415575,15.277475290246988,0.6426081565761189,0.6553427997603251,2,1.3,1.8155836919065267,1.2
756,25,022_Green.jpg,True,Green,0.0,95.0,0.0,01-1/022_Green_0.png,,24.0,5.0,"[(5.0, 0.8375647999346256)]",26.0,"[1.7724725001025945, 4.17507660004776]",25.0,382.2467117999913,391.2573920999421,2.0,Green,391.6112878000131,393.15485579997767,"[0.38416666666666666, 0.08]","[0.0016666666666666668, -0.2783333333333333]","[0.7293907999992371, 1.5414053000276908]",393.5208857000107,,393.53552789997775,395.0736748999916,,,2.0,7.0,2026-04-08_16h26.50.110,Week2Train,60.0691876997417,2026-04-08 16h26.51.295594 +0200,12.826963100000285,9.010680299950764,1.54356799996458,1.5527891999809071,5.0,1.0,2.0,2.0,2.0,10.0,1,1.0,16.503540633415575,15.277475290246988,0.4904514778203039,0.6202127832112735,2,1.3,1.8018829854523968,1.2
757,26,014_Orange.jpg,True,Orange,100.0,61.0,7.0,02-1/014_Orange_0.png,,25.0,5.0,"[(5.0, 1.1154001000104472)]",7.0,[4.086096000042744],26.0,395.4318964999402,404.38201209995896,1.0,Orange,404.7427309999475,406.4704452999868,"[0.37916666666666665, 0.055]","[0.01, -0.28]","[0.9954786000307649, 1.7257473000790924]",406.8393583999714,,406.8515509999124,407.524722800008,,,2.0,7.0,2026-04-08_16h26.50.110,Week2Train,60.0691876997417,2026-04-08 16h26.51.295594 +0200,12.092826300067827,8.950115600018762,1.7277143000392812,0.685364400036633,5.0,1.0,2.0,2.0,2.0,10.0,1,1.0,16.503540633415575,15.277475290246988,0.4944157912151137,0.6211461268005166,2,1.3,1.8022469894522015,1.2
758,27,008_Blue.jpg,True,Blue,4.0,9.0,100.0,01-1/008_Blue_0.png,,26.0,5.0,"[(5.0, 1.0168130999663845)]",24.0,"[1.3279066999675706, 3.9580518000293523]",27.0,407.8828171999194,413.49702759995125,2.0,Blue,413.8587895999663,415.5567488999805,"[0.37833333333333335, 0.08833333333333333]","[0.0025, -0.285]","[0.8785817000316456, 1.6964780000271276]",415.91882369993255,,415.9345123999519,416.7910063000163,,,2.0,7.0,2026-04-08_16h26.50.110,Week2Train,60.0691876997417,2026-04-08 16h26.51.295594 +0200,8.908189100096934,5.6142104000318795,1.6979593000141904,0.8721826000837609,5.0,1.0,2.0,2.0,2.0,10.0,1,1.0,16.503540633415575,15.277475290246988,0.7127702730002353,0.6710129996588345,2,1.3,1.8216950698669456,1.2
759,28,018_Seafoam.jpg,True,Seafoam,13.0,100.0,58.0,02-1/018_Seafoam_0.png,,27.0,5.0,"[(5.0, 0.9159834000747651)]",11.0,"[3.8058458999730647, 6.7773053999990225]",28.0,417.14572899998166,432.6247355999658,2.0,Seafoam,432.9762327999342,434.5188349999953,"[0.3775, 0.06583333333333333]","[0.005, -0.28]","[0.777626600000076, 1.541107999975793]",434.8921509999782,,434.9011065999512,435.4229436999885,,,2.0,7.0,2026-04-08_16h26.50.110,Week2Train,60.0691876997417,2026-04-08 16h26.51.295594 +0200,18.277214700006823,15.479006599984132,1.5426022000610828,0.530792700010295,5.0,1.0,2.0,2.0,2.0,10.0,1,1.0,16.503540633415575,15.277475290246988,0.06706173722863079,0.516759153898666,2,1.3,1.7615360700204798,1.2
760,1,DemoRed.jpg,True,Red,96.0,6.0,0.0,Demo/DemoRed_0.png,,0.0,5.0,"[(5.0, 2.167530299979262)]",0.0,[],1.0,44.755666699958965,50.96946579997893,0.0,Red,51.32478099991568,55.35292149998713,"[0.37666666666666665, 0.0325]","[-0.030833333333333334, -0.29083333333333333]","[1.9408166999928653, 4.026268499903381]",55.7133469999535,,55.72944289993029,56.38528839999344,,,1.0,0,2026-04-09_21h55.42.986,Week4Demo,59.76571838116722,2026-04-09 21h55.44.966284 +0200,11.629621700034477,6.213799100019962,4.028140500071451,0.6719414000399411,5.0,0.0,1.0,1.0,4.0,14.0,1,1.0,13.639097529088817,9.358203989079515,0.7934533632451003,0.6885723532359574,2,1.45,2.0395289736576414,1.2
761,2,DemoOrange.jpg,True,Orange,100.0,60.0,0.0,Demo/DemoOrange_0.png,,1.0,5.0,"[(5.0, 1.3991643999470398)]",1.0,"[4.674946599989198, 6.184656099998392, 9.8437676000176]",2.0,56.74456679995637,73.88953309995122,3.0,Orange,74.23601230001077,76.500145399943,"[0.345, -0.0275]","[0.0033333333333333335, -0.25]","[1.1535646000411361, 2.2366390000097454]",76.85863869998138,,76.87827360001393,77.30125719995704,,,1.0,0,2026-04-09_21h55.42.986,Week4Demo,59.76571838116722,2026-04-09 21h55.44.966284 +0200,20.55669040000067,17.144966299994856,2.2641330999322236,0.4426184999756515,5.0,2.0,1.0,1.0,4.0,14.0,1,1.0,13.639097529088817,9.358203989079515,-0.37463051403850417,0.40742260177703116,2,1.45,1.9172288317730086,1.2
762,3,DemoBrown.jpg,True,Brown,51.0,29.0,0.0,Demo/DemoBrown_0.png,,2.0,4.0,"[(4.0, 2.2986900000832975)]",2.0,"[8.191648799926043, 8.77466470003128, 9.535125099937432]",3.0,77.66039530001581,149.20655060000718,3.0,Brown,149.57483830000274,152.89449149998836,"[0.14583333333333334, 0.013333333333333334]","[-0.008333333333333333, -0.2991666666666667]","[2.070401099976152, 3.3175201999256387]",153.26047390000895,,153.27547889994457,153.8650159999961,,,1.0,0,2026-04-09_21h55.42.986,Week4Demo,59.76571838116722,2026-04-09 21h55.44.966284 +0200,76.2046206999803,71.54615529999137,3.3196531999856234,0.6045420999871567,4.0,2.0,1.0,1.0,4.0,14.0,1,0.75,13.639097529088817,9.358203989079515,-6.1878388030947775,0.00205005028347617,2,1.45,1.668391771873312,1.15
763,4,DemoYellow.jpg,True,Yellow,96.0,100.0,0.0,Demo/DemoYellow_0.png,,3.0,5.0,"[(5.0, 1.264536299975589)]",3.0,[],4.0,154.21881410002243,163.16571530001238,0.0,Yellow,163.52066229993943,166.14512310002465,"[0.37916666666666665, 0.058333333333333334]","[-0.019166666666666665, -0.28583333333333333]","[1.0261706999735907, 2.621482099988498]",166.5107911999803,,166.52495689992793,167.06458769994788,,,1.0,0,2026-04-09_21h55.42.986,Week4Demo,59.76571838116722,2026-04-09 21h55.44.966284 +0200,12.845773599925451,8.946901199989952,2.6244608000852168,0.5537964999675751,5.0,0.0,1.0,1.0,4.0,14.0,1,1.0,13.639097529088817,9.358203989079515,0.5013992358549128,0.622788100433925,2,1.45,2.010912823688757,1.2
764,5,DemoLime-green.jpg,True,Lime-green,60.0,100.0,0.0,Demo/DemoLime-green_0.png,,4.0,5.0,"[(5.0, 1.200285500031896)]",4.0,[],5.0,167.42779270000756,180.511632299982,0.0,Lime-green,180.86824270000216,183.79697010002565,"[0.3408333333333333, 0.0575, 0.05333333333333334]","[0.025, -0.24083333333333334, -0.275]","[0.9596935000736266, 2.026959800045006, 2.927023300086148]",184.15259559999689,,184.17420539993327,184.8299764000112,,,1.0,0,2026-04-09_21h55.42.986,Week4Demo,59.76571838116722,2026-04-09 21h55.44.966284 +0200,17.402183700003633,13.083839599974453,2.92872740002349,0.6773808000143049,5.0,0.0,1.0,1.0,4.0,14.0,1,1.0,13.639097529088817,9.358203989079515,0.05933381338580751,0.5148291031118266,2,1.45,1.9639506598536445,1.2
765,6,DemoGreen.jpg,True,Green,0.0,98.0,5.0,Demo/DemoGreen_0.png,,5.0,5.0,"[(5.0, 1.4154151000548154)]",5.0,[],6.0,185.1856351000024,193.65251649997663,0.0,Green,194.0022354000248,196.32574100000784,"[0.35833333333333334, 0.025833333333333333]","[-0.019166666666666665, -0.3025]","[1.205335900071077, 2.321785500040278]",196.6862759999931,,196.70700369996484,197.23056259995792,,,1.0,0,2026-04-09_21h55.42.986,Week4Demo,59.76571838116722,2026-04-09 21h55.44.966284 +0200,12.04492749995552,8.466881399974227,2.3235055999830365,0.5442865999648347,5.0,0.0,1.0,1.0,4.0,14.0,1,1.0,13.639097529088817,9.358203989079515,0.5526932448950961,0.6347602183810915,2,1.45,2.0161206949957746,1.2
766,7,DemoSeafoam.jpg,True,Seafoam,0.0,100.0,60.0,Demo/DemoSeafoam_0.png,,6.0,4.0,"[(4.0, 2.33549700002186)]",6.0,"[7.516563600045629, 8.394377800053917, 8.999245000071824]",7.0,197.5839183999924,233.90567629993893,3.0,Seafoam,234.26313520001716,238.69116889999717,"[0.135, 0.09]","[-0.008333333333333333, -0.2833333333333333]","[2.1152250999584794, 4.425938899978064]",239.0527293999912,,239.07229389995337,239.64511629997287,,,1.0,0,2026-04-09_21h55.42.986,Week4Demo,59.76571838116722,2026-04-09 21h55.44.966284 +0200,42.06119789998047,36.32175789994653,4.428033699980006,0.5923868999816762,4.0,2.0,1.0,1.0,4.0,14.0,1,0.75,13.639097529088817,9.358203989079515,-2.4238262381678233,0.08137377765692108,2,1.45,1.7028975932807606,1.15
767,8,DemoCyan.jpg,True,Cyan,1.0,100.0,92.0,Demo/DemoCyan_0.png,,7.0,5.0,"[(5.0, 1.684008900076151)]",7.0,"[2.914827900007367, 3.390121500007808, 3.994158400106244]",8.0,240.0011828999268,272.729890699964,3.0,Cyan,273.0799362999387,277.3395572999725,"[0.3408333333333333, 0.020833333333333332]","[-0.043333333333333335, -0.2783333333333333]","[1.4592216999735683, 4.257721999892965]",277.70263229997363,,277.7207609999459,279.2938124999637,,,1.0,0,2026-04-09_21h55.42.986,Week4Demo,59.76571838116722,2026-04-09 21h55.44.966284 +0200,39.29262960003689,32.72870780003723,4.259621000033803,1.591180199990049,5.0,2.0,1.0,1.0,4.0,14.0,1,1.0,13.639097529088817,9.358203989079515,-2.0398796920033897,0.11507898314057624,2,1.45,1.7900593576661503,1.2
768,9,DemoTeal.jpg,True,Teal,1.0,51.0,48.0,Demo/DemoTeal_0.png,,8.0,5.0,"[(5.0, 2.216597699909471)]",8.0,"[24.356907300068997, 24.870801700046286, 25.451945100096054]",9.0,279.6491360999644,322.7921885999385,3.0,Teal,323.14448169991374,327.00430609995965,"[0.3958333333333333, 0.02]","[0.011666666666666667, -0.29833333333333334]","[1.9800066000316292, 3.8581225000089034]",327.3661903999746,,327.3857378999237,329.6759535999736,,,1.0,0,2026-04-09_21h55.42.986,Week4Demo,59.76571838116722,2026-04-09 21h55.44.966284 +0200,50.0268175000092,43.14305249997415,3.859824400045909,2.309763199998997,5.0,2.0,1.0,1.0,4.0,14.0,1,1.0,13.639097529088817,9.358203989079515,-3.1527368932451942,0.04098357232830581,2,1.45,1.757827853962813,1.2
769,10,DemoBlue.jpg,True,Blue,0.0,0.0,90.0,Demo/DemoBlue_0.png,,9.0,5.0,"[(5.0, 1.1164298000512645)]",9.0,[],10.0,330.0280486999545,336.5468269999837,0.0,Blue,336.8996110999724,338.7590300999582,"[0.35833333333333334, 0.013333333333333334]","[0.005, -0.25916666666666666]","[0.8720017999876291, 1.8574215000262484]",339.1184037999483,,339.13564029999543,339.9744188999757,,,1.0,0,2026-04-09_21h55.42.986,Week4Demo,59.76571838116722,2026-04-09 21h55.44.966284 +0200,9.946370200021192,6.518778300029169,1.8594189999857917,0.8560151000274345,5.0,0.0,1.0,1.0,4.0,14.0,1,1.0,13.639097529088817,9.358203989079515,0.7608638620582165,0.6815412582015508,2,1.45,2.0364704473176745,1.2
770,11,DemoPurple.jpg,True,Purple,65.0,3.0,100.0,Demo/DemoPurple_0.png,,10.0,5.0,"[(5.0, 1.1378388999728486)]",10.0,[],11.0,340.3329499999527,348.2027789999265,0.0,Purple,348.5608216000255,350.5227148999693,"[0.3875, 0.11]","[-0.015833333333333335, -0.25083333333333335]","[0.916402000002563, 1.9598927999613807]",350.8874486000277,,350.903275199933,351.39190479996614,,,1.0,0,2026-04-09_21h55.42.986,Week4Demo,59.76571838116722,2026-04-09 21h55.44.966284 +0200,11.058954800013453,7.869828999973834,1.9618932999437675,0.5044561999384314,5.0,0.0,1.0,1.0,4.0,14.0,1,1.0,13.639097529088817,9.358203989079515,0.6164931364872349,0.6494205476523516,2,1.45,2.022497938228773,1.2
771,12,DemoPink.jpg,True,Pink,100.0,2.0,40.0,Demo/DemoPink_0.png,,11.0,5.0,"[(5.0, 1.1676215999759734)]",11.0,[],12.0,351.7515208999393,359.62892109993845,0.0,Pink,359.975779099972,362.9032995000016,"[0.37583333333333335, 0.0008333333333333334, 0.024166666666666666]","[0.035, -0.3425, -0.3025]","[0.9033103999681771, 2.0337365999585018, 2.9005396000575274]",363.2694484000094,,363.2847159999656,363.939701299998,,,1.0,0,2026-04-09_21h55.42.986,Week4Demo,59.76571838116722,2026-04-09 21h55.44.966284 +0200,12.188180400058684,7.877400199999158,2.927520400029607,0.6702528999885544,5.0,0.0,1.0,1.0,4.0,14.0,1,1.0,13.639097529088817,9.358203989079515,0.6156840923550317,0.6492363274832419,2,1.45,2.02241780245521,1.2
772,13,DemoBordeaux.jpg,True,Bordeaux,51.0,0.0,15.0,Demo/DemoBordeaux_0.png,,12.0,4.0,"[(4.0, 2.7675310000777245)]",12.0,"[25.196219899924472, 26.59468650002964, 27.59545259992592]",13.0,364.2943205999909,397.803554299986,3.0,Bordeaux,398.1571771999588,401.67222269997,"[0.16916666666666666, 0.03833333333333333]","[0.011666666666666667, -0.265]","[2.530113200074993, 3.5131061000283808]",402.0281115999678,,402.0493392000208,402.4885680999141,,,1.0,0,2026-04-09_21h55.42.986,Week4Demo,59.76571838116722,2026-04-09 21h55.44.966284 +0200,38.19424749992322,33.50923369999509,3.5150455000111833,0.46045649994630367,4.0,2.0,1.0,1.0,4.0,14.0,1,0.75,13.639097529088817,9.358203989079515,-2.123285215207275,0.10685413641896341,2,1.45,1.713981549342249,1.15
773,14,DemoGrey.jpg,True,Grey,51.0,51.0,51.0,Demo/DemoGrey_0.png,,13.0,5.0,"[(5.0, 1.651850500027649)]",13.0,[],14.0,402.8434422999853,412.77614909992553,0.0,Grey,413.1235533999279,415.6343502999516,"[0.36, 0.05]","[-0.0125, -0.28]","[1.401793000055477, 2.4837045000167564]",415.9935453999788,,416.01595579995774,416.53879609995056,,,1.0,0,2026-04-09_21h55.42.986,Week4Demo,59.76571838116722,2026-04-09 21h55.44.966284 +0200,13.695353799965233,9.932706799940206,2.5107969000237063,0.5452506999717457,5.0,0.0,1.0,1.0,4.0,14.0,1,1.0,13.639097529088817,9.358203989079515,0.3960579116969191,0.5977401636542568,2,1.45,2.0000169711896016,1.2
774,1,013_Seafoam.jpg,True,Seafoam,9.0,100.0,59.0,03-1/013_Seafoam_0.png,,0.0,5.0,"[(5.0, 1.3314984000026016)]",29.0,"[8.659992200002307, 10.145405999996001, 10.595353999990039, 11.061914199992316, 11.474229699990246, 12.86039719999826]",1.0,133.337432,153.5286731,2.0,Seafoam,153.8887811,156.3737016,"[0.36, 0.004166666666666667]","[0.0016666666666666668, -0.2966666666666667]","[1.1153017000033287, 2.4817214000067906]",156.7591741,,156.8028689,157.8461951,,,1.0,4.0,2026-04-16_13h15.13.797,Week4Test,59.94844434,2026-04-16 13h15.16.381142 +0200,24.50876309999998,20.191241099999985,2.4849205000000154,1.087020999999993,5.0,5.0,3.0,3.0,4.0,14.0,1,1.0,13.639097529088817,9.358203989079515,-0.7001496845502773,0.33177904167563144,2,1.45,1.8843238831288995,1.2
775,2,022_Teal.jpg,False,Teal,0.0,54.0,45.0,03-2/022_Teal_0.png,Bordeaux,1.0,5.0,"[(5.0, 1.364898900006665)]",36.0,"[1.5129946999950334, 3.0182093999901554]",2.0,158.2091134,164.7031366,2.0,Teal,165.0670554,167.522617,"[0.38083333333333336, 0.029166666666666667]","[0.0016666666666666668, -0.2875]","[1.119764999995823, 2.451780500006862]",167.9040143,,167.9190345,168.4113732,,,1.0,4.0,2026-04-16_13h15.13.797,Week4Test,59.94844434,2026-04-16 13h15.16.381142 +0200,10.202259800000007,6.494023199999987,2.45556160000001,0.507358900000014,5.0,1.0,3.0,3.0,4.0,14.0,1,1.0,13.639097529088817,9.358203989079515,0.7635091452832958,0.6821151218842414,2,1.45,2.036720078019645,1.2
776,3,032_Brown.jpg,False,Brown,49.0,22.0,0.0,03-2/032_Brown_0.png,Bordeaux,2.0,5.0,"[(5.0, 6.947973400005139)]",12.0,"[3.385607299991534, 4.355475200005458, 5.159468700003345, 5.4839877000049455, 6.0890849999996135]",3.0,168.7717118,183.7147975,1.0,Brown,184.0813022,191.823251,"[0.355, -0.019166666666666665]","[-0.005833333333333334, -0.2783333333333333]","[6.706424900010461, 7.7380741000088165]",192.2032615,,192.2178037,192.893007,,,1.0,4.0,2026-04-16_13h15.13.797,Week4Test,59.94844434,2026-04-16 13h15.16.381142 +0200,24.12129520000002,14.943085700000012,7.741948799999989,0.689745500000015,5.0,4.0,3.0,3.0,4.0,14.0,1,1.0,13.639097529088817,9.358203989079515,-0.1393417126227291,0.4652208266722643,2,1.45,1.9423710596024348,1.2
777,4,006_Teal.jpg,True,Teal,0.0,46.0,53.0,03-1/006_Teal_0.png,,3.0,5.0,"[(5.0, 1.1483399999997346)]",31.0,"[4.0631304000125965, 8.451556600004551]",4.0,193.2562355,204.9772643,2.0,Teal,205.3306437,207.5720629,"[0.36583333333333334, 0.049166666666666664]","[-0.006666666666666667, -0.2725]","[0.9043420999951195, 2.237400300000445]",207.9530665,,207.967609,208.3937125,,,1.0,4.0,2026-04-16_13h15.13.797,Week4Test,59.94844434,2026-04-16 13h15.16.381142 +0200,15.13747699999999,11.7210288,2.2414191999999957,0.44064599999998677,5.0,1.0,3.0,3.0,4.0,14.0,1,1.0,13.639097529088817,9.358203989079515,0.20496120103035725,0.5510616707442778,2,1.45,1.9797118267737608,1.2
778,5,030_Red.jpg,False,Red,99.0,12.0,1.0,03-2/030_Red_0.png,Seafoam,4.0,5.0,"[(5.0, 1.61566650000168)]",28.0,"[2.2106071000016527, 2.964108300002408]",5.0,208.7562174,217.5395998,2.0,Red,217.8976328,220.3388154,"[0.37416666666666665, 0.06833333333333333]","[-0.0175, -0.25833333333333336]","[1.4035084999923129, 2.4374632999970345]",220.7143713,,220.7340644,221.3264938,,,1.0,4.0,2026-04-16_13h15.13.797,Week4Test,59.94844434,2026-04-16 13h15.16.381142 +0200,12.570276400000012,8.783382399999994,2.4411825999999905,0.6121224999999981,5.0,1.0,3.0,3.0,4.0,14.0,1,1.0,13.639097529088817,9.358203989079515,0.5188725459238934,0.626884092071279,2,1.45,2.012694580051006,1.2
779,6,020_Grey.jpg,True,Grey,47.0,44.0,45.0,03-1/020_Grey_0.png,,5.0,5.0,"[(5.0, 1.3139137999969535)]",17.0,"[1.5250391000008676, 1.9835846000059973]",6.0,221.6868045,226.8207889,2.0,Grey,227.1809537,229.4220503,"[0.3591666666666667, 0.07583333333333334]","[0.0016666666666666668, -0.31416666666666665]","[1.069771899987245, 2.2375063999934355]",229.8045135,,229.8167567,230.3434259,,,1.0,4.0,2026-04-16_13h15.13.797,Week4Test,59.94844434,2026-04-16 13h15.16.381142 +0200,8.656621400000006,5.133984400000003,2.2410965999999917,0.5389123999999867,5.0,1.0,3.0,3.0,4.0,14.0,1,1.0,13.639097529088817,9.358203989079515,0.908840322247067,0.7127627982092426,2,1.45,2.0500518172210205,1.2
780,7,031_Bordeaux.jpg,True,Bordeaux,47.0,5.0,21.0,03-1/031_Bordeaux_0.png,,6.0,5.0,"[(5.0, 1.5644138999923598)]",3.0,"[2.204197300001397, 3.153761300010956]",7.0,230.7034314,239.6012584,2.0,Bordeaux,239.9640046,242.5536928,"[0.37333333333333335, 0.06416666666666666]","[-0.005833333333333334, -0.2925]","[1.3527461000048788, 2.5858129000116605]",242.9389544,,242.949683,243.2584454,,,1.0,4.0,2026-04-16_13h15.13.797,Week4Test,59.94844434,2026-04-16 13h15.16.381142 +0200,12.555014,8.897827000000007,2.5896881999999835,0.3194909999999993,5.0,1.0,3.0,3.0,4.0,14.0,1,1.0,13.639097529088817,9.358203989079515,0.5066432121613933,0.6240192359649853,2,1.45,2.0114483676447685,1.2
781,8,011_Orange.jpg,True,Orange,99.0,48.0,0.0,02-1/011_Orange_0.png,,7.0,5.0,"[(5.0, 1.4317472999973688)]",22.0,"[4.12710650000372, 5.0469505000073696]",8.0,243.6220209,257.5696856,2.0,Orange,257.9286637,260.3207683,"[0.36333333333333334, 0.11333333333333333]","[0.0016666666666666668, -0.25833333333333336]","[1.1888926000101492, 2.388515600003302]",260.6980436,,260.7158706,261.2736529,,,1.0,4.0,2026-04-16_13h15.13.797,Week4Test,59.94844434,2026-04-16 13h15.16.381142 +0200,17.651632000000006,13.947664700000018,2.392104599999982,0.5756092999999964,5.0,1.0,3.0,3.0,4.0,14.0,1,1.0,13.639097529088817,9.358203989079515,-0.03297290497955396,0.49175752051878147,2,1.45,1.95391452142567,1.2
782,9,024_Brown.jpg,False,Brown,50.0,31.0,12.0,03-2/024_Brown_0.png,Grey,8.0,5.0,"[(5.0, 2.0139033000014024)]",11.0,"[1.6729920999932801, 3.4107087000011234, 6.706518999999389, 7.405751199999941, 8.878400899993721]",9.0,261.6359253,275.3027164,1.0,Brown,275.6627304,278.7685227,"[0.3566666666666667, 0.0225]","[0.005833333333333334, -0.2808333333333333]","[1.7700207000016235, 3.102539900006377]",279.1459986,,279.1649193,279.8911929,,,1.0,4.0,2026-04-16_13h15.13.797,Week4Test,59.94844434,2026-04-16 13h15.16.381142 +0200,18.255267600000025,13.666791100000012,3.1057923000000187,0.745194300000037,5.0,4.0,3.0,3.0,4.0,14.0,1,1.0,13.639097529088817,9.358203989079515,-0.0029592826725632136,0.49926017987176463,2,1.45,1.9571781782442175,1.2
783,10,029_Teal.jpg,True,Teal,0.0,47.0,43.0,03-1/029_Teal_0.png,,9.0,5.0,"[(5.0, 1.1146355000091717)]",35.0,"[2.176672600005986, 3.98556610000378, 5.508935500009102, 5.681426400013152, 5.9713675000093644, 6.408316700006253]",10.0,280.2528429,291.4534397,2.0,Teal,291.8112837,294.5530189,"[0.35083333333333333, 0.07666666666666666, 0.060833333333333336]","[0.0175, -0.24166666666666667, -0.2875]","[0.9036244000017177, 1.9377033000055235, 2.737498200003756]",294.9290334,,294.9477533,295.3397991,,,1.0,4.0,2026-04-16_13h15.13.797,Week4Test,59.94844434,2026-04-16 13h15.16.381142 +0200,15.086956199999975,11.200596799999971,2.7417351999999937,0.4107657000000131,5.0,5.0,3.0,3.0,4.0,14.0,1,1.0,13.639097529088817,9.358203989079515,0.2605735814195155,0.5647772855895554,2,1.45,1.9856781192314565,1.2
784,11,022_Bordeaux.jpg,False,Bordeaux,54.0,0.0,25.0,03-2/022_Bordeaux_0.png,Green,10.0,5.0,"[(5.0, 1.6148490000050515)]",4.0,"[2.85833950000233, 3.6574814999912633]",11.0,295.7002651,304.4329472,2.0,Bordeaux,304.7934558,307.5673946,"[0.36, 0.0925]","[-0.0175, -0.2833333333333333]","[1.370608599987463, 2.7701932999916608]",307.9492054,,307.964235,308.5902521,,,1.0,4.0,2026-04-16_13h15.13.797,Week4Test,59.94844434,2026-04-16 13h15.16.381142 +0200,12.889986999999962,8.732682099999977,2.7739387999999963,0.641046700000004,5.0,1.0,3.0,3.0,4.0,14.0,1,1.0,13.639097529088817,9.358203989079515,0.5242902842056386,0.6281504297603395,2,1.45,2.0132454369457475,1.2
785,12,012_Lime-green.jpg,True,Lime-green,61.0,94.0,3.0,02-1/012_Lime-green_0.png,,11.0,5.0,"[(5.0, 1.1315469999972265)]",21.0,"[5.877412700006971, 8.889110900010564, 9.721397100001923]",12.0,308.9510779,324.8759046,3.0,Lime-green,325.2438948,327.3013988,"[0.3433333333333333, -0.004166666666666667]","[-0.006666666666666667, -0.2966666666666667]","[0.9203451999928802, 2.0540685999876587]",327.6842964,,327.6966217,328.3562818,,,1.0,4.0,2026-04-16_13h15.13.797,Week4Test,59.94844434,2026-04-16 13h15.16.381142 +0200,19.405203900000004,15.92482670000004,2.0575039999999944,0.6719853999999827,5.0,2.0,3.0,3.0,4.0,14.0,1,1.0,13.639097529088817,9.358203989079515,-0.24424870130834261,0.43923959222753733,2,1.45,1.9310692226189787,1.2
786,13,006_Bordeaux.jpg,True,Bordeaux,51.0,0.0,12.0,03-1/006_Bordeaux_0.png,,12.0,5.0,"[(5.0, 1.2463296000059927)]",0.0,"[1.5769658000062918, 2.2106401000055484]",13.0,328.7199564,335.2225591,2.0,Bordeaux,335.5769452,338.0847845,"[0.35333333333333333, 0.06333333333333334]","[-0.0275, -0.2775]","[1.0044584999996005, 2.5037392000085674]",338.4634886,,338.4798785,339.251304,,,1.0,4.0,2026-04-16_13h15.13.797,Week4Test,59.94844434,2026-04-16 13h15.16.381142 +0200,10.531347600000004,6.502602700000011,2.5078393000000005,0.7878153999999995,5.0,1.0,3.0,3.0,4.0,14.0,1,1.0,13.639097529088817,9.358203989079515,0.7625923561205423,0.6819162975653839,2,1.45,2.036633589440942,1.2
787,14,006_Pink.jpg,True,Pink,100.0,0.0,50.0,02-1/006_Pink_0.png,,13.0,5.0,"[(5.0, 1.530605599997216)]",24.0,"[3.448464300003252, 4.249625099997502]",14.0,339.6382976,349.6058895,2.0,Pink,349.9585367,352.9838566,"[0.36083333333333334, 0.09416666666666666]","[-0.010833333333333334, -0.2783333333333333]","[1.2884486999973888, 3.0220811999897705]",353.362452,,353.3793681,358.8887521,,,1.0,4.0,2026-04-16_13h15.13.797,Week4Test,59.94844434,2026-04-16 13h15.16.381142 +0200,19.25045449999999,9.967591900000002,3.0253198999999995,5.526300099999958,5.0,1.0,3.0,3.0,4.0,14.0,1,1.0,13.639097529088817,9.358203989079515,0.3923301558048158,0.5968435107951777,2,1.45,1.9996269271959022,1.2
788,15,010_Pink.jpg,True,Pink,98.0,0.0,52.0,02-1/010_Pink_0.png,,14.0,5.0,"[(5.0, 1.8140137000009418)]",25.0,"[9.7337753999891, 10.3417427999957, 11.853789699991466, 12.458523699999205]",15.0,359.2516625,374.9376683,0.0,Pink,375.2914046,378.6996068,"[0.3525, 0.04583333333333333]","[-0.009166666666666667, -0.285]","[1.5728339000052074, 3.404631600002176]",379.0611174,,379.0780741,379.6366359,,,1.0,4.0,2026-04-16_13h15.13.797,Week4Test,59.94844434,2026-04-16 13h15.16.381142 +0200,20.38497339999998,15.686005799999975,3.408202200000005,0.5755184999999869,5.0,3.0,3.0,3.0,4.0,14.0,1,1.0,13.639097529088817,9.358203989079515,-0.21872875108298373,0.4455347842286949,2,1.45,1.933807631139482,1.2
789,16,013_Teal.jpg,True,Teal,0.0,48.0,60.0,03-1/013_Teal_0.png,,15.0,4.0,"[(4.0, 1.7475443000002997)]",33.0,"[1.988157300002058, 3.026254099997459, 4.822386799991364, 5.257645899997442, 5.403263999993214, 5.843724399994244]",16.0,379.9995909,390.5651816,2.0,Teal,390.9236167,393.5984629,"[0.1725, 0.008333333333333333]","[-0.0175, -0.2916666666666667]","[1.505953400002909, 2.6707479000033345]",393.9742333,,393.9946749,395.1367159,,,1.0,4.0,2026-04-16_13h15.13.797,Week4Test,59.94844434,2026-04-16 13h15.16.381142 +0200,15.137125000000026,10.56559070000003,2.6748461999999904,1.1624826000000326,4.0,5.0,3.0,3.0,4.0,14.0,1,0.75,13.639097529088817,9.358203989079515,0.328429133696529,0.5813771118552573,2,1.45,1.9203990436570368,1.15
790,17,019_Brown.jpg,True,Brown,50.0,17.0,0.0,03-1/019_Brown_0.png,,16.0,5.0,"[(5.0, 1.448121200010064)]",10.0,"[5.5014850000006845, 6.753337100002682, 7.615311200002907, 8.118082400003914, 8.94268199999351]",17.0,395.4966063,412.9248998,1.0,Brown,413.2890637,415.7307059,"[0.3541666666666667, 0.015833333333333335]","[-0.0016666666666666668, -0.26]","[1.2061026000010315, 2.437988999998197]",416.1075788,,416.1264372,416.6194629,,,1.0,4.0,2026-04-16_13h15.13.797,Week4Test,59.94844434,2026-04-16 13h15.16.381142 +0200,21.122856599999977,17.428293499999995,2.4416421999999898,0.5118840999999748,5.0,4.0,3.0,3.0,4.0,14.0,1,1.0,13.639097529088817,9.358203989079515,-0.4049063234070289,0.40013411581896957,2,1.45,1.9140583403812514,1.2
791,18,028_Seafoam.jpg,False,Seafoam,0.0,96.0,66.0,03-2/028_Seafoam_0.png,Blue,17.0,5.0,"[(5.0, 1.2478651999990689)]",30.0,"[3.001477999991039, 4.905878599995049, 6.361792600000626, 6.985883200002718, 7.301542899993365, 8.241646800001035]",18.0,416.9816411,439.6278456,2.0,Seafoam,439.9898923,443.1302528,"[0.35333333333333333, 0.0675, 0.060833333333333336]","[-0.0325, -0.24833333333333332, -0.28833333333333333]","[1.003516299999319, 1.9689951999898767, 3.1368318000022555]",443.509135,,443.5254179,444.0849196,,,1.0,4.0,2026-04-16_13h15.13.797,Week4Test,59.94844434,2026-04-16 13h15.16.381142 +0200,27.103278499999988,22.64620450000001,3.1403604999999857,0.5757845999999631,5.0,5.0,3.0,3.0,4.0,14.0,1,1.0,13.639097529088817,9.358203989079515,-0.9624824358842753,0.2763814452515553,2,1.45,1.8602259286844265,1.2
792,19,018_Green.jpg,False,Green,7.0,99.0,0.0,03-2/018_Green_0.png,Yellow,18.0,5.0,"[(5.0, 1.7477778000029502)]",15.0,"[3.9401151000056416, 6.139306099998066]",19.0,444.4474198,454.3315797,2.0,Green,454.6902591,458.0612699,"[0.3641666666666667, 0.085]","[0.0008333333333333334, -0.2833333333333333]","[1.5349942000029841, 3.367662900011055]",458.4404635,,458.4581106,458.8694389,,,1.0,4.0,2026-04-16_13h15.13.797,Week4Test,59.94844434,2026-04-16 13h15.16.381142 +0200,14.4220191,9.884159900000043,3.371010800000022,0.42897539999995615,5.0,1.0,3.0,3.0,4.0,14.0,1,1.0,13.639097529088817,9.358203989079515,0.40124554171618504,0.5989868780755999,2,1.45,2.000559291962886,1.2
793,20,014_Grey.jpg,False,Grey,58.0,50.0,53.0,03-2/014_Grey_0.png,Pink,19.0,5.0,"[(5.0, 1.281657500003348)]",20.0,"[3.601595999993151, 4.8214395999966655]",20.0,459.2295579,467.2083297,2.0,Grey,467.5711256,469.9787891,"[0.36, 0.025833333333333333]","[-0.0016666666666666668, -0.2708333333333333]","[1.0385083000001032, 2.403968900005566]",470.3571981,,470.3750806,470.8827281,,,1.0,4.0,2026-04-16_13h15.13.797,Week4Test,59.94844434,2026-04-16 13h15.16.381142 +0200,11.653170200000034,7.978771800000004,2.4076634999999555,0.5255300000000034,5.0,1.0,3.0,3.0,4.0,14.0,1,1.0,13.639097529088817,9.358203989079515,0.6048517146766716,0.6467655160476454,2,1.45,2.021342999480726,1.2
794,21,011_Teal.jpg,True,Teal,0.0,45.0,54.0,03-1/011_Teal_0.png,,20.0,5.0,"[(5.0, 1.5150464000034845)]",32.0,"[1.7818576999998186, 3.596844899991993]",21.0,471.2448937,478.9253328,2.0,Teal,479.2883291,481.7960923,"[0.375, 0.05416666666666667]","[-0.004166666666666667, -0.2875]","[1.3023452000052202, 2.5032262000022456]",482.168385,,482.1907824,482.7506734,,,1.0,4.0,2026-04-16_13h15.13.797,Week4Test,59.94844434,2026-04-16 13h15.16.381142 +0200,11.505779700000005,7.680439100000001,2.5077631999999994,0.5822883999999817,5.0,1.0,3.0,3.0,4.0,14.0,1,1.0,13.639097529088817,9.358203989079515,0.6367309834282547,0.654014121576378,2,1.45,2.024496142885724,1.2
795,22,013_Orange.jpg,True,Orange,100.0,65.0,4.0,03-1/013_Orange_0.png,,21.0,5.0,"[(5.0, 1.5816945999977179)]",23.0,"[1.876548800006276, 11.978869099999429, 12.707563300005859, 13.159059500001604, 13.990094900000258]",22.0,483.1109275,517.0764545,1.0,Orange,517.435134,520.0436392,"[0.36833333333333335, 0.04416666666666667]","[0.0, -0.2675]","[1.3397938999987673, 2.6048447999928612]",520.4221724,,520.4393593,520.964727,,,1.0,4.0,2026-04-16_13h15.13.797,Week4Test,59.94844434,2026-04-16 13h15.16.381142 +0200,37.85379950000004,33.96552699999995,2.6085052000000815,0.5425546000000168,5.0,4.0,3.0,3.0,4.0,14.0,1,1.0,13.639097529088817,9.358203989079515,-2.1720438552772423,0.10228920152626911,2,1.45,1.7844958026639268,1.2
796,23,029_Cyan.jpg,True,Cyan,2.0,100.0,88.0,01-1/029_Cyan_0.png,,22.0,4.0,"[(4.0, 1.3135428999958094)]",13.0,"[1.583139199996367, 7.698417599996901, 9.216700399992988, 9.526248999987729, 9.825241200000164, 11.783812299996498, 19.5098641999939, 19.816127799989772, 20.259579799996573]",23.0,521.3262372,545.6478747,1.0,Cyan,546.0020552,548.2421916,"[0.16833333333333333, 0.03666666666666667]","[0.010833333333333334, -0.3125]","[1.0711645999981556, 2.2364257000008365]",548.621724,,548.6382137,549.24678,,,1.0,4.0,2026-04-16_13h15.13.797,Week4Test,59.94844434,2026-04-16 13h15.16.381142 +0200,27.920542799999907,24.32163749999995,2.240136399999983,0.6250559999999723,4.0,8.0,3.0,3.0,4.0,14.0,1,0.75,13.639097529088817,9.358203989079515,-1.1415160412593104,0.24204212274420284,2,1.45,1.7727883233937285,1.15
797,24,010_Brown.jpg,True,Brown,50.0,18.0,0.0,03-1/010_Brown_0.png,,23.0,5.0,"[(5.0, 1.4811373999982607)]",8.0,"[6.231079300006968, 7.308312200009823]",24.0,549.611792,561.4997033,2.0,Brown,561.8527619,564.959046,"[0.38916666666666666, 0.05416666666666667]","[0.005, -0.2708333333333333]","[1.2687261999963084, 3.1027346000046236]",565.336205,,565.35448,565.9222399,,,1.0,4.0,2026-04-16_13h15.13.797,Week4Test,59.94844434,2026-04-16 13h15.16.381142 +0200,16.310447899999986,11.887911299999928,3.1062840999999253,0.5860349000000724,5.0,1.0,3.0,3.0,4.0,14.0,1,1.0,13.639097529088817,9.358203989079515,0.18712845233256534,0.5466460750989622,2,1.45,1.9777910426680485,1.2
798,25,011_Brown.jpg,True,Brown,50.0,15.0,0.0,03-1/011_Brown_0.png,,24.0,5.0,"[(5.0, 2.04754870000761)]",9.0,"[5.082406800007448, 6.466910600007395, 7.22993139999744, 7.550008000005619, 8.747246200000518]",25.0,566.2914123,579.5670638,1.0,Brown,579.9333537,582.9397997,"[0.37416666666666665, 0.0875]","[-0.006666666666666667, -0.3]","[1.8054988000076264, 3.003320400006487]",583.3053291,,583.3206712,583.8153437,,,1.0,4.0,2026-04-16_13h15.13.797,Week4Test,59.94844434,2026-04-16 13h15.16.381142 +0200,17.523931399999924,13.27565149999998,3.0064459999999826,0.5100145999999768,5.0,4.0,3.0,3.0,4.0,14.0,1,1.0,13.639097529088817,9.358203989079515,0.03883715609458359,0.5097080688109941,2,1.45,1.9617230099327823,1.2
799,26,021_Grey.jpg,True,Grey,47.0,51.0,57.0,03-1/021_Grey_0.png,,25.0,5.0,"[(5.0, 1.248460900009377)]",18.0,"[2.4724291999882553, 2.9940971999894828]",26.0,584.1724246,589.5000534,2.0,Grey,589.8661159,592.0401641,"[0.35833333333333334, 0.0375]","[-0.015, -0.31]","[1.038465299992822, 2.170744500006549]",592.4189265,,592.4374542,593.1961731,,,1.0,4.0,2026-04-16_13h15.13.797,Week4Test,59.94844434,2026-04-16 13h15.16.381142 +0200,9.02374850000001,5.327628799999957,2.1740482000000156,0.7772466000000122,5.0,1.0,3.0,3.0,4.0,14.0,1,1.0,13.639097529088817,9.358203989079515,0.8881478474702909,0.7085078054751447,2,1.45,2.048200895381688,1.2
800,27,022_Bordeaux.jpg,False,Bordeaux,53.0,0.0,26.0,03-2/022_Bordeaux_0.png,Green,26.0,5.0,"[(5.0, 1.7330561999988277)]",6.0,"[1.4609888999984832, 2.427449800001341, 4.060050600004615, 4.708019600002444]",27.0,593.5576976,608.8724098,0.0,Bordeaux,609.2348725,612.6232425,"[0.36833333333333335, 0.0925, 0.07]","[0.006666666666666667, -0.23333333333333334, -0.29333333333333333]","[1.5185534000047483, 2.6179272000008496, 3.3851233000023058]",613.0028706,,613.0192463,613.6454229,,,1.0,4.0,2026-04-16_13h15.13.797,Week4Test,59.94844434,2026-04-16 13h15.16.381142 +0200,20.08772529999999,15.31471220000003,3.3883699999998953,0.6425522999999203,5.0,3.0,3.0,3.0,4.0,14.0,1,1.0,13.639097529088817,9.358203989079515,-0.17905301838542523,0.45535595566357767,2,1.45,1.9380798407136561,1.2
801,28,012_Bordeaux.jpg,True,Bordeaux,50.0,2.0,24.0,03-1/012_Bordeaux_0.png,,27.0,5.0,"[(5.0, 1.065341299996362)]",1.0,"[1.79344310000306, 2.4816215000028023, 4.226556800000253, 4.877549000011641]",28.0,614.004807,625.3264685,0.0,Bordeaux,625.6815263,627.6385994,"[0.35333333333333333, 0.03666666666666667]","[-0.0033333333333333335, -0.30083333333333334]","[0.8217461000022013, 1.9540355000062846]",628.0024125,,628.0192661,629.2766189,,,1.0,4.0,2026-04-16_13h15.13.797,Week4Test,59.94844434,2026-04-16 13h15.16.381142 +0200,15.271811899999989,11.321661500000005,1.9570731000000023,1.2742064000000255,5.0,3.0,3.0,3.0,4.0,14.0,1,1.0,13.639097529088817,9.358203989079515,0.24763683627682476,0.5615947605441652,2,1.45,1.984293720836712,1.2
802,29,018_Pink.jpg,False,Pink,99.0,2.0,47.0,03-2/018_Pink_0.png,Purple,28.0,5.0,"[(5.0, 1.1817833000095561)]",26.0,"[3.448150500000338, 4.309714900009567]",29.0,629.6378582,637.8566671,2.0,Pink,638.2155764,640.4219038,"[0.37083333333333335, 0.07166666666666667]","[-0.016666666666666666, -0.26]","[0.9699456999951508, 2.2026157999935094]",640.7991234,,640.818583,641.4122965,,,1.0,4.0,2026-04-16_13h15.13.797,Week4Test,59.94844434,2026-04-16 13h15.16.381142 +0200,11.774438300000043,8.218808899999999,2.2063273999999637,0.61317310000004,5.0,1.0,3.0,3.0,4.0,14.0,1,1.0,13.639097529088817,9.358203989079515,0.5792018036168032,0.640883720684365,2,1.45,2.018784418497699,1.2
803,30,029_Bordeaux.jpg,True,Bordeaux,54.0,0.0,21.0,03-1/029_Bordeaux_0.png,,29.0,5.0,"[(5.0, 1.4481678000011016)]",2.0,"[4.076235300002736, 4.693703700002516, 5.76510980000603, 5.930999599993811]",30.0,641.7742558,651.0742961,0.0,Bordeaux,651.4309769,654.6382496,"[0.36333333333333334, 0.06333333333333334]","[-0.021666666666666667, -0.2808333333333333]","[1.2053991000138922, 3.203878200001782]",655.0159983,,655.034751,655.7598182,,,1.0,4.0,2026-04-16_13h15.13.797,Week4Test,59.94844434,2026-04-16 13h15.16.381142 +0200,13.985562400000049,9.300040299999978,3.207272699999976,0.7438199000000623,5.0,3.0,3.0,3.0,4.0,14.0,1,1.0,13.639097529088817,9.358203989079515,0.4636634587312126,0.6138828897410565,2,1.45,2.0070390570373595,1.2
804,31,010_Red.jpg,True,Red,99.0,0.0,12.0,01-1/010_Red_0.png,,30.0,5.0,"[(5.0, 1.2811425999971107)]",27.0,"[1.9116079999948852, 3.109973099999479, 3.816159099995275, 3.976455199997872]",31.0,656.1208254,663.9904629,0.0,Pink,664.3479414,667.0891677,"[0.3575, 0.016666666666666666]","[0.0008333333333333334, -0.2916666666666667]","[1.0366695999982767, 2.737673299998278]",667.4813489,667.5511366,676.4210642,677.9265602,,,1.0,4.0,2026-04-16_13h15.13.797,Week4Test,59.94844434,2026-04-16 13h15.16.381142 +0200,21.805734800000096,7.869637500000067,2.741226299999994,10.445211300000096,-5.0,3.0,3.0,3.0,4.0,14.0,0,1.0,13.639097529088817,9.358203989079515,0.6165135998126753,0.6494252065950294,0,1.45,0.5724999648688378,0.2
805,32,019_Teal.jpg,True,Teal,0.0,44.0,49.0,03-1/019_Teal_0.png,,31.0,5.0,"[(5.0, 1.397823999999673)]",34.0,"[4.533531900000526, 22.485171599997557, 23.84958490000281, 24.312775500002317, 24.57900779999909, 25.635751699999673]",32.0,678.2871585,708.2294269,2.0,Teal,708.5951734,710.9525737,"[0.3616666666666667, 0.009166666666666667]","[0.0, -0.30333333333333334]","[1.1551429000101052, 2.3539274000067962]",711.3285008,,711.3492889,711.8233668,,,1.0,4.0,2026-04-16_13h15.13.797,Week4Test,59.94844434,2026-04-16 13h15.16.381142 +0200,33.5362083,29.94226839999999,2.357400299999995,0.4948660000000018,5.0,5.0,3.0,3.0,4.0,14.0,1,1.0,13.639097529088817,9.358203989079515,-1.7421260414857418,0.14904308904756874,2,1.45,1.804833743735692,1.2
806,33,013_Grey.jpg,True,Grey,47.0,53.0,50.0,03-1/013_Grey_0.png,,32.0,5.0,"[(5.0, 1.3142872000025818)]",16.0,"[1.1538056999997934, 2.322466199999326]",33.0,712.186138,717.7572735,2.0,Grey,718.1122901,720.519504,"[0.36583333333333334, 0.0525]","[-0.020833333333333332, -0.2833333333333333]","[1.0709094000048935, 2.4032030000089435]",720.8962653,,720.9152059,721.3738319,,,1.0,4.0,2026-04-16_13h15.13.797,Week4Test,59.94844434,2026-04-16 13h15.16.381142 +0200,9.1876939,5.5711354999999685,2.407213899999988,0.4775666000000456,5.0,1.0,3.0,3.0,4.0,14.0,1,1.0,13.639097529088817,9.358203989079515,0.862127181508727,0.7031048918486632,2,1.45,2.0458506279541684,1.2
807,34,016_Cyan.jpg,False,Cyan,0.0,97.0,100.0,03-2/016_Cyan_0.png,Blue,33.0,5.0,"[(5.0, 1.0474612999969395)]",14.0,"[2.1385386000038125, 3.7547507000126643]",34.0,721.7359602,729.0864004,2.0,Cyan,729.4451635,731.353642,"[0.3825, 0.011666666666666667]","[-0.0025, -0.27166666666666667]","[0.8053638999990653, 1.904570099999546]",731.7298102,,731.7480199,732.1898221,,,1.0,4.0,2026-04-16_13h15.13.797,Week4Test,59.94844434,2026-04-16 13h15.16.381142 +0200,10.453861899999993,7.35044019999998,1.908478500000001,0.46001190000004044,5.0,1.0,3.0,3.0,4.0,14.0,1,1.0,13.639097529088817,9.358203989079515,0.6719940424922707,0.6619495147823315,2,1.45,2.0279480389303144,1.2
808,35,006_Brown.jpg,True,Brown,53.0,20.0,0.0,03-1/006_Brown_0.png,,34.0,5.0,"[(5.0, 1.4147866999992402)]",7.0,"[2.0518475000135368, 2.66963200000464, 4.48356330000388, 4.656617100001313]",35.0,732.5507456,746.1758973,0.0,Brown,746.5271375,748.7685106,"[0.3433333333333333, 0.04083333333333333]","[-0.034166666666666665, -0.27166666666666667]","[1.1708734999992885, 2.237608999988879]",749.1450647,,749.1648244,749.673025,,,1.0,4.0,2026-04-16_13h15.13.797,Week4Test,59.94844434,2026-04-16 13h15.16.381142 +0200,17.122279400000025,13.625151699999947,2.2413731000000325,0.5279603000000179,5.0,3.0,3.0,3.0,4.0,14.0,1,1.0,13.639097529088817,9.358203989079515,0.0014902249518330738,0.5003725561690114,2,1.45,1.9576620619335199,1.2
809,36,016_Bordeaux.jpg,False,Bordeaux,52.0,0.0,29.0,03-2/016_Bordeaux_0.png,Brown,35.0,5.0,"[(5.0, 2.832248899998376)]",5.0,"[2.6681799000070896, 3.4372051999962423, 5.1429547000007005, 5.739015600003768]",36.0,750.0353965,758.6975768,0.0,Bordeaux,759.0601548,764.1530503,"[0.3775, 0.045]","[-0.016666666666666666, -0.30666666666666664]","[2.62083289999282, 5.089511499987566]",764.526739,,764.5469076,765.254887,,,1.0,4.0,2026-04-16_13h15.13.797,Week4Test,59.94844434,2026-04-16 13h15.16.381142 +0200,15.219490500000006,8.662180299999932,5.092895500000054,0.7281480000000329,5.0,3.0,3.0,3.0,4.0,14.0,1,1.0,13.639097529088817,9.358203989079515,0.5318239733710294,0.6299084242327615,2,1.45,2.014010164541251,1.2
810,37,031_Grey.jpg,True,Grey,45.0,49.0,57.0,03-1/031_Grey_0.png,,36.0,5.0,"[(5.0, 1.6139256000024034)]",19.0,"[1.8259677999885753, 2.8074320999876363]",37.0,765.617462,771.4162941,2.0,Grey,771.7765531,774.8841346,"[0.37916666666666665, 0.060833333333333336]","[0.029166666666666667, -0.2866666666666667]","[1.371676299997489, 3.1043308000080287]",775.2604386,,775.2800097,775.7728551,,,1.0,4.0,2026-04-16_13h15.13.797,Week4Test,59.94844434,2026-04-16 13h15.16.381142 +0200,10.15539309999997,5.798832099999913,3.1075815000000375,0.5124164999999721,5.0,1.0,3.0,3.0,4.0,14.0,1,1.0,13.639097529088817,9.358203989079515,0.8377959529668344,0.6980008152696284,2,1.45,2.0436303546422883,1.2
811,1,031_Grey.jpg,True,Grey,45.0,49.0,57.0,03-1/031_Grey_0.png,,0.0,5.0,"[(5.0, 1.5476262000156567)]",36.0,"[8.08442080009263, 9.473276000004262, 11.035288300015964]",1.0,38.6043569999747,53.109400199959055,3.0,Grey,53.4777920000488,55.79731339996215,"[0.365, 0.041666666666666664]","[-0.005833333333333334, -0.25416666666666665]","[1.3052685000002384, 2.3175624000141397]",56.164688599994406,,56.19523069995921,56.65164659998845,,,1.0,1.0,2026-04-09_22h08.18.314,Week4Train,60.08344387873544,2026-04-09 22h08.19.421849 +0200,18.047289600013755,14.505043199984357,2.3195213999133486,0.486957999994047,5.0,2.0,2.0,2.0,4.0,14.0,1,1.0,13.639097529088817,9.358203989079515,-0.09253331856262684,0.47688316266889885,2,1.45,1.9474441757609708,1.2
812,2,029_Cyan.jpg,True,Cyan,2.0,100.0,88.0,01-1/029_Cyan_0.png,,1.0,5.0,"[(5.0, 1.2672236000653356)]",9.0,"[6.935396299930289, 7.865130199934356]",2.0,57.00590670004021,73.09029610001016,2.0,Cyan,73.45259809994604,75.56505169998854,"[0.35583333333333333, 0.04833333333333333]","[-0.04, -0.285]","[1.027907200041227, 2.1105458000674844]",75.93026080005802,,75.94506699999329,76.36778430000413,,,1.0,1.0,2026-04-09_22h08.18.314,Week4Train,60.08344387873544,2026-04-09 22h08.19.421849 +0200,19.361877599963925,16.084389399969957,2.1124536000424996,0.43752349994610995,5.0,1.0,2.0,2.0,4.0,14.0,1,1.0,13.639097529088817,9.358203989079515,-0.26129927000251923,0.43504434571679024,2,1.45,1.9292442903868035,1.2
813,3,031_Bordeaux.jpg,True,Bordeaux,47.0,5.0,21.0,03-1/031_Bordeaux_0.png,,2.0,3.0,"[(3.0, 1.7501256000250578)]",35.0,"[1.3872964000329375, 2.280635599978268, 6.313308699987829, 6.910452699987218, 14.446753400028683, 14.846415900043212, 22.245172300026752]",3.0,76.72739879996516,104.99261740001384,3.0,Bordeaux,105.35326720005833,108.28232160001062,"[-0.06, -0.04]","[0.01, -0.2941666666666667]","[1.5269022999564186, 2.9273253999417648]",108.6505561999511,,108.66042189998552,109.2497436000267,,,1.0,1.0,2026-04-09_22h08.18.314,Week4Train,60.08344387873544,2026-04-09 22h08.19.421849 +0200,32.522344800061546,28.265218600048684,2.9290543999522924,0.599187400075607,3.0,6.0,2.0,2.0,4.0,14.0,1,0.5,13.639097529088817,9.358203989079515,-1.562919667922147,0.173228092796105,2,1.45,1.6703542203663058,1.1
814,4,028_Blue.jpg,True,Blue,0.0,9.0,96.0,01-1/028_Blue_0.png,,3.0,5.0,"[(5.0, 1.250140400021337)]",12.0,"[1.3335264000343159, 2.3565128999762237]",4.0,109.60725959995762,116.4775859999936,2.0,Blue,116.83513669995592,118.94495979999192,"[0.31916666666666665, -0.03833333333333333]","[0.009166666666666667, -0.32416666666666666]","[1.013744099996984, 2.1080623000161722]",119.3130471999757,,119.32620390004011,120.43266169994604,,,1.0,1.0,2026-04-09_22h08.18.314,Week4Train,60.08344387873544,2026-04-09 22h08.19.421849 +0200,10.825402099988423,6.870326400035978,2.109823100035996,1.1196144999703392,5.0,1.0,2.0,2.0,4.0,14.0,1,1.0,13.639097529088817,9.358203989079515,0.7232980961893548,0.6733328664684156,2,1.45,2.0328997969137608,1.2
815,5,011_Teal.jpg,True,Teal,0.0,45.0,54.0,03-1/011_Teal_0.png,,4.0,4.0,"[(4.0, 2.2649178999708965)]",20.0,"[1.5401064000325277, 2.7491584999952465]",5.0,120.79185919999144,136.3302719000494,2.0,Teal,136.6846842999803,140.1636090000393,"[0.1725, 0.05583333333333333]","[0.016666666666666666, -0.26416666666666666]","[2.028633499983698, 3.477241199929267]",140.52743909996934,,140.54206959996372,141.0835596000543,,,1.0,1.0,2026-04-09_22h08.18.314,Week4Train,60.08344387873544,2026-04-09 22h08.19.421849 +0200,20.29170040006285,15.538412700057975,3.4789247000589967,0.5561205000849441,4.0,1.0,2.0,2.0,4.0,14.0,1,0.75,13.639097529088817,9.358203989079515,-0.20295723123641565,0.4494341473345224,2,1.45,1.8630038540905172,1.15
816,6,022_Cyan.jpg,True,Cyan,0.0,96.0,90.0,01-t/022_Cyan_0.png,,5.0,5.0,"[(5.0, 1.1667136000469327)]",1.0,"[1.0899846999673173, 2.204750799923204]",6.0,141.43696840002667,150.9098290000111,2.0,Cyan,151.2697650999762,154.41033230000176,"[0.36583333333333334, 0.0525, 0.04583333333333333]","[-0.019166666666666665, -0.24083333333333334, -0.28583333333333333]","[0.9558772000018507, 2.1558051999891177, 3.1388862000312656]",154.7752226999728,,154.79176209995055,155.2665713999886,,,1.0,1.0,2026-04-09_22h08.18.314,Week4Train,60.08344387873544,2026-04-09 22h08.19.421849 +0200,13.829602999961935,9.472860599984415,3.1405672000255436,0.49134870001580566,5.0,1.0,2.0,2.0,4.0,14.0,1,1.0,13.639097529088817,9.358203989079515,0.44519620794397735,0.6094964841862585,2,1.45,2.005130970621022,1.2
817,7,010_Pink.jpg,True,Pink,98.0,0.0,52.0,02-1/010_Pink_0.png,,6.0,5.0,"[(5.0, 1.781539799994789)]",0.0,"[8.323923300020397, 9.00380450009834, 10.299227700103074, 10.770443600020371]",7.0,155.6255071000196,170.5933133000508,0.0,Pink,170.95414239994716,173.7957793000387,"[0.355, 0.058333333333333334]","[-0.006666666666666667, -0.2891666666666667]","[1.5564585999818519, 2.8398083000211045]",174.16567500005476,,174.17443450004794,174.94772739999462,,,1.0,1.0,2026-04-09_22h08.18.314,Week4Train,60.08344387873544,2026-04-09 22h08.19.421849 +0200,19.322220299975015,14.967806200031191,2.841636900091544,0.7820523999398574,5.0,3.0,2.0,2.0,4.0,14.0,1,1.0,13.639097529088817,9.358203989079515,-0.14198329855738354,0.4645636861819539,2,1.45,1.94208520348915,1.2
818,8,032_Bordeaux.jpg,True,Bordeaux,50.0,0.0,18.0,03-1/032_Bordeaux_0.png,,7.0,4.0,"[(4.0, 2.2646826999261975)]",37.0,"[10.691231100005098, 11.190643699956127, 17.326755399932154]",8.0,175.30849870003294,198.290533100022,3.0,Bordeaux,198.64796109998133,201.7282750000013,"[0.13833333333333334, -0.006666666666666667]","[0.004166666666666667, -0.30916666666666665]","[2.0283346000360325, 3.0783654999686405]",202.095787200029,,202.1063810000196,203.62921090004969,,,1.0,1.0,2026-04-09_22h08.18.314,Week4Train,60.08344387873544,2026-04-09 22h08.19.421849 +0200,28.320712200016743,22.98203439998906,3.0803139000199735,1.533423700020677,4.0,2.0,2.0,2.0,4.0,14.0,1,0.75,13.639097529088817,9.358203989079515,-0.9983685845919702,0.26926229799137236,2,1.45,1.7846290996262466,1.15
819,9,029_Teal.jpg,True,Teal,0.0,47.0,43.0,03-1/029_Teal_0.png,,8.0,4.0,"[(4.0, 1.498198000015691)]",34.0,"[5.444003799930215, 7.9178850000025705, 8.526585799991153, 8.93821970000863, 9.33449609996751, 10.356742299976759]",9.0,203.98776719998568,221.5854890999617,2.0,Teal,221.9531434000237,224.6962562999688,"[0.12, 0.021666666666666667]","[0.004166666666666667, -0.2916666666666667]","[1.2566905999556184, 2.7409240999259055]",225.06477709999308,,225.0725210000528,225.67926250002347,,,1.0,1.0,2026-04-09_22h08.18.314,Week4Train,60.08344387873544,2026-04-09 22h08.19.421849 +0200,21.691495300037786,17.597721899976023,2.7431128999451175,0.6144854000303894,4.0,5.0,2.0,2.0,4.0,14.0,1,0.75,13.639097529088817,9.358203989079515,-0.42301112216689146,0.39579644004081105,2,1.45,1.8396714514177528,1.15
820,10,019_Brown.jpg,True,Brown,50.0,17.0,0.0,03-1/019_Brown_0.png,,9.0,5.0,"[(5.0, 1.7663951000431553)]",28.0,"[3.1467086999909952, 4.6220743000740185, 6.129205900011584, 6.720966699998826, 8.899129100027494]",10.0,226.03609780000988,249.01268929999787,1.0,Brown,249.36378819996025,252.29020950000267,"[0.3408333333333333, 0.04416666666666667]","[-0.0175, -0.2683333333333333]","[1.5302290000254288, 2.924666599952616]",252.65814349998251,,252.6711917000357,253.2288729000138,,,1.0,1.0,2026-04-09_22h08.18.314,Week4Train,60.08344387873544,2026-04-09 22h08.19.421849 +0200,27.192775100003928,22.97659149998799,2.9264213000424206,0.570729400031297,5.0,4.0,2.0,2.0,4.0,14.0,1,1.0,13.639097529088817,9.358203989079515,-0.9977869665798577,0.2693767525738001,2,1.45,1.857178887369603,1.2
821,11,006_Teal.jpg,True,Teal,0.0,46.0,53.0,03-1/006_Teal_0.png,,10.0,5.0,"[(5.0, 3.5646607000380754)]",17.0,"[7.273935399949551, 8.378446400049143, 9.17436149995774, 9.378790199989453, 9.680336999939755, 9.973890500026755]",11.0,253.5880921999924,268.2194411000237,2.0,Teal,268.5785188999725,276.29252420004923,"[0.37416666666666665, 0.03833333333333333]","[-0.01, -0.2991666666666667]","[3.345479599898681, 7.712281599990092]",276.65629069996066,,276.6702809999697,277.77624070004094,,,1.0,1.0,2026-04-09_22h08.18.314,Week4Train,60.08344387873544,2026-04-09 22h08.19.421849 +0200,24.188148500048555,14.631348900031298,7.714005300076735,1.11995000008028,5.0,5.0,2.0,2.0,4.0,14.0,1,1.0,13.639097529088817,9.358203989079515,-0.10603010706973066,0.4735172793270063,2,1.45,1.9459800165072476,1.2
822,12,014_Pink.jpg,True,Pink,100.0,9.0,40.0,02-1/014_Pink_0.png,,11.0,5.0,"[(5.0, 1.1668564000865445)]",4.0,"[14.187876399955712, 15.31277359998785, 16.835247299983166, 17.350800600019284]",12.0,278.1376597000053,298.7177981999703,0.0,Pink,299.07792459998745,301.3236419999739,"[0.3616666666666667, 0.030833333333333334]","[-0.021666666666666667, -0.30333333333333334]","[0.9586821999400854, 2.243951999931596]",301.6892200000584,,301.7029908000259,302.3742622999707,,,1.0,1.0,2026-04-09_22h08.18.314,Week4Train,60.08344387873544,2026-04-09 22h08.19.421849 +0200,24.23660259996541,20.58013849996496,2.245717399986461,0.6850422999123111,5.0,3.0,2.0,2.0,4.0,14.0,1,1.0,13.639097529088817,9.358203989079515,-0.7417065260573438,0.3226310862705522,2,1.45,1.88034452252769,1.2
823,13,013_Green.jpg,True,Green,2.0,100.0,2.0,03-1/013_Green_0.png,,12.0,5.0,"[(5.0, 1.115518799982965)]",22.0,"[1.9356279999483377, 2.6525353000033647]",13.0,302.7333273000549,307.9622986000031,2.0,Green,308.3105485000415,310.2377965999767,"[0.36333333333333334, 0.041666666666666664]","[0.0125, -0.2966666666666667]","[0.8541536000557244, 1.9002166000427678]",310.60413150000386,,310.61904809996486,311.42481969995424,,,1.0,1.0,2026-04-09_22h08.18.314,Week4Train,60.08344387873544,2026-04-09 22h08.19.421849 +0200,8.691492399899346,5.228971299948228,1.927248099935241,0.8206881999503821,5.0,1.0,2.0,2.0,4.0,14.0,1,1.0,13.639097529088817,9.358203989079515,0.8986902015552046,0.7106802642896233,2,1.45,2.049145914965986,1.2
824,14,010_Red.jpg,True,Red,99.0,0.0,12.0,01-1/010_Red_0.png,,13.0,4.0,"[(4.0, 1.2009434999199584)]",10.0,"[0.8176862000254914, 1.5195815999759361]",14.0,311.7811572999926,317.19273849995807,2.0,Red,317.54327559995,319.4746094000293,"[0.1825, 0.008333333333333333]","[0.0025, -0.32416666666666666]","[0.9790519999805838, 1.929551300010644]",319.8370893000392,,319.85208710003644,320.57515809999313,,,1.0,1.0,2026-04-09_22h08.18.314,Week4Train,60.08344387873544,2026-04-09 22h08.19.421849 +0200,8.794000800000504,5.41158119996544,1.931333800079301,0.7380687999539077,4.0,1.0,2.0,2.0,4.0,14.0,1,0.75,13.639097529088817,9.358203989079515,0.879176852601676,0.7066516156937274,2,1.45,1.9748934528267716,1.15
825,15,013_Grey.jpg,True,Grey,47.0,53.0,50.0,03-1/013_Grey_0.png,,14.0,5.0,"[(5.0, 1.5835832000011578)]",23.0,"[0.7143864999525249, 1.2222896999446675]",15.0,320.93036879994906,327.7333930999739,2.0,Grey,328.09827319998294,330.37186229997315,"[0.35333333333333333, 0.05416666666666667]","[-0.028333333333333332, -0.2833333333333333]","[1.3704871999798343, 2.2716318999882787]",330.75573039997835,,330.7688791999826,331.1745163999731,,,1.0,1.0,2026-04-09_22h08.18.314,Week4Train,60.08344387873544,2026-04-09 22h08.19.421849 +0200,10.244147600024007,6.803024300024845,2.273589099990204,0.418785999994725,5.0,1.0,2.0,2.0,4.0,14.0,1,1.0,13.639097529088817,9.358203989079515,0.7304898714583777,0.6749127622951904,2,1.45,2.0335870515984076,1.2
826,16,011_Brown.jpg,True,Brown,50.0,15.0,0.0,03-1/011_Brown_0.png,,15.0,4.0,"[(4.0, 2.566352599998936)]",19.0,"[0.8209248000057414, 1.2705862999428064, 7.086451799958013, 12.305976500036195, 12.773338499944657]",16.0,331.5299043999985,350.98322950000875,1.0,Brown,351.34156860003714,354.5064340999816,"[0.16583333333333333, -0.024166666666666666]","[0.006666666666666667, -0.29333333333333333]","[2.329779400024563, 3.163235199986957]",354.87093740003183,,354.8840304999612,355.3851490999805,,,1.0,1.0,2026-04-09_22h08.18.314,Week4Train,60.08344387873544,2026-04-09 22h08.19.421849 +0200,23.855244699981995,19.45332510001026,3.164865499944483,0.5142116999486461,4.0,4.0,2.0,2.0,4.0,14.0,1,0.75,13.639097529088817,9.358203989079515,-0.6212973747640373,0.3494864413269682,2,1.45,1.819526601977231,1.15
827,17,019_Teal.jpg,True,Teal,0.0,44.0,49.0,03-1/019_Teal_0.png,,16.0,5.0,"[(5.0, 1.4178016999503598)]",29.0,"[1.714460999937728, 2.41179679997731]",17.0,355.74493819999043,364.1642969000386,2.0,Teal,364.5261965000536,366.6715762000531,"[0.3225, 0.0008333333333333334]","[-0.023333333333333334, -0.2683333333333333]","[1.1781383999623358, 2.1433622000040486]",367.0361358999508,,367.05039250000846,367.8402669000207,,,1.0,1.0,2026-04-09_22h08.18.314,Week4Train,60.08344387873544,2026-04-09 22h08.19.421849 +0200,12.09532870003028,8.419358700048178,2.1453796999995234,0.8041310000699013,5.0,1.0,2.0,2.0,4.0,14.0,1,1.0,13.639097529088817,9.358203989079515,0.5577714308356361,0.6359367357392968,2,1.45,2.016632480046594,1.2
828,18,029_Bordeaux.jpg,True,Bordeaux,54.0,0.0,21.0,03-1/029_Bordeaux_0.png,,17.0,5.0,"[(5.0, 1.3517458999995142)]",33.0,"[5.988960899994709, 6.606903600040823]",18.0,368.1947954000207,384.8157338000601,2.0,Bordeaux,385.1745018999791,387.2378526000539,"[0.38916666666666666, 0.0175]","[-0.004166666666666667, -0.28]","[1.129276999970898, 2.061562299961224]",387.6070794999832,,387.6165726999752,388.0723795000231,,,1.0,1.0,2026-04-09_22h08.18.314,Week4Train,60.08344387873544,2026-04-09 22h08.19.421849 +0200,19.877584100002366,16.620938400039392,2.063350700074807,0.46530000003991745,5.0,1.0,2.0,2.0,4.0,14.0,1,1.0,13.639097529088817,9.358203989079515,-0.31863388257300357,0.42100871716764565,2,1.45,1.9231387919679257,1.2
829,19,012_Bordeaux.jpg,True,Bordeaux,50.0,2.0,24.0,03-1/012_Bordeaux_0.png,,18.0,5.0,"[(5.0, 1.170677899965085)]",21.0,"[1.5445238000247627, 2.550491700065322]",19.0,388.4317811999936,398.16805950005073,2.0,Bordeaux,398.5238294999581,400.8843928000424,"[0.37333333333333335, 0.08583333333333333]","[-0.028333333333333332, -0.2575]","[0.9596207999857143, 2.3588115000166]",401.2422673000256,,401.26560210005846,402.0218287999742,,,1.0,1.0,2026-04-09_22h08.18.314,Week4Train,60.08344387873544,2026-04-09 22h08.19.421849 +0200,13.59004759998055,9.736278300057108,2.3605633000843227,0.7795614999485565,5.0,1.0,2.0,2.0,4.0,14.0,1,1.0,13.639097529088817,9.358203989079515,0.4170478901278572,0.6027766205429338,2,1.45,2.002207829936176,1.2
830,20,006_Bordeaux.jpg,True,Bordeaux,51.0,0.0,12.0,03-1/006_Bordeaux_0.png,,19.0,5.0,"[(5.0, 1.2156669999239966)]",15.0,"[1.2739724999992177, 1.675707699963823]",20.0,402.3779350999976,407.5643577000592,2.0,Bordeaux,407.9251398999477,409.8540711000096,"[0.3883333333333333, 0.0675]","[0.0025, -0.3016666666666667]","[0.9773287000134587, 1.926818700041622]",410.20952779997606,,410.2320781999733,410.9551389999688,,,1.0,1.0,2026-04-09_22h08.18.314,Week4Train,60.08344387873544,2026-04-09 22h08.19.421849 +0200,8.57720389997121,5.186422600061576,1.9289312000619248,0.7456111999927657,5.0,1.0,2.0,2.0,4.0,14.0,1,1.0,13.639097529088817,9.358203989079515,0.9032368752477533,0.7116142270176019,2,1.45,2.049552188752657,1.2
831,21,021_Grey.jpg,True,Grey,47.0,51.0,57.0,03-1/021_Grey_0.png,,20.0,5.0,"[(5.0, 2.4335317000513896)]",31.0,"[1.1086701999884099, 1.50907490006648]",21.0,411.30708209995646,415.4968907999573,2.0,Grey,415.856703300029,418.95513769995887,"[0.36833333333333335, -0.006666666666666667]","[-0.014166666666666666, -0.2966666666666667]","[2.2260984999593347, 3.0966658999677747]",419.3272049999796,,419.3498837000225,419.8213467999594,,,1.0,1.0,2026-04-09_22h08.18.314,Week4Train,60.08344387873544,2026-04-09 22h08.19.421849 +0200,8.514264700002911,4.189808700000867,3.098434399929886,0.49414179997978636,5.0,1.0,2.0,2.0,4.0,14.0,1,1.0,13.639097529088817,9.358203989079515,1.0097331539379486,0.7329679237877837,2,1.45,2.058841046847686,1.2
832,22,020_Grey.jpg,True,Grey,47.0,44.0,45.0,03-1/020_Grey_0.png,,21.0,5.0,"[(5.0, 1.3848375000525266)]",30.0,"[0.9816251999000087, 1.518210099893622]",22.0,420.1855106999865,425.26723620004486,2.0,Grey,425.6228103999747,427.8006542000221,"[0.3616666666666667, 0.065]","[-0.045, -0.2608333333333333]","[1.1627055000280961, 2.1756076000165194]",428.1650363999652,,428.1814339000266,428.5541004999541,,,1.0,1.0,2026-04-09_22h08.18.314,Week4Train,60.08344387873544,2026-04-09 22h08.19.421849 +0200,8.368589799967594,5.081725500058383,2.1778438000474125,0.3890640999889001,5.0,1.0,2.0,2.0,4.0,14.0,1,1.0,13.639097529088817,9.358203989079515,0.9144246095742724,0.7139047207576203,2,1.45,2.050548553529565,1.2
833,23,013_Orange.jpg,True,Orange,100.0,65.0,4.0,03-1/013_Orange_0.png,,22.0,5.0,"[(5.0, 1.1479137999704108)]",24.0,"[0.8330684000393376, 2.368621899979189]",23.0,428.91151190001983,438.5733417000156,2.0,Orange,438.9217408000259,440.7201275000116,"[0.38166666666666665, 0.0008333333333333334]","[-0.0008333333333333334, -0.3075]","[0.8862384000094607, 1.7708236000034958]",441.0841071000322,,441.0975907000248,441.4369872000534,,,1.0,1.0,2026-04-09_22h08.18.314,Week4Train,60.08344387873544,2026-04-09 22h08.19.421849 +0200,12.525475300033577,9.661829799995758,1.7983866999857128,0.35288010002119563,5.0,1.0,2.0,2.0,4.0,14.0,1,1.0,13.639097529088817,9.358203989079515,0.4250033162062188,0.6046798774272603,2,1.45,2.003035746680858,1.2
834,24,006_Brown.jpg,True,Brown,53.0,20.0,0.0,03-1/006_Brown_0.png,,23.0,3.0,"[(3.0, 1.2343409999739379)]",16.0,"[3.0650341999717057, 6.526941799907945, 7.111178999999538, 7.509423799929209, 8.274929099949077]",24.0,441.8082251000451,461.7807423999766,1.0,Brown,462.1416330999928,464.4654789000051,"[-0.0225, 0.020833333333333332]","[-0.029166666666666667, -0.2675]","[1.022419200045988, 2.322030400042422]",464.8322823999915,,464.84661769995,465.43792940001,,,1.0,1.0,2026-04-09_22h08.18.314,Week4Train,60.08344387873544,2026-04-09 22h08.19.421849 +0200,23.629704299964885,19.972517299931496,2.3238458000122932,0.6056470000184504,3.0,4.0,2.0,2.0,4.0,14.0,1,0.5,13.639097529088817,9.358203989079515,-0.676777272458841,0.33698096112236264,2,1.45,1.7415867180882278,1.1
835,25,011_Orange.jpg,True,Orange,99.0,48.0,0.0,02-1/011_Orange_0.png,,24.0,5.0,"[(5.0, 1.2142946999520063)]",3.0,"[1.998940100078471, 5.423686400055885, 5.902897500083782, 6.2729626999935135, 6.975065600010566]",25.0,465.7966678000521,477.4702920999844,1.0,Orange,477.8209372999845,479.6321403000038,"[0.3775, -0.01]","[-0.024166666666666666, -0.31333333333333335]","[0.9781001000665128, 1.8095336999977008]",479.99937350000255,,480.01311699999496,480.58727420005016,,,1.0,1.0,2026-04-09_22h08.18.314,Week4Train,60.08344387873544,2026-04-09 22h08.19.421849 +0200,14.790606399998069,11.673624299932328,1.8112030000193045,0.5879007000476122,5.0,4.0,2.0,2.0,4.0,14.0,1,1.0,13.639097529088817,9.358203989079515,0.21002675635731843,0.5523145254458602,2,1.45,1.9802568185689489,1.2
836,26,030_Seafoam.jpg,True,Seafoam,0.0,99.0,67.0,02-1/030_Seafoam_0.png,,25.0,5.0,"[(5.0, 1.3978654000675306)]",14.0,"[2.90260130004026, 5.0921601000009105, 6.687996000051498, 6.980964999995194, 7.156090699951164, 7.556601900025271]",26.0,480.944924899959,493.63024299999233,2.0,Seafoam,493.9879070000025,496.0652696000179,"[0.3475, 0.03833333333333333]","[0.015, -0.2525]","[1.1590617999900132, 2.0756876000668854]",496.4338947000215,,496.445835200022,496.9688048999524,,,1.0,1.0,2026-04-09_22h08.18.314,Week4Train,60.08344387873544,2026-04-09 22h08.19.421849 +0200,16.02387999999337,12.685318100033328,2.0773626000154195,0.5349101999308914,5.0,5.0,2.0,2.0,4.0,14.0,1,1.0,13.639097529088817,9.358203989079515,0.10191906803575713,0.5254577339797222,2,1.45,1.9685741142811792,1.2
837,27,008_Purple.jpg,True,Purple,52.0,0.0,99.0,01-1/008_Purple_0.png,,26.0,5.0,"[(5.0, 1.034868900082074)]",6.0,"[1.4988679999951273, 2.0419584000483155, 3.148936700075865, 3.668687600060366]",27.0,497.3232548000524,503.0775752000045,0.0,Purple,503.4424264000263,505.7149147000164,"[0.37166666666666665, 0.059166666666666666]","[-0.0033333333333333335, -0.27416666666666667]","[0.8221900999778882, 2.270293000037782]",506.0940882000141,,506.1119173000334,506.617120699957,,,1.0,1.0,2026-04-09_22h08.18.314,Week4Train,60.08344387873544,2026-04-09 22h08.19.421849 +0200,9.293865899904631,5.754320399952121,2.272488299990073,0.5230324999429286,5.0,3.0,2.0,2.0,4.0,14.0,1,1.0,13.639097529088817,9.358203989079515,0.8425523891483641,0.6990025061961331,2,1.45,2.044066090195318,1.2
838,28,024_Grey.jpg,True,Grey,42.0,49.0,52.0,03-1/024_Grey_0.png,,27.0,5.0,"[(5.0, 1.2652550999773666)]",32.0,"[1.3505358999827877, 1.8005040999269113]",28.0,506.9740972999716,511.6390343999956,2.0,Grey,511.9863249999471,514.9815601999871,"[0.36583333333333334, 0.07416666666666667]","[0.025833333333333333, -0.31333333333333335]","[1.0173269999213517, 2.968259899993427]",515.352270900039,,515.3615721999668,516.235858400003,,,1.0,1.0,2026-04-09_22h08.18.314,Week4Train,60.08344387873544,2026-04-09 22h08.19.421849 +0200,9.261761100031435,4.664937100023963,2.9952352000400424,0.883587499964051,5.0,1.0,2.0,2.0,4.0,14.0,1,1.0,13.639097529088817,9.358203989079515,0.9589618306607959,0.7229138981861799,2,1.45,2.054467545710988,1.2
839,29,016_Brown.jpg,True,Brown,52.0,18.0,0.0,03-1/016_Brown_0.png,,28.0,5.0,"[(5.0, 1.1645026999758556)]",27.0,"[1.7060828999383375, 2.514810499968007, 4.894731899956241, 5.511765099945478, 6.209615899948403]",29.0,516.5889236000367,529.763109600055,1.0,Brown,530.1202466000104,532.1660973000107,"[0.3525, 0.043333333333333335]","[0.030833333333333334, -0.32]","[0.943716699955985, 2.044023299938999]",532.5310622999677,,532.5441617000615,533.5170401999494,,,1.0,1.0,2026-04-09_22h08.18.314,Week4Train,60.08344387873544,2026-04-09 22h08.19.421849 +0200,16.928116599912755,13.17418600001838,2.045850700000301,0.9859778999816626,5.0,4.0,2.0,2.0,4.0,14.0,1,1.0,13.639097529088817,9.358203989079515,0.04967956774750382,0.5124173381478575,2,1.45,1.9629015420943179,1.2
840,30,006_Pink.jpg,True,Pink,100.0,0.0,50.0,02-1/006_Pink_0.png,,29.0,5.0,"[(5.0, 0.9480805000057444)]",8.0,"[1.293402999988757, 1.8906758999219164]",30.0,533.876711799996,538.9315004999517,2.0,Pink,539.2867810999742,541.4123648999957,"[0.3333333333333333, 0.008333333333333333]","[0.023333333333333334, -0.26666666666666666]","[0.7096390000078827, 2.1238460999447852]",541.7783269999782,,541.794388600043,542.3001625000034,,,1.0,1.0,2026-04-09_22h08.18.314,Week4Train,60.08344387873544,2026-04-09 22h08.19.421849 +0200,8.423450700007379,5.0547886999556795,2.125583800021559,0.5218355000251904,5.0,1.0,2.0,2.0,4.0,14.0,1,1.0,13.639097529088817,9.358203989079515,0.9173030251478309,0.7144922599282136,2,1.45,2.0508041330687727,1.2
841,31,007_Cyan.jpg,True,Cyan,1.0,89.0,99.0,01-1/007_Cyan_0.png,,30.0,5.0,"[(5.0, 1.1654515999834985)]",5.0,"[0.710391000029631, 1.1352728999918327, 2.0406950999749824, 2.322285500005819, 2.607034799992107, 3.485296200029552]",31.0,542.6550782000413,552.4209053999512,2.0,Cyan,552.7702725999989,555.1468843000475,"[0.37166666666666665, 0.0275]","[-0.015833333333333335, -0.2825]","[0.914248300017789, 2.374537799973041]",555.51800739998,,555.5277656000108,556.2685369000537,,,1.0,1.0,2026-04-09_22h08.18.314,Week4Train,60.08344387873544,2026-04-09 22h08.19.421849 +0200,13.613458700012416,9.765827199909836,2.37661170004867,0.7505295000737533,5.0,5.0,2.0,2.0,4.0,14.0,1,1.0,13.639097529088817,9.358203989079515,0.41389035050944223,0.6020203440363688,2,1.45,2.00187884965582,1.2
842,32,018_Yellow.jpg,True,Yellow,100.0,88.0,0.0,01-t/018_Yellow_0.png,,31.0,4.0,"[(4.0, 1.3471186000388116)]",11.0,"[1.466840700013563, 2.9826529000420123, 6.309414700022899, 6.75188670004718, 7.035113100078888]",32.0,556.6246794000035,577.0837717000395,1.0,Yellow,577.4409211999737,579.4952813000418,"[0.17666666666666667, 0.0033333333333333335]","[0.016666666666666666, -0.30333333333333334]","[1.0888169999234378, 2.052774899988435]",579.8802954000421,,579.8925058000023,580.7173298000125,,,1.0,1.0,2026-04-09_22h08.18.314,Week4Train,60.08344387873544,2026-04-09 22h08.19.421849 +0200,24.092650400009006,20.45909230003599,2.054360100068152,0.8370343999704346,4.0,4.0,2.0,2.0,4.0,14.0,1,0.75,13.639097529088817,9.358203989079515,-0.7287717577972991,0.32546431456201685,2,1.45,1.8090769768344772,1.15
843,33,013_Seafoam.jpg,True,Seafoam,9.0,100.0,59.0,03-1/013_Seafoam_0.png,,32.0,5.0,"[(5.0, 1.8985428001033142)]",25.0,"[1.7159747999394313, 2.3676083999453112]",33.0,581.074288600008,590.131694199983,2.0,Seafoam,590.4826584999682,593.2956659999909,"[0.36666666666666664, 0.08666666666666667]","[0.021666666666666667, -0.315]","[1.6630332000786439, 2.8112710000714287]",593.6830921999644,,593.6919989000307,594.164556600037,,,1.0,1.0,2026-04-09_22h08.18.314,Week4Train,60.08344387873544,2026-04-09 22h08.19.421849 +0200,13.090268000029027,9.057405599975027,2.8130075000226498,0.48146440007258207,5.0,1.0,2.0,2.0,4.0,14.0,1,1.0,13.639097529088817,9.358203989079515,0.4895909444227076,0.6200100645693074,2,1.45,2.0097043780876485,1.2
844,34,012_Lime-green.jpg,True,Lime-green,61.0,94.0,3.0,02-1/012_Lime-green_0.png,,33.0,5.0,"[(5.0, 1.4490569999907166)]",13.0,"[3.748910199967213, 5.26608759991359, 8.09371749998536, 8.297726799966767, 8.59248209989164]",34.0,594.5248443000019,605.799547099974,1.0,Lime-green,606.149756000028,608.2624741999898,"[0.3525, 0.03916666666666667]","[-0.0125, -0.25333333333333335]","[1.211113900062628, 2.1104631000198424]",608.6322083000559,,608.6424993999535,609.1160057999659,,,1.0,1.0,2026-04-09_22h08.18.314,Week4Train,60.08344387873544,2026-04-09 22h08.19.421849 +0200,14.591161499964073,11.274702799972147,2.1127181999618188,0.483797499909997,5.0,4.0,2.0,2.0,4.0,14.0,1,1.0,13.639097529088817,9.358203989079515,0.25265475425367756,0.562829818166495,2,1.45,1.9848309709024252,1.2
845,35,008_Orange.jpg,True,Orange,100.0,53.0,0.0,02-1/008_Orange_0.png,,34.0,5.0,"[(5.0, 1.200015899958089)]",2.0,"[1.3480930000077933, 2.7398870999459177]",35.0,609.4724974000128,618.3566232000012,2.0,Orange,618.7189006999834,621.1096619999735,"[0.3466666666666667, 0.04666666666666667]","[-0.02, -0.2683333333333333]","[0.9747962000546977, 2.3887128001078963]",621.4762147000292,,621.4907854000339,622.0485884000082,,,1.0,1.0,2026-04-09_22h08.18.314,Week4Train,60.08344387873544,2026-04-09 22h08.19.421849 +0200,12.576090999995358,8.884125799988396,2.3907612999901175,0.5723736999789253,5.0,1.0,2.0,2.0,4.0,14.0,1,1.0,13.639097529088817,9.358203989079515,0.5081072965121511,0.624362675885391,2,1.45,2.011597764010145,1.2
846,36,010_Brown.jpg,True,Brown,50.0,18.0,0.0,03-1/010_Brown_0.png,,35.0,5.0,"[(5.0, 1.3481876000296324)]",18.0,"[1.5009161999914795, 3.834712899988517]",36.0,622.402597200009,630.6815143000567,2.0,Brown,631.0377689000452,633.5615481999703,"[0.35583333333333333, 0.07666666666666666]","[-0.02, -0.27416666666666667]","[1.122493700007908, 2.5214686000254005]",633.9471993000479,,633.9573523000581,634.4471701000584,,,1.0,1.0,2026-04-09_22h08.18.314,Week4Train,60.08344387873544,2026-04-09 22h08.19.421849 +0200,12.044572900049388,8.278917100047693,2.5237792999250814,0.49997080001048744,5.0,1.0,2.0,2.0,4.0,14.0,1,1.0,13.639097529088817,9.358203989079515,0.5727787549081155,0.639404110792132,2,1.45,2.0181407881945774,1.2
847,37,013_Teal.jpg,True,Teal,0.0,48.0,60.0,03-1/013_Teal_0.png,,36.0,5.0,"[(5.0, 1.264654100057669)]",26.0,"[5.066891400027089, 10.272463100031018, 11.298424300039187, 16.020733800018206, 16.734781800070778, 22.55005489999894, 22.98209369997494, 24.31932260002941, 25.98533369996585, 28.019970700028352, 33.9665929999901, 34.4840736000333, 35.01793159998488, 36.73777859995607, 39.46733310003765, 39.75394269998651, 40.00370100000873, 40.361842400045134]",37.0,634.8033288000152,682.2513122999808,2.0,Teal,682.6129611999495,685.2105932000559,"[0.3458333333333333, 0.03333333333333333]","[-0.0025, -0.2916666666666667]","[1.0425913999788463, 2.595963199972175]",685.578395999968,,685.5887414000463,686.0445713000372,,,1.0,1.0,2026-04-09_22h08.18.314,Week4Train,60.08344387873544,2026-04-09 22h08.19.421849 +0200,51.241242500022054,47.44798349996563,2.597632000106387,0.4661753000691533,5.0,17.0,2.0,2.0,4.0,14.0,1,1.0,13.639097529088817,9.358203989079515,-3.6127536876017916,0.02626879180000091,2,1.45,1.7514269244330003,1.2
848,38,018_Purple.jpg,True,Purple,51.0,2.0,100.0,01-1/018_Purple_0.png,,37.0,5.0,"[(5.0, 1.0145413000136614)]",7.0,"[1.851903000031598, 2.804709699936211]",38.0,686.4003630999941,692.4037341000512,2.0,Purple,692.7635245999554,694.6774096000008,"[0.3516666666666667, 0.056666666666666664]","[-0.009166666666666667, -0.2891666666666667]","[0.7789656999520957, 1.912094600033015]",695.0407391999615,,695.055138100055,695.5267736000242,,,1.0,1.0,2026-04-09_22h08.18.314,Week4Train,60.08344387873544,2026-04-09 22h08.19.421849 +0200,9.126410500030033,6.003371000057086,1.9138850000454113,0.48603440006263554,5.0,1.0,2.0,2.0,4.0,14.0,1,1.0,13.639097529088817,9.358203989079515,0.8159393124943829,0.6933736896427022,2,1.45,2.041617554994575,1.2
849,1,022_Cyan.jpg,True,Cyan,0.0,96.0,90.0,01-t/022_Cyan_0.png,,0.0,5.0,"[(5.0, 2.3828902998939157)]",37.0,"[3.7042299997992814, 4.030783699825406, 4.5110666998662055, 5.1321615998167545, 5.737599199870601, 6.19654419994913, 7.682845499832183, 8.016183299943805, 8.343494299799204]",1.0,33.89197980007157,45.93608699995093,1.0,Cyan,46.30948859988712,49.58177839987911,"[0.3516666666666667, -0.006666666666666667]","[-0.0125, -0.2891666666666667]","[2.1308751001488417, 3.2677486001048237]",49.97189729986712,,50.00465889996849,50.54828429990448,,,1.0,2.0,2026-04-14_12h30.02.409,Week4Train,60.07839032106961,2026-04-14 12h30.04.339305 +0200,16.656304499832913,12.044107199879363,3.272289799991995,0.5763870000373572,5.0,8.0,2.0,2.0,4.0,14.0,1,1.0,13.639097529088817,9.358203989079515,0.17043765353594723,0.542506565421409,2,1.45,1.975990355958313,1.2
850,2,031_Bordeaux.jpg,True,Bordeaux,47.0,5.0,21.0,03-1/031_Bordeaux_0.png,,1.0,5.0,"[(5.0, 1.1653640000149608)]",33.0,"[1.650904200039804, 2.4944875999353826, 3.568668599938974, 4.074040199862793]",2.0,50.92617009999231,65.46118759992532,0.0,Bordeaux,65.81738559994847,67.87310319999233,"[0.37916666666666665, 0.0325]","[-0.008333333333333333, -0.25916666666666666]","[0.952911299886182, 2.0519709999207407]",68.25452139996924,,68.26960889995098,68.77398249995895,,,1.0,2.0,2026-04-14_12h30.02.409,Week4Train,60.07839032106961,2026-04-14 12h30.04.339305 +0200,17.847812399966635,14.535017499933012,2.055717600043863,0.5194610999897122,5.0,3.0,2.0,2.0,4.0,14.0,1,1.0,13.639097529088817,9.358203989079515,-0.09573631563168343,0.4760841848872845,2,1.45,1.9470966204259685,1.2
851,3,024_Grey.jpg,True,Grey,42.0,49.0,52.0,03-1/024_Grey_0.png,,2.0,5.0,"[(5.0, 1.2152464999817312)]",30.0,"[3.9836555998772383, 5.437664499972016, 7.1068728000391275, 7.420282099861652]",3.0,69.14032609993592,80.3236145998817,0.0,Grey,80.68267920007929,82.88852140004747,"[0.37833333333333335, 0.06416666666666666]","[-0.016666666666666666, -0.27416666666666667]","[0.972374300006777, 2.2024507001042366]",83.26727569987997,,83.28521950007416,83.94542649993673,,,1.0,2.0,2026-04-14_12h30.02.409,Week4Train,60.07839032106961,2026-04-14 12h30.04.339305 +0200,14.80510040000081,11.183288499945775,2.205842199968174,0.6781508000567555,5.0,3.0,2.0,2.0,4.0,14.0,1,1.0,13.639097529088817,9.358203989079515,0.26242311366677085,0.5652318532448811,2,1.45,1.985875856161523,1.2
852,4,019_Teal.jpg,True,Teal,0.0,44.0,49.0,03-1/019_Teal_0.png,,3.0,5.0,"[(5.0, 1.2477239000145346)]",27.0,"[2.745802399935201, 3.649320799857378, 4.6956675997935236, 5.011656999820843, 5.415369699941948]",4.0,84.30383959994651,94.91274589998648,1.0,Teal,95.26506490004247,97.5400401998777,"[0.36083333333333334, 0.0025]","[0.006666666666666667, -0.31583333333333335]","[1.0042296999599785, 2.2712318000849336]",97.91454839985818,,97.93467310001142,98.75843929988332,,,1.0,2.0,2026-04-14_12h30.02.409,Week4Train,60.07839032106961,2026-04-14 12h30.04.339305 +0200,14.454599699936807,10.608906300039962,2.2749752998352193,0.8438909000251442,5.0,4.0,2.0,2.0,4.0,14.0,1,1.0,13.639097529088817,9.358203989079515,0.32380051050232644,0.5802501854234917,2,1.45,1.992408830659219,1.2
853,5,006_Bordeaux.jpg,True,Bordeaux,51.0,0.0,12.0,03-1/006_Bordeaux_0.png,,4.0,5.0,"[(5.0, 2.9156398999039084)]",13.0,"[5.327153400052339, 6.086380100110546, 7.132411100203171, 7.73320830008015]",5.0,99.12193519994617,115.96970589994451,0.0,Bordeaux,116.32908109994604,121.13715429999866,"[0.37833333333333335, 0.04583333333333333]","[-0.010833333333333334, -0.2891666666666667]","[2.673337300075218, 4.804667500080541]",121.51800230005756,,121.5338457999751,122.2744547999464,,,1.0,2.0,2026-04-14_12h30.02.409,Week4Train,60.07839032106961,2026-04-14 12h30.04.339305 +0200,23.152519600000232,16.84777069999835,4.808073200052618,0.7564524998888373,5.0,3.0,2.0,2.0,4.0,14.0,1,1.0,13.639097529088817,9.358203989079515,-0.3428727536452368,0.4151118200721216,2,1.45,1.920573641731373,1.2
854,6,013_Green.jpg,True,Green,2.0,100.0,2.0,03-1/013_Green_0.png,,5.0,5.0,"[(5.0, 1.681012500077486)]",20.0,"[14.479575499892235, 15.566880999831483]",6.0,122.63840369996616,142.26213099993765,2.0,Green,142.62862199987285,145.2033029999584,"[0.36916666666666664, 0.0725]","[-0.010833333333333334, -0.29583333333333334]","[1.4395290999673307, 2.5712635999079794]",145.5791289000772,,145.5989727000706,146.5742347999476,,,1.0,2.0,2026-04-14_12h30.02.409,Week4Train,60.07839032106961,2026-04-14 12h30.04.339305 +0200,23.935831099981428,19.623727299971492,2.5746810000855476,0.9951058998703957,5.0,1.0,2.0,2.0,4.0,14.0,1,1.0,13.639097529088817,9.358203989079515,-0.6395062319507454,0.345358164863207,2,1.45,1.890230801715495,1.2
855,7,012_Bordeaux.jpg,True,Bordeaux,50.0,2.0,24.0,03-1/012_Bordeaux_0.png,,6.0,5.0,"[(5.0, 1.947799100074917)]",19.0,"[3.653595600044355, 4.757457199972123]",7.0,146.9363414000254,156.20957489986904,2.0,Bordeaux,156.56357700005174,159.66922799986787,"[0.37333333333333335, 0.03166666666666667]","[-0.0016666666666666668, -0.2833333333333333]","[1.7037075001280755, 3.1020091001410037]",160.05011680000462,,160.06543969991617,160.90737239993177,,,1.0,2.0,2026-04-14_12h30.02.409,Week4Train,60.07839032106961,2026-04-14 12h30.04.339305 +0200,13.971030999906361,9.273233499843627,3.1056509998161346,0.8572555999271572,5.0,1.0,2.0,2.0,4.0,14.0,1,1.0,13.639097529088817,9.358203989079515,0.4665279827560824,0.6145616479509967,2,1.45,2.0073343168586835,1.2
856,8,029_Teal.jpg,True,Teal,0.0,47.0,43.0,03-1/029_Teal_0.png,,7.0,5.0,"[(5.0, 1.7169476000126451)]",32.0,"[83.03583200019784, 83.64104030001909]",8.0,161.27025959989987,249.2510710998904,2.0,Teal,249.61030910001136,252.91518700006415,"[0.365, 0.06166666666666667]","[-0.006666666666666667, -0.26]","[1.5018921999726444, 3.301194499945268]",253.29509230004624,,253.3116768999025,253.9215965999756,,,1.0,2.0,2026-04-14_12h30.02.409,Week4Train,60.07839032106961,2026-04-14 12h30.04.339305 +0200,92.65133700007573,87.98081149999052,3.3048779000527873,0.6265042999293655,5.0,1.0,2.0,2.0,4.0,14.0,1,1.0,13.639097529088817,9.358203989079515,-7.944015118462283,0.00035465331089969723,2,1.45,1.7401542741902412,1.2
857,9,029_Cyan.jpg,True,Cyan,2.0,100.0,88.0,01-1/029_Cyan_0.png,,8.0,5.0,"[(5.0, 1.6492268999572843)]",5.0,"[2.5361156999133527, 3.422820100095123]",9.0,254.28213359997608,263.8059070999734,2.0,Cyan,264.1583177000284,266.565877399873,"[0.355, 0.045]","[-0.008333333333333333, -0.285]","[1.4053239000495523, 2.4043342999648303]",266.9452563000377,,266.9613617998548,267.6200685999356,,,1.0,2.0,2026-04-14_12h30.02.409,Week4Train,60.07839032106961,2026-04-14 12h30.04.339305 +0200,13.337934999959543,9.523773499997333,2.407559699844569,0.6748122998978943,5.0,1.0,2.0,2.0,4.0,14.0,1,1.0,13.639097529088817,9.358203989079515,0.4397557516264692,0.6082008297097341,2,1.45,2.004567360923734,1.2
858,10,007_Cyan.jpg,True,Cyan,1.0,89.0,99.0,01-1/007_Cyan_0.png,,9.0,5.0,"[(5.0, 1.400397599907592)]",0.0,"[1.4640806999523193, 2.551093899877742]",10.0,267.98090839991346,273.9607472999487,2.0,Cyan,274.32419139984995,277.100896500051,"[0.36583333333333334, 0.085]","[0.004166666666666667, -0.27166666666666667]","[1.1878401001449674, 2.7733207000419497]",277.462032499956,,277.47837090003304,279.7368397999089,,,1.0,2.0,2026-04-14_12h30.02.409,Week4Train,60.07839032106961,2026-04-14 12h30.04.339305 +0200,11.755931399995461,5.979838900035247,2.7767051002010703,2.274807299952897,5.0,1.0,2.0,2.0,4.0,14.0,1,1.0,13.639097529088817,9.358203989079515,0.8184539082490062,0.6939080492196137,2,1.45,2.041850001410532,1.2
859,11,010_Pink.jpg,True,Pink,98.0,0.0,52.0,02-1/010_Pink_0.png,,10.0,5.0,"[(5.0, 1.2467959001660347)]",8.0,"[2.370223400183022, 2.938152699964121]",11.0,280.0955985998735,289.0502740999218,2.0,Pink,289.40733519988135,292.0505242999643,"[0.3725, 0.016666666666666666]","[0.015, -0.2891666666666667]","[1.0055104000493884, 2.639562899945304]",292.4292500000447,,292.4442429000046,292.951157799922,,,1.0,2.0,2026-04-14_12h30.02.409,Week4Train,60.07839032106961,2026-04-14 12h30.04.339305 +0200,12.855559200048503,8.954675500048324,2.6431891000829637,0.5219077998772832,5.0,1.0,2.0,2.0,4.0,14.0,1,1.0,13.639097529088817,9.358203989079515,0.5005684888368477,0.6225929188853192,2,1.45,2.0108279197151138,1.2
860,12,014_Pink.jpg,True,Pink,100.0,9.0,40.0,02-1/014_Pink_0.png,,11.0,5.0,"[(5.0, 1.5654094000346959)]",11.0,"[1.43928789999336, 2.349290099926293]",12.0,293.31643919995986,305.509639600059,2.0,Pink,305.8737105999608,308.4307397999801,"[0.38083333333333336, 0.11]","[-0.0225, -0.27166666666666667]","[1.3217221999075264, 2.5539914998225868]",308.8101127999835,,308.8265037999954,309.4530050000176,,,1.0,2.0,2026-04-14_12h30.02.409,Week4Train,60.07839032106961,2026-04-14 12h30.04.339305 +0200,16.136565800057724,12.193200400099158,2.557029200019258,0.6428922000341117,5.0,1.0,2.0,2.0,4.0,14.0,1,1.0,13.639097529088817,9.358203989079515,0.1545058358074837,0.5385498008713473,2,1.45,1.974269163379036,1.2
861,13,008_Orange.jpg,True,Orange,100.0,53.0,0.0,02-1/008_Orange_0.png,,12.0,5.0,"[(5.0, 1.2316090001259)]",7.0,"[1.4974350999109447, 3.682624700013548, 15.901570899877697, 16.36209789989516, 16.79855339997448]",13.0,309.8113168000709,331.0562215000391,1.0,Orange,331.4208978000097,333.6164213998709,"[0.3441666666666667, -0.06166666666666667]","[-0.024166666666666666, -0.31416666666666665]","[0.9907099001575261, 2.192140500061214]",333.9930103998631,,334.00914219999686,334.48411329998635,,,1.0,2.0,2026-04-14_12h30.02.409,Week4Train,60.07839032106961,2026-04-14 12h30.04.339305 +0200,24.67279649991542,21.244904699968174,2.1955235998611897,0.49110290012322366,5.0,4.0,2.0,2.0,4.0,14.0,1,1.0,13.639097529088817,9.358203989079515,-0.8127421864018882,0.30730646043391824,2,1.45,1.8736783102887542,1.2
862,14,011_Brown.jpg,True,Brown,50.0,15.0,0.0,03-1/011_Brown_0.png,,13.0,5.0,"[(5.0, 1.3987851000856608)]",17.0,"[1.3218299001455307, 3.557000500150025]",14.0,334.846633200068,341.3995626999531,2.0,Brown,341.7545437000226,343.94527620007284,"[0.3675, 0.010833333333333334]","[0.011666666666666667, -0.26416666666666666]","[1.1544633999001235, 2.187187499832362]",344.3211672999896,,344.3418926000595,344.95120769995265,,,1.0,2.0,2026-04-14_12h30.02.409,Week4Train,60.07839032106961,2026-04-14 12h30.04.339305 +0200,10.10457449988462,6.552929499885067,2.190732500050217,0.6300403999630362,5.0,1.0,2.0,2.0,4.0,14.0,1,1.0,13.639097529088817,9.358203989079515,0.7572145293555151,0.6807486727055678,2,1.45,2.036125672626922,1.2
863,15,028_Blue.jpg,True,Blue,0.0,9.0,96.0,01-1/028_Blue_0.png,,14.0,5.0,"[(5.0, 2.330814099870622)]",4.0,"[1.3135800000745803, 2.1851449999958277]",15.0,345.31284859986044,351.71598229999654,2.0,Blue,352.07231769990176,355.13045000005513,"[0.37333333333333335, 0.37333333333333335, 0.029166666666666667]","[-0.056666666666666664, -0.021666666666666667, -0.2791666666666667]","[0.9859209000132978, 2.086018200032413, 3.0547255999408662]",355.509972400032,,355.52440039999783,356.13693069992587,,,1.0,2.0,2026-04-14_12h30.02.409,Week4Train,60.07839032106961,2026-04-14 12h30.04.339305 +0200,10.824082100065425,6.403133700136095,3.0581323001533747,0.6269582998938859,5.0,1.0,2.0,2.0,4.0,14.0,1,1.0,13.639097529088817,9.358203989079515,0.773221425542409,0.6842173404315937,2,1.45,2.037634543087743,1.2
864,16,011_Teal.jpg,True,Teal,0.0,45.0,54.0,03-1/011_Teal_0.png,,15.0,5.0,"[(5.0, 1.2475810998585075)]",18.0,"[1.4411617000587285, 2.647597099887207]",16.0,356.5117142000236,364.7693477000576,2.0,Teal,365.1214060999919,368.26054649986327,"[0.38083333333333336, 0.028333333333333332, 0.025]","[-0.010833333333333334, -0.2425, -0.27]","[1.0036471001803875, 2.238506300142035, 3.136035199975595]",368.6382587000262,,368.6575654000044,369.1631964999251,,,1.0,2.0,2026-04-14_12h30.02.409,Week4Train,60.07839032106961,2026-04-14 12h30.04.339305 +0200,12.651482299901488,8.25763350003399,3.139140399871394,0.5249377998989075,5.0,1.0,2.0,2.0,4.0,14.0,1,1.0,13.639097529088817,9.358203989079515,0.5750530801994364,0.6399283275714807,2,1.45,2.0183688224935943,1.2
865,17,013_Grey.jpg,True,Grey,47.0,53.0,50.0,03-1/013_Grey_0.png,,16.0,5.0,"[(5.0, 1.4994914999697357)]",21.0,"[1.50203249999322, 2.766320199938491]",17.0,369.5437555999961,376.62074739998206,2.0,Grey,376.9879254000261,379.7467120999936,"[0.335, 0.05]","[-0.020833333333333332, -0.30083333333333334]","[1.2570347001310438, 2.754753800109029]",380.1277383998968,,380.1402030000463,380.6177598999348,,,1.0,2.0,2026-04-14_12h30.02.409,Week4Train,60.07839032106961,2026-04-14 12h30.04.339305 +0200,11.074004299938736,7.07699179998599,2.7587866999675157,0.49002150003798306,5.0,1.0,2.0,2.0,4.0,14.0,1,1.0,13.639097529088817,9.358203989079515,0.7012142219554549,0.6684569258078312,2,1.45,2.0307787627264067,1.2
866,18,006_Brown.jpg,True,Brown,53.0,20.0,0.0,03-1/006_Brown_0.png,,17.0,5.0,"[(5.0, 1.3802463000174612)]",14.0,"[2.7932631000876427, 4.759713100036606, 8.110165200196207, 8.577153900172561, 9.18138590012677]",18.0,380.9782330999151,395.3359550999012,1.0,Brown,395.7065115000587,397.9134337999858,"[0.36083333333333334, 0.0325]","[-0.01, -0.2575]","[1.1353001000825316, 2.2029808000661433]",398.28533719992265,,398.3066743998788,398.9476325998549,,,1.0,2.0,2026-04-14_12h30.02.409,Week4Train,60.07839032106961,2026-04-14 12h30.04.339305 +0200,17.96939949993981,14.357721999986097,2.2069222999271005,0.6622953999322476,5.0,4.0,2.0,2.0,4.0,14.0,1,1.0,13.639097529088817,9.358203989079515,-0.0767908534304097,0.48081171489536134,2,1.45,1.9491530959794823,1.2
867,19,018_Yellow.jpg,True,Yellow,100.0,88.0,0.0,01-t/018_Yellow_0.png,,18.0,5.0,"[(5.0, 2.3497597000095993)]",36.0,"[1.8673507999628782, 3.999912600032985]",19.0,399.31188819999807,412.8428509000223,2.0,Yellow,413.203294799896,416.3758065998554,"[0.3641666666666667, 0.3641666666666667, 0.06166666666666667]","[-0.04833333333333333, -0.02, -0.27666666666666667]","[1.0388432000763714, 2.106177299981937, 3.168858899967745]",416.7561041999143,,416.7726419998799,417.3978965999559,,,1.0,2.0,2026-04-14_12h30.02.409,Week4Train,60.07839032106961,2026-04-14 12h30.04.339305 +0200,18.086008399957848,13.530962700024247,3.172511799959409,0.6417924000415951,5.0,1.0,2.0,2.0,4.0,14.0,1,1.0,13.639097529088817,9.358203989079515,0.011555083559917773,0.5028887387480284,2,1.45,1.9587566013553923,1.2
868,20,006_Teal.jpg,True,Teal,0.0,46.0,53.0,03-1/006_Teal_0.png,,19.0,5.0,"[(5.0, 1.59858059999533)]",15.0,"[1.6283395998179913, 4.195884299930185, 6.275912799872458, 6.596034099813551, 7.041397999972105]",20.0,417.76133179990575,427.5949711999856,1.0,Teal,427.9522098999005,430.9435228998773,"[0.3641666666666667, 0.04083333333333333]","[-0.0033333333333333335, -0.305]","[1.3865839999634773, 2.987817799905315]",431.3216756999027,,431.3385947998613,431.863413099898,,,1.0,2.0,2026-04-14_12h30.02.409,Week4Train,60.07839032106961,2026-04-14 12h30.04.339305 +0200,14.102081299992278,9.833639400079846,2.991312999976799,0.541737399995327,5.0,4.0,2.0,2.0,4.0,14.0,1,1.0,13.639097529088817,9.358203989079515,0.40664406690105503,0.6002829167228081,2,1.45,2.0011230687744215,1.2
869,21,021_Grey.jpg,True,Grey,47.0,51.0,57.0,03-1/021_Grey_0.png,,20.0,5.0,"[(5.0, 1.2821737001650035)]",29.0,"[1.4983552999328822, 2.1120060000102967]",21.0,432.2262347000651,437.9133953000419,2.0,Grey,438.2688808999956,441.84149449993856,"[0.36, 0.0975, 0.05]","[-0.013333333333333334, -0.24916666666666668, -0.285]","[1.0386856000404805, 2.569682599976659, 3.5695573000703007]",442.2212946999352,,442.2381932998542,442.8478945000097,,,1.0,2.0,2026-04-14_12h30.02.409,Week4Train,60.07839032106961,2026-04-14 12h30.04.339305 +0200,10.62165979994461,5.687160599976778,3.5726135999429403,0.6265998000745299,5.0,1.0,2.0,2.0,4.0,14.0,1,1.0,13.639097529088817,9.358203989079515,0.8497289585043766,0.7005102822440417,2,1.45,2.044721972776158,1.2
870,22,019_Brown.jpg,True,Brown,50.0,17.0,0.0,03-1/019_Brown_0.png,,21.0,5.0,"[(5.0, 1.596796300029382)]",26.0,"[7.0400453000329435, 8.712277099955827, 10.548872399842367, 11.011592499911785]",22.0,443.2121443999931,460.12398639996536,0.0,Brown,460.4862504000776,463.3101111999713,"[0.37083333333333335, 0.07083333333333333]","[0.008333333333333333, -0.29083333333333333]","[1.3536868998780847, 2.8199559999629855]",463.6880942999851,,463.7045743998606,464.4965160998981,,,1.0,2.0,2026-04-14_12h30.02.409,Week4Train,60.07839032106961,2026-04-14 12h30.04.339305 +0200,21.284371699904966,16.91184199997224,2.82386079989368,0.8084217999129919,5.0,3.0,2.0,2.0,4.0,14.0,1,1.0,13.639097529088817,9.358203989079515,-0.3497192917254771,0.4134504937626936,2,1.45,1.9198509647867714,1.2
871,23,018_Purple.jpg,True,Purple,51.0,2.0,100.0,01-1/018_Purple_0.png,,22.0,5.0,"[(5.0, 1.047873399918899)]",3.0,"[2.551042800070718, 3.535744900116697]",23.0,464.85821139998734,471.8167339998763,2.0,Purple,472.18491179984994,474.3243726000656,"[0.36833333333333335, 0.06166666666666667]","[-0.004166666666666667, -0.2683333333333333]","[0.8047756999731064, 2.1355190000031143]",474.7064855999779,,474.7200382000301,475.3629181999713,,,1.0,2.0,2026-04-14_12h30.02.409,Week4Train,60.07839032106961,2026-04-14 12h30.04.339305 +0200,10.504706799983978,6.9585225998889655,2.1394608002156588,0.6564325999934226,5.0,1.0,2.0,2.0,4.0,14.0,1,1.0,13.639097529088817,9.358203989079515,0.713873616881583,0.6712565218712397,2,1.45,2.0319965870139893,1.2
872,24,006_Pink.jpg,True,Pink,100.0,0.0,50.0,02-1/006_Pink_0.png,,23.0,5.0,"[(5.0, 1.0334749999456108)]",6.0,"[1.4770746999420226, 2.1249616998247802]",24.0,475.72479890007526,482.2002747999504,2.0,Pink,482.5676593999378,484.4237555998843,"[0.34833333333333333, 0.08833333333333333]","[0.005, -0.28833333333333333]","[0.7886996001470834, 1.8523369000758976]",484.8041632999666,,484.8200423999224,485.3135746999178,,,1.0,2.0,2026-04-14_12h30.02.409,Week4Train,60.07839032106961,2026-04-14 12h30.04.339305 +0200,9.588775799842551,6.475475899875164,1.8560961999465349,0.5094113999512047,5.0,1.0,2.0,2.0,4.0,14.0,1,1.0,13.639097529088817,9.358203989079515,0.7654910747375444,0.6825447165405703,2,1.45,2.036906951695148,1.2
873,25,029_Bordeaux.jpg,True,Bordeaux,54.0,0.0,21.0,03-1/029_Bordeaux_0.png,,24.0,5.0,"[(5.0, 1.1808265000581741)]",31.0,"[1.4691621998790652, 2.1920127000194043, 7.917085000080988, 8.082195099908859]",25.0,485.6741287999321,496.90220290003344,0.0,Bordeaux,497.2668772998732,499.4897934999317,"[0.37916666666666665, 0.015]","[-0.005833333333333334, -0.31416666666666665]","[0.9384216999169439, 2.2189992999192327]",499.8693411999848,,499.8858850998804,500.7287661000155,,,1.0,2.0,2026-04-14_12h30.02.409,Week4Train,60.07839032106961,2026-04-14 12h30.04.339305 +0200,15.054637300083414,11.228074100101367,2.222916200058478,0.8594249000307173,5.0,3.0,2.0,2.0,4.0,14.0,1,1.0,13.639097529088817,9.358203989079515,0.25763740903713744,0.5640554261801968,2,1.45,1.9853641103883855,1.2
874,26,013_Seafoam.jpg,True,Seafoam,9.0,100.0,59.0,03-1/013_Seafoam_0.png,,25.0,5.0,"[(5.0, 1.1314634999725968)]",23.0,"[1.628032200038433, 7.772525999927893, 8.618493899935856, 8.899849599925801, 9.31229060003534, 12.20061369985342]",26.0,501.0910602000076,519.9448134000413,2.0,Seafoam,520.2993707999121,522.2248343999963,"[0.3466666666666667, 0.04666666666666667]","[-0.015833333333333335, -0.2866666666666667]","[0.8897056002169847, 1.9218260000925511]",522.602904099971,,522.6185367000289,523.2597377998754,,,1.0,2.0,2026-04-14_12h30.02.409,Week4Train,60.07839032106961,2026-04-14 12h30.04.339305 +0200,22.168677599867863,18.853753200033736,1.9254636000841856,0.6568336999043822,5.0,5.0,2.0,2.0,4.0,14.0,1,1.0,13.639097529088817,9.358203989079515,-0.557228254163953,0.36418903046083917,2,1.45,1.8984222282504648,1.2
875,27,016_Brown.jpg,True,Brown,52.0,18.0,0.0,03-1/016_Brown_0.png,,26.0,5.0,"[(5.0, 1.0816293999087065)]",25.0,"[2.4174975999630988, 3.251428100047633, 4.294571100035682, 4.91705200006254, 5.956698399968445]",27.0,523.6398503999226,536.4089707999956,1.0,Brown,536.7662474000826,538.6712608998641,"[0.3675, 0.03666666666666667]","[-0.0125, -0.25916666666666666]","[0.8355944000650197, 1.9019261000212282]",539.0593065998983,,539.0845758998767,539.6111665000208,,,1.0,2.0,2026-04-14_12h30.02.409,Week4Train,60.07839032106961,2026-04-14 12h30.04.339305 +0200,15.971316100098193,12.769120400073007,1.9050134997814894,0.5518599001225084,5.0,4.0,2.0,2.0,4.0,14.0,1,1.0,13.639097529088817,9.358203989079515,0.09296411256166495,0.5232243045477603,2,1.45,1.9676025724782755,1.2
876,28,030_Seafoam.jpg,True,Seafoam,0.0,99.0,67.0,02-1/030_Seafoam_0.png,,27.0,5.0,"[(5.0, 1.5501949999015778)]",12.0,"[2.8722842999268323, 3.9453261999879032, 7.375288999872282, 7.6733654998242855, 8.06902449997142, 10.09845759999007, 16.20755649986677, 16.656996799865738, 17.2200497998856, 17.95987999998033]",28.0,539.974339599954,562.5697043000255,2.0,Bordeaux,562.9312624998856,565.2415636000223,"[0.36916666666666664, 0.041666666666666664]","[0.0008333333333333334, -0.26166666666666666]","[1.3362322000321, 2.3069283000659198]",565.6177266000304,565.6838731998578,576.4694930000696,578.4746149999555,,,1.0,2.0,2026-04-14_12h30.02.409,Week4Train,60.07839032106961,2026-04-14 12h30.04.339305 +0200,38.500275400001556,22.595364700071514,2.310301100136712,12.856888399925083,-5.0,9.0,2.0,2.0,4.0,14.0,0,1.0,13.639097529088817,9.358203989079515,-0.9570497909036975,0.2774692645338309,0,1.45,0.4106991300722165,0.2
877,29,031_Grey.jpg,True,Grey,45.0,49.0,57.0,03-1/031_Grey_0.png,,28.0,5.0,"[(5.0, 1.5637514998670667)]",34.0,"[7.5623234999366105, 8.633560199989006]",29.0,578.8368510999717,590.3097252999432,2.0,Grey,590.6626416000072,593.7694504000247,"[0.36833333333333335, 0.043333333333333335]","[0.0016666666666666668, -0.29]","[1.323429999873042, 3.103298199828714]",594.1475615000818,,594.1659538000822,595.3245452998672,,,1.0,2.0,2026-04-14_12h30.02.409,Week4Train,60.07839032106961,2026-04-14 12h30.04.339305 +0200,16.487694199895486,11.472874199971557,3.106808800017461,1.1769837997853756,5.0,1.0,2.0,2.0,4.0,14.0,1,1.0,13.639097529088817,9.358203989079515,0.23147853280876524,0.5576126112397672,2,1.45,1.9825614858892988,1.2
878,30,032_Bordeaux.jpg,True,Bordeaux,50.0,0.0,18.0,03-1/032_Bordeaux_0.png,,29.0,5.0,"[(5.0, 1.415945200016722)]",35.0,"[8.345996299991384, 9.167541699949652]",30.0,595.6873620999977,617.7256946999114,2.0,Bordeaux,618.0783524999861,622.0208767000586,"[0.3458333333333333, 0.03916666666666667]","[0.009166666666666667, -0.28833333333333333]","[1.2037961999885738, 3.9389659001026303]",622.3954195000697,,622.415182699915,622.9739836000372,,,1.0,2.0,2026-04-14_12h30.02.409,Week4Train,60.07839032106961,2026-04-14 12h30.04.339305 +0200,27.286621500039473,22.0383325999137,3.942524200072512,0.5785640999674797,5.0,1.0,2.0,2.0,4.0,14.0,1,1.0,13.639097529088817,9.358203989079515,-0.8975263929517147,0.28955908951085224,2,1.45,1.8659582039372204,1.2
879,31,013_Orange.jpg,True,Orange,100.0,65.0,4.0,03-1/013_Orange_0.png,,30.0,5.0,"[(5.0, 1.349352499935776)]",22.0,"[3.2148735001683235, 4.435990300029516, 11.829699299996719, 12.257156200008467, 12.53355190018192]",31.0,623.3333751000464,638.7549449000508,1.0,Orange,639.1110177000519,641.4009930999018,"[0.3625, 0.03666666666666667]","[0.0225, -0.315]","[1.1082954001612961, 2.2865283000282943]",641.7814372000284,,641.7975445999764,642.4898446998559,,,1.0,2.0,2026-04-14_12h30.02.409,Week4Train,60.07839032106961,2026-04-14 12h30.04.339305 +0200,19.156469599809498,15.421569800004363,2.2899753998499364,0.7084074998274446,5.0,4.0,2.0,2.0,4.0,14.0,1,1.0,13.639097529088817,9.358203989079515,-0.1904716196607371,0.45252553727575323,2,1.45,1.9368486087149526,1.2
880,32,011_Orange.jpg,True,Orange,99.0,48.0,0.0,02-1/011_Orange_0.png,,31.0,5.0,"[(5.0, 1.5165852999780327)]",9.0,"[25.072790200123563, 26.514175300020725]",32.0,642.8506310998928,672.5721038999036,2.0,Orange,672.9262629000004,675.5357412998565,"[0.3725, 0.035]","[0.009166666666666667, -0.2841666666666667]","[1.270168999908492, 2.605881799943745]",675.8973159999587,,675.9131940999068,676.8549251998775,,,1.0,2.0,2026-04-14_12h30.02.409,Week4Train,60.07839032106961,2026-04-14 12h30.04.339305 +0200,34.00429409998469,29.721472800010815,2.609478399856016,0.9576091999188066,5.0,1.0,2.0,2.0,4.0,14.0,1,1.0,13.639097529088817,9.358203989079515,-1.71853224076855,0.15206031692964353,2,1.45,1.8061462378643949,1.2
881,33,013_Teal.jpg,True,Teal,0.0,48.0,60.0,03-1/013_Teal_0.png,,32.0,4.0,"[(4.0, 1.883248700061813)]",24.0,"[2.1327726000454277, 3.022809699876234, 9.935022699879482, 10.219532399903983, 10.505380999995396, 11.054955899948254]",33.0,677.2096488000825,702.3387915000785,2.0,Teal,702.6926458000671,705.514882999938,"[0.18083333333333335, 0.03833333333333333]","[-0.016666666666666666, -0.30583333333333335]","[1.670092600164935, 2.8187757001724094]",707.7341092000715,,707.7455766999628,708.7690997000318,,,1.0,2.0,2026-04-14_12h30.02.409,Week4Train,60.07839032106961,2026-04-14 12h30.04.339305 +0200,31.559450899949297,25.12914269999601,2.8222371998708695,1.0349904999602586,4.0,5.0,2.0,2.0,4.0,14.0,1,0.75,13.639097529088817,9.358203989079515,-1.2278045214995756,0.22656591680410332,2,1.45,1.7660561738097846,1.15
882,34,010_Red.jpg,True,Red,99.0,0.0,12.0,01-1/010_Red_0.png,,33.0,4.0,"[(4.0, 2.246314899995923)]",2.0,"[2.52038270002231, 3.255943499971181, 5.962819000007585, 6.422953899949789]",34.0,709.1328191000503,724.0105099000502,0.0,Red,724.3826999000739,727.4067887000274,"[0.17416666666666666, -0.006666666666666667]","[-0.0075, -0.32416666666666666]","[2.019485400058329, 3.0200302000157535]",727.8014366999269,,727.8322910999414,728.57308500004,,,1.0,2.0,2026-04-14_12h30.02.409,Week4Train,60.07839032106961,2026-04-14 12h30.04.339305 +0200,19.440265899989754,14.877690799999982,3.0240887999534607,0.7716483001131564,4.0,3.0,2.0,2.0,4.0,14.0,1,0.75,13.639097529088817,9.358203989079515,-0.13235373714406443,0.46695978350317047,2,1.45,1.870627505823879,1.15
883,35,020_Grey.jpg,True,Grey,47.0,44.0,45.0,03-1/020_Grey_0.png,,34.0,5.0,"[(5.0, 1.346313700079918)]",28.0,"[1.5441076999995857, 2.575927299913019]",35.0,728.9539538000245,735.8212776000146,2.0,Grey,736.180260400055,738.5037771998905,"[0.35, -0.009166666666666667]","[-0.009166666666666667, -0.26416666666666666]","[1.1168339001014829, 2.3191418000496924]",738.8791388999671,,738.8968301999848,739.4733903000597,,,1.0,2.0,2026-04-14_12h30.02.409,Week4Train,60.07839032106961,2026-04-14 12h30.04.339305 +0200,10.519436500035226,6.8673237999901175,2.323516799835488,0.5942514000926167,5.0,1.0,2.0,2.0,4.0,14.0,1,1.0,13.639097529088817,9.358203989079515,0.7236189483581432,0.6734034358121165,2,1.45,2.0329304945782707,1.2
884,36,008_Purple.jpg,True,Purple,52.0,0.0,99.0,01-1/008_Purple_0.png,,35.0,5.0,"[(5.0, 1.164032599888742)]",1.0,"[2.4496215998660773, 3.0372876999899745]",36.0,739.8504242999479,749.1395658999681,2.0,Purple,749.5078304000199,751.5968827998731,"[0.3591666666666667, 0.04]","[-0.009166666666666667, -0.265]","[0.9388889002148062, 2.0859742001630366]",751.9763432999607,,751.9934572000057,752.6699985999148,,,1.0,2.0,2026-04-14_12h30.02.409,Week4Train,60.07839032106961,2026-04-14 12h30.04.339305 +0200,12.819574299966916,9.28914160002023,2.0890523998532444,0.6936552999541163,5.0,1.0,2.0,2.0,4.0,14.0,1,1.0,13.639097529088817,9.358203989079515,0.46482807322267555,0.614158902475879,2,1.45,2.007159122577007,1.2
885,37,012_Lime-green.jpg,True,Lime-green,61.0,94.0,3.0,02-1/012_Lime-green_0.png,,36.0,5.0,"[(5.0, 1.2334123998880386)]",10.0,"[3.369334700051695, 4.662411800120026, 5.316183299990371, 5.961231299908832, 6.45783259999007, 8.273957299999893, 8.600269400049001, 8.759810999967158]",37.0,753.0319654999766,765.793947200058,0.0,Lime-green,766.1616859999485,768.2510867000092,"[0.35083333333333333, 0.0275]","[-0.016666666666666666, -0.2725]","[1.0195137998089194, 2.0856927998829633]",768.67079870007,,768.697381200036,769.2379896999337,,,1.0,2.0,2026-04-14_12h30.02.409,Week4Train,60.07839032106961,2026-04-14 12h30.04.339305 +0200,16.206024199957028,12.761981700081378,2.0894007000606507,0.5671909998636693,5.0,7.0,2.0,2.0,4.0,14.0,1,1.0,13.639097529088817,9.358203989079515,0.0937269405572888,0.5234145967209382,2,1.45,1.9676853495736082,1.2
886,38,010_Brown.jpg,True,Brown,50.0,18.0,0.0,03-1/010_Brown_0.png,,37.0,5.0,"[(5.0, 1.3614974999800324)]",16.0,"[1.8227155001368374, 3.585876400116831, 4.147524900035933, 4.601552500156686, 5.26810870016925]",38.0,769.6179152999539,785.6500216000713,1.0,Brown,786.0118557999376,788.6371406998951,"[0.3675, 0.0975]","[-0.025, -0.26666666666666666]","[1.1203791999723762, 2.6093067000620067]",789.0272041999269,,789.0450217998587,789.7434497999493,,,1.0,2.0,2026-04-14_12h30.02.409,Week4Train,60.07839032106961,2026-04-14 12h30.04.339305 +0200,20.12553449999541,16.032106300117448,2.625284899957478,0.7162456000223756,5.0,4.0,2.0,2.0,4.0,14.0,1,1.0,13.639097529088817,9.358203989079515,-0.2557123967185514,0.43641798661512904,2,1.45,1.929841824177581,1.2
887,1,006_Brown.jpg,True,Brown,53.0,20.0,0.0,03-1/006_Brown_0.png,,0.0,5.0,"[(5.0, 1.3503854000009596)]",14.0,"[21.10648460010998, 21.713618000037968, 22.617098999908194, 23.214111499954015, 34.51116589992307]",1.0,30.27900229999796,76.65985439997166,1.0,Brown,77.0366720999591,79.65148160001263,"[0.37416666666666665, 0.011666666666666667]","[-0.0033333333333333335, -0.29833333333333334]","[1.1292288999538869, 2.61133739980869]",80.02954409993254,,80.06510789995082,80.72546119987965,,,1.0,3.0,2026-04-14_13h01.17.755,Week4Train,59.60264111180524,2026-04-14 13h01.20.136216 +0200,50.44645889988169,46.38085209997371,2.614809500053525,0.6959170999471098,5.0,4.0,2.0,2.0,4.0,14.0,1,1.0,13.639097529088817,9.358203989079515,-3.4987220420812193,0.02934861439904621,2,1.45,1.7527666472635848,1.2
888,2,029_Bordeaux.jpg,True,Bordeaux,54.0,0.0,21.0,03-1/029_Bordeaux_0.png,,1.0,5.0,"[(5.0, 1.317324300063774)]",31.0,"[4.311889400007203, 5.0605693000834435, 6.9553053001873195, 7.522176400059834]",2.0,81.08290000003763,94.97906219982542,0.0,Bordeaux,95.34371819999068,97.5180762000382,"[0.36833333333333335, 0.0275]","[-0.03666666666666667, -0.27166666666666667]","[1.104009100003168, 2.1704031999688596]",97.91660709981808,,97.93078779987992,98.97377769998276,,,1.0,3.0,2026-04-14_13h01.17.755,Week4Train,59.60264111180524,2026-04-14 13h01.20.136216 +0200,17.890877699945136,13.896162199787796,2.174358000047519,1.0571706001646817,5.0,3.0,2.0,2.0,4.0,14.0,1,1.0,13.639097529088817,9.358203989079515,-0.027469445098542246,0.49313307051841937,2,1.45,1.9545128856755125,1.2
889,3,032_Bordeaux.jpg,True,Bordeaux,50.0,0.0,18.0,03-1/032_Bordeaux_0.png,,2.0,5.0,"[(5.0, 1.2483180998824537)]",35.0,"[39.255749899894, 39.90224809991196, 41.68177439994179, 42.4745184998028]",3.0,99.33431759988888,144.79106689989567,0.0,Bordeaux,145.15871089999564,147.53238440002315,"[0.38416666666666666, 0.0825]","[0.018333333333333333, -0.2725]","[1.0368246999569237, 2.370228399988264]",147.89556730003096,,147.91200140002184,148.4213894000277,,,1.0,3.0,2026-04-14_13h01.17.755,Week4Train,59.60264111180524,2026-04-14 13h01.20.136216 +0200,49.087071800138816,45.45674930000679,2.3736735000275075,0.5258220999967307,5.0,3.0,2.0,2.0,4.0,14.0,1,1.0,13.639097529088817,9.358203989079515,-3.3999741625687303,0.03229627219169357,2,1.45,1.7540488784033865,1.2
890,4,018_Purple.jpg,True,Purple,51.0,2.0,100.0,01-1/018_Purple_0.png,,3.0,5.0,"[(5.0, 1.0491632998455316)]",3.0,"[1.3700022001285106, 2.188077900093049, 4.786675800103694, 5.36858500004746]",4.0,148.78165989997797,156.62219599983655,0.0,Purple,156.97356599988416,159.0172603998799,"[0.36, 0.0675]","[-0.021666666666666667, -0.285]","[0.8049963999073952, 2.0401376998052]",159.3918771999888,,159.41187379998155,160.4867275999859,,,1.0,3.0,2026-04-14_13h01.17.755,Week4Train,59.60264111180524,2026-04-14 13h01.20.136216 +0200,11.70506770000793,7.840536099858582,2.0436943999957293,1.0948503999970853,5.0,3.0,2.0,2.0,4.0,14.0,1,1.0,13.639097529088817,9.358203989079515,0.6196233204573037,0.6501328738458607,2,1.45,2.022807800122949,1.2
891,5,011_Teal.jpg,True,Teal,0.0,45.0,54.0,03-1/011_Teal_0.png,,4.0,5.0,"[(5.0, 1.048497699899599)]",18.0,"[2.7201201000716537, 3.927853500004858, 6.697782699950039, 7.46040440001525, 8.17066300008446, 9.205175900133327, 21.401128000114113, 21.82256260002032, 22.40791349997744, 24.622017899993807]",5.0,160.85103769996203,189.87371199997145,2.0,Teal,190.24126209993847,192.38047319999896,"[0.3516666666666667, 0.03916666666666667]","[0.0025, -0.28]","[0.8360710998531431, 2.1362723000347614]",192.75653709983453,,192.77698169997893,193.35239489981905,,,1.0,3.0,2026-04-14_13h01.17.755,Week4Train,59.60264111180524,2026-04-14 13h01.20.136216 +0200,32.50135719985701,29.022674300009413,2.1392111000604928,0.5958577999845147,5.0,9.0,2.0,2.0,4.0,14.0,1,1.0,13.639097529088817,9.358203989079515,-1.643859953135489,0.1619405221754406,2,1.45,1.8104441271463165,1.2
892,6,019_Teal.jpg,True,Teal,0.0,44.0,49.0,03-1/019_Teal_0.png,,5.0,5.0,"[(5.0, 1.182817299850285)]",27.0,"[3.3387846001423895, 4.079999300185591]",6.0,193.71130619989708,203.04688909999092,2.0,Teal,203.4075909999665,205.64808139996603,"[0.35833333333333334, 0.030833333333333334]","[-0.0275, -0.2833333333333333]","[0.9690618000458926, 2.23729780013673]",206.0114622998517,,206.0269074998796,206.8378949998878,,,1.0,3.0,2026-04-14_13h01.17.755,Week4Train,59.60264111180524,2026-04-14 13h01.20.136216 +0200,13.126588799990714,9.33558290009384,2.240490399999544,0.8264327000360936,5.0,1.0,2.0,2.0,4.0,14.0,1,1.0,13.639097529088817,9.358203989079515,0.4598654436275305,0.6129822551422905,2,1.45,2.0066472809868965,1.2
893,7,011_Orange.jpg,True,Orange,99.0,48.0,0.0,02-1/011_Orange_0.png,,6.0,5.0,"[(5.0, 1.3148411998990923)]",9.0,"[15.041817599907517, 17.143275199923664, 17.721754199825227, 18.161064599873498, 18.58827449986711]",7.0,207.195562900044,235.57957649999295,1.0,Orange,235.9388029000256,238.2455465998501,"[0.36916666666666664, 0.030833333333333334]","[-0.0016666666666666668, -0.31416666666666665]","[1.1042272001504898, 2.3034996001515538]",238.6250432999805,,238.6427535000257,239.5523381999228,,,1.0,3.0,2026-04-14_13h01.17.755,Week4Train,59.60264111180524,2026-04-14 13h01.20.136216 +0200,32.35677529987879,28.384013599948958,2.3067436998244943,0.9272948999422965,5.0,4.0,2.0,2.0,4.0,14.0,1,1.0,13.639097529088817,9.358203989079515,-1.5756138771997927,0.1714175612103923,2,1.45,1.8145666391265207,1.2
894,8,006_Pink.jpg,True,Pink,100.0,0.0,50.0,02-1/006_Pink_0.png,,7.0,5.0,"[(5.0, 1.2974292000290006)]",6.0,"[6.4629672998562455, 7.07911829999648]",8.0,239.91273460001685,266.9485230999999,2.0,Pink,267.3047503998969,269.4944458999671,"[0.3591666666666667, 0.06583333333333333]","[-0.0175, -0.29]","[1.0552576000336558, 2.186086499830708]",269.8723616998177,,269.8906463999301,270.617059599841,,,1.0,3.0,2026-04-14_13h01.17.755,Week4Train,59.60264111180524,2026-04-14 13h01.20.136216 +0200,30.704324999824166,27.035788499983028,2.189695500070229,0.7446979000233114,5.0,1.0,2.0,2.0,4.0,14.0,1,1.0,13.639097529088817,9.358203989079515,-1.4315450899047912,0.19285805548187934,2,1.45,1.8238932541346173,1.2
895,9,014_Pink.jpg,True,Pink,100.0,9.0,40.0,02-1/014_Pink_0.png,,8.0,5.0,"[(5.0, 1.5163926999084651)]",11.0,"[2.3773280000314116, 3.168565599946305]",9.0,270.97481829999015,278.41729669994675,2.0,Pink,278.7712322999723,281.3110451998655,"[0.3566666666666667, 0.06]","[0.008333333333333333, -0.29583333333333334]","[1.2708471999503672, 2.535826300038025]",281.67569499998353,,281.6902501999866,282.7154415999539,,,1.0,3.0,2026-04-14_13h01.17.755,Week4Train,59.60264111180524,2026-04-14 13h01.20.136216 +0200,11.740623299963772,7.442478399956599,2.5398128998931497,1.0397465999703854,5.0,1.0,2.0,2.0,4.0,14.0,1,1.0,13.639097529088817,9.358203989079515,0.6621590143112199,0.6597452141745507,2,1.45,2.026989168165929,1.2
896,10,013_Seafoam.jpg,True,Seafoam,9.0,100.0,59.0,03-1/013_Seafoam_0.png,,9.0,1.0,"[(5.0, 1.1826212001033127), (1.0, 5.167422899976373)]",23.0,"[1.4669941999018192, 2.2704771999269724, 10.950128099881113, 11.221248999936506, 12.019714999943972, 13.080849800026044]",10.0,283.0749866999686,300.60171109996736,2.0,Bordeaux,300.97065899986774,310.4430694999173,"[0.38166666666666665, -0.4666666666666667, -0.0025]","[-0.0008333333333333334, -0.024166666666666666, -0.2866666666666667]","[0.9387161999475211, 4.95346700004302, 9.468656199984252]",310.82211179984733,310.89009370002896,345.79225029982626,371.4947156000417,,,1.0,3.0,2026-04-14_13h01.17.755,Week4Train,59.60264111180524,2026-04-14 13h01.20.136216 +0200,88.4197289000731,17.526724399998784,9.472410500049591,60.67260380019434,-1.0,5.0,2.0,2.0,4.0,14.0,0,0.0,13.639097529088817,9.358203989079515,-0.4154244634383482,0.3976121526000978,0,1.45,0.17296128638104255,0.0
897,11,021_Grey.jpg,True,Grey,47.0,51.0,57.0,03-1/021_Grey_0.png,,10.0,5.0,"[(5.0, 1.649310999782756)]",29.0,"[1.812398700043559, 2.416773800039664]",11.0,371.863592099864,377.1961224998813,2.0,Grey,377.5501969999168,380.12952860002406,"[0.35333333333333333, 0.085]","[-0.020833333333333332, -0.31083333333333335]","[1.4370361000765115, 2.5757620001677424]",380.4989171999041,,380.520201300038,381.18010229989886,,,1.0,3.0,2026-04-14_13h01.17.755,Week4Train,59.60264111180524,2026-04-14 13h01.20.136216 +0200,9.316510200034884,5.332530400017333,2.5793316001072526,0.6811850999947637,5.0,1.0,2.0,2.0,4.0,14.0,1,1.0,13.639097529088817,9.358203989079515,0.8876240717518842,0.7083996211468976,2,1.45,2.0481538351989,1.2
898,12,010_Brown.jpg,True,Brown,50.0,18.0,0.0,03-1/010_Brown_0.png,,11.0,5.0,"[(5.0, 1.381062500178814)]",16.0,"[2.303386399988085, 3.6215786000248045, 4.6751472998876125, 5.219195399899036]",12.0,381.5397014999762,389.73987429984845,0.0,Brown,390.1000951000024,392.4399172998965,"[0.35583333333333333, 0.030833333333333334]","[-0.0033333333333333335, -0.2708333333333333]","[1.1382335999514908, 2.3362877001054585]",392.8159078999888,,392.83646359993145,393.5126056999434,,,1.0,3.0,2026-04-14_13h01.17.755,Week4Train,59.60264111180524,2026-04-14 13h01.20.136216 +0200,11.97290419996716,8.200172799872234,2.3398221998940585,0.6966977999545634,5.0,3.0,2.0,2.0,4.0,14.0,1,1.0,13.639097529088817,9.358203989079515,0.5811932220716169,0.641341920477736,2,1.45,2.018983735407815,1.2
899,13,031_Bordeaux.jpg,True,Bordeaux,47.0,5.0,21.0,03-1/031_Bordeaux_0.png,,12.0,5.0,"[(5.0, 1.2824669000692666)]",33.0,"[6.4580637000035495, 7.207656800048426, 8.713793500093743, 9.465009400155395, 18.160450300201774, 18.777738500153646, 20.27816139999777, 22.093697200063616]",13.0,393.8756400998682,421.1652356998529,0.0,Bordeaux,421.532134299865,424.0716189998202,"[0.38916666666666666, 0.07166666666666667]","[-0.02666666666666667, -0.29]","[1.0388453998602927, 2.5359888998791575]",424.451410099864,,424.46863040002063,425.2781579999719,,,1.0,3.0,2026-04-14_13h01.17.755,Week4Train,59.60264111180524,2026-04-14 13h01.20.136216 +0200,31.402517900103703,27.289595599984693,2.53948469995521,0.8267479001078755,5.0,7.0,2.0,2.0,4.0,14.0,1,1.0,13.639097529088817,9.358203989079515,-1.4586664371523876,0.18867137491603325,2,1.45,1.8220720480884744,1.2
900,14,013_Grey.jpg,True,Grey,47.0,53.0,50.0,03-1/013_Grey_0.png,,13.0,5.0,"[(5.0, 2.0486214999109507)]",21.0,"[3.9011800999287516, 5.126145099988207, 5.73286179988645, 6.009052200010046]",14.0,425.6389553998597,438.1230650998186,0.0,Grey,438.4816906999331,441.5566966000479,"[0.35333333333333333, 0.056666666666666664]","[0.0008333333333333334, -0.3]","[1.8058380000293255, 3.0714082999620587]",441.93732879986055,,441.9507003999315,442.79302389989607,,,1.0,3.0,2026-04-14_13h01.17.755,Week4Train,59.60264111180524,2026-04-14 13h01.20.136216 +0200,17.154068500036374,12.484109699958879,3.0750059001148315,0.8556951000355184,5.0,3.0,2.0,2.0,4.0,14.0,1,1.0,13.639097529088817,9.358203989079515,0.123419817571592,0.5308158475783917,2,1.45,1.9709048936966003,1.2
901,15,022_Cyan.jpg,True,Cyan,0.0,96.0,90.0,01-t/022_Cyan_0.png,,14.0,5.0,"[(5.0, 1.8147119998466223)]",37.0,"[37.93136450019665, 38.848975900094956, 40.37829200015403, 40.855608800193295, 42.216551600024104]",15.0,443.1546141998842,488.365814199904,1.0,Cyan,488.7290630999487,492.236203199951,"[0.35583333333333333, 0.0575]","[0.009166666666666667, -0.30833333333333335]","[1.573827699990943, 3.503848500084132]",492.6314236999024,,492.64943959983066,493.7610056998674,,,1.0,3.0,2026-04-14_13h01.17.755,Week4Train,59.60264111180524,2026-04-14 13h01.20.136216 +0200,50.606391499983204,45.2112000000198,3.507140100002289,1.1295819999649552,5.0,4.0,2.0,2.0,4.0,14.0,1,1.0,13.639097529088817,9.358203989079515,-3.373735228231166,0.03312646398021914,2,1.45,1.7544100118313952,1.2
902,16,024_Grey.jpg,True,Grey,42.0,49.0,52.0,03-1/024_Grey_0.png,,15.0,5.0,"[(5.0, 1.2150737999472767)]",30.0,"[3.0435973000712693, 3.494242199929431]",16.0,494.11848849989474,500.0645593998488,2.0,Grey,500.4306428998243,503.4377111999784,"[0.3575, 0.008333333333333333]","[-0.005, -0.2825]","[1.0015085998456925, 3.003172699827701]",503.8154783998616,,503.8323575998657,504.3255960999522,,,1.0,3.0,2026-04-14_13h01.17.755,Week4Train,59.60264111180524,2026-04-14 13h01.20.136216 +0200,10.20710760005744,5.946070899954066,3.007068300154117,0.510117700090575,5.0,1.0,2.0,2.0,4.0,14.0,1,1.0,13.639097529088817,9.358203989079515,0.8220622929476714,0.6946739322178513,2,1.45,2.042183160514765,1.2
903,17,013_Orange.jpg,True,Orange,100.0,65.0,4.0,03-1/013_Orange_0.png,,16.0,5.0,"[(5.0, 1.216072800103575)]",22.0,"[3.18291710014455, 3.7535788000095636, 4.828790700063109, 5.103279900038615, 5.378123600035906]",17.0,504.6882223000284,521.6274611998815,1.0,Orange,521.9955466999672,524.1180067998357,"[0.35083333333333333, 0.034166666666666665]","[-0.021666666666666667, -0.2875]","[0.9711219999007881, 2.1183163998648524]",524.4978916998953,,524.5146303998772,526.1249471998308,,,1.0,3.0,2026-04-14_13h01.17.755,Week4Train,59.60264111180524,2026-04-14 13h01.20.136216 +0200,21.436724899802414,16.939238899853137,2.1224600998684764,1.6270554999355227,5.0,4.0,2.0,2.0,4.0,14.0,1,1.0,13.639097529088817,9.358203989079515,-0.3526468726921742,0.41274070884711866,2,1.45,1.9195422083484963,1.2
904,18,006_Bordeaux.jpg,True,Bordeaux,51.0,0.0,12.0,03-1/006_Bordeaux_0.png,,17.0,5.0,"[(5.0, 1.1819613999687135)]",13.0,"[4.261264699976891, 4.888346699997783]",18.0,526.4845254998654,537.1214403000195,2.0,Bordeaux,537.4782008000184,539.6870483998209,"[0.37583333333333335, 0.0975]","[-0.01, -0.2791666666666667]","[0.9387521001044661, 2.205272600054741]",540.0627215998247,,540.0805178999435,540.6409375998192,,,1.0,3.0,2026-04-14_13h01.17.755,Week4Train,59.60264111180524,2026-04-14 13h01.20.136216 +0200,14.15641209995374,10.636914800154045,2.2088475998025388,0.578215999994427,5.0,1.0,2.0,2.0,4.0,14.0,1,1.0,13.639097529088817,9.358203989079515,0.3208075750900649,0.5795210517689268,2,1.45,1.9920916575194831,1.2
905,19,016_Brown.jpg,True,Brown,52.0,18.0,0.0,03-1/016_Brown_0.png,,18.0,5.0,"[(5.0, 1.7149898000061512)]",25.0,"[1.6345528999809176, 2.2705133999697864, 4.21679800003767, 4.968853499973193, 5.565612300066277, 9.220378500176594, 9.811799800023437, 10.262047700118273, 11.76101760007441]",19.0,540.9986954999622,556.9751390998717,1.0,Brown,557.3261504999828,560.7333485998679,"[0.38, 0.065, 0.04416666666666667]","[-0.004166666666666667, -0.24916666666666668, -0.2808333333333333]","[1.4709196998737752, 2.5403501999098808, 3.404245699988678]",561.1140526998788,,561.130576599855,561.6216325999703,,,1.0,3.0,2026-04-14_13h01.17.755,Week4Train,59.60264111180524,2026-04-14 13h01.20.136216 +0200,20.62293710000813,15.976443599909544,3.407198099885136,0.507579900091514,5.0,8.0,2.0,2.0,4.0,14.0,1,1.0,13.639097529088817,9.358203989079515,-0.24976438572489715,0.4378814926670025,2,1.45,1.9304784493101461,1.2
906,20,010_Pink.jpg,True,Pink,98.0,0.0,52.0,02-1/010_Pink_0.png,,19.0,5.0,"[(5.0, 1.3153152000159025)]",8.0,"[2.268603299977258, 3.288183599943295, 4.76030379999429, 5.213225600076839]",20.0,561.9837823000271,571.2290918999352,0.0,Pink,571.5940006000455,573.7666621999815,"[0.36083333333333334, 0.01]","[-0.0016666666666666668, -0.32416666666666666]","[1.0707352000754327, 2.16917399992235]",574.1519543000031,,574.1796639999375,575.4240555998404,,,1.0,3.0,2026-04-14_13h01.17.755,Week4Train,59.60264111180524,2026-04-14 13h01.20.136216 +0200,13.44027329981327,9.245309599908069,2.1726615999359637,1.2721012998372316,5.0,3.0,2.0,2.0,4.0,14.0,1,1.0,13.639097529088817,9.358203989079515,0.4695118779530822,0.6152682179440102,2,1.45,2.0076416748056443,1.2
907,21,028_Blue.jpg,True,Blue,0.0,9.0,96.0,01-1/028_Blue_0.png,,20.0,5.0,"[(5.0, 1.1183800001163036)]",4.0,"[1.4993883001152426, 2.4950619000010192, 3.4185440000146627, 3.608312100172043, 3.9033129999879748, 4.061532800085843]",21.0,575.7821973999962,583.8787258998491,2.0,Blue,584.2430449000094,586.3508573998697,"[0.37083333333333335, 0.0475]","[-0.011666666666666667, -0.2966666666666667]","[0.8700693000573665, 2.1041433000937104]",586.7275969998445,,586.7458504999522,588.3716041999869,,,1.0,3.0,2026-04-14_13h01.17.755,Week4Train,59.60264111180524,2026-04-14 13h01.20.136216 +0200,12.589406799990684,8.096528499852866,2.1078124998603016,1.6440072001423687,5.0,5.0,2.0,2.0,4.0,14.0,1,1.0,13.639097529088817,9.358203989079515,0.5922684561806741,0.6438854654377728,2,1.45,2.020090177465431,1.2
908,22,010_Red.jpg,True,Red,99.0,0.0,12.0,01-1/010_Red_0.png,,21.0,5.0,"[(5.0, 1.251515399897471)]",2.0,"[1.4478929999750108, 2.4603077000938356, 3.530575899872929, 3.9753475000616163]",22.0,588.7317418998573,599.0460053998977,0.0,Red,599.4075154999737,601.681709599914,"[0.3575, 0.058333333333333334]","[-0.0016666666666666668, -0.2925]","[1.0385057001840323, 2.27092960011214]",602.0585048999637,,602.0786865998525,602.539155599894,,,1.0,3.0,2026-04-14_13h01.17.755,Week4Train,59.60264111180524,2026-04-14 13h01.20.136216 +0200,13.807413700036705,10.314263500040397,2.2741940999403596,0.48065069993026555,5.0,3.0,2.0,2.0,4.0,14.0,1,1.0,13.639097529088817,9.358203989079515,0.35528548351033057,0.5878987053975974,2,1.45,1.9957359368479548,1.2
909,23,008_Purple.jpg,True,Purple,52.0,0.0,99.0,01-1/008_Purple_0.png,,22.0,5.0,"[(5.0, 1.0520918001420796)]",1.0,"[1.6136594999115914, 2.2853484998922795]",23.0,602.9036973998882,609.9026799998246,2.0,Purple,610.2585459998809,612.4317371998914,"[0.3516666666666667, 0.051666666666666666]","[-0.0175, -0.3]","[0.8365672000218183, 2.169599700020626]",612.8108685000334,,612.8283547998872,613.3209903999232,,,1.0,3.0,2026-04-14_13h01.17.755,Week4Train,59.60264111180524,2026-04-14 13h01.20.136216 +0200,10.417293000034988,6.998982599936426,2.1731912000104785,0.5101218998897821,5.0,1.0,2.0,2.0,4.0,14.0,1,1.0,13.639097529088817,9.358203989079515,0.7095501377081567,0.6703017490683479,2,1.45,2.0315812608447312,1.2
910,24,011_Brown.jpg,True,Brown,50.0,15.0,0.0,03-1/011_Brown_0.png,,23.0,5.0,"[(5.0, 1.1652067999821156)]",17.0,"[1.5884669998195022, 2.338400299893692, 5.979012300027534, 6.438170199980959, 9.714579199906439]",24.0,613.6833297000267,627.7932654998731,1.0,Brown,628.1598501999397,630.563903399976,"[0.3541666666666667, 0.03833333333333333]","[0.006666666666666667, -0.2658333333333333]","[0.9506127000786364, 2.400130200199783]",630.9379514998291,,630.9606633998919,631.2861641999334,,,1.0,3.0,2026-04-14_13h01.17.755,Week4Train,59.60264111180524,2026-04-14 13h01.20.136216 +0200,17.60283449990675,14.109935799846426,2.4040532000362873,0.3482127001043409,5.0,4.0,2.0,2.0,4.0,14.0,1,1.0,13.639097529088817,9.358203989079515,-0.050312888168183766,0.487424430648473,2,1.45,1.9520296273320856,1.2
911,25,008_Orange.jpg,True,Orange,100.0,53.0,0.0,02-1/008_Orange_0.png,,24.0,5.0,"[(5.0, 1.0351167998742312)]",7.0,"[1.7630347998347133, 5.8555093999020755, 6.911033599870279, 7.511746299918741, 8.114116499898955]",25.0,631.6458649998531,649.3927551000379,1.0,Orange,649.7572693999391,651.6498926000204,"[0.3425, -0.025]","[-0.005, -0.2758333333333333]","[0.8198137998115271, 1.889065899886191]",652.0266634998843,,652.043664299883,652.7694178000093,,,1.0,3.0,2026-04-14_13h01.17.755,Week4Train,59.60264111180524,2026-04-14 13h01.20.136216 +0200,21.123552800156176,17.746890100184828,1.8926232000812888,0.7427543001249433,5.0,4.0,2.0,2.0,4.0,14.0,1,1.0,13.639097529088817,9.358203989079515,-0.43895095425250064,0.3919909642242628,2,1.45,1.910516069437554,1.2
912,26,030_Seafoam.jpg,True,Seafoam,0.0,99.0,67.0,02-1/030_Seafoam_0.png,,25.0,5.0,"[(5.0, 1.432088399771601)]",12.0,"[1.352279500104487, 4.308941999915987, 8.223528299946338, 8.678504300070927, 9.233737699920312, 11.02357090008445]",26.0,653.1318124998361,669.8306003999896,2.0,Seafoam,670.1897628000006,673.3464205998462,"[0.36, 0.03]","[-0.009166666666666667, -0.3]","[1.2201090999878943, 3.153222099877894]",673.7239257998299,,673.7426362000406,674.4496980998665,,,1.0,3.0,2026-04-14_13h01.17.755,Week4Train,59.60264111180524,2026-04-14 13h01.20.136216 +0200,21.317885600030422,16.698787900153548,3.1566577998455614,0.7257723000366241,5.0,5.0,2.0,2.0,4.0,14.0,1,1.0,13.639097529088817,9.358203989079515,-0.32695273309229134,0.41898225433588154,2,1.45,1.9222572806361085,1.2
913,27,029_Teal.jpg,True,Teal,0.0,47.0,43.0,03-1/029_Teal_0.png,,26.0,5.0,"[(5.0, 2.2858412000350654)]",32.0,"[3.528526899870485, 4.375318099977449]",27.0,674.815573599888,683.069464399945,2.0,Teal,683.4224801999517,686.595491199987,"[0.37916666666666665, 0.37333333333333335, 0.005833333333333334]","[-0.05, -0.02666666666666667, -0.2675]","[1.036476599983871, 2.0700936999637634, 3.1697471998631954]",686.9716737999115,,686.9920620999765,687.6527287999634,,,1.0,3.0,2026-04-14_13h01.17.755,Week4Train,59.60264111180524,2026-04-14 13h01.20.136216 +0200,12.837155200075358,8.253890800056979,3.1730110000353307,0.681055000051856,5.0,1.0,2.0,2.0,4.0,14.0,1,1.0,13.639097529088817,9.358203989079515,0.5754530180487691,0.6400204761178735,2,1.45,2.018408907111275,1.2
914,28,013_Teal.jpg,True,Teal,0.0,48.0,60.0,03-1/013_Teal_0.png,,27.0,5.0,"[(5.0, 1.1317427998874336)]",24.0,"[1.2063438999466598, 2.0229582998435944]",28.0,688.0122727998532,697.6192806998733,2.0,Teal,697.9696292998269,699.9286048999056,"[0.38416666666666666, 0.034166666666666665]","[0.019166666666666665, -0.2941666666666667]","[0.8919168999418616, 1.9553729000035673]",700.3099603999872,,700.3250350998715,700.8510575999971,,,1.0,3.0,2026-04-14_13h01.17.755,Week4Train,59.60264111180524,2026-04-14 13h01.20.136216 +0200,12.838784800143912,9.607007900020108,1.958975600078702,0.5410972000099719,5.0,1.0,2.0,2.0,4.0,14.0,1,1.0,13.639097529088817,9.358203989079515,0.43086148087538223,0.606079363336403,2,1.45,2.003644523051335,1.2
915,29,012_Bordeaux.jpg,True,Bordeaux,50.0,2.0,24.0,03-1/012_Bordeaux_0.png,,28.0,5.0,"[(5.0, 1.6175911999307573)]",19.0,"[1.2681855000555515, 2.5049642000813037, 4.513193799881265, 4.985101300058886]",29.0,701.2093103998341,711.7413157999981,0.0,Bordeaux,712.103326600045,714.713647400029,"[0.3566666666666667, 0.028333333333333332]","[-0.005833333333333334, -0.305]","[1.3714256000239402, 2.6068324998486787]",715.0912676998414,,715.1078269998543,715.8679618998431,,,1.0,3.0,2026-04-14_13h01.17.755,Week4Train,59.60264111180524,2026-04-14 13h01.20.136216 +0200,14.658651500009,10.532005400164053,2.610320799984038,0.776694200001657,5.0,3.0,2.0,2.0,4.0,14.0,1,1.0,13.639097529088817,9.358203989079515,0.33201799539212457,0.5822503050416764,2,1.45,1.993278882693129,1.2
916,30,020_Grey.jpg,True,Grey,47.0,44.0,45.0,03-1/020_Grey_0.png,,29.0,5.0,"[(5.0, 1.1498336000368)]",28.0,"[2.2428910001181066, 2.6950422001536936]",30.0,716.2271839999594,721.2977136999834,2.0,Grey,721.6541728999,723.9004591000266,"[0.36, 0.08666666666666667]","[0.03166666666666667, -0.27]","[0.939147099852562, 2.2425462999381125]",724.2729406999424,,724.2909587000031,724.834061600035,,,1.0,3.0,2026-04-14_13h01.17.755,Week4Train,59.60264111180524,2026-04-14 13h01.20.136216 +0200,8.606877600075677,5.0705297000240535,2.246286200126633,0.5611209000926465,5.0,1.0,2.0,2.0,4.0,14.0,1,1.0,13.639097529088817,9.358203989079515,0.915620971616326,0.7141490089039567,2,1.45,2.050654818873221,1.2
917,31,018_Yellow.jpg,True,Yellow,100.0,88.0,0.0,01-t/018_Yellow_0.png,,30.0,5.0,"[(5.0, 1.2181448000483215)]",36.0,"[3.7275435999035835, 4.284492099890485, 5.241226099897176, 5.412089999997988, 5.944463999941945]",31.0,725.1961190998554,747.2348787998781,1.0,Yellow,747.6016962998547,750.113841699902,"[0.3625, 0.045]","[0.0033333333333333335, -0.26416666666666666]","[0.9740469001699239, 2.5083151999861]",750.4836838999763,,750.5065097999759,751.1146907999646,,,1.0,3.0,2026-04-14_13h01.17.755,Week4Train,59.60264111180524,2026-04-14 13h01.20.136216 +0200,25.91857170010917,22.038759700022638,2.5121454000473022,0.6310068999882787,5.0,4.0,2.0,2.0,4.0,14.0,1,1.0,13.639097529088817,9.358203989079515,-0.897572032062535,0.2895497009685394,2,1.45,1.8659541199213145,1.2
918,32,012_Lime-green.jpg,True,Lime-green,61.0,94.0,3.0,02-1/012_Lime-green_0.png,,31.0,5.0,"[(5.0, 1.0996582000516355)]",10.0,"[20.855564599856734, 22.447209100006148, 23.197267399867997, 23.655697599984705, 47.8410066999495]",32.0,751.4748857000377,808.4191201999784,1.0,Lime-green,808.7848775999155,811.0744825999718,"[0.36083333333333334, 0.0125]","[0.008333333333333333, -0.29833333333333334]","[0.8529801999684423, 2.2858174999710172]",811.4498999000061,,811.4706251998432,811.9443896999583,,,1.0,3.0,2026-04-14_13h01.17.755,Week4Train,59.60264111180524,2026-04-14 13h01.20.136216 +0200,60.46950399992056,56.94423449994065,2.2896050000563264,0.4944897999521345,5.0,4.0,2.0,2.0,4.0,14.0,1,1.0,13.639097529088817,9.358203989079515,-4.6275051304060515,0.009684421160086148,2,1.45,1.7442127232046374,1.2
919,33,031_Grey.jpg,True,Grey,45.0,49.0,57.0,03-1/031_Grey_0.png,,32.0,5.0,"[(5.0, 1.4828832000494003)]",34.0,"[3.205752700101584, 4.271863900125027]",33.0,812.3062092999462,819.4162816000171,2.0,Grey,819.7825936998706,822.1741928998381,"[0.38333333333333336, -0.0008333333333333334]","[-0.010833333333333334, -0.2966666666666667]","[1.2390191999729723, 2.388088900130242]",822.5530283998232,,822.5703608000185,823.0766485999338,,,1.0,3.0,2026-04-14_13h01.17.755,Week4Train,59.60264111180524,2026-04-14 13h01.20.136216 +0200,10.770439299987629,7.110072300070897,2.391599199967459,0.5236202001105994,5.0,1.0,2.0,2.0,4.0,14.0,1,1.0,13.639097529088817,9.358203989079515,0.6976793022076583,0.6676730429180797,2,1.45,2.0304377736693646,1.2
920,34,029_Cyan.jpg,True,Cyan,2.0,100.0,88.0,01-1/029_Cyan_0.png,,33.0,5.0,"[(5.0, 1.049931899877265)]",5.0,"[1.8064394001848996, 2.86058730003424]",34.0,823.4381633999292,831.7930614999495,2.0,Cyan,832.149778699968,834.1614502000157,"[0.3641666666666667, 0.03]","[0.021666666666666667, -0.2708333333333333]","[0.8062803999055177, 2.007660900009796]",834.5308137999382,,834.5532386000268,834.8620360000059,,,1.0,3.0,2026-04-14_13h01.17.755,Week4Train,59.60264111180524,2026-04-14 13h01.20.136216 +0200,11.42387260007672,8.354898100020364,2.011671500047669,0.33122220006771386,5.0,1.0,2.0,2.0,4.0,14.0,1,1.0,13.639097529088817,9.358203989079515,0.564659568784225,0.6375299875871735,2,1.45,2.0173255446004204,1.2
921,35,013_Green.jpg,True,Green,2.0,100.0,2.0,03-1/013_Green_0.png,,34.0,5.0,"[(5.0, 1.6826013000681996)]",20.0,"[1.1264597999397665, 1.9573560999706388]",35.0,835.2228989000432,840.7488514999859,2.0,Green,841.1156242999714,844.0222880998626,"[0.3925, 0.0275]","[0.0008333333333333334, -0.29333333333333333]","[1.4400032998528332, 2.903665699996054]",844.3981736998539,,844.4191288999282,846.1765137999319,,,1.0,3.0,2026-04-14_13h01.17.755,Week4Train,59.60264111180524,2026-04-14 13h01.20.136216 +0200,10.953614899888635,5.525952599942684,2.9066637998912483,1.7783401000779122,5.0,1.0,2.0,2.0,4.0,14.0,1,1.0,13.639097529088817,9.358203989079515,0.8669553408553292,0.7041117730746186,2,1.45,2.046288621287459,1.2
922,36,019_Brown.jpg,True,Brown,50.0,17.0,0.0,03-1/019_Brown_0.png,,35.0,5.0,"[(5.0, 1.6320942000020295)]",26.0,"[4.315839200047776, 5.067992700031027, 6.564045799896121, 7.012483399827033, 13.347384499851614]",36.0,846.5389314000495,863.7462287999224,1.0,Brown,864.0986239998601,866.6558034999762,"[0.36, 0.0425]","[-0.0016666666666666668, -0.2725]","[1.3867338001728058, 2.553424400044605]",867.0254889000207,,867.0356169999577,867.5924825998954,,,1.0,3.0,2026-04-14_13h01.17.755,Week4Train,59.60264111180524,2026-04-14 13h01.20.136216 +0200,21.05355119984597,17.207297399872914,2.5571795001160353,0.5669936998747289,5.0,4.0,2.0,2.0,4.0,14.0,1,1.0,13.639097529088817,9.358203989079515,-0.38129109762385827,0.40581553779781454,2,1.45,1.9165297589420491,1.2
923,37,007_Cyan.jpg,True,Cyan,1.0,89.0,99.0,01-1/007_Cyan_0.png,,36.0,5.0,"[(5.0, 1.2489143998827785)]",0.0,"[2.3344531999900937, 3.1692780999001116]",37.0,867.9533758000471,874.1116660998669,2.0,Cyan,874.4636438000016,876.807884800015,"[0.3591666666666667, 0.06166666666666667]","[0.020833333333333332, -0.265]","[1.0061210999265313, 2.340783999999985]",877.1786392999347,,877.2021367000416,877.7091200000141,,,1.0,3.0,2026-04-14_13h01.17.755,Week4Train,59.60264111180524,2026-04-14 13h01.20.136216 +0200,9.755744199967012,6.158290299819782,2.344241000013426,0.5304807000793517,5.0,1.0,2.0,2.0,4.0,14.0,1,1.0,13.639097529088817,9.358203989079515,0.7993849287746565,0.6898428960571783,2,1.45,2.0400816597848728,1.2
924,38,006_Teal.jpg,True,Teal,0.0,46.0,53.0,03-1/006_Teal_0.png,,37.0,5.0,"[(5.0, 1.9833400000352412)]",15.0,"[1.848119999980554, 2.780037899967283]",38.0,878.0700463999528,884.5935164999682,2.0,Teal,884.9477395999711,888.1213098999579,"[0.3566666666666667, 0.06666666666666667]","[0.01, -0.2708333333333333]","[1.7396485998760909, 3.1704639999661595]",888.4966732000466,,888.5180497998372,889.2070331999566,,,1.0,3.0,2026-04-14_13h01.17.755,Week4Train,59.60264111180524,2026-04-14 13h01.20.136216 +0200,11.136986800003797,6.523470100015402,3.17357029998675,0.710359999909997,5.0,1.0,2.0,2.0,4.0,14.0,1,1.0,13.639097529088817,9.358203989079515,0.7603625051748116,0.6814324324113176,2,1.45,2.036423108098923,1.2
925,1,DemoRed.jpg,True,Red,96.0,6.0,0.0,Demo/DemoRed_0.png,,0.0,5.0,"[(5.0, 1.3800210000481457)]",0.0,[],1.0,56.05823339999188,69.73097210004926,0.0,Red,70.1315445000073,72.14906329999212,"[0.38666666666666666, 0.055]","[-0.015833333333333335, -0.25333333333333335]","[1.2317248000763357, 2.013430800056085]",72.54580500000156,,72.6111248000525,73.32143290003296,,,2.0,0,2026-04-10_19h52.13.740,Week4Demo,59.45713260201957,2026-04-10 19h52.16.369687 +0200,17.263199500041083,13.67273870005738,2.0175187999848276,0.7756279000313953,5.0,0.0,1.0,1.0,4.0,14.0,1,1.0,13.639097529088817,9.358203989079515,-0.003594831979279403,0.4991012929729988,2,1.45,1.9571090624432543,1.2
926,2,DemoOrange.jpg,True,Orange,100.0,60.0,0.0,Demo/DemoOrange_0.png,,1.0,5.0,"[(5.0, 1.286388700013049)]",1.0,[],2.0,73.70790849998593,91.6655057000462,0.0,Orange,92.02749560005032,94.09847620001528,"[0.38333333333333336, -0.021666666666666667]","[-0.0125, -0.3075]","[1.1998962999787182, 2.0669926999835297]",94.46705520001706,,94.49328440008684,95.502122099977,,,2.0,0,2026-04-10_19h52.13.740,Week4Demo,59.45713260201957,2026-04-10 19h52.16.369687 +0200,21.794213599991068,17.957597200060263,2.070980599964969,1.0350668999599435,5.0,0.0,1.0,1.0,4.0,14.0,1,1.0,13.639097529088817,9.358203989079515,-0.4614667169053899,0.3866379355701163,2,1.45,1.9081875019730004,1.2
927,3,DemoBrown.jpg,True,Brown,51.0,29.0,0.0,Demo/DemoBrown_0.png,,2.0,5.0,"[(5.0, 1.3192123000044376)]",2.0,[],3.0,95.88584370003082,114.47760380001272,0.0,Brown,114.83867139997892,117.41364669997712,"[0.3625, 0.0075]","[0.009166666666666667, -0.2708333333333333]","[1.2383089000359178, 2.571037800051272]",117.7968670000555,,117.8094729000004,118.40323669998908,,,2.0,0,2026-04-10_19h52.13.740,Week4Demo,59.45713260201957,2026-04-10 19h52.16.369687 +0200,22.51739299995826,18.591760099981897,2.5749752999982007,0.6063696999335804,5.0,0.0,1.0,1.0,4.0,14.0,1,1.0,13.639097529088817,9.358203989079515,-0.5292321664148968,0.37069599082385135,2,1.45,1.9012527560083752,1.2
928,4,DemoYellow.jpg,True,Yellow,96.0,100.0,0.0,Demo/DemoYellow_0.png,,3.0,5.0,"[(5.0, 1.0503006998915225)]",3.0,[],4.0,118.76768130005804,129.72943810001016,0.0,Yellow,130.09261769999284,132.3800435999874,"[0.3875, 0.015833333333333335]","[0.0016666666666666668, -0.2783333333333333]","[0.9027745000785217, 2.283615199965425]",132.75796730001457,,132.77543749997858,133.25340450007934,,,2.0,0,2026-04-10_19h52.13.740,Week4Demo,59.45713260201957,2026-04-10 19h52.16.369687 +0200,14.485723200021297,10.961756799952113,2.2874258999945596,0.4954372000647709,5.0,0.0,1.0,1.0,4.0,14.0,1,1.0,13.639097529088817,9.358203989079515,0.2860955726399004,0.5710399969100852,2,1.45,1.988402398655887,1.2
929,5,DemoLime-green.jpg,True,Lime-green,60.0,100.0,0.0,Demo/DemoLime-green_0.png,,4.0,5.0,"[(5.0, 1.1165052000433207)]",4.0,[],5.0,133.64162220002618,139.29548059997614,0.0,Lime-green,139.67077209998388,141.7791481000604,"[0.36333333333333334, 0.0375]","[-0.0033333333333333335, -0.2625]","[0.98832979996223, 2.103825099999085]",142.16057469998486,,142.19203000003472,142.7363043000223,,,2.0,0,2026-04-10_19h52.13.740,Week4Demo,59.45713260201957,2026-04-10 19h52.16.369687 +0200,9.094682099996135,5.653858399949968,2.1083760000765324,0.5757296000374481,5.0,0.0,1.0,1.0,4.0,14.0,1,1.0,13.639097529088817,9.358203989079515,0.8532875686891591,0.7012563299773226,2,1.45,2.045046503540135,1.2
930,6,DemoGreen.jpg,True,Green,0.0,98.0,5.0,Demo/DemoGreen_0.png,,5.0,5.0,"[(5.0, 0.8553734000306576)]",5.0,[],6.0,143.12345660000574,152.34019880008418,0.0,Green,152.71052099997178,154.06704700004775,"[0.3641666666666667, 0.03916666666666667]","[-0.015, -0.26]","[0.7349529999773949, 1.3530539000639692]",154.43139669997618,,154.45881330000702,154.96753979998175,,,2.0,0,2026-04-10_19h52.13.740,Week4Demo,59.45713260201957,2026-04-10 19h52.16.369687 +0200,11.844083199976012,9.216742200078443,1.3565260000759736,0.5361431000055745,5.0,0.0,1.0,1.0,4.0,14.0,1,1.0,13.639097529088817,9.358203989079515,0.4725645363331477,0.6159905678559997,2,1.45,2.00795589701736,1.2
931,7,DemoSeafoam.jpg,True,Seafoam,0.0,100.0,60.0,Demo/DemoSeafoam_0.png,,6.0,5.0,"[(5.0, 1.4362804000265896)]",6.0,[],7.0,155.3580114999786,169.74775410001166,0.0,Seafoam,170.13483400002588,172.4115393999964,"[0.3525, 0.03166666666666667]","[-0.004166666666666667, -0.29583333333333334]","[1.3405757999280468, 2.2725876999320462]",172.79767070000526,,172.82417739997618,173.40192340000067,,,2.0,0,2026-04-10_19h52.13.740,Week4Demo,59.45713260201957,2026-04-10 19h52.16.369687 +0200,18.043911900022067,14.38974260003306,2.276705399970524,0.6042526999954134,5.0,0.0,1.0,1.0,4.0,14.0,1,1.0,13.639097529088817,9.358203989079515,-0.08021251426237369,0.47995761641946827,2,1.45,1.9487815631424688,1.2
932,8,DemoCyan.jpg,True,Cyan,1.0,100.0,92.0,Demo/DemoCyan_0.png,,7.0,5.0,"[(5.0, 1.1474636000348255)]",7.0,[],8.0,173.7914340000134,183.10900509997737,0.0,Cyan,183.4724043000024,186.11841340002135,"[0.37916666666666665, 0.028333333333333332]","[0.006666666666666667, -0.2725]","[1.0222807000391185, 2.6416109000565484]",186.4978143000044,,186.52391450002324,186.9340928000165,,,2.0,0,2026-04-10_19h52.13.740,Week4Demo,59.45713260201957,2026-04-10 19h52.16.369687 +0200,13.14265880000309,9.31757109996397,2.6460091000189436,0.4362785000120937,5.0,0.0,1.0,1.0,4.0,14.0,1,1.0,13.639097529088817,9.358203989079515,0.46179015056391365,0.6134387635994141,2,1.45,2.0068458621657452,1.2
933,9,DemoTeal.jpg,True,Teal,1.0,51.0,48.0,Demo/DemoTeal_0.png,,8.0,5.0,"[(5.0, 1.2943985000019893)]",8.0,[],9.0,187.3284996000584,195.7820394000737,0.0,Teal,196.14624330005608,198.2105697999941,"[0.3825, 0.006666666666666667]","[-0.005833333333333334, -0.2758333333333333]","[1.1475432999432087, 2.0604606999550015]",198.58993710007053,,198.6068431000458,199.0522867999971,,,2.0,0,2026-04-10_19h52.13.740,Week4Demo,59.45713260201957,2026-04-10 19h52.16.369687 +0200,11.723787199938698,8.453539800015307,2.064326499938005,0.4623496999265626,5.0,0.0,1.0,1.0,4.0,14.0,1,1.0,13.639097529088817,9.358203989079515,0.554118903063532,0.6350906789749767,2,1.45,2.0162644453541145,1.2
934,10,DemoBlue.jpg,True,Blue,0.0,0.0,90.0,Demo/DemoBlue_0.png,,9.0,5.0,"[(5.0, 1.2355608000652865)]",9.0,[],10.0,199.44601180008613,206.3917674000841,0.0,Blue,206.78975860006176,209.29814010008704,"[0.37666666666666665, 0.0175]","[-0.0008333333333333334, -0.2783333333333333]","[1.0997375000733882, 2.5042757000774145]",209.67948940000497,,209.70641119999345,210.2654841999756,,,2.0,0,2026-04-10_19h52.13.740,Week4Demo,59.45713260201957,2026-04-10 19h52.16.369687 +0200,10.819472399889463,6.945755599997966,2.50838150002528,0.5859947999706208,5.0,0.0,1.0,1.0,4.0,14.0,1,1.0,13.639097529088817,9.358203989079515,0.7152378743722188,0.6715575038463709,2,1.45,2.032127514173171,1.2
935,11,DemoPurple.jpg,True,Purple,65.0,3.0,100.0,Demo/DemoPurple_0.png,,10.0,5.0,"[(5.0, 0.9184220000170171)]",10.0,[],11.0,210.64309700008016,223.11677319998853,0.0,Purple,223.48894579999612,225.84218360006344,"[0.37, 0.019166666666666665]","[0.016666666666666666, -0.305]","[0.8032213000115007, 2.3496796999825165]",226.2189663000172,,226.23904290003705,226.5838385000825,,,2.0,0,2026-04-10_19h52.13.740,Week4Demo,59.45713260201957,2026-04-10 19h52.16.369687 +0200,15.940741500002332,12.473676199908368,2.353237800067319,0.3648722000652924,5.0,0.0,1.0,1.0,4.0,14.0,1,1.0,13.639097529088817,9.358203989079515,0.12453472167741034,0.5310935053053856,2,1.45,1.9710256748078427,1.2
936,12,DemoPink.jpg,True,Pink,100.0,2.0,40.0,Demo/DemoPink_0.png,,11.0,5.0,"[(5.0, 1.6979455000255257)]",11.0,[],12.0,226.96463230007797,241.48777150001845,0.0,Pink,241.86668410000857,244.2094618000556,"[0.36333333333333334, 0.03666666666666667]","[-0.0025, -0.26]","[1.5436702000442892, 2.339093100046739]",244.58959260000847,,244.6049098999938,245.2348471999867,,,2.0,0,2026-04-10_19h52.13.740,Week4Demo,59.45713260201957,2026-04-10 19h52.16.369687 +0200,18.270214899908723,14.523139199940488,2.342777700047037,0.645254599978216,5.0,0.0,1.0,1.0,4.0,14.0,1,1.0,13.639097529088817,9.358203989079515,-0.09446702293338516,0.4764007916377829,2,1.45,1.9472343443624354,1.2
937,13,DemoBordeaux.jpg,True,Bordeaux,51.0,0.0,15.0,Demo/DemoBordeaux_0.png,,12.0,5.0,"[(5.0, 1.085342700011097)]",12.0,[],13.0,245.6243284000084,263.4374915000517,0.0,Bordeaux,263.81110950000584,266.20745540002827,"[0.365, 0.0]","[0.013333333333333334, -0.2725]","[0.9475151000078768, 2.3928715999936685]",266.59894820000045,,266.6208547999849,267.18850140005816,,,2.0,0,2026-04-10_19h52.13.740,Week4Demo,59.45713260201957,2026-04-10 19h52.16.369687 +0200,21.56417300004975,17.813163100043283,2.3963459000224248,0.5895532000577077,5.0,0.0,1.0,1.0,4.0,14.0,1,1.0,13.639097529088817,9.358203989079515,-0.44603276182324736,0.39030442543820065,2,1.45,1.9097824250656172,1.2
938,14,DemoGrey.jpg,True,Grey,51.0,51.0,51.0,Demo/DemoGrey_0.png,,13.0,5.0,"[(5.0, 1.3028482999652624)]",13.0,[],14.0,267.574544299976,275.3726769000059,0.0,Grey,275.74147610005457,277.69077089999337,"[0.36666666666666664, 0.04]","[0.011666666666666667, -0.25916666666666666]","[1.1787962999660522, 1.945424500037916]",278.07732390007004,,278.1039791000076,278.53634470002726,,,2.0,0,2026-04-10_19h52.13.740,Week4Demo,59.45713260201957,2026-04-10 19h52.16.369687 +0200,10.961800400051231,7.798132600029874,1.949294799938798,0.4590207999572158,5.0,0.0,1.0,1.0,4.0,14.0,1,1.0,13.639097529088817,9.358203989079515,0.6241544783459533,0.6511628291479942,2,1.45,2.023255830679377,1.2
939,1,013_Seafoam.jpg,True,Seafoam,9.0,100.0,59.0,03-1/013_Seafoam_0.png,,0.0,5.0,"[(5.0, 1.1143230999878142)]",29.0,"[2.9098506000009365, 4.074318200000562]",1.0,118.0298901,137.6076541,2.0,Seafoam,137.9824082,139.7120937,"[0.36916666666666664, 0.0325]","[-0.0125, -0.27166666666666667]","[0.962782500020694, 1.7259383000200614]",140.1022064,,140.1419806,140.7012421,,,2.0,4.0,2026-04-17_14h08.41.663,Week4Test,60.3438392,2026-04-17 14h08.43.765704 +0200,22.671352,19.577763999999988,1.729685499999988,0.5990357000000017,5.0,1.0,3.0,3.0,4.0,14.0,1,1.0,13.639097529088817,9.358203989079515,-0.6345946805435373,0.34646943921108564,2,1.45,1.890714206056822,1.2
940,2,022_Teal.jpg,False,Teal,0.0,54.0,45.0,03-2/022_Teal_0.png,Bordeaux,1.0,5.0,"[(5.0, 0.9496302999905311)]",36.0,"[1.4770546999934595, 3.490955000015674]",2.0,141.0665295,154.0292695,2.0,Teal,154.3891781,155.8962973,"[0.37333333333333335, 0.030833333333333334]","[-0.01, -0.285]","[0.8360731000138912, 1.5031714999931864]",156.2763271,,156.2916364,156.6512773,,,2.0,4.0,2026-04-17_14h08.41.663,Week4Test,60.3438392,2026-04-17 14h08.43.765704 +0200,15.584747800000002,12.962739999999997,1.507119199999977,0.3749502000000007,5.0,1.0,3.0,3.0,4.0,14.0,1,1.0,13.639097529088817,9.358203989079515,0.07227428787383675,0.5180607108664841,2,1.45,1.9653564092269207,1.2
941,3,032_Brown.jpg,False,Brown,49.0,22.0,0.0,03-2/032_Brown_0.png,Bordeaux,2.0,5.0,"[(5.0, 0.8967833000060637)]",12.0,"[2.1379913999990094, 3.6044217000016943, 5.1238956000015605, 5.967382999981055]",3.0,157.0151586,169.2744238,0.0,Brown,169.6430996,171.495811,"[0.3825, -0.01]","[0.0025, -0.2783333333333333]","[0.7493222999910358, 1.8490848999936134]",171.8796949,,171.9076043,172.368099,,,2.0,4.0,2026-04-17_14h08.41.663,Week4Test,60.3438392,2026-04-17 14h08.43.765704 +0200,15.352940399999994,12.259265199999987,1.852711400000004,0.4884040999999968,5.0,3.0,3.0,3.0,4.0,14.0,1,1.0,13.639097529088817,9.358203989079515,0.1474462760909053,0.536794931773144,2,1.45,1.9735057953213175,1.2
942,4,006_Teal.jpg,True,Teal,0.0,46.0,53.0,03-1/006_Teal_0.png,,3.0,5.0,"[(5.0, 0.7667401999933645)]",31.0,"[1.0801547000010032, 4.509790600015549]",4.0,172.7298761,185.596918,2.0,Teal,185.9586286,187.6469648,"[0.36916666666666664, 0.019166666666666665]","[-0.02, -0.2991666666666667]","[0.6168104000098538, 1.6831283000065014]",188.0299974,,188.0565604,188.566457,,,2.0,4.0,2026-04-17_14h08.41.663,Week4Test,60.3438392,2026-04-17 14h08.43.765704 +0200,15.836580900000001,12.867041899999975,1.688336200000009,0.5364596000000006,5.0,1.0,3.0,3.0,4.0,14.0,1,1.0,13.639097529088817,9.358203989079515,0.08250040605972961,0.520613411056842,2,1.45,1.9664668338097262,1.2
943,5,030_Red.jpg,False,Red,99.0,12.0,1.0,03-2/030_Red_0.png,Seafoam,4.0,5.0,"[(5.0, 0.8680262000125367)]",28.0,"[1.4100809999799822, 4.467355599976145]",5.0,188.9342179,197.7093997,2.0,Red,198.0740501,199.7106322,"[0.39166666666666666, 0.019166666666666665]","[0.0008333333333333334, -0.2841666666666667]","[0.7498741999734193, 1.63195939999423]",200.1119091,,200.1229054,200.6182047,,,2.0,4.0,2026-04-17_14h08.41.663,Week4Test,60.3438392,2026-04-17 14h08.43.765704 +0200,11.683986800000014,8.775181800000013,1.6365820999999983,0.5062956000000156,5.0,1.0,3.0,3.0,4.0,14.0,1,1.0,13.639097529088817,9.358203989079515,0.5197488465484097,0.6270890363611055,2,1.45,2.012783730817081,1.2
944,6,020_Grey.jpg,True,Grey,47.0,44.0,45.0,03-1/020_Grey_0.png,,5.0,5.0,"[(5.0, 0.930426200007787)]",17.0,"[1.649313500005519, 2.8626570000196807]",6.0,201.0023914,206.5685763,2.0,Grey,206.9444257,208.8593892,"[0.38333333333333336, 0.03833333333333333]","[-0.005, -0.275]","[0.8450946999946609, 1.9110190999927]",209.2463368,,209.2727139,209.7142718,,,2.0,4.0,2026-04-17_14h08.41.663,Week4Test,60.3438392,2026-04-17 14h08.43.765704 +0200,8.711880400000013,5.566184899999996,1.914963499999999,0.4679350000000113,5.0,1.0,3.0,3.0,4.0,14.0,1,1.0,13.639097529088817,9.358203989079515,0.8626561932727097,0.703215310343037,2,1.45,2.0458986599992213,1.2
945,7,031_Bordeaux.jpg,True,Bordeaux,47.0,5.0,21.0,03-1/031_Bordeaux_0.png,,6.0,5.0,"[(5.0, 0.765154300024733)]",3.0,"[1.4357183999964036, 2.4369962999771815, 5.560599299991736, 6.209556199988583, 7.821674599981634, 9.401769799995236]",7.0,210.0848036,225.8143165,2.0,Bordeaux,226.1727337,227.7955958,"[0.37666666666666665, 0.015]","[-0.004166666666666667, -0.2966666666666667]","[0.6491346000111662, 1.6174841000174638]",228.1972117,,228.2219852,228.6159546,,,2.0,4.0,2026-04-17_14h08.41.663,Week4Test,60.3438392,2026-04-17 14h08.43.765704 +0200,18.531151000000023,15.729512900000003,1.6228620999999919,0.41874290000001224,5.0,5.0,3.0,3.0,4.0,14.0,1,1.0,13.639097529088817,9.358203989079515,-0.22337783760116586,0.4443865967317343,2,1.45,1.933308169578304,1.2
946,8,011_Orange.jpg,True,Orange,99.0,48.0,0.0,02-1/011_Orange_0.png,,7.0,5.0,"[(5.0, 1.1312022999918554)]",22.0,"[2.0643749999871943, 5.865550499991514, 6.4703118999896105, 7.209825900004944]",8.0,228.9811402,254.5949623,0.0,Orange,254.9520293,256.8416996,"[0.3958333333333333, 0.0033333333333333335]","[0.0033333333333333335, -0.30833333333333335]","[0.9858485999866389, 1.886301899998216]",257.2237531,,257.2374344,257.598407,,,2.0,4.0,2026-04-17_14h08.41.663,Week4Test,60.3438392,2026-04-17 14h08.43.765704 +0200,28.61726680000001,25.613822099999993,1.8896703000000343,0.37465389999999843,5.0,3.0,3.0,3.0,4.0,14.0,1,1.0,13.639097529088817,9.358203989079515,-1.2795964465922083,0.21761892512494327,2,1.45,1.8346642324293503,1.2
947,9,024_Brown.jpg,False,Brown,50.0,31.0,12.0,03-2/024_Brown_0.png,Grey,8.0,5.0,"[(5.0, 1.0136667999904603)]",11.0,"[1.5132262999832164, 2.410108699987177, 5.283010999992257]",9.0,257.9645969,267.2533734,3.0,Grey,267.6192549,269.4233094,"[0.36083333333333334, 0.0075]","[0.0, -0.3125]","[0.9009136999957263, 1.8005350999883376]",269.8198571,269.903985,276.3701844,278.0119161,,,2.0,4.0,2026-04-17_14h08.41.663,Week4Test,60.3438392,2026-04-17 14h08.43.765704 +0200,20.047319200000004,9.288776499999983,1.8040545000000066,8.192059000000029,-5.0,2.0,3.0,3.0,4.0,14.0,0,1.0,13.639097529088817,9.358203989079515,0.4648670871211407,0.6141681474702451,0,1.45,0.5571631441495566,0.2
948,10,029_Teal.jpg,True,Teal,0.0,47.0,43.0,03-1/029_Teal_0.png,,9.0,5.0,"[(5.0, 0.7308664000011049)]",35.0,"[1.2256270999787375, 1.9978256999747828]",10.0,278.3814127,297.054043,2.0,Teal,297.4199624,299.0397591,"[0.37333333333333335, 0.043333333333333335]","[0.04, -0.2825]","[0.583866200002376, 1.6160783000232186]",299.4267577,,299.4536039,299.9458673,,,2.0,4.0,2026-04-17_14h08.41.663,Week4Test,60.3438392,2026-04-17 14h08.43.765704 +0200,21.564454599999976,18.67263029999998,1.6197967000000517,0.5191095999999789,5.0,1.0,3.0,3.0,4.0,14.0,1,1.0,13.639097529088817,9.358203989079515,-0.5378738032196142,0.36868232829510794,2,1.45,1.9003768128083716,1.2
949,11,022_Bordeaux.jpg,False,Bordeaux,54.0,0.0,25.0,03-2/022_Bordeaux_0.png,Green,10.0,5.0,"[(5.0, 0.7642585999856237)]",4.0,"[1.3349885999923572, 2.0191369999956805]",11.0,300.3150326,310.239852,2.0,Bordeaux,310.6050166,312.1575407,"[0.37416666666666665, 0.0033333333333333335]","[-0.013333333333333334, -0.27]","[0.6470861000125296, 1.5484177999896929]",312.546669,,312.5692632,312.9686097,,,2.0,4.0,2026-04-17_14h08.41.663,Week4Test,60.3438392,2026-04-17 14h08.43.765704 +0200,12.653577100000007,9.92481939999999,1.5525241000000278,0.4219406999999933,5.0,1.0,3.0,3.0,4.0,14.0,1,1.0,13.639097529088817,9.358203989079515,0.3969007443547048,0.5979428034154953,2,1.45,2.0001051194857404,1.2
950,12,012_Lime-green.jpg,True,Lime-green,61.0,94.0,3.0,02-1/012_Lime-green_0.png,,11.0,5.0,"[(5.0, 0.6807491999934427)]",21.0,[1.661445800011279],12.0,313.3425411,340.8547812,1.0,Orange,341.21654,342.7883025,"[0.375, 0.018333333333333333]","[-0.0075, -0.25416666666666665]","[0.5368484999926295, 1.5680873999954201]",343.1732938,343.217353,346.2376723,347.1575164,,,2.0,4.0,2026-04-17_14h08.41.663,Week4Test,60.3438392,2026-04-17 14h08.43.765704 +0200,33.814975300000015,27.512240099999985,1.571762499999977,3.9842226000000096,-5.0,1.0,3.0,3.0,4.0,14.0,0,1.0,13.639097529088817,9.358203989079515,-1.4824578078336748,0.18505646893207328,0,1.45,0.37049956398545186,0.2
951,13,006_Bordeaux.jpg,True,Bordeaux,51.0,0.0,12.0,03-1/006_Bordeaux_0.png,,12.0,5.0,"[(5.0, 1.1647618999995757)]",0.0,"[3.213980700005777, 3.815650900010951, 5.34664440000779, 7.256541300012032, 7.746452899998985, 8.52640960001736]",13.0,347.5254863,362.1961855,2.0,Bordeaux,362.566638,364.5222447,"[0.3591666666666667, 0.008333333333333333]","[-0.004166666666666667, -0.28833333333333333]","[1.018022000003839, 1.9513052999973297]",364.9064988,,364.9335869,365.3805417,,,2.0,4.0,2026-04-17_14h08.41.663,Week4Test,60.3438392,2026-04-17 14h08.43.765704 +0200,17.85505539999997,14.670699200000001,1.9556066999999757,0.4740428999999722,5.0,5.0,3.0,3.0,4.0,14.0,1,1.0,13.639097529088817,9.358203989079515,-0.11023500578903862,0.4724691219519099,2,1.45,1.9455240680490806,1.2
952,14,006_Pink.jpg,True,Pink,100.0,0.0,50.0,02-1/006_Pink_0.png,,13.0,4.0,"[(4.0, 2.7144576999999117)]",24.0,"[1.2547346000210382, 1.9034515999956056]",14.0,365.7608901,399.6148601,2.0,Pink,399.9801173,403.4527558,"[0.1875, 0.0225]","[-0.014166666666666666, -0.29333333333333333]","[2.6039840999874286, 3.4685605999839026]",403.8347671,,403.8502597,404.2741521,,,2.0,4.0,2026-04-17_14h08.41.663,Week4Test,60.3438392,2026-04-17 14h08.43.765704 +0200,38.513262,33.853970000000004,3.4726384999999595,0.43938499999995884,4.0,1.0,3.0,3.0,4.0,14.0,1,0.75,13.639097529088817,9.358203989079515,-2.1601230849958797,0.10338904095324125,2,1.45,1.71247423281466,1.15
953,15,010_Pink.jpg,True,Pink,98.0,0.0,52.0,02-1/010_Pink_0.png,,14.0,4.0,"[(4.0, 1.5998662000056356)]",25.0,"[1.9611844999890309, 2.558691899990663]",15.0,404.6407904,433.9165037,2.0,Pink,434.2786662,436.6010607,"[0.17166666666666666, -0.016666666666666666]","[0.0033333333333333335, -0.2875]","[1.5194027000106871, 2.3187958000053186]",436.9711734,,436.9979822,437.5245912,,,2.0,4.0,2026-04-17_14h08.41.663,Week4Test,60.3438392,2026-04-17 14h08.43.765704 +0200,32.88380079999996,29.275713300000007,2.32239450000003,0.553417799999977,4.0,1.0,3.0,3.0,4.0,14.0,1,0.75,13.639097529088817,9.358203989079515,-1.6708992226668942,0.15830432594229638,2,1.45,1.736362381784899,1.15
954,16,013_Teal.jpg,True,Teal,0.0,48.0,60.0,03-1/013_Teal_0.png,,15.0,5.0,"[(5.0, 0.9298132999974769)]",33.0,"[1.1352426999947056, 2.162278100004187]",16.0,437.8914303,445.0357737,2.0,Teal,445.4044524,447.350285,"[0.3883333333333333, 0.005]","[0.018333333333333333, -0.32083333333333336]","[0.7787778000056278, 1.9424169000121765]",447.7360556,,447.7636783,448.1074882,,,2.0,4.0,2026-04-17_14h08.41.663,Week4Test,60.3438392,2026-04-17 14h08.43.765704 +0200,10.216057899999953,7.144343399999968,1.9458325999999602,0.37143259999999145,5.0,1.0,3.0,3.0,4.0,14.0,1,1.0,13.639097529088817,9.358203989079515,0.6940171572096369,0.6668599667710879,2,1.45,2.030084085545423,1.2
955,17,019_Brown.jpg,True,Brown,50.0,17.0,0.0,03-1/019_Brown_0.png,,16.0,5.0,"[(5.0, 0.8288738999981433)]",10.0,"[1.8924150000093505, 2.9829991000005975, 3.934892499994021, 4.402090899995528, 5.35920469998382]",17.0,448.4759944,457.4790925,1.0,Brown,457.8537244,459.5997844,"[0.37583333333333335, 0.0225]","[-0.0008333333333333334, -0.2991666666666667]","[0.6776950000203215, 1.7426593000127468]",459.9905244,,460.0138509,460.4251251,,,2.0,4.0,2026-04-17_14h08.41.663,Week4Test,60.3438392,2026-04-17 14h08.43.765704 +0200,11.949130700000012,9.003098099999988,1.74606,0.43460069999997586,5.0,4.0,3.0,3.0,4.0,14.0,1,1.0,13.639097529088817,9.358203989079515,0.4953941412795418,0.621376328372737,2,1.45,2.0102987028421406,1.2
956,18,028_Seafoam.jpg,False,Seafoam,0.0,96.0,66.0,03-2/028_Seafoam_0.png,Blue,17.0,5.0,"[(5.0, 1.8154949999880046)]",30.0,"[0.9190030999889132, 4.555769700004021, 7.720939499995438, 8.379152099980274, 8.834925799979828, 10.647543400002178]",18.0,460.8045885,487.8974886,2.0,Seafoam,488.2632808,490.8999164,"[0.39, 0.07166666666666667]","[0.02, -0.27166666666666667]","[1.665704499988351, 2.6324377999990247]",491.2821247,,491.2955406,491.6871843,,,2.0,4.0,2026-04-17_14h08.41.663,Week4Test,60.3438392,2026-04-17 14h08.43.765704 +0200,30.88259579999999,27.09290009999995,2.636635599999977,0.4050596000000155,5.0,5.0,3.0,3.0,4.0,14.0,1,1.0,13.639097529088817,9.358203989079515,-1.4376479275949687,0.19190984472279327,2,1.45,1.8234807824544148,1.2
957,19,018_Green.jpg,False,Green,7.0,99.0,0.0,03-2/018_Green_0.png,Yellow,18.0,5.0,"[(5.0, 0.9652325000206474)]",15.0,"[1.224990600021556, 3.3364672000170685, 4.114334100013366, 4.5744343000114895, 5.170986900018761]",19.0,492.0561327,499.803634,1.0,Green,500.16848,501.815493,"[0.3775, 0.09333333333333334]","[-0.0016666666666666668, -0.2758333333333333]","[0.8436884000257123, 1.6429082000104245]",502.2000971,,502.2286886,502.8512383,,,2.0,4.0,2026-04-17_14h08.41.663,Week4Test,60.3438392,2026-04-17 14h08.43.765704 +0200,10.7951056,7.74750130000001,1.6470130000000154,0.6511411999999837,5.0,4.0,3.0,3.0,4.0,14.0,1,1.0,13.639097529088817,9.358203989079515,0.6295648434212334,0.6523907852133486,2,1.45,2.023789991567807,1.2
958,20,014_Grey.jpg,False,Grey,58.0,50.0,53.0,03-2/014_Grey_0.png,Pink,19.0,5.0,"[(5.0, 0.9635782999976072)]",20.0,"[1.2717483000014909, 2.415446700004395]",20.0,503.2218582,510.0991786,2.0,Grey,510.4629089,512.3822218,"[0.3591666666666667, 0.055]","[-0.008333333333333333, -0.27166666666666667]","[0.850255900004413, 1.9153835999895819]",512.7723486,,512.7954997,514.0247307,,,2.0,4.0,2026-04-17_14h08.41.663,Week4Test,60.3438392,2026-04-17 14h08.43.765704 +0200,10.802872499999978,6.8773204000000305,1.9193129000000226,1.252382099999977,5.0,1.0,3.0,3.0,4.0,14.0,1,1.0,13.639097529088817,9.358203989079515,0.7225507305653297,0.6731684578360826,2,1.45,2.032828279158696,1.2
959,21,011_Teal.jpg,True,Teal,0.0,45.0,54.0,03-1/011_Teal_0.png,,20.0,5.0,"[(5.0, 1.2460530999815091)]",32.0,"[2.0330369000148494, 2.8001830000139307]",21.0,514.4066354,524.9124763,2.0,Teal,525.2781058,527.8145152,"[0.36583333333333334, 0.0016666666666666668]","[0.0125, -0.2975]","[1.1327750000054948, 2.5325272000045516]",528.1988518,,528.2107886,528.8539929,,,2.0,4.0,2026-04-17_14h08.41.663,Week4Test,60.3438392,2026-04-17 14h08.43.765704 +0200,14.447357499999953,10.505840899999953,2.5364093999999113,0.6551410999999234,5.0,1.0,3.0,3.0,4.0,14.0,1,1.0,13.639097529088817,9.358203989079515,0.33481388445317006,0.5829302060076211,2,1.45,1.9935746396133152,1.2
960,22,013_Orange.jpg,True,Orange,100.0,65.0,4.0,03-1/013_Orange_0.png,,21.0,5.0,"[(5.0, 0.8313401000050362)]",23.0,"[4.670277299999725, 14.25295080000069]",22.0,529.2204098,555.0781847,2.0,Lime-green,555.4418475,557.0974593,"[0.36916666666666664, 0.03666666666666667]","[-0.005, -0.2708333333333333]","[0.7186332999845035, 1.6509875000047032]",557.4802858,557.5267359,563.0635299,564.5161484,,,2.0,4.0,2026-04-17_14h08.41.663,Week4Test,60.3438392,2026-04-17 14h08.43.765704 +0200,35.29573860000005,25.85777489999998,1.6556117999999742,7.035862599999973,-5.0,1.0,3.0,3.0,4.0,14.0,0,1.0,13.639097529088817,9.358203989079515,-1.3056647819570568,0.2132131871716431,0,1.45,0.38274773641966475,0.2
961,23,029_Cyan.jpg,True,Cyan,2.0,100.0,88.0,01-1/029_Cyan_0.png,,22.0,5.0,"[(5.0, 0.830721900012577)]",13.0,"[1.0775604999798816, 1.8387283999763895]",23.0,564.8903365,572.8690116,2.0,Cyan,573.2254949,574.7795379,"[0.37666666666666665, -0.005833333333333334]","[-0.01, -0.28]","[0.683652899984736, 1.550515799986897]",575.1670884,,575.1928904,575.5703104,,,2.0,4.0,2026-04-17_14h08.41.663,Week4Test,60.3438392,2026-04-17 14h08.43.765704 +0200,10.67997390000005,7.978675100000032,1.5540430000000924,0.40322200000002795,5.0,1.0,3.0,3.0,4.0,14.0,1,1.0,13.639097529088817,9.358203989079515,0.6048620478559958,0.6467678767610078,2,1.45,2.0213440263910383,1.2
962,24,010_Brown.jpg,True,Brown,50.0,18.0,0.0,03-1/010_Brown_0.png,,23.0,5.0,"[(5.0, 0.8821970999997575)]",8.0,"[1.0526096999819856, 2.1089655999967363, 2.9322621999890544, 3.672814699995797]",24.0,575.9343373,584.9091907,0.0,Brown,585.2738179,586.9131596,"[0.38, 0.0225]","[-0.0016666666666666668, -0.2791666666666667]","[0.7354967000137549, 1.6358187999867368]",587.296044,,587.3084905,587.7020756,,,2.0,4.0,2026-04-17_14h08.41.663,Week4Test,60.3438392,2026-04-17 14h08.43.765704 +0200,11.767738299999905,8.974853399999915,1.6393416999999317,0.406031599999892,5.0,3.0,3.0,3.0,4.0,14.0,1,1.0,13.639097529088817,9.358203989079515,0.4984123165654228,0.6220861472224081,2,1.45,2.0106074740417474,1.2
963,25,011_Brown.jpg,True,Brown,50.0,15.0,0.0,03-1/011_Brown_0.png,,24.0,5.0,"[(5.0, 1.1818882999941707)]",9.0,"[1.0667904999863822, 2.170717999979388, 2.792862399976002, 3.558857199997874, 5.220450499997241]",25.0,588.0679759,596.753936,1.0,Brown,597.1227518,599.1966716,"[0.38916666666666666, 0.04083333333333333]","[0.005833333333333334, -0.295]","[1.037176299985731, 2.0693664999853354]",599.5645888,,599.5931937,600.2648305,,,2.0,4.0,2026-04-17_14h08.41.663,Week4Test,60.3438392,2026-04-17 14h08.43.765704 +0200,12.196854600000052,8.685960099999988,2.0739197999999988,0.7002416999999923,5.0,4.0,3.0,3.0,4.0,14.0,1,1.0,13.639097529088817,9.358203989079515,0.5292829088646555,0.6293158463211719,2,1.45,2.0137523931497094,1.2
964,26,021_Grey.jpg,True,Grey,47.0,51.0,57.0,03-1/021_Grey_0.png,,25.0,5.0,"[(5.0, 1.0973296999873128)]",18.0,"[1.702958200010471, 2.5041691999940667]",26.0,600.6323454,605.2433533,2.0,Grey,605.6112105,607.5295129,"[0.39, 0.04416666666666667]","[0.011666666666666667, -0.25416666666666665]","[0.9804606000252534, 1.914533900009701]",607.9142271,,607.9413235,608.7188081,,,2.0,4.0,2026-04-17_14h08.41.663,Week4Test,60.3438392,2026-04-17 14h08.43.765704 +0200,8.086462700000084,4.611007900000004,1.918302400000016,0.8045810000000984,5.0,1.0,3.0,3.0,4.0,14.0,1,1.0,13.639097529088817,9.358203989079515,0.9647246030994915,0.7240667514928899,2,1.45,2.054969036899407,1.2
965,27,022_Bordeaux.jpg,False,Bordeaux,53.0,0.0,26.0,03-2/022_Bordeaux_0.png,Green,26.0,5.0,"[(5.0, 0.9654812000226229)]",6.0,"[1.613331400003517, 2.4251699000014924, 5.8083684000012]",27.0,609.0808394,618.9898092,3.0,Bordeaux,619.3555704,621.1451403,"[0.3775, 0.010833333333333334]","[0.009166666666666667, -0.29833333333333334]","[0.8547000999969896, 1.7862278999818955]",621.5491796,,621.5736193,621.9999891,,,2.0,4.0,2026-04-17_14h08.41.663,Week4Test,60.3438392,2026-04-17 14h08.43.765704 +0200,12.919149700000048,9.908969800000023,1.7895698999999468,0.4508094999999912,5.0,2.0,3.0,3.0,4.0,14.0,1,1.0,13.639097529088817,9.358203989079515,0.39859440266974716,0.5983499034533294,2,1.45,2.000282208002198,1.2
966,28,012_Bordeaux.jpg,True,Bordeaux,50.0,2.0,24.0,03-1/012_Bordeaux_0.png,,27.0,5.0,"[(5.0, 1.0472460000019055)]",1.0,"[2.829550599999493, 3.662594599998556, 6.785527100000763]",28.0,622.3659528,632.4761053,3.0,Bordeaux,632.8404484,634.9440507,"[0.36666666666666664, 0.034166666666666665]","[-0.0025, -0.2975]","[0.9345077000034507, 2.0999194999749307]",635.3130332,,635.3398108,635.7657116,,,2.0,4.0,2026-04-17_14h08.41.663,Week4Test,60.3438392,2026-04-17 14h08.43.765704 +0200,13.399758800000086,10.110152500000027,2.103602300000034,0.45267840000008164,5.0,2.0,3.0,3.0,4.0,14.0,1,1.0,13.639097529088817,9.358203989079515,0.37709639939531836,0.5931725993303827,2,1.45,1.9980300807087163,1.2
967,29,018_Pink.jpg,False,Pink,99.0,2.0,47.0,03-2/018_Pink_0.png,Purple,28.0,5.0,"[(5.0, 0.9317989999835845)]",26.0,"[1.9876877999922726, 2.7354422000062186]",29.0,636.1352186,660.3454671,2.0,Purple,660.7053032,662.4266861,"[0.4058333333333333, 0.0725]","[0.009166666666666667, -0.26916666666666667]","[0.7849309000011999, 1.717107100004796]",662.8082154,662.8559677,665.5762089,666.5482476,,,2.0,4.0,2026-04-17_14h08.41.663,Week4Test,60.3438392,2026-04-17 14h08.43.765704 +0200,30.413028999999938,24.21024849999992,1.7213828999999805,3.7400321999999733,-5.0,1.0,3.0,3.0,4.0,14.0,0,1.0,13.639097529088817,9.358203989079515,-1.1296132231405758,0.24423248626740868,0,1.45,0.3962411315263228,0.2
968,30,029_Bordeaux.jpg,True,Bordeaux,54.0,0.0,21.0,03-1/029_Bordeaux_0.png,,29.0,5.0,"[(5.0, 0.762933999998495)]",2.0,"[3.4122783999773674, 3.877893500000937, 5.097108699992532]",30.0,666.9201605,675.7433465,3.0,Brown,676.1068949,677.7931724,"[0.3541666666666667, -0.021666666666666667]","[0.005, -0.2966666666666667]","[0.6500005999987479, 1.683045600017067]",678.1777545,678.2222936,683.6383375,684.6130789,,,2.0,4.0,2026-04-17_14h08.41.663,Week4Test,60.3438392,2026-04-17 14h08.43.765704 +0200,17.692918400000053,8.823186000000078,1.6862774999999601,6.435324400000013,-5.0,2.0,3.0,3.0,4.0,14.0,0,1.0,13.639097529088817,9.358203989079515,0.5146192084195461,0.6258886989180619,0,1.45,0.5622615840293569,0.2
969,31,010_Red.jpg,True,Red,99.0,0.0,12.0,01-1/010_Red_0.png,,30.0,5.0,"[(5.0, 0.88137829999323)]",27.0,"[1.3982806999993045, 1.9997849999926984]",31.0,684.9829974,690.9208894,2.0,Red,691.2911126,692.9587836,"[0.3883333333333333, 0.024166666666666666]","[-0.0008333333333333334, -0.27666666666666667]","[0.7634006000007503, 1.6632906000013463]",693.3471631,,693.372093,693.7977686,,,2.0,4.0,2026-04-17_14h08.41.663,Week4Test,60.3438392,2026-04-17 14h08.43.765704 +0200,8.814771199999996,5.93789199999992,1.6676709999999275,0.4506055000000515,5.0,1.0,3.0,3.0,4.0,14.0,1,1.0,13.639097529088817,9.358203989079515,0.8229362747462825,0.6948592740117159,2,1.45,2.042263784195096,1.2
970,32,019_Teal.jpg,True,Teal,0.0,44.0,49.0,03-1/019_Teal_0.png,,31.0,5.0,"[(5.0, 0.8471247999987099)]",34.0,"[0.9208286000066437, 3.2360333999968134]",32.0,694.1630322,704.3742087,2.0,Teal,704.7407063,706.5090442,"[0.3725, 0.009166666666666667]","[0.021666666666666667, -0.2825]","[0.7002363000065088, 1.7643543000158388]",706.8908039,,706.9041886,707.845237,,,2.0,4.0,2026-04-17_14h08.41.663,Week4Test,60.3438392,2026-04-17 14h08.43.765704 +0200,13.682204800000022,10.211176500000079,1.7683378999998922,0.9544330999999602,5.0,1.0,3.0,3.0,4.0,14.0,1,1.0,13.639097529088817,9.358203989079515,0.3663011655964034,0.5905649082003662,2,1.45,1.9968957350671592,1.2
971,33,013_Grey.jpg,True,Grey,47.0,53.0,50.0,03-1/013_Grey_0.png,,32.0,5.0,"[(5.0, 0.9170784000016283)]",16.0,"[2.2034942000173032, 3.138050400011707]",33.0,708.2165779,713.1038271,2.0,Grey,713.4721595,715.2765713,"[0.37666666666666665, 0.03916666666666667]","[0.0275, -0.2675]","[0.7989153999951668, 1.799480300018331]",715.6607057,,715.6881481,717.9809073,,,2.0,4.0,2026-04-17_14h08.41.663,Week4Test,60.3438392,2026-04-17 14h08.43.765704 +0200,9.764329400000065,4.887249200000042,1.8044118000000253,2.3202016000000185,5.0,1.0,3.0,3.0,4.0,14.0,1,1.0,13.639097529088817,9.358203989079515,0.9352059796197729,0.718130271283334,2,1.45,2.0523866680082503,1.2
972,34,016_Cyan.jpg,False,Cyan,0.0,97.0,100.0,03-2/016_Cyan_0.png,Blue,33.0,5.0,"[(5.0, 0.9472858999797609)]",14.0,"[0.1599809000035748, 2.642108300002292, 3.133984500018414, 3.8225316000171006, 4.326164199999766, 6.73796769999899]",34.0,718.3441346,727.7446334,2.0,Cyan,728.1030458,729.7773748,"[0.36916666666666664, 0.050833333333333335]","[0.02, -0.2658333333333333]","[0.8023892000201158, 1.669598300009966]",730.1654782,,730.1869387,730.6301423,,,2.0,4.0,2026-04-17_14h08.41.663,Week4Test,60.3438392,2026-04-17 14h08.43.765704 +0200,12.286007700000027,9.400498800000037,1.6743289999999433,0.4646640999999363,5.0,5.0,3.0,3.0,4.0,14.0,1,1.0,13.639097529088817,9.358203989079515,0.45292865319402964,0.6113353214400304,2,1.45,2.005930864826413,1.2
973,35,006_Brown.jpg,True,Brown,53.0,20.0,0.0,03-1/006_Brown_0.png,,34.0,5.0,"[(5.0, 1.2642822999914642)]",7.0,"[1.03417550001177, 1.8358208000136074, 2.628184000001056, 3.57281840001815]",35.0,730.9947696,740.3248017,0.0,Brown,740.685201,742.8734861,"[0.38, 0.0375]","[0.0016666666666666668, -0.29583333333333334]","[1.151471599994693, 2.185092200001236]",743.2725626,,743.2862716,743.6460684,,,2.0,4.0,2026-04-17_14h08.41.663,Week4Test,60.3438392,2026-04-17 14h08.43.765704 +0200,12.65129879999995,9.330032099999926,2.18828510000003,0.37350579999997535,5.0,3.0,3.0,3.0,4.0,14.0,1,1.0,13.639097529088817,9.358203989079515,0.4604585916397337,0.6131229611833419,2,1.45,2.0067084881147537,1.2
974,36,016_Bordeaux.jpg,False,Bordeaux,52.0,0.0,29.0,03-2/016_Bordeaux_0.png,Brown,35.0,5.0,"[(5.0, 0.8151235000113957)]",5.0,"[1.1557302000001073, 2.0004100000078324]",36.0,744.0148668,751.204952,2.0,Bordeaux,751.5676882,753.1749582,"[0.3675, 0.055]","[-0.009166666666666667, -0.275]","[0.7023744000180159, 1.603607600001851]",753.5703119,,753.585936,753.945184,,,2.0,4.0,2026-04-17_14h08.41.663,Week4Test,60.3438392,2026-04-17 14h08.43.765704 +0200,9.93031719999999,7.190085199999999,1.6072699999999713,0.37487210000006144,5.0,1.0,3.0,3.0,4.0,14.0,1,1.0,13.639097529088817,9.358203989079515,0.6891292748709522,0.6657732016280448,2,1.45,2.029611342708199,1.2
975,37,031_Grey.jpg,True,Grey,45.0,49.0,57.0,03-1/031_Grey_0.png,,36.0,5.0,"[(5.0, 1.2645750000083353)]",19.0,"[1.964080700010527, 2.7712817000283394]",37.0,754.3126007,758.7428779,2.0,Grey,759.1072201,761.1251823,"[0.37416666666666665, 0.06]","[0.020833333333333332, -0.2875]","[1.1787220000114758, 2.013425399985863]",761.5169438,,761.5357641,762.1111428,,,2.0,4.0,2026-04-17_14h08.41.663,Week4Test,60.3438392,2026-04-17 14h08.43.765704 +0200,7.798542100000077,4.430277200000091,2.0179622000000563,0.5941990000000033,5.0,1.0,3.0,3.0,4.0,14.0,1,1.0,13.639097529088817,9.358203989079515,0.9840371442891059,0.7279085391343951,2,1.45,2.056640214523462,1.2
976,1,012_Bordeaux.jpg,True,Bordeaux,50.0,2.0,24.0,03-1/012_Bordeaux_0.png,,0.0,5.0,"[(5.0, 0.8984884000383317)]",21.0,"[8.328179600066505, 9.409938400029205, 10.795822200016119, 13.977116800029762, 14.65648320002947, 15.672163699986413]",1.0,5.040564200025983,28.41341299994383,2.0,Bordeaux,28.787143699941225,30.71735319995787,"[0.3675, 0.059166666666666666]","[0.005, -0.2725]","[0.74575810006354, 1.9266364000504836]",31.10502849996556,,31.144632100011226,31.78451409994159,,,2.0,1.0,2026-04-10_19h57.40.117,Week4Train,60.19357051446609,2026-04-10 19h57.42.256394 +0200,26.743949899915606,23.372848799917847,1.9302095000166446,0.6794855999760294,5.0,5.0,2.0,2.0,4.0,14.0,1,1.0,13.639097529088817,9.358203989079515,-1.0401302730938284,0.26112485841656036,2,1.45,1.8535893134112036,1.2
977,2,018_Yellow.jpg,True,Yellow,100.0,88.0,0.0,01-t/018_Yellow_0.png,,1.0,5.0,"[(5.0, 0.9865825999295339)]",11.0,[3.320917500066571],2.0,32.15602549992036,45.59723419998773,1.0,Yellow,45.970488199964166,48.1332799999509,"[0.36583333333333334, 0.03916666666666667]","[0.03333333333333333, -0.2725]","[0.8573044999502599, 2.1585712999803945]",48.52277639997192,,48.54394140001386,49.17528069997206,,,2.0,1.0,2026-04-10_19h57.40.117,Week4Train,60.19357051446609,2026-04-10 19h57.42.256394 +0200,17.019255200051703,13.44120870006737,2.162791799986735,0.652504300000146,5.0,1.0,2.0,2.0,4.0,14.0,1,1.0,13.639097529088817,9.358203989079515,0.021146026444002597,0.5052863096294027,2,1.45,1.95979954468879,1.2
978,3,010_Pink.jpg,True,Pink,98.0,0.0,52.0,02-1/010_Pink_0.png,,2.0,5.0,"[(5.0, 1.1465262999990955)]",0.0,"[2.0059069000417367, 2.920520900050178]",3.0,49.56379669997841,60.45256729994435,2.0,Pink,60.822932999930345,62.714244499919005,"[0.3933333333333333, 0.035]","[-0.010833333333333334, -0.305]","[0.9873006000416353, 1.8869931999361143]",63.10421249992214,,63.12699179991614,63.63422509992961,,,2.0,1.0,2026-04-10_19h57.40.117,Week4Train,60.19357051446609,2026-04-10 19h57.42.256394 +0200,14.070428399951197,10.888770599965937,1.8913114999886602,0.530012600007467,5.0,1.0,2.0,2.0,4.0,14.0,1,1.0,13.639097529088817,9.358203989079515,0.29389474009461136,0.5729493612951521,2,1.45,1.989232972163391,1.2
979,4,020_Grey.jpg,True,Grey,47.0,44.0,45.0,03-1/020_Grey_0.png,,3.0,5.0,"[(5.0, 0.9999074999941513)]",30.0,"[3.138877799967304, 5.79953249997925, 10.231140300049447, 10.8822058000369, 11.32558120007161, 11.816898899967782]",4.0,64.02132299996447,78.25682659994345,2.0,Grey,78.63455209997483,80.29622509994078,"[0.375, 0.034166666666666665]","[0.010833333333333334, -0.285]","[0.8782479999354109, 1.658315199892968]",80.68060949991923,,80.70999200001825,81.9581641999539,,,2.0,1.0,2026-04-10_19h57.40.117,Week4Train,60.19357051446609,2026-04-10 19h57.42.256394 +0200,17.93684119998943,14.235503599978983,1.6616729999659583,1.2775547000346705,5.0,5.0,2.0,2.0,4.0,14.0,1,1.0,13.639097529088817,9.358203989079515,-0.06373082608437881,0.48407268400371356,2,1.45,1.9505716175416152,1.2
980,5,013_Green.jpg,True,Green,2.0,100.0,2.0,03-1/013_Green_0.png,,4.0,5.0,"[(5.0, 1.1306024000514299)]",22.0,"[2.773230600054376, 4.291881400044076]",5.0,82.33648539998103,93.7807155000046,2.0,Green,94.14946959994268,95.87957240000831,"[0.36083333333333334, 0.060833333333333336]","[-0.024166666666666666, -0.2791666666666667]","[0.980086800060235, 1.7267573000863194]",96.26786589995028,,96.29221019998658,96.80170349997934,,,2.0,1.0,2026-04-10_19h57.40.117,Week4Train,60.19357051446609,2026-04-10 19h57.42.256394 +0200,14.46521809999831,11.444230100023574,1.7301028000656373,0.5338376000290594,5.0,1.0,2.0,2.0,4.0,14.0,1,1.0,13.639097529088817,9.358203989079515,0.23453938721858664,0.5583675314996425,2,1.45,1.9828898762023444,1.2
981,6,012_Lime-green.jpg,True,Lime-green,61.0,94.0,3.0,02-1/012_Lime-green_0.png,,5.0,5.0,"[(5.0, 0.8360220000613481)]",13.0,"[8.2253315000562, 10.775832800078206, 15.473128900048323, 16.009399600094184]",6.0,97.17697269993369,118.28847849997692,0.0,Lime-green,118.66461640002672,120.18102060002276,"[0.37666666666666665, 0.051666666666666666]","[0.019166666666666665, -0.27416666666666667]","[0.697842999943532, 1.5125597999431193]",120.57604449999052,,120.59119930001908,121.18172250001226,,,2.0,1.0,2026-04-10_19h57.40.117,Week4Train,60.19357051446609,2026-04-10 19h57.42.256394 +0200,24.00474980007857,21.111505800043233,1.516404199996046,0.6056780000217401,5.0,3.0,2.0,2.0,4.0,14.0,1,1.0,13.639097529088817,9.358203989079515,-0.7984874319553502,0.3103491647815151,2,1.45,1.875001886679959,1.2
982,7,029_Bordeaux.jpg,True,Bordeaux,54.0,0.0,21.0,03-1/029_Bordeaux_0.png,,6.0,5.0,"[(5.0, 1.083885500091128)]",33.0,"[3.2039251999231055, 4.006525099975988]",7.0,121.57590379996692,133.61783090000972,2.0,Bordeaux,133.97381879994646,136.11502909997944,"[0.38083333333333336, 0.04083333333333333]","[0.0033333333333333335, -0.275]","[0.9569416999584064, 2.1369345999555662]",136.50981249997858,,136.52376060001552,137.08119289996102,,,2.0,1.0,2026-04-10_19h57.40.117,Week4Train,60.19357051446609,2026-04-10 19h57.42.256394 +0200,15.505289099994101,12.041927100042798,2.1412103000329807,0.5713803999824449,5.0,1.0,2.0,2.0,4.0,14.0,1,1.0,13.639097529088817,9.358203989079515,0.1706706148861282,0.5425643842696928,2,1.45,1.9760155071573162,1.2
983,8,006_Brown.jpg,True,Brown,53.0,20.0,0.0,03-1/006_Brown_0.png,,7.0,5.0,"[(5.0, 0.9227419999660924)]",16.0,"[2.0661725000245497, 3.233735300018452, 4.546577800065279, 5.88447950000409]",8.0,137.4535303999437,150.59837309992872,0.0,Brown,150.9563497999916,152.61173729994334,"[0.3858333333333333, 0.03333333333333333]","[-0.005, -0.28583333333333333]","[0.7847194999922067, 1.6507362999254838]",153.00620119995438,,153.0238317999756,153.49784809991252,,,2.0,1.0,2026-04-10_19h57.40.117,Week4Train,60.19357051446609,2026-04-10 19h57.42.256394 +0200,16.044317699968815,13.14484269998502,1.655387499951729,0.49164689995814115,5.0,3.0,2.0,2.0,4.0,14.0,1,1.0,13.639097529088817,9.358203989079515,0.05281513735761305,0.5132007159330242,2,1.45,1.9632423114308655,1.2
984,9,029_Cyan.jpg,True,Cyan,2.0,100.0,88.0,01-1/029_Cyan_0.png,,8.0,5.0,"[(5.0, 1.1975818000501022)]",9.0,"[1.8653068999992684, 3.761078199953772, 30.890625900006853, 31.3944654999068, 31.836874699918553, 32.47559489996638]",9.0,153.8746234999271,190.1729109999724,2.0,Cyan,190.54085280001163,192.36096179997548,"[0.365, 0.0425]","[-0.0125, -0.27]","[1.0682782999938354, 1.8163612000644207]",192.75398689997385,,192.77200859994628,193.22020879993212,,,2.0,1.0,2026-04-10_19h57.40.117,Week4Train,60.19357051446609,2026-04-10 19h57.42.256394 +0200,39.34558530000501,36.29828750004529,1.8201089999638498,0.46622189995827057,5.0,5.0,2.0,2.0,4.0,14.0,1,1.0,13.639097529088817,9.358203989079515,-2.421318235571531,0.08156145302753881,2,1.45,1.7754792320669792,1.2
985,10,013_Teal.jpg,True,Teal,0.0,48.0,60.0,03-1/013_Teal_0.png,,9.0,5.0,"[(5.0, 1.2645524999825284)]",26.0,"[1.2301833999808878, 3.417990399990231]",10.0,193.60612259991467,209.54730849992484,2.0,Teal,209.90509639994707,211.97412279993296,"[0.38416666666666666, 0.0575]","[-0.023333333333333334, -0.25583333333333336]","[1.1367426000069827, 2.065290799946524]",212.37922539992724,,212.4045353999827,212.8422576999292,,,2.0,1.0,2026-04-10_19h57.40.117,Week4Train,60.19357051446609,2026-04-10 19h57.42.256394 +0200,19.236135100014536,15.941185900010169,2.069026399985887,0.46303230000197004,5.0,1.0,2.0,2.0,4.0,14.0,1,1.0,13.639097529088817,9.358203989079515,-0.2459968145178024,0.4388090634956933,2,1.45,1.9308819426206263,1.2
986,11,010_Red.jpg,True,Red,99.0,0.0,12.0,01-1/010_Red_0.png,,10.0,5.0,"[(5.0, 1.0861790999770164)]",10.0,"[3.109212200040929, 3.8962805999908596]",11.0,213.22780989995223,234.17292079993055,2.0,Red,234.53625080001075,236.37482019991148,"[0.4025, 0.0725]","[0.0008333333333333334, -0.3]","[0.9713131000753492, 1.8342305000405759]",236.7629313999787,,236.7871263999259,237.2790422999533,,,2.0,1.0,2026-04-10_19h57.40.117,Week4Train,60.19357051446609,2026-04-10 19h57.42.256394 +0200,24.051232400001055,20.945110899978317,1.8385693999007344,0.516110899974592,5.0,1.0,2.0,2.0,4.0,14.0,1,1.0,13.639097529088817,9.358203989079515,-0.7807067872655049,0.3141675772187275,2,1.45,1.8766628960901464,1.2
987,12,010_Brown.jpg,True,Brown,50.0,18.0,0.0,03-1/010_Brown_0.png,,11.0,5.0,"[(5.0, 0.9457365999696776)]",18.0,"[3.1479581999592483, 4.409455899964087, 5.162924099946395, 6.248148199985735, 9.479598799953237]",12.0,237.65209049999248,253.05690760002472,1.0,Brown,253.4268564999802,255.3761199999135,"[0.3908333333333333, 0.050833333333333335]","[0.013333333333333334, -0.2891666666666667]","[0.795088000013493, 1.9453385000815615]",255.7679262999445,,255.78669610002544,256.2168676999863,,,2.0,1.0,2026-04-10_19h57.40.117,Week4Train,60.19357051446609,2026-04-10 19h57.42.256394 +0200,18.56477719999384,15.404817100032233,1.949263499933295,0.44894140004183214,5.0,4.0,2.0,2.0,4.0,14.0,1,1.0,13.639097529088817,9.358203989079515,-0.1886814577886856,0.4529690806098356,2,1.45,1.9370415500652785,1.2
988,13,013_Orange.jpg,True,Orange,100.0,65.0,4.0,03-1/013_Orange_0.png,,12.0,5.0,"[(5.0, 0.9999308999394998)]",24.0,"[4.398532600025646, 10.199298899970017]",13.0,256.6038379999809,270.2827733999584,2.0,Orange,270.65814249997493,272.2414653999731,"[0.36833333333333335, 0.0825]","[-0.010833333333333334, -0.2891666666666667]","[0.8811158000025898, 1.5788151999004185]",272.6489953999408,,272.66966709995177,273.253506799927,,,2.0,1.0,2026-04-10_19h57.40.117,Week4Train,60.19357051446609,2026-04-10 19h57.42.256394 +0200,16.649668799946085,13.67893539997749,1.5833228999981657,0.6045113999861655,5.0,1.0,2.0,2.0,4.0,14.0,1,1.0,13.639097529088817,9.358203989079515,-0.004256999626761932,0.49893575170050547,2,1.45,1.9570370519897196,1.2
989,14,006_Pink.jpg,True,Pink,100.0,0.0,50.0,02-1/006_Pink_0.png,,13.0,5.0,"[(5.0, 1.0168965000193566)]",8.0,"[1.8016840999480337, 2.816296000033617]",14.0,273.63001189997885,283.0695101999445,2.0,Pink,283.4396381999832,285.10635579994414,"[0.37416666666666665, 0.060833333333333336]","[-0.01, -0.28]","[0.8960073000052944, 1.6624728000024334]",285.4920846999157,,285.5188610999612,285.9504535999149,,,2.0,1.0,2026-04-10_19h57.40.117,Week4Train,60.19357051446609,2026-04-10 19h57.42.256394 +0200,12.320441699936055,9.439498299965635,1.6667175999609185,0.4583688999991864,5.0,1.0,2.0,2.0,4.0,14.0,1,1.0,13.639097529088817,9.358203989079515,0.4487612403003688,0.6103446673971824,2,1.45,2.0054999303177743,1.2
990,15,011_Orange.jpg,True,Orange,99.0,48.0,0.0,02-1/011_Orange_0.png,,14.0,5.0,"[(5.0, 1.1139733999734744)]",3.0,"[1.8823254000162706, 10.008314799983054]",15.0,286.3242771999212,302.1242278999416,2.0,Orange,302.48598519992083,304.29073469992727,"[0.37666666666666665, 0.08166666666666667]","[0.018333333333333333, -0.2625]","[0.9990776999620721, 1.8011981999734417]",304.6732906999532,,304.68452759995125,305.05037489999086,,,2.0,1.0,2026-04-10_19h57.40.117,Week4Train,60.19357051446609,2026-04-10 19h57.42.256394 +0200,18.72609770006966,15.799950700020418,1.8047495000064373,0.3770842000376433,5.0,1.0,2.0,2.0,4.0,14.0,1,1.0,13.639097529088817,9.358203989079515,-0.23090468784963356,0.44252894996261105,2,1.45,1.9325000932337357,1.2
991,16,013_Grey.jpg,True,Grey,47.0,53.0,50.0,03-1/013_Grey_0.png,,15.0,5.0,"[(5.0, 1.080045299953781)]",23.0,"[2.1224884999683127, 3.9622630999656394]",16.0,305.4258367000148,315.9503485999303,2.0,Grey,316.3204402999254,318.5874765999615,"[0.38083333333333336, 0.01]","[0.004166666666666667, -0.30333333333333334]","[0.9633598000509664, 2.2633701999438927]",318.9931136999512,,319.0179862999357,319.4915722999722,,,2.0,1.0,2026-04-10_19h57.40.117,Week4Train,60.19357051446609,2026-04-10 19h57.42.256394 +0200,14.06573559995735,10.524511899915467,2.267036300036125,0.4984586000209674,5.0,1.0,2.0,2.0,4.0,14.0,1,1.0,13.639097529088817,9.358203989079515,0.33281873667296547,0.5824450604196628,2,1.45,1.9933636012825533,1.2
992,17,011_Brown.jpg,True,Brown,50.0,15.0,0.0,03-1/011_Brown_0.png,,16.0,5.0,"[(5.0, 1.0790206000674516)]",19.0,"[3.4958512000739574, 5.118347099982202, 6.203168799984269, 7.134969500009902, 8.511510699987411]",17.0,319.8850348999258,333.70940569997765,1.0,Brown,334.07344089995604,336.23692850000225,"[0.3675, 0.050833333333333335]","[-0.010833333333333334, -0.27666666666666667]","[0.9289041999727488, 2.1601259999442846]",336.6220186999999,,336.6500126000028,337.3243489000015,,,2.0,1.0,2026-04-10_19h57.40.117,Week4Train,60.19357051446609,2026-04-10 19h57.42.256394 +0200,17.439314000075683,13.824370800051838,2.16348760004621,0.7023302000015974,5.0,4.0,2.0,2.0,4.0,14.0,1,1.0,13.639097529088817,9.358203989079515,-0.019797951741512006,0.4950506737246033,2,1.45,1.9553470430702022,1.2
993,18,030_Seafoam.jpg,True,Seafoam,0.0,99.0,67.0,02-1/030_Seafoam_0.png,,17.0,5.0,"[(5.0, 0.7356403999729082)]",14.0,"[1.516407800023444, 5.38933079992421]",18.0,337.7032010999974,355.8175788000226,2.0,Seafoam,356.1856733999448,357.9530569999479,"[0.3616666666666667, 0.05]","[-0.011666666666666667, -0.2866666666666667]","[0.6136241999920458, 1.7633041000226513]",358.34083220001776,,358.36606399994344,359.066242299974,,,2.0,1.0,2026-04-10_19h57.40.117,Week4Train,60.19357051446609,2026-04-10 19h57.42.256394 +0200,21.363041199976635,18.114377700025216,1.767383600003086,0.7254100999562638,5.0,1.0,2.0,2.0,4.0,14.0,1,1.0,13.639097529088817,9.358203989079515,-0.4782199849627977,0.38267253786572025,2,1.45,1.9064625539715883,1.2
994,19,022_Cyan.jpg,True,Cyan,0.0,96.0,90.0,01-t/022_Cyan_0.png,,18.0,5.0,"[(5.0, 0.9178094000089914)]",1.0,"[1.4469123999588192, 2.9534180999035016, 8.96895039989613, 9.508122499915771, 10.304235499934293, 13.795640399912372]",19.0,359.4430451999651,377.1229584999383,2.0,Cyan,377.4828808999155,379.0848964999896,"[0.38, 0.060833333333333336]","[-0.025, -0.2775]","[0.7998133000219241, 1.5979714000131935]",379.4767940000165,,379.4986327999504,380.0110648999689,,,2.0,1.0,2026-04-10_19h57.40.117,Week4Train,60.19357051446609,2026-04-10 19h57.42.256394 +0200,20.568019700003788,17.67991329997318,1.6020156000741395,0.5342708999523893,5.0,5.0,2.0,2.0,4.0,14.0,1,1.0,13.639097529088817,9.358203989079515,-0.43179393990553766,0.39369803674476694,2,1.45,1.9112586459839733,1.2
995,20,032_Bordeaux.jpg,True,Bordeaux,50.0,0.0,18.0,03-1/032_Bordeaux_0.png,,19.0,5.0,"[(5.0, 0.9331004000268877)]",37.0,"[3.183521799976006, 3.8384260999737307]",20.0,380.3956974999746,391.4583454999374,2.0,Teal,391.8143011999782,393.6563972999575,"[0.35083333333333333, 0.06166666666666667]","[0.0033333333333333335, -0.2825]","[0.8507632999680936, 1.8381382999941707]",394.0475645000115,394.1479846999282,399.8154564999277,400.8059730000096,,,2.0,1.0,2026-04-10_19h57.40.117,Week4Train,60.19357051446609,2026-04-10 19h57.42.256394 +0200,20.410275500035027,11.062647999962849,1.842096099979301,6.758408499998097,-5.0,1.0,2.0,2.0,4.0,14.0,0,1.0,13.639097529088817,9.358203989079515,0.2753145295969757,0.5683971461140522,0,1.45,0.5372527585596127,0.2
996,21,031_Bordeaux.jpg,True,Bordeaux,47.0,5.0,21.0,03-1/031_Bordeaux_0.png,,20.0,5.0,"[(5.0, 1.500441399984993)]",35.0,"[3.1431046000216156, 3.9533971999771893]",21.0,401.1698504999513,417.8814297999488,2.0,Bordeaux,418.2449052999728,420.7175395999802,"[0.35833333333333334, 0.0375]","[-0.008333333333333333, -0.27]","[1.3561479001073167, 2.469140800065361]",421.0936734999996,,421.113501499989,421.5567574999295,,,2.0,1.0,2026-04-10_19h57.40.117,Week4Train,60.19357051446609,2026-04-10 19h57.42.256394 +0200,20.386906999978237,16.71157929999754,2.472634300007428,0.4630839999298928,5.0,1.0,2.0,2.0,4.0,14.0,1,1.0,13.639097529088817,9.358203989079515,-0.32831959791581067,0.41864954695591655,2,1.45,1.9221125529258236,1.2
997,22,019_Teal.jpg,True,Teal,0.0,44.0,49.0,03-1/019_Teal_0.png,,21.0,5.0,"[(5.0, 1.0135353999212384)]",29.0,"[1.2778447000309825, 3.411097100004554]",22.0,421.9289461999433,434.3199021000182,2.0,Teal,434.7017088999273,436.5847998999525,"[0.39, 0.0625]","[0.016666666666666666, -0.2833333333333333]","[0.8804611000232399, 1.879591800039634]",436.97102950001135,,436.9962056999793,437.5634010999929,,,2.0,1.0,2026-04-10_19h57.40.117,Week4Train,60.19357051446609,2026-04-10 19h57.42.256394 +0200,15.634454900049604,12.390955900074914,1.8830910000251606,0.5923715999815613,5.0,1.0,2.0,2.0,4.0,14.0,1,1.0,13.639097529088817,9.358203989079515,0.13337405665343607,0.5332941739530155,2,1.45,1.9719829656695615,1.2
998,23,008_Purple.jpg,True,Purple,52.0,0.0,99.0,01-1/008_Purple_0.png,,22.0,5.0,"[(5.0, 1.0002713999710977)]",6.0,"[3.1356335999444127, 3.9083393999608234]",23.0,437.9489454999566,452.0492899999954,2.0,Purple,452.416738800006,454.3504879999673,"[0.38416666666666666, 0.06666666666666667]","[0.013333333333333334, -0.25333333333333335]","[0.8791763000190258, 1.9291992000071332]",454.7358224999625,,454.76232999993954,455.372492399998,,,2.0,1.0,2026-04-10_19h57.40.117,Week4Train,60.19357051446609,2026-04-10 19h57.42.256394 +0200,17.4235469000414,14.100344500038773,1.9337491999613121,0.6366699000354856,5.0,1.0,2.0,2.0,4.0,14.0,1,1.0,13.639097529088817,9.358203989079515,-0.04928797998934461,0.4876804988871337,2,1.45,1.952141017015903,1.2
999,24,021_Grey.jpg,True,Grey,47.0,51.0,57.0,03-1/021_Grey_0.png,,23.0,5.0,"[(5.0, 1.1252967999316752)]",31.0,"[8.119990599923767, 9.294974399963394]",24.0,455.740800099913,471.7548247999512,2.0,Grey,472.1250198999187,474.0649554999545,"[0.37166666666666665, 0.03333333333333333]","[0.008333333333333333, -0.2783333333333333]","[0.9720307999523357, 1.9358138999668881]",474.4539361000061,,474.4780566999689,474.9967484999215,,,2.0,1.0,2026-04-10_19h57.40.117,Week4Train,60.19357051446609,2026-04-10 19h57.42.256394 +0200,19.25594840000855,16.01402470003825,1.9399356000358239,0.5428123999154195,5.0,1.0,2.0,2.0,4.0,14.0,1,1.0,13.639097529088817,9.358203989079515,-0.25378023109143966,0.43689327515100157,2,1.45,1.9300485746906857,1.2
1000,25,011_Teal.jpg,True,Teal,0.0,45.0,54.0,03-1/011_Teal_0.png,,24.0,5.0,"[(5.0, 0.8288262999849394)]",20.0,"[1.2506794000510126, 2.865261200000532]",25.0,475.3701711000176,485.63620920002,2.0,Teal,486.0013286999893,487.5653458000161,"[0.36, 0.06]","[0.013333333333333334, -0.2725]","[0.6814073999412358, 1.5598598999204114]",487.9643104999559,,487.99396769993473,488.6207820000127,,,2.0,1.0,2026-04-10_19h57.40.117,Week4Train,60.19357051446609,2026-04-10 19h57.42.256394 +0200,13.250610899995081,10.26603810000239,1.5640171000267742,0.6564715000567958,5.0,1.0,2.0,2.0,4.0,14.0,1,1.0,13.639097529088817,9.358203989079515,0.3604387586573869,0.5891466410061897,2,1.45,1.9962787888376925,1.2
1001,26,016_Brown.jpg,True,Brown,52.0,18.0,0.0,03-1/016_Brown_0.png,,25.0,5.0,"[(5.0, 1.0388883000705391)]",27.0,"[1.6534175999695435, 3.0324913999065757, 3.9763741999631748, 5.080219900002703, 8.599817899987102]",26.0,488.99748239992186,502.5665205999976,1.0,Brown,502.92869209998753,504.8531057999935,"[0.3525, 0.03]","[0.016666666666666666, -0.29583333333333334]","[0.8525207000784576, 1.920180800021626]",505.2388470999431,,505.2604596000165,505.7032710999483,,,2.0,1.0,2026-04-10_19h57.40.117,Week4Train,60.19357051446609,2026-04-10 19h57.42.256394 +0200,16.70578870002646,13.569038200075738,1.924413700005971,0.46442400000523776,5.0,4.0,2.0,2.0,4.0,14.0,1,1.0,13.639097529088817,9.358203989079515,0.007486407551580822,0.5018715931465811,2,1.45,1.9583141430187627,1.2
1002,27,029_Teal.jpg,True,Teal,0.0,47.0,43.0,03-1/029_Teal_0.png,,26.0,5.0,"[(5.0, 1.0139417999889702)]",34.0,"[1.0858115999726579, 2.706991699989885]",27.0,506.0930481000105,514.9352930999594,2.0,Teal,515.29896559997,517.0810297999997,"[0.3575, 0.06666666666666667]","[-0.0033333333333333335, -0.25666666666666665]","[0.8475312000373378, 1.777860700036399]",517.4811042000074,,517.51026739995,517.9049078000244,,,2.0,1.0,2026-04-10_19h57.40.117,Week4Train,60.19357051446609,2026-04-10 19h57.42.256394 +0200,11.811859700013883,8.842244999948889,1.7820642000297084,0.42380360001698136,5.0,1.0,2.0,2.0,4.0,14.0,1,1.0,13.639097529088817,9.358203989079515,0.5125825996887414,0.6254117007074572,2,1.45,2.012054089807744,1.2
1003,28,031_Grey.jpg,True,Grey,45.0,49.0,57.0,03-1/031_Grey_0.png,,27.0,5.0,"[(5.0, 0.9496034999610856)]",36.0,"[1.5073182999622077, 2.719302300014533]",28.0,518.2842309999978,523.8239700000267,2.0,Grey,524.2043572999537,526.0471628999803,"[0.38166666666666665, 0.05]","[0.004166666666666667, -0.2683333333333333]","[0.7912217000266537, 1.8382049000356346]",526.4525935000274,,526.4762497999473,527.2211529000197,,,2.0,1.0,2026-04-10_19h57.40.117,Week4Train,60.19357051446609,2026-04-10 19h57.42.256394 +0200,8.936921900021844,5.539739000028931,1.8428056000266224,0.7685593999922276,5.0,1.0,2.0,2.0,4.0,14.0,1,1.0,13.639097529088817,9.358203989079515,0.8654821521855445,0.7038047590655941,2,1.45,2.0461550701935334,1.2
1004,29,007_Cyan.jpg,True,Cyan,1.0,89.0,99.0,01-1/007_Cyan_0.png,,28.0,5.0,"[(5.0, 0.9216682000551373)]",5.0,"[1.3961160999024287, 4.092391100013629, 10.958592999959365, 11.443098299903795, 11.980515299947001, 12.731485099997371]",29.0,527.6027846999932,546.6818468000274,2.0,Cyan,547.048776499927,548.516508199973,"[0.37666666666666665, 0.050833333333333335]","[-0.005, -0.29]","[0.7432820999529213, 1.4633673999924213]",548.9020721999696,,548.9253696999513,550.485458399984,,,2.0,1.0,2026-04-10_19h57.40.117,Week4Train,60.19357051446609,2026-04-10 19h57.42.256394 +0200,22.882673699990846,19.079062100034207,1.467731700045988,1.5833862000145018,5.0,5.0,2.0,2.0,4.0,14.0,1,1.0,13.639097529088817,9.358203989079515,-0.5813043375944269,0.35863252085762704,2,1.45,1.8960051465730676,1.2
1005,30,008_Orange.jpg,True,Orange,100.0,53.0,0.0,02-1/008_Orange_0.png,,29.0,5.0,"[(5.0, 0.8563450999790803)]",2.0,"[0.15865669993218035, 2.9073110999306664, 3.7197762000141665, 4.404303599963896, 5.721232899930328]",30.0,550.8613165999996,564.8450191000011,1.0,Orange,565.2180992999347,566.7638064000057,"[0.37916666666666665, 0.049166666666666664]","[0.025833333333333333, -0.25833333333333336]","[0.7109481999650598, 1.5416599999880418]",567.1579975999193,,567.1748428000137,567.8048534999834,,,2.0,1.0,2026-04-10_19h57.40.117,Week4Train,60.19357051446609,2026-04-10 19h57.42.256394 +0200,16.943536899983883,13.983702500001527,1.545707100071013,0.6468559000641108,5.0,4.0,2.0,2.0,4.0,14.0,1,1.0,13.639097529088817,9.358203989079515,-0.03682383620990147,0.49079508107595454,2,1.45,1.95349586026804,1.2
1006,31,018_Purple.jpg,True,Purple,51.0,2.0,100.0,01-1/018_Purple_0.png,,30.0,5.0,"[(5.0, 0.9946234999224544)]",7.0,"[2.731027099885978, 3.523538799956441]",31.0,568.1929256999865,581.4992684000172,2.0,Purple,581.8831225999165,583.6294894999592,"[0.36666666666666664, 0.03333333333333333]","[0.0075, -0.2833333333333333]","[0.8246452999301255, 1.7423391999909654]",584.017177999951,,584.0410518000135,584.431959999958,,,2.0,1.0,2026-04-10_19h57.40.117,Week4Train,60.19357051446609,2026-04-10 19h57.42.256394 +0200,16.239034299971536,13.306342700030655,1.7463669000426307,0.41478200000710785,5.0,1.0,2.0,2.0,4.0,14.0,1,1.0,13.639097529088817,9.358203989079515,0.0355575524370347,0.508888451627259,2,1.45,1.9613664764578576,1.2
1007,32,024_Grey.jpg,True,Grey,42.0,49.0,52.0,03-1/024_Grey_0.png,,31.0,5.0,"[(5.0, 0.8304261000594124)]",32.0,"[2.0021345999557525, 3.243819799972698]",32.0,584.807803499978,591.9596902999328,2.0,Grey,592.326835099957,594.3942503000144,"[0.3591666666666667, 0.034166666666666665]","[0.03, -0.2675]","[0.6687573000090197, 2.0639072000049055]",594.7983524999581,,594.8244643999496,595.2819457999431,,,2.0,1.0,2026-04-10_19h57.40.117,Week4Train,60.19357051446609,2026-04-10 19h57.42.256394 +0200,10.474142299965024,7.151886799954809,2.0674152000574395,0.48359329998493195,5.0,1.0,2.0,2.0,4.0,14.0,1,1.0,13.639097529088817,9.358203989079515,0.6932110837404495,0.6666808672221971,2,1.45,2.0300061772416558,1.2
1008,33,006_Teal.jpg,True,Teal,0.0,46.0,53.0,03-1/006_Teal_0.png,,32.0,5.0,"[(5.0, 0.9951008000643924)]",17.0,"[1.301534999976866, 2.6412550000241026]",33.0,595.6569673999911,606.6158356999513,2.0,Teal,606.9794858000241,609.0621100999415,"[0.36083333333333334, 0.06]","[0.006666666666666667, -0.2816666666666667]","[0.8268954999512061, 2.078030699980445]",609.4513651999878,,609.4729934999486,610.1828509999905,,,2.0,1.0,2026-04-10_19h57.40.117,Week4Train,60.19357051446609,2026-04-10 19h57.42.256394 +0200,14.52588359999936,10.958868299960159,2.08262429991737,0.7314858000027016,5.0,1.0,2.0,2.0,4.0,14.0,1,1.0,13.639097529088817,9.358203989079515,0.286404232292471,0.5711156024579573,2,1.45,1.9884352870692112,1.2
1009,34,013_Seafoam.jpg,True,Seafoam,9.0,100.0,59.0,03-1/013_Seafoam_0.png,,33.0,5.0,"[(5.0, 1.1159104000544176)]",25.0,"[1.7100672000087798, 3.9654967999085784]",34.0,610.5496832999634,627.0976752999704,2.0,Seafoam,627.4565727999434,629.3085848999908,"[0.3775, 0.07416666666666667]","[0.008333333333333333, -0.2866666666666667]","[0.9367152999620885, 1.8479100000113249]",629.7080689999275,,629.7229056999786,630.2611924000084,,,2.0,1.0,2026-04-10_19h57.40.117,Week4Train,60.19357051446609,2026-04-10 19h57.42.256394 +0200,19.711509100045078,16.54799200000707,1.8520121000474319,0.5531234000809491,5.0,1.0,2.0,2.0,4.0,14.0,1,1.0,13.639097529088817,9.358203989079515,-0.3108389680661766,0.42290996950024423,2,1.45,1.923965836732606,1.2
1010,35,028_Blue.jpg,True,Blue,0.0,9.0,96.0,01-1/028_Blue_0.png,,34.0,5.0,"[(5.0, 1.4785451999632642)]",12.0,"[1.162113600061275, 3.79410659999121]",35.0,630.651196599938,641.1342574999435,2.0,Blue,641.5052754000062,643.8084693999263,"[0.38166666666666665, 0.0]","[0.011666666666666667, -0.26916666666666667]","[1.3669349000556394, 2.299331200076267]",644.1941264999332,,644.2218438999262,644.6353199000005,,,2.0,1.0,2026-04-10_19h57.40.117,Week4Train,60.19357051446609,2026-04-10 19h57.42.256394 +0200,13.984123300062492,10.483060900005512,2.3031939999200404,0.44119340006727725,5.0,1.0,2.0,2.0,4.0,14.0,1,1.0,13.639097529088817,9.358203989079515,0.33724811221963297,0.583521902006337,2,1.45,1.9938320273727566,1.2
1011,36,019_Brown.jpg,True,Brown,50.0,17.0,0.0,03-1/019_Brown_0.png,,35.0,5.0,"[(5.0, 1.0717411000514403)]",28.0,"[1.5147186000831425, 2.696136699989438, 3.523331500007771, 4.629545200034045]",36.0,645.028823499917,655.4155620000092,0.0,Brown,655.7851865999401,658.041930599953,"[0.37916666666666665, 0.0125]","[0.0025, -0.29333333333333333]","[0.9032441000454128, 2.253118699998595]",658.4304251999129,,658.4546211999841,658.8824606999988,,,2.0,1.0,2026-04-10_19h57.40.117,Week4Train,60.19357051446609,2026-04-10 19h57.42.256394 +0200,13.853637200081721,10.386738500092179,2.2567440000129864,0.45203550008591264,5.0,3.0,2.0,2.0,4.0,14.0,1,1.0,13.639097529088817,9.358203989079515,0.3475409419149181,0.5860211369973121,2,1.45,1.9949191945938307,1.2
1012,37,014_Pink.jpg,True,Pink,100.0,9.0,40.0,02-1/014_Pink_0.png,,36.0,5.0,"[(5.0, 0.9795305000152439)]",4.0,"[1.7364898000378162, 3.1085636999923736]",37.0,659.2805128999753,672.4100206999574,2.0,Pink,672.7708091000095,674.3436673999531,"[0.37166666666666665, -0.008333333333333333]","[-0.0033333333333333335, -0.2991666666666667]","[0.8366555999964476, 1.5690235999645665]",674.7398154999828,,674.7710295999423,675.4028070999775,,,2.0,1.0,2026-04-10_19h57.40.117,Week4Train,60.19357051446609,2026-04-10 19h57.42.256394 +0200,16.122294200002216,13.129507799982093,1.5728582999436185,0.6629915999947116,5.0,1.0,2.0,2.0,4.0,14.0,1,1.0,13.639097529088817,9.358203989079515,0.05445379580327436,0.5136100860467407,2,1.45,1.9634203874303322,1.2
1013,38,006_Bordeaux.jpg,True,Bordeaux,51.0,0.0,12.0,03-1/006_Bordeaux_0.png,,37.0,5.0,"[(5.0, 0.9335752999177203)]",15.0,"[1.3236901999916881, 2.3337906000670046, 3.9625198000576347, 4.820496900007129, 5.980755200027488, 6.480773100047372]",38.0,675.7992203999311,687.4259021999314,2.0,Bordeaux,687.7971249999246,689.524968200014,"[0.3675, -0.018333333333333333]","[-0.009166666666666667, -0.30583333333333335]","[0.8070370999630541, 1.7238981999689713]",689.9295760999667,,689.9542512999615,690.314064099919,,,2.0,1.0,2026-04-10_19h57.40.117,Week4Train,60.19357051446609,2026-04-10 19h57.42.256394 +0200,14.514843699987978,11.62668180000037,1.72784320008941,0.38448799995239824,5.0,5.0,2.0,2.0,4.0,14.0,1,1.0,13.639097529088817,9.358203989079515,0.2150429432225265,0.553554515816293,2,1.45,1.9807962143800875,1.2
1014,1,028_Blue.jpg,True,Blue,0.0,9.0,96.0,01-1/028_Blue_0.png,,0.0,5.0,"[(5.0, 1.3335421999945538)]",4.0,"[2.6415859999979148, 3.2179333999956725]",1.0,164.6682781999989,171.08982670000114,2.0,Blue,171.46841410000343,173.41014330000326,"[0.36, 0.010833333333333334]","[0.0225, -0.29333333333333333]","[1.1896152999979677, 1.9394561000081012]",173.78144520000205,,173.80738679999197,174.41545990000304,,,2.0,2.0,2026-04-16_19h27.37.383,Week4Train,59.52618348549189,2026-04-16 19h27.38.734524 +0200,9.747181700004148,6.421548500002245,1.941729199999827,0.6340147000009893,5.0,1.0,2.0,2.0,4.0,14.0,1,1.0,13.639097529088817,9.358203989079515,0.7712536548155005,0.6837920220337561,2,1.45,2.0374495295846837,1.2
1015,2,032_Bordeaux.jpg,True,Bordeaux,50.0,0.0,18.0,03-1/032_Bordeaux_0.png,,1.0,5.0,"[(5.0, 1.1477423000033014)]",35.0,"[2.1301273999997647, 2.7497917999862693]",2.0,174.77286399999866,188.611883199992,2.0,Bordeaux,188.9689107000013,191.54664390000107,"[0.355, 0.014166666666666666]","[0.0008333333333333334, -0.29083333333333333]","[1.0266458999976749, 2.575507400004426]",191.916232699994,,191.94023809999635,192.965632499996,,,2.0,2.0,2026-04-16_19h27.37.383,Week4Train,59.52618348549189,2026-04-16 19h27.38.734524 +0200,18.192768499997328,13.839019199993345,2.577733199999784,1.0493998000019928,5.0,1.0,2.0,2.0,4.0,14.0,1,1.0,13.639097529088817,9.358203989079515,-0.021363252087454522,0.4946593900926878,2,1.45,1.955176834690319,1.2
1016,3,010_Red.jpg,True,Red,99.0,0.0,12.0,01-1/010_Red_0.png,,2.0,5.0,"[(5.0, 1.1480336999957217)]",2.0,"[2.7866309999953955, 3.464417399998638]",3.0,193.3245836999995,207.6354519000015,2.0,Red,208.0029598999972,209.9249095999985,"[0.3883333333333333, -0.0075]","[0.006666666666666667, -0.31333333333333335]","[1.0022220999962883, 1.9187884999992093]",210.30420179999783,,210.32154009999067,210.74693300000217,,,2.0,2.0,2026-04-16_19h27.37.383,Week4Train,59.52618348549189,2026-04-16 19h27.38.734524 +0200,17.42234930000268,14.310868200002005,1.9219497000013064,0.44273120000434574,5.0,1.0,2.0,2.0,4.0,14.0,1,1.0,13.639097529088817,9.358203989079515,-0.07178414487407052,0.48206166608493806,2,1.45,1.949696824746948,1.2
1017,4,010_Pink.jpg,True,Pink,98.0,0.0,52.0,02-1/010_Pink_0.png,,3.0,5.0,"[(5.0, 0.9985554000013508)]",8.0,"[1.1325706000061473, 1.7102882000035606]",4.0,211.11095479999491,218.5570076000004,2.0,Pink,218.92074929999944,220.5584680000029,"[0.39166666666666666, 0.03916666666666667]","[-0.006666666666666667, -0.28583333333333333]","[0.8846007999964058, 1.6342619999923045]",220.9406605999975,,220.95525559999805,221.48149130000093,,,2.0,2.0,2026-04-16_19h27.37.383,Week4Train,59.52618348549189,2026-04-16 19h27.38.734524 +0200,10.370536500006011,7.446052800005475,1.637718700003461,0.5408307000034256,5.0,1.0,2.0,2.0,4.0,14.0,1,1.0,13.639097529088817,9.358203989079515,0.6617770606742777,0.6596594674311584,2,1.45,2.026951868332554,1.2
1018,5,008_Purple.jpg,True,Purple,52.0,0.0,99.0,01-1/008_Purple_0.png,,4.0,5.0,"[(5.0, 0.9838740999985021)]",1.0,"[2.3363052000058815, 2.82505630000378]",5.0,221.8409799999936,232.2380921000004,2.0,Purple,232.5981518000044,234.2258090999967,"[0.4008333333333333, 0.043333333333333335]","[0.030833333333333334, -0.26916666666666667]","[0.889253400004236, 1.6242434000014327]",234.59619640000165,,234.60456500000143,235.18054269999263,,,2.0,2.0,2026-04-16_19h27.37.383,Week4Train,59.52618348549189,2026-04-16 19h27.38.734524 +0200,13.339562699999021,10.39711210000678,1.6276572999923076,0.5843462999909832,5.0,1.0,2.0,2.0,4.0,14.0,1,1.0,13.639097529088817,9.358203989079515,0.34643243862446765,0.5857521880775578,2,1.45,1.9948022018137377,1.2
1019,6,014_Pink.jpg,True,Pink,100.0,9.0,40.0,02-1/014_Pink_0.png,,5.0,5.0,"[(5.0, 0.8661071000096854)]",11.0,"[2.6450251000060234, 3.8930443999997806]",6.0,235.54017409999503,246.2497639999929,2.0,Pink,246.6197129999928,248.24244600000384,"[0.35, -0.0225]","[0.0008333333333333334, -0.30916666666666665]","[0.7546093999990262, 1.6189123999938602]",248.62362650000432,,248.637183800005,249.02776489999087,,,2.0,2.0,2026-04-16_19h27.37.383,Week4Train,59.52618348549189,2026-04-16 19h27.38.734524 +0200,13.487590799995843,10.709589899997866,1.6227330000110385,0.4041383999865502,5.0,1.0,2.0,2.0,4.0,14.0,1,1.0,13.639097529088817,9.358203989079515,0.313041651208877,0.5776275195340959,2,1.45,1.9912679709973315,1.2
1020,7,006_Pink.jpg,True,Pink,100.0,0.0,50.0,02-1/006_Pink_0.png,,6.0,5.0,"[(5.0, 1.131976400007261)]",6.0,"[1.6470561000023736, 2.304646499993396]",7.0,249.39355989999603,258.727876799996,2.0,Pink,259.0860585000046,261.65680889999203,"[0.3725, 0.0016666666666666668]","[0.0008333333333333334, -0.28]","[1.0183953999949154, 2.5681474000011804]",262.0207698000013,,262.0363876000047,262.5778713000036,,,2.0,2.0,2026-04-16_19h27.37.383,Week4Train,59.52618348549189,2026-04-16 19h27.38.734524 +0200,13.184311400007573,9.334316899999976,2.570750399987446,0.5571015000023181,5.0,1.0,2.0,2.0,4.0,14.0,1,1.0,13.639097529088817,9.358203989079515,0.460000726006002,0.613014348368125,2,1.45,2.006661241540134,1.2
1021,8,013_Seafoam.jpg,True,Seafoam,9.0,100.0,59.0,03-1/013_Seafoam_0.png,,7.0,5.0,"[(5.0, 0.8136258000013186)]",23.0,"[1.4216942000057315, 3.0412212000082945]",8.0,262.9320152,274.7375820000016,2.0,Seafoam,275.10493970000243,276.63975740000024,"[0.37916666666666665, 0.056666666666666664]","[0.0016666666666666668, -0.2841666666666667]","[0.697935400006827, 1.5310752999939723]",277.0122190999973,,277.0190290000028,277.828808899998,,,2.0,2.0,2026-04-16_19h27.37.383,Week4Train,59.52618348549189,2026-04-16 19h27.38.734524 +0200,14.896793699998,11.8055668000016,1.5348176999978023,0.8165898000007132,5.0,1.0,2.0,2.0,4.0,14.0,1,1.0,13.639097529088817,9.358203989079515,0.19592763004812053,0.548825815049496,2,1.45,1.9787392295465307,1.2
1022,9,006_Brown.jpg,True,Brown,53.0,20.0,0.0,03-1/006_Brown_0.png,,8.0,5.0,"[(5.0, 1.2974086000031093)]",14.0,"[3.5376462999993237, 3.955502600001637, 5.294561900009285, 6.599879600005806, 8.0460366000043]",9.0,278.192833699999,294.9561632999976,1.0,Brown,295.32164130000456,297.6591499999922,"[0.365, 0.0325]","[0.0075, -0.29333333333333333]","[1.1808142999943811, 2.3342158000014024]",298.02909640000144,,298.0527663999965,298.6441793999984,,,2.0,2.0,2026-04-16_19h27.37.383,Week4Train,59.52618348549189,2026-04-16 19h27.38.734524 +0200,20.451345699999365,16.7633295999986,2.3375086999876658,0.6150829999969574,5.0,4.0,2.0,2.0,4.0,14.0,1,1.0,13.639097529088817,9.358203989079515,-0.3338495372141472,0.4173042673155291,2,1.45,1.9215273562822548,1.2
1023,10,013_Teal.jpg,True,Teal,0.0,48.0,60.0,03-1/013_Teal_0.png,,9.0,5.0,"[(5.0, 0.8314114000095287)]",24.0,"[1.335248400006094, 3.3946208999986993]",10.0,299.00243029999547,311.8112930999923,2.0,Teal,312.1655587999994,313.788667899993,"[0.385, 0.030833333333333334]","[-0.006666666666666667, -0.305]","[0.7364816000044812, 1.6197438000090187]",314.1628467999981,,314.18470919999527,314.6440614000021,,,2.0,2.0,2026-04-16_19h27.37.383,Week4Train,59.52618348549189,2026-04-16 19h27.38.734524 +0200,15.641631100006634,12.80886279999686,1.6231090999935986,0.48121460000402294,5.0,1.0,2.0,2.0,4.0,14.0,1,1.0,13.639097529088817,9.358203989079515,0.08871731478185275,0.5221647927848754,2,1.45,1.9671416848614207,1.2
1024,11,029_Teal.jpg,True,Teal,0.0,47.0,43.0,03-1/029_Teal_0.png,,10.0,5.0,"[(5.0, 0.8160525999992387)]",32.0,"[1.3208335999952396, 3.1325849999993807]",11.0,315.0063455999916,326.5053828999953,2.0,Teal,326.8670470999932,328.90513729999657,"[0.39416666666666667, 0.06333333333333334]","[0.028333333333333332, -0.2925]","[0.6874121000000741, 2.035162100000889]",329.27318899999955,,329.284379100005,329.8090330999985,,,2.0,2.0,2026-04-16_19h27.37.383,Week4Train,59.52618348549189,2026-04-16 19h27.38.734524 +0200,14.802687500006869,11.499037300003693,2.038090200003353,0.5358440999989398,5.0,1.0,2.0,2.0,4.0,14.0,1,1.0,13.639097529088817,9.358203989079515,0.22868279336317646,0.5569228453818028,2,1.45,1.982261437741084,1.2
1025,12,008_Orange.jpg,True,Orange,100.0,53.0,0.0,02-1/008_Orange_0.png,,11.0,5.0,"[(5.0, 1.1987994000082836)]",7.0,"[1.3312941000040155, 8.76210780000838]",12.0,330.1711370999983,342.2074253000028,2.0,Orange,342.5666004999948,344.52063509999425,"[0.38916666666666666, -0.004166666666666667]","[-0.02, -0.31083333333333335]","[1.0507872000016505, 1.950065099998028]",344.89809269999387,,344.9161877000006,345.45749349999824,,,2.0,2.0,2026-04-16_19h27.37.383,Week4Train,59.52618348549189,2026-04-16 19h27.38.734524 +0200,15.286356399999931,12.036288200004492,1.9540345999994315,0.5594008000043686,5.0,1.0,2.0,2.0,4.0,14.0,1,1.0,13.639097529088817,9.358203989079515,0.1712731770919624,0.54271392930304,2,1.45,1.976080559246822,1.2
1026,13,011_Teal.jpg,True,Teal,0.0,45.0,54.0,03-1/011_Teal_0.png,,12.0,5.0,"[(5.0, 0.9136848999914946)]",18.0,"[1.636358800009475, 4.450738700004877]",13.0,345.8233826999931,355.8674652999907,2.0,Teal,356.2319269,358.15281149999646,"[0.375, 0.08583333333333333]","[0.0016666666666666668, -0.255]","[0.7692705999943428, 1.9191437999979826]",358.5343700999947,,358.54950569999346,359.25890960000106,,,2.0,2.0,2026-04-16_19h27.37.383,Week4Train,59.52618348549189,2026-04-16 19h27.38.734524 +0200,13.435526900007972,10.044082599997637,1.920884599996441,0.7245395000063581,5.0,1.0,2.0,2.0,4.0,14.0,1,1.0,13.639097529088817,9.358203989079515,0.3841565040991151,0.5948752087336987,2,1.45,1.9987707157991588,1.2
1027,14,021_Grey.jpg,True,Grey,47.0,51.0,57.0,03-1/021_Grey_0.png,,13.0,5.0,"[(5.0, 0.8487525000091409)]",29.0,"[2.0497021000046516, 3.0961549000057857]",14.0,359.6227693999972,367.94970369999646,2.0,Grey,368.3164867000014,370.2026717999979,"[0.3641666666666667, 0.051666666666666666]","[0.01, -0.2775]","[0.7324971999914851, 1.8823006000020541]",370.5816145999997,,370.5990179999935,371.008050599994,,,2.0,2.0,2026-04-16_19h27.37.383,Week4Train,59.52618348549189,2026-04-16 19h27.38.734524 +0200,11.385281199996825,8.326934299999266,1.88618509999651,0.42643599999433945,5.0,1.0,2.0,2.0,4.0,14.0,1,1.0,13.639097529088817,9.358203989079515,0.5676477276289916,0.6382202236014181,2,1.45,2.0176257972666165,1.2
1028,15,019_Teal.jpg,True,Teal,0.0,44.0,49.0,03-1/019_Teal_0.png,,14.0,5.0,"[(5.0, 0.8154577999957837)]",27.0,"[1.3377542999951402, 4.354922600003192]",15.0,371.3720669000031,382.00223579999874,2.0,Teal,382.3584676000028,384.35193679999793,"[0.3825, 0.0425]","[-0.0016666666666666668, -0.2841666666666667]","[0.6945779999950901, 1.9921056000021053]",384.732931999999,,384.74841499999457,385.2574955000018,,,2.0,2.0,2026-04-16_19h27.37.383,Week4Train,59.52618348549189,2026-04-16 19h27.38.734524 +0200,13.885428599998704,10.630168899995624,1.9934691999951042,0.5245635000028415,5.0,1.0,2.0,2.0,4.0,14.0,1,1.0,13.639097529088817,9.358203989079515,0.3215284292375374,0.579696696838062,2,1.45,1.9921680631245569,1.2
1029,16,029_Cyan.jpg,True,Cyan,2.0,100.0,88.0,01-1/029_Cyan_0.png,,15.0,5.0,"[(5.0, 1.046554999993532)]",5.0,"[1.1043164000002434, 2.959628899989184]",16.0,385.6118388000032,398.0129594000027,2.0,Cyan,398.3829150999954,400.0849717999954,"[0.36833333333333335, 0.06333333333333334]","[-0.04583333333333333, -0.27166666666666667]","[0.86658700001135, 1.6982264000107534]",400.4639251999906,,400.4816144999932,400.8751381000038,,,2.0,2.0,2026-04-16_19h27.37.383,Week4Train,59.52618348549189,2026-04-16 19h27.38.734524 +0200,15.263299300000597,12.401120599999501,1.7020567000000142,0.4112129000131972,5.0,1.0,2.0,2.0,4.0,14.0,1,1.0,13.639097529088817,9.358203989079515,0.13228787602129247,0.533023823078153,2,1.45,1.9718653630389964,1.2
1030,17,007_Cyan.jpg,True,Cyan,1.0,89.0,99.0,01-1/007_Cyan_0.png,,16.0,5.0,"[(5.0, 0.9650619000021834)]",0.0,"[1.1816653999994742, 2.713648999997531]",17.0,401.23652920000313,416.77698480000254,2.0,Cyan,417.14869849999377,418.8022473000019,"[0.3875, 0.0775]","[0.013333333333333334, -0.285]","[0.8170097999973223, 1.6500289999967208]",419.1685529999959,,419.1811858000001,419.6384862999985,,,2.0,2.0,2026-04-16_19h27.37.383,Week4Train,59.52618348549189,2026-04-16 19h27.38.734524 +0200,18.401957099995343,15.540455599999405,1.6535488000081386,0.4699333000025945,5.0,1.0,2.0,2.0,4.0,14.0,1,1.0,13.639097529088817,9.358203989079515,-0.2031755316649822,0.449380130997414,2,1.45,1.9354803569838752,1.2
1031,18,011_Orange.jpg,True,Orange,99.0,48.0,0.0,02-1/011_Orange_0.png,,17.0,5.0,"[(5.0, 1.0506223999982467)]",9.0,"[3.98933520000719, 10.520530500012683]",18.0,420.0034070999973,436.2289460000029,2.0,Orange,436.5939737000008,438.4185341999983,"[0.36583333333333334, 0.0033333333333333335]","[-0.0025, -0.2791666666666667]","[0.9389641000016127, 1.8226175000017975]",438.7893160999956,,438.79708079999546,439.13904130000446,,,2.0,2.0,2026-04-16_19h27.37.383,Week4Train,59.52618348549189,2026-04-16 19h27.38.734524 +0200,19.13563420000719,16.22553890000563,1.8245604999975171,0.3497252000088906,5.0,1.0,2.0,2.0,4.0,14.0,1,1.0,13.639097529088817,9.358203989079515,-0.2763822389354883,0.43134094062863937,2,1.45,1.927633309173458,1.2
1032,19,012_Lime-green.jpg,True,Lime-green,61.0,94.0,3.0,02-1/012_Lime-green_0.png,,18.0,5.0,"[(5.0, 0.8807615999976406)]",10.0,"[3.8466712000081316, 10.799879600002896]",19.0,439.50441759999376,453.57347849999496,2.0,Lime-green,453.9300740000035,455.801094800001,"[0.38916666666666666, 0.04]","[-0.004166666666666667, -0.2825]","[0.7689092999935383, 1.8684279000008246]",456.1835132999986,,456.19599569999264,456.75478479999583,,,2.0,2.0,2026-04-16_19h27.37.383,Week4Train,59.52618348549189,2026-04-16 19h27.38.734524 +0200,17.250367200002074,14.069060900001205,1.8710207999974955,0.5712714999972377,5.0,1.0,2.0,2.0,4.0,14.0,1,1.0,13.639097529088817,9.358203989079515,-0.0459450735861422,0.48851575175500694,2,1.45,1.9525043520134278,1.2
1033,20,022_Cyan.jpg,True,Cyan,0.0,96.0,90.0,01-t/022_Cyan_0.png,,19.0,5.0,"[(5.0, 1.1313398999918718)]",37.0,"[1.2187301000085426, 3.105206799998996]",20.0,457.1186289000034,469.2045505999995,2.0,Cyan,469.5600508999924,471.3499669000012,"[0.3933333333333333, 0.0725]","[0.0008333333333333334, -0.2833333333333333]","[1.037395599996671, 1.7866264000040246]",471.7281134999939,,471.745963399997,472.27319449999777,,,2.0,2.0,2026-04-16_19h27.37.383,Week4Train,59.52618348549189,2026-04-16 19h27.38.734524 +0200,15.154565599994385,12.085921699996106,1.789916000008816,0.5450810000038473,5.0,1.0,2.0,2.0,4.0,14.0,1,1.0,13.639097529088817,9.358203989079515,0.16596943504385855,0.5413973751902091,2,1.45,1.9755078582077408,1.2
1034,21,006_Teal.jpg,True,Teal,0.0,46.0,53.0,03-1/006_Teal_0.png,,20.0,5.0,"[(5.0, 1.0808783999964362)]",15.0,"[1.0099553000036394, 3.9424156000022776]",21.0,472.6331351999979,481.8365001999919,2.0,Teal,482.1931072000007,484.2657125999976,"[0.36666666666666664, 0.043333333333333335]","[0.015, -0.2925]","[0.9390512999962084, 2.0702309000043897]",484.6373996000039,,484.6455541000032,485.1700378999958,,,2.0,2.0,2026-04-16_19h27.37.383,Week4Train,59.52618348549189,2026-04-16 19h27.38.734524 +0200,12.536902699997881,9.203364999993994,2.07260539999686,0.5326382999919019,5.0,1.0,2.0,2.0,4.0,14.0,1,1.0,13.639097529088817,9.358203989079515,0.47399399866374653,0.6163286456091717,2,1.45,2.0081029608399894,1.2
1035,22,006_Bordeaux.jpg,True,Bordeaux,51.0,0.0,12.0,03-1/006_Bordeaux_0.png,,21.0,5.0,"[(5.0, 0.8651269000110915)]",13.0,"[1.3311529999919003, 2.349333799997112]",22.0,485.528997699992,495.0529825999984,2.0,Bordeaux,495.4130625999969,497.213201599996,"[0.37833333333333335, 0.04583333333333333]","[0.005833333333333334, -0.2825]","[0.733838400003151, 1.797892700007651]",497.5945363999927,,497.6113365999918,498.1204365000012,,,2.0,2.0,2026-04-16_19h27.37.383,Week4Train,59.52618348549189,2026-04-16 19h27.38.734524 +0200,12.5914388000092,9.52398490000644,1.800138999999092,0.5259001000084709,5.0,1.0,2.0,2.0,4.0,14.0,1,1.0,13.639097529088817,9.358203989079515,0.43973316182084476,0.608195446713503,2,1.45,2.0045650193203737,1.2
1036,23,013_Orange.jpg,True,Orange,100.0,65.0,4.0,03-1/013_Orange_0.png,,22.0,5.0,"[(5.0, 0.7969841000012821)]",22.0,"[2.308010499997181, 6.8425439999991795]",23.0,498.48355039999296,507.9482534999988,2.0,Orange,508.3104552000004,509.8979497999972,"[0.3883333333333333, 0.04]","[-0.0016666666666666668, -0.27416666666666667]","[0.6529885999916587, 1.584299899986945]",510.26706879999256,,510.2781927000033,510.8202754999948,,,2.0,2.0,2026-04-16_19h27.37.383,Week4Train,59.52618348549189,2026-04-16 19h27.38.734524 +0200,12.336725100001843,9.464703100005863,1.5874945999968304,0.5532067000022494,5.0,1.0,2.0,2.0,4.0,14.0,1,1.0,13.639097529088817,9.358203989079515,0.44606790298162247,0.6097039369614133,2,1.45,2.0052212125782147,1.2
1037,24,024_Grey.jpg,True,Grey,42.0,49.0,52.0,03-1/024_Grey_0.png,,23.0,5.0,"[(5.0, 0.8298336000007112)]",30.0,"[4.064559699996607, 6.024092699997709]",24.0,511.71284999999625,520.8348748999997,2.0,Grey,521.1970532999985,523.3186028999917,"[0.37416666666666665, 0.056666666666666664]","[-0.0033333333333333335, -0.2808333333333333]","[0.7161721000011312, 2.117323499987833]",523.7168859999947,,523.7297689999978,524.3204648999963,,,2.0,2.0,2026-04-16_19h27.37.383,Week4Train,59.52618348549189,2026-04-16 19h27.38.734524 +0200,12.607614900000044,9.122024900003453,2.121549599993159,0.6035789000015939,5.0,1.0,2.0,2.0,4.0,14.0,1,1.0,13.639097529088817,9.358203989079515,0.48268584809184834,0.6183818977920206,2,1.45,2.0089961255395288,1.2
1038,25,019_Brown.jpg,True,Brown,50.0,17.0,0.0,03-1/019_Brown_0.png,,24.0,5.0,"[(5.0, 1.03018489999522)]",26.0,"[1.338801300007617, 2.2760478999989573, 4.115492900004028]",25.0,524.6859272000002,533.3377301,3.0,Brown,533.691287900001,535.5647227000009,"[0.37916666666666665, 0.0016666666666666668]","[0.013333333333333334, -0.2875]","[0.886997399997199, 1.8692307000019355]",535.9400001000031,,535.9601805999991,536.4348249000032,,,2.0,2.0,2026-04-16_19h27.37.383,Week4Train,59.52618348549189,2026-04-16 19h27.38.734524 +0200,11.748897700002999,8.651802899999893,1.8734347999998135,0.49482480000006035,5.0,2.0,2.0,2.0,4.0,14.0,1,1.0,13.639097529088817,9.358203989079515,0.532932882731431,0.630166900136506,2,1.45,2.01412260155938,1.2
1039,26,031_Grey.jpg,True,Grey,45.0,49.0,57.0,03-1/031_Grey_0.png,,25.0,5.0,"[(5.0, 1.0808312999870395)]",34.0,"[1.881973099996685, 3.930332999996608]",26.0,536.7996949999942,543.8827826999914,2.0,Grey,544.2447877999948,546.2656568999955,"[0.37416666666666665, 0.03666666666666667]","[-0.005833333333333334, -0.28]","[0.965931400001864, 2.0178672000038205]",546.6452373999928,,546.6603189000016,547.1539998999942,,,2.0,2.0,2026-04-16_19h27.37.383,Week4Train,59.52618348549189,2026-04-16 19h27.38.734524 +0200,10.354304899999988,7.083087699997122,2.0208691000007093,0.5087625000014668,5.0,1.0,2.0,2.0,4.0,14.0,1,1.0,13.639097529088817,9.358203989079515,0.700562825595828,0.6683125460337443,2,1.45,2.030715957524679,1.2
1040,27,016_Brown.jpg,True,Brown,52.0,18.0,0.0,03-1/016_Brown_0.png,,26.0,5.0,"[(5.0, 1.0139272999949753)]",25.0,"[1.9926165000069886, 3.4032297000085237]",27.0,547.5107900000003,559.0694440999941,2.0,Brown,559.4223885999963,561.6984279000026,"[0.37416666666666665, -0.013333333333333334]","[0.0125, -0.28583333333333333]","[0.8723785000038333, 2.2722864000097616]",562.0807761000033,,562.0924928000022,562.6351940000022,,,2.0,2.0,2026-04-16_19h27.37.383,Week4Train,59.52618348549189,2026-04-16 19h27.38.734524 +0200,15.12440400000196,11.558654099993873,2.2760393000062322,0.5544178999989526,5.0,1.0,2.0,2.0,4.0,14.0,1,1.0,13.639097529088817,9.358203989079515,0.22231225473634697,0.5553502876731734,2,1.45,1.98157737513783,1.2
1041,28,013_Green.jpg,True,Green,2.0,100.0,2.0,03-1/013_Green_0.png,,27.0,5.0,"[(5.0, 0.9305328999907942)]",20.0,"[1.148147699990659, 3.0315834999928484]",28.0,562.9989788999956,571.3979609999951,2.0,Green,571.7591857999942,573.4787579999975,"[0.39666666666666667, 0.065]","[0.0016666666666666668, -0.2916666666666667]","[0.7853326999902492, 1.7155394000001252]",573.8587780999951,,573.8751714999962,574.5022910999978,,,2.0,2.0,2026-04-16_19h27.37.383,Week4Train,59.52618348549189,2026-04-16 19h27.38.734524 +0200,11.503312200002256,8.398982099999557,1.719572200003313,0.6435130000027129,5.0,1.0,2.0,2.0,4.0,14.0,1,1.0,13.639097529088817,9.358203989079515,0.5599488358240718,0.6364407017958601,2,1.45,2.016851705281199,1.2
1042,29,018_Purple.jpg,True,Purple,51.0,2.0,100.0,01-1/018_Purple_0.png,,28.0,5.0,"[(5.0, 0.830444000006537)]",3.0,"[2.18758679999155, 3.1360908999922685]",29.0,574.8642436999944,584.7195234999963,2.0,Purple,585.0746497999935,587.0631409999914,"[0.36916666666666664, 0.0225]","[-0.0008333333333333334, -0.2733333333333333]","[0.7169301999965683, 1.9843191999971168]",587.4451499999996,,587.4585353000002,588.0998125000042,,,2.0,2.0,2026-04-16_19h27.37.383,Week4Train,59.52618348549189,2026-04-16 19h27.38.734524 +0200,13.235568800009787,9.855279800001881,1.9884911999979522,0.6546625000046333,5.0,1.0,2.0,2.0,4.0,14.0,1,1.0,13.639097529088817,9.358203989079515,0.4043316146455488,0.5997279307592314,2,1.45,2.0008816498802657,1.2
1043,30,018_Yellow.jpg,True,Yellow,100.0,88.0,0.0,01-t/018_Yellow_0.png,,29.0,5.0,"[(5.0, 1.2643728999973973)]",36.0,"[1.225711000006413, 14.382046300001093, 14.997924099996453, 15.732141100001172, 16.39445920000435]",30.0,588.4662035999936,613.3032414999907,1.0,Yellow,613.675264999998,615.5950463999907,"[0.36833333333333335, 0.023333333333333334]","[0.0075, -0.2775]","[1.1492211000004318, 1.9160705999966012]",615.9706369999913,,615.9899594000017,616.5842727999989,,,2.0,2.0,2026-04-16_19h27.37.383,Week4Train,59.52618348549189,2026-04-16 19h27.38.734524 +0200,28.118069200005266,24.837037899997085,1.9197813999926439,0.6136358000076143,5.0,4.0,2.0,2.0,4.0,14.0,1,1.0,13.639097529088817,9.358203989079515,-1.1965907543771883,0.2320822574820637,2,1.45,1.8409557820046978,1.2
1044,31,029_Bordeaux.jpg,True,Bordeaux,54.0,0.0,21.0,03-1/029_Bordeaux_0.png,,30.0,5.0,"[(5.0, 1.1163979999982985)]",31.0,"[1.6707423999905586, 2.325432700003148, 3.506783799995901, 10.003513100004056, 11.101387300004717, 11.769316699996125]",31.0,616.9463440999971,634.8139591999934,2.0,Bordeaux,635.1712321999948,637.2424851999967,"[0.36, 0.0275]","[-0.01, -0.26]","[0.9894055999902776, 2.069303599986597]",637.6174285000016,,637.6401027999964,638.1486059000017,,,2.0,2.0,2026-04-16_19h27.37.383,Week4Train,59.52618348549189,2026-04-16 19h27.38.734524 +0200,21.202261800004635,17.86761509999633,2.0712530000018887,0.5311774000001606,5.0,5.0,2.0,2.0,4.0,14.0,1,1.0,13.639097529088817,9.358203989079515,-0.4518513996747611,0.3889206694636952,2,1.45,1.9091804912167072,1.2
1045,32,012_Bordeaux.jpg,True,Bordeaux,50.0,2.0,24.0,03-1/012_Bordeaux_0.png,,31.0,5.0,"[(5.0, 0.9972832000057679)]",19.0,"[0.9495855999994092, 1.7936940000072354, 2.917814200001885, 6.9048255999950925, 8.553932299997541, 9.321901999996044]",32.0,638.5101886000048,654.9348429999955,2.0,Bordeaux,655.3024970999977,657.1092468999996,"[0.3825, 0.08416666666666667]","[0.0025, -0.2683333333333333]","[0.8731309000140755, 1.803801400004886]",657.4726489000022,,657.4894065999979,658.0650488999963,,,2.0,2.0,2026-04-16_19h27.37.383,Week4Train,59.52618348549189,2026-04-16 19h27.38.734524 +0200,19.55486029999156,16.424654399990686,1.8067498000018531,0.5923999999940861,5.0,5.0,2.0,2.0,4.0,14.0,1,1.0,13.639097529088817,9.358203989079515,-0.2976593451213987,0.42612977518551576,2,1.45,1.9253664522056995,1.2
1046,33,010_Brown.jpg,True,Brown,50.0,18.0,0.0,03-1/010_Brown_0.png,,32.0,5.0,"[(5.0, 0.9644697000039741)]",16.0,"[1.2635415999975521, 2.4507758999970974, 3.123395199989318, 3.727890299996943, 6.313175299990689]",33.0,658.4180257999978,670.1637819000025,1.0,Brown,670.5227331999922,672.4106376999989,"[0.37916666666666665, 0.07583333333333334]","[0.0008333333333333334, -0.2575]","[0.8360699000040768, 1.885124899999937]",672.7838803999912,,672.8049085999955,673.6639835999958,,,2.0,2.0,2026-04-16_19h27.37.383,Week4Train,59.52618348549189,2026-04-16 19h27.38.734524 +0200,15.245957799997996,11.745756100004655,1.887904500006698,0.8801032000046689,5.0,4.0,2.0,2.0,4.0,14.0,1,1.0,13.639097529088817,9.358203989079515,0.2023188884633827,0.5504078940610596,2,1.45,1.9794274339165607,1.2
1047,34,011_Brown.jpg,True,Brown,50.0,15.0,0.0,03-1/011_Brown_0.png,,33.0,5.0,"[(5.0, 0.8127289999974892)]",17.0,"[2.094592100009322, 4.3809932000003755, 5.060696300002746, 5.665973199997097, 7.414547100008349]",34.0,674.0253798000049,685.4295565999928,1.0,Brown,685.7873890999908,687.7583095000009,"[0.38416666666666666, 0.058333333333333334]","[0.008333333333333333, -0.2758333333333333]","[0.6678180000017164, 1.966340200000559]",688.1258639000007,,688.1375947999913,688.6642434999958,,,2.0,2.0,2026-04-16_19h27.37.383,Week4Train,59.52618348549189,2026-04-16 19h27.38.734524 +0200,14.638863699990907,11.404176799987908,1.9709204000100726,0.5383795999950962,5.0,4.0,2.0,2.0,4.0,14.0,1,1.0,13.639097529088817,9.358203989079515,0.23881940719703612,0.559422690251624,2,1.45,1.9833488702594562,1.2
1048,35,031_Bordeaux.jpg,True,Bordeaux,47.0,5.0,21.0,03-1/031_Bordeaux_0.png,,34.0,5.0,"[(5.0, 1.1151619000011124)]",33.0,"[2.0925143000058597, 3.4117778000072576]",35.0,689.0233902000036,706.4162515999924,2.0,Brown,706.7853030999977,708.7407603000029,"[0.365, 0.0325]","[-0.0008333333333333334, -0.30333333333333334]","[1.0034671000030357, 1.9518792000017129]",709.1143650000013,709.1536268999917,716.0736256999953,717.2955602000002,,,2.0,2.0,2026-04-16_19h27.37.383,Week4Train,59.52618348549189,2026-04-16 19h27.38.734524 +0200,28.27216999999655,17.39286139998876,1.9554572000051849,8.18119519999891,-5.0,1.0,2.0,2.0,4.0,14.0,0,1.0,13.639097529088817,9.358203989079515,-0.40112011613343435,0.4010432497238147,0,1.45,0.4644538136298593,0.2
1049,36,013_Grey.jpg,True,Grey,47.0,53.0,50.0,03-1/013_Grey_0.png,,35.0,5.0,"[(5.0, 1.1305351000046358)]",21.0,"[4.431080199996359, 5.631663299995125]",36.0,717.6583011000039,727.0583059999917,2.0,Grey,727.4191178000037,729.3568071000045,"[0.3875, -0.009166666666666667]","[0.008333333333333333, -0.3233333333333333]","[0.9853568999969866, 1.9343111000052886]",729.7357856000017,,729.7530864,730.3132878000033,,,2.0,2.0,2026-04-16_19h27.37.383,Week4Train,59.52618348549189,2026-04-16 19h27.38.734524 +0200,12.654986699999426,9.400004899987835,1.937689300000784,0.5775022000016179,5.0,1.0,2.0,2.0,4.0,14.0,1,1.0,13.639097529088817,9.358203989079515,0.4529814304163234,0.6113478614690178,2,1.45,2.0059363197390225,1.2
1050,37,020_Grey.jpg,True,Grey,47.0,44.0,45.0,03-1/020_Grey_0.png,,36.0,5.0,"[(5.0, 0.9302491999987978)]",28.0,"[2.644206099997973, 4.110157899995102]",37.0,730.6781102999958,737.1348735999927,2.0,Grey,737.5019078000041,739.358104400002,"[0.37083333333333335, 0.06916666666666667]","[0.0033333333333333335, -0.27416666666666667]","[0.8013671000080649, 1.8525999000121374]",739.724997199999,,739.7364990999922,740.4142294000048,,,2.0,2.0,2026-04-16_19h27.37.383,Week4Train,59.52618348549189,2026-04-16 19h27.38.734524 +0200,9.736119100009091,6.456763299996965,1.8561965999979293,0.6892322000057902,5.0,1.0,2.0,2.0,4.0,14.0,1,1.0,13.639097529088817,9.358203989079515,0.7674906678111765,0.682977824986283,2,1.45,2.037095353869033,1.2
1051,38,030_Seafoam.jpg,True,Seafoam,0.0,99.0,67.0,02-1/030_Seafoam_0.png,,37.0,5.0,"[(5.0, 1.113787800000864)]",12.0,"[1.573556000003009, 5.6474598999921]",38.0,740.790330200005,758.4027815000009,2.0,Seafoam,758.766094999999,760.8559924000001,"[0.3825, 0.06416666666666666]","[0.005, -0.2658333333333333]","[0.9714899999962654, 2.085685400001239]",761.2222973000025,,761.2349716000026,761.8757349999942,,,2.0,2.0,2026-04-16_19h27.37.383,Week4Train,59.52618348549189,2026-04-16 19h27.38.734524 +0200,21.085404799989192,17.612451299995882,2.089897400001064,0.6534376999916276,5.0,1.0,2.0,2.0,4.0,14.0,1,1.0,13.639097529088817,9.358203989079515,-0.42458507802819223,0.39542010349066364,2,1.45,1.9120077450184387,1.2
1052,1,018_Yellow.jpg,True,Yellow,100.0,88.0,0.0,01-t/018_Yellow_0.png,,0.0,5.0,"[(5.0, 1.1818243000016082)]",36.0,"[4.43956430000253, 6.232675899998867, 11.494580700004008, 12.160269700005301, 15.4413862000074]",1.0,15.056920699993498,33.3213367999997,1.0,Yellow,33.696968199990806,35.459316799999215,"[0.38083333333333336, -0.0325]","[0.0033333333333333335, -0.315]","[1.0278882999991765, 1.7587808999960544]",35.8403219999891,,35.872344699993846,36.64779319999798,,,2.0,3.0,2026-04-16_20h37.35.693,Week4Train,59.77972367409851,2026-04-16 20h37.36.931949 +0200,21.59087250000448,18.2644161000062,1.7623486000084085,0.8074712000088766,5.0,4.0,2.0,2.0,4.0,14.0,1,1.0,13.639097529088817,9.358203989079515,-0.4942528049521965,0.378892228473471,2,1.45,1.9048181193859597,1.2
1053,2,011_Orange.jpg,True,Orange,99.0,48.0,0.0,02-1/011_Orange_0.png,,1.0,5.0,"[(5.0, 1.030768500000704)]",9.0,"[2.329331499990076, 6.660555399997975]",2.0,37.00861150000128,46.58023809999577,2.0,Lime-green,46.94089109999186,48.80990700000257,"[0.38166666666666665, 0.09416666666666666]","[-0.028333333333333332, -0.27]","[0.9339454000000842, 1.8644849999982398]",49.18726209999295,49.23996089999855,58.22438469999179,59.1800416999904,,,2.0,3.0,2026-04-16_20h37.35.693,Week4Train,59.77972367409851,2026-04-16 20h37.36.931949 +0200,22.171430199989118,9.571626599994488,1.8690159000107087,9.992779599997448,-5.0,1.0,2.0,2.0,4.0,14.0,0,1.0,13.639097529088817,9.358203989079515,0.43464225975847853,0.6069816506416215,0,1.45,0.5540370180291053,0.2
1054,3,028_Blue.jpg,True,Blue,0.0,9.0,96.0,01-1/028_Blue_0.png,,2.0,5.0,"[(5.0, 0.8482775999873411)]",4.0,"[1.2051066999993054, 2.2768497000070056]",3.0,59.54508549999446,64.17965269999695,2.0,Blue,64.54001509999216,66.46055550000165,"[0.3875, 0.011666666666666667]","[0.005833333333333334, -0.2791666666666667]","[0.7659897999983514, 1.9183154000056675]",66.84121309999318,,66.85532760000206,67.21293689998856,,,2.0,3.0,2026-04-16_20h37.35.693,Week4Train,59.77972367409851,2026-04-16 20h37.36.931949 +0200,7.667851399994106,4.634567200002493,1.920540400009486,0.3717237999953795,5.0,1.0,2.0,2.0,4.0,14.0,1,1.0,13.639097529088817,9.358203989079515,0.9622071008063183,0.7235634857903231,2,1.45,2.0547501163187905,1.2
1055,4,013_Teal.jpg,True,Teal,0.0,48.0,60.0,03-1/013_Teal_0.png,,3.0,5.0,"[(5.0, 0.7306657000008272)]",24.0,"[1.324032000004081, 3.692569700011518]",4.0,67.57559509998828,80.11445119998825,2.0,Teal,80.47370529999898,81.79337279999163,"[0.3883333333333333, 0.0075]","[0.006666666666666667, -0.295]","[0.6168618999945465, 1.3160559999960242]",82.17442739999387,,82.18818389999797,82.56406309999875,,,2.0,3.0,2026-04-16_20h37.35.693,Week4Train,59.77972367409851,2026-04-16 20h37.36.931949 +0200,14.98846800001047,12.538856099999975,1.3196674999926472,0.3896357000048738,5.0,1.0,2.0,2.0,4.0,14.0,1,1.0,13.639097529088817,9.358203989079515,0.11756972068281048,0.5293586201577872,2,1.45,1.9702709997686372,1.2
1056,5,010_Brown.jpg,True,Brown,50.0,18.0,0.0,03-1/010_Brown_0.png,,4.0,5.0,"[(5.0, 0.914192299998831)]",16.0,"[1.092060599999968, 2.64216759998817, 3.2748473999963608, 4.166200599996955]",5.0,82.92836459999671,93.30909559999418,0.0,Brown,93.6736738999898,95.47562169999584,"[0.36083333333333334, 0.0625]","[0.010833333333333334, -0.27166666666666667]","[0.8164756000041962, 1.800243399993633]",95.8483922000014,,95.87151379999705,96.2966674999916,,,2.0,3.0,2026-04-16_20h37.35.693,Week4Train,59.77972367409851,2026-04-16 20h37.36.931949 +0200,13.368302899994887,10.380730999997468,1.8019478000060474,0.44827529999020044,5.0,3.0,2.0,2.0,4.0,14.0,1,1.0,13.639097529088817,9.358203989079515,0.3481828920264695,0.5861768657231503,2,1.45,1.9949869365895705,1.2
1057,6,016_Brown.jpg,True,Brown,52.0,18.0,0.0,03-1/016_Brown_0.png,,5.0,5.0,"[(5.0, 1.1644148999912431)]",25.0,"[1.0778452000085963, 3.802378000007593, 4.613915200010524, 5.306675100000575]",6.0,96.65665419999276,104.49275019999186,0.0,Brown,104.85506509999686,107.1393253999995,"[0.3616666666666667, 0.016666666666666666]","[-0.0008333333333333334, -0.2916666666666667]","[1.0512161999940872, 2.28136639999866]",107.50594009998896,,107.52035629999592,107.92966169999272,,,2.0,3.0,2026-04-16_20h37.35.693,Week4Train,59.77972367409851,2026-04-16 20h37.36.931949 +0200,11.273007499999963,7.8360959999991024,2.284260300002643,0.42372160000375914,5.0,3.0,2.0,2.0,4.0,14.0,1,1.0,13.639097529088817,9.358203989079515,0.6200977811406423,0.6502407870410057,2,1.45,2.022854742362837,1.2
1058,7,006_Bordeaux.jpg,True,Bordeaux,51.0,0.0,12.0,03-1/006_Bordeaux_0.png,,6.0,5.0,"[(5.0, 1.1143788999906974)]",13.0,"[1.6557585000118706, 2.3331228000024566]",7.0,108.29168799999752,116.29160329999286,2.0,Bordeaux,116.65113929999644,118.87385049999284,"[0.3958333333333333, 0.025833333333333333]","[-0.0033333333333333335, -0.2758333333333333]","[1.0054185000044527, 2.2206125000084285]",119.2496201999893,,119.27017809999234,119.89471209999463,,,2.0,3.0,2026-04-16_20h37.35.693,Week4Train,59.77972367409851,2026-04-16 20h37.36.931949 +0200,11.603024099997114,7.999915299995337,2.2227111999963967,0.6450919000053403,5.0,1.0,2.0,2.0,4.0,14.0,1,1.0,13.639097529088817,9.358203989079515,0.6025923602086556,0.6462491731923213,2,1.45,2.0211183903386596,1.2
1059,8,019_Brown.jpg,True,Brown,50.0,17.0,0.0,03-1/019_Brown_0.png,,7.0,5.0,"[(5.0, 1.2466839000117034)]",26.0,"[2.3987148000014713, 5.614862999995239]",8.0,120.25967089999176,127.82287049999286,2.0,Brown,128.18523019998975,130.02418179999222,"[0.37, 0.020833333333333332]","[-0.006666666666666667, -0.27666666666666667]","[1.136241100000916, 1.8353403999935836]",130.39409570000134,,130.4025585999916,130.87821650000114,,,2.0,3.0,2026-04-16_20h37.35.693,Week4Train,59.77972367409851,2026-04-16 20h37.36.931949 +0200,10.618545600009384,7.563199600001099,1.8389516000024742,0.4841207999998005,5.0,1.0,2.0,2.0,4.0,14.0,1,1.0,13.639097529088817,9.358203989079515,0.6492589749248832,0.6568434549428633,2,1.45,2.0257269029001455,1.2
1060,9,010_Red.jpg,True,Red,99.0,0.0,12.0,01-1/010_Red_0.png,,8.0,5.0,"[(5.0, 1.0330937999970047)]",2.0,"[0.8277875000057975, 1.8838083000009647]",9.0,131.2411229999998,141.6401685000019,2.0,Red,142.00012099999003,143.8404845999903,"[0.41583333333333333, 0.07083333333333333]","[-0.024166666666666666, -0.25833333333333336]","[0.9227862999978242, 1.83836870000232]",144.21951719999197,,144.2362618999905,144.7631388000009,,,2.0,3.0,2026-04-16_20h37.35.693,Week4Train,59.77972367409851,2026-04-16 20h37.36.931949 +0200,13.5220158000011,10.399045500002103,1.8403636000002734,0.5436216000089189,5.0,1.0,2.0,2.0,4.0,14.0,1,1.0,13.639097529088817,9.358203989079515,0.34622583915328925,0.5857020565381459,2,1.45,1.9947803945940934,1.2
1061,10,012_Bordeaux.jpg,True,Bordeaux,50.0,2.0,24.0,03-1/012_Bordeaux_0.png,,9.0,5.0,"[(5.0, 0.7491841000010027)]",19.0,"[1.0168026000028476, 2.5885621999914292]",10.0,145.12452349999512,153.81872709999152,2.0,Bordeaux,154.18492230000265,155.8234766999958,"[0.37083333333333335, 0.0425]","[0.01, -0.2775]","[0.6669755000039004, 1.6340461000072537]",156.20198279999022,,156.2188282999996,156.8106043000007,,,2.0,3.0,2026-04-16_20h37.35.693,Week4Train,59.77972367409851,2026-04-16 20h37.36.931949 +0200,11.686080800005584,8.6942035999964,1.6385543999931542,0.6086215000104858,5.0,1.0,2.0,2.0,4.0,14.0,1,1.0,13.639097529088817,9.358203989079515,0.5284020240275618,0.6291103323889118,2,1.45,2.0136629945891764,1.2
1062,11,032_Bordeaux.jpg,True,Bordeaux,50.0,0.0,18.0,03-1/032_Bordeaux_0.png,,10.0,5.0,"[(5.0, 0.8306280999968294)]",35.0,"[1.7274617000075523, 2.3447254000057]",11.0,157.17454619999626,165.16757929998855,2.0,Bordeaux,165.53564789998927,167.15603649998957,"[0.36, 0.055]","[0.02, -0.26916666666666667]","[0.6857178999925964, 1.6167417999968166]",167.52399409998907,,167.53472209999745,167.91027459999896,,,2.0,3.0,2026-04-16_20h37.35.693,Week4Train,59.77972367409851,2026-04-16 20h37.36.931949 +0200,10.7357284000027,7.993033099992289,1.6203886000002967,0.3862805000098888,5.0,1.0,2.0,2.0,4.0,14.0,1,1.0,13.639097529088817,9.358203989079515,0.6033277791000453,0.646417280084178,2,1.45,2.0211915168366175,1.2
1063,12,012_Lime-green.jpg,True,Lime-green,61.0,94.0,3.0,02-1/012_Lime-green_0.png,,11.0,5.0,"[(5.0, 0.8310617999959504)]",10.0,[1.7503299999953015],12.0,168.27166669999133,182.4887189000001,1.0,Seafoam,182.85025089999544,184.7716708999942,"[0.37333333333333335, 0.07]","[-0.006666666666666667, -0.2725]","[0.7502251999976579, 1.9168119999958435]",185.1542141999962,185.1843599999993,191.2018835999916,192.62558459999852,,,2.0,3.0,2026-04-16_20h37.35.693,Week4Train,59.77972367409851,2026-04-16 20h37.36.931949 +0200,24.35391790000719,14.217052200008766,1.9214199999987613,7.471370400002314,-5.0,1.0,2.0,2.0,4.0,14.0,0,1.0,13.639097529088817,9.358203989079515,-0.06175914433948959,0.4845651195696228,0,1.45,0.5007858270127858,0.2
1064,13,021_Grey.jpg,True,Grey,47.0,51.0,57.0,03-1/021_Grey_0.png,,12.0,5.0,"[(5.0, 0.8143045999895548)]",29.0,"[3.830495800008066, 5.260532000000239]",13.0,192.98843369999668,200.82242789999876,2.0,Grey,201.1853881999996,203.00451819998847,"[0.34833333333333333, 0.03333333333333333]","[0.0016666666666666668, -0.27]","[0.6997815000067931, 1.8156374999962281]",203.38586539999235,,203.40052759999529,203.84121319999397,,,2.0,3.0,2026-04-16_20h37.35.693,Week4Train,59.77972367409851,2026-04-16 20h37.36.931949 +0200,10.852779499997297,7.833994200002081,1.81912999998886,0.45534780000161845,5.0,1.0,2.0,2.0,4.0,14.0,1,1.0,13.639097529088817,9.358203989079515,0.6203223755178833,0.6502918643012551,2,1.45,2.022876960971046,1.2
1065,14,010_Pink.jpg,True,Pink,98.0,0.0,52.0,02-1/010_Pink_0.png,,13.0,5.0,"[(5.0, 1.634094399996684)]",8.0,"[1.2739243999967584, 2.0216704000049504]",14.0,204.2064482999995,229.57142120000208,2.0,Pink,229.9343031999888,232.3033910999948,"[0.33666666666666667, 0.38416666666666666, 0.0125]","[-0.07916666666666666, 0.005, -0.30666666666666664]","[0.8337606999994023, 1.5329839999903925, 2.365409999998519]",232.67376479999805,,232.68249629999627,233.0425391999888,,,2.0,3.0,2026-04-16_20h37.35.693,Week4Train,59.77972367409851,2026-04-16 20h37.36.931949 +0200,28.8360908999893,25.364972900002584,2.369087900006008,0.36877439999074113,5.0,1.0,2.0,2.0,4.0,14.0,1,1.0,13.639097529088817,9.358203989079515,-1.2530048911732623,0.22218041123597626,2,1.45,1.8366484788876496,1.2
1066,15,008_Purple.jpg,True,Purple,52.0,0.0,99.0,01-1/008_Purple_0.png,,14.0,5.0,"[(5.0, 0.7645501999941189)]",1.0,"[1.3529116999998223, 1.9219278000091435]",15.0,233.40504309999235,240.9702585999912,2.0,Purple,241.33182880000092,242.75176810000264,"[0.3875, 0.07916666666666666]","[0.010833333333333334, -0.295]","[0.6517815999977756, 1.4166999000008218]",243.1327225999994,,243.1486689000012,243.64192100000216,,,2.0,3.0,2026-04-16_20h37.35.693,Week4Train,59.77972367409851,2026-04-16 20h37.36.931949 +0200,10.236877900009802,7.565215499998857,1.4199393000017153,0.5091984000027594,5.0,1.0,2.0,2.0,4.0,14.0,1,1.0,13.639097529088817,9.358203989079515,0.6490435596592926,0.6567948986734996,2,1.45,2.0257057809229724,1.2
1067,16,008_Orange.jpg,True,Orange,100.0,53.0,0.0,02-1/008_Orange_0.png,,15.0,5.0,"[(5.0, 0.8163182999996934)]",7.0,"[3.7326496000023326, 7.83070599999337]",16.0,244.00456580000173,256.9232639999973,2.0,Orange,257.28226949999225,258.78830359999847,"[0.37166666666666665, 0.08666666666666667]","[0.0008333333333333334, -0.2683333333333333]","[0.6856344999978319, 1.502993799993419]",259.16060180000204,,259.1827620999975,259.5730812999973,,,2.0,3.0,2026-04-16_20h37.35.693,Week4Train,59.77972367409851,2026-04-16 20h37.36.931949 +0200,15.568515499995556,12.91869819999556,1.506034100006218,0.4124794999952428,5.0,1.0,2.0,2.0,4.0,14.0,1,1.0,13.639097529088817,9.358203989079515,0.07698051142440587,0.5192356296004682,2,1.45,1.9658674988762035,1.2
1068,17,020_Grey.jpg,True,Grey,47.0,44.0,45.0,03-1/020_Grey_0.png,,16.0,5.0,"[(5.0, 0.6988680999929784)]",28.0,"[2.8369971999927657, 3.4086997999984305]",17.0,259.93379129999084,265.7627686999913,2.0,Grey,266.1322993999929,267.51956159999827,"[0.38, 0.051666666666666666]","[0.0, -0.26166666666666666]","[0.6159195000072941, 1.3834426999965217]",267.89615849999245,,267.9146370999952,268.6510795999929,,,2.0,3.0,2026-04-16_20h37.35.693,Week4Train,59.77972367409851,2026-04-16 20h37.36.931949 +0200,8.717288300002053,5.82897740000044,1.3872622000053525,0.7549211000004448,5.0,1.0,2.0,2.0,4.0,14.0,1,1.0,13.639097529088817,9.358203989079515,0.8345746831552654,0.6973213527351988,2,1.45,2.0433347884398114,1.2
1069,18,013_Green.jpg,True,Green,2.0,100.0,2.0,03-1/013_Green_0.png,,17.0,5.0,"[(5.0, 0.9319497999968007)]",20.0,"[1.3093163999874378, 2.9455961999919964, 4.4354719999973895, 4.8915521999879275]",18.0,269.0186433999916,278.5310993999883,0.0,Green,278.89623339999525,280.7200461999892,"[0.37416666666666665, 0.09583333333333334]","[-0.016666666666666666, -0.2841666666666667]","[0.8180262000096263, 1.8211925000068732]",281.0924036999932,,281.1139739999926,281.4905859999999,,,2.0,3.0,2026-04-16_20h37.35.693,Week4Train,59.77972367409851,2026-04-16 20h37.36.931949 +0200,12.471942600008276,9.51245599999669,1.8238127999939593,0.3981823000066811,5.0,3.0,2.0,2.0,4.0,14.0,1,1.0,13.639097529088817,9.358203989079515,0.44096511829702373,0.6084889750741406,2,1.45,2.004692704157251,1.2
1070,19,007_Cyan.jpg,True,Cyan,1.0,89.0,99.0,01-1/007_Cyan_0.png,,18.0,5.0,"[(5.0, 0.8169084999972256)]",0.0,"[1.0091610999952536, 2.5077568999986397]",19.0,281.85276429999794,296.7599409999966,2.0,Cyan,297.1209664999915,298.6359691999969,"[0.385, 0.03333333333333333]","[0.0275, -0.28833333333333333]","[0.6956973000051221, 1.5117833999975119]",299.00897789999726,,299.0306273000024,299.502963299994,,,2.0,3.0,2026-04-16_20h37.35.693,Week4Train,59.77972367409851,2026-04-16 20h37.36.931949 +0200,17.650198999996064,14.907176699998672,1.5150027000054251,0.4939853999967454,5.0,1.0,2.0,2.0,4.0,14.0,1,1.0,13.639097529088817,9.358203989079515,-0.1355045447170879,0.4661756034921395,2,1.45,1.9427863875190807,1.2
1071,20,031_Bordeaux.jpg,True,Bordeaux,47.0,5.0,21.0,03-1/031_Bordeaux_0.png,,19.0,5.0,"[(5.0, 1.1964373999944655)]",33.0,"[2.1594191000040155, 2.8967086000047857, 4.402890700002899, 5.082848499994725, 12.31643740000436, 13.337847800008603]",20.0,299.86572929999966,316.0160204999993,2.0,Bordeaux,316.3786295999889,318.7675073999999,"[0.36916666666666664, 0.056666666666666664]","[0.009166666666666667, -0.26916666666666667]","[1.070896699995501, 2.3860302999964915]",319.1417696999997,,319.1631867999968,319.6375042,,,2.0,3.0,2026-04-16_20h37.35.693,Week4Train,59.77972367409851,2026-04-16 20h37.36.931949 +0200,19.771774900000366,16.15029119999963,2.3888778000109596,0.49573450000031016,5.0,5.0,2.0,2.0,4.0,14.0,1,1.0,13.639097529088817,9.358203989079515,-0.26834141186078336,0.4333143212272451,2,1.45,1.9284917297338515,1.2
1072,21,024_Grey.jpg,True,Grey,42.0,49.0,52.0,03-1/024_Grey_0.png,,20.0,5.0,"[(5.0, 0.6835094999987632)]",30.0,"[1.6440195000031963, 2.815763800012064]",21.0,319.998542699992,325.4857422999921,2.0,Grey,325.84452469999087,327.4339047999965,"[0.375, 0.043333333333333335]","[0.008333333333333333, -0.2966666666666667]","[0.57000859999971, 1.5859694000100717]",327.81457180000143,,327.82933839999896,328.452930200001,,,2.0,3.0,2026-04-16_20h37.35.693,Week4Train,59.77972367409851,2026-04-16 20h37.36.931949 +0200,8.454387500008977,5.48719960000011,1.5893801000056555,0.6383583999995608,5.0,1.0,2.0,2.0,4.0,14.0,1,1.0,13.639097529088817,9.358203989079515,0.8710964132221847,0.7049737875575649,2,1.45,2.0466635975875405,1.2
1073,22,013_Seafoam.jpg,True,Seafoam,9.0,100.0,59.0,03-1/013_Seafoam_0.png,,21.0,5.0,"[(5.0, 0.9962194000108866)]",23.0,"[2.77210400000331, 4.986990900011733]",22.0,328.8133375999896,346.36450169999443,2.0,Seafoam,346.72405009999056,348.9504195999907,"[0.36333333333333334, 0.006666666666666667]","[0.016666666666666666, -0.30083333333333334]","[0.8884567000059178, 2.222842100003618]",349.33224259999406,,349.34454419999383,349.9374984999886,,,2.0,3.0,2026-04-16_20h37.35.693,Week4Train,59.77972367409851,2026-04-16 20h37.36.931949 +0200,21.12416089999897,17.551164100004826,2.226369500000146,0.6052558999945177,5.0,1.0,2.0,2.0,4.0,14.0,1,1.0,13.639097529088817,9.358203989079515,-0.4180360436127664,0.39698680303016426,2,1.45,1.9126892593181215,1.2
1074,23,030_Seafoam.jpg,True,Seafoam,0.0,99.0,67.0,02-1/030_Seafoam_0.png,,22.0,5.0,"[(5.0, 0.8147125999967102)]",12.0,"[2.1704853999981424, 4.758959300001152]",23.0,350.3026003999985,364.35333849999006,2.0,Seafoam,364.7100338000018,366.8145987000025,"[0.35083333333333333, 0.059166666666666666]","[0.0008333333333333334, -0.3]","[0.6725132999999914, 2.1011801999993622]",367.1774999999907,,367.1942942999885,367.6015208999888,,,2.0,3.0,2026-04-16_20h37.35.693,Week4Train,59.77972367409851,2026-04-16 20h37.36.931949 +0200,17.298920499990345,14.050738099991577,2.104564900000696,0.4240208999981405,5.0,1.0,2.0,2.0,4.0,14.0,1,1.0,13.639097529088817,9.358203989079515,-0.04398713379010768,0.4890049893197773,2,1.45,1.952717170354103,1.2
1075,24,031_Grey.jpg,True,Grey,45.0,49.0,57.0,03-1/031_Grey_0.png,,23.0,5.0,"[(5.0, 0.8663670000096317)]",34.0,"[1.4005691999918781, 2.406804899990675]",24.0,367.9630427999946,372.1418121000024,2.0,Grey,372.5088174999983,374.1639864999888,"[0.3625, 0.04833333333333333]","[-0.010833333333333334, -0.3025]","[0.7191402000025846, 1.6513516999984859]",374.5459400999971,,374.56034640000144,376.1367503999936,,,2.0,3.0,2026-04-16_20h37.35.693,Week4Train,59.77972367409851,2026-04-16 20h37.36.931949 +0200,8.173707599999034,4.178769300007843,1.655168999990508,1.5908102999965195,5.0,1.0,2.0,2.0,4.0,14.0,1,1.0,13.639097529088817,9.358203989079515,1.0109128033670383,0.7331987483267364,2,1.45,2.05894145552213,1.2
1076,25,014_Pink.jpg,True,Pink,100.0,9.0,40.0,02-1/014_Pink_0.png,,24.0,5.0,"[(5.0, 0.8143106999923475)]",11.0,"[1.3336206000094535, 2.2371849000046495]",25.0,376.5001990000019,386.9532879999897,2.0,Pink,387.30889089999255,389.2145623999968,"[0.38, 0.05416666666666667]","[-0.0016666666666666668, -0.2833333333333333]","[0.7020535000046948, 1.9013963000033982]",389.5884626999905,,389.6099568999925,390.2009524999885,,,2.0,3.0,2026-04-16_20h37.35.693,Week4Train,59.77972367409851,2026-04-16 20h37.36.931949 +0200,13.700753499986604,10.453088999987813,1.905671500004246,0.6124897999980021,5.0,1.0,2.0,2.0,4.0,14.0,1,1.0,13.639097529088817,9.358203989079515,0.3404508528366012,0.5843000363210324,2,1.45,1.994170515799649,1.2
1077,26,029_Teal.jpg,True,Teal,0.0,47.0,43.0,03-1/029_Teal_0.png,,25.0,5.0,"[(5.0, 0.9145890999934636)]",32.0,"[1.4124464000051375, 3.1364272000064375]",26.0,390.568841100001,402.13147369999206,2.0,Teal,402.49146569998993,404.380952099993,"[0.38166666666666665, 0.02666666666666667]","[-0.019166666666666665, -0.285]","[0.8028730999940308, 1.886667300001136]",404.7552110999968,,404.7762625999894,405.302114399994,,,2.0,3.0,2026-04-16_20h37.35.693,Week4Train,59.77972367409851,2026-04-16 20h37.36.931949 +0200,14.733273299993016,11.562632599991048,1.8894864000030793,0.5469032999972114,5.0,1.0,2.0,2.0,4.0,14.0,1,1.0,13.639097529088817,9.358203989079515,0.2218871197423014,0.5552453039225064,2,1.45,1.9815317072062901,1.2
1078,27,011_Brown.jpg,True,Brown,50.0,15.0,0.0,03-1/011_Brown_0.png,,26.0,5.0,"[(5.0, 0.9159949000022607)]",17.0,"[1.356454799999483, 1.9492973999876995, 2.6032323999970686, 3.5962727000005543, 4.1246280999912415]",27.0,405.66333879999,418.1548152999894,1.0,Brown,418.50768679998873,420.4810918000003,"[0.38, 0.0375]","[0.013333333333333334, -0.2816666666666667]","[0.8208940999902552, 1.9715120999899227]",420.8552387999953,,420.87668109999504,421.3835786999989,,,2.0,3.0,2026-04-16_20h37.35.693,Week4Train,59.77972367409851,2026-04-16 20h37.36.931949 +0200,15.720239900008892,12.491476499999408,1.973405000011553,0.5283399000036297,5.0,4.0,2.0,2.0,4.0,14.0,1,1.0,13.639097529088817,9.358203989079515,0.12263261523563888,0.530619789788795,2,1.45,1.9708196085581255,1.2
1079,28,013_Orange.jpg,True,Orange,100.0,65.0,4.0,03-1/013_Orange_0.png,,27.0,5.0,"[(5.0, 0.698420000000624)]",22.0,"[1.4234954999992624, 6.0618477999960305]",28.0,421.74786550000135,430.7163731999899,2.0,Orange,431.0737362999935,432.7460558999883,"[0.38, 0.060833333333333336]","[-0.005, -0.275]","[0.5882678000052692, 1.6706465000024764]",433.1184891000012,,433.1256080000021,433.6177778999991,,,2.0,3.0,2026-04-16_20h37.35.693,Week4Train,59.77972367409851,2026-04-16 20h37.36.931949 +0200,11.869912399997759,8.96850769998855,1.6723195999947507,0.4992887999978848,5.0,1.0,2.0,2.0,4.0,14.0,1,1.0,13.639097529088817,9.358203989079515,0.4990904060811857,0.6222455494562994,2,1.45,2.01067681401349,1.2
1080,29,006_Teal.jpg,True,Teal,0.0,46.0,53.0,03-1/006_Teal_0.png,,28.0,5.0,"[(5.0, 0.6673077999876114)]",15.0,"[1.0303203999937978, 4.117886599997291]",29.0,433.9811772999965,443.0509435999993,2.0,Teal,443.40843359999417,444.9797053999937,"[0.37416666666666665, 0.04666666666666667]","[0.004166666666666667, -0.27]","[0.5666695999971125, 1.5695202000060817]",445.3614847999997,,445.3751784999913,445.75254279999353,,,2.0,3.0,2026-04-16_20h37.35.693,Week4Train,59.77972367409851,2026-04-16 20h37.36.931949 +0200,11.771365499997046,9.069766300002811,1.571271799999522,0.3910579999938477,5.0,1.0,2.0,2.0,4.0,14.0,1,1.0,13.639097529088817,9.358203989079515,0.4882701033679274,0.6196988283172994,2,1.45,2.009568990318025,1.2
1081,30,006_Pink.jpg,True,Pink,100.0,0.0,50.0,02-1/006_Pink_0.png,,29.0,5.0,"[(5.0, 0.818394800007809)]",6.0,"[1.3441920000041137, 2.0097074000077555]",30.0,446.11447600000247,455.70285069999227,2.0,Pink,456.055223599993,457.8450051999971,"[0.37916666666666665, 0.056666666666666664]","[-0.0075, -0.28]","[0.7208155999978771, 1.787372199993115]",458.2237334999954,,458.2410031999898,458.8683017000003,,,2.0,3.0,2026-04-16_20h37.35.693,Week4Train,59.77972367409851,2026-04-16 20h37.36.931949 +0200,12.753825699997833,9.5883746999898,1.789781600004119,0.644568200004926,5.0,1.0,2.0,2.0,4.0,14.0,1,1.0,13.639097529088817,9.358203989079515,0.43285258943126026,0.6065546343250108,2,1.45,2.0038512659313796,1.2
1082,31,029_Cyan.jpg,True,Cyan,2.0,100.0,88.0,01-1/029_Cyan_0.png,,30.0,5.0,"[(5.0, 0.8288873999990756)]",5.0,"[1.473489600000903, 4.539580900003784]",31.0,459.2311583999981,471.9501787999907,2.0,Cyan,472.3096751999983,473.8614605999901,"[0.385, 0.041666666666666664]","[-0.009166666666666667, -0.31083333333333335]","[0.6829741000110516, 1.5482123000110732]",474.23581959999865,,474.2572683999897,474.8185395999899,,,2.0,3.0,2026-04-16_20h37.35.693,Week4Train,59.77972367409851,2026-04-16 20h37.36.931949 +0200,15.587381199991796,12.719020399992587,1.551785399991786,0.5827199999912409,5.0,1.0,2.0,2.0,4.0,14.0,1,1.0,13.639097529088817,9.358203989079515,0.0983177039280087,0.5245596456148695,2,1.45,1.9681834458424683,1.2
1083,32,006_Brown.jpg,True,Brown,53.0,20.0,0.0,03-1/006_Brown_0.png,,31.0,5.0,"[(5.0, 0.8645074999949429)]",14.0,"[1.7928427000006195, 2.5950846999912756, 3.348713300001691]",32.0,475.1828954999946,481.834288500002,3.0,Brown,482.18877249999787,484.22776329999033,"[0.38, 0.060833333333333336]","[0.014166666666666666, -0.27416666666666667]","[0.7517108000029111, 2.035407999996096]",484.60086130000127,,484.6230549999891,485.1827759000007,,,2.0,3.0,2026-04-16_20h37.35.693,Week4Train,59.77972367409851,2026-04-16 20h37.36.931949 +0200,9.999880400006134,6.651393000007431,2.0389907999924617,0.5819145999994362,5.0,2.0,2.0,2.0,4.0,14.0,1,1.0,13.639097529088817,9.358203989079515,0.7466929057365745,0.6784576732969353,2,1.45,2.0351290878841666,1.2
1084,33,018_Purple.jpg,True,Purple,51.0,2.0,100.0,01-1/018_Purple_0.png,,32.0,5.0,"[(5.0, 0.7334342999965884)]",3.0,"[1.526028899999801, 2.2906191000074614]",33.0,485.54393879999407,495.76358929999697,2.0,Purple,496.1227707999933,497.8618204999948,"[0.39, 0.0016666666666666668]","[-0.01, -0.2791666666666667]","[0.5864799999981187, 1.7365443000016967]",498.2345514999906,,498.2562744999887,498.6830342999892,,,2.0,3.0,2026-04-16_20h37.35.693,Week4Train,59.77972367409851,2026-04-16 20h37.36.931949 +0200,13.139095499995108,10.2196505000029,1.7390497000014875,0.44848279999860097,5.0,1.0,2.0,2.0,4.0,14.0,1,1.0,13.639097529088817,9.358203989079515,0.36539564996405455,0.5903459383915468,2,1.45,1.9968004832003228,1.2
1085,34,029_Bordeaux.jpg,True,Bordeaux,54.0,0.0,21.0,03-1/029_Bordeaux_0.png,,33.0,5.0,"[(5.0, 1.3143944000039482)]",31.0,"[1.3560709000012139, 1.8798669000098016]",34.0,499.0470655999961,507.8916879999888,2.0,Bordeaux,508.2565292999934,510.4764080000023,"[0.35583333333333333, -0.015]","[0.0075, -0.30333333333333334]","[1.184859699991648, 2.217339999988326]",510.8535040999996,,510.8724930000026,511.3152881999995,,,2.0,3.0,2026-04-16_20h37.35.693,Week4Train,59.77972367409851,2026-04-16 20h37.36.931949 +0200,12.268222600003412,8.844622399992716,2.2198787000089055,0.4617840999998748,5.0,1.0,2.0,2.0,4.0,14.0,1,1.0,13.639097529088817,9.358203989079515,0.5123285552111257,0.6253521833277361,2,1.45,2.012028199747565,1.2
1086,35,019_Teal.jpg,True,Teal,0.0,44.0,49.0,03-1/019_Teal_0.png,,34.0,5.0,"[(5.0, 0.9156674999976531)]",27.0,"[0.9531029000063427, 2.99741240000003]",35.0,511.6822116999974,523.0385201000026,2.0,Teal,523.4047520999884,525.12912279999,"[0.3725, 0.07]","[0.030833333333333334, -0.2675]","[0.7857333000138169, 1.7207572000043]",525.4962113999936,,525.5051532999933,526.1131940999912,,,2.0,3.0,2026-04-16_20h37.35.693,Week4Train,59.77972367409851,2026-04-16 20h37.36.931949 +0200,14.430982399993809,11.356308400005219,1.7243707000016002,0.6169826999976067,5.0,1.0,2.0,2.0,4.0,14.0,1,1.0,13.639097529088817,9.358203989079515,0.24393453399257825,0.5606830243184172,2,1.45,1.9838971155785114,1.2
1087,36,022_Cyan.jpg,True,Cyan,0.0,96.0,90.0,01-t/022_Cyan_0.png,,35.0,5.0,"[(5.0, 0.862874099999317)]",37.0,"[0.8898927999980515, 2.150628000003053]",36.0,526.475067899999,537.0323547000007,2.0,Cyan,537.3909016999969,539.2593138999946,"[0.37666666666666665, 0.06666666666666667]","[-0.008333333333333333, -0.305]","[0.7491975000011735, 1.8642533999955049]",539.6366861999995,,539.6546479999961,540.1981361999933,,,2.0,3.0,2026-04-16_20h37.35.693,Week4Train,59.77972367409851,2026-04-16 20h37.36.931949 +0200,13.723068299994338,10.557286800001748,1.8684121999976924,0.5614499999937834,5.0,1.0,2.0,2.0,4.0,14.0,1,1.0,13.639097529088817,9.358203989079515,0.3293164727637231,0.5815930548476033,2,1.45,1.992992978858707,1.2
1088,37,013_Grey.jpg,True,Grey,47.0,53.0,50.0,03-1/013_Grey_0.png,,36.0,5.0,"[(5.0, 1.18142120000266)]",21.0,"[2.135444899991853, 3.0551320999948075]",37.0,540.5619179999921,545.5292308999924,2.0,Grey,545.8888183999952,548.0909516999964,"[0.37083333333333335, 0.049166666666666664]","[0.0225, -0.2891666666666667]","[1.0677271000022301, 2.198833000002196]",548.4664042999939,,548.4875177999929,548.9252842999995,,,2.0,3.0,2026-04-16_20h37.35.693,Week4Train,59.77972367409851,2026-04-16 20h37.36.931949 +0200,8.363366300007328,4.967312900000252,2.202133300001151,0.4588800000055926,5.0,1.0,2.0,2.0,4.0,14.0,1,1.0,13.639097529088817,9.358203989079515,0.926650523883433,0.7163952555979942,2,1.45,2.051631936185127,1.2
1089,38,011_Teal.jpg,True,Teal,0.0,45.0,54.0,03-1/011_Teal_0.png,,37.0,5.0,"[(5.0, 0.6646898000035435)]",18.0,"[1.2967877000046428, 2.7611097000044538]",38.0,549.2913728999993,557.4603434000019,2.0,Teal,557.8213849999884,559.3757565999986,"[0.3883333333333333, 0.07416666666666667]","[0.0, -0.25833333333333336]","[0.5534082999947714, 1.5505988000077195]",559.7543132999999,,559.7708229999989,560.1637002999923,,,2.0,3.0,2026-04-16_20h37.35.693,Week4Train,59.77972367409851,2026-04-16 20h37.36.931949 +0200,10.872327399993083,8.168970500002615,1.5543716000101995,0.4093869999924209,5.0,1.0,2.0,2.0,4.0,14.0,1,1.0,13.639097529088817,9.358203989079515,0.5845274408924538,0.6421085037241899,2,1.45,2.0193171991200223,1.2
