folder,image,logical,corrColor,corrR,corrG,corrB,image_path,thisN,thisTrialN,thisRepN,spacebar.keys,spacebar.rt,spacebar.duration,blue.numClicks,blue.timesOn,blue.timesOff,yellow.numClicks,yellow.timesOn,yellow.timesOff,purple.numClicks,purple.timesOn,purple.timesOff,cyan.numClicks,cyan.timesOn,cyan.timesOff,red.numClicks,red.timesOn,red.timesOff,green.numClicks,green.timesOn,green.timesOff,slider.response,slider.rt,slider.history,mouse_2.x,mouse_2.y,mouse_2.leftButton,mouse_2.midButton,mouse_2.rightButton,mouse_2.time,mouse_2.clicked_name,button2.numClicks,button2.timesOn,button2.timesOff,blue_3.numClicks,blue_3.timesOn,blue_3.timesOff,yellow_3.numClicks,yellow_3.timesOn,yellow_3.timesOff,purple_3.numClicks,purple_3.timesOn,purple_3.timesOff,cyan_3.numClicks,cyan_3.timesOn,cyan_3.timesOff,red_3.numClicks,red_3.timesOn,red_3.timesOff,green_3.numClicks,green_3.timesOn,green_3.timesOff,Button3.numClicks,Button3.timesOn,Button3.timesOff,blue_2.numClicks,blue_2.timesOn,blue_2.timesOff,yellow_2.numClicks,yellow_2.timesOn,yellow_2.timesOff,purple_2.numClicks,purple_2.timesOn,purple_2.timesOff,cyan_2.numClicks,cyan_2.timesOn,cyan_2.timesOff,red_2.numClicks,red_2.timesOn,red_2.timesOff,green_2.numClicks,green_2.timesOn,green_2.timesOff,key_resp.keys,trials.thisRepN,trials.thisTrialN,trials.thisN,trials.thisIndex,thisRow.t,notes,piloting,Welcome.started,Welcome_info.started,PressEnter.started,PressEnterToContinue.started,Welcome.stopped,PressEnter.keys,PressEnter.rt,PressEnter.duration,img_Var.routineStartVal,initiate.started,initiate.stopped,img_Var.routineEndVal,logical_Var.routineEndVal,corrColor_Var.routineEndVal,corrR_Var.routineEndVal,corrG_Var.routineEndVal,corrB_Var.routineEndVal,filterCount.routineEndVal,img_Var1.routineEndVal,trial_counter.routineEndVal,answer.routineStartVal,trial_1.started,img.started,blue.started,yellow.started,purple.started,cyan.started,red.started,green.started,RBGInfo.started,R.started,G.started,B.started,spacebar.started,trial_1.stopped,corrColorVar.routineEndVal,filterChange.routineEndVal,trials.spacebar.keys,trials.spacebar.rt,trials.spacebar.duration,trials.blue.numClicks,trials.blue.timesOn,trials.blue.timesOff,trials.yellow.numClicks,trials.yellow.timesOn,trials.yellow.timesOff,trials.purple.numClicks,trials.purple.timesOn,trials.purple.timesOff,trials.cyan.numClicks,trials.cyan.timesOn,trials.cyan.timesOff,trials.red.numClicks,trials.red.timesOn,trials.red.timesOff,trials.green.numClicks,trials.green.timesOn,trials.green.timesOff,answer.routineEndVal,Pause350.started,text_8.started,text_8.stopped,Pause350.stopped,confidence.started,slider.started,text_9.started,mouse_2.started,text_answer.started,green_3.started,button2.started,confidence.stopped,trials.slider.response,trials.slider.rt,trials.slider.history,trials.mouse_2.x,trials.mouse_2.y,trials.mouse_2.leftButton,trials.mouse_2.midButton,trials.mouse_2.rightButton,trials.mouse_2.time,trials.mouse_2.clicked_name,trials.button2.numClicks,trials.button2.timesOn,trials.button2.timesOff,trials.blue_3.numClicks,trials.blue_3.timesOn,trials.blue_3.timesOff,trials.yellow_3.numClicks,trials.yellow_3.timesOn,trials.yellow_3.timesOff,trials.purple_3.numClicks,trials.purple_3.timesOn,trials.purple_3.timesOff,trials.cyan_3.numClicks,trials.cyan_3.timesOn,trials.cyan_3.timesOff,trials.red_3.numClicks,trials.red_3.timesOn,trials.red_3.timesOff,trials.green_3.numClicks,trials.green_3.timesOn,trials.green_3.timesOff,confirm.started,Button3.started,correctAnswer.started,RBGInfo_2.started,R_2.started,G_2.started,B_2.started,key_resp.started,confirm.stopped,trials.Button3.numClicks,trials.Button3.timesOn,trials.Button3.timesOff,trials.blue_2.numClicks,trials.blue_2.timesOn,trials.blue_2.timesOff,trials.yellow_2.numClicks,trials.yellow_2.timesOn,trials.yellow_2.timesOff,trials.purple_2.numClicks,trials.purple_2.timesOn,trials.purple_2.timesOff,trials.cyan_2.numClicks,trials.cyan_2.timesOn,trials.cyan_2.timesOff,trials.red_2.numClicks,trials.red_2.timesOn,trials.red_2.timesOff,trials.green_2.numClicks,trials.green_2.timesOn,trials.green_2.timesOff,trials.key_resp.keys,PauseEnd.started,text_11.started,text_11.stopped,PauseEnd.stopped,colorList.routineEndVal,blue_3.started,yellow_3.started,red_3.started,BaselineOverrideInfo.started,cyan_3.started,purple_3.started,wrongAnswer.started,corrColor_2.started,blue_2.started,yellow_2.started,purple_2.started,cyan_2.started,red_2.started,green_2.started,purple_2.stopped,cyan_2.stopped,red_2.stopped,green_2.stopped,wrongAnswer.stopped,corrColor_2.stopped,blue_2.stopped,yellow_2.stopped,congrats.started,GoodJob.started,congrats.stopped,trial_counter.endExpVal,colorList.expEndVal,participant,session,date,expName,expVersion,psychopyVersion,frameRate,expStart
,,,,,,,,,,,,,,,,,,,,,,,,,,,,,,,,,,,,,,,,,,,,,,,,,,,,,,,,,,,,,,,,,,,,,,,,,,,,,,,,,,,,,,,,,,,FALSE,0.0068783,0.0274723,0.8087546,1.0085715,13.7025749,return,12.7979427,None,,,,,,,,,,,,,,,,,,,,,,,,,,,,,,,,,,,,,,,,,,,,,,,,,,,,,,,,,,,,,,,,,,,,,,,,,,,,,,,,,,,,,,,,,,,,,,,,,,,,,,,,,,,,,,,,,,,,,,,,,,,,,,,,,,,,,,,,,,,,,,,,,,,,,,,,,,,,,,1,1,2026-03-16_19h25.46.917,Baseline,,2026.01.01,59.49151419,2026-03-16 19h25.47.500195 +0100
01/Jan,016_Green.jpg,TRUE,Green,9,100,4,01-1/016_Green_0.png,0,0,0,['space'],[20.66428599995561],[0.15438869991339743],0,,,0,,,0,,,0,,,0,,,1,[31.186490699881688],[31.186509099788964],5,2.4310269,"[(5.0, 2.431026899954304)]","[0.38083333333333336, 0.04583333333333333]","[-0.0125, -0.2725]","[1, 1]","[0, 0]","[0, 0]","[2.181739600142464, 3.6630287000443786]","[None, 'button2']",1,[3.6743355998769403],[3.674345999956131],0,,,0,,,0,,,0,,,0,,,0,,,1,[1.4198982999660075],[1.4199126998428255],0,,,0,,,0,,,0,,,0,,,0,,,None,0,0,0,22,13.8414384,,,,,,,,,,,01-1/016_Green_0.png,13.7286321,13.7292117,01-1/016_Green_0.png,TRUE,Green,9,100,4,"[15.618877599947155, 19.31175210000947, 21.688457099953666]",01-1/016_Green_0.png,1,,13.7634378,13.8414384,13.8414384,13.8414384,13.8414384,13.8414384,13.8414384,13.8414384,13.8414384,13.8414384,13.8414384,13.8414384,14.6254313,44.9160108,Green,3,['space'],[20.66428599995561],[0.15438869991339743],0,,,0,,,0,,,0,,,0,,,1,[31.186490699881688],[31.186509099788964],Green,48.9419578,48.9601387,45.3250275,49.2951727,45.2767215,45.3250275,45.3250275,0.0103831,45.3250275,45.3250275,47.7443438,48.9416363,5,2.4310269,"[(5.0, 2.431026899954304)]","[0.38083333333333336, 0.04583333333333333]","[-0.0125, -0.2725]","[1, 1]","[0, 0]","[0, 0]","[2.181739600142464, 3.6630287000443786]","[None, 'button2']",1,[3.6743355998769403],[3.674345999956131],0,,,0,,,0,,,0,,,0,,,0,,,49.3325676,49.35608,49.35608,49.35608,49.35608,49.35608,49.35608,49.35608,50.7133381,1,[1.4198982999660075],[1.4199126998428255],0,,,0,,,0,,,0,,,0,,,0,,,None,50.713696,50.7250048,51.1579177,51.0591112,['Green'],,,,,,,,,,,,,,,,,,,,,,,,,,,,1,1,2026-03-16_19h25.46.917,Baseline,,2026.01.01,59.49151419,2026-03-16 19h25.47.500195 +0100
01/Jan,006_Blue.jpg,TRUE,Blue,2,6,100,01-1/006_Blue_0.png,1,1,0,"['space', 'space', 'space']","[5.025564200012013, 5.8651066001039, 10.097414100077003]","[0.17029400006867945, 0.15252829995006323, 0.14292239979840815]",1,[16.129038899904117],[16.129052799893543],0,,,0,,,0,,,0,,,0,,,5,2.0201343,"[(5.0, 2.020134299993515)]","[0.3725, 0.0475]","[0.0, -0.26666666666666666]","[1, 1]","[0, 0]","[0, 0]","[1.7972822000738233, 3.0949260001070797]","[None, 'button2']",1,[3.1011781997513026],[3.101189599838108],0,,,0,,,0,,,0,,,0,,,0,,,1,[1.20105449995026],[1.201066300040111],0,,,0,,,0,,,0,,,0,,,0,,,None,0,1,1,0,51.1579177,,,,,,,,,,,01-1/006_Blue_0.png,51.0596174,51.0597276,01-1/006_Blue_0.png,TRUE,Blue,2,6,100,"[5.909660599892959, 6.805581699823961, 11.039134499849752]",01-1/006_Blue_0.png,2,,51.0702738,51.1579177,51.1579177,51.1579177,51.1579177,51.1579177,51.1579177,51.1579177,51.1579177,51.1579177,51.1579177,51.1579177,51.9413096,67.1892822,Blue,3,"['space', 'space', 'space']","[5.025564200012013, 5.8651066001039, 10.097414100077003]","[0.17029400006867945, 0.15252829995006323, 0.14292239979840815]",1,[16.129038899904117],[16.129052799893543],0,,,0,,,0,,,0,,,0,,,Blue,70.642641,70.6594383,,70.9928794,67.5452392,67.5725304,67.5725304,0.0057694,67.5725304,,69.6221235,70.6422006,5,2.0201343,"[(5.0, 2.020134299993515)]","[0.3725, 0.0475]","[0.0, -0.26666666666666666]","[1, 1]","[0, 0]","[0, 0]","[1.7972822000738233, 3.0949260001070797]","[None, 'button2']",1,[3.1011781997513026],[3.101189599838108],0,,,0,,,0,,,0,,,0,,,0,,,71.0166159,71.0389657,71.0389657,71.0389657,71.0389657,71.0389657,71.0389657,71.0389657,72.1948466,1,[1.20105449995026],[1.201066300040111],0,,,0,,,0,,,0,,,0,,,0,,,None,72.1952874,72.2077707,,72.5572355,"['Green', 'Blue']",67.5725304,,,,,,,,,,,,,,,,,,,,,,,,,,,1,1,2026-03-16_19h25.46.917,Baseline,,2026.01.01,59.49151419,2026-03-16 19h25.47.500195 +0100
01/Jan,006_Yellow.jpg,TRUE,Yellow,100,100,9,01-1/006_Yellow_0.png,2,2,0,"['space', 'space', 'space']","[11.451913099968806, 13.256572999991477, 17.048096799990162]","[0.15208719996735454, 0.1610773999709636, 0.16124399984255433]",0,,,1,[25.919667599955574],[25.91969080013223],0,,,0,,,0,,,0,,,5,1.5479966,"[(5.0, 1.5479966001585126)]","[0.38166666666666665, 0.049166666666666664]","[-0.03666666666666667, -0.2925]","[1, 1]","[0, 0]","[0, 0]","[1.3125793000217527, 2.756505799945444]","[None, 'button2']",1,[2.7594299998600036],[2.759444899857044],0,,,0,,,0,,,0,,,0,,,0,,,1,[1.1002770997583866],[1.100292399758473],0,,,0,,,0,,,0,,,0,,,0,,,None,0,2,2,3,72.6393314,,,,,,,,,,,01-1/006_Yellow_0.png,72.5581249,72.5582596,01-1/006_Yellow_0.png,TRUE,Yellow,100,100,9,"[12.344960000133142, 14.216213300125673, 17.98878960008733]",01-1/006_Yellow_0.png,3,,72.56379,72.6393314,72.6393314,72.6393314,72.6393314,72.6393314,72.6393314,72.6393314,72.6393314,72.6393314,72.6393314,72.6393314,73.4233712,98.4790808,Yellow,3,"['space', 'space', 'space']","[11.451913099968806, 13.256572999991477, 17.048096799990162]","[0.15208719996735454, 0.1610773999709636, 0.16124399984255433]",0,,,1,[25.919667599955574],[25.91969080013223],0,,,0,,,0,,,0,,,Yellow,101.5909663,101.6073737,101.9705301,101.9408984,98.8315796,98.871073,98.871073,0.0020718,98.871073,,100.4377837,101.5904252,5,1.5479966,"[(5.0, 1.5479966001585126)]","[0.38166666666666665, 0.049166666666666664]","[-0.03666666666666667, -0.2925]","[1, 1]","[0, 0]","[0, 0]","[1.3125793000217527, 2.756505799945444]","[None, 'button2']",1,[2.7594299998600036],[2.759444899857044],0,,,0,,,0,,,0,,,0,,,0,,,101.9571934,101.9705301,101.9705301,101.9705301,101.9705301,101.9705301,101.9705301,101.9705301,103.0423876,1,[1.1002770997583866],[1.100292399758473],0,,,0,,,0,,,0,,,0,,,0,,,None,103.0426921,103.0573145,103.4718024,103.3903484,"['Green', 'Blue', 'Yellow']",,98.871073,,,,,,,,,,,,,,,,,,,,,,,,,,1,1,2026-03-16_19h25.46.917,Baseline,,2026.01.01,59.49151419,2026-03-16 19h25.47.500195 +0100
01/Jan,022_Blue.jpg,TRUE,Blue,4,0,99,01-1/022_Blue_0.png,3,3,0,None,,,1,[5.1220958000048995],[5.122106400085613],0,,,0,,,0,,,0,,,0,,,5,2.0312137,"[(5.0, 2.03121370007284)]","[0.375, 0.06916666666666667]","[-0.01, -0.27166666666666667]","[1, 1]","[0, 0]","[0, 0]","[1.808711800025776, 3.3088461000006646]","[None, 'button2']",1,[3.310047499835491],[3.3100627998355776],0,,,0,,,0,,,0,,,0,,,0,,,1,[1.104569299845025],[1.1045881998725235],0,,,0,,,0,,,0,,,0,,,0,,,None,0,3,3,38,103.4718024,,,,,,,,,,,01-1/022_Blue_0.png,103.3907751,103.3908751,01-1/022_Blue_0.png,TRUE,Blue,4,0,99,[],01-1/022_Blue_0.png,4,,103.3994936,103.4718024,103.4718024,103.4718024,103.4718024,103.4718024,103.4718024,103.4718024,103.4718024,103.4718024,103.4718024,103.4718024,104.2554593,108.5135338,Blue,0,None,,,1,[5.1220958000048995],[5.122106400085613],0,,,0,,,0,,,0,,,0,,,Blue,112.1763548,112.193787,108.887584,112.5290964,108.8640228,108.887584,108.887584,0.000368,108.887584,,110.9548783,112.1757097,5,2.0312137,"[(5.0, 2.03121370007284)]","[0.375, 0.06916666666666667]","[-0.01, -0.27166666666666667]","[1, 1]","[0, 0]","[0, 0]","[1.808711800025776, 3.3088461000006646]","[None, 'button2']",1,[3.310047499835491],[3.3100627998355776],0,,,0,,,0,,,0,,,0,,,0,,,112.5399176,112.5579912,112.5579912,112.5579912,112.5579912,112.5579912,112.5579912,112.5579912,113.6322029,1,[1.104569299845025],[1.1045881998725235],0,,,0,,,0,,,0,,,0,,,0,,,None,113.632603,113.6556453,,113.9932023,"['Green', 'Blue', 'Yellow', 'Blue']",108.887584,,,,,,,,,,,,,,,,,,,,,,,,,,,1,1,2026-03-16_19h25.46.917,Baseline,,2026.01.01,59.49151419,2026-03-16 19h25.47.500195 +0100
01/Jan,021_Yellow.jpg,TRUE,Yellow,99,88,0,01-1/021_Yellow_0.png,4,4,0,"['space', 'space', 'space']","[6.261941599892452, 7.0558158999774605, 8.296511499909684]","[0.10687589994631708, 0.14355249982327223, 0.09843120002187788]",0,,,1,[14.431443199981004],[14.431459400104359],0,,,0,,,0,,,0,,,5,1.5309045,"[(5.0, 1.530904500046745)]","[0.365, 0.049166666666666664]","[-0.024166666666666666, -0.2775]","[1, 1]","[0, 0]","[0, 0]","[1.3209948998410255, 2.619753499981016]","[None, 'button2']",1,[2.6293204999528825],[2.6293351999484003],0,,,0,,,0,,,0,,,0,,,0,,,1,[0.762043199967593],[0.7620679999236017],0,,,0,,,0,,,0,,,0,,,0,,,None,0,4,4,37,114.1595233,,,,,,,,,,,01-1/021_Yellow_0.png,113.9939451,113.9941384,01-1/021_Yellow_0.png,TRUE,Yellow,99,88,0,"[7.244960100157186, 8.031351200072095, 9.316478700144216]",01-1/021_Yellow_0.png,5,,114.006732,114.1595233,114.1595233,114.1595233,114.1595233,114.1595233,114.1595233,114.1595233,114.1595233,114.1595233,114.1595233,114.1595233,114.9593339,128.4263209,Yellow,3,"['space', 'space', 'space']","[6.261941599892452, 7.0558158999774605, 8.296511499909684]","[0.10687589994631708, 0.14355249982327223, 0.09843120002187788]",0,,,1,[14.431443199981004],[14.431459400104359],0,,,0,,,0,,,0,,,Yellow,131.4081118,131.4254342,,131.7730829,128.7852329,128.8221263,128.8221263,0.0086192,128.8221263,,130.3723116,131.4075351,5,1.5309045,"[(5.0, 1.530904500046745)]","[0.365, 0.049166666666666664]","[-0.024166666666666666, -0.2775]","[1, 1]","[0, 0]","[0, 0]","[1.3209948998410255, 2.619753499981016]","[None, 'button2']",1,[2.6293204999528825],[2.6293351999484003],0,,,0,,,0,,,0,,,0,,,0,,,131.7808536,131.8052794,131.8052794,131.8052794,131.8052794,131.8052794,131.8052794,131.8052794,132.5230263,1,[0.762043199967593],[0.7620679999236017],0,,,0,,,0,,,0,,,0,,,0,,,None,132.5233426,132.5394536,,132.874159,"['Green', 'Blue', 'Yellow', 'Blue', 'Yellow']",,128.8221263,,,,,,,,,,,,,,,,,,,,,,,,,,1,1,2026-03-16_19h25.46.917,Baseline,,2026.01.01,59.49151419,2026-03-16 19h25.47.500195 +0100
01/Jan,006_Red.jpg,TRUE,Red,98,0,0,01-1/006_Red_0.png,5,5,0,None,,,0,,,0,,,0,,,0,,,1,[8.435082599986345],[8.435102500021458],0,,,5,1.464843,"[(5.0, 1.4648430000524968)]","[0.38916666666666666, 0.058333333333333334]","[-0.03666666666666667, -0.2816666666666667]","[1, 1]","[0, 0]","[0, 0]","[1.2313353000208735, 2.761366599937901]","[None, 'button2']",1,[2.760895699961111],[2.760908199939877],0,,,0,,,0,,,0,,,0,,,0,,,1,[11.051316799828783],[11.051331299822778],0,,,0,,,0,,,0,,,0,,,0,,,None,0,5,5,2,132.989446,,,,,,,,,,,01-1/006_Red_0.png,132.8748987,132.8750956,01-1/006_Red_0.png,TRUE,Red,98,0,0,[],01-1/006_Red_0.png,6,,132.8858772,132.989446,132.989446,132.989446,132.989446,132.989446,132.989446,132.989446,132.989446,132.989446,132.989446,132.989446,133.7721734,141.31064,Red,0,None,,,0,,,0,,,0,,,0,,,1,[8.435082599986345],[8.435102500021458],0,,,Red,144.4241033,144.4397532,144.8032815,144.7738332,141.6600211,141.6867425,141.6867425,-0.0009464,141.6867425,,143.1553968,144.4233969,5,1.464843,"[(5.0, 1.4648430000524968)]","[0.38916666666666666, 0.058333333333333334]","[-0.03666666666666667, -0.2816666666666667]","[1, 1]","[0, 0]","[0, 0]","[1.2313353000208735, 2.761366599937901]","[None, 'button2']",1,[2.760895699961111],[2.760908199939877],0,,,0,,,0,,,0,,,0,,,0,,,144.7882918,144.8032815,144.8032815,144.8032815,144.8032815,144.8032815,144.8032815,144.8032815,155.826733,1,[11.051316799828783],[11.051331299822778],0,,,0,,,0,,,0,,,0,,,0,,,None,155.8270623,155.8381684,156.2701435,156.1714062,"['Green', 'Blue', 'Yellow', 'Blue', 'Yellow', 'Red']",,,141.6867425,144.8032815,,,,,,,,,,,,,,,,,,,,,,,,1,1,2026-03-16_19h25.46.917,Baseline,,2026.01.01,59.49151419,2026-03-16 19h25.47.500195 +0100
01/Jan,012_Green.jpg,TRUE,Green,3,94,4,01-1/012_Green_0.png,6,6,0,"['space', 'space', 'space']","[6.730864900164306, 12.214477100176737, 15.361495400080457]","[0.1521364999935031, 0.15231779986061156, 0.15227750013582408]",0,,,0,,,0,,,0,,,0,,,1,[24.305092399939895],[24.305101699894294],5,1.9135661,"[(5.0, 1.9135660999454558)]","[0.3566666666666667, 0.03916666666666667]","[-0.0175, -0.2833333333333333]","[1, 1]","[0, 0]","[0, 0]","[1.6753591999877244, 2.959402099950239]","[None, 'button2']",1,[2.960380799835548],[2.9603869998827577],0,,,0,,,0,,,0,,,0,,,0,,,1,[1.268400999950245],[1.2684136999305338],0,,,0,,,0,,,0,,,0,,,0,,,None,0,6,6,17,156.2701435,,,,,,,,,,,01-1/012_Green_0.png,156.1721,156.1722623,01-1/012_Green_0.png,TRUE,Green,3,94,4,"[7.681926100049168, 13.166281499899924, 16.36908710002899]",01-1/012_Green_0.png,7,,156.1839403,156.2701435,156.2701435,156.2701435,156.2701435,156.2701435,156.2701435,156.2701435,156.2701435,156.2701435,156.2701435,156.2701435,157.104091,180.4775399,Green,3,"['space', 'space', 'space']","[6.730864900164306, 12.214477100176737, 15.361495400080457]","[0.1521364999935031, 0.15231779986061156, 0.15227750013582408]",0,,,0,,,0,,,0,,,0,,,1,[24.305092399939895],[24.305101699894294],Green,183.7890798,183.8045412,184.1678486,184.1391829,180.8280071,180.8688847,180.8688847,0.0003105,180.8688847,180.8688847,182.8015833,183.7888244,5,1.9135661,"[(5.0, 1.9135660999454558)]","[0.3566666666666667, 0.03916666666666667]","[-0.0175, -0.2833333333333333]","[1, 1]","[0, 0]","[0, 0]","[1.6753591999877244, 2.959402099950239]","[None, 'button2']",1,[2.960380799835548],[2.9603869998827577],0,,,0,,,0,,,0,,,0,,,0,,,184.1516744,184.1678486,184.1678486,184.1678486,184.1678486,184.1678486,184.1678486,184.1678486,185.408527,1,[1.268400999950245],[1.2684136999305338],0,,,0,,,0,,,0,,,0,,,0,,,None,185.4087232,185.420496,185.8700481,185.7554729,"['Green', 'Blue', 'Yellow', 'Blue', 'Yellow', 'Red', 'Green']",,,,184.1678486,,,,,,,,,,,,,,,,,,,,,,,,1,1,2026-03-16_19h25.46.917,Baseline,,2026.01.01,59.49151419,2026-03-16 19h25.47.500195 +0100
01/Jan,022_Cyan.jpg,TRUE,Cyan,0,96,90,01-1/022_Cyan_0.png,7,7,0,"['space', 'space', 'space']","[8.625116999959573, 11.267967999912798, 14.597974899923429]","[0.1795574000570923, 0.13377780001610518, 0.12535630003549159]",0,,,0,,,0,,,1,[20.85021930001676],[20.850238700164482],0,,,0,,,5,2.0464105,"[(5.0, 2.046410499839112)]","[0.3725, 0.05416666666666667]","[-0.035833333333333335, -0.28]","[1, 1]","[0, 0]","[0, 0]","[1.7944064000621438, 3.5062693001236767]","[None, 'button2']",1,[3.5110889999195933],[3.511102399788797],0,,,0,,,0,,,0,,,0,,,0,,,1,[1.0507210998330265],[1.050734399817884],0,,,0,,,0,,,0,,,0,,,0,,,None,0,7,7,39,185.8700481,,,,,,,,,,,01-1/022_Cyan_0.png,185.7561575,185.7563075,01-1/022_Cyan_0.png,TRUE,Cyan,0,96,90,"[9.572150100022554, 12.159667500061914, 15.56862340006046]",01-1/022_Cyan_0.png,8,,185.7668288,185.8700481,185.8700481,185.8700481,185.8700481,185.8700481,185.8700481,185.8700481,185.8700481,185.8700481,185.8700481,185.8700481,186.6365711,206.6071104,Cyan,3,"['space', 'space', 'space']","[8.625116999959573, 11.267967999912798, 14.597974899923429]","[0.1795574000570923, 0.13377780001610518, 0.12535630003549159]",0,,,0,,,0,,,1,[20.85021930001676],[20.850238700164482],0,,,0,,,Cyan,210.4704786,210.4884778,206.9846293,210.8366625,206.9614936,206.9846293,206.9846293,0.0040655,206.9846293,,209.0674043,210.4699759,5,2.0464105,"[(5.0, 2.046410499839112)]","[0.3725, 0.05416666666666667]","[-0.035833333333333335, -0.28]","[1, 1]","[0, 0]","[0, 0]","[1.7944064000621438, 3.5062693001236767]","[None, 'button2']",1,[3.5110889999195933],[3.511102399788797],0,,,0,,,0,,,0,,,0,,,0,,,210.8458239,210.866925,210.866925,210.866925,210.866925,210.866925,210.866925,210.866925,211.8724048,1,[1.0507210998330265],[1.050734399817884],0,,,0,,,0,,,0,,,0,,,0,,,None,211.872765,211.8871009,212.3193293,212.2212824,"['Green', 'Blue', 'Yellow', 'Blue', 'Yellow', 'Red', 'Green', 'Cyan']",,,,210.866925,206.9846293,,,,,,,,,,,,,,,,,,,,,,,1,1,2026-03-16_19h25.46.917,Baseline,,2026.01.01,59.49151419,2026-03-16 19h25.47.500195 +0100
01/Jan,022_Yellow.jpg,TRUE,Yellow,98,91,2,01-1/022_Yellow_0.png,8,8,0,None,,,0,,,1,[10.282501100096852],[10.282510800054297],0,,,0,,,0,,,0,,,5,2.0312799,"[(5.0, 2.0312798998784274)]","[0.36666666666666664, 0.06]","[-0.03166666666666667, -0.2866666666666667]","[1, 1]","[0, 0]","[0, 0]","[1.7741135999094695, 2.957614300074056]","[None, 'button2']",1,[2.963488999987021],[2.963501599850133],0,,,0,,,0,,,0,,,0,,,0,,,1,[1.034723699791357],[1.0347367997746915],0,,,0,,,0,,,0,,,0,,,0,,,None,0,8,8,43,212.3193293,,,,,,,,,,,01-1/022_Yellow_0.png,212.2219775,212.2221298,01-1/022_Yellow_0.png,TRUE,Yellow,98,91,2,[],01-1/022_Yellow_0.png,9,,212.2317477,212.3193293,212.3193293,212.3193293,212.3193293,212.3193293,212.3193293,212.3193293,212.3193293,212.3193293,212.3193293,212.3193293,213.1686276,222.5050733,Yellow,0,None,,,0,,,1,[10.282501100096852],[10.282510800054297],0,,,0,,,0,,,0,,,Yellow,225.8206624,225.8367017,226.2002913,226.1707085,222.8603707,222.883338,222.883338,0.0051719,222.883338,,224.9358771,225.82014,5,2.0312799,"[(5.0, 2.0312798998784274)]","[0.36666666666666664, 0.06]","[-0.03166666666666667, -0.2866666666666667]","[1, 1]","[0, 0]","[0, 0]","[1.7741135999094695, 2.957614300074056]","[None, 'button2']",1,[2.963488999987021],[2.963501599850133],0,,,0,,,0,,,0,,,0,,,0,,,226.1821075,226.2002913,226.2002913,226.2002913,226.2002913,226.2002913,226.2002913,226.2002913,227.2066114,1,[1.034723699791357],[1.0347367997746915],0,,,0,,,0,,,0,,,0,,,0,,,None,227.2069517,227.2204589,,227.5683847,"['Green', 'Blue', 'Yellow', 'Blue', 'Yellow', 'Red', 'Green', 'Cyan', 'Yellow']",,222.883338,,226.2002913,,,,,,,,,,,,,,,,,,,,,,,,1,1,2026-03-16_19h25.46.917,Baseline,,2026.01.01,59.49151419,2026-03-16 19h25.47.500195 +0100
01/Jan,024_Green.jpg,TRUE,Green,2,100,1,01-1/024_Green_0.png,9,9,0,None,,,0,,,0,,,0,,,0,,,0,,,1,[6.557397800032049],[6.557416900061071],5,1.3463997,"[(5.0, 1.3463997000362724)]","[0.36666666666666664, 0.050833333333333335]","[-0.025833333333333333, -0.275]","[1, 1]","[0, 0]","[0, 0]","[1.1107831997796893, 2.4726690999232233]","[None, 'button2']",1,[2.4727590999100357],[2.472766799852252],0,,,0,,,0,,,0,,,0,,,0,,,1,[0.9374156999401748],[0.9374432999175042],0,,,0,,,0,,,0,,,0,,,0,,,None,0,9,9,49,227.6516294,,,,,,,,,,,01-1/024_Green_0.png,227.5689465,227.5691045,01-1/024_Green_0.png,TRUE,Green,2,100,1,[],01-1/024_Green_0.png,10,,227.575555,227.6516294,227.6516294,227.6516294,227.6516294,227.6516294,227.6516294,227.6516294,227.6516294,227.6516294,227.6516294,227.6516294,228.4679739,234.126825,Green,0,None,,,0,,,0,,,0,,,0,,,0,,,1,[6.557397800032049],[6.557416900061071],Green,236.9511755,236.9698071,234.51684,237.3035263,234.4763839,234.51684,234.51684,-0.0006809,234.51684,234.51684,235.8662819,236.9508205,5,1.3463997,"[(5.0, 1.3463997000362724)]","[0.36666666666666664, 0.050833333333333335]","[-0.025833333333333333, -0.275]","[1, 1]","[0, 0]","[0, 0]","[1.1107831997796893, 2.4726690999232233]","[None, 'button2']",1,[2.4727590999100357],[2.472766799852252],0,,,0,,,0,,,0,,,0,,,0,,,237.3125754,237.3327094,237.3327094,237.3327094,237.3327094,237.3327094,237.3327094,237.3327094,238.2402202,1,[0.9374156999401748],[0.9374432999175042],0,,,0,,,0,,,0,,,0,,,0,,,None,238.2406139,238.2526037,238.6839429,238.5861498,"['Green', 'Blue', 'Yellow', 'Blue', 'Yellow', 'Red', 'Green', 'Cyan', 'Yellow', 'Green']",,,,237.3327094,,,,,,,,,,,,,,,,,,,,,,,,1,1,2026-03-16_19h25.46.917,Baseline,,2026.01.01,59.49151419,2026-03-16 19h25.47.500195 +0100
01/Jan,016_Yellow.jpg,TRUE,Yellow,98,100,11,01-1/016_Yellow_0.png,10,10,0,"['space', 'space', 'space', 'space', 'space', 'space', 'space']","[10.34498509997502, 10.930974900024012, 12.003155600046739, 13.365637600189075, 14.563734600087628, 15.067510799970478, 15.309007400181144]","[0.13305380009114742, 0.09798189997673035, 0.15240860008634627, 0.13401579996570945, 0.10669300006702542, 0.09778479998931289, 0.10691979993134737]",0,,,1,[24.084278699941933],[24.084298599977046],0,,,0,,,0,,,0,,,5,1.9790276,"[(5.0, 1.9790276000276208)]","[0.3625, 0.03916666666666667]","[-0.02, -0.27416666666666667]","[1, 1]","[0, 0]","[0, 0]","[1.7391528999432921, 2.855083799920976]","[None, 'button2']",1,[2.859581399941817],[2.859591799788177],0,,,0,,,0,,,0,,,0,,,0,,,1,[1.4530817000195384],[1.4530877000652254],0,,,0,,,0,,,0,,,0,,,0,,,None,0,10,10,25,238.6839429,,,,,,,,,,,01-1/016_Yellow_0.png,238.5866022,238.5866999,01-1/016_Yellow_0.png,TRUE,Yellow,98,100,11,"[11.253520800033584, 11.886680300114676, 12.964435300091282, 14.329266299959272, 15.46481420006603, 15.950596800073981, 16.21978950011544]",01-1/016_Yellow_0.png,11,,238.5971424,238.6839429,238.6839429,238.6839429,238.6839429,238.6839429,238.6839429,238.6839429,238.6839429,238.6839429,238.6839429,238.6839429,239.4676211,262.6718624,Yellow,3,"['space', 'space', 'space', 'space', 'space', 'space', 'space']","[10.34498509997502, 10.930974900024012, 12.003155600046739, 13.365637600189075, 14.563734600087628, 15.067510799970478, 15.309007400181144]","[0.13305380009114742, 0.09798189997673035, 0.15240860008634627, 0.13401579996570945, 0.10669300006702542, 0.09778479998931289, 0.10691979993134737]",0,,,1,[24.084278699941933],[24.084298599977046],0,,,0,,,0,,,0,,,Yellow,265.8831626,265.9019464,263.0488401,266.2345298,263.0258308,263.0488401,263.0488401,0.0037324,263.0488401,,265.0331464,265.8828006,5,1.9790276,"[(5.0, 1.9790276000276208)]","[0.3625, 0.03916666666666667]","[-0.02, -0.27416666666666667]","[1, 1]","[0, 0]","[0, 0]","[1.7391528999432921, 2.855083799920976]","[None, 'button2']",1,[2.859581399941817],[2.859591799788177],0,,,0,,,0,,,0,,,0,,,0,,,266.2428697,266.2645394,266.2645394,266.2645394,266.2645394,266.2645394,266.2645394,266.2645394,267.6868108,1,[1.4530817000195384],[1.4530877000652254],0,,,0,,,0,,,0,,,0,,,0,,,None,267.6869775,267.7005946,268.1156479,268.0338526,"['Green', 'Blue', 'Yellow', 'Blue', 'Yellow', 'Red', 'Green', 'Cyan', 'Yellow', 'Green', 'Yellow']",,263.0488401,,266.2645394,,,,,,,,,,,,,,,,,,,,,,,,1,1,2026-03-16_19h25.46.917,Baseline,,2026.01.01,59.49151419,2026-03-16 19h25.47.500195 +0100
01/Jan,024_Blue.jpg,TRUE,Blue,2,2,100,01-1/024_Blue_0.png,11,11,0,None,,,1,[6.560468100011349],[6.560492499964312],0,,,0,,,0,,,0,,,0,,,5,1.4142315,"[(5.0, 1.4142315001226962)]","[0.3975, -0.0125]","[-0.014166666666666666, -0.3]","[1, 1]","[0, 0]","[0, 0]","[1.1959593000356108, 2.559323500143364]","[None, 'button2']",1,[2.569165199995041],[2.5691780999768525],0,,,0,,,0,,,0,,,0,,,0,,,1,[0.7524498999118805],[0.7524602997582406],0,,,0,,,0,,,0,,,0,,,0,,,None,0,11,11,48,268.1156479,,,,,,,,,,,01-1/024_Blue_0.png,268.0342965,268.0343943,01-1/024_Blue_0.png,TRUE,Blue,2,2,100,[],01-1/024_Blue_0.png,12,,268.0443277,268.1156479,268.1156479,268.1156479,268.1156479,268.1156479,268.1156479,268.1156479,268.1156479,268.1156479,268.1156479,268.1156479,268.9328497,274.5959087,Blue,0,None,,,1,[6.560468100011349],[6.560492499964312],0,,,0,,,0,,,0,,,0,,,Blue,277.5179284,277.5346941,,277.8686749,274.9554636,274.9816117,274.9816117,0.009311,274.9816117,,276.415241,277.517343,5,1.4142315,"[(5.0, 1.4142315001226962)]","[0.3975, -0.0125]","[-0.014166666666666666, -0.3]","[1, 1]","[0, 0]","[0, 0]","[1.1959593000356108, 2.559323500143364]","[None, 'button2']",1,[2.569165199995041],[2.5691780999768525],0,,,0,,,0,,,0,,,0,,,0,,,277.8795256,277.8978506,277.8978506,277.8978506,277.8978506,277.8978506,277.8978506,277.8978506,278.6219903,1,[0.7524498999118805],[0.7524602997582406],0,,,0,,,0,,,0,,,0,,,0,,,None,278.6224035,278.633978,279.0653753,278.9723691,"['Green', 'Blue', 'Yellow', 'Blue', 'Yellow', 'Red', 'Green', 'Cyan', 'Yellow', 'Green', 'Yellow', 'Blue']",274.9816117,,,277.8978506,,,,,,,,,,,,,,,,,,,,,,,,1,1,2026-03-16_19h25.46.917,Baseline,,2026.01.01,59.49151419,2026-03-16 19h25.47.500195 +0100
01/Jan,018_Red.jpg,TRUE,Red,97,0,11,01-1/018_Red_0.png,12,12,0,"['space', 'space']","[14.122937500011176, 15.967278600204736]","[0.13444850011728704, 0.11591389984823763]",0,,,0,,,0,,,0,,,1,[23.603143100161105],[23.60315700015053],0,,,4,1.7648702,"[(4.0, 1.7648701998405159)]","[0.16916666666666666, 0.02666666666666667]","[-0.015, -0.3]","[1, 1]","[0, 0]","[0, 0]","[1.5253781999927014, 3.35883569996804]","[None, 'button2']",1,[3.373201600043103],[3.3732104999944568],0,,,0,,,0,,,0,,,0,,,0,,,1,[1.617541499901563],[1.6175569000188261],0,,,0,,,0,,,0,,,0,,,0,,,None,0,12,12,30,279.0653753,,,,,,,,,,,01-1/018_Red_0.png,278.9728391,278.972943,01-1/018_Red_0.png,TRUE,Red,97,0,11,"[15.039454000070691, 16.879775500157848]",01-1/018_Red_0.png,13,,278.9850383,279.0653753,279.0653753,279.0653753,279.0653753,279.0653753,279.0653753,279.0653753,279.0653753,279.0653753,279.0653753,279.0653753,279.8660433,302.5763187,Red,2,"['space', 'space']","[14.122937500011176, 15.967278600204736]","[0.13444850011728704, 0.11591389984823763]",0,,,0,,,0,,,0,,,1,[23.603143100161105],[23.60315700015053],0,,,Red,306.3008045,306.3160405,306.679991,306.6504206,302.9400582,302.9633645,302.9633645,0.01362,302.9633645,,304.7637059,306.3005645,4,1.7648702,"[(4.0, 1.7648701998405159)]","[0.16916666666666666, 0.02666666666666667]","[-0.015, -0.3]","[1, 1]","[0, 0]","[0, 0]","[1.5253781999927014, 3.35883569996804]","[None, 'button2']",1,[3.373201600043103],[3.3732104999944568],0,,,0,,,0,,,0,,,0,,,0,,,306.6611246,306.679991,306.679991,306.679991,306.679991,306.679991,306.679991,306.679991,308.2695142,1,[1.617541499901563],[1.6175569000188261],0,,,0,,,0,,,0,,,0,,,0,,,None,308.2697675,308.2820141,308.7136195,308.6156505,"['Green', 'Blue', 'Yellow', 'Blue', 'Yellow', 'Red', 'Green', 'Cyan', 'Yellow', 'Green', 'Yellow', 'Blue', 'Red']",,,302.9633645,306.679991,,,,,,,,,,,,,,,,,,,,,,,,1,1,2026-03-16_19h25.46.917,Baseline,,2026.01.01,59.49151419,2026-03-16 19h25.47.500195 +0100
01/Jan,016_Purple.jpg,TRUE,Purple,64,0,92,01-1/016_Purple_0.png,13,13,0,None,,,0,,,0,,,1,[23.979941199999303],[23.979958599898964],0,,,0,,,0,,,4,2.2306808,"[(4.0, 2.2306808000430465)]","[0.16916666666666666, 0.034166666666666665]","[-0.009166666666666667, -0.30416666666666664]","[1, 1]","[0, 0]","[0, 0]","[1.991575499996543, 4.306743300054222]","[None, 'button2']",1,[4.3155787996947765],[4.315590699901804],0,,,0,,,0,,,0,,,0,,,0,,,1,[1.167232400039211],[1.1672408999875188],0,,,0,,,0,,,0,,,0,,,0,,,None,0,13,13,23,308.7136195,,,,,,,,,,,01-1/016_Purple_0.png,308.6160701,308.6161654,01-1/016_Purple_0.png,TRUE,Purple,64,0,92,[],01-1/016_Purple_0.png,14,,308.6265069,308.7136195,308.7136195,308.7136195,308.7136195,308.7136195,308.7136195,308.7136195,308.7136195,308.7136195,308.7136195,308.7136195,309.4814609,332.5969035,Purple,0,None,,,0,,,0,,,1,[23.979941199999303],[23.979958599898964],0,,,0,,,0,,,Purple,337.2648592,337.2827423,,337.6148977,332.9552243,332.9789973,332.9789973,0.0080457,332.9789973,,335.2455544,337.2642992,4,2.2306808,"[(4.0, 2.2306808000430465)]","[0.16916666666666666, 0.034166666666666665]","[-0.009166666666666667, -0.30416666666666664]","[1, 1]","[0, 0]","[0, 0]","[1.991575499996543, 4.306743300054222]","[None, 'button2']",1,[4.3155787996947765],[4.315590699901804],0,,,0,,,0,,,0,,,0,,,0,,,337.6214026,337.6455055,337.6455055,337.6455055,337.6455055,337.6455055,337.6455055,337.6455055,338.7827205,1,[1.167232400039211],[1.1672408999875188],0,,,0,,,0,,,0,,,0,,,0,,,None,338.7829483,338.798542,339.2642002,339.1329612,"['Green', 'Blue', 'Yellow', 'Blue', 'Yellow', 'Red', 'Green', 'Cyan', 'Yellow', 'Green', 'Yellow', 'Blue', 'Red', 'Purple']",,,,337.6455055,,332.9789973,,,,,,,,,,,,,,,,,,,,,,1,1,2026-03-16_19h25.46.917,Baseline,,2026.01.01,59.49151419,2026-03-16 19h25.47.500195 +0100
01/Jan,023_Red.jpg,TRUE,Red,100,0,1,01-1/023_Red_0.png,14,14,0,None,,,0,,,0,,,0,,,0,,,1,[4.905863499967381],[4.905871999915689],0,,,5,1.7180398,"[(5.0, 1.7180397999472916)]","[0.35583333333333333, 0.050833333333333335]","[-0.03666666666666667, -0.2791666666666667]","[1, 1]","[0, 0]","[0, 0]","[1.4686960000544786, 2.833333000075072]","[None, 'button2']",1,[2.855640399735421],[2.8556491998024285],0,,,0,,,0,,,0,,,0,,,0,,,1,[0.9198195999488235],[0.91983040003106],0,,,0,,,0,,,0,,,0,,,0,,,None,0,14,14,46,339.2642002,,,,,,,,,,,01-1/023_Red_0.png,339.1336454,339.1337979,01-1/023_Red_0.png,TRUE,Red,100,0,1,[],01-1/023_Red_0.png,15,,339.1440949,339.2642002,339.2642002,339.2642002,339.2642002,339.2642002,339.2642002,339.2642002,339.2642002,339.2642002,339.2642002,339.2642002,340.0307131,344.0398886,Red,0,None,,,0,,,0,,,0,,,0,,,1,[4.905863499967381],[4.905871999915689],0,,,Red,347.246865,347.2655048,344.4119881,347.5993589,344.3881937,344.4119881,344.4119881,0.0221316,344.4119881,,346.1617358,347.246604,5,1.7180398,"[(5.0, 1.7180397999472916)]","[0.35583333333333333, 0.050833333333333335]","[-0.03666666666666667, -0.2791666666666667]","[1, 1]","[0, 0]","[0, 0]","[1.4686960000544786, 2.833333000075072]","[None, 'button2']",1,[2.855640399735421],[2.8556491998024285],0,,,0,,,0,,,0,,,0,,,0,,,347.611278,347.6288576,347.6288576,347.6288576,347.6288576,347.6288576,347.6288576,347.6288576,348.5176385,1,[0.9198195999488235],[0.91983040003106],0,,,0,,,0,,,0,,,0,,,0,,,None,348.5178807,348.531087,348.9802514,348.864891,"['Green', 'Blue', 'Yellow', 'Blue', 'Yellow', 'Red', 'Green', 'Cyan', 'Yellow', 'Green', 'Yellow', 'Blue', 'Red', 'Purple', 'Red']",,,344.4119881,347.6288576,,,,,,,,,,,,,,,,,,,,,,,,1,1,2026-03-16_19h25.46.917,Baseline,,2026.01.01,59.49151419,2026-03-16 19h25.47.500195 +0100
01/Jan,007_Blue.jpg,TRUE,Blue,0,2,97,01-1/007_Blue_0.png,15,15,0,"['space', 'space', 'space']","[3.9430037001147866, 7.897957900073379, 9.849406900117174]","[0.1428588000126183, 0.12528899987228215, 0.13356409990228713]",1,[20.054115500068292],[20.054125000024214],0,,,0,,,0,,,0,,,0,,,5,2.4982392,"[(5.0, 2.4982391998637468)]","[0.3591666666666667, 0.385, 0.04583333333333333]","[-0.07166666666666667, -0.013333333333333334, -0.275]","[1, 1, 1]","[0, 0, 0]","[0, 0, 0]","[1.0592738999985158, 2.274567099986598, 3.6261460001114756]","[None, None, 'button2']",1,[3.6258006000425667],[3.62580980011262],0,,,0,,,0,,,0,,,0,,,0,,,1,[0.7198671998921782],[0.7198807999957353],0,,,0,,,0,,,0,,,0,,,0,,,None,0,15,15,4,348.9802514,,,,,,,,,,,01-1/007_Blue_0.png,348.8656956,348.8658644,01-1/007_Blue_0.png,TRUE,Blue,0,2,97,"[4.825645599979907, 8.831045099999756, 10.739955299999565]",01-1/007_Blue_0.png,16,,348.875927,348.9802514,348.9802514,348.9802514,348.9802514,348.9802514,348.9802514,348.9802514,348.9802514,348.9802514,348.9802514,348.9802514,349.7470434,368.9205245,Blue,3,"['space', 'space', 'space']","[3.9430037001147866, 7.897957900073379, 9.849406900117174]","[0.1428588000126183, 0.12528899987228215, 0.13356409990228713]",1,[20.054115500068292],[20.054125000024214],0,,,0,,,0,,,0,,,0,,,Blue,372.8982204,372.9134711,373.2780759,373.2482162,369.2698062,369.2951677,369.2951677,-0.0008996,369.2951677,,371.8148923,372.8977865,5,2.4982392,"[(5.0, 2.4982391998637468)]","[0.3591666666666667, 0.385, 0.04583333333333333]","[-0.07166666666666667, -0.013333333333333334, -0.275]","[1, 1, 1]","[0, 0, 0]","[0, 0, 0]","[1.0592738999985158, 2.274567099986598, 3.6261460001114756]","[None, None, 'button2']",1,[3.6258006000425667],[3.62580980011262],0,,,0,,,0,,,0,,,0,,,0,,,373.2607837,373.2780759,373.2780759,373.2780759,373.2780759,373.2780759,373.2780759,373.2780759,373.9690134,1,[0.7198671998921782],[0.7198807999957353],0,,,0,,,0,,,0,,,0,,,0,,,None,373.9692079,373.9808488,374.3957,374.314043,"['Green', 'Blue', 'Yellow', 'Blue', 'Yellow', 'Red', 'Green', 'Cyan', 'Yellow', 'Green', 'Yellow', 'Blue', 'Red', 'Purple', 'Red', 'Blue']",369.2951677,,,373.2780759,,,,,,,,,,,,,,,,,,,,,,,,1,1,2026-03-16_19h25.46.917,Baseline,,2026.01.01,59.49151419,2026-03-16 19h25.47.500195 +0100
01/Jan,009_Green.jpg,TRUE,Green,2,100,5,01-1/009_Green_0.png,16,16,0,"['space', 'space', 'space']","[7.252590500051156, 13.589672700036317, 14.920296299969777]","[0.16112240008078516, 0.15223699994385242, 0.14361870009452105]",0,,,0,,,0,,,0,,,0,,,1,[27.411228599958122],[27.41123649990186],5,1.4990913,"[(5.0, 1.4990912999492139)]","[0.3675, 0.01]","[-0.041666666666666664, -0.2866666666666667]","[1, 1]","[0, 0]","[0, 0]","[1.278362900018692, 2.443971599917859]","[None, 'button2']",1,[2.4510145999956876],[2.451020499924198],0,,,0,,,0,,,0,,,0,,,0,,,1,[0.6219185998197645],[0.6219360998366028],0,,,0,,,0,,,0,,,0,,,0,,,None,0,16,16,11,374.3957,,,,,,,,,,,01-1/009_Green_0.png,374.3144964,374.3145997,01-1/009_Green_0.png,TRUE,Green,2,100,5,"[8.216866599861532, 14.540084099862725, 15.870570699917153]",01-1/009_Green_0.png,17,,374.3213933,374.3957,374.3957,374.3957,374.3957,374.3957,374.3957,374.3957,374.3957,374.3957,374.3957,374.3957,375.2295576,401.7259855,Green,3,"['space', 'space', 'space']","[7.252590500051156, 13.589672700036317, 14.920296299969777]","[0.16112240008078516, 0.15223699994385242, 0.14361870009452105]",0,,,0,,,0,,,0,,,0,,,1,[27.411228599958122],[27.41123649990186],Green,404.5281726,404.5460263,,404.8798038,402.0827373,402.1100784,402.1100784,0.0066017,402.1100784,402.1100784,403.6432335,404.5279188,5,1.4990913,"[(5.0, 1.4990912999492139)]","[0.3675, 0.01]","[-0.041666666666666664, -0.2866666666666667]","[1, 1]","[0, 0]","[0, 0]","[1.278362900018692, 2.443971599917859]","[None, 'button2']",1,[2.4510145999956876],[2.451020499924198],0,,,0,,,0,,,0,,,0,,,0,,,404.8888314,404.9098194,404.9098194,404.9098194,404.9098194,404.9098194,404.9098194,404.9098194,405.5016499,1,[0.6219185998197645],[0.6219360998366028],0,,,0,,,0,,,0,,,0,,,0,,,None,405.5020288,405.5124915,405.9451365,405.8465589,"['Green', 'Blue', 'Yellow', 'Blue', 'Yellow', 'Red', 'Green', 'Cyan', 'Yellow', 'Green', 'Yellow', 'Blue', 'Red', 'Purple', 'Red', 'Blue', 'Green']",,,,404.9098194,,,,,,,,,,,,,,,,,,,,,,,,1,1,2026-03-16_19h25.46.917,Baseline,,2026.01.01,59.49151419,2026-03-16 19h25.47.500195 +0100
01/Jan,028_Purple.jpg,TRUE,Purple,66,0,95,01-1/028_Purple_0.png,17,17,0,"['space', 'space', 'space']","[8.558362700045109, 11.752844099886715, 17.44010129990056]","[0.13428909983485937, 0.09731149999424815, 0.13414099998772144]",0,,,0,,,1,[30.309612999903038],[30.30962669989094],0,,,0,,,0,,,4,1.8830794,"[(4.0, 1.8830794000532478)]","[0.165, -0.005]","[-0.008333333333333333, -0.2875]","[1, 1]","[0, 0]","[0, 0]","[1.6625558999367058, 2.8925187001004815]","[None, 'button2']",1,[2.9043153999373317],[2.9043254000134766],0,,,0,,,0,,,0,,,0,,,0,,,1,[1.1178980998229235],[1.1179126999340951],0,,,0,,,0,,,0,,,0,,,0,,,None,0,17,17,57,405.9451365,,,,,,,,,,,01-1/028_Purple_0.png,405.8472151,405.8473288,01-1/028_Purple_0.png,TRUE,Purple,66,0,95,"[9.516215200070292, 12.719636399997398, 18.441752099897712]",01-1/028_Purple_0.png,18,,405.8573312,405.9451365,405.9451365,405.9451365,405.9451365,405.9451365,405.9451365,405.9451365,405.9451365,405.9451365,405.9451365,405.9451365,406.7455558,436.1572797,Purple,3,"['space', 'space', 'space']","[8.558362700045109, 11.752844099886715, 17.44010129990056]","[0.13428909983485937, 0.09731149999424815, 0.13414099998772144]",0,,,0,,,1,[30.309612999903038],[30.30962669989094],0,,,0,,,0,,,Purple,439.4135708,439.4276796,439.7919196,439.7628017,436.5184617,436.5422946,436.5422946,0.0110402,436.5422946,,438.4586762,439.4130697,4,1.8830794,"[(4.0, 1.8830794000532478)]","[0.165, -0.005]","[-0.008333333333333333, -0.2875]","[1, 1]","[0, 0]","[0, 0]","[1.6625558999367058, 2.8925187001004815]","[None, 'button2']",1,[2.9043153999373317],[2.9043254000134766],0,,,0,,,0,,,0,,,0,,,0,,,439.7741222,439.7919196,439.7919196,439.7919196,439.7919196,439.7919196,439.7919196,439.7919196,440.8829579,1,[1.1178980998229235],[1.1179126999340951],0,,,0,,,0,,,0,,,0,,,0,,,None,440.8833325,440.8945235,441.3263286,441.2283174,"['Green', 'Blue', 'Yellow', 'Blue', 'Yellow', 'Red', 'Green', 'Cyan', 'Yellow', 'Green', 'Yellow', 'Blue', 'Red', 'Purple', 'Red', 'Blue', 'Green', 'Purple']",,,,439.7919196,,436.5422946,,,,,,,,,,,,,,,,,,,,,,1,1,2026-03-16_19h25.46.917,Baseline,,2026.01.01,59.49151419,2026-03-16 19h25.47.500195 +0100
01/Jan,018_Yellow.jpg,TRUE,Yellow,100,88,0,01-1/018_Yellow_0.png,18,18,0,None,,,0,,,1,[6.892812200123444],[6.892832900164649],0,,,0,,,0,,,0,,,5,1.5309069,"[(5.0, 1.5309069000650197)]","[0.3933333333333333, 0.015833333333333335]","[0.0008333333333333334, -0.295]","[1, 1]","[0, 0]","[0, 0]","[1.2911261999979615, 2.7098983000032604]","[None, 'button2']",1,[2.7212564998771995],[2.7212644999381155],0,,,0,,,0,,,0,,,0,,,0,,,1,[1.3333827997557819],[1.3333999998867512],0,,,0,,,0,,,0,,,0,,,0,,,None,0,18,18,31,441.3263286,,,,,,,,,,,01-1/018_Yellow_0.png,441.2290828,441.2292581,01-1/018_Yellow_0.png,TRUE,Yellow,100,88,0,[],01-1/018_Yellow_0.png,19,,441.2390547,441.3263286,441.3263286,441.3263286,441.3263286,441.3263286,441.3263286,441.3263286,441.3263286,441.3263286,441.3263286,441.3263286,442.1095629,448.1228783,Yellow,0,None,,,0,,,1,[6.892812200123444],[6.892832900164649],0,,,0,,,0,,,0,,,Yellow,451.195661,451.2100445,451.5596112,451.5429598,448.4839059,448.5083436,448.5083436,0.0107783,448.5083436,,450.0745494,451.1953461,5,1.5309069,"[(5.0, 1.5309069000650197)]","[0.3933333333333333, 0.015833333333333335]","[0.0008333333333333334, -0.295]","[1, 1]","[0, 0]","[0, 0]","[1.2911261999979615, 2.7098983000032604]","[None, 'button2']",1,[2.7212564998771995],[2.7212644999381155],0,,,0,,,0,,,0,,,0,,,0,,,451.548248,451.5596112,451.5596112,451.5596112,451.5596112,451.5596112,451.5596112,451.5596112,452.8805712,1,[1.3333827997557819],[1.3333999998867512],0,,,0,,,0,,,0,,,0,,,0,,,None,452.8810067,452.8941552,453.3258343,453.2280426,"['Green', 'Blue', 'Yellow', 'Blue', 'Yellow', 'Red', 'Green', 'Cyan', 'Yellow', 'Green', 'Yellow', 'Blue', 'Red', 'Purple', 'Red', 'Blue', 'Green', 'Purple', 'Yellow']",,448.5083436,,451.5596112,,,,,,,,,,,,,,,,,,,,,,,,1,1,2026-03-16_19h25.46.917,Baseline,,2026.01.01,59.49151419,2026-03-16 19h25.47.500195 +0100
01/Jan,021_Cyan.jpg,TRUE,Cyan,0,87,100,01-1/021_Cyan_0.png,19,19,0,None,,,0,,,0,,,0,,,1,[8.367206200025976],[8.367218400118873],0,,,0,,,5,1.5794105,"[(5.0, 1.5794104998931289)]","[0.365, 0.0575]","[-0.0325, -0.275]","[1, 1]","[0, 0]","[0, 0]","[1.3395362000446767, 2.4878918000031263]","[None, 'button2']",1,[2.495155999902636],[2.4951627999544144],0,,,0,,,0,,,0,,,0,,,0,,,1,[0.7354445999953896],[0.735459600109607],0,,,0,,,0,,,0,,,0,,,0,,,None,0,19,19,35,453.3258343,,,,,,,,,,,01-1/021_Cyan_0.png,453.2287524,453.2288996,01-1/021_Cyan_0.png,TRUE,Cyan,0,87,100,[],01-1/021_Cyan_0.png,20,,453.2390918,453.3258343,453.3258343,453.3258343,453.3258343,453.3258343,453.3258343,453.3258343,453.3258343,453.3258343,453.3258343,453.3258343,454.1419421,461.5964943,Cyan,0,None,,,0,,,0,,,0,,,1,[8.367206200025976],[8.367218400118873],0,,,0,,,Cyan,464.4429,464.460732,461.9754316,464.7952543,461.9530117,461.9754316,461.9754316,0.006358,461.9754316,,463.5917652,464.442631,5,1.5794105,"[(5.0, 1.5794104998931289)]","[0.365, 0.0575]","[-0.0325, -0.275]","[1, 1]","[0, 0]","[0, 0]","[1.3395362000446767, 2.4878918000031263]","[None, 'button2']",1,[2.495155999902636],[2.4951627999544144],0,,,0,,,0,,,0,,,0,,,0,,,464.8080561,464.825051,464.825051,464.825051,464.825051,464.825051,464.825051,464.825051,465.5296753,1,[0.7354445999953896],[0.735459600109607],0,,,0,,,0,,,0,,,0,,,0,,,None,465.5298709,465.5434575,465.9930678,465.8782976,"['Green', 'Blue', 'Yellow', 'Blue', 'Yellow', 'Red', 'Green', 'Cyan', 'Yellow', 'Green', 'Yellow', 'Blue', 'Red', 'Purple', 'Red', 'Blue', 'Green', 'Purple', 'Yellow', 'Cyan']",,,,464.825051,461.9754316,,,,,,,,,,,,,,,,,,,,,,,1,1,2026-03-16_19h25.46.917,Baseline,,2026.01.01,59.49151419,2026-03-16 19h25.47.500195 +0100
01/Jan,025_Cyan.jpg,TRUE,Cyan,7,100,99,01-1/025_Cyan_0.png,20,20,0,None,,,0,,,0,,,0,,,1,[8.55240619997494],[8.552415299927816],0,,,0,,,5,1.7476755,"[(5.0, 1.7476755001116544)]","[0.385, 0.075]","[-0.0175, -0.28833333333333333]","[1, 1]","[0, 0]","[0, 0]","[1.5247480000834912, 2.723042800091207]","[None, 'button2']",1,[2.7259317999705672],[2.725944799836725],0,,,0,,,0,,,0,,,0,,,0,,,1,[0.7534288000315428],[0.7534435999114066],0,,,0,,,0,,,0,,,0,,,0,,,None,0,20,20,50,465.9930678,,,,,,,,,,,01-1/025_Cyan_0.png,465.87898,465.8791255,01-1/025_Cyan_0.png,TRUE,Cyan,7,100,99,[],01-1/025_Cyan_0.png,21,,465.8918633,465.9930678,465.9930678,465.9930678,465.9930678,465.9930678,465.9930678,465.9930678,465.9930678,465.9930678,465.9930678,465.9930678,466.7432769,474.4318355,Cyan,0,None,,,0,,,0,,,0,,,1,[8.55240619997494],[8.552415299927816],0,,,0,,,Cyan,477.5099614,477.5278817,474.8076799,477.8604327,474.7840067,474.8076799,474.8076799,0.0020645,474.8076799,,476.5911599,477.5093982,5,1.7476755,"[(5.0, 1.7476755001116544)]","[0.385, 0.075]","[-0.0175, -0.28833333333333333]","[1, 1]","[0, 0]","[0, 0]","[1.5247480000834912, 2.723042800091207]","[None, 'button2']",1,[2.7259317999705672],[2.725944799836725],0,,,0,,,0,,,0,,,0,,,0,,,477.8653895,477.8767495,477.8767495,477.8767495,477.8767495,477.8767495,477.8767495,477.8767495,478.6148533,1,[0.7534288000315428],[0.7534435999114066],0,,,0,,,0,,,0,,,0,,,0,,,None,478.6152516,478.626503,479.0588207,478.9592098,"['Green', 'Blue', 'Yellow', 'Blue', 'Yellow', 'Red', 'Green', 'Cyan', 'Yellow', 'Green', 'Yellow', 'Blue', 'Red', 'Purple', 'Red', 'Blue', 'Green', 'Purple', 'Yellow', 'Cyan', 'Cyan']",,,,477.8767495,474.8076799,,,,,,,,,,,,,,,,,,,,,,,1,1,2026-03-16_19h25.46.917,Baseline,,2026.01.01,59.49151419,2026-03-16 19h25.47.500195 +0100
01/Jan,014_Red.jpg,TRUE,Red,95,0,0,01-1/014_Red_0.png,21,21,0,None,,,0,,,0,,,0,,,0,,,1,[6.769822700181976],[6.769844500115141],0,,,5,1.5829881,"[(5.0, 1.582988099893555)]","[0.355, 0.058333333333333334]","[-0.04416666666666667, -0.25666666666666665]","[1, 1]","[0, 0]","[0, 0]","[1.3409309999551624, 2.579923399956897]","[None, 'button2']",1,[2.5848497999832034],[2.5848654999863356],0,,,0,,,0,,,0,,,0,,,0,,,1,[0.914614100009203],[0.9146253999788314],0,,,0,,,0,,,0,,,0,,,0,,,None,0,21,21,18,479.0588207,,,,,,,,,,,01-1/014_Red_0.png,478.9596564,478.9597649,01-1/014_Red_0.png,TRUE,Red,95,0,0,[],01-1/014_Red_0.png,22,,478.9663006,479.0588207,479.0588207,479.0588207,479.0588207,479.0588207,479.0588207,479.0588207,479.0588207,479.0588207,479.0588207,479.0588207,479.8586805,485.7300296,Red,0,None,,,0,,,0,,,0,,,0,,,1,[6.769822700181976],[6.769844500115141],0,,,Red,488.6672864,488.6794227,489.0420422,489.0130197,486.0843077,486.1076329,486.1076329,0.0040684,486.1076329,,487.7243072,488.6668791,5,1.5829881,"[(5.0, 1.582988099893555)]","[0.355, 0.058333333333333334]","[-0.04416666666666667, -0.25666666666666665]","[1, 1]","[0, 0]","[0, 0]","[1.3409309999551624, 2.579923399956897]","[None, 'button2']",1,[2.5848497999832034],[2.5848654999863356],0,,,0,,,0,,,0,,,0,,,0,,,489.0213585,489.0420422,489.0420422,489.0420422,489.0420422,489.0420422,489.0420422,489.0420422,489.9329644,1,[0.914614100009203],[0.9146253999788314],0,,,0,,,0,,,0,,,0,,,0,,,None,489.9332487,489.9451404,490.4102498,490.2791076,"['Green', 'Blue', 'Yellow', 'Blue', 'Yellow', 'Red', 'Green', 'Cyan', 'Yellow', 'Green', 'Yellow', 'Blue', 'Red', 'Purple', 'Red', 'Blue', 'Green', 'Purple', 'Yellow', 'Cyan', 'Cyan', 'Red']",,,486.1076329,489.0420422,,,,,,,,,,,,,,,,,,,,,,,,1,1,2026-03-16_19h25.46.917,Baseline,,2026.01.01,59.49151419,2026-03-16 19h25.47.500195 +0100
01/Jan,029_Yellow.jpg,TRUE,Yellow,100,94,5,01-1/029_Yellow_0.png,22,22,0,None,,,0,,,1,[11.549870799994096],[11.549882899969816],0,,,0,,,0,,,0,,,5,2.7477887,"[(5.0, 2.7477887000422925)]","[0.36666666666666664, 0.0475]","[-0.0325, -0.2925]","[1, 1]","[0, 0]","[0, 0]","[2.5100940000265837, 3.844188000075519]","[None, 'button2']",1,[3.8471070998348296],[3.847119899932295],0,,,0,,,0,,,0,,,0,,,0,,,1,[1.3966822000220418],[1.3966909998562187],0,,,0,,,0,,,0,,,0,,,0,,,None,0,22,22,59,490.4102498,,,,,,,,,,,01-1/029_Yellow_0.png,490.2797815,490.2799311,01-1/029_Yellow_0.png,TRUE,Yellow,100,94,5,[],01-1/029_Yellow_0.png,23,,490.2896394,490.4102498,490.4102498,490.4102498,490.4102498,490.4102498,490.4102498,490.4102498,490.4102498,490.4102498,490.4102498,490.4102498,491.2101285,501.8306362,Yellow,0,None,,,0,,,1,[11.549870799994096],[11.549882899969816],0,,,0,,,0,,,0,,,Yellow,506.0299054,506.042177,506.4063155,506.3762718,502.1829035,502.2065593,502.2065593,0.002095,502.2065593,,504.9897494,506.0293924,5,2.7477887,"[(5.0, 2.7477887000422925)]","[0.36666666666666664, 0.0475]","[-0.0325, -0.2925]","[1, 1]","[0, 0]","[0, 0]","[2.5100940000265837, 3.844188000075519]","[None, 'button2']",1,[3.8471070998348296],[3.847119899932295],0,,,0,,,0,,,0,,,0,,,0,,,506.3876436,506.4063155,506.4063155,506.4063155,506.4063155,506.4063155,506.4063155,506.4063155,507.7777977,1,[1.3966822000220418],[1.3966909998562187],0,,,0,,,0,,,0,,,0,,,0,,,None,507.7780606,507.7918201,,508.1421869,"['Green', 'Blue', 'Yellow', 'Blue', 'Yellow', 'Red', 'Green', 'Cyan', 'Yellow', 'Green', 'Yellow', 'Blue', 'Red', 'Purple', 'Red', 'Blue', 'Green', 'Purple', 'Yellow', 'Cyan', 'Cyan', 'Red', 'Yellow']",,502.2065593,,506.4063155,,,,,,,,,,,,,,,,,,,,,,,,1,1,2026-03-16_19h25.46.917,Baseline,,2026.01.01,59.49151419,2026-03-16 19h25.47.500195 +0100
01/Jan,018_Green.jpg,TRUE,Green,0,98,4,01-1/018_Green_0.png,23,23,0,None,,,0,,,0,,,0,,,0,,,0,,,1,[8.371494999853894],[8.371507699834183],5,1.3962029,"[(5.0, 1.39620289998129)]","[0.3925, 0.085]","[-0.030833333333333334, -0.26416666666666666]","[1, 1]","[0, 0]","[0, 0]","[1.1582508999854326, 2.391566199949011]","[None, 'button2']",1,[2.3940606000833213],[2.394073500065133],0,,,0,,,0,,,0,,,0,,,0,,,1,[0.6829156000167131],[0.6829242999665439],0,,,0,,,0,,,0,,,0,,,0,,,None,0,23,23,28,508.2234604,,,,,,,,,,,01-1/018_Green_0.png,508.1425984,508.1427076,01-1/018_Green_0.png,TRUE,Green,0,98,4,[],01-1/018_Green_0.png,24,,508.1468449,508.2234604,508.2234604,508.2234604,508.2234604,508.2234604,508.2234604,508.2234604,508.2234604,508.2234604,508.2234604,508.2234604,509.0569496,516.5143725,Green,0,None,,,0,,,0,,,0,,,0,,,0,,,1,[8.371494999853894],[8.371507699834183],Green,519.2604929,519.2742317,519.6385539,519.6083403,516.8661075,516.8892453,516.8892453,0.0016409,516.8892453,516.8892453,518.3222066,519.2600604,5,1.3962029,"[(5.0, 1.39620289998129)]","[0.3925, 0.085]","[-0.030833333333333334, -0.26416666666666666]","[1, 1]","[0, 0]","[0, 0]","[1.1582508999854326, 2.391566199949011]","[None, 'button2']",1,[2.3940606000833213],[2.394073500065133],0,,,0,,,0,,,0,,,0,,,0,,,519.619812,519.6385539,519.6385539,519.6385539,519.6385539,519.6385539,519.6385539,519.6385539,520.2948051,1,[0.6829156000167131],[0.6829242999665439],0,,,0,,,0,,,0,,,0,,,0,,,None,520.2951335,520.3073405,520.7233897,520.6404366,"['Green', 'Blue', 'Yellow', 'Blue', 'Yellow', 'Red', 'Green', 'Cyan', 'Yellow', 'Green', 'Yellow', 'Blue', 'Red', 'Purple', 'Red', 'Blue', 'Green', 'Purple', 'Yellow', 'Cyan', 'Cyan', 'Red', 'Yellow', 'Green']",,,,519.6385539,,,,,,,,,,,,,,,,,,,,,,,,1,1,2026-03-16_19h25.46.917,Baseline,,2026.01.01,59.49151419,2026-03-16 19h25.47.500195 +0100
01/Jan,010_Green.jpg,TRUE,Green,1,100,11,01-1/010_Green_0.png,24,24,0,"['space', 'space']","[8.268643400166184, 10.166653100168332]","[0.1517813999671489, 0.12480879994109273]",0,,,0,,,0,,,0,,,0,,,1,[18.054630600148812],[18.05463959998451],4,1.8656602,"[(4.0, 1.8656602001283318)]","[0.1525, -0.008333333333333333]","[-0.016666666666666666, -0.29333333333333333]","[1, 1]","[0, 0]","[0, 0]","[1.640394899994135, 2.724527799990028]","[None, 'button2']",1,[2.7281819998752326],[2.728191499831155],0,,,0,,,0,,,0,,,0,,,0,,,1,[1.0678526998963207],[1.0678648997563869],0,,,0,,,0,,,0,,,0,,,0,,,None,0,24,24,12,520.7233897,,,,,,,,,,,01-1/010_Green_0.png,520.6409539,520.6410617,01-1/010_Green_0.png,TRUE,Green,1,100,11,"[9.20433450001292, 11.090006400132552]",01-1/010_Green_0.png,25,,520.6458964,520.7233897,520.7233897,520.7233897,520.7233897,520.7233897,520.7233897,520.7233897,520.7233897,520.7233897,520.7233897,520.7233897,521.52319,538.6958525,Green,2,"['space', 'space']","[8.268643400166184, 10.166653100168332]","[0.1517813999671489, 0.12480879994109273]",0,,,0,,,0,,,0,,,0,,,1,[18.054630600148812],[18.05463959998451],Green,541.7753726,541.7906455,542.1552007,542.1248236,539.0488712,539.0719074,539.0719074,0.0028836,539.0719074,539.0719074,540.9586356,541.7751129,4,1.8656602,"[(4.0, 1.8656602001283318)]","[0.1525, -0.008333333333333333]","[-0.016666666666666666, -0.29333333333333333]","[1, 1]","[0, 0]","[0, 0]","[1.640394899994135, 2.724527799990028]","[None, 'button2']",1,[2.7281819998752326],[2.728191499831155],0,,,0,,,0,,,0,,,0,,,0,,,542.1312129,542.1552007,542.1552007,542.1552007,542.1552007,542.1552007,542.1552007,542.1552007,543.1940356,1,[1.0678526998963207],[1.0678648997563869],0,,,0,,,0,,,0,,,0,,,0,,,None,543.1942702,543.2079788,543.6573016,543.5426267,"['Green', 'Blue', 'Yellow', 'Blue', 'Yellow', 'Red', 'Green', 'Cyan', 'Yellow', 'Green', 'Yellow', 'Blue', 'Red', 'Purple', 'Red', 'Blue', 'Green', 'Purple', 'Yellow', 'Cyan', 'Cyan', 'Red', 'Yellow', 'Green', 'Green']",,,,542.1552007,,,,,,,,,,,,,,,,,,,,,,,,1,1,2026-03-16_19h25.46.917,Baseline,,2026.01.01,59.49151419,2026-03-16 19h25.47.500195 +0100
01/Jan,029_Cyan.jpg,TRUE,Cyan,2,100,88,01-1/029_Cyan_0.png,25,25,0,None,,,0,,,0,,,0,,,1,[13.090088099939749],[13.09010410006158],0,,,0,,,5,1.5148182,"[(5.0, 1.5148181999102235)]","[0.3675, 0.05583333333333333]","[-0.029166666666666667, -0.295]","[1, 1]","[0, 0]","[0, 0]","[1.2770306998863816, 2.5421493998728693]","[None, 'button2']",1,[2.554709499934688],[2.554722199914977],0,,,0,,,0,,,0,,,0,,,0,,,1,[0.8683519000187516],[0.868363699875772],0,,,0,,,0,,,0,,,0,,,0,,,None,0,25,25,58,543.6573016,,,,,,,,,,,01-1/029_Cyan_0.png,543.5433414,543.5434974,01-1/029_Cyan_0.png,TRUE,Cyan,2,100,88,[],01-1/029_Cyan_0.png,26,,543.5555036,543.6573016,543.6573016,543.6573016,543.6573016,543.6573016,543.6573016,543.6573016,543.6573016,543.6573016,543.6573016,543.6573016,544.4415232,556.6341603,Cyan,0,None,,,0,,,0,,,0,,,1,[13.090088099939749],[13.09010410006158],0,,,0,,,Cyan,559.5410319,559.5582399,,559.8922246,556.9962952,557.0218846,557.0218846,0.0119998,557.0218846,,558.5714871,559.5405061,5,1.5148182,"[(5.0, 1.5148181999102235)]","[0.3675, 0.05583333333333333]","[-0.029166666666666667, -0.295]","[1, 1]","[0, 0]","[0, 0]","[1.2770306998863816, 2.5421493998728693]","[None, 'button2']",1,[2.554709499934688],[2.554722199914977],0,,,0,,,0,,,0,,,0,,,0,,,559.905188,559.9214502,559.9214502,559.9214502,559.9214502,559.9214502,559.9214502,559.9214502,560.7604846,1,[0.8683519000187516],[0.868363699875772],0,,,0,,,0,,,0,,,0,,,0,,,None,560.7608133,560.7746063,561.2390844,561.1086619,"['Green', 'Blue', 'Yellow', 'Blue', 'Yellow', 'Red', 'Green', 'Cyan', 'Yellow', 'Green', 'Yellow', 'Blue', 'Red', 'Purple', 'Red', 'Blue', 'Green', 'Purple', 'Yellow', 'Cyan', 'Cyan', 'Red', 'Yellow', 'Green', 'Green', 'Cyan']",,,,559.9214502,557.0218846,,,,,,,,,,,,,,,,,,,,,,,1,1,2026-03-16_19h25.46.917,Baseline,,2026.01.01,59.49151419,2026-03-16 19h25.47.500195 +0100
01/Jan,006_Purple.jpg,TRUE,Purple,65,0,100,01-1/006_Purple_0.png,26,26,0,None,,,0,,,1,[20.24133550003171],[20.241346099879593],0,,,0,,,0,,,0,,,3,2.7797634,"[(3.0, 2.7797634000889957)]","[-0.051666666666666666, -0.016666666666666666]","[-0.034166666666666665, -0.2875]","[1, 1]","[0, 0]","[0, 0]","[2.5574829999823123, 4.13788629998453]","[None, 'button2']",1,[4.151553800096735],[4.151566100073978],0,,,0,,,0,,,0,,,0,,,0,,,1,[18.736559899756685],[18.736576199764386],0,,,0,,,1,[15.96557159977965],[15.96559329982847],0,,,0,,,0,,,None,0,26,26,1,561.2390844,,,,,,,,,,,01-1/006_Purple_0.png,561.1093853,561.1095808,01-1/006_Purple_0.png,TRUE,Purple,65,0,100,[],01-1/006_Purple_0.png,27,,561.1211934,561.2390844,561.2390844,561.2390844,561.2390844,561.2390844,561.2390844,561.2390844,561.2390844,561.2390844,561.2390844,561.2390844,562.0063056,581.3514011,Purple,0,None,,,0,,,1,[20.24133550003171],[20.241346099879593],0,,,0,,,0,,,0,,,Yellow,585.8551395,585.8728975,,586.2057034,581.7143718,581.7544573,581.7544573,0.012853,581.7544573,,584.552552,585.8545745,3,2.7797634,"[(3.0, 2.7797634000889957)]","[-0.051666666666666666, -0.016666666666666666]","[-0.034166666666666665, -0.2875]","[1, 1]","[0, 0]","[0, 0]","[2.5574829999823123, 4.13788629998453]","[None, 'button2']",1,[4.151553800096735],[4.151566100073978],0,,,0,,,0,,,0,,,0,,,0,,,586.2121749,602.2049296,602.2049296,586.235583,586.235583,586.235583,586.235583,586.235583,604.9424437,1,[18.736559899756685],[18.736576199764386],0,,,0,,,1,[15.96557159977965],[15.96559329982847],0,,,0,,,0,,,None,604.9429149,604.9546569,605.4037359,605.288428,"['Green', 'Blue', 'Yellow', 'Blue', 'Yellow', 'Red', 'Green', 'Cyan', 'Yellow', 'Green', 'Yellow', 'Blue', 'Red', 'Purple', 'Red', 'Blue', 'Green', 'Purple', 'Yellow', 'Cyan', 'Cyan', 'Red', 'Yellow', 'Green', 'Green', 'Cyan', 'Yellow', 'Purple']",,581.7544573,,586.235583,,,586.235583,586.235583,586.235583,586.235583,586.235583,586.235583,586.235583,586.235583,602.1896189,602.1896189,602.1896189,602.1896189,602.2049296,602.2049296,602.2049296,602.2049296,,,,,,1,1,2026-03-16_19h25.46.917,Baseline,,2026.01.01,59.49151419,2026-03-16 19h25.47.500195 +0100
01/Jan,022_Red.jpg,TRUE,Red,100,0,1,01-1/022_Red_0.png,27,27,0,None,,,0,,,0,,,0,,,0,,,1,[7.620609000092372],[7.620621700072661],0,,,5,2.1814527,"[(5.0, 2.1814526999369264)]","[0.3675, 0.008333333333333333]","[-0.04, -0.305]","[1, 1]","[0, 0]","[0, 0]","[1.9174211998470128, 3.3345671000424773]","[None, 'button2']",1,[3.3600551998242736],[3.3600649998988956],0,,,0,,,0,,,0,,,0,,,0,,,1,[2.2351442999206483],[2.23516479996033],0,,,0,,,0,,,0,,,0,,,0,,,None,0,27,27,42,605.4037359,,,,,,,,,,,01-1/022_Red_0.png,605.289166,605.2893222,01-1/022_Red_0.png,TRUE,Red,100,0,1,[],01-1/022_Red_0.png,28,,605.30041,605.4037359,605.4037359,605.4037359,605.4037359,605.4037359,605.4037359,605.4037359,605.4037359,605.4037359,605.4037359,605.4037359,606.2198513,612.9101457,Red,0,None,,,0,,,0,,,0,,,0,,,1,[7.620609000092372],[7.620621700072661],0,,,Red,616.6222188,616.6377414,617.0018084,616.9724365,613.2589811,613.2853202,613.2853202,0.0253188,613.2853202,,615.4886056,616.6216421,5,2.1814527,"[(5.0, 2.1814526999369264)]","[0.3675, 0.008333333333333333]","[-0.04, -0.305]","[1, 1]","[0, 0]","[0, 0]","[1.9174211998470128, 3.3345671000424773]","[None, 'button2']",1,[3.3600551998242736],[3.3600649998988956],0,,,0,,,0,,,0,,,0,,,0,,,616.984659,617.0018084,617.0018084,617.0018084,617.0018084,617.0018084,617.0018084,617.0018084,619.2089361,1,[2.2351442999206483],[2.23516479996033],0,,,0,,,0,,,0,,,0,,,0,,,None,619.2093176,619.2215006,619.6698223,619.5553804,"['Green', 'Blue', 'Yellow', 'Blue', 'Yellow', 'Red', 'Green', 'Cyan', 'Yellow', 'Green', 'Yellow', 'Blue', 'Red', 'Purple', 'Red', 'Blue', 'Green', 'Purple', 'Yellow', 'Cyan', 'Cyan', 'Red', 'Yellow', 'Green', 'Green', 'Cyan', 'Yellow', 'Purple', 'Red']",,,613.2853202,617.0018084,,,,,,,,,,,,,,,,,,,,,,,,1,1,2026-03-16_19h25.46.917,Baseline,,2026.01.01,59.49151419,2026-03-16 19h25.47.500195 +0100
01/Jan,010_Red.jpg,TRUE,Red,99,0,12,01-1/010_Red_0.png,28,28,0,None,,,0,,,0,,,0,,,0,,,1,[9.024483799934387],[9.024497600039467],0,,,5,2.5139908,"[(5.0, 2.513990799896419)]","[0.3516666666666667, 0.3825, 0.035]","[-0.06166666666666667, -0.035833333333333335, -0.2875]","[1, 1, 1]","[0, 0, 0]","[0, 0, 0]","[1.04260200005956, 2.2952288000378758, 3.641382700065151]","[None, None, 'button2']",1,[3.654110200004652],[3.654120499966666],0,,,0,,,0,,,0,,,0,,,0,,,1,[0.7024683998897672],[0.70248689991422],0,,,0,,,0,,,0,,,0,,,0,,,None,0,28,28,13,619.6698223,,,,,,,,,,,01-1/010_Red_0.png,619.556072,619.5562221,01-1/010_Red_0.png,TRUE,Red,99,0,12,[],01-1/010_Red_0.png,29,,619.5671942,619.6698223,619.6698223,619.6698223,619.6698223,619.6698223,619.6698223,619.6698223,619.6698223,619.6698223,619.6698223,619.6698223,620.4371452,628.5810637,Red,0,None,,,0,,,0,,,0,,,0,,,1,[9.024483799934387],[9.024497600039467],0,,,Red,632.587163,632.6049331,,632.9387148,628.9433645,628.967921,628.967921,0.0121358,628.967921,,631.5013838,632.5867863,5,2.5139908,"[(5.0, 2.513990799896419)]","[0.3516666666666667, 0.3825, 0.035]","[-0.06166666666666667, -0.035833333333333335, -0.2875]","[1, 1, 1]","[0, 0, 0]","[0, 0, 0]","[1.04260200005956, 2.2952288000378758, 3.641382700065151]","[None, None, 'button2']",1,[3.654110200004652],[3.654120499966666],0,,,0,,,0,,,0,,,0,,,0,,,632.9489173,632.9680537,632.9680537,632.9680537,632.9680537,632.9680537,632.9680537,632.9680537,633.6409003,1,[0.7024683998897672],[0.70248689991422],0,,,0,,,0,,,0,,,0,,,0,,,None,633.6412406,633.6543385,634.102865,633.9879603,"['Green', 'Blue', 'Yellow', 'Blue', 'Yellow', 'Red', 'Green', 'Cyan', 'Yellow', 'Green', 'Yellow', 'Blue', 'Red', 'Purple', 'Red', 'Blue', 'Green', 'Purple', 'Yellow', 'Cyan', 'Cyan', 'Red', 'Yellow', 'Green', 'Green', 'Cyan', 'Yellow', 'Purple', 'Red', 'Red']",,,628.967921,632.9680537,,,,,,,,,,,,,,,,,,,,,,,,1,1,2026-03-16_19h25.46.917,Baseline,,2026.01.01,59.49151419,2026-03-16 19h25.47.500195 +0100
01/Jan,023_Green.jpg,TRUE,Green,13,100,0,01-1/023_Green_0.png,29,29,0,None,,,0,,,0,,,0,,,0,,,0,,,1,[5.470045999856666],[5.470053799916059],5,2.3976936,"[(5.0, 2.397693600039929)]","[0.38, 0.36916666666666664, 0.050833333333333335]","[-0.0675, -0.005, -0.2966666666666667]","[1, 1, 1]","[0, 0, 0]","[0, 0, 0]","[1.1458816998638213, 2.176847899798304, 3.310328199993819]","[None, None, 'button2']",1,[3.3104646999854594],[3.3104807999916375],0,,,0,,,0,,,0,,,0,,,0,,,1,[0.7179999998770654],[0.7180085997097194],0,,,0,,,0,,,0,,,0,,,0,,,None,0,29,29,44,634.102865,,,,,,,,,,,01-1/023_Green_0.png,633.988428,633.988532,01-1/023_Green_0.png,TRUE,Green,13,100,0,[],01-1/023_Green_0.png,30,,633.9952171,634.102865,634.102865,634.102865,634.102865,634.102865,634.102865,634.102865,634.102865,634.102865,634.102865,634.102865,634.8698589,639.4587178,Green,0,None,,,0,,,0,,,0,,,0,,,0,,,1,[5.470045999856666],[5.470053799916059],Green,643.1213345,643.137559,643.5005263,643.4705526,639.808348,639.8344323,639.8344323,-0.0004767,639.8344323,639.8344323,642.2357444,643.1207933,5,2.3976936,"[(5.0, 2.397693600039929)]","[0.38, 0.36916666666666664, 0.050833333333333335]","[-0.0675, -0.005, -0.2966666666666667]","[1, 1, 1]","[0, 0, 0]","[0, 0, 0]","[1.1458816998638213, 2.176847899798304, 3.310328199993819]","[None, None, 'button2']",1,[3.3104646999854594],[3.3104807999916375],0,,,0,,,0,,,0,,,0,,,0,,,643.4779623,643.5005263,643.5005263,643.5005263,643.5005263,643.5005263,643.5005263,643.5005263,644.1909321,1,[0.7179999998770654],[0.7180085997097194],0,,,0,,,0,,,0,,,0,,,0,,,None,644.1912865,644.2032739,644.6180561,644.5362419,"['Green', 'Blue', 'Yellow', 'Blue', 'Yellow', 'Red', 'Green', 'Cyan', 'Yellow', 'Green', 'Yellow', 'Blue', 'Red', 'Purple', 'Red', 'Blue', 'Green', 'Purple', 'Yellow', 'Cyan', 'Cyan', 'Red', 'Yellow', 'Green', 'Green', 'Cyan', 'Yellow', 'Purple', 'Red', 'Red', 'Green']",,,,643.5005263,,,,,,,,,,,,,,,,,,,,,,,,1,1,2026-03-16_19h25.46.917,Baseline,,2026.01.01,59.49151419,2026-03-16 19h25.47.500195 +0100
01/Jan,016_Cyan.jpg,TRUE,Cyan,0,100,96,01-1/016_Cyan_0.png,30,30,0,None,,,0,,,0,,,0,,,1,[16.76737550017424],[16.767392500070855],0,,,0,,,5,1.2816387,"[(5.0, 1.2816387000493705)]","[0.345, 0.02666666666666667]","[-0.03, -0.2991666666666667]","[1, 1]","[0, 0]","[0, 0]","[1.0720406998880208, 2.605913700070232]","[None, 'button2']",1,[2.6163505997974426],[2.616367899812758],0,,,0,,,0,,,0,,,0,,,0,,,1,[1.252683699829504],[1.2527000999543816],0,,,0,,,0,,,0,,,0,,,0,,,None,0,30,30,21,644.6180561,,,,,,,,,,,01-1/016_Cyan_0.png,644.5366726,644.5371889,01-1/016_Cyan_0.png,TRUE,Cyan,0,100,96,[],01-1/016_Cyan_0.png,31,,644.5420838,644.6180561,644.6180561,644.6180561,644.6180561,644.6180561,644.6180561,644.6180561,644.6180561,644.6180561,644.6180561,644.6180561,645.4853193,661.3050768,Cyan,0,None,,,0,,,0,,,0,,,1,[16.76737550017424],[16.767392500070855],0,,,0,,,Cyan,664.2738892,664.2923349,,664.6257782,661.6648249,661.7041946,661.7041946,0.0095313,661.7041946,,663.00401,664.273362,5,1.2816387,"[(5.0, 1.2816387000493705)]","[0.345, 0.02666666666666667]","[-0.03, -0.2991666666666667]","[1, 1]","[0, 0]","[0, 0]","[1.0720406998880208, 2.605913700070232]","[None, 'button2']",1,[2.6163505997974426],[2.616367899812758],0,,,0,,,0,,,0,,,0,,,0,,,664.6388918,664.6540696,664.6540696,664.6540696,664.6540696,664.6540696,664.6540696,664.6540696,665.8780363,1,[1.252683699829504],[1.2527000999543816],0,,,0,,,0,,,0,,,0,,,0,,,None,665.8784219,665.9016675,,666.2392509,"['Green', 'Blue', 'Yellow', 'Blue', 'Yellow', 'Red', 'Green', 'Cyan', 'Yellow', 'Green', 'Yellow', 'Blue', 'Red', 'Purple', 'Red', 'Blue', 'Green', 'Purple', 'Yellow', 'Cyan', 'Cyan', 'Red', 'Yellow', 'Green', 'Green', 'Cyan', 'Yellow', 'Purple', 'Red', 'Red', 'Green', 'Cyan']",,,,664.6540696,661.7041946,,,,,,,,,,,,,,,,,,,,,,,1,1,2026-03-16_19h25.46.917,Baseline,,2026.01.01,59.49151419,2026-03-16 19h25.47.500195 +0100
01/Jan,016_Blue.jpg,TRUE,Blue,0,8,99,01-1/016_Blue_0.png,31,31,0,None,,,1,[4.425770999863744],[4.425797599833459],0,,,0,,,0,,,0,,,0,,,5,2.0620479,"[(5.0, 2.0620479001663625)]","[0.36333333333333334, 0.050833333333333335]","[-0.0025, -0.2608333333333333]","[1, 1]","[0, 0]","[0, 0]","[1.839259099913761, 3.306303899968043]","[None, 'button2']",1,[3.3185345998499542],[3.3185400997754186],0,,,0,,,0,,,0,,,0,,,0,,,1,[2.2985106001142412],[2.298515999922529],0,,,0,,,0,,,0,,,0,,,0,,,None,0,31,31,20,666.389137,,,,,,,,,,,01-1/016_Blue_0.png,666.2399636,666.2401528,01-1/016_Blue_0.png,TRUE,Blue,0,8,99,[],01-1/016_Blue_0.png,32,,666.2513672,666.389137,666.389137,666.389137,666.389137,666.389137,666.389137,666.389137,666.389137,666.389137,666.389137,666.389137,667.205238,670.6672909,Blue,0,None,,,1,[4.425770999863744],[4.425797599833459],0,,,0,,,0,,,0,,,0,,,Blue,674.3370954,674.3519445,674.7158765,674.6862292,671.0290712,671.0518297,671.0518297,0.0114839,671.0518297,,673.1505018,674.3368658,5,2.0620479,"[(5.0, 2.0620479001663625)]","[0.36333333333333334, 0.050833333333333335]","[-0.0025, -0.2608333333333333]","[1, 1]","[0, 0]","[0, 0]","[1.839259099913761, 3.306303899968043]","[None, 'button2']",1,[3.3185345998499542],[3.3185400997754186],0,,,0,,,0,,,0,,,0,,,0,,,674.6985781,674.7158765,674.7158765,674.7158765,674.7158765,674.7158765,674.7158765,674.7158765,676.9863446,1,[2.2985106001142412],[2.298515999922529],0,,,0,,,0,,,0,,,0,,,0,,,None,676.9864908,677.0011567,677.4504515,677.3360305,"['Green', 'Blue', 'Yellow', 'Blue', 'Yellow', 'Red', 'Green', 'Cyan', 'Yellow', 'Green', 'Yellow', 'Blue', 'Red', 'Purple', 'Red', 'Blue', 'Green', 'Purple', 'Yellow', 'Cyan', 'Cyan', 'Red', 'Yellow', 'Green', 'Green', 'Cyan', 'Yellow', 'Purple', 'Red', 'Red', 'Green', 'Cyan', 'Blue']",671.0518297,,,674.7158765,,,,,,,,,,,,,,,,,,,,,,,,1,1,2026-03-16_19h25.46.917,Baseline,,2026.01.01,59.49151419,2026-03-16 19h25.47.500195 +0100
01/Jan,016_Red.jpg,TRUE,Red,100,7,0,01-1/016_Red_0.png,32,32,0,None,,,0,,,0,,,0,,,0,,,1,[5.869469899917021],[5.869478299980983],0,,,5,1.3997433,"[(5.0, 1.3997432999312878)]","[0.38416666666666666, 0.04833333333333333]","[-0.0375, -0.295]","[1, 1]","[0, 0]","[0, 0]","[1.1665990999899805, 2.45293949986808]","[None, 'button2']",1,[2.4797051998320967],[2.4797195999417454],0,,,0,,,0,,,0,,,0,,,0,,,1,[0.9658729999791831],[0.9658925000112504],0,,,0,,,0,,,0,,,0,,,0,,,None,0,32,32,24,677.4504515,,,,,,,,,,,01-1/016_Red_0.png,677.3367756,677.3369424,01-1/016_Red_0.png,TRUE,Red,100,7,0,[],01-1/016_Red_0.png,33,,677.3487724,677.4504515,677.4504515,677.4504515,677.4504515,677.4504515,677.4504515,677.4504515,677.4504515,677.4504515,677.4504515,677.4504515,678.2340963,683.2066228,Red,0,None,,,0,,,0,,,0,,,0,,,1,[5.869469899917021],[5.869478299980983],0,,,Red,686.0383776,686.0516635,686.4160125,686.3857834,683.5556276,683.5829493,683.5829493,0.026575,683.5829493,,684.9993408,686.0378917,5,1.3997433,"[(5.0, 1.3997432999312878)]","[0.38416666666666666, 0.04833333333333333]","[-0.0375, -0.295]","[1, 1]","[0, 0]","[0, 0]","[1.1665990999899805, 2.45293949986808]","[None, 'button2']",1,[2.4797051998320967],[2.4797195999417454],0,,,0,,,0,,,0,,,0,,,0,,,686.3967862,686.4160125,686.4160125,686.4160125,686.4160125,686.4160125,686.4160125,686.4160125,687.3556937,1,[0.9658729999791831],[0.9658925000112504],0,,,0,,,0,,,0,,,0,,,0,,,None,687.3560838,687.3691488,687.7999403,687.7024966,"['Green', 'Blue', 'Yellow', 'Blue', 'Yellow', 'Red', 'Green', 'Cyan', 'Yellow', 'Green', 'Yellow', 'Blue', 'Red', 'Purple', 'Red', 'Blue', 'Green', 'Purple', 'Yellow', 'Cyan', 'Cyan', 'Red', 'Yellow', 'Green', 'Green', 'Cyan', 'Yellow', 'Purple', 'Red', 'Red', 'Green', 'Cyan', 'Blue', 'Red']",,,683.5829493,686.4160125,,,,,,,,,,,,,,,,,,,,,,,,1,1,2026-03-16_19h25.46.917,Baseline,,2026.01.01,59.49151419,2026-03-16 19h25.47.500195 +0100
01/Jan,011_Cyan.jpg,TRUE,Cyan,0,88,97,01-1/011_Cyan_0.png,33,33,0,None,,,0,,,0,,,0,,,1,[13.366478799842298],[13.366497699869797],0,,,0,,,5,1.6133302,"[(5.0, 1.6133302000816911)]","[0.3625, 0.014166666666666666]","[0.010833333333333334, -0.295]","[1, 1]","[0, 0]","[0, 0]","[1.3737405000720173, 2.4906081000808626]","[None, 'button2']",1,[2.4961745999753475],[2.496185200056061],0,,,0,,,0,,,0,,,0,,,0,,,1,[2.0500405998900533],[2.0500556000042707],0,,,0,,,0,,,0,,,0,,,0,,,None,0,33,33,15,687.7999403,,,,,,,,,,,01-1/011_Cyan_0.png,687.7031789,687.7033298,01-1/011_Cyan_0.png,TRUE,Cyan,0,88,97,[],01-1/011_Cyan_0.png,34,,687.7130395,687.7999403,687.7999403,687.7999403,687.7999403,687.7999403,687.7999403,687.7999403,687.7999403,687.7999403,687.7999403,687.7999403,688.6167833,701.0703978,Cyan,0,None,,,0,,,0,,,0,,,1,[13.366478799842298],[13.366497699869797],0,,,0,,,Cyan,703.9186249,703.9337824,704.2982058,704.2682459,701.4253079,701.4482388,701.4482388,0.0046407,701.4482388,,703.0816351,703.918181,5,1.6133302,"[(5.0, 1.6133302000816911)]","[0.3625, 0.014166666666666666]","[0.010833333333333334, -0.295]","[1, 1]","[0, 0]","[0, 0]","[1.3737405000720173, 2.4906081000808626]","[None, 'button2']",1,[2.4961745999753475],[2.496185200056061],0,,,0,,,0,,,0,,,0,,,0,,,704.2798911,704.2982058,704.2982058,704.2982058,704.2982058,704.2982058,704.2982058,704.2982058,706.3196423,1,[2.0500405998900533],[2.0500556000042707],0,,,0,,,0,,,0,,,0,,,0,,,None,706.3198875,706.3333569,706.7325634,706.6662641,"['Green', 'Blue', 'Yellow', 'Blue', 'Yellow', 'Red', 'Green', 'Cyan', 'Yellow', 'Green', 'Yellow', 'Blue', 'Red', 'Purple', 'Red', 'Blue', 'Green', 'Purple', 'Yellow', 'Cyan', 'Cyan', 'Red', 'Yellow', 'Green', 'Green', 'Cyan', 'Yellow', 'Purple', 'Red', 'Red', 'Green', 'Cyan', 'Blue', 'Red', 'Cyan']",,,,704.2982058,701.4482388,,,,,,,,,,,,,,,,,,,,,,,1,1,2026-03-16_19h25.46.917,Baseline,,2026.01.01,59.49151419,2026-03-16 19h25.47.500195 +0100
01/Jan,019_Blue.jpg,TRUE,Blue,0,2,95,01-1/019_Blue_0.png,34,34,0,"['space', 'space', 'space']","[2.648903700057417, 4.603053400060162, 5.377979800105095]","[0.09225429990328848, 0.07985249999910593, 0.10677760001271963]",1,[18.34074220014736],[18.34075570013374],0,,,0,,,0,,,0,,,0,,,5,1.3843196,"[(5.0, 1.3843196001835167)]","[0.3441666666666667, 0.05416666666666667]","[-0.009166666666666667, -0.285]","[1, 1]","[0, 0]","[0, 0]","[1.1343782001640648, 2.382871200097725]","[None, 'button2']",1,[2.40586239984259],[2.405870399903506],0,,,0,,,0,,,0,,,0,,,0,,,1,[2.1852722000330687],[2.1852824999950826],0,,,0,,,0,,,0,,,0,,,0,,,None,0,34,34,32,706.7325634,,,,,,,,,,,01-1/019_Blue_0.png,706.6666829,706.6667816,01-1/019_Blue_0.png,TRUE,Blue,0,2,95,"[3.57499140012078, 5.521928200032562, 6.3071850000415]",01-1/019_Blue_0.png,35,,706.6719529,706.7325634,706.7325634,706.7325634,706.7325634,706.7325634,706.7325634,706.7325634,706.7325634,706.7325634,706.7325634,706.7325634,707.5832885,725.0082189,Blue,3,"['space', 'space', 'space']","[2.648903700057417, 4.603053400060162, 5.377979800105095]","[0.09225429990328848, 0.07985249999910593, 0.10677760001271963]",1,[18.34074220014736],[18.34075570013374],0,,,0,,,0,,,0,,,0,,,Blue,727.7657809,727.7836368,725.3810685,728.1167871,725.357337,725.3810685,725.3810685,0.0228495,725.3810685,,726.783158,727.7654616,5,1.3843196,"[(5.0, 1.3843196001835167)]","[0.3441666666666667, 0.05416666666666667]","[-0.009166666666666667, -0.285]","[1, 1]","[0, 0]","[0, 0]","[1.1343782001640648, 2.382871200097725]","[None, 'button2']",1,[2.40586239984259],[2.405870399903506],0,,,0,,,0,,,0,,,0,,,0,,,728.1219996,728.1326012,728.1326012,728.1326012,728.1326012,728.1326012,728.1326012,728.1326012,730.3021022,1,[2.1852722000330687],[2.1852824999950826],0,,,0,,,0,,,0,,,0,,,0,,,None,730.3023869,730.3168582,730.748175,730.6507406,"['Green', 'Blue', 'Yellow', 'Blue', 'Yellow', 'Red', 'Green', 'Cyan', 'Yellow', 'Green', 'Yellow', 'Blue', 'Red', 'Purple', 'Red', 'Blue', 'Green', 'Purple', 'Yellow', 'Cyan', 'Cyan', 'Red', 'Yellow', 'Green', 'Green', 'Cyan', 'Yellow', 'Purple', 'Red', 'Red', 'Green', 'Cyan', 'Blue', 'Red', 'Cyan', 'Blue']",725.3810685,,,728.1326012,,,,,,,,,,,,,,,,,,,,,,,,1,1,2026-03-16_19h25.46.917,Baseline,,2026.01.01,59.49151419,2026-03-16 19h25.47.500195 +0100
01/Jan,023_Purple.jpg,TRUE,Purple,64,4,100,01-1/023_Purple_0.png,35,35,0,None,,,0,,,0,,,1,[11.553774799918756],[11.55379889998585],0,,,0,,,0,,,4,2.3817141,"[(4.0, 2.3817141000181437)]","[0.16666666666666666, 0.05416666666666667]","[-0.021666666666666667, -0.27416666666666667]","[1, 1]","[0, 0]","[0, 0]","[2.141320399940014, 3.6881532999686897]","[None, 'button2']",1,[3.69202209985815],[3.692031000042334],0,,,0,,,0,,,0,,,0,,,0,,,1,[0.9866014998406172],[0.9866092999000102],0,,,0,,,0,,,0,,,0,,,0,,,None,0,35,35,45,730.748175,,,,,,,,,,,01-1/023_Purple_0.png,730.6514228,730.6515718,01-1/023_Purple_0.png,TRUE,Purple,64,4,100,[],01-1/023_Purple_0.png,36,,730.6625791,730.748175,730.748175,730.748175,730.748175,730.748175,730.748175,730.748175,730.748175,730.748175,730.748175,730.748175,731.5653361,742.2060198,Purple,0,None,,,0,,,0,,,1,[11.553774799918756],[11.55379889998585],0,,,0,,,0,,,Purple,746.2498931,746.2673978,742.5801768,746.6012758,742.5594375,742.5801768,742.5801768,0.0031882,742.5801768,,744.9801403,746.2495316,4,2.3817141,"[(4.0, 2.3817141000181437)]","[0.16666666666666666, 0.05416666666666667]","[-0.021666666666666667, -0.27416666666666667]","[1, 1]","[0, 0]","[0, 0]","[2.141320399940014, 3.6881532999686897]","[None, 'button2']",1,[3.69202209985815],[3.692031000042334],0,,,0,,,0,,,0,,,0,,,0,,,746.6069156,746.6300542,746.6300542,746.6300542,746.6300542,746.6300542,746.6300542,746.6300542,747.587224,1,[0.9866014998406172],[0.9866092999000102],0,,,0,,,0,,,0,,,0,,,0,,,None,747.5874093,747.5993558,748.0323611,747.933217,"['Green', 'Blue', 'Yellow', 'Blue', 'Yellow', 'Red', 'Green', 'Cyan', 'Yellow', 'Green', 'Yellow', 'Blue', 'Red', 'Purple', 'Red', 'Blue', 'Green', 'Purple', 'Yellow', 'Cyan', 'Cyan', 'Red', 'Yellow', 'Green', 'Green', 'Cyan', 'Yellow', 'Purple', 'Red', 'Red', 'Green', 'Cyan', 'Blue', 'Red', 'Cyan', 'Blue', 'Purple']",,,,746.6300542,,742.5801768,,,,,,,,,,,,,,,,,,,,,,1,1,2026-03-16_19h25.46.917,Baseline,,2026.01.01,59.49151419,2026-03-16 19h25.47.500195 +0100
01/Jan,025_Purple.jpg,TRUE,Purple,53,0,96,01-1/025_Purple_0.png,36,36,0,None,,,0,,,0,,,1,[11.629874899983406],[11.629882900044322],0,,,0,,,0,,,3,2.7807165,"[(4.0, 1.3657138999551535), (3.0, 2.780716500012204)]","[0.15916666666666668, -0.05333333333333334, -0.050833333333333335]","[-0.0033333333333333335, -0.0125, -0.28583333333333333]","[1, 1, 1]","[0, 0, 0]","[0, 0, 0]","[1.1410624000709504, 2.525829100050032, 3.775858399923891]","[None, None, 'button2']",1,[3.78506249981001],[3.7850674998480827],0,,,0,,,0,,,0,,,0,,,0,,,1,[1.3496306999586523],[1.349643399938941],0,,,0,,,0,,,0,,,0,,,0,,,None,0,36,36,52,748.0323611,,,,,,,,,,,01-1/025_Purple_0.png,747.9337152,747.9338195,01-1/025_Purple_0.png,TRUE,Purple,53,0,96,[],01-1/025_Purple_0.png,37,,747.9450029,748.0323611,748.0323611,748.0323611,748.0323611,748.0323611,748.0323611,748.0323611,748.0323611,748.0323611,748.0323611,748.0323611,748.8151994,759.5640077,Purple,0,None,,,0,,,0,,,1,[11.629874899983406],[11.629882900044322],0,,,0,,,0,,,Purple,763.7000934,763.7145068,764.0796116,764.049023,759.9226706,759.9465595,759.9465595,0.0085767,759.9465595,,761.3155698,763.6998521,3,2.7807165,"[(4.0, 1.3657138999551535), (3.0, 2.780716500012204)]","[0.15916666666666668, -0.05333333333333334, -0.050833333333333335]","[-0.0033333333333333335, -0.0125, -0.28583333333333333]","[1, 1, 1]","[0, 0, 0]","[0, 0, 0]","[1.1410624000709504, 2.525829100050032, 3.775858399923891]","[None, None, 'button2']",1,[3.78506249981001],[3.7850674998480827],0,,,0,,,0,,,0,,,0,,,0,,,764.0584987,764.0796116,764.0796116,764.0796116,764.0796116,764.0796116,764.0796116,764.0796116,765.4007286,1,[1.3496306999586523],[1.349643399938941],0,,,0,,,0,,,0,,,0,,,0,,,None,765.4009857,765.4146449,765.8302268,765.7480545,"['Green', 'Blue', 'Yellow', 'Blue', 'Yellow', 'Red', 'Green', 'Cyan', 'Yellow', 'Green', 'Yellow', 'Blue', 'Red', 'Purple', 'Red', 'Blue', 'Green', 'Purple', 'Yellow', 'Cyan', 'Cyan', 'Red', 'Yellow', 'Green', 'Green', 'Cyan', 'Yellow', 'Purple', 'Red', 'Red', 'Green', 'Cyan', 'Blue', 'Red', 'Cyan', 'Blue', 'Purple', 'Purple']",,,,764.0796116,,759.9465595,,,,,,,,,,,,,,,,,,,,,,1,1,2026-03-16_19h25.46.917,Baseline,,2026.01.01,59.49151419,2026-03-16 19h25.47.500195 +0100
01/Jan,009_Cyan.jpg,TRUE,Cyan,3,100,95,01-1/009_Cyan_0.png,37,37,0,None,,,0,,,0,,,0,,,1,[7.909292900003493],[7.90930650010705],0,,,0,,,5,1.3308784,"[(5.0, 1.3308784000109881)]","[0.3491666666666667, 0.050833333333333335, 0.051666666666666666]","[-0.006666666666666667, -0.24, -0.29833333333333334]","[1, 1, 1]","[0, 0, 0]","[0, 0, 0]","[1.1097502000629902, 2.2733581999782473, 3.2564652001019567]","[None, None, 'button2']",1,[3.271346000023186],[3.271358500001952],0,,,0,,,0,,,0,,,0,,,0,,,1,[1.5355865999590605],[1.5356005998328328],0,,,0,,,0,,,0,,,0,,,0,,,None,0,37,37,10,765.8302268,,,,,,,,,,,01-1/009_Cyan_0.png,765.748472,765.748564,01-1/009_Cyan_0.png,TRUE,Cyan,3,100,95,[],01-1/009_Cyan_0.png,38,,765.7587984,765.8302268,765.8302268,765.8302268,765.8302268,765.8302268,765.8302268,765.8302268,765.8302268,765.8302268,765.8302268,765.8302268,766.5962573,773.658176,Cyan,0,None,,,0,,,0,,,0,,,1,[7.909292900003493],[7.90930650010705],0,,,0,,,Cyan,777.281589,777.2989227,,777.6325114,774.0224112,774.0456562,774.0456562,0.0141275,774.0456562,,775.3984959,777.2810671,5,1.3308784,"[(5.0, 1.3308784000109881)]","[0.3491666666666667, 0.050833333333333335, 0.051666666666666666]","[-0.006666666666666667, -0.24, -0.29833333333333334]","[1, 1, 1]","[0, 0, 0]","[0, 0, 0]","[1.1097502000629902, 2.2733581999782473, 3.2564652001019567]","[None, None, 'button2']",1,[3.271346000023186],[3.271358500001952],0,,,0,,,0,,,0,,,0,,,0,,,777.6459483,777.6620258,777.6620258,777.6620258,777.6620258,777.6620258,777.6620258,777.6620258,779.1684635,1,[1.5355865999590605],[1.5356005998328328],0,,,0,,,0,,,0,,,0,,,0,,,None,779.168783,779.1822203,779.6303276,779.5158228,"['Green', 'Blue', 'Yellow', 'Blue', 'Yellow', 'Red', 'Green', 'Cyan', 'Yellow', 'Green', 'Yellow', 'Blue', 'Red', 'Purple', 'Red', 'Blue', 'Green', 'Purple', 'Yellow', 'Cyan', 'Cyan', 'Red', 'Yellow', 'Green', 'Green', 'Cyan', 'Yellow', 'Purple', 'Red', 'Red', 'Green', 'Cyan', 'Blue', 'Red', 'Cyan', 'Blue', 'Purple', 'Purple', 'Cyan']",,,,777.6620258,774.0456562,,,,,,,,,,,,,,,,,,,,,,,1,1,2026-03-16_19h25.46.917,Baseline,,2026.01.01,59.49151419,2026-03-16 19h25.47.500195 +0100
01/Jan,023_Yellow.jpg,TRUE,Yellow,100,86,0,01-1/023_Yellow_0.png,38,38,0,None,,,0,,,1,[13.097005999879912],[13.097018399974331],0,,,0,,,0,,,0,,,5,1.3823701,"[(5.0, 1.3823701001238078)]","[0.37666666666666665, 0.013333333333333334]","[-0.0025, -0.30666666666666664]","[1, 1]","[0, 0]","[0, 0]","[1.1408031999599189, 2.2275133999064565]","[None, 'button2']",1,[2.2356147998943925],[2.235625399975106],0,,,0,,,0,,,0,,,0,,,0,,,1,[0.6831059998366982],[0.6831152997910976],0,,,0,,,0,,,0,,,0,,,0,,,None,0,38,38,47,779.6303276,,,,,,,,,,,01-1/023_Yellow_0.png,779.5165205,779.5166913,01-1/023_Yellow_0.png,TRUE,Yellow,100,86,0,[],01-1/023_Yellow_0.png,39,,779.5254354,779.6303276,779.6303276,779.6303276,779.6303276,779.6303276,779.6303276,779.6303276,779.6303276,779.6303276,779.6303276,779.6303276,780.3973091,792.6144935,Yellow,0,None,,,0,,,1,[13.097005999879912],[13.097018399974331],0,,,0,,,0,,,0,,,Yellow,795.2013123,795.215682,795.5787233,795.5491555,792.9719817,792.994723,792.994723,0.0073285,792.994723,,794.3810996,795.2010746,5,1.3823701,"[(5.0, 1.3823701001238078)]","[0.37666666666666665, 0.013333333333333334]","[-0.0025, -0.30666666666666664]","[1, 1]","[0, 0]","[0, 0]","[1.1408031999599189, 2.2275133999064565]","[None, 'button2']",1,[2.2356147998943925],[2.235625399975106],0,,,0,,,0,,,0,,,0,,,0,,,795.5608499,795.5787233,795.5787233,795.5787233,795.5787233,795.5787233,795.5787233,795.5787233,796.2354826,1,[0.6831059998366982],[0.6831152997910976],0,,,0,,,0,,,0,,,0,,,0,,,None,796.2357578,796.2476058,796.69623,796.5811633,"['Green', 'Blue', 'Yellow', 'Blue', 'Yellow', 'Red', 'Green', 'Cyan', 'Yellow', 'Green', 'Yellow', 'Blue', 'Red', 'Purple', 'Red', 'Blue', 'Green', 'Purple', 'Yellow', 'Cyan', 'Cyan', 'Red', 'Yellow', 'Green', 'Green', 'Cyan', 'Yellow', 'Purple', 'Red', 'Red', 'Green', 'Cyan', 'Blue', 'Red', 'Cyan', 'Blue', 'Purple', 'Purple', 'Cyan', 'Yellow']",,792.994723,,795.5787233,,,,,,,,,,,,,,,,,,,,,,,,1,1,2026-03-16_19h25.46.917,Baseline,,2026.01.01,59.49151419,2026-03-16 19h25.47.500195 +0100
01/Jan,022_Purple.jpg,TRUE,Purple,58,13,100,01-1/022_Purple_0.png,39,39,0,None,,,0,,,0,,,1,[30.020671099890023],[30.020678899949417],0,,,0,,,0,,,3,2.1313224,"[(3.0, 2.1313223999459296)]","[-0.04583333333333333, -0.03833333333333333]","[-0.018333333333333333, -0.30416666666666664]","[1, 1]","[0, 0]","[0, 0]","[1.9237693999893963, 3.056964399991557]","[None, 'button2']",1,[3.057746399892494],[3.057758499868214],0,,,0,,,0,,,0,,,0,,,0,,,1,[0.870826099999249],[0.8708470999263227],0,,,0,,,0,,,0,,,0,,,0,,,None,0,39,39,41,796.69623,,,,,,,,,,,01-1/022_Purple_0.png,796.5819103,796.5820895,01-1/022_Purple_0.png,TRUE,Purple,58,13,100,[],01-1/022_Purple_0.png,40,,796.5934147,796.69623,796.69623,796.69623,796.69623,796.69623,796.69623,796.69623,796.69623,796.69623,796.69623,796.69623,797.5135656,826.6030628,Purple,0,None,,,0,,,0,,,1,[30.020671099890023],[30.020678899949417],0,,,0,,,0,,,Purple,830.0130898,830.0303473,826.9765411,830.3787517,826.953061,826.9765411,826.9765411,-6.77E-05,826.9765411,,829.1435723,830.0125317,3,2.1313224,"[(3.0, 2.1313223999459296)]","[-0.04583333333333333, -0.03833333333333333]","[-0.018333333333333333, -0.30416666666666664]","[1, 1]","[0, 0]","[0, 0]","[1.9237693999893963, 3.056964399991557]","[None, 'button2']",1,[3.057746399892494],[3.057758499868214],0,,,0,,,0,,,0,,,0,,,0,,,830.3841676,830.3959411,830.3959411,830.3959411,830.3959411,830.3959411,830.3959411,830.3959411,831.2354597,1,[0.870826099999249],[0.8708470999263227],0,,,0,,,0,,,0,,,0,,,0,,,None,831.2358562,831.2465607,,831.5965113,"['Green', 'Blue', 'Yellow', 'Blue', 'Yellow', 'Red', 'Green', 'Cyan', 'Yellow', 'Green', 'Yellow', 'Blue', 'Red', 'Purple', 'Red', 'Blue', 'Green', 'Purple', 'Yellow', 'Cyan', 'Cyan', 'Red', 'Yellow', 'Green', 'Green', 'Cyan', 'Yellow', 'Purple', 'Red', 'Red', 'Green', 'Cyan', 'Blue', 'Red', 'Cyan', 'Blue', 'Purple', 'Purple', 'Cyan', 'Yellow', 'Purple']",,,,830.3959411,,826.9765411,,,,,,,,,,,,,,,,,,,,,,1,1,2026-03-16_19h25.46.917,Baseline,,2026.01.01,59.49151419,2026-03-16 19h25.47.500195 +0100
01/Jan,025_Green.jpg,TRUE,Green,0,100,5,01-1/025_Green_0.png,40,40,0,None,,,0,,,0,,,0,,,0,,,0,,,1,[6.394981199875474],[6.394997299881652],5,1.3311605,"[(5.0, 1.3311604999471456)]","[0.37416666666666665, 0.03333333333333333]","[-0.0275, -0.2966666666666667]","[1, 1]","[0, 0]","[0, 0]","[1.0760114002041519, 2.975882900180295]","[None, 'button2']",1,[2.9871213999576867],[2.987126599997282],0,,,0,,,0,,,0,,,0,,,0,,,1,[5.617171899881214],[5.617185399867594],0,,,0,,,0,,,0,,,0,,,0,,,None,0,40,40,51,831.6785101,,,,,,,,,,,01-1/025_Green_0.png,831.5970204,831.5971589,01-1/025_Green_0.png,TRUE,Green,0,100,5,[],01-1/025_Green_0.png,41,,831.6040873,831.6785101,831.6785101,831.6785101,831.6785101,831.6785101,831.6785101,831.6785101,831.6785101,831.6785101,831.6785101,831.6785101,832.494973,837.9923933,Green,0,None,,,0,,,0,,,0,,,0,,,0,,,1,[6.394981199875474],[6.394997299881652],Green,841.330652,841.345228,841.7100455,841.6799161,838.3530982,838.3766587,838.3766587,0.0105306,838.3766587,838.3766587,839.7438607,841.3304061,5,1.3311605,"[(5.0, 1.3311604999471456)]","[0.37416666666666665, 0.03333333333333333]","[-0.0275, -0.2966666666666667]","[1, 1]","[0, 0]","[0, 0]","[1.0760114002041519, 2.975882900180295]","[None, 'button2']",1,[2.9871213999576867],[2.987126599997282],0,,,0,,,0,,,0,,,0,,,0,,,841.6916049,841.7100455,841.7100455,841.7100455,841.7100455,841.7100455,841.7100455,841.7100455,847.2989996,1,[5.617171899881214],[5.617185399867594],0,,,0,,,0,,,0,,,0,,,0,,,None,847.2993102,847.3127311,,847.6613025,"['Green', 'Blue', 'Yellow', 'Blue', 'Yellow', 'Red', 'Green', 'Cyan', 'Yellow', 'Green', 'Yellow', 'Blue', 'Red', 'Purple', 'Red', 'Blue', 'Green', 'Purple', 'Yellow', 'Cyan', 'Cyan', 'Red', 'Yellow', 'Green', 'Green', 'Cyan', 'Yellow', 'Purple', 'Red', 'Red', 'Green', 'Cyan', 'Blue', 'Red', 'Cyan', 'Blue', 'Purple', 'Purple', 'Cyan', 'Yellow', 'Purple', 'Green']",,,,841.7100455,,,,,,,,,,,,,,,,,,,,,,,,1,1,2026-03-16_19h25.46.917,Baseline,,2026.01.01,59.49151419,2026-03-16 19h25.47.500195 +0100
01/Jan,022_Green.jpg,TRUE,Green,0,95,0,01-1/022_Green_0.png,41,41,0,None,,,0,,,0,,,0,,,0,,,0,,,1,[4.810503999935463],[4.810520499944687],5,1.9298476,"[(5.0, 1.9298476001713425)]","[0.3641666666666667, 0.0525]","[-0.016666666666666666, -0.285]","[1, 1]","[0, 0]","[0, 0]","[1.6918534999713302, 2.8737524000462145]","[None, 'button2']",1,[2.8876741998828948],[2.887689399998635],0,,,0,,,0,,,0,,,0,,,0,,,1,[1.752031099749729],[1.7520443997345865],0,,,0,,,0,,,0,,,0,,,0,,,None,0,41,41,40,847.7441428,,,,,,,,,,,01-1/022_Green_0.png,847.6617801,847.6619092,01-1/022_Green_0.png,TRUE,Green,0,95,0,[],01-1/022_Green_0.png,42,,847.6674276,847.7441428,847.7441428,847.7441428,847.7441428,847.7441428,847.7441428,847.7441428,847.7441428,847.7441428,847.7441428,847.7441428,848.5609354,852.4728246,Green,0,None,,,0,,,0,,,0,,,0,,,0,,,1,[4.810503999935463],[4.810520499944687],Green,855.7125509,855.7297407,,856.0787091,852.8360327,852.8595434,852.8595434,0.013131,852.8595434,852.8595434,854.8258874,855.7120722,5,1.9298476,"[(5.0, 1.9298476001713425)]","[0.3641666666666667, 0.0525]","[-0.016666666666666666, -0.285]","[1, 1]","[0, 0]","[0, 0]","[1.6918534999713302, 2.8737524000462145]","[None, 'button2']",1,[2.8876741998828948],[2.887689399998635],0,,,0,,,0,,,0,,,0,,,0,,,856.0841658,856.0953456,856.0953456,856.0953456,856.0953456,856.0953456,856.0953456,856.0953456,857.8158354,1,[1.752031099749729],[1.7520443997345865],0,,,0,,,0,,,0,,,0,,,0,,,None,857.8161616,857.8291013,858.24344,858.1630098,"['Green', 'Blue', 'Yellow', 'Blue', 'Yellow', 'Red', 'Green', 'Cyan', 'Yellow', 'Green', 'Yellow', 'Blue', 'Red', 'Purple', 'Red', 'Blue', 'Green', 'Purple', 'Yellow', 'Cyan', 'Cyan', 'Red', 'Yellow', 'Green', 'Green', 'Cyan', 'Yellow', 'Purple', 'Red', 'Red', 'Green', 'Cyan', 'Blue', 'Red', 'Cyan', 'Blue', 'Purple', 'Purple', 'Cyan', 'Yellow', 'Purple', 'Green', 'Green']",,,,856.0953456,,,,,,,,,,,,,,,,,,,,,,,,1,1,2026-03-16_19h25.46.917,Baseline,,2026.01.01,59.49151419,2026-03-16 19h25.47.500195 +0100
01/Jan,017_Red.jpg,TRUE,Red,100,4,7,01-1/017_Red_0.png,42,42,0,None,,,0,,,0,,,0,,,0,,,1,[5.1916379001922905],[5.191651400178671],0,,,5,1.2480604,"[(5.0, 1.2480603998992592)]","[0.3466666666666667, 0.06]","[-0.0016666666666666668, -0.2783333333333333]","[1, 1]","[0, 0]","[0, 0]","[1.0260668999981135, 2.210679200012237]","[None, 'button2']",1,[2.2213816998992115],[2.221395199885592],0,,,0,,,0,,,0,,,0,,,0,,,1,[1.4205251997336745],[1.4205343998037279],0,,,0,,,0,,,0,,,0,,,0,,,None,0,42,42,27,858.24344,,,,,,,,,,,01-1/017_Red_0.png,858.1638151,858.1639931,01-1/017_Red_0.png,TRUE,Red,100,4,7,[],01-1/017_Red_0.png,43,,858.1745546,858.24344,858.24344,858.24344,858.24344,858.24344,858.24344,858.24344,858.24344,858.24344,858.24344,858.24344,859.0439291,863.3558617,Red,0,None,,,0,,,0,,,0,,,0,,,1,[5.1916379001922905],[5.191651400178671],0,,,Red,865.9295071,865.9457494,866.3091356,866.2792426,863.7161991,863.7424762,863.7424762,0.0101041,863.7424762,,865.0254711,865.92896,5,1.2480604,"[(5.0, 1.2480603998992592)]","[0.3466666666666667, 0.06]","[-0.0016666666666666668, -0.2783333333333333]","[1, 1]","[0, 0]","[0, 0]","[1.0260668999981135, 2.210679200012237]","[None, 'button2']",1,[2.2213816998992115],[2.221395199885592],0,,,0,,,0,,,0,,,0,,,0,,,866.2874434,866.3091356,866.3091356,866.3091356,866.3091356,866.3091356,866.3091356,866.3091356,867.7010098,1,[1.4205251997336745],[1.4205343998037279],0,,,0,,,0,,,0,,,0,,,0,,,None,867.7012749,867.7110892,868.1436194,868.0457293,"['Green', 'Blue', 'Yellow', 'Blue', 'Yellow', 'Red', 'Green', 'Cyan', 'Yellow', 'Green', 'Yellow', 'Blue', 'Red', 'Purple', 'Red', 'Blue', 'Green', 'Purple', 'Yellow', 'Cyan', 'Cyan', 'Red', 'Yellow', 'Green', 'Green', 'Cyan', 'Yellow', 'Purple', 'Red', 'Red', 'Green', 'Cyan', 'Blue', 'Red', 'Cyan', 'Blue', 'Purple', 'Purple', 'Cyan', 'Yellow', 'Purple', 'Green', 'Green', 'Red']",,,863.7424762,866.3091356,,,,,,,,,,,,,,,,,,,,,,,,1,1,2026-03-16_19h25.46.917,Baseline,,2026.01.01,59.49151419,2026-03-16 19h25.47.500195 +0100
01/Jan,018_Purple.jpg,TRUE,Purple,51,2,100,01-1/018_Purple_0.png,43,43,0,None,,,0,,,0,,,1,[6.000907799927518],[6.000919899903238],0,,,0,,,0,,,4,2.6290914,"[(4.0, 2.629091399954632)]","[0.16416666666666666, 0.01]","[-0.03833333333333333, -0.25666666666666665]","[1, 1]","[0, 0]","[0, 0]","[2.37570510013029, 4.323259399970993]","[None, 'button2']",1,[4.328966999892145],[4.328975499840453],0,,,0,,,0,,,0,,,0,,,0,,,1,[1.2347166000399739],[1.2347228000871837],0,,,0,,,0,,,0,,,0,,,0,,,None,0,43,43,29,868.1436194,,,,,,,,,,,01-1/018_Purple_0.png,868.0465187,868.0466794,01-1/018_Purple_0.png,TRUE,Purple,51,2,100,[],01-1/018_Purple_0.png,44,,868.056089,868.1436194,868.1436194,868.1436194,868.1436194,868.1436194,868.1436194,868.1436194,868.1436194,868.1436194,868.1436194,868.1436194,868.9106271,874.0479717,Purple,0,None,,,0,,,0,,,1,[6.000907799927518],[6.000919899903238],0,,,0,,,0,,,Purple,878.7285836,878.7456648,874.4253277,879.0793859,874.4031558,874.4253277,874.4253277,0.005057,874.4253277,,877.0916028,878.7282493,4,2.6290914,"[(4.0, 2.629091399954632)]","[0.16416666666666666, 0.01]","[-0.03833333333333333, -0.25666666666666665]","[1, 1]","[0, 0]","[0, 0]","[2.37570510013029, 4.323259399970993]","[None, 'button2']",1,[4.328966999892145],[4.328975499840453],0,,,0,,,0,,,0,,,0,,,0,,,879.0917341,879.1087848,879.1087848,879.1087848,879.1087848,879.1087848,879.1087848,879.1087848,880.3138763,1,[1.2347166000399739],[1.2347228000871837],0,,,0,,,0,,,0,,,0,,,0,,,None,880.3141188,880.3268382,880.7598827,880.6609905,"['Green', 'Blue', 'Yellow', 'Blue', 'Yellow', 'Red', 'Green', 'Cyan', 'Yellow', 'Green', 'Yellow', 'Blue', 'Red', 'Purple', 'Red', 'Blue', 'Green', 'Purple', 'Yellow', 'Cyan', 'Cyan', 'Red', 'Yellow', 'Green', 'Green', 'Cyan', 'Yellow', 'Purple', 'Red', 'Red', 'Green', 'Cyan', 'Blue', 'Red', 'Cyan', 'Blue', 'Purple', 'Purple', 'Cyan', 'Yellow', 'Purple', 'Green', 'Green', 'Red', 'Purple']",,,,879.1087848,,874.4253277,,,,,,,,,,,,,,,,,,,,,,1,1,2026-03-16_19h25.46.917,Baseline,,2026.01.01,59.49151419,2026-03-16 19h25.47.500195 +0100
01/Jan,008_Yellow.jpg,TRUE,Yellow,100,80,0,01-1/008_Yellow_0.png,44,44,0,None,,,0,,,1,[9.177257200004533],[9.177274900022894],0,,,0,,,0,,,0,,,5,1.5824762,"[(5.0, 1.5824762000702322)]","[0.37666666666666665, 0.0525]","[-0.025833333333333333, -0.26666666666666666]","[1, 1]","[0, 0]","[0, 0]","[1.3624042998999357, 2.4784764999058098]","[None, 'button2']",1,[2.4876713000703603],[2.487680499907583],0,,,0,,,0,,,0,,,0,,,0,,,1,[1.2181933999527246],[1.2182013997808099],0,,,0,,,0,,,0,,,0,,,0,,,None,0,44,44,8,880.7598827,,,,,,,,,,,01-1/008_Yellow_0.png,880.6615637,880.6616978,01-1/008_Yellow_0.png,TRUE,Yellow,100,80,0,[],01-1/008_Yellow_0.png,45,,880.6695306,880.7598827,880.7598827,880.7598827,880.7598827,880.7598827,880.7598827,880.7598827,880.7598827,880.7598827,880.7598827,880.7598827,881.526756,889.8395927,Yellow,0,None,,,0,,,1,[9.177257200004533],[9.177274900022894],0,,,0,,,0,,,0,,,Yellow,892.6792477,892.6938852,893.0585469,893.0291504,890.1984415,890.2242843,890.2242843,0.0086643,890.2242843,,891.8415831,892.6787274,5,1.5824762,"[(5.0, 1.5824762000702322)]","[0.37666666666666665, 0.0525]","[-0.025833333333333333, -0.26666666666666666]","[1, 1]","[0, 0]","[0, 0]","[1.3624042998999357, 2.4784764999058098]","[None, 'button2']",1,[2.4876713000703603],[2.487680499907583],0,,,0,,,0,,,0,,,0,,,0,,,893.0418002,893.0585469,893.0585469,893.0585469,893.0585469,893.0585469,893.0585469,893.0585469,894.2481634,1,[1.2181933999527246],[1.2182013997808099],0,,,0,,,0,,,0,,,0,,,0,,,None,894.2483698,894.2599424,894.6758446,894.5942572,"['Green', 'Blue', 'Yellow', 'Blue', 'Yellow', 'Red', 'Green', 'Cyan', 'Yellow', 'Green', 'Yellow', 'Blue', 'Red', 'Purple', 'Red', 'Blue', 'Green', 'Purple', 'Yellow', 'Cyan', 'Cyan', 'Red', 'Yellow', 'Green', 'Green', 'Cyan', 'Yellow', 'Purple', 'Red', 'Red', 'Green', 'Cyan', 'Blue', 'Red', 'Cyan', 'Blue', 'Purple', 'Purple', 'Cyan', 'Yellow', 'Purple', 'Green', 'Green', 'Red', 'Purple', 'Yellow']",,890.2242843,,893.0585469,,,,,,,,,,,,,,,,,,,,,,,,1,1,2026-03-16_19h25.46.917,Baseline,,2026.01.01,59.49151419,2026-03-16 19h25.47.500195 +0100
01/Jan,009_Blue.jpg,TRUE,Blue,0,1,88,01-1/009_Blue_0.png,45,45,0,None,,,1,[4.855643300106749],[4.855655000079423],0,,,0,,,0,,,0,,,0,,,5,1.5643998,"[(5.0, 1.5643998000305146)]","[0.37833333333333335, 0.0775]","[-0.025, -0.27666666666666667]","[1, 1]","[0, 0]","[0, 0]","[1.3001697000581771, 2.5349640999920666]","[None, 'button2']",1,[2.5583872999995947],[2.5584006998687983],0,,,0,,,0,,,0,,,0,,,0,,,1,[1.5674006999470294],[1.5674117000307888],0,,,0,,,0,,,0,,,0,,,0,,,None,0,45,45,9,894.6758446,,,,,,,,,,,01-1/009_Blue_0.png,894.5948394,894.5949483,01-1/009_Blue_0.png,TRUE,Blue,0,1,88,[],01-1/009_Blue_0.png,46,,894.6048203,894.6758446,894.6758446,894.6758446,894.6758446,894.6758446,894.6758446,894.6758446,894.6758446,894.6758446,894.6758446,894.6758446,895.4928423,899.4513863,Blue,0,None,,,1,[4.855643300106749],[4.855655000079423],0,,,0,,,0,,,0,,,0,,,Blue,902.3618148,902.3783838,899.8246336,902.7261101,899.8001976,899.8246336,899.8246336,0.0232383,899.8246336,,901.4245424,902.3613494,5,1.5643998,"[(5.0, 1.5643998000305146)]","[0.37833333333333335, 0.0775]","[-0.025, -0.27666666666666667]","[1, 1]","[0, 0]","[0, 0]","[1.3001697000581771, 2.5349640999920666]","[None, 'button2']",1,[2.5583872999995947],[2.5584006998687983],0,,,0,,,0,,,0,,,0,,,0,,,902.7306904,902.7437701,902.7437701,902.7437701,902.7437701,902.7437701,902.7437701,902.7437701,904.2802969,1,[1.5674006999470294],[1.5674117000307888],0,,,0,,,0,,,0,,,0,,,0,,,None,904.2805851,904.2935165,904.7257788,904.6277559,"['Green', 'Blue', 'Yellow', 'Blue', 'Yellow', 'Red', 'Green', 'Cyan', 'Yellow', 'Green', 'Yellow', 'Blue', 'Red', 'Purple', 'Red', 'Blue', 'Green', 'Purple', 'Yellow', 'Cyan', 'Cyan', 'Red', 'Yellow', 'Green', 'Green', 'Cyan', 'Yellow', 'Purple', 'Red', 'Red', 'Green', 'Cyan', 'Blue', 'Red', 'Cyan', 'Blue', 'Purple', 'Purple', 'Cyan', 'Yellow', 'Purple', 'Green', 'Green', 'Red', 'Purple', 'Yellow', 'Blue']",899.8246336,,,902.7437701,,,,,,,,,,,,,,,,,,,,,,,,1,1,2026-03-16_19h25.46.917,Baseline,,2026.01.01,59.49151419,2026-03-16 19h25.47.500195 +0100
01/Jan,008_Blue.jpg,TRUE,Blue,4,9,100,01-1/008_Blue_0.png,46,46,0,None,,,1,[12.675971199991181],[12.67597940005362],0,,,0,,,0,,,0,,,0,,,5,1.8983433,"[(5.0, 1.8983432999812067)]","[0.3725, 0.0925]","[-0.006666666666666667, -0.2791666666666667]","[1, 1]","[0, 0]","[0, 0]","[1.6923752999864519, 2.925082400208339]","[None, 'button2']",1,[2.935387599747628],[2.9353970997035503],0,,,0,,,0,,,0,,,0,,,0,,,1,[1.1699244999326766],[1.169933999888599],0,,,0,,,0,,,0,,,0,,,0,,,None,0,46,46,6,904.7257788,,,,,,,,,,,01-1/008_Blue_0.png,904.6285211,904.6287045,01-1/008_Blue_0.png,TRUE,Blue,4,9,100,[],01-1/008_Blue_0.png,47,,904.6386372,904.7257788,904.7257788,904.7257788,904.7257788,904.7257788,904.7257788,904.7257788,904.7257788,904.7257788,904.7257788,904.7257788,905.5086467,917.3051233,Blue,0,None,,,1,[12.675971199991181],[12.67597940005362],0,,,0,,,0,,,0,,,0,,,Blue,920.5920428,920.6107631,,920.94378,917.664907,917.6903255,917.6903255,0.0096996,917.6903255,,919.6239247,920.5916631,5,1.8983433,"[(5.0, 1.8983432999812067)]","[0.3725, 0.0925]","[-0.006666666666666667, -0.2791666666666667]","[1, 1]","[0, 0]","[0, 0]","[1.6923752999864519, 2.925082400208339]","[None, 'button2']",1,[2.935387599747628],[2.9353970997035503],0,,,0,,,0,,,0,,,0,,,0,,,920.9536385,920.9736284,920.9736284,920.9736284,920.9736284,920.9736284,920.9736284,920.9736284,922.1133987,1,[1.1699244999326766],[1.169933999888599],0,,,0,,,0,,,0,,,0,,,0,,,None,922.1136849,922.1260518,922.5418855,922.4596727,"['Green', 'Blue', 'Yellow', 'Blue', 'Yellow', 'Red', 'Green', 'Cyan', 'Yellow', 'Green', 'Yellow', 'Blue', 'Red', 'Purple', 'Red', 'Blue', 'Green', 'Purple', 'Yellow', 'Cyan', 'Cyan', 'Red', 'Yellow', 'Green', 'Green', 'Cyan', 'Yellow', 'Purple', 'Red', 'Red', 'Green', 'Cyan', 'Blue', 'Red', 'Cyan', 'Blue', 'Purple', 'Purple', 'Cyan', 'Yellow', 'Purple', 'Green', 'Green', 'Red', 'Purple', 'Yellow', 'Blue', 'Blue']",917.6903255,,,920.9736284,,,,,,,,,,,,,,,,,,,,,,,,1,1,2026-03-16_19h25.46.917,Baseline,,2026.01.01,59.49151419,2026-03-16 19h25.47.500195 +0100
01/Jan,019_Purple.jpg,TRUE,Purple,55,0,100,01-1/019_Purple_0.png,47,47,0,None,,,0,,,0,,,1,[41.09831180004403],[41.09832580015063],0,,,0,,,0,,,3,2.2012256,"[(3.0, 2.201225599972531)]","[-0.016666666666666666, 0.015833333333333335]","[-0.025, -0.2733333333333333]","[1, 1]","[0, 0]","[0, 0]","[1.9741255000699311, 3.17563319997862]","[None, 'button2']",1,[3.1825633998960257],[3.182568599935621],0,,,0,,,0,,,0,,,0,,,0,,,1,[1.265418899944052],[1.2654274001251906],0,,,0,,,0,,,0,,,0,,,0,,,None,0,47,47,33,922.5418855,,,,,,,,,,,01-1/019_Purple_0.png,922.4601235,922.4602303,01-1/019_Purple_0.png,TRUE,Purple,55,0,100,[],01-1/019_Purple_0.png,48,,922.4670137,922.5418855,922.5418855,922.5418855,922.5418855,922.5418855,922.5418855,922.5418855,922.5418855,922.5418855,922.5418855,922.5418855,923.3415901,963.5591352,Purple,0,None,,,0,,,0,,,1,[41.09831180004403],[41.09832580015063],0,,,0,,,0,,,Purple,967.0927829,967.1066161,967.4720668,967.4415457,963.9155224,963.9385353,963.9385353,0.0062152,963.9385353,,966.1721497,967.0925655,3,2.2012256,"[(3.0, 2.201225599972531)]","[-0.016666666666666666, 0.015833333333333335]","[-0.025, -0.2733333333333333]","[1, 1]","[0, 0]","[0, 0]","[1.9741255000699311, 3.17563319997862]","[None, 'button2']",1,[3.1825633998960257],[3.182568599935621],0,,,0,,,0,,,0,,,0,,,0,,,967.4537015,967.4720668,967.4720668,967.4720668,967.4720668,967.4720668,967.4720668,967.4720668,968.7091301,1,[1.265418899944052],[1.2654274001251906],0,,,0,,,0,,,0,,,0,,,0,,,None,968.7093556,968.7244926,,969.073173,"['Green', 'Blue', 'Yellow', 'Blue', 'Yellow', 'Red', 'Green', 'Cyan', 'Yellow', 'Green', 'Yellow', 'Blue', 'Red', 'Purple', 'Red', 'Blue', 'Green', 'Purple', 'Yellow', 'Cyan', 'Cyan', 'Red', 'Yellow', 'Green', 'Green', 'Cyan', 'Yellow', 'Purple', 'Red', 'Red', 'Green', 'Cyan', 'Blue', 'Red', 'Cyan', 'Blue', 'Purple', 'Purple', 'Cyan', 'Yellow', 'Purple', 'Green', 'Green', 'Red', 'Purple', 'Yellow', 'Blue', 'Blue', 'Purple']",,,,967.4720668,,963.9385353,,,,,,,,,,,,,,,,,,,,,,1,1,2026-03-16_19h25.46.917,Baseline,,2026.01.01,59.49151419,2026-03-16 19h25.47.500195 +0100
01/Jan,017_Cyan.jpg,TRUE,Cyan,0,100,94,01-1/017_Cyan_0.png,48,48,0,None,,,0,,,0,,,0,,,1,[14.987643000204116],[14.987661800114438],0,,,0,,,5,3.6163674,"[(5.0, 3.616367399925366)]","[0.36, 0.0425]","[-0.010833333333333334, -0.2941666666666667]","[1, 1]","[0, 0]","[0, 0]","[3.354954000096768, 4.634681100025773]","[None, 'button2']",1,[4.660671699792147],[4.660677499836311],0,,,0,,,0,,,0,,,0,,,0,,,1,[1.3694861000403762],[1.3695034000556916],0,,,0,,,0,,,0,,,0,,,0,,,None,0,48,48,26,969.1395458,,,,,,,,,,,01-1/017_Cyan_0.png,969.0734705,969.0735667,01-1/017_Cyan_0.png,TRUE,Cyan,0,100,94,[],01-1/017_Cyan_0.png,49,,969.0775364,969.1395458,969.1395458,969.1395458,969.1395458,969.1395458,969.1395458,969.1395458,969.1395458,969.1395458,969.1395458,969.1395458,969.9063692,984.0618388,Cyan,0,None,,,0,,,0,,,0,,,1,[14.987643000204116],[14.987661800114438],0,,,0,,,Cyan,989.0737365,989.0902005,984.437914,989.4248682,984.4107189,984.437914,984.437914,0.0258942,984.437914,,988.0876453,989.0734999,5,3.6163674,"[(5.0, 3.616367399925366)]","[0.36, 0.0425]","[-0.010833333333333334, -0.2941666666666667]","[1, 1]","[0, 0]","[0, 0]","[3.354954000096768, 4.634681100025773]","[None, 'button2']",1,[4.660671699792147],[4.660677499836311],0,,,0,,,0,,,0,,,0,,,0,,,989.4363037,989.4544103,989.4544103,989.4544103,989.4544103,989.4544103,989.4544103,989.4544103,990.7948836,1,[1.3694861000403762],[1.3695034000556916],0,,,0,,,0,,,0,,,0,,,0,,,None,990.7954865,990.8077997,991.2388049,991.1413686,"['Green', 'Blue', 'Yellow', 'Blue', 'Yellow', 'Red', 'Green', 'Cyan', 'Yellow', 'Green', 'Yellow', 'Blue', 'Red', 'Purple', 'Red', 'Blue', 'Green', 'Purple', 'Yellow', 'Cyan', 'Cyan', 'Red', 'Yellow', 'Green', 'Green', 'Cyan', 'Yellow', 'Purple', 'Red', 'Red', 'Green', 'Cyan', 'Blue', 'Red', 'Cyan', 'Blue', 'Purple', 'Purple', 'Cyan', 'Yellow', 'Purple', 'Green', 'Green', 'Red', 'Purple', 'Yellow', 'Blue', 'Blue', 'Purple', 'Cyan']",,,,989.4544103,984.437914,,,,,,,,,,,,,,,,,,,,,,,1,1,2026-03-16_19h25.46.917,Baseline,,2026.01.01,59.49151419,2026-03-16 19h25.47.500195 +0100
01/Jan,020_Blue.jpg,TRUE,Blue,0,6,100,01-1/020_Blue_0.png,49,49,0,None,,,1,[12.081448300043121],[12.08149760006927],0,,,0,,,0,,,0,,,0,,,5,1.3510047,"[(5.0, 1.3510046999435872)]","[0.4058333333333333, 0.06]","[0.004166666666666667, -0.2808333333333333]","[1, 1]","[0, 0]","[0, 0]","[1.127571899909526, 2.640963099896908]","[None, 'button2']",1,[2.6456704000011086],[2.6456949000712484],0,,,0,,,0,,,0,,,0,,,0,,,1,[0.6359813997987658],[0.6360034998506308],0,,,0,,,0,,,0,,,0,,,0,,,None,0,49,49,34,991.2388049,,,,,,,,,,,01-1/020_Blue_0.png,991.1421431,991.1423258,01-1/020_Blue_0.png,TRUE,Blue,0,6,100,[],01-1/020_Blue_0.png,50,,991.152532,991.2388049,991.2388049,991.2388049,991.2388049,991.2388049,991.2388049,991.2388049,991.2388049,991.2388049,991.2388049,991.2388049,992.0229669,1003.224561,Blue,0,None,,,1,[12.081448300043121],[12.08149760006927],0,,,0,,,0,,,0,,,0,,,Blue,1006.222427,1006.240753,1003.604281,1006.573963,1003.578905,1003.604281,1003.604281,0.0041498,1003.604281,,1004.973289,1006.221901,5,1.3510047,"[(5.0, 1.3510046999435872)]","[0.4058333333333333, 0.06]","[0.004166666666666667, -0.2808333333333333]","[1, 1]","[0, 0]","[0, 0]","[1.127571899909526, 2.640963099896908]","[None, 'button2']",1,[2.6456704000011086],[2.6456949000712484],0,,,0,,,0,,,0,,,0,,,0,,,1006.586615,1006.603692,1006.603692,1006.603692,1006.603692,1006.603692,1006.603692,1006.603692,1007.210099,1,[0.6359813997987658],[0.6360034998506308],0,,,0,,,0,,,0,,,0,,,0,,,None,1007.210505,1007.223496,1007.638048,1007.557055,"['Green', 'Blue', 'Yellow', 'Blue', 'Yellow', 'Red', 'Green', 'Cyan', 'Yellow', 'Green', 'Yellow', 'Blue', 'Red', 'Purple', 'Red', 'Blue', 'Green', 'Purple', 'Yellow', 'Cyan', 'Cyan', 'Red', 'Yellow', 'Green', 'Green', 'Cyan', 'Yellow', 'Purple', 'Red', 'Red', 'Green', 'Cyan', 'Blue', 'Red', 'Cyan', 'Blue', 'Purple', 'Purple', 'Cyan', 'Yellow', 'Purple', 'Green', 'Green', 'Red', 'Purple', 'Yellow', 'Blue', 'Blue', 'Purple', 'Cyan', 'Blue']",1003.604281,,,1006.603692,,,,,,,,,,,,,,,,,,,,,,,,1,1,2026-03-16_19h25.46.917,Baseline,,2026.01.01,59.49151419,2026-03-16 19h25.47.500195 +0100
01/Jan,027_Green.jpg,TRUE,Green,1,88,0,01-1/027_Green_0.png,50,50,0,None,,,0,,,0,,,0,,,0,,,0,,,1,[5.609667799901217],[5.6096890000626445],5,2.4272304,"[(5.0, 2.4272303998004645)]","[0.3575, 0.3775, 0.07583333333333334]","[-0.06166666666666667, -0.011666666666666667, -0.2925]","[1, 1, 1]","[0, 0, 0]","[0, 0, 0]","[1.156908700009808, 2.1903299000114202, 3.3544974999967963]","[None, None, 'button2']",1,[3.370846099918708],[3.3708595999050885],0,,,0,,,0,,,0,,,0,,,0,,,1,[0.7867687998805195],[0.7867825997527689],0,,,0,,,0,,,0,,,0,,,0,,,None,0,50,50,55,1007.638048,,,,,,,,,,,01-1/027_Green_0.png,1007.558002,1007.558165,01-1/027_Green_0.png,TRUE,Green,1,88,0,[],01-1/027_Green_0.png,51,,1007.568505,1007.638048,1007.638048,1007.638048,1007.638048,1007.638048,1007.638048,1007.638048,1007.638048,1007.638048,1007.638048,1007.638048,1008.422054,1013.168109,Green,0,None,,,0,,,0,,,0,,,0,,,0,,,1,[5.609667799901217],[5.6096890000626445],Green,1016.891125,1016.908143,,1017.241659,1013.533869,1013.572829,1013.572829,0.0155722,1013.572829,1013.572829,1016.021252,1016.890607,5,2.4272304,"[(5.0, 2.4272303998004645)]","[0.3575, 0.3775, 0.07583333333333334]","[-0.06166666666666667, -0.011666666666666667, -0.2925]","[1, 1, 1]","[0, 0, 0]","[0, 0, 0]","[1.156908700009808, 2.1903299000114202, 3.3544974999967963]","[None, None, 'button2']",1,[3.370846099918708],[3.3708595999050885],0,,,0,,,0,,,0,,,0,,,0,,,1017.25141,1017.270965,1017.270965,1017.270965,1017.270965,1017.270965,1017.270965,1017.270965,1018.029596,1,[0.7867687998805195],[0.7867825997527689],0,,,0,,,0,,,0,,,0,,,0,,,None,1018.029905,1018.041449,1018.489286,1018.374326,"['Green', 'Blue', 'Yellow', 'Blue', 'Yellow', 'Red', 'Green', 'Cyan', 'Yellow', 'Green', 'Yellow', 'Blue', 'Red', 'Purple', 'Red', 'Blue', 'Green', 'Purple', 'Yellow', 'Cyan', 'Cyan', 'Red', 'Yellow', 'Green', 'Green', 'Cyan', 'Yellow', 'Purple', 'Red', 'Red', 'Green', 'Cyan', 'Blue', 'Red', 'Cyan', 'Blue', 'Purple', 'Purple', 'Cyan', 'Yellow', 'Purple', 'Green', 'Green', 'Red', 'Purple', 'Yellow', 'Blue', 'Blue', 'Purple', 'Cyan', 'Blue', 'Green']",,,,1017.270965,,,,,,,,,,,,,,,,,,,,,,,,1,1,2026-03-16_19h25.46.917,Baseline,,2026.01.01,59.49151419,2026-03-16 19h25.47.500195 +0100
01/Jan,011_Red.jpg,TRUE,Red,100,0,12,01-1/011_Red_0.png,51,51,0,None,,,0,,,0,,,0,,,0,,,1,[5.11906519997865],[5.119078600080684],0,,,5,2.3144264,"[(5.0, 2.3144264000002295)]","[0.37083333333333335, 0.0775]","[-0.0075, -0.2875]","[1, 1]","[0, 0]","[0, 0]","[2.076069299830124, 3.6616354999132454]","[None, 'button2']",1,[3.6632016997318715],[3.6632152998354286],0,,,0,,,0,,,0,,,0,,,0,,,1,[0.8487027999944985],[0.8487227999139577],0,,,0,,,0,,,0,,,0,,,0,,,None,0,51,51,16,1018.489286,,,,,,,,,,,01-1/011_Red_0.png,1018.375072,1018.375247,01-1/011_Red_0.png,TRUE,Red,100,0,12,[],01-1/011_Red_0.png,52,,1018.38513,1018.489286,1018.489286,1018.489286,1018.489286,1018.489286,1018.489286,1018.489286,1018.489286,1018.489286,1018.489286,1018.489286,1019.339914,1023.494553,Red,0,None,,,0,,,0,,,0,,,0,,,1,[5.11906519997865],[5.119078600080684],0,,,Red,1027.509541,1027.522376,1027.88604,1027.855819,1023.845468,1023.869709,1023.869709,0.0008274,1023.869709,,1026.220052,1027.509279,5,2.3144264,"[(5.0, 2.3144264000002295)]","[0.37083333333333335, 0.0775]","[-0.0075, -0.2875]","[1, 1]","[0, 0]","[0, 0]","[2.076069299830124, 3.6616354999132454]","[None, 'button2']",1,[3.6632016997318715],[3.6632152998354286],0,,,0,,,0,,,0,,,0,,,0,,,1027.866721,1027.88604,1027.88604,1027.88604,1027.88604,1027.88604,1027.88604,1027.88604,1028.710032,1,[0.8487027999944985],[0.8487227999139577],0,,,0,,,0,,,0,,,0,,,0,,,None,1028.710317,1028.722163,1029.137608,1029.055995,"['Green', 'Blue', 'Yellow', 'Blue', 'Yellow', 'Red', 'Green', 'Cyan', 'Yellow', 'Green', 'Yellow', 'Blue', 'Red', 'Purple', 'Red', 'Blue', 'Green', 'Purple', 'Yellow', 'Cyan', 'Cyan', 'Red', 'Yellow', 'Green', 'Green', 'Cyan', 'Yellow', 'Purple', 'Red', 'Red', 'Green', 'Cyan', 'Blue', 'Red', 'Cyan', 'Blue', 'Purple', 'Purple', 'Cyan', 'Yellow', 'Purple', 'Green', 'Green', 'Red', 'Purple', 'Yellow', 'Blue', 'Blue', 'Purple', 'Cyan', 'Blue', 'Green', 'Red']",,,1023.869709,1027.88604,,,,,,,,,,,,,,,,,,,,,,,,1,1,2026-03-16_19h25.46.917,Baseline,,2026.01.01,59.49151419,2026-03-16 19h25.47.500195 +0100
01/Jan,010_Yellow.jpg,TRUE,Yellow,100,87,0,01-1/010_Yellow_0.png,52,52,0,None,,,0,,,1,[6.349379299907014],[6.349388199858367],0,,,0,,,0,,,0,,,5,1.7492096,"[(5.0, 1.7492096000351012)]","[0.37583333333333335, -0.0375]","[0.0, -0.31083333333333335]","[1, 1]","[0, 0]","[0, 0]","[1.5093270000070333, 2.8408395999576896]","[None, 'button2']",1,[2.8469859997276217],[2.846991299884394],0,,,0,,,0,,,0,,,0,,,0,,,1,[0.9511331999674439],[0.9511386000085622],0,,,0,,,0,,,0,,,0,,,0,,,None,0,52,52,14,1029.137608,,,,,,,,,,,01-1/010_Yellow_0.png,1029.05645,1029.05655,01-1/010_Yellow_0.png,TRUE,Yellow,100,87,0,[],01-1/010_Yellow_0.png,53,,1029.066976,1029.137608,1029.137608,1029.137608,1029.137608,1029.137608,1029.137608,1029.137608,1029.137608,1029.137608,1029.137608,1029.137608,1029.92191,1035.406273,Yellow,0,None,,,0,,,1,[6.349379299907014],[6.349388199858367],0,,,0,,,0,,,0,,,Yellow,1038.604236,1038.62099,1035.785464,1038.956036,1035.761782,1035.785464,1035.785464,0.0054401,1035.785464,,1037.552379,1038.604023,5,1.7492096,"[(5.0, 1.7492096000351012)]","[0.37583333333333335, -0.0375]","[0.0, -0.31083333333333335]","[1, 1]","[0, 0]","[0, 0]","[1.5093270000070333, 2.8408395999576896]","[None, 'button2']",1,[2.8469859997276217],[2.846991299884394],0,,,0,,,0,,,0,,,0,,,0,,,1038.968091,1038.985827,1038.985827,1038.985827,1038.985827,1038.985827,1038.985827,1038.985827,1039.905884,1,[0.9511331999674439],[0.9511386000085622],0,,,0,,,0,,,0,,,0,,,0,,,None,1039.906038,1039.920506,1040.337608,1040.253998,"['Green', 'Blue', 'Yellow', 'Blue', 'Yellow', 'Red', 'Green', 'Cyan', 'Yellow', 'Green', 'Yellow', 'Blue', 'Red', 'Purple', 'Red', 'Blue', 'Green', 'Purple', 'Yellow', 'Cyan', 'Cyan', 'Red', 'Yellow', 'Green', 'Green', 'Cyan', 'Yellow', 'Purple', 'Red', 'Red', 'Green', 'Cyan', 'Blue', 'Red', 'Cyan', 'Blue', 'Purple', 'Purple', 'Cyan', 'Yellow', 'Purple', 'Green', 'Green', 'Red', 'Purple', 'Yellow', 'Blue', 'Blue', 'Purple', 'Cyan', 'Blue', 'Green', 'Red', 'Yellow']",,1035.785464,,1038.985827,,,,,,,,,,,,,,,,,,,,,,,,1,1,2026-03-16_19h25.46.917,Baseline,,2026.01.01,59.49151419,2026-03-16 19h25.47.500195 +0100
01/Jan,021_Red.jpg,TRUE,Red,96,3,2,01-1/021_Red_0.png,53,53,0,None,,,0,,,0,,,0,,,0,,,1,[3.7084355000406504],[3.7084476000163704],0,,,5,1.8302208,"[(5.0, 1.8302207998931408)]","[0.3575, -0.0033333333333333335]","[-0.024166666666666666, -0.2991666666666667]","[1, 1]","[0, 0]","[0, 0]","[1.6061674000229686, 2.756983800092712]","[None, 'button2']",1,[2.75724729988724],[2.7572605998720974],0,,,0,,,0,,,0,,,0,,,0,,,1,[0.8817871999926865],[0.881794200045988],0,,,0,,,0,,,0,,,0,,,0,,,None,0,53,53,36,1040.337608,,,,,,,,,,,01-1/021_Red_0.png,1040.254445,1040.254542,01-1/021_Red_0.png,TRUE,Red,96,3,2,[],01-1/021_Red_0.png,54,,1040.259627,1040.337608,1040.337608,1040.337608,1040.337608,1040.337608,1040.337608,1040.337608,1040.337608,1040.337608,1040.337608,1040.337608,1041.187033,1043.963272,Red,0,None,,,0,,,0,,,0,,,0,,,1,[3.7084355000406504],[3.7084476000163704],0,,,Red,1047.072562,1047.089181,1044.336274,1047.438259,1044.312818,1044.336274,1044.336274,-0.0005445,1044.336274,,1046.202481,1047.072063,5,1.8302208,"[(5.0, 1.8302207998931408)]","[0.3575, -0.0033333333333333335]","[-0.024166666666666666, -0.2991666666666667]","[1, 1]","[0, 0]","[0, 0]","[1.6061674000229686, 2.756983800092712]","[None, 'button2']",1,[2.75724729988724],[2.7572605998720974],0,,,0,,,0,,,0,,,0,,,0,,,1047.449267,1047.468864,1047.468864,1047.468864,1047.468864,1047.468864,1047.468864,1047.468864,1048.3049,1,[0.8817871999926865],[0.881794200045988],0,,,0,,,0,,,0,,,0,,,0,,,None,1048.305059,1048.32058,1048.736574,1048.653778,"['Green', 'Blue', 'Yellow', 'Blue', 'Yellow', 'Red', 'Green', 'Cyan', 'Yellow', 'Green', 'Yellow', 'Blue', 'Red', 'Purple', 'Red', 'Blue', 'Green', 'Purple', 'Yellow', 'Cyan', 'Cyan', 'Red', 'Yellow', 'Green', 'Green', 'Cyan', 'Yellow', 'Purple', 'Red', 'Red', 'Green', 'Cyan', 'Blue', 'Red', 'Cyan', 'Blue', 'Purple', 'Purple', 'Cyan', 'Yellow', 'Purple', 'Green', 'Green', 'Red', 'Purple', 'Yellow', 'Blue', 'Blue', 'Purple', 'Cyan', 'Blue', 'Green', 'Red', 'Yellow', 'Red']",,,1044.336274,1047.468864,,,,,,,,,,,,,,,,,,,,,,,,1,1,2026-03-16_19h25.46.917,Baseline,,2026.01.01,59.49151419,2026-03-16 19h25.47.500195 +0100
01/Jan,008_Purple.jpg,TRUE,Purple,52,0,99,01-1/008_Purple_0.png,54,54,0,None,,,0,,,0,,,1,[11.965991499833763],[11.966006399830803],0,,,0,,,0,,,3,1.9835421,"[(3.0, 1.9835420998279005)]","[-0.034166666666666665, 0.0125]","[-0.03166666666666667, -0.26]","[1, 1]","[0, 0]","[0, 0]","[1.7641586000099778, 2.8975718999281526]","[None, 'button2']",1,[2.901173199992627],[2.9011860000900924],0,,,0,,,0,,,0,,,0,,,0,,,1,[0.9153244998306036],[0.915335999801755],0,,,0,,,0,,,0,,,0,,,0,,,None,0,54,54,7,1048.736574,,,,,,,,,,,01-1/008_Purple_0.png,1048.654186,1048.654281,01-1/008_Purple_0.png,TRUE,Purple,52,0,99,[],01-1/008_Purple_0.png,55,,1048.65956,1048.736574,1048.736574,1048.736574,1048.736574,1048.736574,1048.736574,1048.736574,1048.736574,1048.736574,1048.736574,1048.736574,1049.553776,1060.620635,Purple,0,None,,,0,,,0,,,1,[11.965991499833763],[11.966006399830803],0,,,0,,,0,,,Purple,1063.873594,1063.886988,1064.237479,1064.220138,1060.973916,1061.001667,1061.001667,0.0031442,1061.001667,,1063.001455,1063.873365,3,1.9835421,"[(3.0, 1.9835420998279005)]","[-0.034166666666666665, 0.0125]","[-0.03166666666666667, -0.26]","[1, 1]","[0, 0]","[0, 0]","[1.7641586000099778, 2.8975718999281526]","[None, 'button2']",1,[2.901173199992627],[2.9011860000900924],0,,,0,,,0,,,0,,,0,,,0,,,1064.225787,1064.237479,1064.237479,1064.237479,1064.237479,1064.237479,1064.237479,1064.237479,1065.139893,1,[0.9153244998306036],[0.915335999801755],0,,,0,,,0,,,0,,,0,,,0,,,None,1065.140148,1065.15421,1065.568575,1065.487149,"['Green', 'Blue', 'Yellow', 'Blue', 'Yellow', 'Red', 'Green', 'Cyan', 'Yellow', 'Green', 'Yellow', 'Blue', 'Red', 'Purple', 'Red', 'Blue', 'Green', 'Purple', 'Yellow', 'Cyan', 'Cyan', 'Red', 'Yellow', 'Green', 'Green', 'Cyan', 'Yellow', 'Purple', 'Red', 'Red', 'Green', 'Cyan', 'Blue', 'Red', 'Cyan', 'Blue', 'Purple', 'Purple', 'Cyan', 'Yellow', 'Purple', 'Green', 'Green', 'Red', 'Purple', 'Yellow', 'Blue', 'Blue', 'Purple', 'Cyan', 'Blue', 'Green', 'Red', 'Yellow', 'Red', 'Purple']",,,,1064.237479,,1061.001667,,,,,,,,,,,,,,,,,,,,,,1,1,2026-03-16_19h25.46.917,Baseline,,2026.01.01,59.49151419,2026-03-16 19h25.47.500195 +0100
01/Jan,027_Cyan.jpg,TRUE,Cyan,13,100,100,01-1/027_Cyan_0.png,55,55,0,None,,,0,,,0,,,0,,,1,[18.157743099844083],[18.157750299898908],0,,,0,,,5,1.3003611,"[(5.0, 1.3003610998857766)]","[0.37083333333333335, 0.011666666666666667]","[0.030833333333333334, -0.2575]","[1, 1]","[0, 0]","[0, 0]","[1.0184814999811351, 2.319756800075993]","[None, 'button2']",1,[2.341566299786791],[2.3415720998309553],0,,,0,,,0,,,0,,,0,,,0,,,1,[1.1679546998348087],[1.167971699964255],0,,,0,,,0,,,0,,,0,,,0,,,None,0,55,55,54,1065.568575,,,,,,,,,,,01-1/027_Cyan_0.png,1065.48757,1065.487674,01-1/027_Cyan_0.png,TRUE,Cyan,13,100,100,[],01-1/027_Cyan_0.png,56,,1065.493726,1065.568575,1065.568575,1065.568575,1065.568575,1065.568575,1065.568575,1065.568575,1065.568575,1065.568575,1065.568575,1065.568575,1066.351806,1083.645654,Cyan,0,None,,,0,,,0,,,0,,,1,[18.157743099844083],[18.157750299898908],0,,,0,,,Cyan,1086.338252,1086.353811,1086.717556,1086.688064,1083.990031,1084.017329,1084.017329,0.0217037,1084.017329,,1085.350469,1086.338028,5,1.3003611,"[(5.0, 1.3003610998857766)]","[0.37083333333333335, 0.011666666666666667]","[0.030833333333333334, -0.2575]","[1, 1]","[0, 0]","[0, 0]","[1.0184814999811351, 2.319756800075993]","[None, 'button2']",1,[2.341566299786791],[2.3415720998309553],0,,,0,,,0,,,0,,,0,,,0,,,1086.697734,1086.717556,1086.717556,1086.717556,1086.717556,1086.717556,1086.717556,1086.717556,1087.857724,1,[1.1679546998348087],[1.167971699964255],0,,,0,,,0,,,0,,,0,,,0,,,None,1087.858081,1087.870521,1088.301522,1088.204507,"['Green', 'Blue', 'Yellow', 'Blue', 'Yellow', 'Red', 'Green', 'Cyan', 'Yellow', 'Green', 'Yellow', 'Blue', 'Red', 'Purple', 'Red', 'Blue', 'Green', 'Purple', 'Yellow', 'Cyan', 'Cyan', 'Red', 'Yellow', 'Green', 'Green', 'Cyan', 'Yellow', 'Purple', 'Red', 'Red', 'Green', 'Cyan', 'Blue', 'Red', 'Cyan', 'Blue', 'Purple', 'Purple', 'Cyan', 'Yellow', 'Purple', 'Green', 'Green', 'Red', 'Purple', 'Yellow', 'Blue', 'Blue', 'Purple', 'Cyan', 'Blue', 'Green', 'Red', 'Yellow', 'Red', 'Purple', 'Cyan']",,,,1086.717556,1084.017329,,,,,,,,,,,,,,,,,,,,,,,1,1,2026-03-16_19h25.46.917,Baseline,,2026.01.01,59.49151419,2026-03-16 19h25.47.500195 +0100
01/Jan,007_Cyan.jpg,TRUE,Cyan,1,89,99,01-1/007_Cyan_0.png,56,56,0,None,,,0,,,0,,,0,,,1,[5.532477000029758],[5.532489200122654],0,,,0,,,5,1.8805364,"[(5.0, 1.8805364000145346)]","[0.3308333333333333, 0.028333333333333332]","[-0.0275, -0.31416666666666665]","[1, 1]","[0, 0]","[0, 0]","[1.6735955001786351, 2.874557500006631]","[None, 'button2']",1,[2.8801613999530673],[2.8801713997963816],0,,,0,,,0,,,0,,,0,,,0,,,1,[0.8687477000057697],[0.8687557000666857],0,,,0,,,0,,,0,,,0,,,0,,,None,0,56,56,5,1088.301522,,,,,,,,,,,01-1/007_Cyan_0.png,1088.205281,1088.205453,01-1/007_Cyan_0.png,TRUE,Cyan,1,89,99,[],01-1/007_Cyan_0.png,57,,1088.213915,1088.301522,1088.301522,1088.301522,1088.301522,1088.301522,1088.301522,1088.301522,1088.301522,1088.301522,1088.301522,1088.301522,1089.085399,1093.738371,Cyan,0,None,,,0,,,0,,,0,,,1,[5.532477000029758],[5.532489200122654],0,,,0,,,Cyan,1096.970166,1096.987461,1094.117595,1097.336029,1094.093404,1094.117595,1094.117595,0.0048889,1094.117595,,1096.033095,1096.969784,5,1.8805364,"[(5.0, 1.8805364000145346)]","[0.3308333333333333, 0.028333333333333332]","[-0.0275, -0.31416666666666665]","[1, 1]","[0, 0]","[0, 0]","[1.6735955001786351, 2.874557500006631]","[None, 'button2']",1,[2.8801613999530673],[2.8801713997963816],0,,,0,,,0,,,0,,,0,,,0,,,1097.342878,1097.366722,1097.366722,1097.366722,1097.366722,1097.366722,1097.366722,1097.366722,1098.190515,1,[0.8687477000057697],[0.8687557000666857],0,,,0,,,0,,,0,,,0,,,0,,,None,1098.190907,1098.202419,1098.617888,1098.536091,"['Green', 'Blue', 'Yellow', 'Blue', 'Yellow', 'Red', 'Green', 'Cyan', 'Yellow', 'Green', 'Yellow', 'Blue', 'Red', 'Purple', 'Red', 'Blue', 'Green', 'Purple', 'Yellow', 'Cyan', 'Cyan', 'Red', 'Yellow', 'Green', 'Green', 'Cyan', 'Yellow', 'Purple', 'Red', 'Red', 'Green', 'Cyan', 'Blue', 'Red', 'Cyan', 'Blue', 'Purple', 'Purple', 'Cyan', 'Yellow', 'Purple', 'Green', 'Green', 'Red', 'Purple', 'Yellow', 'Blue', 'Blue', 'Purple', 'Cyan', 'Blue', 'Green', 'Red', 'Yellow', 'Red', 'Purple', 'Cyan', 'Cyan']",,,,1097.366722,1094.117595,,,,,,,,,,,,,,,,,,,,,,,1,1,2026-03-16_19h25.46.917,Baseline,,2026.01.01,59.49151419,2026-03-16 19h25.47.500195 +0100
01/Jan,026_Purple.jpg,TRUE,Purple,55,4,100,01-1/026_Purple_0.png,57,57,0,None,,,0,,,0,,,1,[5.388853600015864],[5.388864899985492],0,,,0,,,0,,,5,1.5323547,"[(5.0, 1.5323546999134123)]","[0.3675, 0.05416666666666667]","[-0.006666666666666667, -0.27166666666666667]","[1, 1]","[0, 0]","[0, 0]","[1.3231580001302063, 2.60890410002321]","[None, 'button2']",1,[2.6101740999147296],[2.610179599840194],0,,,0,,,0,,,0,,,0,,,0,,,1,[0.834717100020498],[0.8347320000175387],0,,,0,,,0,,,0,,,0,,,0,,,None,0,57,57,53,1098.617888,,,,,,,,,,,01-1/026_Purple_0.png,1098.536789,1098.536951,01-1/026_Purple_0.png,TRUE,Purple,55,4,100,[],01-1/026_Purple_0.png,58,,1098.547746,1098.617888,1098.617888,1098.617888,1098.617888,1098.617888,1098.617888,1098.617888,1098.617888,1098.617888,1098.617888,1098.617888,1099.418363,1103.92614,Purple,0,None,,,0,,,0,,,1,[5.388853600015864],[5.388864899985492],0,,,0,,,0,,,Purple,1106.887313,1106.901946,1107.267242,1107.236996,1104.276768,1104.30007,1104.30007,0.0005448,1104.30007,,1105.867059,1106.887093,5,1.5323547,"[(5.0, 1.5323546999134123)]","[0.3675, 0.05416666666666667]","[-0.006666666666666667, -0.27166666666666667]","[1, 1]","[0, 0]","[0, 0]","[1.3231580001302063, 2.60890410002321]","[None, 'button2']",1,[2.6101740999147296],[2.610179599840194],0,,,0,,,0,,,0,,,0,,,0,,,1107.243176,1107.267242,1107.267242,1107.267242,1107.267242,1107.267242,1107.267242,1107.267242,1108.073231,1,[0.834717100020498],[0.8347320000175387],0,,,0,,,0,,,0,,,0,,,0,,,None,1108.073514,1108.08632,1108.518019,1108.419603,"['Green', 'Blue', 'Yellow', 'Blue', 'Yellow', 'Red', 'Green', 'Cyan', 'Yellow', 'Green', 'Yellow', 'Blue', 'Red', 'Purple', 'Red', 'Blue', 'Green', 'Purple', 'Yellow', 'Cyan', 'Cyan', 'Red', 'Yellow', 'Green', 'Green', 'Cyan', 'Yellow', 'Purple', 'Red', 'Red', 'Green', 'Cyan', 'Blue', 'Red', 'Cyan', 'Blue', 'Purple', 'Purple', 'Cyan', 'Yellow', 'Purple', 'Green', 'Green', 'Red', 'Purple', 'Yellow', 'Blue', 'Blue', 'Purple', 'Cyan', 'Blue', 'Green', 'Red', 'Yellow', 'Red', 'Purple', 'Cyan', 'Cyan', 'Purple']",,,,1107.267242,,1104.30007,,,,,,,,,,,,,,,,,,,,,,1,1,2026-03-16_19h25.46.917,Baseline,,2026.01.01,59.49151419,2026-03-16 19h25.47.500195 +0100
01/Jan,014_Yellow.jpg,TRUE,Yellow,100,98,11,01-1/014_Yellow_0.png,58,58,0,None,,,0,,,1,[12.288475399836898],[12.288483100011945],0,,,0,,,0,,,0,,,5,2.5323903,"[(5.0, 2.5323902999516577)]","[0.38083333333333336, 0.07]","[-0.0275, -0.2758333333333333]","[1, 1]","[0, 0]","[0, 0]","[2.28394759981893, 3.402706200024113]","[None, 'button2']",1,[3.42683899984695],[3.4268441998865455],0,,,0,,,0,,,0,,,0,,,0,,,1,[0.9667772999964654],[0.9668028999585658],0,,,0,,,0,,,0,,,0,,,0,,,None,0,58,58,19,1108.518019,,,,,,,,,,,01-1/014_Yellow_0.png,1108.420386,1108.42056,01-1/014_Yellow_0.png,TRUE,Yellow,100,98,11,[],01-1/014_Yellow_0.png,59,,1108.42887,1108.518019,1108.518019,1108.518019,1108.518019,1108.518019,1108.518019,1108.518019,1108.518019,1108.518019,1108.518019,1108.518019,1109.335085,1120.709395,Yellow,0,None,,,0,,,1,[12.288475399836898],[12.288483100011945],0,,,0,,,0,,,0,,,Yellow,1124.487223,1124.501844,1124.865815,1124.835251,1121.055193,1121.083211,1121.083211,0.0240227,1121.083211,,1123.649181,1124.487001,5,2.5323903,"[(5.0, 2.5323902999516577)]","[0.38083333333333336, 0.07]","[-0.0275, -0.2758333333333333]","[1, 1]","[0, 0]","[0, 0]","[2.28394759981893, 3.402706200024113]","[None, 'button2']",1,[3.42683899984695],[3.4268441998865455],0,,,0,,,0,,,0,,,0,,,0,,,1124.846707,1124.865815,1124.865815,1124.865815,1124.865815,1124.865815,1124.865815,1124.865815,1125.805084,1,[0.9667772999964654],[0.9668028999585658],0,,,0,,,0,,,0,,,0,,,0,,,None,1125.805339,1125.818952,1126.233438,1126.152564,"['Green', 'Blue', 'Yellow', 'Blue', 'Yellow', 'Red', 'Green', 'Cyan', 'Yellow', 'Green', 'Yellow', 'Blue', 'Red', 'Purple', 'Red', 'Blue', 'Green', 'Purple', 'Yellow', 'Cyan', 'Cyan', 'Red', 'Yellow', 'Green', 'Green', 'Cyan', 'Yellow', 'Purple', 'Red', 'Red', 'Green', 'Cyan', 'Blue', 'Red', 'Cyan', 'Blue', 'Purple', 'Purple', 'Cyan', 'Yellow', 'Purple', 'Green', 'Green', 'Red', 'Purple', 'Yellow', 'Blue', 'Blue', 'Purple', 'Cyan', 'Blue', 'Green', 'Red', 'Yellow', 'Red', 'Purple', 'Cyan', 'Cyan', 'Purple', 'Yellow']",,1121.083211,,1124.865815,,,,,,,,,,,,,,,,,,,,,,,,1,1,2026-03-16_19h25.46.917,Baseline,,2026.01.01,59.49151419,2026-03-16 19h25.47.500195 +0100
01/Jan,028_Blue.jpg,TRUE,Blue,0,9,96,01-1/028_Blue_0.png,59,59,0,None,,,1,[7.49195499997586],[7.491970899980515],0,,,0,,,0,,,0,,,0,,,5,3.1335669,"[(5.0, 3.1335669001564384)]","[0.35583333333333333, 0.37416666666666665, 0.02]","[-0.060833333333333336, -0.005833333333333334, -0.2966666666666667]","[1, 1, 1]","[0, 0, 0]","[0, 0, 0]","[1.542575600091368, 2.9263732000254095, 4.324617400066927]","[None, None, 'button2']",1,[4.338011199841276],[4.338024499826133],0,,,0,,,0,,,0,,,0,,,0,,,1,[0.867484400048852],[0.8674951998982579],0,,,0,,,0,,,0,,,0,,,0,,,None,0,59,59,56,1126.233438,,,,,,,,,,,01-1/028_Blue_0.png,1126.153241,1126.153346,01-1/028_Blue_0.png,TRUE,Blue,0,9,96,[],01-1/028_Blue_0.png,60,,1126.163199,1126.233438,1126.233438,1126.233438,1126.233438,1126.233438,1126.233438,1126.233438,1126.233438,1126.233438,1126.233438,1126.233438,1127.050395,1133.646227,Blue,0,None,,,1,[7.49195499997586],[7.491970899980515],0,,,0,,,0,,,0,,,0,,,Blue,1138.33644,1138.353506,,1138.686498,1134.009124,1134.032922,1134.032922,0.0126254,1134.032922,,1137.19937,1138.335935,5,3.1335669,"[(5.0, 3.1335669001564384)]","[0.35583333333333333, 0.37416666666666665, 0.02]","[-0.060833333333333336, -0.005833333333333334, -0.2966666666666667]","[1, 1, 1]","[0, 0, 0]","[0, 0, 0]","[1.542575600091368, 2.9263732000254095, 4.324617400066927]","[None, None, 'button2']",1,[4.338011199841276],[4.338024499826133],0,,,0,,,0,,,0,,,0,,,0,,,1138.69735,1138.716052,1138.716052,1138.716052,1138.716052,1138.716052,1138.716052,1138.716052,1139.555173,1,[0.867484400048852],[0.8674951998982579],0,,,0,,,0,,,0,,,0,,,0,,,None,1139.555647,1139.568768,,1139.918944,"['Green', 'Blue', 'Yellow', 'Blue', 'Yellow', 'Red', 'Green', 'Cyan', 'Yellow', 'Green', 'Yellow', 'Blue', 'Red', 'Purple', 'Red', 'Blue', 'Green', 'Purple', 'Yellow', 'Cyan', 'Cyan', 'Red', 'Yellow', 'Green', 'Green', 'Cyan', 'Yellow', 'Purple', 'Red', 'Red', 'Green', 'Cyan', 'Blue', 'Red', 'Cyan', 'Blue', 'Purple', 'Purple', 'Cyan', 'Yellow', 'Purple', 'Green', 'Green', 'Red', 'Purple', 'Yellow', 'Blue', 'Blue', 'Purple', 'Cyan', 'Blue', 'Green', 'Red', 'Yellow', 'Red', 'Purple', 'Cyan', 'Cyan', 'Purple', 'Yellow', 'Blue']",1134.032922,,,1138.716052,,,,,,,,,,,,,,,,,,,,,,,,1,1,2026-03-16_19h25.46.917,Baseline,,2026.01.01,59.49151419,2026-03-16 19h25.47.500195 +0100
01/Jan,014_Yellow.jpg,TRUE,Yellow,100,98,11,01-1/014_Yellow_0.png,60,0,1,None,,,0,,,1,[11.975211099954322],[11.975220600143075],0,,,0,,,0,,,0,,,5,2.447802,"[(5.0, 2.447801999980584)]","[0.3591666666666667, 0.006666666666666667]","[-0.015833333333333335, -0.2775]","[1, 1]","[0, 0]","[0, 0]","[2.227083900012076, 3.826702899998054]","[None, 'button2']",1,[3.837251299759373],[3.8372585996985435],0,,,0,,,0,,,0,,,0,,,0,,,1,[1.0865178999956697],[1.0865344000048935],0,,,0,,,0,,,0,,,0,,,0,,,None,1,0,60,19,1140.000192,,,,,,,,,,,01-1/014_Yellow_0.png,1139.919404,1139.919517,01-1/014_Yellow_0.png,TRUE,Yellow,100,98,11,[],01-1/014_Yellow_0.png,61,,1139.924058,1140.000192,1140.000192,1140.000192,1140.000192,1140.000192,1140.000192,1140.000192,1140.000192,1140.000192,1140.000192,1140.000192,1140.884037,1151.895147,Yellow,0,None,,,0,,,1,[11.975211099954322],[11.975220600143075],0,,,0,,,0,,,0,,,Yellow,1156.084021,1156.100029,,1156.43499,1152.255546,1152.28161,1152.28161,0.0100699,1152.28161,,1154.74832,1156.08372,5,2.447802,"[(5.0, 2.447801999980584)]","[0.3591666666666667, 0.006666666666666667]","[-0.015833333333333335, -0.2775]","[1, 1]","[0, 0]","[0, 0]","[2.227083900012076, 3.826702899998054]","[None, 'button2']",1,[3.837251299759373],[3.8372585996985435],0,,,0,,,0,,,0,,,0,,,0,,,1156.440163,1156.449915,1156.449915,1156.449915,1156.449915,1156.449915,1156.449915,1156.449915,1157.522102,1,[1.0865178999956697],[1.0865344000048935],0,,,0,,,0,,,0,,,0,,,0,,,None,1157.522468,1157.535071,,1157.882879,"['Green', 'Blue', 'Yellow', 'Blue', 'Yellow', 'Red', 'Green', 'Cyan', 'Yellow', 'Green', 'Yellow', 'Blue', 'Red', 'Purple', 'Red', 'Blue', 'Green', 'Purple', 'Yellow', 'Cyan', 'Cyan', 'Red', 'Yellow', 'Green', 'Green', 'Cyan', 'Yellow', 'Purple', 'Red', 'Red', 'Green', 'Cyan', 'Blue', 'Red', 'Cyan', 'Blue', 'Purple', 'Purple', 'Cyan', 'Yellow', 'Purple', 'Green', 'Green', 'Red', 'Purple', 'Yellow', 'Blue', 'Blue', 'Purple', 'Cyan', 'Blue', 'Green', 'Red', 'Yellow', 'Red', 'Purple', 'Cyan', 'Cyan', 'Purple', 'Yellow', 'Blue', 'Yellow']",,1152.28161,,1156.449915,,,,,,,,,,,,,,,,,,,,,,,,1,1,2026-03-16_19h25.46.917,Baseline,,2026.01.01,59.49151419,2026-03-16 19h25.47.500195 +0100
01/Jan,006_Purple.jpg,TRUE,Purple,65,0,100,01-1/006_Purple_0.png,61,1,1,None,,,0,,,0,,,1,[6.111159899970517],[6.111169399926439],0,,,0,,,0,,,5,1.2643177,"[(5.0, 1.2643177001737058)]","[0.3591666666666667, 0.050833333333333335]","[-0.020833333333333332, -0.2816666666666667]","[1, 1]","[0, 0]","[0, 0]","[1.0575324001256377, 2.3270252000074834]","[None, 'button2']",1,[2.340002399869263],[2.3400105996988714],0,,,0,,,0,,,0,,,0,,,0,,,1,[0.7176140998490155],[0.7176242999266833],0,,,0,,,0,,,0,,,0,,,0,,,None,1,1,61,1,1157.965558,,,,,,,,,,,01-1/006_Purple_0.png,1157.883352,1157.883487,01-1/006_Purple_0.png,TRUE,Purple,65,0,100,[],01-1/006_Purple_0.png,62,,1157.891107,1157.965558,1157.965558,1157.965558,1157.965558,1157.965558,1157.965558,1157.965558,1157.965558,1157.965558,1157.965558,1157.965558,1158.782267,1163.994969,Purple,0,None,,,0,,,0,,,1,[6.111159899970517],[6.111169399926439],0,,,0,,,0,,,Purple,1166.686224,1166.700309,1167.064306,1167.034373,1164.35727,1164.381246,1164.381246,0.0122212,1164.381246,,1165.680978,1166.685974,5,1.2643177,"[(5.0, 1.2643177001737058)]","[0.3591666666666667, 0.050833333333333335]","[-0.020833333333333332, -0.2816666666666667]","[1, 1]","[0, 0]","[0, 0]","[1.0575324001256377, 2.3270252000074834]","[None, 'button2']",1,[2.340002399869263],[2.3400105996988714],0,,,0,,,0,,,0,,,0,,,0,,,1167.045414,1167.064306,1167.064306,1167.064306,1167.064306,1167.064306,1167.064306,1167.064306,1167.754789,1,[0.7176140998490155],[0.7176242999266833],0,,,0,,,0,,,0,,,0,,,0,,,None,1167.75502,1167.765439,1168.165075,1168.100427,"['Green', 'Blue', 'Yellow', 'Blue', 'Yellow', 'Red', 'Green', 'Cyan', 'Yellow', 'Green', 'Yellow', 'Blue', 'Red', 'Purple', 'Red', 'Blue', 'Green', 'Purple', 'Yellow', 'Cyan', 'Cyan', 'Red', 'Yellow', 'Green', 'Green', 'Cyan', 'Yellow', 'Purple', 'Red', 'Red', 'Green', 'Cyan', 'Blue', 'Red', 'Cyan', 'Blue', 'Purple', 'Purple', 'Cyan', 'Yellow', 'Purple', 'Green', 'Green', 'Red', 'Purple', 'Yellow', 'Blue', 'Blue', 'Purple', 'Cyan', 'Blue', 'Green', 'Red', 'Yellow', 'Red', 'Purple', 'Cyan', 'Cyan', 'Purple', 'Yellow', 'Blue', 'Yellow', 'Purple']",,,,1167.064306,,1164.381246,,,,,,,,,,,,,,,,,,,,,,1,1,2026-03-16_19h25.46.917,Baseline,,2026.01.01,59.49151419,2026-03-16 19h25.47.500195 +0100
01/Jan,009_Cyan.jpg,TRUE,Cyan,3,100,95,01-1/009_Cyan_0.png,62,2,1,None,,,0,,,0,,,0,,,1,[6.279154400108382],[6.2791800000704825],0,,,0,,,5,2.298964,"[(5.0, 2.298964000074193)]","[0.36666666666666664, 0.09416666666666666]","[-0.0008333333333333334, -0.28]","[1, 1]","[0, 0]","[0, 0]","[2.061970799928531, 3.3949072000104934]","[None, 'button2']",1,[3.4002121000085026],[3.400228399783373],0,,,0,,,0,,,0,,,0,,,0,,,1,[0.9026011999230832],[0.9026182999368757],0,,,0,,,0,,,0,,,0,,,0,,,None,1,2,62,10,1168.165075,,,,,,,,,,,01-1/009_Cyan_0.png,1168.101127,1168.101273,01-1/009_Cyan_0.png,TRUE,Cyan,3,100,95,[],01-1/009_Cyan_0.png,63,,1168.111668,1168.165075,1168.165075,1168.165075,1168.165075,1168.165075,1168.165075,1168.165075,1168.165075,1168.165075,1168.165075,1168.165075,1168.948928,1174.381001,Cyan,0,None,,,0,,,0,,,0,,,1,[6.279154400108382],[6.2791800000704825],0,,,0,,,Cyan,1178.133872,1178.151279,,1178.484432,1174.736052,1174.764539,1174.764539,0.0047945,1174.764539,,1177.097284,1178.133343,5,2.298964,"[(5.0, 2.298964000074193)]","[0.36666666666666664, 0.09416666666666666]","[-0.0008333333333333334, -0.28]","[1, 1]","[0, 0]","[0, 0]","[2.061970799928531, 3.3949072000104934]","[None, 'button2']",1,[3.4002121000085026],[3.400228399783373],0,,,0,,,0,,,0,,,0,,,0,,,1178.495446,1178.514233,1178.514233,1178.514233,1178.514233,1178.514233,1178.514233,1178.514233,1179.387954,1,[0.9026011999230832],[0.9026182999368757],0,,,0,,,0,,,0,,,0,,,0,,,None,1179.388331,1179.400855,1179.814839,1179.733972,"['Green', 'Blue', 'Yellow', 'Blue', 'Yellow', 'Red', 'Green', 'Cyan', 'Yellow', 'Green', 'Yellow', 'Blue', 'Red', 'Purple', 'Red', 'Blue', 'Green', 'Purple', 'Yellow', 'Cyan', 'Cyan', 'Red', 'Yellow', 'Green', 'Green', 'Cyan', 'Yellow', 'Purple', 'Red', 'Red', 'Green', 'Cyan', 'Blue', 'Red', 'Cyan', 'Blue', 'Purple', 'Purple', 'Cyan', 'Yellow', 'Purple', 'Green', 'Green', 'Red', 'Purple', 'Yellow', 'Blue', 'Blue', 'Purple', 'Cyan', 'Blue', 'Green', 'Red', 'Yellow', 'Red', 'Purple', 'Cyan', 'Cyan', 'Purple', 'Yellow', 'Blue', 'Yellow', 'Purple', 'Cyan']",,,,1178.514233,1174.764539,,,,,,,,,,,,,,,,,,,,,,,1,1,2026-03-16_19h25.46.917,Baseline,,2026.01.01,59.49151419,2026-03-16 19h25.47.500195 +0100
01/Jan,016_Blue.jpg,TRUE,Blue,0,8,99,01-1/016_Blue_0.png,63,3,1,None,,,1,[6.922969500068575],[6.922989300219342],0,,,0,,,0,,,0,,,0,,,5,1.5161706,"[(5.0, 1.516170599963516)]","[0.3575, 0.07833333333333334]","[-0.024166666666666666, -0.2816666666666667]","[1, 1]","[0, 0]","[0, 0]","[1.2952413999009877, 3.394262099871412]","[None, 'button2']",1,[3.408456699922681],[3.4084628999698907],0,,,0,,,0,,,0,,,0,,,0,,,1,[0.6343052999582142],[0.6343205999583006],0,,,0,,,0,,,0,,,0,,,0,,,None,1,3,63,20,1179.814839,,,,,,,,,,,01-1/016_Blue_0.png,1179.734408,1179.734503,01-1/016_Blue_0.png,TRUE,Blue,0,8,99,[],01-1/016_Blue_0.png,64,,1179.743898,1179.814839,1179.814839,1179.814839,1179.814839,1179.814839,1179.814839,1179.814839,1179.814839,1179.814839,1179.814839,1179.814839,1180.631734,1186.658529,Blue,0,None,,,1,[6.922969500068575],[6.922989300219342],0,,,0,,,0,,,0,,,0,,,Blue,1190.418278,1190.433367,1190.79753,1190.766366,1187.022392,1187.047109,1187.047109,0.0135947,1187.047109,,1188.565879,1190.418034,5,1.5161706,"[(5.0, 1.516170599963516)]","[0.3575, 0.07833333333333334]","[-0.024166666666666666, -0.2816666666666667]","[1, 1]","[0, 0]","[0, 0]","[1.2952413999009877, 3.394262099871412]","[None, 'button2']",1,[3.408456699922681],[3.4084628999698907],0,,,0,,,0,,,0,,,0,,,0,,,1190.778444,1190.79753,1190.79753,1190.79753,1190.79753,1190.79753,1190.79753,1190.79753,1191.404024,1,[0.6343052999582142],[0.6343205999583006],0,,,0,,,0,,,0,,,0,,,0,,,None,1191.404389,1191.416902,1191.848317,1191.75055,"['Green', 'Blue', 'Yellow', 'Blue', 'Yellow', 'Red', 'Green', 'Cyan', 'Yellow', 'Green', 'Yellow', 'Blue', 'Red', 'Purple', 'Red', 'Blue', 'Green', 'Purple', 'Yellow', 'Cyan', 'Cyan', 'Red', 'Yellow', 'Green', 'Green', 'Cyan', 'Yellow', 'Purple', 'Red', 'Red', 'Green', 'Cyan', 'Blue', 'Red', 'Cyan', 'Blue', 'Purple', 'Purple', 'Cyan', 'Yellow', 'Purple', 'Green', 'Green', 'Red', 'Purple', 'Yellow', 'Blue', 'Blue', 'Purple', 'Cyan', 'Blue', 'Green', 'Red', 'Yellow', 'Red', 'Purple', 'Cyan', 'Cyan', 'Purple', 'Yellow', 'Blue', 'Yellow', 'Purple', 'Cyan', 'Blue']",1187.047109,,,1190.79753,,,,,,,,,,,,,,,,,,,,,,,,1,1,2026-03-16_19h25.46.917,Baseline,,2026.01.01,59.49151419,2026-03-16 19h25.47.500195 +0100
01/Jan,022_Red.jpg,TRUE,Red,100,0,1,01-1/022_Red_0.png,64,4,1,None,,,0,,,0,,,0,,,0,,,1,[8.895831599831581],[8.895845399936661],0,,,5,1.8482515,"[(5.0, 1.8482515001669526)]","[0.3725, 0.09083333333333334]","[-0.0225, -0.2941666666666667]","[1, 1]","[0, 0]","[0, 0]","[1.6114521999843419, 3.156430099857971]","[None, 'button2']",1,[3.165153499925509],[3.1651602000929415],0,,,0,,,0,,,0,,,0,,,0,,,1,[0.8530702998396009],[0.8530784999020398],0,,,0,,,0,,,0,,,0,,,0,,,None,1,4,64,42,1191.848317,,,,,,,,,,,01-1/022_Red_0.png,1191.751272,1191.751454,01-1/022_Red_0.png,TRUE,Red,100,0,1,[],01-1/022_Red_0.png,65,,1191.762374,1191.848317,1191.848317,1191.848317,1191.848317,1191.848317,1191.848317,1191.848317,1191.848317,1191.848317,1191.848317,1191.848317,1192.631351,1200.647501,Red,0,None,,,0,,,0,,,0,,,0,,,1,[8.895831599831581],[8.895845399936661],0,,,Red,1204.163883,1204.181973,,1204.514992,1201.005598,1201.029524,1201.029524,0.0080168,1201.029524,,1202.912916,1204.163664,5,1.8482515,"[(5.0, 1.8482515001669526)]","[0.3725, 0.09083333333333334]","[-0.0225, -0.2941666666666667]","[1, 1]","[0, 0]","[0, 0]","[1.6114521999843419, 3.156430099857971]","[None, 'button2']",1,[3.165153499925509],[3.1651602000929415],0,,,0,,,0,,,0,,,0,,,0,,,1204.51941,1204.531315,1204.531315,1204.531315,1204.531315,1204.531315,1204.531315,1204.531315,1205.368381,1,[0.8530702998396009],[0.8530784999020398],0,,,0,,,0,,,0,,,0,,,0,,,None,1205.368661,1205.381864,1205.780754,1205.716196,"['Green', 'Blue', 'Yellow', 'Blue', 'Yellow', 'Red', 'Green', 'Cyan', 'Yellow', 'Green', 'Yellow', 'Blue', 'Red', 'Purple', 'Red', 'Blue', 'Green', 'Purple', 'Yellow', 'Cyan', 'Cyan', 'Red', 'Yellow', 'Green', 'Green', 'Cyan', 'Yellow', 'Purple', 'Red', 'Red', 'Green', 'Cyan', 'Blue', 'Red', 'Cyan', 'Blue', 'Purple', 'Purple', 'Cyan', 'Yellow', 'Purple', 'Green', 'Green', 'Red', 'Purple', 'Yellow', 'Blue', 'Blue', 'Purple', 'Cyan', 'Blue', 'Green', 'Red', 'Yellow', 'Red', 'Purple', 'Cyan', 'Cyan', 'Purple', 'Yellow', 'Blue', 'Yellow', 'Purple', 'Cyan', 'Blue', 'Red']",,,1201.029524,1204.531315,,,,,,,,,,,,,,,,,,,,,,,,1,1,2026-03-16_19h25.46.917,Baseline,,2026.01.01,59.49151419,2026-03-16 19h25.47.500195 +0100
01/Jan,019_Blue.jpg,TRUE,Blue,0,2,95,01-1/019_Blue_0.png,65,5,1,"['space', 'space', 'space', 'space']","[6.2499361000955105, 9.16671820008196, 12.96369030000642, 26.05639940011315]","[0.15222899988293648, 0.15217150002717972, 0.14338620007038116, 0.11598739982582629]",1,[33.36126670008525],[33.36128060007468],0,,,0,,,0,,,0,,,0,,,5,1.6304747,"[(5.0, 1.6304746998939663)]","[0.36916666666666664, 0.04583333333333333]","[-0.0016666666666666668, -0.30083333333333334]","[1, 1]","[0, 0]","[0, 0]","[1.3764516999945045, 2.9745130999945104]","[None, 'button2']",1,[2.983951000031084],[2.983957199845463],0,,,0,,,0,,,0,,,0,,,0,,,1,[0.8530649999156594],[0.8530800000298768],0,,,0,,,0,,,0,,,0,,,0,,,None,1,5,65,32,1205.780754,,,,,,,,,,,01-1/019_Blue_0.png,1205.716948,1205.717071,01-1/019_Blue_0.png,TRUE,Blue,0,2,95,"[7.161230399971828, 10.10870030010119, 13.908175399992615, 26.93652549991384]",01-1/019_Blue_0.png,66,,1205.722967,1205.780754,1205.780754,1205.780754,1205.780754,1205.780754,1205.780754,1205.780754,1205.780754,1205.780754,1205.780754,1205.780754,1206.580791,1239.079142,Blue,0,"['space', 'space', 'space', 'space']","[6.2499361000955105, 9.16671820008196, 12.96369030000642, 26.05639940011315]","[0.15222899988293648, 0.15217150002717972, 0.14338620007038116, 0.11598739982582629]",1,[33.36126670008525],[33.36128060007468],0,,,0,,,0,,,0,,,0,,,Blue,1242.414327,1242.432155,,1242.76529,1239.43812,1239.461587,1239.461587,0.0087568,1239.461587,,1241.128181,1242.414086,5,1.6304747,"[(5.0, 1.6304746998939663)]","[0.36916666666666664, 0.04583333333333333]","[-0.0016666666666666668, -0.30083333333333334]","[1, 1]","[0, 0]","[0, 0]","[1.3764516999945045, 2.9745130999945104]","[None, 'button2']",1,[2.983951000031084],[2.983957199845463],0,,,0,,,0,,,0,,,0,,,0,,,1242.774567,1242.79529,1242.79529,1242.79529,1242.79529,1242.79529,1242.79529,1242.79529,1243.618452,1,[0.8530649999156594],[0.8530800000298768],0,,,0,,,0,,,0,,,0,,,0,,,None,1243.61873,1243.630736,1244.046175,1243.964474,"['Green', 'Blue', 'Yellow', 'Blue', 'Yellow', 'Red', 'Green', 'Cyan', 'Yellow', 'Green', 'Yellow', 'Blue', 'Red', 'Purple', 'Red', 'Blue', 'Green', 'Purple', 'Yellow', 'Cyan', 'Cyan', 'Red', 'Yellow', 'Green', 'Green', 'Cyan', 'Yellow', 'Purple', 'Red', 'Red', 'Green', 'Cyan', 'Blue', 'Red', 'Cyan', 'Blue', 'Purple', 'Purple', 'Cyan', 'Yellow', 'Purple', 'Green', 'Green', 'Red', 'Purple', 'Yellow', 'Blue', 'Blue', 'Purple', 'Cyan', 'Blue', 'Green', 'Red', 'Yellow', 'Red', 'Purple', 'Cyan', 'Cyan', 'Purple', 'Yellow', 'Blue', 'Yellow', 'Purple', 'Cyan', 'Blue', 'Red', 'Blue']",1239.461587,,,1242.79529,,,,,,,,,,,,,,,,,,,,,,,,1,1,2026-03-16_19h25.46.917,Baseline,,2026.01.01,59.49151419,2026-03-16 19h25.47.500195 +0100
01/Jan,018_Green.jpg,TRUE,Green,0,98,4,01-1/018_Green_0.png,66,6,1,None,,,0,,,0,,,0,,,0,,,0,,,1,[5.839869900140911],[5.839878700207919],5,2.0001045,"[(5.0, 2.0001044999808073)]","[0.365, 0.034166666666666665]","[0.008333333333333333, -0.28583333333333333]","[1, 1]","[0, 0]","[0, 0]","[1.7407319999765605, 3.10025139991194]","[None, 'button2']",1,[3.1229805999901146],[3.122993699973449],0,,,0,,,0,,,0,,,0,,,0,,,1,[0.6358016000594944],[0.6358131000306457],0,,,0,,,0,,,0,,,0,,,0,,,None,1,6,66,28,1244.046175,,,,,,,,,,,01-1/018_Green_0.png,1243.965287,1243.965485,01-1/018_Green_0.png,TRUE,Green,0,98,4,[],01-1/018_Green_0.png,67,,1243.973841,1244.046175,1244.046175,1244.046175,1244.046175,1244.046175,1244.046175,1244.046175,1244.046175,1244.046175,1244.046175,1244.046175,1244.879801,1249.805524,Green,0,None,,,0,,,0,,,0,,,0,,,0,,,1,[5.839869900140911],[5.839878700207919],Green,1253.280364,1253.298325,1250.178058,1253.632123,1250.154252,1250.178058,1250.178058,0.0225618,1250.178058,1250.178058,1252.180614,1253.27992,5,2.0001045,"[(5.0, 2.0001044999808073)]","[0.365, 0.034166666666666665]","[0.008333333333333333, -0.28583333333333333]","[1, 1]","[0, 0]","[0, 0]","[1.7407319999765605, 3.10025139991194]","[None, 'button2']",1,[3.1229805999901146],[3.122993699973449],0,,,0,,,0,,,0,,,0,,,0,,,1253.641459,1253.661711,1253.661711,1253.661711,1253.661711,1253.661711,1253.661711,1253.661711,1254.26725,1,[0.6358016000594944],[0.6358131000306457],0,,,0,,,0,,,0,,,0,,,0,,,None,1254.267559,1254.281207,1254.695711,1254.614906,"['Green', 'Blue', 'Yellow', 'Blue', 'Yellow', 'Red', 'Green', 'Cyan', 'Yellow', 'Green', 'Yellow', 'Blue', 'Red', 'Purple', 'Red', 'Blue', 'Green', 'Purple', 'Yellow', 'Cyan', 'Cyan', 'Red', 'Yellow', 'Green', 'Green', 'Cyan', 'Yellow', 'Purple', 'Red', 'Red', 'Green', 'Cyan', 'Blue', 'Red', 'Cyan', 'Blue', 'Purple', 'Purple', 'Cyan', 'Yellow', 'Purple', 'Green', 'Green', 'Red', 'Purple', 'Yellow', 'Blue', 'Blue', 'Purple', 'Cyan', 'Blue', 'Green', 'Red', 'Yellow', 'Red', 'Purple', 'Cyan', 'Cyan', 'Purple', 'Yellow', 'Blue', 'Yellow', 'Purple', 'Cyan', 'Blue', 'Red', 'Blue', 'Green']",,,,1253.661711,,,,,,,,,,,,,,,,,,,,,,,,1,1,2026-03-16_19h25.46.917,Baseline,,2026.01.01,59.49151419,2026-03-16 19h25.47.500195 +0100
01/Jan,020_Blue.jpg,TRUE,Blue,0,6,100,01-1/020_Blue_0.png,67,7,1,None,,,1,[4.833423099946231],[4.8334310001228005],0,,,0,,,0,,,0,,,0,,,5,1.662757,"[(5.0, 1.6627569999545813)]","[0.3641666666666667, 0.035833333333333335]","[0.0025, -0.2875]","[1, 1]","[0, 0]","[0, 0]","[1.4098799000494182, 3.161298699909821]","[None, 'button2']",1,[3.1654859997797757],[3.1654950997326523],0,,,0,,,0,,,0,,,0,,,0,,,1,[0.7958845999091864],[0.7959074999671429],0,,,0,,,0,,,0,,,0,,,0,,,None,1,7,67,34,1254.695711,,,,,,,,,,,01-1/020_Blue_0.png,1254.6157,1254.615891,01-1/020_Blue_0.png,TRUE,Blue,0,6,100,[],01-1/020_Blue_0.png,68,,1254.624919,1254.695711,1254.695711,1254.695711,1254.695711,1254.695711,1254.695711,1254.695711,1254.695711,1254.695711,1254.695711,1254.695711,1255.529536,1259.449748,Blue,0,None,,,1,[4.833423099946231],[4.8334310001228005],0,,,0,,,0,,,0,,,0,,,Blue,1262.966826,1262.979621,1263.344731,1263.315054,1259.803308,1259.828015,1259.828015,0.0034833,1259.828015,,1261.496512,1262.966456,5,1.662757,"[(5.0, 1.6627569999545813)]","[0.3641666666666667, 0.035833333333333335]","[0.0025, -0.2875]","[1, 1]","[0, 0]","[0, 0]","[1.4098799000494182, 3.161298699909821]","[None, 'button2']",1,[3.1654859997797757],[3.1654950997326523],0,,,0,,,0,,,0,,,0,,,0,,,1263.323515,1263.344731,1263.344731,1263.344731,1263.344731,1263.344731,1263.344731,1263.344731,1264.114154,1,[0.7958845999091864],[0.7959074999671429],0,,,0,,,0,,,0,,,0,,,0,,,None,1264.114549,1264.131138,,1264.479142,"['Green', 'Blue', 'Yellow', 'Blue', 'Yellow', 'Red', 'Green', 'Cyan', 'Yellow', 'Green', 'Yellow', 'Blue', 'Red', 'Purple', 'Red', 'Blue', 'Green', 'Purple', 'Yellow', 'Cyan', 'Cyan', 'Red', 'Yellow', 'Green', 'Green', 'Cyan', 'Yellow', 'Purple', 'Red', 'Red', 'Green', 'Cyan', 'Blue', 'Red', 'Cyan', 'Blue', 'Purple', 'Purple', 'Cyan', 'Yellow', 'Purple', 'Green', 'Green', 'Red', 'Purple', 'Yellow', 'Blue', 'Blue', 'Purple', 'Cyan', 'Blue', 'Green', 'Red', 'Yellow', 'Red', 'Purple', 'Cyan', 'Cyan', 'Purple', 'Yellow', 'Blue', 'Yellow', 'Purple', 'Cyan', 'Blue', 'Red', 'Blue', 'Green', 'Blue']",1259.828015,,,1263.344731,,,,,,,,,,,,,,,,,,,,,,,,1,1,2026-03-16_19h25.46.917,Baseline,,2026.01.01,59.49151419,2026-03-16 19h25.47.500195 +0100
01/Jan,025_Cyan.jpg,TRUE,Cyan,7,100,99,01-1/025_Cyan_0.png,68,8,1,None,,,0,,,0,,,0,,,1,[67.08980660000816],[67.08981429995038],0,,,0,,,5,1.6825084,"[(5.0, 1.6825083999428898)]","[0.36916666666666664, 0.0575]","[-0.02666666666666667, -0.30333333333333334]","[1, 1]","[0, 0]","[0, 0]","[1.4334863000549376, 2.9343534000217915]","[None, 'button2']",1,[2.956412199884653],[2.956426299875602],0,,,0,,,0,,,0,,,0,,,0,,,1,[0.9164684000425041],[0.9164853000547737],0,,,0,,,0,,,0,,,0,,,0,,,None,1,8,68,50,1264.545845,,,,,,,,,,,01-1/025_Cyan_0.png,1264.47951,1264.479619,01-1/025_Cyan_0.png,TRUE,Cyan,7,100,99,[],01-1/025_Cyan_0.png,69,,1264.484252,1264.545845,1264.545845,1264.545845,1264.545845,1264.545845,1264.545845,1264.545845,1264.545845,1264.545845,1264.545845,1264.545845,1265.345666,1331.569682,Cyan,0,None,,,0,,,0,,,0,,,1,[67.08980660000816],[67.08981429995038],0,,,0,,,Cyan,1334.878372,1334.894849,1335.25799,1335.228358,1331.913601,1331.941482,1331.941482,0.0218251,1331.941482,,1333.627538,1334.877833,5,1.6825084,"[(5.0, 1.6825083999428898)]","[0.36916666666666664, 0.0575]","[-0.02666666666666667, -0.30333333333333334]","[1, 1]","[0, 0]","[0, 0]","[1.4334863000549376, 2.9343534000217915]","[None, 'button2']",1,[2.956412199884653],[2.956426299875602],0,,,0,,,0,,,0,,,0,,,0,,,1335.239709,1335.25799,1335.25799,1335.25799,1335.25799,1335.25799,1335.25799,1335.25799,1336.14598,1,[0.9164684000425041],[0.9164853000547737],0,,,0,,,0,,,0,,,0,,,0,,,None,1336.146253,1336.160641,1336.575651,1336.494458,"['Green', 'Blue', 'Yellow', 'Blue', 'Yellow', 'Red', 'Green', 'Cyan', 'Yellow', 'Green', 'Yellow', 'Blue', 'Red', 'Purple', 'Red', 'Blue', 'Green', 'Purple', 'Yellow', 'Cyan', 'Cyan', 'Red', 'Yellow', 'Green', 'Green', 'Cyan', 'Yellow', 'Purple', 'Red', 'Red', 'Green', 'Cyan', 'Blue', 'Red', 'Cyan', 'Blue', 'Purple', 'Purple', 'Cyan', 'Yellow', 'Purple', 'Green', 'Green', 'Red', 'Purple', 'Yellow', 'Blue', 'Blue', 'Purple', 'Cyan', 'Blue', 'Green', 'Red', 'Yellow', 'Red', 'Purple', 'Cyan', 'Cyan', 'Purple', 'Yellow', 'Blue', 'Yellow', 'Purple', 'Cyan', 'Blue', 'Red', 'Blue', 'Green', 'Blue', 'Cyan']",,,,1335.25799,1331.941482,,,,,,,,,,,,,,,,,,,,,,,1,1,2026-03-16_19h25.46.917,Baseline,,2026.01.01,59.49151419,2026-03-16 19h25.47.500195 +0100
01/Jan,011_Red.jpg,TRUE,Red,100,0,12,01-1/011_Red_0.png,69,9,1,None,,,0,,,0,,,0,,,0,,,1,[8.41312350006774],[8.413139200070873],0,,,5,1.9987753,"[(5.0, 1.9987752998713404)]","[0.3625, 0.08583333333333333]","[-0.013333333333333334, -0.2825]","[1, 1]","[0, 0]","[0, 0]","[1.775637799873948, 3.307374999858439]","[None, 'button2']",1,[3.3170527000911534],[3.317066099960357],0,,,0,,,0,,,0,,,0,,,0,,,1,[1.1678756999317557],[1.1678861000109464],0,,,0,,,0,,,0,,,0,,,0,,,None,1,9,69,16,1336.575651,,,,,,,,,,,01-1/011_Red_0.png,1336.49515,1336.495301,01-1/011_Red_0.png,TRUE,Red,100,0,12,[],01-1/011_Red_0.png,70,,1336.50479,1336.575651,1336.575651,1336.575651,1336.575651,1336.575651,1336.575651,1336.575651,1336.575651,1336.575651,1336.575651,1336.575651,1337.392548,1344.908804,Red,0,None,,,0,,,0,,,0,,,0,,,1,[8.41312350006774],[8.413139200070873],0,,,Red,1348.577974,1348.595273,,1348.942645,1345.267859,1345.291656,1345.291656,0.008881,1345.291656,,1347.324193,1348.577482,5,1.9987753,"[(5.0, 1.9987752998713404)]","[0.3625, 0.08583333333333333]","[-0.013333333333333334, -0.2825]","[1, 1]","[0, 0]","[0, 0]","[1.775637799873948, 3.307374999858439]","[None, 'button2']",1,[3.3170527000911534],[3.317066099960357],0,,,0,,,0,,,0,,,0,,,0,,,1348.947567,1348.96001,1348.96001,1348.96001,1348.96001,1348.96001,1348.96001,1348.96001,1350.096911,1,[1.1678756999317557],[1.1678861000109464],0,,,0,,,0,,,0,,,0,,,0,,,None,1350.097152,1350.110253,,1350.460977,"['Green', 'Blue', 'Yellow', 'Blue', 'Yellow', 'Red', 'Green', 'Cyan', 'Yellow', 'Green', 'Yellow', 'Blue', 'Red', 'Purple', 'Red', 'Blue', 'Green', 'Purple', 'Yellow', 'Cyan', 'Cyan', 'Red', 'Yellow', 'Green', 'Green', 'Cyan', 'Yellow', 'Purple', 'Red', 'Red', 'Green', 'Cyan', 'Blue', 'Red', 'Cyan', 'Blue', 'Purple', 'Purple', 'Cyan', 'Yellow', 'Purple', 'Green', 'Green', 'Red', 'Purple', 'Yellow', 'Blue', 'Blue', 'Purple', 'Cyan', 'Blue', 'Green', 'Red', 'Yellow', 'Red', 'Purple', 'Cyan', 'Cyan', 'Purple', 'Yellow', 'Blue', 'Yellow', 'Purple', 'Cyan', 'Blue', 'Red', 'Blue', 'Green', 'Blue', 'Cyan', 'Red']",,,1345.291656,1348.96001,,,,,,,,,,,,,,,,,,,,,,,,1,1,2026-03-16_19h25.46.917,Baseline,,2026.01.01,59.49151419,2026-03-16 19h25.47.500195 +0100
01/Jan,017_Red.jpg,TRUE,Red,100,4,7,01-1/017_Red_0.png,70,10,1,None,,,0,,,0,,,0,,,0,,,1,[3.777508999919519],[3.777522499905899],0,,,5,1.5159996,"[(5.0, 1.5159995998255908)]","[0.3641666666666667, 0.0675]","[0.0025, -0.29583333333333334]","[1, 1]","[0, 0]","[0, 0]","[1.2781072999350727, 2.446753599913791]","[None, 'button2']",1,[2.457717799814418],[2.4577299999073148],0,,,0,,,0,,,0,,,0,,,0,,,1,[0.6479263000655919],[0.647936400026083],0,,,0,,,0,,,0,,,0,,,0,,,None,1,10,70,27,1350.525295,,,,,,,,,,,01-1/017_Red_0.png,1350.46186,1350.462052,01-1/017_Red_0.png,TRUE,Red,100,4,7,[],01-1/017_Red_0.png,71,,1350.470004,1350.525295,1350.525295,1350.525295,1350.525295,1350.525295,1350.525295,1350.525295,1350.525295,1350.525295,1350.525295,1350.525295,1351.32566,1354.239894,Red,0,None,,,0,,,0,,,0,,,0,,,1,[3.777508999919519],[3.777522499905899],0,,,Red,1357.048836,1357.059623,1357.424284,1357.394553,1354.600192,1354.624616,1354.624616,0.0101476,1354.624616,,1356.142813,1357.048604,5,1.5159996,"[(5.0, 1.5159995998255908)]","[0.3641666666666667, 0.0675]","[0.0025, -0.29583333333333334]","[1, 1]","[0, 0]","[0, 0]","[1.2781072999350727, 2.446753599913791]","[None, 'button2']",1,[2.457717799814418],[2.4577299999073148],0,,,0,,,0,,,0,,,0,,,0,,,1357.402605,1357.424284,1357.424284,1357.424284,1357.424284,1357.424284,1357.424284,1357.424284,1358.04813,1,[0.6479263000655919],[0.647936400026083],0,,,0,,,0,,,0,,,0,,,0,,,None,1358.0484,1358.060066,1358.475829,1358.393061,"['Green', 'Blue', 'Yellow', 'Blue', 'Yellow', 'Red', 'Green', 'Cyan', 'Yellow', 'Green', 'Yellow', 'Blue', 'Red', 'Purple', 'Red', 'Blue', 'Green', 'Purple', 'Yellow', 'Cyan', 'Cyan', 'Red', 'Yellow', 'Green', 'Green', 'Cyan', 'Yellow', 'Purple', 'Red', 'Red', 'Green', 'Cyan', 'Blue', 'Red', 'Cyan', 'Blue', 'Purple', 'Purple', 'Cyan', 'Yellow', 'Purple', 'Green', 'Green', 'Red', 'Purple', 'Yellow', 'Blue', 'Blue', 'Purple', 'Cyan', 'Blue', 'Green', 'Red', 'Yellow', 'Red', 'Purple', 'Cyan', 'Cyan', 'Purple', 'Yellow', 'Blue', 'Yellow', 'Purple', 'Cyan', 'Blue', 'Red', 'Blue', 'Green', 'Blue', 'Cyan', 'Red', 'Red']",,,1354.624616,1357.424284,,,,,,,,,,,,,,,,,,,,,,,,1,1,2026-03-16_19h25.46.917,Baseline,,2026.01.01,59.49151419,2026-03-16 19h25.47.500195 +0100
01/Jan,016_Yellow.jpg,TRUE,Yellow,98,100,11,01-1/016_Yellow_0.png,71,11,1,None,,,0,,,1,[56.42432609992102],[56.424342199927196],0,,,0,,,0,,,0,,,5,1.8153766,"[(5.0, 1.8153766000177711)]","[0.3616666666666667, 0.025]","[-0.0125, -0.2675]","[1, 1]","[0, 0]","[0, 0]","[1.5786635000258684, 2.994872499955818]","[None, 'button2']",1,[3.004051099764183],[3.0040642998646945],0,,,0,,,0,,,0,,,0,,,0,,,1,[19.216281599830836],[19.216295799938962],0,,,0,,,0,,,0,,,0,,,0,,,None,1,11,71,25,1358.475829,,,,,,,,,,,01-1/016_Yellow_0.png,1358.393671,1358.393802,01-1/016_Yellow_0.png,TRUE,Yellow,98,100,11,[],01-1/016_Yellow_0.png,72,,1358.401971,1358.475829,1358.475829,1358.475829,1358.475829,1358.475829,1358.475829,1358.475829,1358.475829,1358.475829,1358.475829,1358.475829,1359.29267,1414.818909,Yellow,0,None,,,0,,,1,[56.42432609992102],[56.424342199927196],0,,,0,,,0,,,0,,,Yellow,1418.175141,1418.19181,,1418.525248,1415.177855,1415.205554,1415.205554,0.0087186,1415.205554,,1417.054734,1418.174608,5,1.8153766,"[(5.0, 1.8153766000177711)]","[0.3616666666666667, 0.025]","[-0.0125, -0.2675]","[1, 1]","[0, 0]","[0, 0]","[1.5786635000258684, 2.994872499955818]","[None, 'button2']",1,[3.004051099764183],[3.0040642998646945],0,,,0,,,0,,,0,,,0,,,0,,,1418.536077,1418.555071,1418.555071,1418.555071,1418.555071,1418.555071,1418.555071,1418.555071,1437.742462,1,[19.216281599830836],[19.216295799938962],0,,,0,,,0,,,0,,,0,,,0,,,None,1437.742734,1437.755818,1438.120526,1438.089612,"['Green', 'Blue', 'Yellow', 'Blue', 'Yellow', 'Red', 'Green', 'Cyan', 'Yellow', 'Green', 'Yellow', 'Blue', 'Red', 'Purple', 'Red', 'Blue', 'Green', 'Purple', 'Yellow', 'Cyan', 'Cyan', 'Red', 'Yellow', 'Green', 'Green', 'Cyan', 'Yellow', 'Purple', 'Red', 'Red', 'Green', 'Cyan', 'Blue', 'Red', 'Cyan', 'Blue', 'Purple', 'Purple', 'Cyan', 'Yellow', 'Purple', 'Green', 'Green', 'Red', 'Purple', 'Yellow', 'Blue', 'Blue', 'Purple', 'Cyan', 'Blue', 'Green', 'Red', 'Yellow', 'Red', 'Purple', 'Cyan', 'Cyan', 'Purple', 'Yellow', 'Blue', 'Yellow', 'Purple', 'Cyan', 'Blue', 'Red', 'Blue', 'Green', 'Blue', 'Cyan', 'Red', 'Red', 'Yellow']",,1415.205554,,1418.555071,,,,,,,,,,,,,,,,,,,,,,,,1,1,2026-03-16_19h25.46.917,Baseline,,2026.01.01,59.49151419,2026-03-16 19h25.47.500195 +0100
01/Jan,012_Green.jpg,TRUE,Green,3,94,4,01-1/012_Green_0.png,72,12,1,None,,,0,,,0,,,0,,,0,,,0,,,0,,,None,None,[],[],[],[],[],[],[],[],0,,,0,,,0,,,0,,,0,,,0,,,0,,,0,,,0,,,0,,,0,,,0,,,0,,,0,,,None,1,12,72,17,1438.120526,,,,,,,,,,,01-1/012_Green_0.png,1438.0899,1438.089977,01-1/012_Green_0.png,TRUE,Green,3,94,4,[],01-1/012_Green_0.png,73,,1438.093903,,,,,,,,,,,,,1438.09396,Green,0,None,,,0,,,0,,,0,,,0,,,0,,,0,,,,1438.096659,,,1438.096676,1438.096254,,,,,,,1438.096533,None,None,[],[],[],[],[],[],[],[],0,,,0,,,0,,,0,,,0,,,0,,,0,,,1438.101598,,,,,,,,1438.101661,0,,,0,,,0,,,0,,,0,,,0,,,0,,,None,1438.101755,,,1438.10177,"['Green', 'Blue', 'Yellow', 'Blue', 'Yellow', 'Red', 'Green', 'Cyan', 'Yellow', 'Green', 'Yellow', 'Blue', 'Red', 'Purple', 'Red', 'Blue', 'Green', 'Purple', 'Yellow', 'Cyan', 'Cyan', 'Red', 'Yellow', 'Green', 'Green', 'Cyan', 'Yellow', 'Purple', 'Red', 'Red', 'Green', 'Cyan', 'Blue', 'Red', 'Cyan', 'Blue', 'Purple', 'Purple', 'Cyan', 'Yellow', 'Purple', 'Green', 'Green', 'Red', 'Purple', 'Yellow', 'Blue', 'Blue', 'Purple', 'Cyan', 'Blue', 'Green', 'Red', 'Yellow', 'Red', 'Purple', 'Cyan', 'Cyan', 'Purple', 'Yellow', 'Blue', 'Yellow', 'Purple', 'Cyan', 'Blue', 'Red', 'Blue', 'Green', 'Blue', 'Cyan', 'Red', 'Red', 'Yellow']",,,,,,,,,,,,,,,,,,,,,,,,,,,,1,1,2026-03-16_19h25.46.917,Baseline,,2026.01.01,59.49151419,2026-03-16 19h25.47.500195 +0100
,,,,,,,,,,,,,,,,,,,,,,,,,,,,,,,,,,,,,,,,,,,,,,,,,,,,,,,,,,,,,,,,,,,,,,,,,,,,,,,,,,,,,,,,,,,,,,,,,,,,,,,,,,,,,,,,,,,,,,,,,,,,,,,,,,,,,,,,,,,,,,,,,,,,,,,,,,,,,,,,,,,,,,,,,,,,,,,,,,,,,,,,,,,,,,,,,,,,,,,,,,,,,,,,,,,,,,,,,,,,,,,,,,,,,,,,,,,,,,,,,,,,,,,,,,,,1438.109072,1438.120526,1441.089659,,,1,1,2026-03-16_19h25.46.917,Baseline,,2026.01.01,59.49151419,2026-03-16 19h25.47.500195 +0100
,,,,,,,,,,,,,,,,,,,,,,,,,,,,,,,,,,,,,,,,,,,,,,,,,,,,,,,,,,,,,,,,,,,,,,,,,,,,,,,,,,,,,,,,,,,,,,,,,,,,,,,,,,,,,,,,,,,,,,,,,,,,,,,Green,,,,,,,,,,,,,,,,,,,,,,,,,,,,,,,,,,,,,,,,,,,,,,,,,,,,,,,,,,,,,,,,,,,,,,,,,,,,,,,,,,,,,,,,,,,,,,,,,,,,,,,,,,,,,,,,,,,,,,,,,,,,,,,,73,"['Green', 'Blue', 'Yellow', 'Blue', 'Yellow', 'Red', 'Green', 'Cyan', 'Yellow', 'Green', 'Yellow', 'Blue', 'Red', 'Purple', 'Red', 'Blue', 'Green', 'Purple', 'Yellow', 'Cyan', 'Cyan', 'Red', 'Yellow', 'Green', 'Green', 'Cyan', 'Yellow', 'Purple', 'Red', 'Red', 'Green', 'Cyan', 'Blue', 'Red', 'Cyan', 'Blue', 'Purple', 'Purple', 'Cyan', 'Yellow', 'Purple', 'Green', 'Green', 'Red', 'Purple', 'Yellow', 'Blue', 'Blue', 'Purple', 'Cyan', 'Blue', 'Green', 'Red', 'Yellow', 'Red', 'Purple', 'Cyan', 'Cyan', 'Purple', 'Yellow', 'Blue', 'Yellow', 'Purple', 'Cyan', 'Blue', 'Red', 'Blue', 'Green', 'Blue', 'Cyan', 'Red', 'Red', 'Yellow']",,,,,,,,
