39.7616 	INFO 	Loaded monitor calibration from ['2026_03_13 16:59']
39.9331 	INFO 	Using renderer 'Intel(R) Graphics' for graphics
39.9331 	INFO 	OpenGL version supported by driver is 4..
39.9669 	EXP 	Created window1 = Window(allowGUI=True, allowStencil=False, autoLog=True, backendConf=UNKNOWN, backgroundFit=<method-wrapper '__getattribute__' of attributeSetter object at 0x000001DC92E47BE0>, backgroundImage=<method-wrapper '__getattribute__' of attributeSetter object at 0x000001DC92E47B80>, bitsMode=UNKNOWN, blendMode='avg', bpc=(8, 8, 8), color=array([0, 0, 0]), colorSpace='rgb', depthBits=8, fullscr=False, gamma=None, gammaErrorPolicy='raise', infoMsg=UNKNOWN, lms=UNKNOWN, monitor=<psychopy.monitors.calibTools.Monitor object at 0x000001DC92F4D600>, multiSample=False, name='window1', numSamples=2, pos=[np.float64(0.0), np.float64(0.0)], screen=0, size=array([1920, 1200]), stencilBits=0, stereo=False, title='PsychoPy', units='height', useFBO=True, useRetina=False, viewOri=0.0, viewPos=None, viewScale=None, waitBlanking=True, winType='pyglet')
39.9672 	EXP 	window1: backgroundImage = ''
39.9672 	EXP 	window1: backgroundFit = 'none'
40.2642 	EXP 	window1: Attempting to measure frame rate of screen (0) ...
40.2642 	EXP 	window1: recordFrameIntervals = False
40.4401 	EXP 	window1: recordFrameIntervals = True
42.1068 	EXP 	window1: recordFrameIntervals = False
42.1068 	EXP 	Screen (0) actual frame rate measured at 59.49Hz
42.1698 	INFO 	keyboard.Keyboard is using ptb backend.
42.1698 	EXP 	Train1: status = STARTED
42.2552 	EXP 	Created Welcome_info = TextStim(__class__=<class 'psychopy.visual.text.TextStim'>, alignHoriz=method-wrapper(...), alignText='center', alignVert=method-wrapper(...), anchorHoriz='center', anchorVert='center', antialias=True, autoDraw=False, autoLog=True, bold=False, color=array([-1., -1., -1.]), colorSpace='rgb', contrast=1.0, depth=0.0, draggable=False, flipHoriz=False, flipVert=False, font='Arial', fontFiles=[], height=np.float64(42.0), italic=False, languageStyle='LTR', name='Welcome_info', opacity=1, ori=0.0, pos=array([0., 0.]), rgb=UNKNOWN, text=str(...), units='pix', win=Window(...), wrapWidth=1500.0)
42.2612 	EXP 	Created PressEnterToContinue = TextStim(__class__=<class 'psychopy.visual.text.TextStim'>, alignHoriz=method-wrapper(...), alignText='center', alignVert=method-wrapper(...), anchorHoriz='center', anchorVert='center', antialias=True, autoDraw=False, autoLog=True, bold=False, color=array([-1., -1., -1.]), colorSpace='rgb', contrast=1.0, depth=-2.0, draggable=False, flipHoriz=False, flipVert=False, font='Arial', fontFiles=[], height=np.float64(50.0), italic=False, languageStyle='LTR', name='PressEnterToContinue', opacity=1, ori=0.0, pos=array([   0., -400.]), rgb=UNKNOWN, text='Press "Enter" to continue.', units='pix', win=Window(...), wrapWidth=900.0)
42.2764 	EXP 	Created img = ImageStim(__class__=<class 'psychopy.visual.image.ImageStim'>, anchor=('center', 'center'), autoLog=True, color=array([1., 1., 1.]), colorSpace='rgb', contrast=1.0, depth=0.0, draggable=False, flipHoriz=np.False_, flipVert=np.False_, image='default.png', interpolate=True, mask=None, maskParams=None, name='img', opacity=1.0, ori=1.0, pos=array([0., 0.]), size=array([1., 1.]), texRes=128.0, units='pix', win=Window(...))
42.3194 	EXP 	Created Instructions = TextStim(__class__=<class 'psychopy.visual.text.TextStim'>, alignHoriz=method-wrapper(...), alignText='center', alignVert=method-wrapper(...), anchorHoriz='center', anchorVert='center', antialias=True, autoDraw=False, autoLog=True, bold=False, color=array([-1., -1., -1.]), colorSpace='rgb', contrast=1.0, depth=-9.0, draggable=False, flipHoriz=False, flipVert=False, font='Arial', fontFiles=[], height=36.0, italic=False, languageStyle='LTR', name='Instructions', opacity=1, ori=0.0, pos=array([  0., 500.]), rgb=UNKNOWN, text='', units='pix', win=Window(...), wrapWidth=1400.0)
42.3266 	EXP 	Created RBGInfo = TextStim(__class__=<class 'psychopy.visual.text.TextStim'>, alignHoriz=method-wrapper(...), alignText='center', alignVert=method-wrapper(...), anchorHoriz='center', anchorVert='center', antialias=True, autoDraw=False, autoLog=True, bold=False, color=array([-1., -1., -1.]), colorSpace='rgb', contrast=1.0, depth=-11.0, draggable=False, flipHoriz=False, flipVert=False, font='Arial', fontFiles=[], height=np.float64(42.0), italic=False, languageStyle='LTR', name='RBGInfo', opacity=1.0, ori=0.0, pos=array([300., 300.]), rgb=UNKNOWN, text='RGB values: 0-100\n\nR:        G:        B:', units='pix', win=Window(...), wrapWidth=500)
42.3270 	EXP 	Created R = TextStim(__class__=<class 'psychopy.visual.text.TextStim'>, alignHoriz=method-wrapper(...), alignText='center', alignVert=method-wrapper(...), anchorHoriz='center', anchorVert='center', antialias=True, autoDraw=False, autoLog=True, bold=False, color=array([-1., -1., -1.]), colorSpace='rgb', contrast=1.0, depth=-12.0, draggable=False, flipHoriz=False, flipVert=False, font='Arial', fontFiles=[], height=42.0, italic=False, languageStyle='LTR', name='R', opacity=1.0, ori=0.0, pos=array([165., 220.]), rgb=UNKNOWN, text='', units='pix', win=Window(...), wrapWidth=500)
42.3275 	EXP 	Created G = TextStim(__class__=<class 'psychopy.visual.text.TextStim'>, alignHoriz=method-wrapper(...), alignText='center', alignVert=method-wrapper(...), anchorHoriz='center', anchorVert='center', antialias=True, autoDraw=False, autoLog=True, bold=False, color=array([-1., -1., -1.]), colorSpace='rgb', contrast=1.0, depth=-13.0, draggable=False, flipHoriz=False, flipVert=False, font='Arial', fontFiles=[], height=42.0, italic=False, languageStyle='LTR', name='G', opacity=1.0, ori=0.0, pos=array([300., 220.]), rgb=UNKNOWN, text='', units='pix', win=Window(...), wrapWidth=500)
42.3279 	EXP 	Created B = TextStim(__class__=<class 'psychopy.visual.text.TextStim'>, alignHoriz=method-wrapper(...), alignText='center', alignVert=method-wrapper(...), anchorHoriz='center', anchorVert='center', antialias=True, autoDraw=False, autoLog=True, bold=False, color=array([-1., -1., -1.]), colorSpace='rgb', contrast=1.0, depth=-14.0, draggable=False, flipHoriz=False, flipVert=False, font='Arial', fontFiles=[], height=42.0, italic=False, languageStyle='LTR', name='B', opacity=1.0, ori=0.0, pos=array([435., 220.]), rgb=UNKNOWN, text='', units='pix', win=Window(...), wrapWidth=500)
42.3288 	EXP 	Created text_8 = TextStim(__class__=<class 'psychopy.visual.text.TextStim'>, alignHoriz=method-wrapper(...), alignText='center', alignVert=method-wrapper(...), anchorHoriz='center', anchorVert='center', antialias=True, autoDraw=False, autoLog=True, bold=False, color=array([1., 1., 1.]), colorSpace='rgb', contrast=1.0, depth=0.0, draggable=False, flipHoriz=False, flipVert=False, font='Arial', fontFiles=[], height=np.float64(0.05), italic=False, languageStyle='LTR', name='text_8', opacity=1, ori=0.0, pos=array([0., 0.]), rgb=UNKNOWN, text='', units='height', win=Window(...), wrapWidth=1)
42.6312 	EXP 	Created slider = Slider(__class__=<class 'psychopy.visual.slider.Slider'>, autoDraw=False, autoLog=True, borderColor=None, color=None, colorSpace='rgb', depth=0, fillColor=None, flip=False, font='Noto Sans', granularity=1.0, labelColor=None, labelHeight=np.float64(36.0), labelWrapWidth=None, labels=tuple(...), lineColor=None, markerColor=None, name='slider', opacity=None, ori=0.0, pos=array([-50.,   0.]), readOnly=False, self=UNKNOWN, size=array([1000.,  100.]), startValue=1, style='rating', styleTweaks=[], ticks=array([1, 2, 3, 4, 5]), units='pix', win=Window(...))
42.6414 	EXP 	Created text_9 = TextStim(__class__=<class 'psychopy.visual.text.TextStim'>, alignHoriz=method-wrapper(...), alignText='center', alignVert=method-wrapper(...), anchorHoriz='center', anchorVert='center', antialias=True, autoDraw=False, autoLog=True, bold=False, color=array([-1., -1., -1.]), colorSpace='rgb', contrast=1.0, depth=-1.0, draggable=False, flipHoriz=False, flipVert=False, font='Arial', fontFiles=[], height=np.float64(0.05), italic=False, languageStyle='LTR', name='text_9', opacity=1, ori=0.0, pos=array([0.  , 0.25]), rgb=UNKNOWN, text='How confident were you in your choice?', units='height', win=Window(...), wrapWidth=1)
42.6481 	EXP 	Created text_answer = TextStim(__class__=<class 'psychopy.visual.text.TextStim'>, alignHoriz=method-wrapper(...), alignText='center', alignVert=method-wrapper(...), anchorHoriz='center', anchorVert='center', antialias=True, autoDraw=False, autoLog=True, bold=False, color=array([-1., -1., -1.]), colorSpace='rgb', contrast=1.0, depth=-4.0, draggable=False, flipHoriz=False, flipVert=False, font='Arial', fontFiles=[], height=0.05, italic=False, languageStyle='LTR', name='text_answer', opacity=1, ori=0.0, pos=array([0.  , 0.35]), rgb=UNKNOWN, text='', units='height', win=Window(...), wrapWidth=1)
42.6816 	EXP 	Created text_8 = TextStim(__class__=<class 'psychopy.visual.text.TextStim'>, alignHoriz=method-wrapper(...), alignText='center', alignVert=method-wrapper(...), anchorHoriz='center', anchorVert='center', antialias=True, autoDraw=False, autoLog=True, bold=False, color=array([1., 1., 1.]), colorSpace='rgb', contrast=1.0, depth=0.0, draggable=False, flipHoriz=False, flipVert=False, font='Arial', fontFiles=[], height=np.float64(0.05), italic=False, languageStyle='LTR', name='text_8', opacity=1, ori=0.0, pos=array([0., 0.]), rgb=UNKNOWN, text='', units='height', win=Window(...), wrapWidth=1)
42.6879 	EXP 	Created correctAnswer = TextStim(__class__=<class 'psychopy.visual.text.TextStim'>, alignHoriz=method-wrapper(...), alignText='center', alignVert=method-wrapper(...), anchorHoriz='center', anchorVert='center', antialias=True, autoDraw=False, autoLog=True, bold=False, color=array([-1., -1., -1.]), colorSpace='rgb', contrast=1.0, depth=-1.0, draggable=False, flipHoriz=False, flipVert=False, font='Arial', fontFiles=[], height=56.0, italic=False, languageStyle='LTR', name='correctAnswer', opacity=1, ori=0.0, pos=array([   0., -150.]), rgb=UNKNOWN, text='', units='pix', win=Window(...), wrapWidth=500)
42.6884 	EXP 	Created wrongAnswer = TextStim(__class__=<class 'psychopy.visual.text.TextStim'>, alignHoriz=method-wrapper(...), alignText='center', alignVert=method-wrapper(...), anchorHoriz='center', anchorVert='center', antialias=True, autoDraw=False, autoLog=True, bold=False, color=array([-1., -1., -1.]), colorSpace='rgb', contrast=1.0, depth=-2.0, draggable=False, flipHoriz=False, flipVert=False, font='Arial', fontFiles=[], height=56.0, italic=False, languageStyle='LTR', name='wrongAnswer', opacity=1.0, ori=0.0, pos=array([   0., -150.]), rgb=UNKNOWN, text='', units='pix', win=Window(...), wrapWidth=500)
42.6888 	EXP 	Created corrColor_2 = TextStim(__class__=<class 'psychopy.visual.text.TextStim'>, alignHoriz=method-wrapper(...), alignText='center', alignVert=method-wrapper(...), anchorHoriz='center', anchorVert='center', antialias=True, autoDraw=False, autoLog=True, bold=False, color=array([-1., -1., -1.]), colorSpace='rgb', contrast=1.0, depth=-3.0, draggable=False, flipHoriz=False, flipVert=False, font='Arial', fontFiles=[], height=56.0, italic=False, languageStyle='LTR', name='corrColor_2', opacity=1.0, ori=0.0, pos=array([   0., -150.]), rgb=UNKNOWN, text='', units='pix', win=Window(...), wrapWidth=500)
42.7439 	EXP 	Created RBGInfo_2 = TextStim(__class__=<class 'psychopy.visual.text.TextStim'>, alignHoriz=method-wrapper(...), alignText='center', alignVert=method-wrapper(...), anchorHoriz='center', anchorVert='center', antialias=True, autoDraw=False, autoLog=True, bold=False, color=array([-1., -1., -1.]), colorSpace='rgb', contrast=1.0, depth=-10.0, draggable=False, flipHoriz=False, flipVert=False, font='Arial', fontFiles=[], height=np.float64(42.0), italic=False, languageStyle='LTR', name='RBGInfo_2', opacity=1.0, ori=0.0, pos=array([300., 300.]), rgb=UNKNOWN, text='RGB values: 0-100\n\nR:        G:        B:', units='pix', win=Window(...), wrapWidth=500)
42.7444 	EXP 	Created R_2 = TextStim(__class__=<class 'psychopy.visual.text.TextStim'>, alignHoriz=method-wrapper(...), alignText='center', alignVert=method-wrapper(...), anchorHoriz='center', anchorVert='center', antialias=True, autoDraw=False, autoLog=True, bold=False, color=array([-1., -1., -1.]), colorSpace='rgb', contrast=1.0, depth=-11.0, draggable=False, flipHoriz=False, flipVert=False, font='Arial', fontFiles=[], height=42.0, italic=False, languageStyle='LTR', name='R_2', opacity=1.0, ori=0.0, pos=array([165., 220.]), rgb=UNKNOWN, text='', units='pix', win=Window(...), wrapWidth=500)
42.7448 	EXP 	Created G_2 = TextStim(__class__=<class 'psychopy.visual.text.TextStim'>, alignHoriz=method-wrapper(...), alignText='center', alignVert=method-wrapper(...), anchorHoriz='center', anchorVert='center', antialias=True, autoDraw=False, autoLog=True, bold=False, color=array([-1., -1., -1.]), colorSpace='rgb', contrast=1.0, depth=-12.0, draggable=False, flipHoriz=False, flipVert=False, font='Arial', fontFiles=[], height=42.0, italic=False, languageStyle='LTR', name='G_2', opacity=1.0, ori=0.0, pos=array([300., 220.]), rgb=UNKNOWN, text='', units='pix', win=Window(...), wrapWidth=500)
42.7451 	EXP 	Created B_2 = TextStim(__class__=<class 'psychopy.visual.text.TextStim'>, alignHoriz=method-wrapper(...), alignText='center', alignVert=method-wrapper(...), anchorHoriz='center', anchorVert='center', antialias=True, autoDraw=False, autoLog=True, bold=False, color=array([-1., -1., -1.]), colorSpace='rgb', contrast=1.0, depth=-13.0, draggable=False, flipHoriz=False, flipVert=False, font='Arial', fontFiles=[], height=42.0, italic=False, languageStyle='LTR', name='B_2', opacity=1.0, ori=0.0, pos=array([435., 220.]), rgb=UNKNOWN, text='', units='pix', win=Window(...), wrapWidth=500)
42.7455 	EXP 	Created BaselineOverrideInfo = TextStim(__class__=<class 'psychopy.visual.text.TextStim'>, alignHoriz=method-wrapper(...), alignText='center', alignVert=method-wrapper(...), anchorHoriz='center', anchorVert='center', antialias=True, autoDraw=False, autoLog=True, bold=False, color=array([-1., -1., -1.]), colorSpace='rgb', contrast=1.0, depth=-16.0, draggable=False, flipHoriz=False, flipVert=False, font='Arial', fontFiles=[], height=50.0, italic=False, languageStyle='LTR', name='BaselineOverrideInfo', opacity=1.0, ori=0.0, pos=array([-550.,  400.]), rgb=UNKNOWN, text='', units='pix', win=Window(...), wrapWidth=650.0)
42.7461 	EXP 	Created text_11 = TextStim(__class__=<class 'psychopy.visual.text.TextStim'>, alignHoriz=method-wrapper(...), alignText='center', alignVert=method-wrapper(...), anchorHoriz='center', anchorVert='center', antialias=True, autoDraw=False, autoLog=True, bold=False, color=array([1., 1., 1.]), colorSpace='rgb', contrast=1.0, depth=0.0, draggable=False, flipHoriz=False, flipVert=False, font='Arial', fontFiles=[], height=np.float64(0.05), italic=False, languageStyle='LTR', name='text_11', opacity=1, ori=0.0, pos=array([0., 0.]), rgb=UNKNOWN, text='', units='height', win=Window(...), wrapWidth=1)
42.7465 	EXP 	Created GoodJob = TextStim(__class__=<class 'psychopy.visual.text.TextStim'>, alignHoriz=method-wrapper(...), alignText='center', alignVert=method-wrapper(...), anchorHoriz='center', anchorVert='center', antialias=True, autoDraw=False, autoLog=True, bold=False, color=array([-1., -1., -1.]), colorSpace='rgb', contrast=1.0, depth=0.0, draggable=False, flipHoriz=False, flipVert=False, font='Arial', fontFiles=[], height=50.0, italic=False, languageStyle='LTR', name='GoodJob', opacity=1.0, ori=0.0, pos=array([0., 0.]), rgb=UNKNOWN, text='', units='pix', win=Window(...), wrapWidth=500)
0.0067 	EXP 	slider: autoLog = True
0.0067 	EXP 	slider: styleTweaks = []
0.0067 	EXP 	slider: styleTweaks = []
0.0067 	EXP 	slider: styleTweaks = []
0.0067 	EXP 	slider: styleTweaks = []
0.0067 	EXP 	slider: contrast = 1.0
0.0067 	EXP 	slider: markerPos = 1
0.0067 	EXP 	slider: autoLog = True
0.0275 	EXP 	Welcome_info: autoDraw = True
0.8089 	INFO 	Keyboard events cleared
1.0086 	EXP 	PressEnterToContinue: autoDraw = True
13.7024 	EXP 	Device response: <KeyPress from None: t=13.606747000012547, value=return, duration=None>
13.7263 	EXP 	Imported ExcelOutputDraft.xlsx as conditions, 60 conditions, 8 params
13.7286 	EXP 	New trial (rep=0, index=0): <Trial 0 (0 in rep 0) data={'folder': '01-1', 'image': '016_Green.jpg', 'logical': True, 'corrColor': 'Green', 'corrR': 9, 'corrG': 100, 'corrB': 4, 'image_path': '01-1/016_Green_0.png', 'thisN': 0, 'thisTrialN': 0, 'thisRepN': 0}>
13.7289 	DATA 	Keypress: return
13.7292 	EXP 	Device response: <KeyPress from None: t=13.606747000012547, value=return, duration=0.11535440012812614>
13.8414 	EXP 	Welcome_info: autoDraw = False
13.8414 	EXP 	PressEnterToContinue: autoDraw = False
13.8414 	EXP 	img: foreColor = <psychopy.colors.Color: white, alpha=1.0>
13.8414 	EXP 	img: ori = np.float64(0.0)
13.8414 	EXP 	Instructions: height = np.float64(36.0)
13.8414 	EXP 	Instructions: height = np.float64(36.0)
13.8414 	EXP 	Instructions: height = np.float64(36.0)
13.8414 	EXP 	Instructions: text = 'Click the spacebar to shuffle through the filters to recognize the color.\nPress the button of the color you think it corresponds to.'
13.8414 	EXP 	R: height = np.float64(42.0)
13.8414 	EXP 	R: height = np.float64(42.0)
13.8414 	EXP 	R: height = np.float64(42.0)
13.8414 	EXP 	R: text = 9
13.8414 	EXP 	G: height = np.float64(42.0)
13.8414 	EXP 	G: height = np.float64(42.0)
13.8414 	EXP 	G: height = np.float64(42.0)
13.8414 	EXP 	G: text = 100
13.8414 	EXP 	B: height = np.float64(42.0)
13.8414 	EXP 	B: height = np.float64(42.0)
13.8414 	EXP 	B: height = np.float64(42.0)
13.8414 	EXP 	B: text = 4
13.8414 	EXP 	img: autoDraw = True
13.8414 	EXP 	Instructions: autoDraw = True
13.8414 	EXP 	RBGInfo: autoDraw = True
13.8414 	EXP 	R: autoDraw = True
13.8414 	EXP 	G: autoDraw = True
13.8414 	EXP 	B: autoDraw = True
29.2153 	DATA 	Keypress: space
29.3485 	EXP 	Device response: <KeyPress from None: t=29.2143354001455, value=space, duration=None>
29.3485 	EXP 	Device response: <KeyPress from None: t=29.2143354001455, value=space, duration=0.11599249998107553>
32.8299 	DATA 	Keypress: space
33.0443 	EXP 	Device response: <KeyPress from None: t=32.82752520008944, value=space, duration=None>
33.0444 	EXP 	Device response: <KeyPress from None: t=32.82752520008944, value=space, duration=0.13408029987476766>
35.4159 	DATA 	Keypress: space
35.4211 	EXP 	Device response: <KeyPress from None: t=35.28977650008164, value=space, duration=None>
35.6892 	EXP 	Device response: <KeyPress from None: t=35.28977650008164, value=space, duration=0.15438869991339743>
44.9146 	DATA 	Mouse: Left button down, pos=(1631,388)
44.9269 	EXP 	img: autoDraw = False
44.9269 	EXP 	Instructions: autoDraw = False
44.9269 	EXP 	RBGInfo: autoDraw = False
44.9269 	EXP 	R: autoDraw = False
44.9269 	EXP 	G: autoDraw = False
44.9269 	EXP 	B: autoDraw = False
44.9269 	EXP 	text_8: autoDraw = True
45.0624 	DATA 	Mouse:  Left button up, pos=(1631,388)
45.3250 	EXP 	text_8: autoDraw = False
45.3250 	EXP 	text_8: autoDraw = False
45.3250 	EXP 	slider: markerPos = None
45.3250 	EXP 	slider: markerPos = 1
45.3250 	EXP 	slider: autoDraw = True
45.3250 	EXP 	text_9: autoDraw = True
45.3250 	EXP 	text_answer: autoDraw = True
47.4583 	DATA 	Mouse: Left button down, pos=(1417,585)
47.4911 	EXP 	slider: markerPos = np.float64(5.0280000000000005)
47.5243 	EXP 	slider: markerPos = np.float64(5.0280000000000005)
47.5575 	EXP 	slider: markerPos = np.float64(5.0280000000000005)
47.5911 	EXP 	slider: markerPos = np.float64(5.0280000000000005)
47.6246 	EXP 	slider: markerPos = np.float64(5.0280000000000005)
47.6575 	EXP 	slider: markerPos = np.float64(5.0280000000000005)
47.6912 	EXP 	slider: markerPos = np.float64(5.0280000000000005)
47.6925 	DATA 	Mouse:  Left button up, pos=(1417,585)
47.7241 	EXP 	slider: markerPos = 5.0
48.9174 	DATA 	Mouse: Left button down, pos=(1015,273)
48.9601 	EXP 	slider: autoDraw = False
48.9601 	EXP 	text_9: autoDraw = False
48.9601 	EXP 	text_answer: autoDraw = False
48.9601 	EXP 	text_8: autoDraw = True
49.1442 	DATA 	Mouse:  Left button up, pos=(1015,273)
49.3562 	INFO 	Keyboard events cleared
49.3561 	EXP 	text_8: autoDraw = False
49.3561 	EXP 	corrColor_2: height = np.float64(56.0)
49.3561 	EXP 	corrColor_2: height = np.float64(56.0)
49.3561 	EXP 	corrColor_2: height = np.float64(56.0)
49.3561 	EXP 	corrColor_2: text = 'Green'
49.3561 	EXP 	R_2: height = np.float64(42.0)
49.3561 	EXP 	R_2: height = np.float64(42.0)
49.3561 	EXP 	R_2: height = np.float64(42.0)
49.3561 	EXP 	R_2: text = 9
49.3561 	EXP 	G_2: height = np.float64(42.0)
49.3561 	EXP 	G_2: height = np.float64(42.0)
49.3561 	EXP 	G_2: height = np.float64(42.0)
49.3561 	EXP 	G_2: text = 100
49.3561 	EXP 	B_2: height = np.float64(42.0)
49.3561 	EXP 	B_2: height = np.float64(42.0)
49.3561 	EXP 	B_2: height = np.float64(42.0)
49.3561 	EXP 	B_2: text = 4
49.3561 	EXP 	BaselineOverrideInfo: height = np.float64(50.0)
49.3561 	EXP 	BaselineOverrideInfo: height = np.float64(50.0)
49.3561 	EXP 	BaselineOverrideInfo: height = np.float64(50.0)
49.3561 	EXP 	BaselineOverrideInfo: text = 'If you are exhausted from the experiment, press "P" to end it after this screen.\nOtherwise, please continue.'
49.3561 	EXP 	correctAnswer: autoDraw = True
49.3561 	EXP 	RBGInfo_2: autoDraw = True
49.3561 	EXP 	R_2: autoDraw = True
49.3561 	EXP 	G_2: autoDraw = True
49.3561 	EXP 	B_2: autoDraw = True
50.7114 	DATA 	Mouse: Left button down, pos=(1009,243)
50.7250 	EXP 	correctAnswer: autoDraw = False
50.7250 	EXP 	wrongAnswer: autoDraw = False
50.7250 	EXP 	corrColor_2: autoDraw = False
50.7250 	EXP 	RBGInfo_2: autoDraw = False
50.7250 	EXP 	R_2: autoDraw = False
50.7250 	EXP 	G_2: autoDraw = False
50.7250 	EXP 	B_2: autoDraw = False
50.7250 	EXP 	BaselineOverrideInfo: autoDraw = False
50.7250 	EXP 	text_11: autoDraw = True
50.9265 	DATA 	Mouse:  Left button up, pos=(1009,243)
51.0595 	EXP 	New trial (rep=0, index=1): <Trial 1 (1 in rep 0) data={'folder': '01-1', 'image': '006_Blue.jpg', 'logical': True, 'corrColor': 'Blue', 'corrR': 2, 'corrG': 6, 'corrB': 100, 'image_path': '01-1/006_Blue_0.png', 'thisN': 1, 'thisTrialN': 1, 'thisRepN': 0}>
51.1579 	EXP 	text_11: autoDraw = False
51.1579 	EXP 	text_11: autoDraw = False
51.1579 	EXP 	img: foreColor = <psychopy.colors.Color: white, alpha=1.0>
51.1579 	EXP 	img: ori = np.float64(0.0)
51.1579 	EXP 	Instructions: text = 'Click the spacebar to shuffle through the filters to recognize the color.\nPress the button of the color you think it corresponds to.'
51.1579 	EXP 	R: height = np.float64(42.0)
51.1579 	EXP 	R: height = np.float64(42.0)
51.1579 	EXP 	R: height = np.float64(42.0)
51.1579 	EXP 	R: text = 2
51.1579 	EXP 	G: height = np.float64(42.0)
51.1579 	EXP 	G: height = np.float64(42.0)
51.1579 	EXP 	G: height = np.float64(42.0)
51.1579 	EXP 	G: text = 6
51.1579 	EXP 	B: height = np.float64(42.0)
51.1579 	EXP 	B: height = np.float64(42.0)
51.1579 	EXP 	B: height = np.float64(42.0)
51.1579 	EXP 	B: text = 100
51.1579 	EXP 	img: autoDraw = True
51.1579 	EXP 	Instructions: autoDraw = True
51.1579 	EXP 	RBGInfo: autoDraw = True
51.1579 	EXP 	R: autoDraw = True
51.1579 	EXP 	G: autoDraw = True
51.1579 	EXP 	B: autoDraw = True
56.9689 	DATA 	Keypress: space
56.9699 	EXP 	Device response: <KeyPress from None: t=56.96690870006569, value=space, duration=None>
57.1505 	EXP 	Device response: <KeyPress from None: t=56.96690870006569, value=space, duration=0.17029400006867945>
57.8649 	DATA 	Keypress: space
57.8657 	EXP 	Device response: <KeyPress from None: t=57.806451100157574, value=space, duration=None>
58.0543 	EXP 	Device response: <KeyPress from None: t=57.806451100157574, value=space, duration=0.15252829995006323>
62.0985 	DATA 	Keypress: space
62.0992 	EXP 	Device response: <KeyPress from None: t=62.03875860013068, value=space, duration=None>
62.2073 	EXP 	Device response: <KeyPress from None: t=62.03875860013068, value=space, duration=0.14292239979840815>
67.0840 	DATA 	Mouse: Left button down, pos=(1653,652)
67.2072 	EXP 	img: autoDraw = False
67.2072 	EXP 	Instructions: autoDraw = False
67.2072 	EXP 	RBGInfo: autoDraw = False
67.2072 	EXP 	R: autoDraw = False
67.2072 	EXP 	G: autoDraw = False
67.2072 	EXP 	B: autoDraw = False
67.2072 	EXP 	text_8: autoDraw = True
67.3111 	DATA 	Mouse:  Left button up, pos=(1653,652)
67.5725 	EXP 	text_8: autoDraw = False
67.5725 	EXP 	slider: markerPos = None
67.5725 	EXP 	slider: markerPos = 1
67.5725 	EXP 	slider: autoDraw = True
67.5725 	EXP 	text_9: autoDraw = True
67.5725 	EXP 	text_answer: autoDraw = True
69.3425 	DATA 	Mouse: Left button down, pos=(1407,600)
69.3721 	EXP 	slider: markerPos = np.float64(4.9879999999999995)
69.4056 	EXP 	slider: markerPos = np.float64(4.9879999999999995)
69.4387 	EXP 	slider: markerPos = np.float64(4.9879999999999995)
69.4721 	EXP 	slider: markerPos = np.float64(4.9879999999999995)
69.5058 	EXP 	slider: markerPos = np.float64(4.9879999999999995)
69.5391 	EXP 	slider: markerPos = np.float64(4.9879999999999995)
69.5597 	EXP 	slider: markerPos = np.float64(4.9879999999999995)
69.5611 	DATA 	Mouse:  Left button up, pos=(1407,600)
69.5890 	EXP 	slider: markerPos = 5.0
70.6402 	DATA 	Mouse: Left button down, pos=(1017,280)
70.6594 	EXP 	slider: autoDraw = False
70.6594 	EXP 	text_9: autoDraw = False
70.6594 	EXP 	text_answer: autoDraw = False
70.6594 	EXP 	text_8: autoDraw = True
70.8585 	DATA 	Mouse:  Left button up, pos=(1017,280)
71.0391 	INFO 	Keyboard events cleared
71.0390 	EXP 	text_8: autoDraw = False
71.0390 	EXP 	corrColor_2: height = np.float64(56.0)
71.0390 	EXP 	corrColor_2: height = np.float64(56.0)
71.0390 	EXP 	corrColor_2: height = np.float64(56.0)
71.0390 	EXP 	corrColor_2: text = 'Blue'
71.0390 	EXP 	R_2: height = np.float64(42.0)
71.0390 	EXP 	R_2: height = np.float64(42.0)
71.0390 	EXP 	R_2: height = np.float64(42.0)
71.0390 	EXP 	R_2: text = 2
71.0390 	EXP 	G_2: height = np.float64(42.0)
71.0390 	EXP 	G_2: height = np.float64(42.0)
71.0390 	EXP 	G_2: height = np.float64(42.0)
71.0390 	EXP 	G_2: text = 6
71.0390 	EXP 	B_2: height = np.float64(42.0)
71.0390 	EXP 	B_2: height = np.float64(42.0)
71.0390 	EXP 	B_2: height = np.float64(42.0)
71.0390 	EXP 	B_2: text = 100
71.0390 	EXP 	BaselineOverrideInfo: text = 'If you are exhausted from the experiment, press "P" to end it after this screen.\nOtherwise, please continue.'
71.0390 	EXP 	correctAnswer: autoDraw = True
71.0390 	EXP 	RBGInfo_2: autoDraw = True
71.0390 	EXP 	R_2: autoDraw = True
71.0390 	EXP 	G_2: autoDraw = True
71.0390 	EXP 	B_2: autoDraw = True
72.1812 	DATA 	Mouse: Left button down, pos=(1019,234)
72.2078 	EXP 	correctAnswer: autoDraw = False
72.2078 	EXP 	wrongAnswer: autoDraw = False
72.2078 	EXP 	corrColor_2: autoDraw = False
72.2078 	EXP 	RBGInfo_2: autoDraw = False
72.2078 	EXP 	R_2: autoDraw = False
72.2078 	EXP 	G_2: autoDraw = False
72.2078 	EXP 	B_2: autoDraw = False
72.2078 	EXP 	BaselineOverrideInfo: autoDraw = False
72.2078 	EXP 	text_11: autoDraw = True
72.4111 	DATA 	Mouse:  Left button up, pos=(1019,234)
72.5577 	EXP 	New trial (rep=0, index=2): <Trial 2 (2 in rep 0) data={'folder': '01-1', 'image': '006_Yellow.jpg', 'logical': True, 'corrColor': 'Yellow', 'corrR': 100, 'corrG': 100, 'corrB': 9, 'image_path': '01-1/006_Yellow_0.png', 'thisN': 2, 'thisTrialN': 2, 'thisRepN': 0}>
72.6393 	EXP 	text_11: autoDraw = False
72.6393 	EXP 	img: foreColor = <psychopy.colors.Color: white, alpha=1.0>
72.6393 	EXP 	img: ori = np.float64(0.0)
72.6393 	EXP 	Instructions: text = 'Click the spacebar to shuffle through the filters to recognize the color.\nPress the button of the color you think it corresponds to.'
72.6393 	EXP 	R: height = np.float64(42.0)
72.6393 	EXP 	R: height = np.float64(42.0)
72.6393 	EXP 	R: height = np.float64(42.0)
72.6393 	EXP 	R: text = 100
72.6393 	EXP 	G: height = np.float64(42.0)
72.6393 	EXP 	G: height = np.float64(42.0)
72.6393 	EXP 	G: height = np.float64(42.0)
72.6393 	EXP 	G: text = 100
72.6393 	EXP 	B: height = np.float64(42.0)
72.6393 	EXP 	B: height = np.float64(42.0)
72.6393 	EXP 	B: height = np.float64(42.0)
72.6393 	EXP 	B: text = 9
72.6393 	EXP 	img: autoDraw = True
72.6393 	EXP 	Instructions: autoDraw = True
72.6393 	EXP 	RBGInfo: autoDraw = True
72.6393 	EXP 	R: autoDraw = True
72.6393 	EXP 	G: autoDraw = True
72.6393 	EXP 	B: autoDraw = True
84.9031 	DATA 	Keypress: space
84.9034 	EXP 	Device response: <KeyPress from None: t=84.87533570011146, value=space, duration=None>
85.1033 	EXP 	Device response: <KeyPress from None: t=84.87533570011146, value=space, duration=0.15208719996735454>
86.6806 	DATA 	Keypress: space
86.7746 	EXP 	Device response: <KeyPress from None: t=86.67999560013413, value=space, duration=None>
86.8930 	EXP 	Device response: <KeyPress from None: t=86.67999560013413, value=space, duration=0.1610773999709636>
90.5468 	DATA 	Keypress: space
90.5473 	EXP 	Device response: <KeyPress from None: t=90.47151940013282, value=space, duration=None>
90.6475 	EXP 	Device response: <KeyPress from None: t=90.47151940013282, value=space, duration=0.16124399984255433>
98.4772 	DATA 	Mouse: Left button down, pos=(1634,572)
98.4892 	EXP 	img: autoDraw = False
98.4892 	EXP 	Instructions: autoDraw = False
98.4892 	EXP 	RBGInfo: autoDraw = False
98.4892 	EXP 	R: autoDraw = False
98.4892 	EXP 	G: autoDraw = False
98.4892 	EXP 	B: autoDraw = False
98.4892 	EXP 	text_8: autoDraw = True
98.6914 	DATA 	Mouse:  Left button up, pos=(1634,572)
98.8711 	EXP 	text_8: autoDraw = False
98.8711 	EXP 	text_8: autoDraw = False
98.8711 	EXP 	slider: markerPos = None
98.8711 	EXP 	slider: markerPos = 1
98.8711 	EXP 	slider: autoDraw = True
98.8711 	EXP 	text_9: autoDraw = True
98.8711 	EXP 	text_answer: autoDraw = True
100.1445 	DATA 	Mouse: Left button down, pos=(1418,556)
100.1710 	EXP 	slider: markerPos = np.float64(5.032)
100.2042 	EXP 	slider: markerPos = np.float64(5.032)
100.2238 	EXP 	slider: markerPos = np.float64(5.032)
100.2407 	EXP 	slider: markerPos = np.float64(5.032)
100.2712 	EXP 	slider: markerPos = np.float64(5.032)
100.3043 	EXP 	slider: markerPos = np.float64(5.032)
100.3381 	EXP 	slider: markerPos = np.float64(5.032)
100.3711 	EXP 	slider: markerPos = np.float64(5.032)
100.3732 	DATA 	Mouse:  Left button up, pos=(1418,556)
100.4056 	EXP 	slider: markerPos = 5.0
101.5885 	DATA 	Mouse: Left button down, pos=(1019,249)
101.6074 	EXP 	slider: autoDraw = False
101.6074 	EXP 	text_9: autoDraw = False
101.6074 	EXP 	text_answer: autoDraw = False
101.6074 	EXP 	text_8: autoDraw = True
101.8075 	DATA 	Mouse:  Left button up, pos=(1019,249)
101.9707 	INFO 	Keyboard events cleared
101.9705 	EXP 	text_8: autoDraw = False
101.9705 	EXP 	text_8: autoDraw = False
101.9705 	EXP 	corrColor_2: height = np.float64(56.0)
101.9705 	EXP 	corrColor_2: height = np.float64(56.0)
101.9705 	EXP 	corrColor_2: height = np.float64(56.0)
101.9705 	EXP 	corrColor_2: text = 'Yellow'
101.9705 	EXP 	R_2: height = np.float64(42.0)
101.9705 	EXP 	R_2: height = np.float64(42.0)
101.9705 	EXP 	R_2: height = np.float64(42.0)
101.9705 	EXP 	R_2: text = 100
101.9705 	EXP 	G_2: height = np.float64(42.0)
101.9705 	EXP 	G_2: height = np.float64(42.0)
101.9705 	EXP 	G_2: height = np.float64(42.0)
101.9705 	EXP 	G_2: text = 100
101.9705 	EXP 	B_2: height = np.float64(42.0)
101.9705 	EXP 	B_2: height = np.float64(42.0)
101.9705 	EXP 	B_2: height = np.float64(42.0)
101.9705 	EXP 	B_2: text = 9
101.9705 	EXP 	BaselineOverrideInfo: text = 'If you are exhausted from the experiment, press "P" to end it after this screen.\nOtherwise, please continue.'
101.9705 	EXP 	correctAnswer: autoDraw = True
101.9705 	EXP 	RBGInfo_2: autoDraw = True
101.9705 	EXP 	R_2: autoDraw = True
101.9705 	EXP 	G_2: autoDraw = True
101.9705 	EXP 	B_2: autoDraw = True
103.0312 	DATA 	Mouse: Left button down, pos=(1019,249)
103.0573 	EXP 	correctAnswer: autoDraw = False
103.0573 	EXP 	wrongAnswer: autoDraw = False
103.0573 	EXP 	corrColor_2: autoDraw = False
103.0573 	EXP 	RBGInfo_2: autoDraw = False
103.0573 	EXP 	R_2: autoDraw = False
103.0573 	EXP 	G_2: autoDraw = False
103.0573 	EXP 	B_2: autoDraw = False
103.0573 	EXP 	BaselineOverrideInfo: autoDraw = False
103.0573 	EXP 	text_11: autoDraw = True
103.2607 	DATA 	Mouse:  Left button up, pos=(1019,249)
103.3907 	EXP 	New trial (rep=0, index=3): <Trial 3 (3 in rep 0) data={'folder': '01-1', 'image': '022_Blue.jpg', 'logical': True, 'corrColor': 'Blue', 'corrR': 4, 'corrG': 0, 'corrB': 99, 'image_path': '01-1/022_Blue_0.png', 'thisN': 3, 'thisTrialN': 3, 'thisRepN': 0}>
103.4718 	EXP 	text_11: autoDraw = False
103.4718 	EXP 	text_11: autoDraw = False
103.4718 	EXP 	img: foreColor = <psychopy.colors.Color: white, alpha=1.0>
103.4718 	EXP 	img: ori = np.float64(0.0)
103.4718 	EXP 	Instructions: text = 'Click the spacebar to shuffle through the filters to recognize the color.\nPress the button of the color you think it corresponds to.'
103.4718 	EXP 	R: height = np.float64(42.0)
103.4718 	EXP 	R: height = np.float64(42.0)
103.4718 	EXP 	R: height = np.float64(42.0)
103.4718 	EXP 	R: text = 4
103.4718 	EXP 	G: height = np.float64(42.0)
103.4718 	EXP 	G: height = np.float64(42.0)
103.4718 	EXP 	G: height = np.float64(42.0)
103.4718 	EXP 	G: text = 0
103.4718 	EXP 	B: height = np.float64(42.0)
103.4718 	EXP 	B: height = np.float64(42.0)
103.4718 	EXP 	B: height = np.float64(42.0)
103.4718 	EXP 	B: text = 99
103.4718 	EXP 	img: autoDraw = True
103.4718 	EXP 	Instructions: autoDraw = True
103.4718 	EXP 	RBGInfo: autoDraw = True
103.4718 	EXP 	R: autoDraw = True
103.4718 	EXP 	G: autoDraw = True
103.4718 	EXP 	B: autoDraw = True
108.5127 	DATA 	Mouse: Left button down, pos=(1625,649)
108.5221 	EXP 	img: autoDraw = False
108.5221 	EXP 	Instructions: autoDraw = False
108.5221 	EXP 	RBGInfo: autoDraw = False
108.5221 	EXP 	R: autoDraw = False
108.5221 	EXP 	G: autoDraw = False
108.5221 	EXP 	B: autoDraw = False
108.5221 	EXP 	text_8: autoDraw = True
108.6927 	DATA 	Mouse:  Left button up, pos=(1625,649)
108.8876 	EXP 	text_8: autoDraw = False
108.8876 	EXP 	text_8: autoDraw = False
108.8876 	EXP 	slider: markerPos = None
108.8876 	EXP 	slider: markerPos = 1
108.8876 	EXP 	slider: autoDraw = True
108.8876 	EXP 	text_9: autoDraw = True
108.8876 	EXP 	text_answer: autoDraw = True
110.6728 	DATA 	Mouse: Left button down, pos=(1410,588)
110.7049 	EXP 	slider: markerPos = np.float64(5.0)
110.7383 	EXP 	slider: markerPos = np.float64(5.0)
110.7715 	EXP 	slider: markerPos = np.float64(5.0)
110.8048 	EXP 	slider: markerPos = np.float64(5.0)
110.8380 	EXP 	slider: markerPos = np.float64(5.0)
110.8587 	EXP 	slider: markerPos = np.float64(5.0)
110.8883 	EXP 	slider: markerPos = np.float64(5.0)
110.8893 	DATA 	Mouse:  Left button up, pos=(1410,588)
110.9216 	EXP 	slider: markerPos = 5.0
112.1557 	DATA 	Mouse: Left button down, pos=(1043,274)
112.1938 	EXP 	slider: autoDraw = False
112.1938 	EXP 	text_9: autoDraw = False
112.1938 	EXP 	text_answer: autoDraw = False
112.1938 	EXP 	text_8: autoDraw = True
112.3983 	DATA 	Mouse:  Left button up, pos=(1043,274)
112.5582 	INFO 	Keyboard events cleared
112.5580 	EXP 	text_8: autoDraw = False
112.5580 	EXP 	corrColor_2: height = np.float64(56.0)
112.5580 	EXP 	corrColor_2: height = np.float64(56.0)
112.5580 	EXP 	corrColor_2: height = np.float64(56.0)
112.5580 	EXP 	corrColor_2: text = 'Blue'
112.5580 	EXP 	R_2: height = np.float64(42.0)
112.5580 	EXP 	R_2: height = np.float64(42.0)
112.5580 	EXP 	R_2: height = np.float64(42.0)
112.5580 	EXP 	R_2: text = 4
112.5580 	EXP 	G_2: height = np.float64(42.0)
112.5580 	EXP 	G_2: height = np.float64(42.0)
112.5580 	EXP 	G_2: height = np.float64(42.0)
112.5580 	EXP 	G_2: text = 0
112.5580 	EXP 	B_2: height = np.float64(42.0)
112.5580 	EXP 	B_2: height = np.float64(42.0)
112.5580 	EXP 	B_2: height = np.float64(42.0)
112.5580 	EXP 	B_2: text = 99
112.5580 	EXP 	BaselineOverrideInfo: text = 'If you are exhausted from the experiment, press "P" to end it after this screen.\nOtherwise, please continue.'
112.5580 	EXP 	correctAnswer: autoDraw = True
112.5580 	EXP 	RBGInfo_2: autoDraw = True
112.5580 	EXP 	R_2: autoDraw = True
112.5580 	EXP 	G_2: autoDraw = True
112.5580 	EXP 	B_2: autoDraw = True
113.6304 	DATA 	Mouse: Left button down, pos=(1043,274)
113.6556 	EXP 	correctAnswer: autoDraw = False
113.6556 	EXP 	wrongAnswer: autoDraw = False
113.6556 	EXP 	corrColor_2: autoDraw = False
113.6556 	EXP 	RBGInfo_2: autoDraw = False
113.6556 	EXP 	R_2: autoDraw = False
113.6556 	EXP 	G_2: autoDraw = False
113.6556 	EXP 	B_2: autoDraw = False
113.6556 	EXP 	BaselineOverrideInfo: autoDraw = False
113.6556 	EXP 	text_11: autoDraw = True
113.8453 	DATA 	Mouse:  Left button up, pos=(1043,274)
113.9938 	EXP 	New trial (rep=0, index=4): <Trial 4 (4 in rep 0) data={'folder': '01-1', 'image': '021_Yellow.jpg', 'logical': True, 'corrColor': 'Yellow', 'corrR': 99, 'corrG': 88, 'corrB': 0, 'image_path': '01-1/021_Yellow_0.png', 'thisN': 4, 'thisTrialN': 4, 'thisRepN': 0}>
114.1595 	EXP 	text_11: autoDraw = False
114.1595 	EXP 	img: foreColor = <psychopy.colors.Color: white, alpha=1.0>
114.1595 	EXP 	img: ori = np.float64(0.0)
114.1595 	EXP 	Instructions: text = 'Click the spacebar to shuffle through the filters to recognize the color.\nPress the button of the color you think it corresponds to.'
114.1595 	EXP 	R: height = np.float64(42.0)
114.1595 	EXP 	R: height = np.float64(42.0)
114.1595 	EXP 	R: height = np.float64(42.0)
114.1595 	EXP 	R: text = 99
114.1595 	EXP 	G: height = np.float64(42.0)
114.1595 	EXP 	G: height = np.float64(42.0)
114.1595 	EXP 	G: height = np.float64(42.0)
114.1595 	EXP 	G: text = 88
114.1595 	EXP 	B: height = np.float64(42.0)
114.1595 	EXP 	B: height = np.float64(42.0)
114.1595 	EXP 	B: height = np.float64(42.0)
114.1595 	EXP 	B: text = 0
114.1595 	EXP 	img: autoDraw = True
114.1595 	EXP 	Instructions: autoDraw = True
114.1595 	EXP 	RBGInfo: autoDraw = True
114.1595 	EXP 	R: autoDraw = True
114.1595 	EXP 	G: autoDraw = True
114.1595 	EXP 	B: autoDraw = True
121.2386 	DATA 	Keypress: space
121.2404 	EXP 	Device response: <KeyPress from None: t=121.22133670002222, value=space, duration=None>
121.3735 	EXP 	Device response: <KeyPress from None: t=121.22133670002222, value=space, duration=0.10687589994631708>
122.0246 	DATA 	Keypress: space
122.0260 	EXP 	Device response: <KeyPress from None: t=122.01521100010723, value=space, duration=None>
122.2700 	EXP 	Device response: <KeyPress from None: t=122.01521100010723, value=space, duration=0.14355249982327223>
123.3099 	DATA 	Keypress: space
123.3110 	EXP 	Device response: <KeyPress from None: t=123.25590660003945, value=space, duration=None>
123.4522 	EXP 	Device response: <KeyPress from None: t=123.25590660003945, value=space, duration=0.09843120002187788>
128.4251 	DATA 	Mouse: Left button down, pos=(1644,576)
128.4426 	EXP 	img: autoDraw = False
128.4426 	EXP 	Instructions: autoDraw = False
128.4426 	EXP 	RBGInfo: autoDraw = False
128.4426 	EXP 	R: autoDraw = False
128.4426 	EXP 	G: autoDraw = False
128.4426 	EXP 	B: autoDraw = False
128.4426 	EXP 	text_8: autoDraw = True
128.6305 	DATA 	Mouse:  Left button up, pos=(1644,576)
128.8221 	EXP 	text_8: autoDraw = False
128.8221 	EXP 	slider: markerPos = None
128.8221 	EXP 	slider: markerPos = 1
128.8221 	EXP 	slider: autoDraw = True
128.8221 	EXP 	text_9: autoDraw = True
128.8221 	EXP 	text_answer: autoDraw = True
130.0961 	DATA 	Mouse: Left button down, pos=(1398,571)
130.1391 	EXP 	slider: markerPos = np.float64(4.952)
130.1729 	EXP 	slider: markerPos = np.float64(4.952)
130.2056 	EXP 	slider: markerPos = np.float64(4.952)
130.2393 	EXP 	slider: markerPos = np.float64(4.952)
130.2723 	EXP 	slider: markerPos = np.float64(4.952)
130.3057 	EXP 	slider: markerPos = np.float64(4.952)
130.3093 	DATA 	Mouse:  Left button up, pos=(1398,571)
130.3394 	EXP 	slider: markerPos = 5.0
131.4055 	DATA 	Mouse: Left button down, pos=(1019,267)
131.4254 	EXP 	slider: autoDraw = False
131.4254 	EXP 	text_9: autoDraw = False
131.4254 	EXP 	text_answer: autoDraw = False
131.4254 	EXP 	text_8: autoDraw = True
131.6244 	DATA 	Mouse:  Left button up, pos=(1019,267)
131.8054 	INFO 	Keyboard events cleared
131.8053 	EXP 	text_8: autoDraw = False
131.8053 	EXP 	corrColor_2: height = np.float64(56.0)
131.8053 	EXP 	corrColor_2: height = np.float64(56.0)
131.8053 	EXP 	corrColor_2: height = np.float64(56.0)
131.8053 	EXP 	corrColor_2: text = 'Yellow'
131.8053 	EXP 	R_2: height = np.float64(42.0)
131.8053 	EXP 	R_2: height = np.float64(42.0)
131.8053 	EXP 	R_2: height = np.float64(42.0)
131.8053 	EXP 	R_2: text = 99
131.8053 	EXP 	G_2: height = np.float64(42.0)
131.8053 	EXP 	G_2: height = np.float64(42.0)
131.8053 	EXP 	G_2: height = np.float64(42.0)
131.8053 	EXP 	G_2: text = 88
131.8053 	EXP 	B_2: height = np.float64(42.0)
131.8053 	EXP 	B_2: height = np.float64(42.0)
131.8053 	EXP 	B_2: height = np.float64(42.0)
131.8053 	EXP 	B_2: text = 0
131.8053 	EXP 	BaselineOverrideInfo: text = 'If you are exhausted from the experiment, press "P" to end it after this screen.\nOtherwise, please continue.'
131.8053 	EXP 	correctAnswer: autoDraw = True
131.8053 	EXP 	RBGInfo_2: autoDraw = True
131.8053 	EXP 	R_2: autoDraw = True
131.8053 	EXP 	G_2: autoDraw = True
131.8053 	EXP 	B_2: autoDraw = True
132.5130 	DATA 	Mouse: Left button down, pos=(1019,267)
132.5395 	EXP 	correctAnswer: autoDraw = False
132.5395 	EXP 	wrongAnswer: autoDraw = False
132.5395 	EXP 	corrColor_2: autoDraw = False
132.5395 	EXP 	RBGInfo_2: autoDraw = False
132.5395 	EXP 	R_2: autoDraw = False
132.5395 	EXP 	G_2: autoDraw = False
132.5395 	EXP 	B_2: autoDraw = False
132.5395 	EXP 	BaselineOverrideInfo: autoDraw = False
132.5395 	EXP 	text_11: autoDraw = True
132.7082 	DATA 	Mouse:  Left button up, pos=(1019,267)
132.8748 	EXP 	New trial (rep=0, index=5): <Trial 5 (5 in rep 0) data={'folder': '01-1', 'image': '006_Red.jpg', 'logical': True, 'corrColor': 'Red', 'corrR': 98, 'corrG': 0, 'corrB': 0, 'image_path': '01-1/006_Red_0.png', 'thisN': 5, 'thisTrialN': 5, 'thisRepN': 0}>
132.9894 	EXP 	text_11: autoDraw = False
132.9894 	EXP 	img: foreColor = <psychopy.colors.Color: white, alpha=1.0>
132.9894 	EXP 	img: ori = np.float64(0.0)
132.9894 	EXP 	Instructions: text = 'Click the spacebar to shuffle through the filters to recognize the color.\nPress the button of the color you think it corresponds to.'
132.9894 	EXP 	R: height = np.float64(42.0)
132.9894 	EXP 	R: height = np.float64(42.0)
132.9894 	EXP 	R: height = np.float64(42.0)
132.9894 	EXP 	R: text = 98
132.9894 	EXP 	G: height = np.float64(42.0)
132.9894 	EXP 	G: height = np.float64(42.0)
132.9894 	EXP 	G: height = np.float64(42.0)
132.9894 	EXP 	G: text = 0
132.9894 	EXP 	B: height = np.float64(42.0)
132.9894 	EXP 	B: height = np.float64(42.0)
132.9894 	EXP 	B: height = np.float64(42.0)
132.9894 	EXP 	B: text = 0
132.9894 	EXP 	img: autoDraw = True
132.9894 	EXP 	Instructions: autoDraw = True
132.9894 	EXP 	RBGInfo: autoDraw = True
132.9894 	EXP 	R: autoDraw = True
132.9894 	EXP 	G: autoDraw = True
132.9894 	EXP 	B: autoDraw = True
141.3093 	DATA 	Mouse: Left button down, pos=(1619,330)
141.3209 	EXP 	img: autoDraw = False
141.3209 	EXP 	Instructions: autoDraw = False
141.3209 	EXP 	RBGInfo: autoDraw = False
141.3209 	EXP 	R: autoDraw = False
141.3209 	EXP 	G: autoDraw = False
141.3209 	EXP 	B: autoDraw = False
141.3209 	EXP 	text_8: autoDraw = True
141.4576 	DATA 	Mouse:  Left button up, pos=(1619,330)
141.6867 	EXP 	text_8: autoDraw = False
141.6867 	EXP 	text_8: autoDraw = False
141.6867 	EXP 	slider: markerPos = None
141.6867 	EXP 	slider: markerPos = 1
141.6867 	EXP 	slider: autoDraw = True
141.6867 	EXP 	text_9: autoDraw = True
141.6867 	EXP 	text_answer: autoDraw = True
142.8913 	DATA 	Mouse: Left button down, pos=(1427,556)
142.9196 	EXP 	slider: markerPos = np.float64(5.068)
142.9388 	EXP 	slider: markerPos = np.float64(5.068)
142.9698 	EXP 	slider: markerPos = np.float64(5.068)
142.9889 	EXP 	slider: markerPos = np.float64(5.068)
143.0200 	EXP 	slider: markerPos = np.float64(5.068)
143.0405 	EXP 	slider: markerPos = np.float64(5.068)
143.0697 	EXP 	slider: markerPos = np.float64(5.068)
143.0889 	EXP 	slider: markerPos = np.float64(5.068)
143.1193 	EXP 	slider: markerPos = np.float64(5.068)
143.1206 	DATA 	Mouse:  Left button up, pos=(1427,556)
143.1390 	EXP 	slider: markerPos = 5.0
144.4214 	DATA 	Mouse: Left button down, pos=(1030,262)
144.4398 	EXP 	slider: autoDraw = False
144.4398 	EXP 	text_9: autoDraw = False
144.4398 	EXP 	text_answer: autoDraw = False
144.4398 	EXP 	text_8: autoDraw = True
144.6570 	DATA 	Mouse:  Left button up, pos=(1030,262)
144.8035 	INFO 	Keyboard events cleared
144.8033 	EXP 	text_8: autoDraw = False
144.8033 	EXP 	text_8: autoDraw = False
144.8033 	EXP 	corrColor_2: height = np.float64(56.0)
144.8033 	EXP 	corrColor_2: height = np.float64(56.0)
144.8033 	EXP 	corrColor_2: height = np.float64(56.0)
144.8033 	EXP 	corrColor_2: text = 'Red'
144.8033 	EXP 	R_2: height = np.float64(42.0)
144.8033 	EXP 	R_2: height = np.float64(42.0)
144.8033 	EXP 	R_2: height = np.float64(42.0)
144.8033 	EXP 	R_2: text = 98
144.8033 	EXP 	G_2: height = np.float64(42.0)
144.8033 	EXP 	G_2: height = np.float64(42.0)
144.8033 	EXP 	G_2: height = np.float64(42.0)
144.8033 	EXP 	G_2: text = 0
144.8033 	EXP 	B_2: height = np.float64(42.0)
144.8033 	EXP 	B_2: height = np.float64(42.0)
144.8033 	EXP 	B_2: height = np.float64(42.0)
144.8033 	EXP 	B_2: text = 0
144.8033 	EXP 	BaselineOverrideInfo: text = 'If you are exhausted from the experiment, press "P" to end it after this screen.\nOtherwise, please continue.'
144.8033 	EXP 	correctAnswer: autoDraw = True
144.8033 	EXP 	RBGInfo_2: autoDraw = True
144.8033 	EXP 	R_2: autoDraw = True
144.8033 	EXP 	G_2: autoDraw = True
144.8033 	EXP 	B_2: autoDraw = True
144.8033 	EXP 	BaselineOverrideInfo: autoDraw = True
155.8250 	DATA 	Mouse: Left button down, pos=(990,279)
155.8382 	EXP 	correctAnswer: autoDraw = False
155.8382 	EXP 	wrongAnswer: autoDraw = False
155.8382 	EXP 	corrColor_2: autoDraw = False
155.8382 	EXP 	RBGInfo_2: autoDraw = False
155.8382 	EXP 	R_2: autoDraw = False
155.8382 	EXP 	G_2: autoDraw = False
155.8382 	EXP 	B_2: autoDraw = False
155.8382 	EXP 	BaselineOverrideInfo: autoDraw = False
155.8382 	EXP 	text_11: autoDraw = True
156.0574 	DATA 	Mouse:  Left button up, pos=(990,279)
156.1720 	EXP 	New trial (rep=0, index=6): <Trial 6 (6 in rep 0) data={'folder': '01-1', 'image': '012_Green.jpg', 'logical': True, 'corrColor': 'Green', 'corrR': 3, 'corrG': 94, 'corrB': 4, 'image_path': '01-1/012_Green_0.png', 'thisN': 6, 'thisTrialN': 6, 'thisRepN': 0}>
156.2701 	EXP 	text_11: autoDraw = False
156.2701 	EXP 	text_11: autoDraw = False
156.2701 	EXP 	img: foreColor = <psychopy.colors.Color: white, alpha=1.0>
156.2701 	EXP 	img: ori = np.float64(0.0)
156.2701 	EXP 	Instructions: text = 'Click the spacebar to shuffle through the filters to recognize the color.\nPress the button of the color you think it corresponds to.'
156.2701 	EXP 	R: height = np.float64(42.0)
156.2701 	EXP 	R: height = np.float64(42.0)
156.2701 	EXP 	R: height = np.float64(42.0)
156.2701 	EXP 	R: text = 3
156.2701 	EXP 	G: height = np.float64(42.0)
156.2701 	EXP 	G: height = np.float64(42.0)
156.2701 	EXP 	G: height = np.float64(42.0)
156.2701 	EXP 	G: text = 94
156.2701 	EXP 	B: height = np.float64(42.0)
156.2701 	EXP 	B: height = np.float64(42.0)
156.2701 	EXP 	B: height = np.float64(42.0)
156.2701 	EXP 	B: text = 4
156.2701 	EXP 	img: autoDraw = True
156.2701 	EXP 	Instructions: autoDraw = True
156.2701 	EXP 	RBGInfo: autoDraw = True
156.2701 	EXP 	R: autoDraw = True
156.2701 	EXP 	G: autoDraw = True
156.2701 	EXP 	B: autoDraw = True
163.8528 	DATA 	Keypress: space
163.8545 	EXP 	Device response: <KeyPress from None: t=163.83500270009972, value=space, duration=None>
164.0352 	EXP 	Device response: <KeyPress from None: t=163.83500270009972, value=space, duration=0.1521364999935031>
169.3384 	DATA 	Keypress: space
169.3387 	EXP 	Device response: <KeyPress from None: t=169.31861490011215, value=space, duration=None>
169.5357 	EXP 	Device response: <KeyPress from None: t=169.31861490011215, value=space, duration=0.15231779986061156>
172.5412 	DATA 	Keypress: space
172.5416 	EXP 	Device response: <KeyPress from None: t=172.46563320001587, value=space, duration=None>
172.6551 	EXP 	Device response: <KeyPress from None: t=172.46563320001587, value=space, duration=0.15227750013582408>
180.4768 	DATA 	Mouse: Left button down, pos=(1651,387)
180.4863 	EXP 	img: autoDraw = False
180.4863 	EXP 	Instructions: autoDraw = False
180.4863 	EXP 	RBGInfo: autoDraw = False
180.4863 	EXP 	R: autoDraw = False
180.4863 	EXP 	G: autoDraw = False
180.4863 	EXP 	B: autoDraw = False
180.4863 	EXP 	text_8: autoDraw = True
180.6408 	DATA 	Mouse:  Left button up, pos=(1651,387)
180.8689 	EXP 	text_8: autoDraw = False
180.8689 	EXP 	text_8: autoDraw = False
180.8689 	EXP 	slider: markerPos = None
180.8689 	EXP 	slider: markerPos = 1
180.8689 	EXP 	slider: autoDraw = True
180.8689 	EXP 	text_9: autoDraw = True
180.8689 	EXP 	text_answer: autoDraw = True
182.4965 	DATA 	Mouse: Left button down, pos=(1388,579)
182.5209 	EXP 	slider: markerPos = np.float64(4.912)
182.5380 	EXP 	slider: markerPos = np.float64(4.912)
182.5677 	EXP 	slider: markerPos = np.float64(4.912)
182.6016 	EXP 	slider: markerPos = np.float64(4.912)
182.6345 	EXP 	slider: markerPos = np.float64(4.912)
182.6684 	EXP 	slider: markerPos = np.float64(4.912)
182.7013 	EXP 	slider: markerPos = np.float64(4.912)
182.7346 	EXP 	slider: markerPos = np.float64(4.912)
182.7358 	DATA 	Mouse:  Left button up, pos=(1388,579)
182.7679 	EXP 	slider: markerPos = 5.0
183.7879 	DATA 	Mouse: Left button down, pos=(1007,260)
183.8045 	EXP 	slider: autoDraw = False
183.8045 	EXP 	text_9: autoDraw = False
183.8045 	EXP 	text_answer: autoDraw = False
183.8045 	EXP 	text_8: autoDraw = True
184.0229 	DATA 	Mouse:  Left button up, pos=(1007,260)
184.1680 	INFO 	Keyboard events cleared
184.1678 	EXP 	text_8: autoDraw = False
184.1678 	EXP 	text_8: autoDraw = False
184.1678 	EXP 	corrColor_2: height = np.float64(56.0)
184.1678 	EXP 	corrColor_2: height = np.float64(56.0)
184.1678 	EXP 	corrColor_2: height = np.float64(56.0)
184.1678 	EXP 	corrColor_2: text = 'Green'
184.1678 	EXP 	R_2: height = np.float64(42.0)
184.1678 	EXP 	R_2: height = np.float64(42.0)
184.1678 	EXP 	R_2: height = np.float64(42.0)
184.1678 	EXP 	R_2: text = 3
184.1678 	EXP 	G_2: height = np.float64(42.0)
184.1678 	EXP 	G_2: height = np.float64(42.0)
184.1678 	EXP 	G_2: height = np.float64(42.0)
184.1678 	EXP 	G_2: text = 94
184.1678 	EXP 	B_2: height = np.float64(42.0)
184.1678 	EXP 	B_2: height = np.float64(42.0)
184.1678 	EXP 	B_2: height = np.float64(42.0)
184.1678 	EXP 	B_2: text = 4
184.1678 	EXP 	BaselineOverrideInfo: text = 'If you are exhausted from the experiment, press "P" to end it after this screen.\nOtherwise, please continue.'
184.1678 	EXP 	correctAnswer: autoDraw = True
184.1678 	EXP 	RBGInfo_2: autoDraw = True
184.1678 	EXP 	R_2: autoDraw = True
184.1678 	EXP 	G_2: autoDraw = True
184.1678 	EXP 	B_2: autoDraw = True
184.1678 	EXP 	BaselineOverrideInfo: autoDraw = True
185.4070 	DATA 	Mouse: Left button down, pos=(1007,260)
185.4205 	EXP 	correctAnswer: autoDraw = False
185.4205 	EXP 	wrongAnswer: autoDraw = False
185.4205 	EXP 	corrColor_2: autoDraw = False
185.4205 	EXP 	RBGInfo_2: autoDraw = False
185.4205 	EXP 	R_2: autoDraw = False
185.4205 	EXP 	G_2: autoDraw = False
185.4205 	EXP 	B_2: autoDraw = False
185.4205 	EXP 	BaselineOverrideInfo: autoDraw = False
185.4205 	EXP 	text_11: autoDraw = True
185.6395 	DATA 	Mouse:  Left button up, pos=(1007,260)
185.7561 	EXP 	New trial (rep=0, index=7): <Trial 7 (7 in rep 0) data={'folder': '01-1', 'image': '022_Cyan.jpg', 'logical': True, 'corrColor': 'Cyan', 'corrR': 0, 'corrG': 96, 'corrB': 90, 'image_path': '01-1/022_Cyan_0.png', 'thisN': 7, 'thisTrialN': 7, 'thisRepN': 0}>
185.8700 	EXP 	text_11: autoDraw = False
185.8700 	EXP 	text_11: autoDraw = False
185.8700 	EXP 	img: foreColor = <psychopy.colors.Color: white, alpha=1.0>
185.8700 	EXP 	img: ori = np.float64(0.0)
185.8700 	EXP 	Instructions: text = 'Click the spacebar to shuffle through the filters to recognize the color.\nPress the button of the color you think it corresponds to.'
185.8700 	EXP 	R: height = np.float64(42.0)
185.8700 	EXP 	R: height = np.float64(42.0)
185.8700 	EXP 	R: height = np.float64(42.0)
185.8700 	EXP 	R: text = 0
185.8700 	EXP 	G: height = np.float64(42.0)
185.8700 	EXP 	G: height = np.float64(42.0)
185.8700 	EXP 	G: height = np.float64(42.0)
185.8700 	EXP 	G: text = 96
185.8700 	EXP 	B: height = np.float64(42.0)
185.8700 	EXP 	B: height = np.float64(42.0)
185.8700 	EXP 	B: height = np.float64(42.0)
185.8700 	EXP 	B: text = 90
185.8700 	EXP 	img: autoDraw = True
185.8700 	EXP 	Instructions: autoDraw = True
185.8700 	EXP 	RBGInfo: autoDraw = True
185.8700 	EXP 	R: autoDraw = True
185.8700 	EXP 	G: autoDraw = True
185.8700 	EXP 	B: autoDraw = True
195.3284 	DATA 	Keypress: space
195.3287 	EXP 	Device response: <KeyPress from None: t=195.26174260000698, value=space, duration=None>
195.5452 	EXP 	Device response: <KeyPress from None: t=195.26174260000698, value=space, duration=0.1795574000570923>
197.9154 	DATA 	Keypress: space
197.9165 	EXP 	Device response: <KeyPress from None: t=197.9045935999602, value=space, duration=None>
198.1497 	EXP 	Device response: <KeyPress from None: t=197.9045935999602, value=space, duration=0.13377780001610518>
201.3239 	DATA 	Keypress: space
201.3271 	EXP 	Device response: <KeyPress from None: t=201.23460049997084, value=space, duration=None>
201.4479 	EXP 	Device response: <KeyPress from None: t=201.23460049997084, value=space, duration=0.12535630003549159>
206.6057 	DATA 	Mouse: Left button down, pos=(1607,453)
206.6201 	EXP 	img: autoDraw = False
206.6201 	EXP 	Instructions: autoDraw = False
206.6201 	EXP 	RBGInfo: autoDraw = False
206.6201 	EXP 	R: autoDraw = False
206.6201 	EXP 	G: autoDraw = False
206.6201 	EXP 	B: autoDraw = False
206.6201 	EXP 	text_8: autoDraw = True
206.8075 	DATA 	Mouse:  Left button up, pos=(1607,453)
206.9846 	EXP 	text_8: autoDraw = False
206.9846 	EXP 	text_8: autoDraw = False
206.9846 	EXP 	slider: markerPos = None
206.9846 	EXP 	slider: markerPos = 1
206.9846 	EXP 	slider: autoDraw = True
206.9846 	EXP 	text_9: autoDraw = True
206.9846 	EXP 	text_answer: autoDraw = True
208.7559 	DATA 	Mouse: Left button down, pos=(1407,557)
208.7842 	EXP 	slider: markerPos = np.float64(4.9879999999999995)
208.8175 	EXP 	slider: markerPos = np.float64(4.9879999999999995)
208.8505 	EXP 	slider: markerPos = np.float64(4.9879999999999995)
208.8705 	EXP 	slider: markerPos = np.float64(4.9879999999999995)
208.9012 	EXP 	slider: markerPos = np.float64(4.9879999999999995)
208.9206 	EXP 	slider: markerPos = np.float64(4.9879999999999995)
208.9505 	EXP 	slider: markerPos = np.float64(4.9879999999999995)
208.9714 	EXP 	slider: markerPos = np.float64(4.9879999999999995)
208.9823 	DATA 	Mouse:  Left button up, pos=(1407,557)
209.0007 	EXP 	slider: markerPos = np.float64(4.9879999999999995)
209.0340 	EXP 	slider: markerPos = 5.0
210.4475 	DATA 	Mouse: Left button down, pos=(1025,264)
210.4885 	EXP 	slider: autoDraw = False
210.4885 	EXP 	text_9: autoDraw = False
210.4885 	EXP 	text_answer: autoDraw = False
210.4885 	EXP 	text_8: autoDraw = True
210.6700 	DATA 	Mouse:  Left button up, pos=(1025,264)
210.8671 	INFO 	Keyboard events cleared
210.8669 	EXP 	text_8: autoDraw = False
210.8669 	EXP 	corrColor_2: height = np.float64(56.0)
210.8669 	EXP 	corrColor_2: height = np.float64(56.0)
210.8669 	EXP 	corrColor_2: height = np.float64(56.0)
210.8669 	EXP 	corrColor_2: text = 'Cyan'
210.8669 	EXP 	R_2: height = np.float64(42.0)
210.8669 	EXP 	R_2: height = np.float64(42.0)
210.8669 	EXP 	R_2: height = np.float64(42.0)
210.8669 	EXP 	R_2: text = 0
210.8669 	EXP 	G_2: height = np.float64(42.0)
210.8669 	EXP 	G_2: height = np.float64(42.0)
210.8669 	EXP 	G_2: height = np.float64(42.0)
210.8669 	EXP 	G_2: text = 96
210.8669 	EXP 	B_2: height = np.float64(42.0)
210.8669 	EXP 	B_2: height = np.float64(42.0)
210.8669 	EXP 	B_2: height = np.float64(42.0)
210.8669 	EXP 	B_2: text = 90
210.8669 	EXP 	BaselineOverrideInfo: text = 'If you are exhausted from the experiment, press "P" to end it after this screen.\nOtherwise, please continue.'
210.8669 	EXP 	correctAnswer: autoDraw = True
210.8669 	EXP 	RBGInfo_2: autoDraw = True
210.8669 	EXP 	R_2: autoDraw = True
210.8669 	EXP 	G_2: autoDraw = True
210.8669 	EXP 	B_2: autoDraw = True
210.8669 	EXP 	BaselineOverrideInfo: autoDraw = True
211.8582 	DATA 	Mouse: Left button down, pos=(1025,264)
211.8871 	EXP 	correctAnswer: autoDraw = False
211.8871 	EXP 	wrongAnswer: autoDraw = False
211.8871 	EXP 	corrColor_2: autoDraw = False
211.8871 	EXP 	RBGInfo_2: autoDraw = False
211.8871 	EXP 	R_2: autoDraw = False
211.8871 	EXP 	G_2: autoDraw = False
211.8871 	EXP 	B_2: autoDraw = False
211.8871 	EXP 	BaselineOverrideInfo: autoDraw = False
211.8871 	EXP 	text_11: autoDraw = True
212.0891 	DATA 	Mouse:  Left button up, pos=(1025,264)
212.2219 	EXP 	New trial (rep=0, index=8): <Trial 8 (8 in rep 0) data={'folder': '01-1', 'image': '022_Yellow.jpg', 'logical': True, 'corrColor': 'Yellow', 'corrR': 98, 'corrG': 91, 'corrB': 2, 'image_path': '01-1/022_Yellow_0.png', 'thisN': 8, 'thisTrialN': 8, 'thisRepN': 0}>
212.3193 	EXP 	text_11: autoDraw = False
212.3193 	EXP 	text_11: autoDraw = False
212.3193 	EXP 	img: foreColor = <psychopy.colors.Color: white, alpha=1.0>
212.3193 	EXP 	img: ori = np.float64(0.0)
212.3193 	EXP 	Instructions: text = 'Click the spacebar to shuffle through the filters to recognize the color.\nPress the button of the color you think it corresponds to.'
212.3193 	EXP 	R: height = np.float64(42.0)
212.3193 	EXP 	R: height = np.float64(42.0)
212.3193 	EXP 	R: height = np.float64(42.0)
212.3193 	EXP 	R: text = 98
212.3193 	EXP 	G: height = np.float64(42.0)
212.3193 	EXP 	G: height = np.float64(42.0)
212.3193 	EXP 	G: height = np.float64(42.0)
212.3193 	EXP 	G: text = 91
212.3193 	EXP 	B: height = np.float64(42.0)
212.3193 	EXP 	B: height = np.float64(42.0)
212.3193 	EXP 	B: height = np.float64(42.0)
212.3193 	EXP 	B: text = 2
212.3193 	EXP 	img: autoDraw = True
212.3193 	EXP 	Instructions: autoDraw = True
212.3193 	EXP 	RBGInfo: autoDraw = True
212.3193 	EXP 	R: autoDraw = True
212.3193 	EXP 	G: autoDraw = True
212.3193 	EXP 	B: autoDraw = True
222.5043 	DATA 	Mouse: Left button down, pos=(1628,577)
222.5187 	EXP 	img: autoDraw = False
222.5187 	EXP 	Instructions: autoDraw = False
222.5187 	EXP 	RBGInfo: autoDraw = False
222.5187 	EXP 	R: autoDraw = False
222.5187 	EXP 	G: autoDraw = False
222.5187 	EXP 	B: autoDraw = False
222.5187 	EXP 	text_8: autoDraw = True
222.6882 	DATA 	Mouse:  Left button up, pos=(1628,577)
222.8833 	EXP 	text_8: autoDraw = False
222.8833 	EXP 	text_8: autoDraw = False
222.8833 	EXP 	slider: markerPos = None
222.8833 	EXP 	slider: markerPos = 1
222.8833 	EXP 	slider: autoDraw = True
222.8833 	EXP 	text_9: autoDraw = True
222.8833 	EXP 	text_answer: autoDraw = True
224.6345 	DATA 	Mouse: Left button down, pos=(1400,562)
224.6668 	EXP 	slider: markerPos = np.float64(4.96)
224.7001 	EXP 	slider: markerPos = np.float64(4.96)
224.7199 	EXP 	slider: markerPos = np.float64(4.96)
224.7503 	EXP 	slider: markerPos = np.float64(4.96)
224.7837 	EXP 	slider: markerPos = np.float64(4.96)
224.8171 	EXP 	slider: markerPos = np.float64(4.96)
224.8501 	EXP 	slider: markerPos = np.float64(4.96)
224.8642 	DATA 	Mouse:  Left button up, pos=(1400,562)
224.8834 	EXP 	slider: markerPos = np.float64(4.96)
224.9164 	EXP 	slider: markerPos = 5.0
225.8183 	DATA 	Mouse: Left button down, pos=(1032,256)
225.8367 	EXP 	slider: autoDraw = False
225.8367 	EXP 	text_9: autoDraw = False
225.8367 	EXP 	text_answer: autoDraw = False
225.8367 	EXP 	text_8: autoDraw = True
226.0377 	DATA 	Mouse:  Left button up, pos=(1032,256)
226.2005 	INFO 	Keyboard events cleared
226.2003 	EXP 	text_8: autoDraw = False
226.2003 	EXP 	text_8: autoDraw = False
226.2003 	EXP 	corrColor_2: height = np.float64(56.0)
226.2003 	EXP 	corrColor_2: height = np.float64(56.0)
226.2003 	EXP 	corrColor_2: height = np.float64(56.0)
226.2003 	EXP 	corrColor_2: text = 'Yellow'
226.2003 	EXP 	R_2: height = np.float64(42.0)
226.2003 	EXP 	R_2: height = np.float64(42.0)
226.2003 	EXP 	R_2: height = np.float64(42.0)
226.2003 	EXP 	R_2: text = 98
226.2003 	EXP 	G_2: height = np.float64(42.0)
226.2003 	EXP 	G_2: height = np.float64(42.0)
226.2003 	EXP 	G_2: height = np.float64(42.0)
226.2003 	EXP 	G_2: text = 91
226.2003 	EXP 	B_2: height = np.float64(42.0)
226.2003 	EXP 	B_2: height = np.float64(42.0)
226.2003 	EXP 	B_2: height = np.float64(42.0)
226.2003 	EXP 	B_2: text = 2
226.2003 	EXP 	BaselineOverrideInfo: text = 'If you are exhausted from the experiment, press "P" to end it after this screen.\nOtherwise, please continue.'
226.2003 	EXP 	correctAnswer: autoDraw = True
226.2003 	EXP 	RBGInfo_2: autoDraw = True
226.2003 	EXP 	R_2: autoDraw = True
226.2003 	EXP 	G_2: autoDraw = True
226.2003 	EXP 	B_2: autoDraw = True
226.2003 	EXP 	BaselineOverrideInfo: autoDraw = True
227.2050 	DATA 	Mouse: Left button down, pos=(1032,256)
227.2205 	EXP 	correctAnswer: autoDraw = False
227.2205 	EXP 	wrongAnswer: autoDraw = False
227.2205 	EXP 	corrColor_2: autoDraw = False
227.2205 	EXP 	RBGInfo_2: autoDraw = False
227.2205 	EXP 	R_2: autoDraw = False
227.2205 	EXP 	G_2: autoDraw = False
227.2205 	EXP 	B_2: autoDraw = False
227.2205 	EXP 	BaselineOverrideInfo: autoDraw = False
227.2205 	EXP 	text_11: autoDraw = True
227.4208 	DATA 	Mouse:  Left button up, pos=(1032,256)
227.5689 	EXP 	New trial (rep=0, index=9): <Trial 9 (9 in rep 0) data={'folder': '01-1', 'image': '024_Green.jpg', 'logical': True, 'corrColor': 'Green', 'corrR': 2, 'corrG': 100, 'corrB': 1, 'image_path': '01-1/024_Green_0.png', 'thisN': 9, 'thisTrialN': 9, 'thisRepN': 0}>
227.6516 	EXP 	text_11: autoDraw = False
227.6516 	EXP 	img: foreColor = <psychopy.colors.Color: white, alpha=1.0>
227.6516 	EXP 	img: ori = np.float64(0.0)
227.6516 	EXP 	Instructions: text = 'Click the spacebar to shuffle through the filters to recognize the color.\nPress the button of the color you think it corresponds to.'
227.6516 	EXP 	R: height = np.float64(42.0)
227.6516 	EXP 	R: height = np.float64(42.0)
227.6516 	EXP 	R: height = np.float64(42.0)
227.6516 	EXP 	R: text = 2
227.6516 	EXP 	G: height = np.float64(42.0)
227.6516 	EXP 	G: height = np.float64(42.0)
227.6516 	EXP 	G: height = np.float64(42.0)
227.6516 	EXP 	G: text = 100
227.6516 	EXP 	B: height = np.float64(42.0)
227.6516 	EXP 	B: height = np.float64(42.0)
227.6516 	EXP 	B: height = np.float64(42.0)
227.6516 	EXP 	B: text = 1
227.6516 	EXP 	img: autoDraw = True
227.6516 	EXP 	Instructions: autoDraw = True
227.6516 	EXP 	RBGInfo: autoDraw = True
227.6516 	EXP 	R: autoDraw = True
227.6516 	EXP 	G: autoDraw = True
227.6516 	EXP 	B: autoDraw = True
234.1254 	DATA 	Mouse: Left button down, pos=(1611,399)
234.1349 	EXP 	img: autoDraw = False
234.1349 	EXP 	Instructions: autoDraw = False
234.1349 	EXP 	RBGInfo: autoDraw = False
234.1349 	EXP 	R: autoDraw = False
234.1349 	EXP 	G: autoDraw = False
234.1349 	EXP 	B: autoDraw = False
234.1349 	EXP 	text_8: autoDraw = True
234.2705 	DATA 	Mouse:  Left button up, pos=(1611,399)
234.5168 	EXP 	text_8: autoDraw = False
234.5168 	EXP 	text_8: autoDraw = False
234.5168 	EXP 	slider: markerPos = None
234.5168 	EXP 	slider: markerPos = 1
234.5168 	EXP 	slider: autoDraw = True
234.5168 	EXP 	text_9: autoDraw = True
234.5168 	EXP 	text_answer: autoDraw = True
235.5870 	DATA 	Mouse: Left button down, pos=(1400,569)
235.6169 	EXP 	slider: markerPos = np.float64(4.96)
235.6499 	EXP 	slider: markerPos = np.float64(4.96)
235.6834 	EXP 	slider: markerPos = np.float64(4.96)
235.7168 	EXP 	slider: markerPos = np.float64(4.96)
235.7499 	EXP 	slider: markerPos = np.float64(4.96)
235.7833 	EXP 	slider: markerPos = np.float64(4.96)
235.7963 	DATA 	Mouse:  Left button up, pos=(1400,569)
235.8161 	EXP 	slider: markerPos = np.float64(4.96)
235.8356 	EXP 	slider: markerPos = 5.0
236.9333 	DATA 	Mouse: Left button down, pos=(1021,270)
236.9698 	EXP 	slider: autoDraw = False
236.9698 	EXP 	text_9: autoDraw = False
236.9698 	EXP 	text_answer: autoDraw = False
236.9698 	EXP 	text_8: autoDraw = True
237.1708 	DATA 	Mouse:  Left button up, pos=(1021,270)
237.3329 	INFO 	Keyboard events cleared
237.3327 	EXP 	text_8: autoDraw = False
237.3327 	EXP 	corrColor_2: height = np.float64(56.0)
237.3327 	EXP 	corrColor_2: height = np.float64(56.0)
237.3327 	EXP 	corrColor_2: height = np.float64(56.0)
237.3327 	EXP 	corrColor_2: text = 'Green'
237.3327 	EXP 	R_2: height = np.float64(42.0)
237.3327 	EXP 	R_2: height = np.float64(42.0)
237.3327 	EXP 	R_2: height = np.float64(42.0)
237.3327 	EXP 	R_2: text = 2
237.3327 	EXP 	G_2: height = np.float64(42.0)
237.3327 	EXP 	G_2: height = np.float64(42.0)
237.3327 	EXP 	G_2: height = np.float64(42.0)
237.3327 	EXP 	G_2: text = 100
237.3327 	EXP 	B_2: height = np.float64(42.0)
237.3327 	EXP 	B_2: height = np.float64(42.0)
237.3327 	EXP 	B_2: height = np.float64(42.0)
237.3327 	EXP 	B_2: text = 1
237.3327 	EXP 	BaselineOverrideInfo: text = 'If you are exhausted from the experiment, press "P" to end it after this screen.\nOtherwise, please continue.'
237.3327 	EXP 	correctAnswer: autoDraw = True
237.3327 	EXP 	RBGInfo_2: autoDraw = True
237.3327 	EXP 	R_2: autoDraw = True
237.3327 	EXP 	G_2: autoDraw = True
237.3327 	EXP 	B_2: autoDraw = True
237.3327 	EXP 	BaselineOverrideInfo: autoDraw = True
238.2379 	DATA 	Mouse: Left button down, pos=(1021,270)
238.2526 	EXP 	correctAnswer: autoDraw = False
238.2526 	EXP 	wrongAnswer: autoDraw = False
238.2526 	EXP 	corrColor_2: autoDraw = False
238.2526 	EXP 	RBGInfo_2: autoDraw = False
238.2526 	EXP 	R_2: autoDraw = False
238.2526 	EXP 	G_2: autoDraw = False
238.2526 	EXP 	B_2: autoDraw = False
238.2526 	EXP 	BaselineOverrideInfo: autoDraw = False
238.2526 	EXP 	text_11: autoDraw = True
238.4537 	DATA 	Mouse:  Left button up, pos=(1021,270)
238.5865 	EXP 	New trial (rep=0, index=10): <Trial 10 (10 in rep 0) data={'folder': '01-1', 'image': '016_Yellow.jpg', 'logical': True, 'corrColor': 'Yellow', 'corrR': 98, 'corrG': 100, 'corrB': 11, 'image_path': '01-1/016_Yellow_0.png', 'thisN': 10, 'thisTrialN': 10, 'thisRepN': 0}>
238.6839 	EXP 	text_11: autoDraw = False
238.6839 	EXP 	text_11: autoDraw = False
238.6839 	EXP 	img: foreColor = <psychopy.colors.Color: white, alpha=1.0>
238.6839 	EXP 	img: ori = np.float64(0.0)
238.6839 	EXP 	Instructions: text = 'Click the spacebar to shuffle through the filters to recognize the color.\nPress the button of the color you think it corresponds to.'
238.6839 	EXP 	R: height = np.float64(42.0)
238.6839 	EXP 	R: height = np.float64(42.0)
238.6839 	EXP 	R: height = np.float64(42.0)
238.6839 	EXP 	R: text = 98
238.6839 	EXP 	G: height = np.float64(42.0)
238.6839 	EXP 	G: height = np.float64(42.0)
238.6839 	EXP 	G: height = np.float64(42.0)
238.6839 	EXP 	G: text = 100
238.6839 	EXP 	B: height = np.float64(42.0)
238.6839 	EXP 	B: height = np.float64(42.0)
238.6839 	EXP 	B: height = np.float64(42.0)
238.6839 	EXP 	B: text = 11
238.6839 	EXP 	img: autoDraw = True
238.6839 	EXP 	Instructions: autoDraw = True
238.6839 	EXP 	RBGInfo: autoDraw = True
238.6839 	EXP 	R: autoDraw = True
238.6839 	EXP 	G: autoDraw = True
238.6839 	EXP 	B: autoDraw = True
249.8395 	DATA 	Keypress: space
249.8414 	EXP 	Device response: <KeyPress from None: t=249.81266069994308, value=space, duration=None>
249.9700 	EXP 	Device response: <KeyPress from None: t=249.81266069994308, value=space, duration=0.13305380009114742>
250.4728 	DATA 	Keypress: space
250.4737 	EXP 	Device response: <KeyPress from None: t=250.39865049999207, value=space, duration=None>
250.5798 	EXP 	Device response: <KeyPress from None: t=250.39865049999207, value=space, duration=0.09798189997673035>
251.5499 	DATA 	Keypress: space
251.5519 	EXP 	Device response: <KeyPress from None: t=251.4708312000148, value=space, duration=None>
251.6654 	EXP 	Device response: <KeyPress from None: t=251.4708312000148, value=space, duration=0.15240860008634627>
252.8352 	DATA 	Keypress: space
252.9161 	EXP 	Device response: <KeyPress from None: t=252.83331320015714, value=space, duration=None>
253.0032 	EXP 	Device response: <KeyPress from None: t=252.83331320015714, value=space, duration=0.13401579996570945>
254.0513 	DATA 	Keypress: space
254.0517 	EXP 	Device response: <KeyPress from None: t=254.0314102000557, value=space, duration=None>
254.2350 	EXP 	Device response: <KeyPress from None: t=254.0314102000557, value=space, duration=0.10669300006702542>
254.5369 	DATA 	Keypress: space
254.5376 	EXP 	Device response: <KeyPress from None: t=254.53518639993854, value=space, duration=None>
254.6340 	EXP 	Device response: <KeyPress from None: t=254.53518639993854, value=space, duration=0.09778479998931289>
254.8064 	DATA 	Keypress: space
254.8067 	EXP 	Device response: <KeyPress from None: t=254.7766830001492, value=space, duration=None>
254.9016 	EXP 	Device response: <KeyPress from None: t=254.7766830001492, value=space, duration=0.10691979993134737>
262.6700 	DATA 	Mouse: Left button down, pos=(1628,585)
262.6840 	EXP 	img: autoDraw = False
262.6840 	EXP 	Instructions: autoDraw = False
262.6840 	EXP 	RBGInfo: autoDraw = False
262.6840 	EXP 	R: autoDraw = False
262.6840 	EXP 	G: autoDraw = False
262.6840 	EXP 	B: autoDraw = False
262.6840 	EXP 	text_8: autoDraw = True
262.8368 	DATA 	Mouse:  Left button up, pos=(1628,585)
263.0488 	EXP 	text_8: autoDraw = False
263.0488 	EXP 	text_8: autoDraw = False
263.0488 	EXP 	slider: markerPos = None
263.0488 	EXP 	slider: markerPos = 1
263.0488 	EXP 	slider: autoDraw = True
263.0488 	EXP 	text_9: autoDraw = True
263.0488 	EXP 	text_answer: autoDraw = True
264.7435 	DATA 	Mouse: Left button down, pos=(1395,576)
264.7982 	EXP 	slider: markerPos = np.float64(4.9399999999999995)
264.8316 	EXP 	slider: markerPos = np.float64(4.9399999999999995)
264.8648 	EXP 	slider: markerPos = np.float64(4.9399999999999995)
264.8982 	EXP 	slider: markerPos = np.float64(4.9399999999999995)
264.9314 	EXP 	slider: markerPos = np.float64(4.9399999999999995)
264.9651 	EXP 	slider: markerPos = np.float64(4.9399999999999995)
264.9776 	DATA 	Mouse:  Left button up, pos=(1395,576)
264.9977 	EXP 	slider: markerPos = np.float64(4.9399999999999995)
265.0171 	EXP 	slider: markerPos = 5.0
265.8584 	DATA 	Mouse: Left button down, pos=(1007,271)
265.9019 	EXP 	slider: autoDraw = False
265.9019 	EXP 	text_9: autoDraw = False
265.9019 	EXP 	text_answer: autoDraw = False
265.9019 	EXP 	text_8: autoDraw = True
266.0862 	DATA 	Mouse:  Left button up, pos=(1007,271)
266.2647 	INFO 	Keyboard events cleared
266.2645 	EXP 	text_8: autoDraw = False
266.2645 	EXP 	corrColor_2: height = np.float64(56.0)
266.2645 	EXP 	corrColor_2: height = np.float64(56.0)
266.2645 	EXP 	corrColor_2: height = np.float64(56.0)
266.2645 	EXP 	corrColor_2: text = 'Yellow'
266.2645 	EXP 	R_2: height = np.float64(42.0)
266.2645 	EXP 	R_2: height = np.float64(42.0)
266.2645 	EXP 	R_2: height = np.float64(42.0)
266.2645 	EXP 	R_2: text = 98
266.2645 	EXP 	G_2: height = np.float64(42.0)
266.2645 	EXP 	G_2: height = np.float64(42.0)
266.2645 	EXP 	G_2: height = np.float64(42.0)
266.2645 	EXP 	G_2: text = 100
266.2645 	EXP 	B_2: height = np.float64(42.0)
266.2645 	EXP 	B_2: height = np.float64(42.0)
266.2645 	EXP 	B_2: height = np.float64(42.0)
266.2645 	EXP 	B_2: text = 11
266.2645 	EXP 	BaselineOverrideInfo: text = 'If you are exhausted from the experiment, press "P" to end it after this screen.\nOtherwise, please continue.'
266.2645 	EXP 	correctAnswer: autoDraw = True
266.2645 	EXP 	RBGInfo_2: autoDraw = True
266.2645 	EXP 	R_2: autoDraw = True
266.2645 	EXP 	G_2: autoDraw = True
266.2645 	EXP 	B_2: autoDraw = True
266.2645 	EXP 	BaselineOverrideInfo: autoDraw = True
267.6860 	DATA 	Mouse: Left button down, pos=(1007,271)
267.7006 	EXP 	correctAnswer: autoDraw = False
267.7006 	EXP 	wrongAnswer: autoDraw = False
267.7006 	EXP 	corrColor_2: autoDraw = False
267.7006 	EXP 	RBGInfo_2: autoDraw = False
267.7006 	EXP 	R_2: autoDraw = False
267.7006 	EXP 	G_2: autoDraw = False
267.7006 	EXP 	B_2: autoDraw = False
267.7006 	EXP 	BaselineOverrideInfo: autoDraw = False
267.7006 	EXP 	text_11: autoDraw = True
267.9186 	DATA 	Mouse:  Left button up, pos=(1007,271)
268.0342 	EXP 	New trial (rep=0, index=11): <Trial 11 (11 in rep 0) data={'folder': '01-1', 'image': '024_Blue.jpg', 'logical': True, 'corrColor': 'Blue', 'corrR': 2, 'corrG': 2, 'corrB': 100, 'image_path': '01-1/024_Blue_0.png', 'thisN': 11, 'thisTrialN': 11, 'thisRepN': 0}>
268.1156 	EXP 	text_11: autoDraw = False
268.1156 	EXP 	text_11: autoDraw = False
268.1156 	EXP 	img: foreColor = <psychopy.colors.Color: white, alpha=1.0>
268.1156 	EXP 	img: ori = np.float64(0.0)
268.1156 	EXP 	Instructions: text = 'Click the spacebar to shuffle through the filters to recognize the color.\nPress the button of the color you think it corresponds to.'
268.1156 	EXP 	R: height = np.float64(42.0)
268.1156 	EXP 	R: height = np.float64(42.0)
268.1156 	EXP 	R: height = np.float64(42.0)
268.1156 	EXP 	R: text = 2
268.1156 	EXP 	G: height = np.float64(42.0)
268.1156 	EXP 	G: height = np.float64(42.0)
268.1156 	EXP 	G: height = np.float64(42.0)
268.1156 	EXP 	G: text = 2
268.1156 	EXP 	B: height = np.float64(42.0)
268.1156 	EXP 	B: height = np.float64(42.0)
268.1156 	EXP 	B: height = np.float64(42.0)
268.1156 	EXP 	B: text = 100
268.1156 	EXP 	img: autoDraw = True
268.1156 	EXP 	Instructions: autoDraw = True
268.1156 	EXP 	RBGInfo: autoDraw = True
268.1156 	EXP 	R: autoDraw = True
268.1156 	EXP 	G: autoDraw = True
268.1156 	EXP 	B: autoDraw = True
274.5122 	DATA 	Mouse: Left button down, pos=(1671,648)
274.6162 	EXP 	img: autoDraw = False
274.6162 	EXP 	Instructions: autoDraw = False
274.6162 	EXP 	RBGInfo: autoDraw = False
274.6162 	EXP 	R: autoDraw = False
274.6162 	EXP 	G: autoDraw = False
274.6162 	EXP 	B: autoDraw = False
274.6162 	EXP 	text_8: autoDraw = True
274.7371 	DATA 	Mouse:  Left button up, pos=(1671,648)
274.9816 	EXP 	text_8: autoDraw = False
274.9816 	EXP 	slider: markerPos = None
274.9816 	EXP 	slider: markerPos = 1
274.9816 	EXP 	slider: autoDraw = True
274.9816 	EXP 	text_9: autoDraw = True
274.9816 	EXP 	text_answer: autoDraw = True
276.1425 	DATA 	Mouse: Left button down, pos=(1437,583)
276.1816 	EXP 	slider: markerPos = np.float64(5.1080000000000005)
276.2150 	EXP 	slider: markerPos = np.float64(5.1080000000000005)
276.2483 	EXP 	slider: markerPos = np.float64(5.1080000000000005)
276.2685 	EXP 	slider: markerPos = np.float64(5.1080000000000005)
276.2984 	EXP 	slider: markerPos = np.float64(5.1080000000000005)
276.3317 	EXP 	slider: markerPos = np.float64(5.1080000000000005)
276.3647 	EXP 	slider: markerPos = np.float64(5.1080000000000005)
276.3659 	DATA 	Mouse:  Left button up, pos=(1437,583)
276.3847 	EXP 	slider: markerPos = 5.0
277.4911 	DATA 	Mouse: Left button down, pos=(945,240)
277.5347 	EXP 	slider: autoDraw = False
277.5347 	EXP 	text_9: autoDraw = False
277.5347 	EXP 	text_answer: autoDraw = False
277.5347 	EXP 	text_8: autoDraw = True
277.7202 	DATA 	Mouse:  Left button up, pos=(945,240)
277.8980 	INFO 	Keyboard events cleared
277.8979 	EXP 	text_8: autoDraw = False
277.8979 	EXP 	corrColor_2: height = np.float64(56.0)
277.8979 	EXP 	corrColor_2: height = np.float64(56.0)
277.8979 	EXP 	corrColor_2: height = np.float64(56.0)
277.8979 	EXP 	corrColor_2: text = 'Blue'
277.8979 	EXP 	R_2: height = np.float64(42.0)
277.8979 	EXP 	R_2: height = np.float64(42.0)
277.8979 	EXP 	R_2: height = np.float64(42.0)
277.8979 	EXP 	R_2: text = 2
277.8979 	EXP 	G_2: height = np.float64(42.0)
277.8979 	EXP 	G_2: height = np.float64(42.0)
277.8979 	EXP 	G_2: height = np.float64(42.0)
277.8979 	EXP 	G_2: text = 2
277.8979 	EXP 	B_2: height = np.float64(42.0)
277.8979 	EXP 	B_2: height = np.float64(42.0)
277.8979 	EXP 	B_2: height = np.float64(42.0)
277.8979 	EXP 	B_2: text = 100
277.8979 	EXP 	BaselineOverrideInfo: text = 'If you are exhausted from the experiment, press "P" to end it after this screen.\nOtherwise, please continue.'
277.8979 	EXP 	correctAnswer: autoDraw = True
277.8979 	EXP 	RBGInfo_2: autoDraw = True
277.8979 	EXP 	R_2: autoDraw = True
277.8979 	EXP 	G_2: autoDraw = True
277.8979 	EXP 	B_2: autoDraw = True
277.8979 	EXP 	BaselineOverrideInfo: autoDraw = True
278.6200 	DATA 	Mouse: Left button down, pos=(945,240)
278.6340 	EXP 	correctAnswer: autoDraw = False
278.6340 	EXP 	wrongAnswer: autoDraw = False
278.6340 	EXP 	corrColor_2: autoDraw = False
278.6340 	EXP 	RBGInfo_2: autoDraw = False
278.6340 	EXP 	R_2: autoDraw = False
278.6340 	EXP 	G_2: autoDraw = False
278.6340 	EXP 	B_2: autoDraw = False
278.6340 	EXP 	BaselineOverrideInfo: autoDraw = False
278.6340 	EXP 	text_11: autoDraw = True
278.8528 	DATA 	Mouse:  Left button up, pos=(945,240)
278.9728 	EXP 	New trial (rep=0, index=12): <Trial 12 (12 in rep 0) data={'folder': '01-1', 'image': '018_Red.jpg', 'logical': True, 'corrColor': 'Red', 'corrR': 97, 'corrG': 0, 'corrB': 11, 'image_path': '01-1/018_Red_0.png', 'thisN': 12, 'thisTrialN': 12, 'thisRepN': 0}>
279.0654 	EXP 	text_11: autoDraw = False
279.0654 	EXP 	text_11: autoDraw = False
279.0654 	EXP 	img: foreColor = <psychopy.colors.Color: white, alpha=1.0>
279.0654 	EXP 	img: ori = np.float64(0.0)
279.0654 	EXP 	Instructions: text = 'Click the spacebar to shuffle through the filters to recognize the color.\nPress the button of the color you think it corresponds to.'
279.0654 	EXP 	R: height = np.float64(42.0)
279.0654 	EXP 	R: height = np.float64(42.0)
279.0654 	EXP 	R: height = np.float64(42.0)
279.0654 	EXP 	R: text = 97
279.0654 	EXP 	G: height = np.float64(42.0)
279.0654 	EXP 	G: height = np.float64(42.0)
279.0654 	EXP 	G: height = np.float64(42.0)
279.0654 	EXP 	G: text = 0
279.0654 	EXP 	B: height = np.float64(42.0)
279.0654 	EXP 	B: height = np.float64(42.0)
279.0654 	EXP 	B: height = np.float64(42.0)
279.0654 	EXP 	B: text = 11
279.0654 	EXP 	img: autoDraw = True
279.0654 	EXP 	Instructions: autoDraw = True
279.0654 	EXP 	RBGInfo: autoDraw = True
279.0654 	EXP 	R: autoDraw = True
279.0654 	EXP 	G: autoDraw = True
279.0654 	EXP 	B: autoDraw = True
294.0121 	DATA 	Keypress: space
294.0127 	EXP 	Device response: <KeyPress from None: t=293.98903269995935, value=space, duration=None>
294.1646 	EXP 	Device response: <KeyPress from None: t=293.98903269995935, value=space, duration=0.13444850011728704>
295.8526 	DATA 	Keypress: space
295.8530 	EXP 	Device response: <KeyPress from None: t=295.8333738001529, value=space, duration=None>
295.9499 	EXP 	Device response: <KeyPress from None: t=295.8333738001529, value=space, duration=0.11591389984823763>
302.4990 	DATA 	Mouse: Left button down, pos=(1617,325)
302.5983 	EXP 	img: autoDraw = False
302.5983 	EXP 	Instructions: autoDraw = False
302.5983 	EXP 	RBGInfo: autoDraw = False
302.5983 	EXP 	R: autoDraw = False
302.5983 	EXP 	G: autoDraw = False
302.5983 	EXP 	B: autoDraw = False
302.5983 	EXP 	text_8: autoDraw = True
302.7201 	DATA 	Mouse:  Left button up, pos=(1617,325)
302.9634 	EXP 	text_8: autoDraw = False
302.9634 	EXP 	slider: markerPos = None
302.9634 	EXP 	slider: markerPos = 1
302.9634 	EXP 	slider: autoDraw = True
302.9634 	EXP 	text_9: autoDraw = True
302.9634 	EXP 	text_answer: autoDraw = True
304.4573 	DATA 	Mouse: Left button down, pos=(1163,582)
304.4965 	EXP 	slider: markerPos = np.float64(4.0120000000000005)
304.5300 	EXP 	slider: markerPos = np.float64(4.0120000000000005)
304.5635 	EXP 	slider: markerPos = np.float64(4.0120000000000005)
304.5967 	EXP 	slider: markerPos = np.float64(4.0120000000000005)
304.6303 	EXP 	slider: markerPos = np.float64(4.0120000000000005)
304.6635 	EXP 	slider: markerPos = np.float64(4.0120000000000005)
304.6969 	EXP 	slider: markerPos = np.float64(4.0120000000000005)
304.6989 	DATA 	Mouse:  Left button up, pos=(1163,582)
304.7301 	EXP 	slider: markerPos = 4.0
306.2994 	DATA 	Mouse: Left button down, pos=(992,240)
306.3160 	EXP 	slider: autoDraw = False
306.3160 	EXP 	text_9: autoDraw = False
306.3160 	EXP 	text_answer: autoDraw = False
306.3160 	EXP 	text_8: autoDraw = True
306.5333 	DATA 	Mouse:  Left button up, pos=(992,240)
306.6802 	INFO 	Keyboard events cleared
306.6800 	EXP 	text_8: autoDraw = False
306.6800 	EXP 	text_8: autoDraw = False
306.6800 	EXP 	corrColor_2: height = np.float64(56.0)
306.6800 	EXP 	corrColor_2: height = np.float64(56.0)
306.6800 	EXP 	corrColor_2: height = np.float64(56.0)
306.6800 	EXP 	corrColor_2: text = 'Red'
306.6800 	EXP 	R_2: height = np.float64(42.0)
306.6800 	EXP 	R_2: height = np.float64(42.0)
306.6800 	EXP 	R_2: height = np.float64(42.0)
306.6800 	EXP 	R_2: text = 97
306.6800 	EXP 	G_2: height = np.float64(42.0)
306.6800 	EXP 	G_2: height = np.float64(42.0)
306.6800 	EXP 	G_2: height = np.float64(42.0)
306.6800 	EXP 	G_2: text = 0
306.6800 	EXP 	B_2: height = np.float64(42.0)
306.6800 	EXP 	B_2: height = np.float64(42.0)
306.6800 	EXP 	B_2: height = np.float64(42.0)
306.6800 	EXP 	B_2: text = 11
306.6800 	EXP 	BaselineOverrideInfo: text = 'If you are exhausted from the experiment, press "P" to end it after this screen.\nOtherwise, please continue.'
306.6800 	EXP 	correctAnswer: autoDraw = True
306.6800 	EXP 	RBGInfo_2: autoDraw = True
306.6800 	EXP 	R_2: autoDraw = True
306.6800 	EXP 	G_2: autoDraw = True
306.6800 	EXP 	B_2: autoDraw = True
306.6800 	EXP 	BaselineOverrideInfo: autoDraw = True
308.2677 	DATA 	Mouse: Left button down, pos=(992,240)
308.2820 	EXP 	correctAnswer: autoDraw = False
308.2820 	EXP 	wrongAnswer: autoDraw = False
308.2820 	EXP 	corrColor_2: autoDraw = False
308.2820 	EXP 	RBGInfo_2: autoDraw = False
308.2820 	EXP 	R_2: autoDraw = False
308.2820 	EXP 	G_2: autoDraw = False
308.2820 	EXP 	B_2: autoDraw = False
308.2820 	EXP 	BaselineOverrideInfo: autoDraw = False
308.2820 	EXP 	text_11: autoDraw = True
308.4992 	DATA 	Mouse:  Left button up, pos=(992,240)
308.6160 	EXP 	New trial (rep=0, index=13): <Trial 13 (13 in rep 0) data={'folder': '01-1', 'image': '016_Purple.jpg', 'logical': True, 'corrColor': 'Purple', 'corrR': 64, 'corrG': 0, 'corrB': 92, 'image_path': '01-1/016_Purple_0.png', 'thisN': 13, 'thisTrialN': 13, 'thisRepN': 0}>
308.7136 	EXP 	text_11: autoDraw = False
308.7136 	EXP 	text_11: autoDraw = False
308.7136 	EXP 	img: foreColor = <psychopy.colors.Color: white, alpha=1.0>
308.7136 	EXP 	img: ori = np.float64(0.0)
308.7136 	EXP 	Instructions: text = 'Click the spacebar to shuffle through the filters to recognize the color.\nPress the button of the color you think it corresponds to.'
308.7136 	EXP 	R: height = np.float64(42.0)
308.7136 	EXP 	R: height = np.float64(42.0)
308.7136 	EXP 	R: height = np.float64(42.0)
308.7136 	EXP 	R: text = 64
308.7136 	EXP 	G: height = np.float64(42.0)
308.7136 	EXP 	G: height = np.float64(42.0)
308.7136 	EXP 	G: height = np.float64(42.0)
308.7136 	EXP 	G: text = 0
308.7136 	EXP 	B: height = np.float64(42.0)
308.7136 	EXP 	B: height = np.float64(42.0)
308.7136 	EXP 	B: height = np.float64(42.0)
308.7136 	EXP 	B: text = 92
308.7136 	EXP 	img: autoDraw = True
308.7136 	EXP 	Instructions: autoDraw = True
308.7136 	EXP 	RBGInfo: autoDraw = True
308.7136 	EXP 	R: autoDraw = True
308.7136 	EXP 	G: autoDraw = True
308.7136 	EXP 	B: autoDraw = True
332.5956 	DATA 	Mouse: Left button down, pos=(1624,506)
332.6140 	EXP 	img: autoDraw = False
332.6140 	EXP 	Instructions: autoDraw = False
332.6140 	EXP 	RBGInfo: autoDraw = False
332.6140 	EXP 	R: autoDraw = False
332.6140 	EXP 	G: autoDraw = False
332.6140 	EXP 	B: autoDraw = False
332.6140 	EXP 	text_8: autoDraw = True
332.7514 	DATA 	Mouse:  Left button up, pos=(1624,506)
332.9790 	EXP 	text_8: autoDraw = False
332.9790 	EXP 	slider: markerPos = None
332.9790 	EXP 	slider: markerPos = 1
332.9790 	EXP 	slider: autoDraw = True
332.9790 	EXP 	text_9: autoDraw = True
332.9790 	EXP 	text_answer: autoDraw = True
334.9469 	DATA 	Mouse: Left button down, pos=(1163,589)
334.9793 	EXP 	slider: markerPos = np.float64(4.0120000000000005)
335.0127 	EXP 	slider: markerPos = np.float64(4.0120000000000005)
335.0458 	EXP 	slider: markerPos = np.float64(4.0120000000000005)
335.0793 	EXP 	slider: markerPos = np.float64(4.0120000000000005)
335.1125 	EXP 	slider: markerPos = np.float64(4.0120000000000005)
335.1459 	EXP 	slider: markerPos = np.float64(4.0120000000000005)
335.1636 	DATA 	Mouse:  Left button up, pos=(1163,589)
335.1792 	EXP 	slider: markerPos = np.float64(4.0120000000000005)
335.2122 	EXP 	slider: markerPos = 4.0
337.2433 	DATA 	Mouse: Left button down, pos=(1001,235)
337.2827 	EXP 	slider: autoDraw = False
337.2827 	EXP 	text_9: autoDraw = False
337.2827 	EXP 	text_answer: autoDraw = False
337.2827 	EXP 	text_8: autoDraw = True
337.4833 	DATA 	Mouse:  Left button up, pos=(1001,235)
337.6456 	INFO 	Keyboard events cleared
337.6455 	EXP 	text_8: autoDraw = False
337.6455 	EXP 	corrColor_2: height = np.float64(56.0)
337.6455 	EXP 	corrColor_2: height = np.float64(56.0)
337.6455 	EXP 	corrColor_2: height = np.float64(56.0)
337.6455 	EXP 	corrColor_2: text = 'Purple'
337.6455 	EXP 	R_2: height = np.float64(42.0)
337.6455 	EXP 	R_2: height = np.float64(42.0)
337.6455 	EXP 	R_2: height = np.float64(42.0)
337.6455 	EXP 	R_2: text = 64
337.6455 	EXP 	G_2: height = np.float64(42.0)
337.6455 	EXP 	G_2: height = np.float64(42.0)
337.6455 	EXP 	G_2: height = np.float64(42.0)
337.6455 	EXP 	G_2: text = 0
337.6455 	EXP 	B_2: height = np.float64(42.0)
337.6455 	EXP 	B_2: height = np.float64(42.0)
337.6455 	EXP 	B_2: height = np.float64(42.0)
337.6455 	EXP 	B_2: text = 92
337.6455 	EXP 	BaselineOverrideInfo: text = 'If you are exhausted from the experiment, press "P" to end it after this screen.\nOtherwise, please continue.'
337.6455 	EXP 	correctAnswer: autoDraw = True
337.6455 	EXP 	RBGInfo_2: autoDraw = True
337.6455 	EXP 	R_2: autoDraw = True
337.6455 	EXP 	G_2: autoDraw = True
337.6455 	EXP 	B_2: autoDraw = True
337.6455 	EXP 	BaselineOverrideInfo: autoDraw = True
338.7684 	DATA 	Mouse: Left button down, pos=(1001,235)
338.7985 	EXP 	correctAnswer: autoDraw = False
338.7985 	EXP 	wrongAnswer: autoDraw = False
338.7985 	EXP 	corrColor_2: autoDraw = False
338.7985 	EXP 	RBGInfo_2: autoDraw = False
338.7985 	EXP 	R_2: autoDraw = False
338.7985 	EXP 	G_2: autoDraw = False
338.7985 	EXP 	B_2: autoDraw = False
338.7985 	EXP 	BaselineOverrideInfo: autoDraw = False
338.7985 	EXP 	text_11: autoDraw = True
339.0006 	DATA 	Mouse:  Left button up, pos=(1001,235)
339.1335 	EXP 	New trial (rep=0, index=14): <Trial 14 (14 in rep 0) data={'folder': '01-1', 'image': '023_Red.jpg', 'logical': True, 'corrColor': 'Red', 'corrR': 100, 'corrG': 0, 'corrB': 1, 'image_path': '01-1/023_Red_0.png', 'thisN': 14, 'thisTrialN': 14, 'thisRepN': 0}>
339.2642 	EXP 	text_11: autoDraw = False
339.2642 	EXP 	text_11: autoDraw = False
339.2642 	EXP 	img: foreColor = <psychopy.colors.Color: white, alpha=1.0>
339.2642 	EXP 	img: ori = np.float64(0.0)
339.2642 	EXP 	Instructions: text = 'Click the spacebar to shuffle through the filters to recognize the color.\nPress the button of the color you think it corresponds to.'
339.2642 	EXP 	R: height = np.float64(42.0)
339.2642 	EXP 	R: height = np.float64(42.0)
339.2642 	EXP 	R: height = np.float64(42.0)
339.2642 	EXP 	R: text = 100
339.2642 	EXP 	G: height = np.float64(42.0)
339.2642 	EXP 	G: height = np.float64(42.0)
339.2642 	EXP 	G: height = np.float64(42.0)
339.2642 	EXP 	G: text = 0
339.2642 	EXP 	B: height = np.float64(42.0)
339.2642 	EXP 	B: height = np.float64(42.0)
339.2642 	EXP 	B: height = np.float64(42.0)
339.2642 	EXP 	B: text = 1
339.2642 	EXP 	img: autoDraw = True
339.2642 	EXP 	Instructions: autoDraw = True
339.2642 	EXP 	RBGInfo: autoDraw = True
339.2642 	EXP 	R: autoDraw = True
339.2642 	EXP 	G: autoDraw = True
339.2642 	EXP 	B: autoDraw = True
344.0392 	DATA 	Mouse: Left button down, pos=(1605,341)
344.0461 	EXP 	img: autoDraw = False
344.0461 	EXP 	Instructions: autoDraw = False
344.0461 	EXP 	RBGInfo: autoDraw = False
344.0461 	EXP 	R: autoDraw = False
344.0461 	EXP 	G: autoDraw = False
344.0461 	EXP 	B: autoDraw = False
344.0461 	EXP 	text_8: autoDraw = True
344.2008 	DATA 	Mouse:  Left button up, pos=(1605,341)
344.4120 	EXP 	text_8: autoDraw = False
344.4120 	EXP 	text_8: autoDraw = False
344.4120 	EXP 	slider: markerPos = None
344.4120 	EXP 	slider: markerPos = 1
344.4120 	EXP 	slider: autoDraw = True
344.4120 	EXP 	text_9: autoDraw = True
344.4120 	EXP 	text_answer: autoDraw = True
345.8803 	DATA 	Mouse: Left button down, pos=(1387,556)
345.9122 	EXP 	slider: markerPos = np.float64(4.9079999999999995)
345.9456 	EXP 	slider: markerPos = np.float64(4.9079999999999995)
345.9786 	EXP 	slider: markerPos = np.float64(4.9079999999999995)
346.0119 	EXP 	slider: markerPos = np.float64(4.9079999999999995)
346.0454 	EXP 	slider: markerPos = np.float64(4.9079999999999995)
346.0784 	EXP 	slider: markerPos = np.float64(4.9079999999999995)
346.0990 	EXP 	slider: markerPos = np.float64(4.9079999999999995)
346.1002 	DATA 	Mouse:  Left button up, pos=(1387,556)
346.1288 	EXP 	slider: markerPos = 5.0
347.2275 	DATA 	Mouse: Left button down, pos=(1021,265)
347.2655 	EXP 	slider: autoDraw = False
347.2655 	EXP 	text_9: autoDraw = False
347.2655 	EXP 	text_answer: autoDraw = False
347.2655 	EXP 	text_8: autoDraw = True
347.4672 	DATA 	Mouse:  Left button up, pos=(1021,265)
347.6290 	INFO 	Keyboard events cleared
347.6289 	EXP 	text_8: autoDraw = False
347.6289 	EXP 	corrColor_2: height = np.float64(56.0)
347.6289 	EXP 	corrColor_2: height = np.float64(56.0)
347.6289 	EXP 	corrColor_2: height = np.float64(56.0)
347.6289 	EXP 	corrColor_2: text = 'Red'
347.6289 	EXP 	R_2: height = np.float64(42.0)
347.6289 	EXP 	R_2: height = np.float64(42.0)
347.6289 	EXP 	R_2: height = np.float64(42.0)
347.6289 	EXP 	R_2: text = 100
347.6289 	EXP 	G_2: height = np.float64(42.0)
347.6289 	EXP 	G_2: height = np.float64(42.0)
347.6289 	EXP 	G_2: height = np.float64(42.0)
347.6289 	EXP 	G_2: text = 0
347.6289 	EXP 	B_2: height = np.float64(42.0)
347.6289 	EXP 	B_2: height = np.float64(42.0)
347.6289 	EXP 	B_2: height = np.float64(42.0)
347.6289 	EXP 	B_2: text = 1
347.6289 	EXP 	BaselineOverrideInfo: text = 'If you are exhausted from the experiment, press "P" to end it after this screen.\nOtherwise, please continue.'
347.6289 	EXP 	correctAnswer: autoDraw = True
347.6289 	EXP 	RBGInfo_2: autoDraw = True
347.6289 	EXP 	R_2: autoDraw = True
347.6289 	EXP 	G_2: autoDraw = True
347.6289 	EXP 	B_2: autoDraw = True
347.6289 	EXP 	BaselineOverrideInfo: autoDraw = True
348.5164 	DATA 	Mouse: Left button down, pos=(1021,265)
348.5311 	EXP 	correctAnswer: autoDraw = False
348.5311 	EXP 	wrongAnswer: autoDraw = False
348.5311 	EXP 	corrColor_2: autoDraw = False
348.5311 	EXP 	RBGInfo_2: autoDraw = False
348.5311 	EXP 	R_2: autoDraw = False
348.5311 	EXP 	G_2: autoDraw = False
348.5311 	EXP 	B_2: autoDraw = False
348.5311 	EXP 	BaselineOverrideInfo: autoDraw = False
348.5311 	EXP 	text_11: autoDraw = True
348.7339 	DATA 	Mouse:  Left button up, pos=(1021,265)
348.8656 	EXP 	New trial (rep=0, index=15): <Trial 15 (15 in rep 0) data={'folder': '01-1', 'image': '007_Blue.jpg', 'logical': True, 'corrColor': 'Blue', 'corrR': 0, 'corrG': 2, 'corrB': 97, 'image_path': '01-1/007_Blue_0.png', 'thisN': 15, 'thisTrialN': 15, 'thisRepN': 0}>
348.9803 	EXP 	text_11: autoDraw = False
348.9803 	EXP 	text_11: autoDraw = False
348.9803 	EXP 	img: foreColor = <psychopy.colors.Color: white, alpha=1.0>
348.9803 	EXP 	img: ori = np.float64(0.0)
348.9803 	EXP 	Instructions: text = 'Click the spacebar to shuffle through the filters to recognize the color.\nPress the button of the color you think it corresponds to.'
348.9803 	EXP 	R: height = np.float64(42.0)
348.9803 	EXP 	R: height = np.float64(42.0)
348.9803 	EXP 	R: height = np.float64(42.0)
348.9803 	EXP 	R: text = 0
348.9803 	EXP 	G: height = np.float64(42.0)
348.9803 	EXP 	G: height = np.float64(42.0)
348.9803 	EXP 	G: height = np.float64(42.0)
348.9803 	EXP 	G: text = 2
348.9803 	EXP 	B: height = np.float64(42.0)
348.9803 	EXP 	B: height = np.float64(42.0)
348.9803 	EXP 	B: height = np.float64(42.0)
348.9803 	EXP 	B: text = 97
348.9803 	EXP 	img: autoDraw = True
348.9803 	EXP 	Instructions: autoDraw = True
348.9803 	EXP 	RBGInfo: autoDraw = True
348.9803 	EXP 	R: autoDraw = True
348.9803 	EXP 	G: autoDraw = True
348.9803 	EXP 	B: autoDraw = True
353.6913 	DATA 	Keypress: space
353.6919 	EXP 	Device response: <KeyPress from None: t=353.6900824001059, value=space, duration=None>
353.8726 	EXP 	Device response: <KeyPress from None: t=353.6900824001059, value=space, duration=0.1428588000126183>
357.6968 	DATA 	Keypress: space
357.6971 	EXP 	Device response: <KeyPress from None: t=357.6450366000645, value=space, duration=None>
357.8167 	EXP 	Device response: <KeyPress from None: t=357.6450366000645, value=space, duration=0.12528899987228215>
359.6052 	DATA 	Keypress: space
359.6064 	EXP 	Device response: <KeyPress from None: t=359.5964856001083, value=space, duration=None>
359.7898 	EXP 	Device response: <KeyPress from None: t=359.5964856001083, value=space, duration=0.13356409990228713>
368.9198 	DATA 	Mouse: Left button down, pos=(1636,651)
368.9300 	EXP 	img: autoDraw = False
368.9300 	EXP 	Instructions: autoDraw = False
368.9300 	EXP 	RBGInfo: autoDraw = False
368.9300 	EXP 	R: autoDraw = False
368.9300 	EXP 	G: autoDraw = False
368.9300 	EXP 	B: autoDraw = False
368.9300 	EXP 	text_8: autoDraw = True
369.1519 	DATA 	Mouse:  Left button up, pos=(1636,651)
369.2952 	EXP 	text_8: autoDraw = False
369.2952 	EXP 	text_8: autoDraw = False
369.2952 	EXP 	slider: markerPos = None
369.2952 	EXP 	slider: markerPos = 1
369.2952 	EXP 	slider: autoDraw = True
369.2952 	EXP 	text_9: autoDraw = True
369.2952 	EXP 	text_answer: autoDraw = True
370.3134 	DATA 	Mouse: Left button down, pos=(1391,514)
370.5271 	DATA 	Mouse:  Left button up, pos=(1391,514)
371.5239 	DATA 	Mouse: Left button down, pos=(1422,584)
371.5777 	EXP 	slider: markerPos = np.float64(5.048)
371.6110 	EXP 	slider: markerPos = np.float64(5.048)
371.6319 	EXP 	slider: markerPos = np.float64(5.048)
371.6614 	EXP 	slider: markerPos = np.float64(5.048)
371.6944 	EXP 	slider: markerPos = np.float64(5.048)
371.7278 	EXP 	slider: markerPos = np.float64(5.048)
371.7610 	EXP 	slider: markerPos = np.float64(5.048)
371.7631 	DATA 	Mouse:  Left button up, pos=(1422,584)
371.7940 	EXP 	slider: markerPos = 5.0
372.8961 	DATA 	Mouse: Left button down, pos=(1015,270)
372.9135 	EXP 	slider: autoDraw = False
372.9135 	EXP 	text_9: autoDraw = False
372.9135 	EXP 	text_answer: autoDraw = False
372.9135 	EXP 	text_8: autoDraw = True
373.1144 	DATA 	Mouse:  Left button up, pos=(1015,270)
373.2783 	INFO 	Keyboard events cleared
373.2781 	EXP 	text_8: autoDraw = False
373.2781 	EXP 	text_8: autoDraw = False
373.2781 	EXP 	corrColor_2: height = np.float64(56.0)
373.2781 	EXP 	corrColor_2: height = np.float64(56.0)
373.2781 	EXP 	corrColor_2: height = np.float64(56.0)
373.2781 	EXP 	corrColor_2: text = 'Blue'
373.2781 	EXP 	R_2: height = np.float64(42.0)
373.2781 	EXP 	R_2: height = np.float64(42.0)
373.2781 	EXP 	R_2: height = np.float64(42.0)
373.2781 	EXP 	R_2: text = 0
373.2781 	EXP 	G_2: height = np.float64(42.0)
373.2781 	EXP 	G_2: height = np.float64(42.0)
373.2781 	EXP 	G_2: height = np.float64(42.0)
373.2781 	EXP 	G_2: text = 2
373.2781 	EXP 	B_2: height = np.float64(42.0)
373.2781 	EXP 	B_2: height = np.float64(42.0)
373.2781 	EXP 	B_2: height = np.float64(42.0)
373.2781 	EXP 	B_2: text = 97
373.2781 	EXP 	BaselineOverrideInfo: text = 'If you are exhausted from the experiment, press "P" to end it after this screen.\nOtherwise, please continue.'
373.2781 	EXP 	correctAnswer: autoDraw = True
373.2781 	EXP 	RBGInfo_2: autoDraw = True
373.2781 	EXP 	R_2: autoDraw = True
373.2781 	EXP 	G_2: autoDraw = True
373.2781 	EXP 	B_2: autoDraw = True
373.2781 	EXP 	BaselineOverrideInfo: autoDraw = True
373.9676 	DATA 	Mouse: Left button down, pos=(1015,270)
373.9808 	EXP 	correctAnswer: autoDraw = False
373.9808 	EXP 	wrongAnswer: autoDraw = False
373.9808 	EXP 	corrColor_2: autoDraw = False
373.9808 	EXP 	RBGInfo_2: autoDraw = False
373.9808 	EXP 	R_2: autoDraw = False
373.9808 	EXP 	G_2: autoDraw = False
373.9808 	EXP 	B_2: autoDraw = False
373.9808 	EXP 	BaselineOverrideInfo: autoDraw = False
373.9808 	EXP 	text_11: autoDraw = True
374.1807 	DATA 	Mouse:  Left button up, pos=(1015,270)
374.3144 	EXP 	New trial (rep=0, index=16): <Trial 16 (16 in rep 0) data={'folder': '01-1', 'image': '009_Green.jpg', 'logical': True, 'corrColor': 'Green', 'corrR': 2, 'corrG': 100, 'corrB': 5, 'image_path': '01-1/009_Green_0.png', 'thisN': 16, 'thisTrialN': 16, 'thisRepN': 0}>
374.3957 	EXP 	text_11: autoDraw = False
374.3957 	EXP 	text_11: autoDraw = False
374.3957 	EXP 	img: foreColor = <psychopy.colors.Color: white, alpha=1.0>
374.3957 	EXP 	img: ori = np.float64(0.0)
374.3957 	EXP 	Instructions: text = 'Click the spacebar to shuffle through the filters to recognize the color.\nPress the button of the color you think it corresponds to.'
374.3957 	EXP 	R: height = np.float64(42.0)
374.3957 	EXP 	R: height = np.float64(42.0)
374.3957 	EXP 	R: height = np.float64(42.0)
374.3957 	EXP 	R: text = 2
374.3957 	EXP 	G: height = np.float64(42.0)
374.3957 	EXP 	G: height = np.float64(42.0)
374.3957 	EXP 	G: height = np.float64(42.0)
374.3957 	EXP 	G: text = 100
374.3957 	EXP 	B: height = np.float64(42.0)
374.3957 	EXP 	B: height = np.float64(42.0)
374.3957 	EXP 	B: height = np.float64(42.0)
374.3957 	EXP 	B: text = 5
374.3957 	EXP 	img: autoDraw = True
374.3957 	EXP 	Instructions: autoDraw = True
374.3957 	EXP 	RBGInfo: autoDraw = True
374.3957 	EXP 	R: autoDraw = True
374.3957 	EXP 	G: autoDraw = True
374.3957 	EXP 	B: autoDraw = True
382.5313 	DATA 	Keypress: space
382.5318 	EXP 	Device response: <KeyPress from None: t=382.4821909000166, value=space, duration=None>
382.6538 	EXP 	Device response: <KeyPress from None: t=382.4821909000166, value=space, duration=0.16112240008078516>
388.8546 	DATA 	Keypress: space
388.8549 	EXP 	Device response: <KeyPress from None: t=388.81927310000174, value=space, duration=None>
389.0499 	EXP 	Device response: <KeyPress from None: t=388.81927310000174, value=space, duration=0.15223699994385242>
390.1844 	DATA 	Keypress: space
390.1865 	EXP 	Device response: <KeyPress from None: t=390.1498966999352, value=space, duration=None>
390.3465 	EXP 	Device response: <KeyPress from None: t=390.1498966999352, value=space, duration=0.14361870009452105>
401.7253 	DATA 	Mouse: Left button down, pos=(1627,404)
401.7447 	EXP 	img: autoDraw = False
401.7447 	EXP 	Instructions: autoDraw = False
401.7447 	EXP 	RBGInfo: autoDraw = False
401.7447 	EXP 	R: autoDraw = False
401.7447 	EXP 	G: autoDraw = False
401.7447 	EXP 	B: autoDraw = False
401.7447 	EXP 	text_8: autoDraw = True
401.9310 	DATA 	Mouse:  Left button up, pos=(1627,404)
402.1101 	EXP 	text_8: autoDraw = False
402.1101 	EXP 	slider: markerPos = None
402.1101 	EXP 	slider: markerPos = 1
402.1101 	EXP 	slider: autoDraw = True
402.1101 	EXP 	text_9: autoDraw = True
402.1101 	EXP 	text_answer: autoDraw = True
403.3609 	DATA 	Mouse: Left button down, pos=(1401,550)
403.3933 	EXP 	slider: markerPos = np.float64(4.964)
403.4264 	EXP 	slider: markerPos = np.float64(4.964)
403.4459 	EXP 	slider: markerPos = np.float64(4.964)
403.4764 	EXP 	slider: markerPos = np.float64(4.964)
403.5101 	EXP 	slider: markerPos = np.float64(4.964)
403.5433 	EXP 	slider: markerPos = np.float64(4.964)
403.5766 	EXP 	slider: markerPos = np.float64(4.964)
403.5776 	DATA 	Mouse:  Left button up, pos=(1401,550)
403.6102 	EXP 	slider: markerPos = 5.0
404.5057 	DATA 	Mouse: Left button down, pos=(972,256)
404.5460 	EXP 	slider: autoDraw = False
404.5460 	EXP 	text_9: autoDraw = False
404.5460 	EXP 	text_answer: autoDraw = False
404.5460 	EXP 	text_8: autoDraw = True
404.7479 	DATA 	Mouse:  Left button up, pos=(972,256)
404.9100 	INFO 	Keyboard events cleared
404.9098 	EXP 	text_8: autoDraw = False
404.9098 	EXP 	corrColor_2: height = np.float64(56.0)
404.9098 	EXP 	corrColor_2: height = np.float64(56.0)
404.9098 	EXP 	corrColor_2: height = np.float64(56.0)
404.9098 	EXP 	corrColor_2: text = 'Green'
404.9098 	EXP 	R_2: height = np.float64(42.0)
404.9098 	EXP 	R_2: height = np.float64(42.0)
404.9098 	EXP 	R_2: height = np.float64(42.0)
404.9098 	EXP 	R_2: text = 2
404.9098 	EXP 	G_2: height = np.float64(42.0)
404.9098 	EXP 	G_2: height = np.float64(42.0)
404.9098 	EXP 	G_2: height = np.float64(42.0)
404.9098 	EXP 	G_2: text = 100
404.9098 	EXP 	B_2: height = np.float64(42.0)
404.9098 	EXP 	B_2: height = np.float64(42.0)
404.9098 	EXP 	B_2: height = np.float64(42.0)
404.9098 	EXP 	B_2: text = 5
404.9098 	EXP 	BaselineOverrideInfo: text = 'If you are exhausted from the experiment, press "P" to end it after this screen.\nOtherwise, please continue.'
404.9098 	EXP 	correctAnswer: autoDraw = True
404.9098 	EXP 	RBGInfo_2: autoDraw = True
404.9098 	EXP 	R_2: autoDraw = True
404.9098 	EXP 	G_2: autoDraw = True
404.9098 	EXP 	B_2: autoDraw = True
404.9098 	EXP 	BaselineOverrideInfo: autoDraw = True
405.4996 	DATA 	Mouse: Left button down, pos=(972,256)
405.5125 	EXP 	correctAnswer: autoDraw = False
405.5125 	EXP 	wrongAnswer: autoDraw = False
405.5125 	EXP 	corrColor_2: autoDraw = False
405.5125 	EXP 	RBGInfo_2: autoDraw = False
405.5125 	EXP 	R_2: autoDraw = False
405.5125 	EXP 	G_2: autoDraw = False
405.5125 	EXP 	B_2: autoDraw = False
405.5125 	EXP 	BaselineOverrideInfo: autoDraw = False
405.5125 	EXP 	text_11: autoDraw = True
405.7308 	DATA 	Mouse:  Left button up, pos=(972,256)
405.8471 	EXP 	New trial (rep=0, index=17): <Trial 17 (17 in rep 0) data={'folder': '01-1', 'image': '028_Purple.jpg', 'logical': True, 'corrColor': 'Purple', 'corrR': 66, 'corrG': 0, 'corrB': 95, 'image_path': '01-1/028_Purple_0.png', 'thisN': 17, 'thisTrialN': 17, 'thisRepN': 0}>
405.9451 	EXP 	text_11: autoDraw = False
405.9451 	EXP 	text_11: autoDraw = False
405.9451 	EXP 	img: foreColor = <psychopy.colors.Color: white, alpha=1.0>
405.9451 	EXP 	img: ori = np.float64(0.0)
405.9451 	EXP 	Instructions: text = 'Click the spacebar to shuffle through the filters to recognize the color.\nPress the button of the color you think it corresponds to.'
405.9451 	EXP 	R: height = np.float64(42.0)
405.9451 	EXP 	R: height = np.float64(42.0)
405.9451 	EXP 	R: height = np.float64(42.0)
405.9451 	EXP 	R: text = 66
405.9451 	EXP 	G: height = np.float64(42.0)
405.9451 	EXP 	G: height = np.float64(42.0)
405.9451 	EXP 	G: height = np.float64(42.0)
405.9451 	EXP 	G: text = 0
405.9451 	EXP 	B: height = np.float64(42.0)
405.9451 	EXP 	B: height = np.float64(42.0)
405.9451 	EXP 	B: height = np.float64(42.0)
405.9451 	EXP 	B: text = 95
405.9451 	EXP 	img: autoDraw = True
405.9451 	EXP 	Instructions: autoDraw = True
405.9451 	EXP 	RBGInfo: autoDraw = True
405.9451 	EXP 	R: autoDraw = True
405.9451 	EXP 	G: autoDraw = True
405.9451 	EXP 	B: autoDraw = True
415.3633 	DATA 	Keypress: space
415.3638 	EXP 	Device response: <KeyPress from None: t=415.303971900139, value=space, duration=None>
415.4840 	EXP 	Device response: <KeyPress from None: t=415.303971900139, value=space, duration=0.13428909983485937>
418.5656 	DATA 	Keypress: space
418.5683 	EXP 	Device response: <KeyPress from None: t=418.4984532999806, value=space, duration=None>
418.6914 	EXP 	Device response: <KeyPress from None: t=418.4984532999806, value=space, duration=0.09731149999424815>
424.2877 	DATA 	Keypress: space
424.2894 	EXP 	Device response: <KeyPress from None: t=424.18571049999446, value=space, duration=None>
424.4245 	EXP 	Device response: <KeyPress from None: t=424.18571049999446, value=space, duration=0.13414099998772144>
436.0868 	DATA 	Mouse: Left button down, pos=(1617,508)
436.1774 	EXP 	img: autoDraw = False
436.1774 	EXP 	Instructions: autoDraw = False
436.1774 	EXP 	RBGInfo: autoDraw = False
436.1774 	EXP 	R: autoDraw = False
436.1774 	EXP 	G: autoDraw = False
436.1774 	EXP 	B: autoDraw = False
436.1774 	EXP 	text_8: autoDraw = True
436.3123 	DATA 	Mouse:  Left button up, pos=(1617,508)
436.5423 	EXP 	text_8: autoDraw = False
436.5423 	EXP 	slider: markerPos = None
436.5423 	EXP 	slider: markerPos = 1
436.5423 	EXP 	slider: autoDraw = True
436.5423 	EXP 	text_9: autoDraw = True
436.5423 	EXP 	text_answer: autoDraw = True
438.1805 	DATA 	Mouse: Left button down, pos=(1158,590)
438.2093 	EXP 	slider: markerPos = np.float64(3.992)
438.2296 	EXP 	slider: markerPos = np.float64(3.992)
438.2587 	EXP 	slider: markerPos = np.float64(3.992)
438.2923 	EXP 	slider: markerPos = np.float64(3.992)
438.3132 	EXP 	slider: markerPos = np.float64(3.992)
438.3422 	EXP 	slider: markerPos = np.float64(3.992)
438.3749 	EXP 	slider: markerPos = np.float64(3.992)
438.3949 	EXP 	slider: markerPos = np.float64(3.992)
438.3960 	DATA 	Mouse:  Left button up, pos=(1158,590)
438.4251 	EXP 	slider: markerPos = 4.0
439.4112 	DATA 	Mouse: Left button down, pos=(954,255)
439.4277 	EXP 	slider: autoDraw = False
439.4277 	EXP 	text_9: autoDraw = False
439.4277 	EXP 	text_answer: autoDraw = False
439.4277 	EXP 	text_8: autoDraw = True
439.6120 	DATA 	Mouse:  Left button up, pos=(954,255)
439.7921 	INFO 	Keyboard events cleared
439.7919 	EXP 	text_8: autoDraw = False
439.7919 	EXP 	text_8: autoDraw = False
439.7919 	EXP 	corrColor_2: height = np.float64(56.0)
439.7919 	EXP 	corrColor_2: height = np.float64(56.0)
439.7919 	EXP 	corrColor_2: height = np.float64(56.0)
439.7919 	EXP 	corrColor_2: text = 'Purple'
439.7919 	EXP 	R_2: height = np.float64(42.0)
439.7919 	EXP 	R_2: height = np.float64(42.0)
439.7919 	EXP 	R_2: height = np.float64(42.0)
439.7919 	EXP 	R_2: text = 66
439.7919 	EXP 	G_2: height = np.float64(42.0)
439.7919 	EXP 	G_2: height = np.float64(42.0)
439.7919 	EXP 	G_2: height = np.float64(42.0)
439.7919 	EXP 	G_2: text = 0
439.7919 	EXP 	B_2: height = np.float64(42.0)
439.7919 	EXP 	B_2: height = np.float64(42.0)
439.7919 	EXP 	B_2: height = np.float64(42.0)
439.7919 	EXP 	B_2: text = 95
439.7919 	EXP 	BaselineOverrideInfo: text = 'If you are exhausted from the experiment, press "P" to end it after this screen.\nOtherwise, please continue.'
439.7919 	EXP 	correctAnswer: autoDraw = True
439.7919 	EXP 	RBGInfo_2: autoDraw = True
439.7919 	EXP 	R_2: autoDraw = True
439.7919 	EXP 	G_2: autoDraw = True
439.7919 	EXP 	B_2: autoDraw = True
439.7919 	EXP 	BaselineOverrideInfo: autoDraw = True
440.8810 	DATA 	Mouse: Left button down, pos=(954,246)
440.8945 	EXP 	correctAnswer: autoDraw = False
440.8945 	EXP 	wrongAnswer: autoDraw = False
440.8945 	EXP 	corrColor_2: autoDraw = False
440.8945 	EXP 	RBGInfo_2: autoDraw = False
440.8945 	EXP 	R_2: autoDraw = False
440.8945 	EXP 	G_2: autoDraw = False
440.8945 	EXP 	B_2: autoDraw = False
440.8945 	EXP 	BaselineOverrideInfo: autoDraw = False
440.8945 	EXP 	text_11: autoDraw = True
441.1143 	DATA 	Mouse:  Left button up, pos=(954,246)
441.2290 	EXP 	New trial (rep=0, index=18): <Trial 18 (18 in rep 0) data={'folder': '01-1', 'image': '018_Yellow.jpg', 'logical': True, 'corrColor': 'Yellow', 'corrR': 100, 'corrG': 88, 'corrB': 0, 'image_path': '01-1/018_Yellow_0.png', 'thisN': 18, 'thisTrialN': 18, 'thisRepN': 0}>
441.3263 	EXP 	text_11: autoDraw = False
441.3263 	EXP 	text_11: autoDraw = False
441.3263 	EXP 	img: foreColor = <psychopy.colors.Color: white, alpha=1.0>
441.3263 	EXP 	img: ori = np.float64(0.0)
441.3263 	EXP 	Instructions: text = 'Click the spacebar to shuffle through the filters to recognize the color.\nPress the button of the color you think it corresponds to.'
441.3263 	EXP 	R: height = np.float64(42.0)
441.3263 	EXP 	R: height = np.float64(42.0)
441.3263 	EXP 	R: height = np.float64(42.0)
441.3263 	EXP 	R: text = 100
441.3263 	EXP 	G: height = np.float64(42.0)
441.3263 	EXP 	G: height = np.float64(42.0)
441.3263 	EXP 	G: height = np.float64(42.0)
441.3263 	EXP 	G: text = 88
441.3263 	EXP 	B: height = np.float64(42.0)
441.3263 	EXP 	B: height = np.float64(42.0)
441.3263 	EXP 	B: height = np.float64(42.0)
441.3263 	EXP 	B: text = 0
441.3263 	EXP 	img: autoDraw = True
441.3263 	EXP 	Instructions: autoDraw = True
441.3263 	EXP 	RBGInfo: autoDraw = True
441.3263 	EXP 	R: autoDraw = True
441.3263 	EXP 	G: autoDraw = True
441.3263 	EXP 	B: autoDraw = True
448.1215 	DATA 	Mouse: Left button down, pos=(1617,586)
448.1431 	EXP 	img: autoDraw = False
448.1431 	EXP 	Instructions: autoDraw = False
448.1431 	EXP 	RBGInfo: autoDraw = False
448.1431 	EXP 	R: autoDraw = False
448.1431 	EXP 	G: autoDraw = False
448.1431 	EXP 	B: autoDraw = False
448.1431 	EXP 	text_8: autoDraw = True
448.3466 	DATA 	Mouse:  Left button up, pos=(1617,586)
448.5083 	EXP 	text_8: autoDraw = False
448.5083 	EXP 	slider: markerPos = None
448.5083 	EXP 	slider: markerPos = 1
448.5083 	EXP 	slider: autoDraw = True
448.5083 	EXP 	text_9: autoDraw = True
448.5083 	EXP 	text_answer: autoDraw = True
449.7595 	DATA 	Mouse: Left button down, pos=(1432,601)
449.8080 	EXP 	slider: markerPos = np.float64(5.088)
449.8417 	EXP 	slider: markerPos = np.float64(5.088)
449.8750 	EXP 	slider: markerPos = np.float64(5.088)
449.9081 	EXP 	slider: markerPos = np.float64(5.088)
449.9414 	EXP 	slider: markerPos = np.float64(5.088)
449.9749 	EXP 	slider: markerPos = np.float64(5.088)
449.9935 	DATA 	Mouse:  Left button up, pos=(1432,601)
450.0083 	EXP 	slider: markerPos = np.float64(5.088)
450.0419 	EXP 	slider: markerPos = 5.0
451.1835 	DATA 	Mouse: Left button down, pos=(979,246)
451.2100 	EXP 	slider: autoDraw = False
451.2100 	EXP 	text_9: autoDraw = False
451.2100 	EXP 	text_answer: autoDraw = False
451.2100 	EXP 	text_8: autoDraw = True
451.4111 	DATA 	Mouse:  Left button up, pos=(979,246)
451.5597 	INFO 	Keyboard events cleared
451.5596 	EXP 	text_8: autoDraw = False
451.5596 	EXP 	text_8: autoDraw = False
451.5596 	EXP 	corrColor_2: height = np.float64(56.0)
451.5596 	EXP 	corrColor_2: height = np.float64(56.0)
451.5596 	EXP 	corrColor_2: height = np.float64(56.0)
451.5596 	EXP 	corrColor_2: text = 'Yellow'
451.5596 	EXP 	R_2: height = np.float64(42.0)
451.5596 	EXP 	R_2: height = np.float64(42.0)
451.5596 	EXP 	R_2: height = np.float64(42.0)
451.5596 	EXP 	R_2: text = 100
451.5596 	EXP 	G_2: height = np.float64(42.0)
451.5596 	EXP 	G_2: height = np.float64(42.0)
451.5596 	EXP 	G_2: height = np.float64(42.0)
451.5596 	EXP 	G_2: text = 88
451.5596 	EXP 	B_2: height = np.float64(42.0)
451.5596 	EXP 	B_2: height = np.float64(42.0)
451.5596 	EXP 	B_2: height = np.float64(42.0)
451.5596 	EXP 	B_2: text = 0
451.5596 	EXP 	BaselineOverrideInfo: text = 'If you are exhausted from the experiment, press "P" to end it after this screen.\nOtherwise, please continue.'
451.5596 	EXP 	correctAnswer: autoDraw = True
451.5596 	EXP 	RBGInfo_2: autoDraw = True
451.5596 	EXP 	R_2: autoDraw = True
451.5596 	EXP 	G_2: autoDraw = True
451.5596 	EXP 	B_2: autoDraw = True
451.5596 	EXP 	BaselineOverrideInfo: autoDraw = True
452.8661 	DATA 	Mouse: Left button down, pos=(979,246)
452.8942 	EXP 	correctAnswer: autoDraw = False
452.8942 	EXP 	wrongAnswer: autoDraw = False
452.8942 	EXP 	corrColor_2: autoDraw = False
452.8942 	EXP 	RBGInfo_2: autoDraw = False
452.8942 	EXP 	R_2: autoDraw = False
452.8942 	EXP 	G_2: autoDraw = False
452.8942 	EXP 	B_2: autoDraw = False
452.8942 	EXP 	BaselineOverrideInfo: autoDraw = False
452.8942 	EXP 	text_11: autoDraw = True
453.0965 	DATA 	Mouse:  Left button up, pos=(979,246)
453.2286 	EXP 	New trial (rep=0, index=19): <Trial 19 (19 in rep 0) data={'folder': '01-1', 'image': '021_Cyan.jpg', 'logical': True, 'corrColor': 'Cyan', 'corrR': 0, 'corrG': 87, 'corrB': 100, 'image_path': '01-1/021_Cyan_0.png', 'thisN': 19, 'thisTrialN': 19, 'thisRepN': 0}>
453.3258 	EXP 	text_11: autoDraw = False
453.3258 	EXP 	text_11: autoDraw = False
453.3258 	EXP 	img: foreColor = <psychopy.colors.Color: white, alpha=1.0>
453.3258 	EXP 	img: ori = np.float64(0.0)
453.3258 	EXP 	Instructions: text = 'Click the spacebar to shuffle through the filters to recognize the color.\nPress the button of the color you think it corresponds to.'
453.3258 	EXP 	R: height = np.float64(42.0)
453.3258 	EXP 	R: height = np.float64(42.0)
453.3258 	EXP 	R: height = np.float64(42.0)
453.3258 	EXP 	R: text = 0
453.3258 	EXP 	G: height = np.float64(42.0)
453.3258 	EXP 	G: height = np.float64(42.0)
453.3258 	EXP 	G: height = np.float64(42.0)
453.3258 	EXP 	G: text = 87
453.3258 	EXP 	B: height = np.float64(42.0)
453.3258 	EXP 	B: height = np.float64(42.0)
453.3258 	EXP 	B: height = np.float64(42.0)
453.3258 	EXP 	B: text = 100
453.3258 	EXP 	img: autoDraw = True
453.3258 	EXP 	Instructions: autoDraw = True
453.3258 	EXP 	RBGInfo: autoDraw = True
453.3258 	EXP 	R: autoDraw = True
453.3258 	EXP 	G: autoDraw = True
453.3258 	EXP 	B: autoDraw = True
461.5956 	DATA 	Mouse: Left button down, pos=(1608,475)
461.6109 	EXP 	img: autoDraw = False
461.6109 	EXP 	Instructions: autoDraw = False
461.6109 	EXP 	RBGInfo: autoDraw = False
461.6109 	EXP 	R: autoDraw = False
461.6109 	EXP 	G: autoDraw = False
461.6109 	EXP 	B: autoDraw = False
461.6109 	EXP 	text_8: autoDraw = True
461.7476 	DATA 	Mouse:  Left button up, pos=(1608,475)
461.9754 	EXP 	text_8: autoDraw = False
461.9754 	EXP 	text_8: autoDraw = False
461.9754 	EXP 	slider: markerPos = None
461.9754 	EXP 	slider: markerPos = 1
461.9754 	EXP 	slider: autoDraw = True
461.9754 	EXP 	text_9: autoDraw = True
461.9754 	EXP 	text_answer: autoDraw = True
463.2928 	DATA 	Mouse: Left button down, pos=(1398,561)
463.3249 	EXP 	slider: markerPos = np.float64(4.952)
463.3584 	EXP 	slider: markerPos = np.float64(4.952)
463.3912 	EXP 	slider: markerPos = np.float64(4.952)
463.4251 	EXP 	slider: markerPos = np.float64(4.952)
463.4583 	EXP 	slider: markerPos = np.float64(4.952)
463.4912 	EXP 	slider: markerPos = np.float64(4.952)
463.5251 	EXP 	slider: markerPos = np.float64(4.952)
463.5264 	DATA 	Mouse:  Left button up, pos=(1398,561)
463.5585 	EXP 	slider: markerPos = 5.0
464.4200 	DATA 	Mouse: Left button down, pos=(1029,270)
464.4607 	EXP 	slider: autoDraw = False
464.4607 	EXP 	text_9: autoDraw = False
464.4607 	EXP 	text_answer: autoDraw = False
464.4607 	EXP 	text_8: autoDraw = True
464.6455 	DATA 	Mouse:  Left button up, pos=(1029,270)
464.8252 	INFO 	Keyboard events cleared
464.8251 	EXP 	text_8: autoDraw = False
464.8251 	EXP 	corrColor_2: height = np.float64(56.0)
464.8251 	EXP 	corrColor_2: height = np.float64(56.0)
464.8251 	EXP 	corrColor_2: height = np.float64(56.0)
464.8251 	EXP 	corrColor_2: text = 'Cyan'
464.8251 	EXP 	R_2: height = np.float64(42.0)
464.8251 	EXP 	R_2: height = np.float64(42.0)
464.8251 	EXP 	R_2: height = np.float64(42.0)
464.8251 	EXP 	R_2: text = 0
464.8251 	EXP 	G_2: height = np.float64(42.0)
464.8251 	EXP 	G_2: height = np.float64(42.0)
464.8251 	EXP 	G_2: height = np.float64(42.0)
464.8251 	EXP 	G_2: text = 87
464.8251 	EXP 	B_2: height = np.float64(42.0)
464.8251 	EXP 	B_2: height = np.float64(42.0)
464.8251 	EXP 	B_2: height = np.float64(42.0)
464.8251 	EXP 	B_2: text = 100
464.8251 	EXP 	BaselineOverrideInfo: text = 'If you are exhausted from the experiment, press "P" to end it after this screen.\nOtherwise, please continue.'
464.8251 	EXP 	correctAnswer: autoDraw = True
464.8251 	EXP 	RBGInfo_2: autoDraw = True
464.8251 	EXP 	R_2: autoDraw = True
464.8251 	EXP 	G_2: autoDraw = True
464.8251 	EXP 	B_2: autoDraw = True
464.8251 	EXP 	BaselineOverrideInfo: autoDraw = True
465.5279 	DATA 	Mouse: Left button down, pos=(1029,270)
465.5435 	EXP 	correctAnswer: autoDraw = False
465.5435 	EXP 	wrongAnswer: autoDraw = False
465.5435 	EXP 	corrColor_2: autoDraw = False
465.5435 	EXP 	RBGInfo_2: autoDraw = False
465.5435 	EXP 	R_2: autoDraw = False
465.5435 	EXP 	G_2: autoDraw = False
465.5435 	EXP 	B_2: autoDraw = False
465.5435 	EXP 	BaselineOverrideInfo: autoDraw = False
465.5435 	EXP 	text_11: autoDraw = True
465.7467 	DATA 	Mouse:  Left button up, pos=(1029,270)
465.8789 	EXP 	New trial (rep=0, index=20): <Trial 20 (20 in rep 0) data={'folder': '01-1', 'image': '025_Cyan.jpg', 'logical': True, 'corrColor': 'Cyan', 'corrR': 7, 'corrG': 100, 'corrB': 99, 'image_path': '01-1/025_Cyan_0.png', 'thisN': 20, 'thisTrialN': 20, 'thisRepN': 0}>
465.9931 	EXP 	text_11: autoDraw = False
465.9931 	EXP 	text_11: autoDraw = False
465.9931 	EXP 	img: foreColor = <psychopy.colors.Color: white, alpha=1.0>
465.9931 	EXP 	img: ori = np.float64(0.0)
465.9931 	EXP 	Instructions: text = 'Click the spacebar to shuffle through the filters to recognize the color.\nPress the button of the color you think it corresponds to.'
465.9931 	EXP 	R: height = np.float64(42.0)
465.9931 	EXP 	R: height = np.float64(42.0)
465.9931 	EXP 	R: height = np.float64(42.0)
465.9931 	EXP 	R: text = 7
465.9931 	EXP 	G: height = np.float64(42.0)
465.9931 	EXP 	G: height = np.float64(42.0)
465.9931 	EXP 	G: height = np.float64(42.0)
465.9931 	EXP 	G: text = 100
465.9931 	EXP 	B: height = np.float64(42.0)
465.9931 	EXP 	B: height = np.float64(42.0)
465.9931 	EXP 	B: height = np.float64(42.0)
465.9931 	EXP 	B: text = 99
465.9931 	EXP 	img: autoDraw = True
465.9931 	EXP 	Instructions: autoDraw = True
465.9931 	EXP 	RBGInfo: autoDraw = True
465.9931 	EXP 	R: autoDraw = True
465.9931 	EXP 	G: autoDraw = True
465.9931 	EXP 	B: autoDraw = True
474.4311 	DATA 	Mouse: Left button down, pos=(1621,456)
474.4421 	EXP 	img: autoDraw = False
474.4421 	EXP 	Instructions: autoDraw = False
474.4421 	EXP 	RBGInfo: autoDraw = False
474.4421 	EXP 	R: autoDraw = False
474.4421 	EXP 	G: autoDraw = False
474.4421 	EXP 	B: autoDraw = False
474.4421 	EXP 	text_8: autoDraw = True
474.6118 	DATA 	Mouse:  Left button up, pos=(1621,456)
474.8077 	EXP 	text_8: autoDraw = False
474.8077 	EXP 	text_8: autoDraw = False
474.8077 	EXP 	slider: markerPos = None
474.8077 	EXP 	slider: markerPos = 1
474.8077 	EXP 	slider: autoDraw = True
474.8077 	EXP 	text_9: autoDraw = True
474.8077 	EXP 	text_answer: autoDraw = True
476.3089 	DATA 	Mouse: Left button down, pos=(1422,579)
476.3411 	EXP 	slider: markerPos = np.float64(5.048)
476.3743 	EXP 	slider: markerPos = np.float64(5.048)
476.4076 	EXP 	slider: markerPos = np.float64(5.048)
476.4287 	EXP 	slider: markerPos = np.float64(5.048)
476.4579 	EXP 	slider: markerPos = np.float64(5.048)
476.4906 	EXP 	slider: markerPos = np.float64(5.048)
476.5244 	EXP 	slider: markerPos = np.float64(5.048)
476.5257 	DATA 	Mouse:  Left button up, pos=(1422,579)
476.5579 	EXP 	slider: markerPos = 5.0
477.4852 	DATA 	Mouse: Left button down, pos=(1050,254)
477.5279 	EXP 	slider: autoDraw = False
477.5279 	EXP 	text_9: autoDraw = False
477.5279 	EXP 	text_answer: autoDraw = False
477.5279 	EXP 	text_8: autoDraw = True
477.7110 	DATA 	Mouse:  Left button up, pos=(1050,254)
477.8770 	INFO 	Keyboard events cleared
477.8767 	EXP 	text_8: autoDraw = False
477.8767 	EXP 	corrColor_2: text = 'Cyan'
477.8767 	EXP 	R_2: height = np.float64(42.0)
477.8767 	EXP 	R_2: height = np.float64(42.0)
477.8767 	EXP 	R_2: height = np.float64(42.0)
477.8767 	EXP 	R_2: text = 7
477.8767 	EXP 	G_2: height = np.float64(42.0)
477.8767 	EXP 	G_2: height = np.float64(42.0)
477.8767 	EXP 	G_2: height = np.float64(42.0)
477.8767 	EXP 	G_2: text = 100
477.8767 	EXP 	B_2: height = np.float64(42.0)
477.8767 	EXP 	B_2: height = np.float64(42.0)
477.8767 	EXP 	B_2: height = np.float64(42.0)
477.8767 	EXP 	B_2: text = 99
477.8767 	EXP 	BaselineOverrideInfo: text = 'If you are exhausted from the experiment, press "P" to end it after this screen.\nOtherwise, please continue.'
477.8767 	EXP 	correctAnswer: autoDraw = True
477.8767 	EXP 	RBGInfo_2: autoDraw = True
477.8767 	EXP 	R_2: autoDraw = True
477.8767 	EXP 	G_2: autoDraw = True
477.8767 	EXP 	B_2: autoDraw = True
477.8767 	EXP 	BaselineOverrideInfo: autoDraw = True
478.6130 	DATA 	Mouse: Left button down, pos=(1050,254)
478.6265 	EXP 	correctAnswer: autoDraw = False
478.6265 	EXP 	wrongAnswer: autoDraw = False
478.6265 	EXP 	corrColor_2: autoDraw = False
478.6265 	EXP 	RBGInfo_2: autoDraw = False
478.6265 	EXP 	R_2: autoDraw = False
478.6265 	EXP 	G_2: autoDraw = False
478.6265 	EXP 	B_2: autoDraw = False
478.6265 	EXP 	BaselineOverrideInfo: autoDraw = False
478.6265 	EXP 	text_11: autoDraw = True
478.8277 	DATA 	Mouse:  Left button up, pos=(1050,254)
478.9596 	EXP 	New trial (rep=0, index=21): <Trial 21 (21 in rep 0) data={'folder': '01-1', 'image': '014_Red.jpg', 'logical': True, 'corrColor': 'Red', 'corrR': 95, 'corrG': 0, 'corrB': 0, 'image_path': '01-1/014_Red_0.png', 'thisN': 21, 'thisTrialN': 21, 'thisRepN': 0}>
479.0588 	EXP 	text_11: autoDraw = False
479.0588 	EXP 	text_11: autoDraw = False
479.0588 	EXP 	img: foreColor = <psychopy.colors.Color: white, alpha=1.0>
479.0588 	EXP 	img: ori = np.float64(0.0)
479.0588 	EXP 	Instructions: text = 'Click the spacebar to shuffle through the filters to recognize the color.\nPress the button of the color you think it corresponds to.'
479.0588 	EXP 	R: height = np.float64(42.0)
479.0588 	EXP 	R: height = np.float64(42.0)
479.0588 	EXP 	R: height = np.float64(42.0)
479.0588 	EXP 	R: text = 95
479.0588 	EXP 	G: height = np.float64(42.0)
479.0588 	EXP 	G: height = np.float64(42.0)
479.0588 	EXP 	G: height = np.float64(42.0)
479.0588 	EXP 	G: text = 0
479.0588 	EXP 	B: height = np.float64(42.0)
479.0588 	EXP 	B: height = np.float64(42.0)
479.0588 	EXP 	B: height = np.float64(42.0)
479.0588 	EXP 	B: text = 0
479.0588 	EXP 	img: autoDraw = True
479.0588 	EXP 	Instructions: autoDraw = True
479.0588 	EXP 	RBGInfo: autoDraw = True
479.0588 	EXP 	R: autoDraw = True
479.0588 	EXP 	G: autoDraw = True
479.0588 	EXP 	B: autoDraw = True
485.7285 	DATA 	Mouse: Left button down, pos=(1617,342)
485.7432 	EXP 	img: autoDraw = False
485.7432 	EXP 	Instructions: autoDraw = False
485.7432 	EXP 	RBGInfo: autoDraw = False
485.7432 	EXP 	R: autoDraw = False
485.7432 	EXP 	G: autoDraw = False
485.7432 	EXP 	B: autoDraw = False
485.7432 	EXP 	text_8: autoDraw = True
485.9131 	DATA 	Mouse:  Left button up, pos=(1617,342)
486.1076 	EXP 	text_8: autoDraw = False
486.1076 	EXP 	text_8: autoDraw = False
486.1076 	EXP 	slider: markerPos = None
486.1076 	EXP 	slider: markerPos = 1
486.1076 	EXP 	slider: autoDraw = True
486.1076 	EXP 	text_9: autoDraw = True
486.1076 	EXP 	text_answer: autoDraw = True
487.4255 	DATA 	Mouse: Left button down, pos=(1386,547)
487.4577 	EXP 	slider: markerPos = np.float64(4.904)
487.4915 	EXP 	slider: markerPos = np.float64(4.904)
487.5243 	EXP 	slider: markerPos = np.float64(4.904)
487.5583 	EXP 	slider: markerPos = np.float64(4.904)
487.5914 	EXP 	slider: markerPos = np.float64(4.904)
487.6245 	EXP 	slider: markerPos = np.float64(4.904)
487.6583 	EXP 	slider: markerPos = np.float64(4.904)
487.6608 	DATA 	Mouse:  Left button up, pos=(1386,547)
487.6914 	EXP 	slider: markerPos = 5.0
488.6644 	DATA 	Mouse: Left button down, pos=(1030,292)
488.6794 	EXP 	slider: autoDraw = False
488.6794 	EXP 	text_9: autoDraw = False
488.6794 	EXP 	text_answer: autoDraw = False
488.6794 	EXP 	text_8: autoDraw = True
488.8803 	DATA 	Mouse:  Left button up, pos=(1030,292)
489.0422 	INFO 	Keyboard events cleared
489.0420 	EXP 	text_8: autoDraw = False
489.0420 	EXP 	text_8: autoDraw = False
489.0420 	EXP 	corrColor_2: height = np.float64(56.0)
489.0420 	EXP 	corrColor_2: height = np.float64(56.0)
489.0420 	EXP 	corrColor_2: height = np.float64(56.0)
489.0420 	EXP 	corrColor_2: text = 'Red'
489.0420 	EXP 	R_2: height = np.float64(42.0)
489.0420 	EXP 	R_2: height = np.float64(42.0)
489.0420 	EXP 	R_2: height = np.float64(42.0)
489.0420 	EXP 	R_2: text = 95
489.0420 	EXP 	G_2: height = np.float64(42.0)
489.0420 	EXP 	G_2: height = np.float64(42.0)
489.0420 	EXP 	G_2: height = np.float64(42.0)
489.0420 	EXP 	G_2: text = 0
489.0420 	EXP 	B_2: height = np.float64(42.0)
489.0420 	EXP 	B_2: height = np.float64(42.0)
489.0420 	EXP 	B_2: height = np.float64(42.0)
489.0420 	EXP 	B_2: text = 0
489.0420 	EXP 	BaselineOverrideInfo: text = 'If you are exhausted from the experiment, press "P" to end it after this screen.\nOtherwise, please continue.'
489.0420 	EXP 	correctAnswer: autoDraw = True
489.0420 	EXP 	RBGInfo_2: autoDraw = True
489.0420 	EXP 	R_2: autoDraw = True
489.0420 	EXP 	G_2: autoDraw = True
489.0420 	EXP 	B_2: autoDraw = True
489.0420 	EXP 	BaselineOverrideInfo: autoDraw = True
489.9316 	DATA 	Mouse: Left button down, pos=(1030,292)
489.9451 	EXP 	correctAnswer: autoDraw = False
489.9451 	EXP 	wrongAnswer: autoDraw = False
489.9451 	EXP 	corrColor_2: autoDraw = False
489.9451 	EXP 	RBGInfo_2: autoDraw = False
489.9451 	EXP 	R_2: autoDraw = False
489.9451 	EXP 	G_2: autoDraw = False
489.9451 	EXP 	B_2: autoDraw = False
489.9451 	EXP 	BaselineOverrideInfo: autoDraw = False
489.9451 	EXP 	text_11: autoDraw = True
490.1477 	DATA 	Mouse:  Left button up, pos=(1030,292)
490.2797 	EXP 	New trial (rep=0, index=22): <Trial 22 (22 in rep 0) data={'folder': '01-1', 'image': '029_Yellow.jpg', 'logical': True, 'corrColor': 'Yellow', 'corrR': 100, 'corrG': 94, 'corrB': 5, 'image_path': '01-1/029_Yellow_0.png', 'thisN': 22, 'thisTrialN': 22, 'thisRepN': 0}>
490.4102 	EXP 	text_11: autoDraw = False
490.4102 	EXP 	text_11: autoDraw = False
490.4102 	EXP 	img: foreColor = <psychopy.colors.Color: white, alpha=1.0>
490.4102 	EXP 	img: ori = np.float64(0.0)
490.4102 	EXP 	Instructions: text = 'Click the spacebar to shuffle through the filters to recognize the color.\nPress the button of the color you think it corresponds to.'
490.4102 	EXP 	R: height = np.float64(42.0)
490.4102 	EXP 	R: height = np.float64(42.0)
490.4102 	EXP 	R: height = np.float64(42.0)
490.4102 	EXP 	R: text = 100
490.4102 	EXP 	G: height = np.float64(42.0)
490.4102 	EXP 	G: height = np.float64(42.0)
490.4102 	EXP 	G: height = np.float64(42.0)
490.4102 	EXP 	G: text = 94
490.4102 	EXP 	B: height = np.float64(42.0)
490.4102 	EXP 	B: height = np.float64(42.0)
490.4102 	EXP 	B: height = np.float64(42.0)
490.4102 	EXP 	B: text = 5
490.4102 	EXP 	img: autoDraw = True
490.4102 	EXP 	Instructions: autoDraw = True
490.4102 	EXP 	RBGInfo: autoDraw = True
490.4102 	EXP 	R: autoDraw = True
490.4102 	EXP 	G: autoDraw = True
490.4102 	EXP 	B: autoDraw = True
501.8294 	DATA 	Mouse: Left button down, pos=(1617,586)
501.8415 	EXP 	img: autoDraw = False
501.8415 	EXP 	Instructions: autoDraw = False
501.8415 	EXP 	RBGInfo: autoDraw = False
501.8415 	EXP 	R: autoDraw = False
501.8415 	EXP 	G: autoDraw = False
501.8415 	EXP 	B: autoDraw = False
501.8415 	EXP 	text_8: autoDraw = True
502.0274 	DATA 	Mouse:  Left button up, pos=(1617,586)
502.2066 	EXP 	text_8: autoDraw = False
502.2066 	EXP 	text_8: autoDraw = False
502.2066 	EXP 	slider: markerPos = None
502.2066 	EXP 	slider: markerPos = 1
502.2066 	EXP 	slider: autoDraw = True
502.2066 	EXP 	text_9: autoDraw = True
502.2066 	EXP 	text_answer: autoDraw = True
504.6931 	DATA 	Mouse: Left button down, pos=(1400,561)
504.7226 	EXP 	slider: markerPos = np.float64(4.96)
504.7418 	EXP 	slider: markerPos = np.float64(4.96)
504.7589 	EXP 	slider: markerPos = np.float64(4.96)
504.7753 	EXP 	slider: markerPos = np.float64(4.96)
504.7917 	EXP 	slider: markerPos = np.float64(4.96)
504.8093 	EXP 	slider: markerPos = np.float64(4.96)
504.8390 	EXP 	slider: markerPos = np.float64(4.96)
504.8586 	EXP 	slider: markerPos = np.float64(4.96)
504.8894 	EXP 	slider: markerPos = np.float64(4.96)
504.9042 	DATA 	Mouse:  Left button up, pos=(1400,561)
504.9227 	EXP 	slider: markerPos = np.float64(4.96)
504.9563 	EXP 	slider: markerPos = 5.0
506.0275 	DATA 	Mouse: Left button down, pos=(1017,249)
506.0422 	EXP 	slider: autoDraw = False
506.0422 	EXP 	text_9: autoDraw = False
506.0422 	EXP 	text_answer: autoDraw = False
506.0422 	EXP 	text_8: autoDraw = True
506.2437 	DATA 	Mouse:  Left button up, pos=(1017,249)
506.4065 	INFO 	Keyboard events cleared
506.4063 	EXP 	text_8: autoDraw = False
506.4063 	EXP 	text_8: autoDraw = False
506.4063 	EXP 	corrColor_2: height = np.float64(56.0)
506.4063 	EXP 	corrColor_2: height = np.float64(56.0)
506.4063 	EXP 	corrColor_2: height = np.float64(56.0)
506.4063 	EXP 	corrColor_2: text = 'Yellow'
506.4063 	EXP 	R_2: height = np.float64(42.0)
506.4063 	EXP 	R_2: height = np.float64(42.0)
506.4063 	EXP 	R_2: height = np.float64(42.0)
506.4063 	EXP 	R_2: text = 100
506.4063 	EXP 	G_2: height = np.float64(42.0)
506.4063 	EXP 	G_2: height = np.float64(42.0)
506.4063 	EXP 	G_2: height = np.float64(42.0)
506.4063 	EXP 	G_2: text = 94
506.4063 	EXP 	B_2: height = np.float64(42.0)
506.4063 	EXP 	B_2: height = np.float64(42.0)
506.4063 	EXP 	B_2: height = np.float64(42.0)
506.4063 	EXP 	B_2: text = 5
506.4063 	EXP 	BaselineOverrideInfo: text = 'If you are exhausted from the experiment, press "P" to end it after this screen.\nOtherwise, please continue.'
506.4063 	EXP 	correctAnswer: autoDraw = True
506.4063 	EXP 	RBGInfo_2: autoDraw = True
506.4063 	EXP 	R_2: autoDraw = True
506.4063 	EXP 	G_2: autoDraw = True
506.4063 	EXP 	B_2: autoDraw = True
506.4063 	EXP 	BaselineOverrideInfo: autoDraw = True
507.7762 	DATA 	Mouse: Left button down, pos=(1017,249)
507.7918 	EXP 	correctAnswer: autoDraw = False
507.7918 	EXP 	wrongAnswer: autoDraw = False
507.7918 	EXP 	corrColor_2: autoDraw = False
507.7918 	EXP 	RBGInfo_2: autoDraw = False
507.7918 	EXP 	R_2: autoDraw = False
507.7918 	EXP 	G_2: autoDraw = False
507.7918 	EXP 	B_2: autoDraw = False
507.7918 	EXP 	BaselineOverrideInfo: autoDraw = False
507.7918 	EXP 	text_11: autoDraw = True
508.0083 	DATA 	Mouse:  Left button up, pos=(1017,249)
508.1425 	EXP 	New trial (rep=0, index=23): <Trial 23 (23 in rep 0) data={'folder': '01-1', 'image': '018_Green.jpg', 'logical': True, 'corrColor': 'Green', 'corrR': 0, 'corrG': 98, 'corrB': 4, 'image_path': '01-1/018_Green_0.png', 'thisN': 23, 'thisTrialN': 23, 'thisRepN': 0}>
508.2235 	EXP 	text_11: autoDraw = False
508.2235 	EXP 	img: foreColor = <psychopy.colors.Color: white, alpha=1.0>
508.2235 	EXP 	img: ori = np.float64(0.0)
508.2235 	EXP 	Instructions: text = 'Click the spacebar to shuffle through the filters to recognize the color.\nPress the button of the color you think it corresponds to.'
508.2235 	EXP 	R: height = np.float64(42.0)
508.2235 	EXP 	R: height = np.float64(42.0)
508.2235 	EXP 	R: height = np.float64(42.0)
508.2235 	EXP 	R: text = 0
508.2235 	EXP 	G: height = np.float64(42.0)
508.2235 	EXP 	G: height = np.float64(42.0)
508.2235 	EXP 	G: height = np.float64(42.0)
508.2235 	EXP 	G: text = 98
508.2235 	EXP 	B: height = np.float64(42.0)
508.2235 	EXP 	B: height = np.float64(42.0)
508.2235 	EXP 	B: height = np.float64(42.0)
508.2235 	EXP 	B: text = 4
508.2235 	EXP 	img: autoDraw = True
508.2235 	EXP 	Instructions: autoDraw = True
508.2235 	EXP 	RBGInfo: autoDraw = True
508.2235 	EXP 	R: autoDraw = True
508.2235 	EXP 	G: autoDraw = True
508.2235 	EXP 	B: autoDraw = True
516.5136 	DATA 	Mouse: Left button down, pos=(1625,401)
516.5236 	EXP 	img: autoDraw = False
516.5236 	EXP 	Instructions: autoDraw = False
516.5236 	EXP 	RBGInfo: autoDraw = False
516.5236 	EXP 	R: autoDraw = False
516.5236 	EXP 	G: autoDraw = False
516.5236 	EXP 	B: autoDraw = False
516.5236 	EXP 	text_8: autoDraw = True
516.6937 	DATA 	Mouse:  Left button up, pos=(1625,401)
516.8892 	EXP 	text_8: autoDraw = False
516.8892 	EXP 	text_8: autoDraw = False
516.8892 	EXP 	slider: markerPos = None
516.8892 	EXP 	slider: markerPos = 1
516.8892 	EXP 	slider: autoDraw = True
516.8892 	EXP 	text_9: autoDraw = True
516.8892 	EXP 	text_answer: autoDraw = True
518.0156 	DATA 	Mouse: Left button down, pos=(1431,563)
518.0553 	EXP 	slider: markerPos = np.float64(5.084)
518.0887 	EXP 	slider: markerPos = np.float64(5.084)
518.1220 	EXP 	slider: markerPos = np.float64(5.084)
518.1555 	EXP 	slider: markerPos = np.float64(5.084)
518.1888 	EXP 	slider: markerPos = np.float64(5.084)
518.2221 	EXP 	slider: markerPos = np.float64(5.084)
518.2368 	DATA 	Mouse:  Left button up, pos=(1431,563)
518.2554 	EXP 	slider: markerPos = np.float64(5.084)
518.2885 	EXP 	slider: markerPos = 5.0
519.2496 	DATA 	Mouse: Left button down, pos=(1062,283)
519.2742 	EXP 	slider: autoDraw = False
519.2742 	EXP 	text_9: autoDraw = False
519.2742 	EXP 	text_answer: autoDraw = False
519.2742 	EXP 	text_8: autoDraw = True
519.4930 	DATA 	Mouse:  Left button up, pos=(1062,283)
519.6387 	INFO 	Keyboard events cleared
519.6386 	EXP 	text_8: autoDraw = False
519.6386 	EXP 	text_8: autoDraw = False
519.6386 	EXP 	corrColor_2: height = np.float64(56.0)
519.6386 	EXP 	corrColor_2: height = np.float64(56.0)
519.6386 	EXP 	corrColor_2: height = np.float64(56.0)
519.6386 	EXP 	corrColor_2: text = 'Green'
519.6386 	EXP 	R_2: height = np.float64(42.0)
519.6386 	EXP 	R_2: height = np.float64(42.0)
519.6386 	EXP 	R_2: height = np.float64(42.0)
519.6386 	EXP 	R_2: text = 0
519.6386 	EXP 	G_2: height = np.float64(42.0)
519.6386 	EXP 	G_2: height = np.float64(42.0)
519.6386 	EXP 	G_2: height = np.float64(42.0)
519.6386 	EXP 	G_2: text = 98
519.6386 	EXP 	B_2: height = np.float64(42.0)
519.6386 	EXP 	B_2: height = np.float64(42.0)
519.6386 	EXP 	B_2: height = np.float64(42.0)
519.6386 	EXP 	B_2: text = 4
519.6386 	EXP 	BaselineOverrideInfo: text = 'If you are exhausted from the experiment, press "P" to end it after this screen.\nOtherwise, please continue.'
519.6386 	EXP 	correctAnswer: autoDraw = True
519.6386 	EXP 	RBGInfo_2: autoDraw = True
519.6386 	EXP 	R_2: autoDraw = True
519.6386 	EXP 	G_2: autoDraw = True
519.6386 	EXP 	B_2: autoDraw = True
519.6386 	EXP 	BaselineOverrideInfo: autoDraw = True
520.2931 	DATA 	Mouse: Left button down, pos=(1062,283)
520.3073 	EXP 	correctAnswer: autoDraw = False
520.3073 	EXP 	wrongAnswer: autoDraw = False
520.3073 	EXP 	corrColor_2: autoDraw = False
520.3073 	EXP 	RBGInfo_2: autoDraw = False
520.3073 	EXP 	R_2: autoDraw = False
520.3073 	EXP 	G_2: autoDraw = False
520.3073 	EXP 	B_2: autoDraw = False
520.3073 	EXP 	BaselineOverrideInfo: autoDraw = False
520.3073 	EXP 	text_11: autoDraw = True
520.5261 	DATA 	Mouse:  Left button up, pos=(1062,283)
520.6409 	EXP 	New trial (rep=0, index=24): <Trial 24 (24 in rep 0) data={'folder': '01-1', 'image': '010_Green.jpg', 'logical': True, 'corrColor': 'Green', 'corrR': 1, 'corrG': 100, 'corrB': 11, 'image_path': '01-1/010_Green_0.png', 'thisN': 24, 'thisTrialN': 24, 'thisRepN': 0}>
520.7234 	EXP 	text_11: autoDraw = False
520.7234 	EXP 	text_11: autoDraw = False
520.7234 	EXP 	img: foreColor = <psychopy.colors.Color: white, alpha=1.0>
520.7234 	EXP 	img: ori = np.float64(0.0)
520.7234 	EXP 	Instructions: text = 'Click the spacebar to shuffle through the filters to recognize the color.\nPress the button of the color you think it corresponds to.'
520.7234 	EXP 	R: height = np.float64(42.0)
520.7234 	EXP 	R: height = np.float64(42.0)
520.7234 	EXP 	R: height = np.float64(42.0)
520.7234 	EXP 	R: text = 1
520.7234 	EXP 	G: height = np.float64(42.0)
520.7234 	EXP 	G: height = np.float64(42.0)
520.7234 	EXP 	G: height = np.float64(42.0)
520.7234 	EXP 	G: text = 100
520.7234 	EXP 	B: height = np.float64(42.0)
520.7234 	EXP 	B: height = np.float64(42.0)
520.7234 	EXP 	B: height = np.float64(42.0)
520.7234 	EXP 	B: text = 11
520.7234 	EXP 	img: autoDraw = True
520.7234 	EXP 	Instructions: autoDraw = True
520.7234 	EXP 	RBGInfo: autoDraw = True
520.7234 	EXP 	R: autoDraw = True
520.7234 	EXP 	G: autoDraw = True
520.7234 	EXP 	B: autoDraw = True
529.8451 	DATA 	Keypress: space
529.8458 	EXP 	Device response: <KeyPress from None: t=529.7918627001345, value=space, duration=None>
529.9485 	EXP 	Device response: <KeyPress from None: t=529.7918627001345, value=space, duration=0.1517813999671489>
531.7309 	DATA 	Keypress: space
531.7315 	EXP 	Device response: <KeyPress from None: t=531.6898724001367, value=space, duration=None>
531.8412 	EXP 	Device response: <KeyPress from None: t=531.6898724001367, value=space, duration=0.12480879994109273>
538.6952 	DATA 	Mouse: Left button down, pos=(1615,394)
538.7063 	EXP 	img: autoDraw = False
538.7063 	EXP 	Instructions: autoDraw = False
538.7063 	EXP 	RBGInfo: autoDraw = False
538.7063 	EXP 	R: autoDraw = False
538.7063 	EXP 	G: autoDraw = False
538.7063 	EXP 	B: autoDraw = False
538.7063 	EXP 	text_8: autoDraw = True
538.9275 	DATA 	Mouse:  Left button up, pos=(1615,394)
539.0719 	EXP 	text_8: autoDraw = False
539.0719 	EXP 	text_8: autoDraw = False
539.0719 	EXP 	slider: markerPos = None
539.0719 	EXP 	slider: markerPos = 1
539.0719 	EXP 	slider: autoDraw = True
539.0719 	EXP 	text_9: autoDraw = True
539.0719 	EXP 	text_answer: autoDraw = True
540.6894 	DATA 	Mouse: Left button down, pos=(1143,580)
540.7213 	EXP 	slider: markerPos = np.float64(3.932)
540.7549 	EXP 	slider: markerPos = np.float64(3.932)
540.7740 	EXP 	slider: markerPos = np.float64(3.932)
540.8043 	EXP 	slider: markerPos = np.float64(3.932)
540.8239 	EXP 	slider: markerPos = np.float64(3.932)
540.8401 	EXP 	slider: markerPos = np.float64(3.932)
540.8572 	EXP 	slider: markerPos = np.float64(3.932)
540.8734 	EXP 	slider: markerPos = np.float64(3.932)
540.8907 	EXP 	slider: markerPos = np.float64(3.932)
540.9068 	EXP 	slider: markerPos = np.float64(3.932)
540.9087 	DATA 	Mouse:  Left button up, pos=(1143,580)
540.9378 	EXP 	slider: markerPos = 4.0
541.7737 	DATA 	Mouse: Left button down, pos=(950,248)
541.7906 	EXP 	slider: autoDraw = False
541.7906 	EXP 	text_9: autoDraw = False
541.7906 	EXP 	text_answer: autoDraw = False
541.7906 	EXP 	text_8: autoDraw = True
541.9926 	DATA 	Mouse:  Left button up, pos=(950,248)
542.1554 	INFO 	Keyboard events cleared
542.1552 	EXP 	text_8: autoDraw = False
542.1552 	EXP 	text_8: autoDraw = False
542.1552 	EXP 	corrColor_2: text = 'Green'
542.1552 	EXP 	R_2: height = np.float64(42.0)
542.1552 	EXP 	R_2: height = np.float64(42.0)
542.1552 	EXP 	R_2: height = np.float64(42.0)
542.1552 	EXP 	R_2: text = 1
542.1552 	EXP 	G_2: height = np.float64(42.0)
542.1552 	EXP 	G_2: height = np.float64(42.0)
542.1552 	EXP 	G_2: height = np.float64(42.0)
542.1552 	EXP 	G_2: text = 100
542.1552 	EXP 	B_2: height = np.float64(42.0)
542.1552 	EXP 	B_2: height = np.float64(42.0)
542.1552 	EXP 	B_2: height = np.float64(42.0)
542.1552 	EXP 	B_2: text = 11
542.1552 	EXP 	BaselineOverrideInfo: text = 'If you are exhausted from the experiment, press "P" to end it after this screen.\nOtherwise, please continue.'
542.1552 	EXP 	correctAnswer: autoDraw = True
542.1552 	EXP 	RBGInfo_2: autoDraw = True
542.1552 	EXP 	R_2: autoDraw = True
542.1552 	EXP 	G_2: autoDraw = True
542.1552 	EXP 	B_2: autoDraw = True
542.1552 	EXP 	BaselineOverrideInfo: autoDraw = True
543.1929 	DATA 	Mouse: Left button down, pos=(950,248)
543.2080 	EXP 	correctAnswer: autoDraw = False
543.2080 	EXP 	wrongAnswer: autoDraw = False
543.2080 	EXP 	corrColor_2: autoDraw = False
543.2080 	EXP 	RBGInfo_2: autoDraw = False
543.2080 	EXP 	R_2: autoDraw = False
543.2080 	EXP 	G_2: autoDraw = False
543.2080 	EXP 	B_2: autoDraw = False
543.2080 	EXP 	BaselineOverrideInfo: autoDraw = False
543.2080 	EXP 	text_11: autoDraw = True
543.4106 	DATA 	Mouse:  Left button up, pos=(950,248)
543.5432 	EXP 	New trial (rep=0, index=25): <Trial 25 (25 in rep 0) data={'folder': '01-1', 'image': '029_Cyan.jpg', 'logical': True, 'corrColor': 'Cyan', 'corrR': 2, 'corrG': 100, 'corrB': 88, 'image_path': '01-1/029_Cyan_0.png', 'thisN': 25, 'thisTrialN': 25, 'thisRepN': 0}>
543.6573 	EXP 	text_11: autoDraw = False
543.6573 	EXP 	text_11: autoDraw = False
543.6573 	EXP 	img: foreColor = <psychopy.colors.Color: white, alpha=1.0>
543.6573 	EXP 	img: ori = np.float64(0.0)
543.6573 	EXP 	Instructions: text = 'Click the spacebar to shuffle through the filters to recognize the color.\nPress the button of the color you think it corresponds to.'
543.6573 	EXP 	R: height = np.float64(42.0)
543.6573 	EXP 	R: height = np.float64(42.0)
543.6573 	EXP 	R: height = np.float64(42.0)
543.6573 	EXP 	R: text = 2
543.6573 	EXP 	G: height = np.float64(42.0)
543.6573 	EXP 	G: height = np.float64(42.0)
543.6573 	EXP 	G: height = np.float64(42.0)
543.6573 	EXP 	G: text = 100
543.6573 	EXP 	B: height = np.float64(42.0)
543.6573 	EXP 	B: height = np.float64(42.0)
543.6573 	EXP 	B: height = np.float64(42.0)
543.6573 	EXP 	B: text = 88
543.6573 	EXP 	img: autoDraw = True
543.6573 	EXP 	Instructions: autoDraw = True
543.6573 	EXP 	RBGInfo: autoDraw = True
543.6573 	EXP 	R: autoDraw = True
543.6573 	EXP 	G: autoDraw = True
543.6573 	EXP 	B: autoDraw = True
556.5289 	DATA 	Mouse: Left button down, pos=(1629,453)
556.6564 	EXP 	img: autoDraw = False
556.6564 	EXP 	Instructions: autoDraw = False
556.6564 	EXP 	RBGInfo: autoDraw = False
556.6564 	EXP 	R: autoDraw = False
556.6564 	EXP 	G: autoDraw = False
556.6564 	EXP 	B: autoDraw = False
556.6564 	EXP 	text_8: autoDraw = True
556.7611 	DATA 	Mouse:  Left button up, pos=(1629,453)
557.0219 	EXP 	text_8: autoDraw = False
557.0219 	EXP 	slider: markerPos = None
557.0219 	EXP 	slider: markerPos = 1
557.0219 	EXP 	slider: autoDraw = True
557.0219 	EXP 	text_9: autoDraw = True
557.0219 	EXP 	text_answer: autoDraw = True
558.2732 	DATA 	Mouse: Left button down, pos=(1401,565)
558.3053 	EXP 	slider: markerPos = np.float64(4.964)
558.3387 	EXP 	slider: markerPos = np.float64(4.964)
558.3717 	EXP 	slider: markerPos = np.float64(4.964)
558.4055 	EXP 	slider: markerPos = np.float64(4.964)
558.4388 	EXP 	slider: markerPos = np.float64(4.964)
558.4720 	EXP 	slider: markerPos = np.float64(4.964)
558.4924 	DATA 	Mouse:  Left button up, pos=(1401,565)
558.5055 	EXP 	slider: markerPos = np.float64(4.964)
558.5379 	EXP 	slider: markerPos = 5.0
559.5386 	DATA 	Mouse: Left button down, pos=(1027,246)
559.5582 	EXP 	slider: autoDraw = False
559.5582 	EXP 	text_9: autoDraw = False
559.5582 	EXP 	text_answer: autoDraw = False
559.5582 	EXP 	text_8: autoDraw = True
559.7606 	DATA 	Mouse:  Left button up, pos=(1027,246)
559.9217 	INFO 	Keyboard events cleared
559.9215 	EXP 	text_8: autoDraw = False
559.9215 	EXP 	corrColor_2: height = np.float64(56.0)
559.9215 	EXP 	corrColor_2: height = np.float64(56.0)
559.9215 	EXP 	corrColor_2: height = np.float64(56.0)
559.9215 	EXP 	corrColor_2: text = 'Cyan'
559.9215 	EXP 	R_2: height = np.float64(42.0)
559.9215 	EXP 	R_2: height = np.float64(42.0)
559.9215 	EXP 	R_2: height = np.float64(42.0)
559.9215 	EXP 	R_2: text = 2
559.9215 	EXP 	G_2: height = np.float64(42.0)
559.9215 	EXP 	G_2: height = np.float64(42.0)
559.9215 	EXP 	G_2: height = np.float64(42.0)
559.9215 	EXP 	G_2: text = 100
559.9215 	EXP 	B_2: height = np.float64(42.0)
559.9215 	EXP 	B_2: height = np.float64(42.0)
559.9215 	EXP 	B_2: height = np.float64(42.0)
559.9215 	EXP 	B_2: text = 88
559.9215 	EXP 	BaselineOverrideInfo: text = 'If you are exhausted from the experiment, press "P" to end it after this screen.\nOtherwise, please continue.'
559.9215 	EXP 	correctAnswer: autoDraw = True
559.9215 	EXP 	RBGInfo_2: autoDraw = True
559.9215 	EXP 	R_2: autoDraw = True
559.9215 	EXP 	G_2: autoDraw = True
559.9215 	EXP 	B_2: autoDraw = True
559.9215 	EXP 	BaselineOverrideInfo: autoDraw = True
560.7590 	DATA 	Mouse: Left button down, pos=(1027,246)
560.7746 	EXP 	correctAnswer: autoDraw = False
560.7746 	EXP 	wrongAnswer: autoDraw = False
560.7746 	EXP 	corrColor_2: autoDraw = False
560.7746 	EXP 	RBGInfo_2: autoDraw = False
560.7746 	EXP 	R_2: autoDraw = False
560.7746 	EXP 	G_2: autoDraw = False
560.7746 	EXP 	B_2: autoDraw = False
560.7746 	EXP 	BaselineOverrideInfo: autoDraw = False
560.7746 	EXP 	text_11: autoDraw = True
560.9937 	DATA 	Mouse:  Left button up, pos=(1027,246)
561.1092 	EXP 	New trial (rep=0, index=26): <Trial 26 (26 in rep 0) data={'folder': '01-1', 'image': '006_Purple.jpg', 'logical': True, 'corrColor': 'Purple', 'corrR': 65, 'corrG': 0, 'corrB': 100, 'image_path': '01-1/006_Purple_0.png', 'thisN': 26, 'thisTrialN': 26, 'thisRepN': 0}>
561.2391 	EXP 	text_11: autoDraw = False
561.2391 	EXP 	text_11: autoDraw = False
561.2391 	EXP 	img: foreColor = <psychopy.colors.Color: white, alpha=1.0>
561.2391 	EXP 	img: ori = np.float64(0.0)
561.2391 	EXP 	Instructions: text = 'Click the spacebar to shuffle through the filters to recognize the color.\nPress the button of the color you think it corresponds to.'
561.2391 	EXP 	R: height = np.float64(42.0)
561.2391 	EXP 	R: height = np.float64(42.0)
561.2391 	EXP 	R: height = np.float64(42.0)
561.2391 	EXP 	R: text = 65
561.2391 	EXP 	G: height = np.float64(42.0)
561.2391 	EXP 	G: height = np.float64(42.0)
561.2391 	EXP 	G: height = np.float64(42.0)
561.2391 	EXP 	G: text = 0
561.2391 	EXP 	B: height = np.float64(42.0)
561.2391 	EXP 	B: height = np.float64(42.0)
561.2391 	EXP 	B: height = np.float64(42.0)
561.2391 	EXP 	B: text = 100
561.2391 	EXP 	img: autoDraw = True
561.2391 	EXP 	Instructions: autoDraw = True
561.2391 	EXP 	RBGInfo: autoDraw = True
561.2391 	EXP 	R: autoDraw = True
561.2391 	EXP 	G: autoDraw = True
561.2391 	EXP 	B: autoDraw = True
581.3506 	DATA 	Mouse: Left button down, pos=(1626,589)
581.3720 	EXP 	img: autoDraw = False
581.3720 	EXP 	Instructions: autoDraw = False
581.3720 	EXP 	RBGInfo: autoDraw = False
581.3720 	EXP 	R: autoDraw = False
581.3720 	EXP 	G: autoDraw = False
581.3720 	EXP 	B: autoDraw = False
581.3720 	EXP 	text_8: autoDraw = True
581.5417 	DATA 	Mouse:  Left button up, pos=(1626,589)
581.7545 	EXP 	text_8: autoDraw = False
581.7545 	EXP 	slider: markerPos = None
581.7545 	EXP 	slider: markerPos = 1
581.7545 	EXP 	slider: autoDraw = True
581.7545 	EXP 	text_9: autoDraw = True
581.7545 	EXP 	text_answer: autoDraw = True
584.2723 	DATA 	Mouse: Left button down, pos=(898,559)
584.2880 	EXP 	slider: markerPos = np.float64(2.952)
584.3055 	EXP 	slider: markerPos = np.float64(2.952)
584.3358 	EXP 	slider: markerPos = np.float64(2.952)
584.3550 	EXP 	slider: markerPos = np.float64(2.952)
584.3863 	EXP 	slider: markerPos = np.float64(2.952)
584.4195 	EXP 	slider: markerPos = np.float64(2.952)
584.4526 	EXP 	slider: markerPos = np.float64(2.952)
584.4859 	EXP 	slider: markerPos = np.float64(2.952)
584.4881 	DATA 	Mouse:  Left button up, pos=(898,559)
584.5193 	EXP 	slider: markerPos = 3.0
585.8381 	DATA 	Mouse: Left button down, pos=(940,255)
585.8729 	EXP 	slider: autoDraw = False
585.8729 	EXP 	text_9: autoDraw = False
585.8729 	EXP 	text_answer: autoDraw = False
585.8729 	EXP 	text_8: autoDraw = True
586.0566 	DATA 	Mouse:  Left button up, pos=(940,255)
586.2357 	INFO 	Keyboard events cleared
586.2356 	EXP 	text_8: autoDraw = False
586.2356 	EXP 	corrColor_2: height = np.float64(56.0)
586.2356 	EXP 	corrColor_2: height = np.float64(56.0)
586.2356 	EXP 	corrColor_2: height = np.float64(56.0)
586.2356 	EXP 	corrColor_2: text = 'Purple'
586.2356 	EXP 	R_2: height = np.float64(42.0)
586.2356 	EXP 	R_2: height = np.float64(42.0)
586.2356 	EXP 	R_2: height = np.float64(42.0)
586.2356 	EXP 	R_2: text = 65
586.2356 	EXP 	G_2: height = np.float64(42.0)
586.2356 	EXP 	G_2: height = np.float64(42.0)
586.2356 	EXP 	G_2: height = np.float64(42.0)
586.2356 	EXP 	G_2: text = 0
586.2356 	EXP 	B_2: height = np.float64(42.0)
586.2356 	EXP 	B_2: height = np.float64(42.0)
586.2356 	EXP 	B_2: height = np.float64(42.0)
586.2356 	EXP 	B_2: text = 100
586.2356 	EXP 	BaselineOverrideInfo: text = 'If you are exhausted from the experiment, press "P" to end it after this screen.\nOtherwise, please continue.'
586.2356 	EXP 	wrongAnswer: autoDraw = True
586.2356 	EXP 	corrColor_2: autoDraw = True
586.2356 	EXP 	RBGInfo_2: autoDraw = True
586.2356 	EXP 	R_2: autoDraw = True
586.2356 	EXP 	G_2: autoDraw = True
586.2356 	EXP 	B_2: autoDraw = True
586.2356 	EXP 	BaselineOverrideInfo: autoDraw = True
602.1417 	DATA 	Mouse: Left button down, pos=(1648,518)
602.2049 	EXP 	correctAnswer: autoDraw = True
602.2049 	EXP 	wrongAnswer: autoDraw = False
602.2049 	EXP 	corrColor_2: autoDraw = False
602.3608 	DATA 	Mouse:  Left button up, pos=(1648,518)
604.9412 	DATA 	Mouse: Left button down, pos=(973,257)
604.9547 	EXP 	correctAnswer: autoDraw = False
604.9547 	EXP 	wrongAnswer: autoDraw = False
604.9547 	EXP 	corrColor_2: autoDraw = False
604.9547 	EXP 	RBGInfo_2: autoDraw = False
604.9547 	EXP 	R_2: autoDraw = False
604.9547 	EXP 	G_2: autoDraw = False
604.9547 	EXP 	B_2: autoDraw = False
604.9547 	EXP 	BaselineOverrideInfo: autoDraw = False
604.9547 	EXP 	text_11: autoDraw = True
605.1738 	DATA 	Mouse:  Left button up, pos=(973,257)
605.2891 	EXP 	New trial (rep=0, index=27): <Trial 27 (27 in rep 0) data={'folder': '01-1', 'image': '022_Red.jpg', 'logical': True, 'corrColor': 'Red', 'corrR': 100, 'corrG': 0, 'corrB': 1, 'image_path': '01-1/022_Red_0.png', 'thisN': 27, 'thisTrialN': 27, 'thisRepN': 0}>
605.4037 	EXP 	text_11: autoDraw = False
605.4037 	EXP 	text_11: autoDraw = False
605.4037 	EXP 	img: foreColor = <psychopy.colors.Color: white, alpha=1.0>
605.4037 	EXP 	img: ori = np.float64(0.0)
605.4037 	EXP 	Instructions: text = 'Click the spacebar to shuffle through the filters to recognize the color.\nPress the button of the color you think it corresponds to.'
605.4037 	EXP 	R: height = np.float64(42.0)
605.4037 	EXP 	R: height = np.float64(42.0)
605.4037 	EXP 	R: height = np.float64(42.0)
605.4037 	EXP 	R: text = 100
605.4037 	EXP 	G: height = np.float64(42.0)
605.4037 	EXP 	G: height = np.float64(42.0)
605.4037 	EXP 	G: height = np.float64(42.0)
605.4037 	EXP 	G: text = 0
605.4037 	EXP 	B: height = np.float64(42.0)
605.4037 	EXP 	B: height = np.float64(42.0)
605.4037 	EXP 	B: height = np.float64(42.0)
605.4037 	EXP 	B: text = 1
605.4037 	EXP 	img: autoDraw = True
605.4037 	EXP 	Instructions: autoDraw = True
605.4037 	EXP 	RBGInfo: autoDraw = True
605.4037 	EXP 	R: autoDraw = True
605.4037 	EXP 	G: autoDraw = True
605.4037 	EXP 	B: autoDraw = True
612.8418 	DATA 	Mouse: Left button down, pos=(1607,326)
612.9193 	EXP 	img: autoDraw = False
612.9193 	EXP 	Instructions: autoDraw = False
612.9193 	EXP 	RBGInfo: autoDraw = False
612.9193 	EXP 	R: autoDraw = False
612.9193 	EXP 	G: autoDraw = False
612.9193 	EXP 	B: autoDraw = False
612.9193 	EXP 	text_8: autoDraw = True
613.0723 	DATA 	Mouse:  Left button up, pos=(1607,326)
613.2853 	EXP 	text_8: autoDraw = False
613.2853 	EXP 	text_8: autoDraw = False
613.2853 	EXP 	slider: markerPos = None
613.2853 	EXP 	slider: markerPos = 1
613.2853 	EXP 	slider: autoDraw = True
613.2853 	EXP 	text_9: autoDraw = True
613.2853 	EXP 	text_answer: autoDraw = True
615.2025 	DATA 	Mouse: Left button down, pos=(1401,552)
615.2210 	EXP 	slider: markerPos = np.float64(4.964)
615.2518 	EXP 	slider: markerPos = np.float64(4.964)
615.2711 	EXP 	slider: markerPos = np.float64(4.964)
615.2873 	EXP 	slider: markerPos = np.float64(4.964)
615.3186 	EXP 	slider: markerPos = np.float64(4.964)
615.3519 	EXP 	slider: markerPos = np.float64(4.964)
615.3724 	EXP 	slider: markerPos = np.float64(4.964)
615.4019 	EXP 	slider: markerPos = np.float64(4.964)
615.4353 	EXP 	slider: markerPos = np.float64(4.964)
615.4368 	DATA 	Mouse:  Left button up, pos=(1401,552)
615.4689 	EXP 	slider: markerPos = 5.0
616.6199 	DATA 	Mouse: Left button down, pos=(970,234)
616.6377 	EXP 	slider: autoDraw = False
616.6377 	EXP 	text_9: autoDraw = False
616.6377 	EXP 	text_answer: autoDraw = False
616.6377 	EXP 	text_8: autoDraw = True
616.8401 	DATA 	Mouse:  Left button up, pos=(970,234)
617.0019 	INFO 	Keyboard events cleared
617.0018 	EXP 	text_8: autoDraw = False
617.0018 	EXP 	text_8: autoDraw = False
617.0018 	EXP 	corrColor_2: height = np.float64(56.0)
617.0018 	EXP 	corrColor_2: height = np.float64(56.0)
617.0018 	EXP 	corrColor_2: height = np.float64(56.0)
617.0018 	EXP 	corrColor_2: text = 'Red'
617.0018 	EXP 	R_2: height = np.float64(42.0)
617.0018 	EXP 	R_2: height = np.float64(42.0)
617.0018 	EXP 	R_2: height = np.float64(42.0)
617.0018 	EXP 	R_2: text = 100
617.0018 	EXP 	G_2: height = np.float64(42.0)
617.0018 	EXP 	G_2: height = np.float64(42.0)
617.0018 	EXP 	G_2: height = np.float64(42.0)
617.0018 	EXP 	G_2: text = 0
617.0018 	EXP 	B_2: height = np.float64(42.0)
617.0018 	EXP 	B_2: height = np.float64(42.0)
617.0018 	EXP 	B_2: height = np.float64(42.0)
617.0018 	EXP 	B_2: text = 1
617.0018 	EXP 	BaselineOverrideInfo: text = 'If you are exhausted from the experiment, press "P" to end it after this screen.\nOtherwise, please continue.'
617.0018 	EXP 	correctAnswer: autoDraw = True
617.0018 	EXP 	RBGInfo_2: autoDraw = True
617.0018 	EXP 	R_2: autoDraw = True
617.0018 	EXP 	G_2: autoDraw = True
617.0018 	EXP 	B_2: autoDraw = True
617.0018 	EXP 	BaselineOverrideInfo: autoDraw = True
619.2068 	DATA 	Mouse: Left button down, pos=(970,234)
619.2215 	EXP 	correctAnswer: autoDraw = False
619.2215 	EXP 	wrongAnswer: autoDraw = False
619.2215 	EXP 	corrColor_2: autoDraw = False
619.2215 	EXP 	RBGInfo_2: autoDraw = False
619.2215 	EXP 	R_2: autoDraw = False
619.2215 	EXP 	G_2: autoDraw = False
619.2215 	EXP 	B_2: autoDraw = False
619.2215 	EXP 	BaselineOverrideInfo: autoDraw = False
619.2215 	EXP 	text_11: autoDraw = True
619.4246 	DATA 	Mouse:  Left button up, pos=(970,234)
619.5560 	EXP 	New trial (rep=0, index=28): <Trial 28 (28 in rep 0) data={'folder': '01-1', 'image': '010_Red.jpg', 'logical': True, 'corrColor': 'Red', 'corrR': 99, 'corrG': 0, 'corrB': 12, 'image_path': '01-1/010_Red_0.png', 'thisN': 28, 'thisTrialN': 28, 'thisRepN': 0}>
619.6698 	EXP 	text_11: autoDraw = False
619.6698 	EXP 	text_11: autoDraw = False
619.6698 	EXP 	img: foreColor = <psychopy.colors.Color: white, alpha=1.0>
619.6698 	EXP 	img: ori = np.float64(0.0)
619.6698 	EXP 	Instructions: text = 'Click the spacebar to shuffle through the filters to recognize the color.\nPress the button of the color you think it corresponds to.'
619.6698 	EXP 	R: height = np.float64(42.0)
619.6698 	EXP 	R: height = np.float64(42.0)
619.6698 	EXP 	R: height = np.float64(42.0)
619.6698 	EXP 	R: text = 99
619.6698 	EXP 	G: height = np.float64(42.0)
619.6698 	EXP 	G: height = np.float64(42.0)
619.6698 	EXP 	G: height = np.float64(42.0)
619.6698 	EXP 	G: text = 0
619.6698 	EXP 	B: height = np.float64(42.0)
619.6698 	EXP 	B: height = np.float64(42.0)
619.6698 	EXP 	B: height = np.float64(42.0)
619.6698 	EXP 	B: text = 12
619.6698 	EXP 	img: autoDraw = True
619.6698 	EXP 	Instructions: autoDraw = True
619.6698 	EXP 	RBGInfo: autoDraw = True
619.6698 	EXP 	R: autoDraw = True
619.6698 	EXP 	G: autoDraw = True
619.6698 	EXP 	B: autoDraw = True
628.5799 	DATA 	Mouse: Left button down, pos=(1647,335)
628.6030 	EXP 	img: autoDraw = False
628.6030 	EXP 	Instructions: autoDraw = False
628.6030 	EXP 	RBGInfo: autoDraw = False
628.6030 	EXP 	R: autoDraw = False
628.6030 	EXP 	G: autoDraw = False
628.6030 	EXP 	B: autoDraw = False
628.6030 	EXP 	text_8: autoDraw = True
628.7572 	DATA 	Mouse:  Left button up, pos=(1647,335)
628.9679 	EXP 	text_8: autoDraw = False
628.9679 	EXP 	slider: markerPos = None
628.9679 	EXP 	slider: markerPos = 1
628.9679 	EXP 	slider: autoDraw = True
628.9679 	EXP 	text_9: autoDraw = True
628.9679 	EXP 	text_answer: autoDraw = True
629.9860 	DATA 	Mouse: Left button down, pos=(1382,526)
630.2018 	DATA 	Mouse:  Left button up, pos=(1382,526)
631.2388 	DATA 	Mouse: Left button down, pos=(1419,557)
631.2675 	EXP 	slider: markerPos = np.float64(5.036)
631.2871 	EXP 	slider: markerPos = np.float64(5.036)
631.3031 	EXP 	slider: markerPos = np.float64(5.036)
631.3205 	EXP 	slider: markerPos = np.float64(5.036)
631.3365 	EXP 	slider: markerPos = np.float64(5.036)
631.3538 	EXP 	slider: markerPos = np.float64(5.036)
631.3699 	EXP 	slider: markerPos = np.float64(5.036)
631.3871 	EXP 	slider: markerPos = np.float64(5.036)
631.4033 	EXP 	slider: markerPos = np.float64(5.036)
631.4219 	EXP 	slider: markerPos = np.float64(5.036)
631.4510 	EXP 	slider: markerPos = np.float64(5.036)
631.4518 	DATA 	Mouse:  Left button up, pos=(1419,557)
631.4707 	EXP 	slider: markerPos = 5.0
632.5649 	DATA 	Mouse: Left button down, pos=(1002,255)
632.6049 	EXP 	slider: autoDraw = False
632.6049 	EXP 	text_9: autoDraw = False
632.6049 	EXP 	text_answer: autoDraw = False
632.6049 	EXP 	text_8: autoDraw = True
632.8045 	DATA 	Mouse:  Left button up, pos=(1002,255)
632.9682 	INFO 	Keyboard events cleared
632.9681 	EXP 	text_8: autoDraw = False
632.9681 	EXP 	corrColor_2: text = 'Red'
632.9681 	EXP 	R_2: height = np.float64(42.0)
632.9681 	EXP 	R_2: height = np.float64(42.0)
632.9681 	EXP 	R_2: height = np.float64(42.0)
632.9681 	EXP 	R_2: text = 99
632.9681 	EXP 	G_2: height = np.float64(42.0)
632.9681 	EXP 	G_2: height = np.float64(42.0)
632.9681 	EXP 	G_2: height = np.float64(42.0)
632.9681 	EXP 	G_2: text = 0
632.9681 	EXP 	B_2: height = np.float64(42.0)
632.9681 	EXP 	B_2: height = np.float64(42.0)
632.9681 	EXP 	B_2: height = np.float64(42.0)
632.9681 	EXP 	B_2: text = 12
632.9681 	EXP 	BaselineOverrideInfo: text = 'If you are exhausted from the experiment, press "P" to end it after this screen.\nOtherwise, please continue.'
632.9681 	EXP 	correctAnswer: autoDraw = True
632.9681 	EXP 	RBGInfo_2: autoDraw = True
632.9681 	EXP 	R_2: autoDraw = True
632.9681 	EXP 	G_2: autoDraw = True
632.9681 	EXP 	B_2: autoDraw = True
632.9681 	EXP 	BaselineOverrideInfo: autoDraw = True
633.6392 	DATA 	Mouse: Left button down, pos=(1002,255)
633.6543 	EXP 	correctAnswer: autoDraw = False
633.6543 	EXP 	wrongAnswer: autoDraw = False
633.6543 	EXP 	corrColor_2: autoDraw = False
633.6543 	EXP 	RBGInfo_2: autoDraw = False
633.6543 	EXP 	R_2: autoDraw = False
633.6543 	EXP 	G_2: autoDraw = False
633.6543 	EXP 	B_2: autoDraw = False
633.6543 	EXP 	BaselineOverrideInfo: autoDraw = False
633.6543 	EXP 	text_11: autoDraw = True
633.8713 	DATA 	Mouse:  Left button up, pos=(1002,255)
633.9884 	EXP 	New trial (rep=0, index=29): <Trial 29 (29 in rep 0) data={'folder': '01-1', 'image': '023_Green.jpg', 'logical': True, 'corrColor': 'Green', 'corrR': 13, 'corrG': 100, 'corrB': 0, 'image_path': '01-1/023_Green_0.png', 'thisN': 29, 'thisTrialN': 29, 'thisRepN': 0}>
634.1029 	EXP 	text_11: autoDraw = False
634.1029 	EXP 	text_11: autoDraw = False
634.1029 	EXP 	img: foreColor = <psychopy.colors.Color: white, alpha=1.0>
634.1029 	EXP 	img: ori = np.float64(0.0)
634.1029 	EXP 	Instructions: text = 'Click the spacebar to shuffle through the filters to recognize the color.\nPress the button of the color you think it corresponds to.'
634.1029 	EXP 	R: height = np.float64(42.0)
634.1029 	EXP 	R: height = np.float64(42.0)
634.1029 	EXP 	R: height = np.float64(42.0)
634.1029 	EXP 	R: text = 13
634.1029 	EXP 	G: height = np.float64(42.0)
634.1029 	EXP 	G: height = np.float64(42.0)
634.1029 	EXP 	G: height = np.float64(42.0)
634.1029 	EXP 	G: text = 100
634.1029 	EXP 	B: height = np.float64(42.0)
634.1029 	EXP 	B: height = np.float64(42.0)
634.1029 	EXP 	B: height = np.float64(42.0)
634.1029 	EXP 	B: text = 0
634.1029 	EXP 	img: autoDraw = True
634.1029 	EXP 	Instructions: autoDraw = True
634.1029 	EXP 	RBGInfo: autoDraw = True
634.1029 	EXP 	R: autoDraw = True
634.1029 	EXP 	G: autoDraw = True
634.1029 	EXP 	B: autoDraw = True
639.4581 	DATA 	Mouse: Left button down, pos=(1638,392)
639.4685 	EXP 	img: autoDraw = False
639.4685 	EXP 	Instructions: autoDraw = False
639.4685 	EXP 	RBGInfo: autoDraw = False
639.4685 	EXP 	R: autoDraw = False
639.4685 	EXP 	G: autoDraw = False
639.4685 	EXP 	B: autoDraw = False
639.4685 	EXP 	text_8: autoDraw = True
639.6887 	DATA 	Mouse:  Left button up, pos=(1638,392)
639.8344 	EXP 	text_8: autoDraw = False
639.8344 	EXP 	text_8: autoDraw = False
639.8344 	EXP 	slider: markerPos = None
639.8344 	EXP 	slider: markerPos = 1
639.8344 	EXP 	slider: autoDraw = True
639.8344 	EXP 	text_9: autoDraw = True
639.8344 	EXP 	text_answer: autoDraw = True
640.9543 	DATA 	Mouse: Left button down, pos=(1416,519)
641.1867 	DATA 	Mouse:  Left button up, pos=(1416,519)
641.9853 	DATA 	Mouse: Left button down, pos=(1403,594)
642.0168 	EXP 	slider: markerPos = np.float64(4.9719999999999995)
642.0502 	EXP 	slider: markerPos = np.float64(4.9719999999999995)
642.0836 	EXP 	slider: markerPos = np.float64(4.9719999999999995)
642.1025 	EXP 	slider: markerPos = np.float64(4.9719999999999995)
642.1186 	EXP 	slider: markerPos = np.float64(4.9719999999999995)
642.1360 	EXP 	slider: markerPos = np.float64(4.9719999999999995)
642.1521 	EXP 	slider: markerPos = np.float64(4.9719999999999995)
642.1697 	EXP 	slider: markerPos = np.float64(4.9719999999999995)
642.1854 	EXP 	slider: markerPos = np.float64(4.9719999999999995)
642.2024 	EXP 	slider: markerPos = np.float64(4.9719999999999995)
642.2030 	DATA 	Mouse:  Left button up, pos=(1403,594)
642.2189 	EXP 	slider: markerPos = 5.0
643.1186 	DATA 	Mouse: Left button down, pos=(1021,244)
643.1376 	EXP 	slider: autoDraw = False
643.1376 	EXP 	text_9: autoDraw = False
643.1376 	EXP 	text_answer: autoDraw = False
643.1376 	EXP 	text_8: autoDraw = True
643.3546 	DATA 	Mouse:  Left button up, pos=(1021,244)
643.5007 	INFO 	Keyboard events cleared
643.5005 	EXP 	text_8: autoDraw = False
643.5005 	EXP 	text_8: autoDraw = False
643.5005 	EXP 	corrColor_2: height = np.float64(56.0)
643.5005 	EXP 	corrColor_2: height = np.float64(56.0)
643.5005 	EXP 	corrColor_2: height = np.float64(56.0)
643.5005 	EXP 	corrColor_2: text = 'Green'
643.5005 	EXP 	R_2: height = np.float64(42.0)
643.5005 	EXP 	R_2: height = np.float64(42.0)
643.5005 	EXP 	R_2: height = np.float64(42.0)
643.5005 	EXP 	R_2: text = 13
643.5005 	EXP 	G_2: height = np.float64(42.0)
643.5005 	EXP 	G_2: height = np.float64(42.0)
643.5005 	EXP 	G_2: height = np.float64(42.0)
643.5005 	EXP 	G_2: text = 100
643.5005 	EXP 	B_2: height = np.float64(42.0)
643.5005 	EXP 	B_2: height = np.float64(42.0)
643.5005 	EXP 	B_2: height = np.float64(42.0)
643.5005 	EXP 	B_2: text = 0
643.5005 	EXP 	BaselineOverrideInfo: text = 'If you are exhausted from the experiment, press "P" to end it after this screen.\nOtherwise, please continue.'
643.5005 	EXP 	correctAnswer: autoDraw = True
643.5005 	EXP 	RBGInfo_2: autoDraw = True
643.5005 	EXP 	R_2: autoDraw = True
643.5005 	EXP 	G_2: autoDraw = True
643.5005 	EXP 	B_2: autoDraw = True
643.5005 	EXP 	BaselineOverrideInfo: autoDraw = True
644.1890 	DATA 	Mouse: Left button down, pos=(1021,244)
644.2033 	EXP 	correctAnswer: autoDraw = False
644.2033 	EXP 	wrongAnswer: autoDraw = False
644.2033 	EXP 	corrColor_2: autoDraw = False
644.2033 	EXP 	RBGInfo_2: autoDraw = False
644.2033 	EXP 	R_2: autoDraw = False
644.2033 	EXP 	G_2: autoDraw = False
644.2033 	EXP 	B_2: autoDraw = False
644.2033 	EXP 	BaselineOverrideInfo: autoDraw = False
644.2033 	EXP 	text_11: autoDraw = True
644.4215 	DATA 	Mouse:  Left button up, pos=(1021,244)
644.5366 	EXP 	New trial (rep=0, index=30): <Trial 30 (30 in rep 0) data={'folder': '01-1', 'image': '016_Cyan.jpg', 'logical': True, 'corrColor': 'Cyan', 'corrR': 0, 'corrG': 100, 'corrB': 96, 'image_path': '01-1/016_Cyan_0.png', 'thisN': 30, 'thisTrialN': 30, 'thisRepN': 0}>
644.6181 	EXP 	text_11: autoDraw = False
644.6181 	EXP 	text_11: autoDraw = False
644.6181 	EXP 	img: foreColor = <psychopy.colors.Color: white, alpha=1.0>
644.6181 	EXP 	img: ori = np.float64(0.0)
644.6181 	EXP 	Instructions: text = 'Click the spacebar to shuffle through the filters to recognize the color.\nPress the button of the color you think it corresponds to.'
644.6181 	EXP 	R: height = np.float64(42.0)
644.6181 	EXP 	R: height = np.float64(42.0)
644.6181 	EXP 	R: height = np.float64(42.0)
644.6181 	EXP 	R: text = 0
644.6181 	EXP 	G: height = np.float64(42.0)
644.6181 	EXP 	G: height = np.float64(42.0)
644.6181 	EXP 	G: height = np.float64(42.0)
644.6181 	EXP 	G: text = 100
644.6181 	EXP 	B: height = np.float64(42.0)
644.6181 	EXP 	B: height = np.float64(42.0)
644.6181 	EXP 	B: height = np.float64(42.0)
644.6181 	EXP 	B: text = 96
644.6181 	EXP 	img: autoDraw = True
644.6181 	EXP 	Instructions: autoDraw = True
644.6181 	EXP 	RBGInfo: autoDraw = True
644.6181 	EXP 	R: autoDraw = True
644.6181 	EXP 	G: autoDraw = True
644.6181 	EXP 	B: autoDraw = True
661.3038 	DATA 	Mouse: Left button down, pos=(1616,442)
661.3227 	EXP 	img: autoDraw = False
661.3227 	EXP 	Instructions: autoDraw = False
661.3227 	EXP 	RBGInfo: autoDraw = False
661.3227 	EXP 	R: autoDraw = False
661.3227 	EXP 	G: autoDraw = False
661.3227 	EXP 	B: autoDraw = False
661.3227 	EXP 	text_8: autoDraw = True
661.5102 	DATA 	Mouse:  Left button up, pos=(1616,442)
661.7042 	EXP 	text_8: autoDraw = False
661.7042 	EXP 	slider: markerPos = None
661.7042 	EXP 	slider: markerPos = 1
661.7042 	EXP 	slider: autoDraw = True
661.7042 	EXP 	text_9: autoDraw = True
661.7042 	EXP 	text_answer: autoDraw = True
662.7206 	DATA 	Mouse: Left button down, pos=(1374,564)
662.7705 	EXP 	slider: markerPos = np.float64(4.856)
662.8037 	EXP 	slider: markerPos = np.float64(4.856)
662.8371 	EXP 	slider: markerPos = np.float64(4.856)
662.8704 	EXP 	slider: markerPos = np.float64(4.856)
662.9037 	EXP 	slider: markerPos = np.float64(4.856)
662.9372 	EXP 	slider: markerPos = np.float64(4.856)
662.9399 	DATA 	Mouse:  Left button up, pos=(1374,564)
662.9710 	EXP 	slider: markerPos = 5.0
664.2468 	DATA 	Mouse: Left button down, pos=(992,241)
664.2923 	EXP 	slider: autoDraw = False
664.2923 	EXP 	text_9: autoDraw = False
664.2923 	EXP 	text_answer: autoDraw = False
664.2923 	EXP 	text_8: autoDraw = True
664.4605 	DATA 	Mouse:  Left button up, pos=(992,241)
664.6542 	INFO 	Keyboard events cleared
664.6541 	EXP 	text_8: autoDraw = False
664.6541 	EXP 	corrColor_2: height = np.float64(56.0)
664.6541 	EXP 	corrColor_2: height = np.float64(56.0)
664.6541 	EXP 	corrColor_2: height = np.float64(56.0)
664.6541 	EXP 	corrColor_2: text = 'Cyan'
664.6541 	EXP 	R_2: height = np.float64(42.0)
664.6541 	EXP 	R_2: height = np.float64(42.0)
664.6541 	EXP 	R_2: height = np.float64(42.0)
664.6541 	EXP 	R_2: text = 0
664.6541 	EXP 	G_2: height = np.float64(42.0)
664.6541 	EXP 	G_2: height = np.float64(42.0)
664.6541 	EXP 	G_2: height = np.float64(42.0)
664.6541 	EXP 	G_2: text = 100
664.6541 	EXP 	B_2: height = np.float64(42.0)
664.6541 	EXP 	B_2: height = np.float64(42.0)
664.6541 	EXP 	B_2: height = np.float64(42.0)
664.6541 	EXP 	B_2: text = 96
664.6541 	EXP 	BaselineOverrideInfo: text = 'If you are exhausted from the experiment, press "P" to end it after this screen.\nOtherwise, please continue.'
664.6541 	EXP 	correctAnswer: autoDraw = True
664.6541 	EXP 	RBGInfo_2: autoDraw = True
664.6541 	EXP 	R_2: autoDraw = True
664.6541 	EXP 	G_2: autoDraw = True
664.6541 	EXP 	B_2: autoDraw = True
664.6541 	EXP 	BaselineOverrideInfo: autoDraw = True
665.8761 	DATA 	Mouse: Left button down, pos=(992,241)
665.9017 	EXP 	correctAnswer: autoDraw = False
665.9017 	EXP 	wrongAnswer: autoDraw = False
665.9017 	EXP 	corrColor_2: autoDraw = False
665.9017 	EXP 	RBGInfo_2: autoDraw = False
665.9017 	EXP 	R_2: autoDraw = False
665.9017 	EXP 	G_2: autoDraw = False
665.9017 	EXP 	B_2: autoDraw = False
665.9017 	EXP 	BaselineOverrideInfo: autoDraw = False
665.9017 	EXP 	text_11: autoDraw = True
666.0927 	DATA 	Mouse:  Left button up, pos=(992,241)
666.2399 	EXP 	New trial (rep=0, index=31): <Trial 31 (31 in rep 0) data={'folder': '01-1', 'image': '016_Blue.jpg', 'logical': True, 'corrColor': 'Blue', 'corrR': 0, 'corrG': 8, 'corrB': 99, 'image_path': '01-1/016_Blue_0.png', 'thisN': 31, 'thisTrialN': 31, 'thisRepN': 0}>
666.3891 	EXP 	text_11: autoDraw = False
666.3891 	EXP 	img: foreColor = <psychopy.colors.Color: white, alpha=1.0>
666.3891 	EXP 	img: ori = np.float64(0.0)
666.3891 	EXP 	Instructions: text = 'Click the spacebar to shuffle through the filters to recognize the color.\nPress the button of the color you think it corresponds to.'
666.3891 	EXP 	R: height = np.float64(42.0)
666.3891 	EXP 	R: height = np.float64(42.0)
666.3891 	EXP 	R: height = np.float64(42.0)
666.3891 	EXP 	R: text = 0
666.3891 	EXP 	G: height = np.float64(42.0)
666.3891 	EXP 	G: height = np.float64(42.0)
666.3891 	EXP 	G: height = np.float64(42.0)
666.3891 	EXP 	G: text = 8
666.3891 	EXP 	B: height = np.float64(42.0)
666.3891 	EXP 	B: height = np.float64(42.0)
666.3891 	EXP 	B: height = np.float64(42.0)
666.3891 	EXP 	B: text = 99
666.3891 	EXP 	img: autoDraw = True
666.3891 	EXP 	Instructions: autoDraw = True
666.3891 	EXP 	RBGInfo: autoDraw = True
666.3891 	EXP 	R: autoDraw = True
666.3891 	EXP 	G: autoDraw = True
666.3891 	EXP 	B: autoDraw = True
670.6648 	DATA 	Mouse: Left button down, pos=(1622,636)
670.6874 	EXP 	img: autoDraw = False
670.6874 	EXP 	Instructions: autoDraw = False
670.6874 	EXP 	RBGInfo: autoDraw = False
670.6874 	EXP 	R: autoDraw = False
670.6874 	EXP 	G: autoDraw = False
670.6874 	EXP 	B: autoDraw = False
670.6874 	EXP 	text_8: autoDraw = True
670.8743 	DATA 	Mouse:  Left button up, pos=(1622,636)
671.0518 	EXP 	text_8: autoDraw = False
671.0518 	EXP 	slider: markerPos = None
671.0518 	EXP 	slider: markerPos = 1
671.0518 	EXP 	slider: autoDraw = True
671.0518 	EXP 	text_9: autoDraw = True
671.0518 	EXP 	text_answer: autoDraw = True
672.8686 	DATA 	Mouse: Left button down, pos=(1396,597)
672.9005 	EXP 	slider: markerPos = np.float64(4.944)
672.9341 	EXP 	slider: markerPos = np.float64(4.944)
672.9668 	EXP 	slider: markerPos = np.float64(4.944)
672.9876 	EXP 	slider: markerPos = np.float64(4.944)
673.0172 	EXP 	slider: markerPos = np.float64(4.944)
673.0507 	EXP 	slider: markerPos = np.float64(4.944)
673.0836 	EXP 	slider: markerPos = np.float64(4.944)
673.0846 	DATA 	Mouse:  Left button up, pos=(1396,597)
673.1172 	EXP 	slider: markerPos = 5.0
674.3273 	DATA 	Mouse: Left button down, pos=(1021,287)
674.3519 	EXP 	slider: autoDraw = False
674.3519 	EXP 	text_9: autoDraw = False
674.3519 	EXP 	text_answer: autoDraw = False
674.3519 	EXP 	text_8: autoDraw = True
674.5522 	DATA 	Mouse:  Left button up, pos=(1021,287)
674.7160 	INFO 	Keyboard events cleared
674.7159 	EXP 	text_8: autoDraw = False
674.7159 	EXP 	text_8: autoDraw = False
674.7159 	EXP 	corrColor_2: height = np.float64(56.0)
674.7159 	EXP 	corrColor_2: height = np.float64(56.0)
674.7159 	EXP 	corrColor_2: height = np.float64(56.0)
674.7159 	EXP 	corrColor_2: text = 'Blue'
674.7159 	EXP 	R_2: height = np.float64(42.0)
674.7159 	EXP 	R_2: height = np.float64(42.0)
674.7159 	EXP 	R_2: height = np.float64(42.0)
674.7159 	EXP 	R_2: text = 0
674.7159 	EXP 	G_2: height = np.float64(42.0)
674.7159 	EXP 	G_2: height = np.float64(42.0)
674.7159 	EXP 	G_2: height = np.float64(42.0)
674.7159 	EXP 	G_2: text = 8
674.7159 	EXP 	B_2: height = np.float64(42.0)
674.7159 	EXP 	B_2: height = np.float64(42.0)
674.7159 	EXP 	B_2: height = np.float64(42.0)
674.7159 	EXP 	B_2: text = 99
674.7159 	EXP 	BaselineOverrideInfo: text = 'If you are exhausted from the experiment, press "P" to end it after this screen.\nOtherwise, please continue.'
674.7159 	EXP 	correctAnswer: autoDraw = True
674.7159 	EXP 	RBGInfo_2: autoDraw = True
674.7159 	EXP 	R_2: autoDraw = True
674.7159 	EXP 	G_2: autoDraw = True
674.7159 	EXP 	B_2: autoDraw = True
674.7159 	EXP 	BaselineOverrideInfo: autoDraw = True
676.9854 	DATA 	Mouse: Left button down, pos=(1004,235)
677.0012 	EXP 	correctAnswer: autoDraw = False
677.0012 	EXP 	wrongAnswer: autoDraw = False
677.0012 	EXP 	corrColor_2: autoDraw = False
677.0012 	EXP 	RBGInfo_2: autoDraw = False
677.0012 	EXP 	R_2: autoDraw = False
677.0012 	EXP 	G_2: autoDraw = False
677.0012 	EXP 	B_2: autoDraw = False
677.0012 	EXP 	BaselineOverrideInfo: autoDraw = False
677.0012 	EXP 	text_11: autoDraw = True
677.2024 	DATA 	Mouse:  Left button up, pos=(1004,235)
677.3367 	EXP 	New trial (rep=0, index=32): <Trial 32 (32 in rep 0) data={'folder': '01-1', 'image': '016_Red.jpg', 'logical': True, 'corrColor': 'Red', 'corrR': 100, 'corrG': 7, 'corrB': 0, 'image_path': '01-1/016_Red_0.png', 'thisN': 32, 'thisTrialN': 32, 'thisRepN': 0}>
677.4505 	EXP 	text_11: autoDraw = False
677.4505 	EXP 	text_11: autoDraw = False
677.4505 	EXP 	img: foreColor = <psychopy.colors.Color: white, alpha=1.0>
677.4505 	EXP 	img: ori = np.float64(0.0)
677.4505 	EXP 	Instructions: text = 'Click the spacebar to shuffle through the filters to recognize the color.\nPress the button of the color you think it corresponds to.'
677.4505 	EXP 	R: height = np.float64(42.0)
677.4505 	EXP 	R: height = np.float64(42.0)
677.4505 	EXP 	R: height = np.float64(42.0)
677.4505 	EXP 	R: text = 100
677.4505 	EXP 	G: height = np.float64(42.0)
677.4505 	EXP 	G: height = np.float64(42.0)
677.4505 	EXP 	G: height = np.float64(42.0)
677.4505 	EXP 	G: text = 7
677.4505 	EXP 	B: height = np.float64(42.0)
677.4505 	EXP 	B: height = np.float64(42.0)
677.4505 	EXP 	B: height = np.float64(42.0)
677.4505 	EXP 	B: text = 0
677.4505 	EXP 	img: autoDraw = True
677.4505 	EXP 	Instructions: autoDraw = True
677.4505 	EXP 	RBGInfo: autoDraw = True
677.4505 	EXP 	R: autoDraw = True
677.4505 	EXP 	G: autoDraw = True
677.4505 	EXP 	B: autoDraw = True
683.2060 	DATA 	Mouse: Left button down, pos=(1615,330)
683.2170 	EXP 	img: autoDraw = False
683.2170 	EXP 	Instructions: autoDraw = False
683.2170 	EXP 	RBGInfo: autoDraw = False
683.2170 	EXP 	R: autoDraw = False
683.2170 	EXP 	G: autoDraw = False
683.2170 	EXP 	B: autoDraw = False
683.2170 	EXP 	text_8: autoDraw = True
683.4037 	DATA 	Mouse:  Left button up, pos=(1615,330)
683.5829 	EXP 	text_8: autoDraw = False
683.5829 	EXP 	text_8: autoDraw = False
683.5829 	EXP 	slider: markerPos = None
683.5829 	EXP 	slider: markerPos = 1
683.5829 	EXP 	slider: autoDraw = True
683.5829 	EXP 	text_9: autoDraw = True
683.5829 	EXP 	text_answer: autoDraw = True
684.7275 	DATA 	Mouse: Left button down, pos=(1421,555)
684.7692 	EXP 	slider: markerPos = np.float64(5.0440000000000005)
684.7992 	EXP 	slider: markerPos = np.float64(5.0440000000000005)
684.8180 	EXP 	slider: markerPos = np.float64(5.0440000000000005)
684.8341 	EXP 	slider: markerPos = np.float64(5.0440000000000005)
684.8518 	EXP 	slider: markerPos = np.float64(5.0440000000000005)
684.8680 	EXP 	slider: markerPos = np.float64(5.0440000000000005)
684.8851 	EXP 	slider: markerPos = np.float64(5.0440000000000005)
684.9013 	EXP 	slider: markerPos = np.float64(5.0440000000000005)
684.9184 	EXP 	slider: markerPos = np.float64(5.0440000000000005)
684.9345 	EXP 	slider: markerPos = np.float64(5.0440000000000005)
684.9518 	EXP 	slider: markerPos = np.float64(5.0440000000000005)
684.9526 	DATA 	Mouse:  Left button up, pos=(1421,555)
684.9680 	EXP 	slider: markerPos = 5.0
686.0360 	DATA 	Mouse: Left button down, pos=(1018,246)
686.0517 	EXP 	slider: autoDraw = False
686.0517 	EXP 	text_9: autoDraw = False
686.0517 	EXP 	text_answer: autoDraw = False
686.0517 	EXP 	text_8: autoDraw = True
686.2702 	DATA 	Mouse:  Left button up, pos=(1018,246)
686.4162 	INFO 	Keyboard events cleared
686.4160 	EXP 	text_8: autoDraw = False
686.4160 	EXP 	text_8: autoDraw = False
686.4160 	EXP 	corrColor_2: height = np.float64(56.0)
686.4160 	EXP 	corrColor_2: height = np.float64(56.0)
686.4160 	EXP 	corrColor_2: height = np.float64(56.0)
686.4160 	EXP 	corrColor_2: text = 'Red'
686.4160 	EXP 	R_2: height = np.float64(42.0)
686.4160 	EXP 	R_2: height = np.float64(42.0)
686.4160 	EXP 	R_2: height = np.float64(42.0)
686.4160 	EXP 	R_2: text = 100
686.4160 	EXP 	G_2: height = np.float64(42.0)
686.4160 	EXP 	G_2: height = np.float64(42.0)
686.4160 	EXP 	G_2: height = np.float64(42.0)
686.4160 	EXP 	G_2: text = 7
686.4160 	EXP 	B_2: height = np.float64(42.0)
686.4160 	EXP 	B_2: height = np.float64(42.0)
686.4160 	EXP 	B_2: height = np.float64(42.0)
686.4160 	EXP 	B_2: text = 0
686.4160 	EXP 	BaselineOverrideInfo: text = 'If you are exhausted from the experiment, press "P" to end it after this screen.\nOtherwise, please continue.'
686.4160 	EXP 	correctAnswer: autoDraw = True
686.4160 	EXP 	RBGInfo_2: autoDraw = True
686.4160 	EXP 	R_2: autoDraw = True
686.4160 	EXP 	G_2: autoDraw = True
686.4160 	EXP 	B_2: autoDraw = True
686.4160 	EXP 	BaselineOverrideInfo: autoDraw = True
687.3417 	DATA 	Mouse: Left button down, pos=(1018,246)
687.3691 	EXP 	correctAnswer: autoDraw = False
687.3691 	EXP 	wrongAnswer: autoDraw = False
687.3691 	EXP 	corrColor_2: autoDraw = False
687.3691 	EXP 	RBGInfo_2: autoDraw = False
687.3691 	EXP 	R_2: autoDraw = False
687.3691 	EXP 	G_2: autoDraw = False
687.3691 	EXP 	B_2: autoDraw = False
687.3691 	EXP 	BaselineOverrideInfo: autoDraw = False
687.3691 	EXP 	text_11: autoDraw = True
687.5710 	DATA 	Mouse:  Left button up, pos=(1018,246)
687.7031 	EXP 	New trial (rep=0, index=33): <Trial 33 (33 in rep 0) data={'folder': '01-1', 'image': '011_Cyan.jpg', 'logical': True, 'corrColor': 'Cyan', 'corrR': 0, 'corrG': 88, 'corrB': 97, 'image_path': '01-1/011_Cyan_0.png', 'thisN': 33, 'thisTrialN': 33, 'thisRepN': 0}>
687.7999 	EXP 	text_11: autoDraw = False
687.7999 	EXP 	text_11: autoDraw = False
687.7999 	EXP 	img: foreColor = <psychopy.colors.Color: white, alpha=1.0>
687.7999 	EXP 	img: ori = np.float64(0.0)
687.7999 	EXP 	Instructions: text = 'Click the spacebar to shuffle through the filters to recognize the color.\nPress the button of the color you think it corresponds to.'
687.7999 	EXP 	R: height = np.float64(42.0)
687.7999 	EXP 	R: height = np.float64(42.0)
687.7999 	EXP 	R: height = np.float64(42.0)
687.7999 	EXP 	R: text = 0
687.7999 	EXP 	G: height = np.float64(42.0)
687.7999 	EXP 	G: height = np.float64(42.0)
687.7999 	EXP 	G: height = np.float64(42.0)
687.7999 	EXP 	G: text = 88
687.7999 	EXP 	B: height = np.float64(42.0)
687.7999 	EXP 	B: height = np.float64(42.0)
687.7999 	EXP 	B: height = np.float64(42.0)
687.7999 	EXP 	B: text = 97
687.7999 	EXP 	img: autoDraw = True
687.7999 	EXP 	Instructions: autoDraw = True
687.7999 	EXP 	RBGInfo: autoDraw = True
687.7999 	EXP 	R: autoDraw = True
687.7999 	EXP 	G: autoDraw = True
687.7999 	EXP 	B: autoDraw = True
701.0690 	DATA 	Mouse: Left button down, pos=(1608,463)
701.0833 	EXP 	img: autoDraw = False
701.0833 	EXP 	Instructions: autoDraw = False
701.0833 	EXP 	RBGInfo: autoDraw = False
701.0833 	EXP 	R: autoDraw = False
701.0833 	EXP 	G: autoDraw = False
701.0833 	EXP 	B: autoDraw = False
701.0833 	EXP 	text_8: autoDraw = True
701.2687 	DATA 	Mouse:  Left button up, pos=(1608,463)
701.4482 	EXP 	text_8: autoDraw = False
701.4482 	EXP 	text_8: autoDraw = False
701.4482 	EXP 	slider: markerPos = None
701.4482 	EXP 	slider: markerPos = 1
701.4482 	EXP 	slider: autoDraw = True
701.4482 	EXP 	text_9: autoDraw = True
701.4482 	EXP 	text_answer: autoDraw = True
702.7791 	DATA 	Mouse: Left button down, pos=(1395,613)
702.8314 	EXP 	slider: markerPos = np.float64(4.9399999999999995)
702.8650 	EXP 	slider: markerPos = np.float64(4.9399999999999995)
702.8986 	EXP 	slider: markerPos = np.float64(4.9399999999999995)
702.9315 	EXP 	slider: markerPos = np.float64(4.9399999999999995)
702.9649 	EXP 	slider: markerPos = np.float64(4.9399999999999995)
702.9978 	EXP 	slider: markerPos = np.float64(4.9399999999999995)
703.0159 	DATA 	Mouse:  Left button up, pos=(1395,613)
703.0320 	EXP 	slider: markerPos = np.float64(4.9399999999999995)
703.0517 	EXP 	slider: markerPos = 5.0
703.9062 	DATA 	Mouse: Left button down, pos=(977,246)
703.9338 	EXP 	slider: autoDraw = False
703.9338 	EXP 	text_9: autoDraw = False
703.9338 	EXP 	text_answer: autoDraw = False
703.9338 	EXP 	text_8: autoDraw = True
704.1339 	DATA 	Mouse:  Left button up, pos=(977,246)
704.2983 	INFO 	Keyboard events cleared
704.2982 	EXP 	text_8: autoDraw = False
704.2982 	EXP 	text_8: autoDraw = False
704.2982 	EXP 	corrColor_2: height = np.float64(56.0)
704.2982 	EXP 	corrColor_2: height = np.float64(56.0)
704.2982 	EXP 	corrColor_2: height = np.float64(56.0)
704.2982 	EXP 	corrColor_2: text = 'Cyan'
704.2982 	EXP 	R_2: height = np.float64(42.0)
704.2982 	EXP 	R_2: height = np.float64(42.0)
704.2982 	EXP 	R_2: height = np.float64(42.0)
704.2982 	EXP 	R_2: text = 0
704.2982 	EXP 	G_2: height = np.float64(42.0)
704.2982 	EXP 	G_2: height = np.float64(42.0)
704.2982 	EXP 	G_2: height = np.float64(42.0)
704.2982 	EXP 	G_2: text = 88
704.2982 	EXP 	B_2: height = np.float64(42.0)
704.2982 	EXP 	B_2: height = np.float64(42.0)
704.2982 	EXP 	B_2: height = np.float64(42.0)
704.2982 	EXP 	B_2: text = 97
704.2982 	EXP 	BaselineOverrideInfo: text = 'If you are exhausted from the experiment, press "P" to end it after this screen.\nOtherwise, please continue.'
704.2982 	EXP 	correctAnswer: autoDraw = True
704.2982 	EXP 	RBGInfo_2: autoDraw = True
704.2982 	EXP 	R_2: autoDraw = True
704.2982 	EXP 	G_2: autoDraw = True
704.2982 	EXP 	B_2: autoDraw = True
704.2982 	EXP 	BaselineOverrideInfo: autoDraw = True
706.3059 	DATA 	Mouse: Left button down, pos=(977,246)
706.3334 	EXP 	correctAnswer: autoDraw = False
706.3334 	EXP 	wrongAnswer: autoDraw = False
706.3334 	EXP 	corrColor_2: autoDraw = False
706.3334 	EXP 	RBGInfo_2: autoDraw = False
706.3334 	EXP 	R_2: autoDraw = False
706.3334 	EXP 	G_2: autoDraw = False
706.3334 	EXP 	B_2: autoDraw = False
706.3334 	EXP 	BaselineOverrideInfo: autoDraw = False
706.3334 	EXP 	text_11: autoDraw = True
706.5335 	DATA 	Mouse:  Left button up, pos=(977,246)
706.6666 	EXP 	New trial (rep=0, index=34): <Trial 34 (34 in rep 0) data={'folder': '01-1', 'image': '019_Blue.jpg', 'logical': True, 'corrColor': 'Blue', 'corrR': 0, 'corrG': 2, 'corrB': 95, 'image_path': '01-1/019_Blue_0.png', 'thisN': 34, 'thisTrialN': 34, 'thisRepN': 0}>
706.7326 	EXP 	text_11: autoDraw = False
706.7326 	EXP 	text_11: autoDraw = False
706.7326 	EXP 	img: foreColor = <psychopy.colors.Color: white, alpha=1.0>
706.7326 	EXP 	img: ori = np.float64(0.0)
706.7326 	EXP 	Instructions: text = 'Click the spacebar to shuffle through the filters to recognize the color.\nPress the button of the color you think it corresponds to.'
706.7326 	EXP 	R: height = np.float64(42.0)
706.7326 	EXP 	R: height = np.float64(42.0)
706.7326 	EXP 	R: height = np.float64(42.0)
706.7326 	EXP 	R: text = 0
706.7326 	EXP 	G: height = np.float64(42.0)
706.7326 	EXP 	G: height = np.float64(42.0)
706.7326 	EXP 	G: height = np.float64(42.0)
706.7326 	EXP 	G: text = 2
706.7326 	EXP 	B: height = np.float64(42.0)
706.7326 	EXP 	B: height = np.float64(42.0)
706.7326 	EXP 	B: height = np.float64(42.0)
706.7326 	EXP 	B: text = 95
706.7326 	EXP 	img: autoDraw = True
706.7326 	EXP 	Instructions: autoDraw = True
706.7326 	EXP 	RBGInfo: autoDraw = True
706.7326 	EXP 	R: autoDraw = True
706.7326 	EXP 	G: autoDraw = True
706.7326 	EXP 	B: autoDraw = True
710.2415 	DATA 	Keypress: space
710.2421 	EXP 	Device response: <KeyPress from None: t=710.232243000064, value=space, duration=None>
710.3299 	EXP 	Device response: <KeyPress from None: t=710.232243000064, value=space, duration=0.09225429990328848>
712.1883 	DATA 	Keypress: space
712.1890 	EXP 	Device response: <KeyPress from None: t=712.1863927000668, value=space, duration=None>
712.2854 	EXP 	Device response: <KeyPress from None: t=712.1863927000668, value=space, duration=0.07985249999910593>
712.9735 	DATA 	Keypress: space
712.9744 	EXP 	Device response: <KeyPress from None: t=712.9613191001117, value=space, duration=None>
713.1387 	EXP 	Device response: <KeyPress from None: t=712.9613191001117, value=space, duration=0.10677760001271963>
725.0070 	DATA 	Mouse: Left button down, pos=(1620,646)
725.0156 	EXP 	img: autoDraw = False
725.0156 	EXP 	Instructions: autoDraw = False
725.0156 	EXP 	RBGInfo: autoDraw = False
725.0156 	EXP 	R: autoDraw = False
725.0156 	EXP 	G: autoDraw = False
725.0156 	EXP 	B: autoDraw = False
725.0156 	EXP 	text_8: autoDraw = True
725.2020 	DATA 	Mouse:  Left button up, pos=(1620,646)
725.3811 	EXP 	text_8: autoDraw = False
725.3811 	EXP 	text_8: autoDraw = False
725.3811 	EXP 	slider: markerPos = None
725.3811 	EXP 	slider: markerPos = 1
725.3811 	EXP 	slider: autoDraw = True
725.3811 	EXP 	text_9: autoDraw = True
725.3811 	EXP 	text_answer: autoDraw = True
726.5152 	DATA 	Mouse: Left button down, pos=(1373,589)
726.5330 	EXP 	slider: markerPos = np.float64(4.852)
726.5639 	EXP 	slider: markerPos = np.float64(4.852)
726.5830 	EXP 	slider: markerPos = np.float64(4.852)
726.6003 	EXP 	slider: markerPos = np.float64(4.852)
726.6305 	EXP 	slider: markerPos = np.float64(4.852)
726.6498 	EXP 	slider: markerPos = np.float64(4.852)
726.6658 	EXP 	slider: markerPos = np.float64(4.852)
726.6846 	EXP 	slider: markerPos = np.float64(4.852)
726.7138 	EXP 	slider: markerPos = np.float64(4.852)
726.7351 	EXP 	slider: markerPos = np.float64(4.852)
726.7359 	DATA 	Mouse:  Left button up, pos=(1373,589)
726.7638 	EXP 	slider: markerPos = 5.0
727.7412 	DATA 	Mouse: Left button down, pos=(1025,258)
727.7836 	EXP 	slider: autoDraw = False
727.7836 	EXP 	text_9: autoDraw = False
727.7836 	EXP 	text_answer: autoDraw = False
727.7836 	EXP 	text_8: autoDraw = True
727.9528 	DATA 	Mouse:  Left button up, pos=(1025,258)
728.1328 	INFO 	Keyboard events cleared
728.1326 	EXP 	text_8: autoDraw = False
728.1326 	EXP 	corrColor_2: height = np.float64(56.0)
728.1326 	EXP 	corrColor_2: height = np.float64(56.0)
728.1326 	EXP 	corrColor_2: height = np.float64(56.0)
728.1326 	EXP 	corrColor_2: text = 'Blue'
728.1326 	EXP 	R_2: height = np.float64(42.0)
728.1326 	EXP 	R_2: height = np.float64(42.0)
728.1326 	EXP 	R_2: height = np.float64(42.0)
728.1326 	EXP 	R_2: text = 0
728.1326 	EXP 	G_2: height = np.float64(42.0)
728.1326 	EXP 	G_2: height = np.float64(42.0)
728.1326 	EXP 	G_2: height = np.float64(42.0)
728.1326 	EXP 	G_2: text = 2
728.1326 	EXP 	B_2: height = np.float64(42.0)
728.1326 	EXP 	B_2: height = np.float64(42.0)
728.1326 	EXP 	B_2: height = np.float64(42.0)
728.1326 	EXP 	B_2: text = 95
728.1326 	EXP 	BaselineOverrideInfo: text = 'If you are exhausted from the experiment, press "P" to end it after this screen.\nOtherwise, please continue.'
728.1326 	EXP 	correctAnswer: autoDraw = True
728.1326 	EXP 	RBGInfo_2: autoDraw = True
728.1326 	EXP 	R_2: autoDraw = True
728.1326 	EXP 	G_2: autoDraw = True
728.1326 	EXP 	B_2: autoDraw = True
728.1326 	EXP 	BaselineOverrideInfo: autoDraw = True
730.2872 	DATA 	Mouse: Left button down, pos=(1025,258)
730.3169 	EXP 	correctAnswer: autoDraw = False
730.3169 	EXP 	wrongAnswer: autoDraw = False
730.3169 	EXP 	corrColor_2: autoDraw = False
730.3169 	EXP 	RBGInfo_2: autoDraw = False
730.3169 	EXP 	R_2: autoDraw = False
730.3169 	EXP 	G_2: autoDraw = False
730.3169 	EXP 	B_2: autoDraw = False
730.3169 	EXP 	BaselineOverrideInfo: autoDraw = False
730.3169 	EXP 	text_11: autoDraw = True
730.5167 	DATA 	Mouse:  Left button up, pos=(1025,258)
730.6513 	EXP 	New trial (rep=0, index=35): <Trial 35 (35 in rep 0) data={'folder': '01-1', 'image': '023_Purple.jpg', 'logical': True, 'corrColor': 'Purple', 'corrR': 64, 'corrG': 4, 'corrB': 100, 'image_path': '01-1/023_Purple_0.png', 'thisN': 35, 'thisTrialN': 35, 'thisRepN': 0}>
730.7482 	EXP 	text_11: autoDraw = False
730.7482 	EXP 	text_11: autoDraw = False
730.7482 	EXP 	img: foreColor = <psychopy.colors.Color: white, alpha=1.0>
730.7482 	EXP 	img: ori = np.float64(0.0)
730.7482 	EXP 	Instructions: text = 'Click the spacebar to shuffle through the filters to recognize the color.\nPress the button of the color you think it corresponds to.'
730.7482 	EXP 	R: height = np.float64(42.0)
730.7482 	EXP 	R: height = np.float64(42.0)
730.7482 	EXP 	R: height = np.float64(42.0)
730.7482 	EXP 	R: text = 64
730.7482 	EXP 	G: height = np.float64(42.0)
730.7482 	EXP 	G: height = np.float64(42.0)
730.7482 	EXP 	G: height = np.float64(42.0)
730.7482 	EXP 	G: text = 4
730.7482 	EXP 	B: height = np.float64(42.0)
730.7482 	EXP 	B: height = np.float64(42.0)
730.7482 	EXP 	B: height = np.float64(42.0)
730.7482 	EXP 	B: text = 100
730.7482 	EXP 	img: autoDraw = True
730.7482 	EXP 	Instructions: autoDraw = True
730.7482 	EXP 	RBGInfo: autoDraw = True
730.7482 	EXP 	R: autoDraw = True
730.7482 	EXP 	G: autoDraw = True
730.7482 	EXP 	B: autoDraw = True
742.2046 	DATA 	Mouse: Left button down, pos=(1628,522)
742.2149 	EXP 	img: autoDraw = False
742.2149 	EXP 	Instructions: autoDraw = False
742.2149 	EXP 	RBGInfo: autoDraw = False
742.2149 	EXP 	R: autoDraw = False
742.2149 	EXP 	G: autoDraw = False
742.2149 	EXP 	B: autoDraw = False
742.2149 	EXP 	text_8: autoDraw = True
742.3509 	DATA 	Mouse:  Left button up, pos=(1628,522)
742.5802 	EXP 	text_8: autoDraw = False
742.5802 	EXP 	text_8: autoDraw = False
742.5802 	EXP 	slider: markerPos = None
742.5802 	EXP 	slider: markerPos = 1
742.5802 	EXP 	slider: autoDraw = True
742.5802 	EXP 	text_9: autoDraw = True
742.5802 	EXP 	text_answer: autoDraw = True
744.7010 	DATA 	Mouse: Left button down, pos=(1160,574)
744.7301 	EXP 	slider: markerPos = np.float64(4.0)
744.7496 	EXP 	slider: markerPos = np.float64(4.0)
744.7658 	EXP 	slider: markerPos = np.float64(4.0)
744.7839 	EXP 	slider: markerPos = np.float64(4.0)
744.7991 	EXP 	slider: markerPos = np.float64(4.0)
744.8162 	EXP 	slider: markerPos = np.float64(4.0)
744.8326 	EXP 	slider: markerPos = np.float64(4.0)
744.8498 	EXP 	slider: markerPos = np.float64(4.0)
744.8658 	EXP 	slider: markerPos = np.float64(4.0)
744.8834 	EXP 	slider: markerPos = np.float64(4.0)
744.8992 	EXP 	slider: markerPos = np.float64(4.0)
744.9163 	EXP 	slider: markerPos = np.float64(4.0)
744.9251 	DATA 	Mouse:  Left button up, pos=(1160,574)
744.9323 	EXP 	slider: markerPos = np.float64(4.0)
744.9496 	EXP 	slider: markerPos = 4.0
746.2248 	DATA 	Mouse: Left button down, pos=(1025,271)
746.2674 	EXP 	slider: autoDraw = False
746.2674 	EXP 	text_9: autoDraw = False
746.2674 	EXP 	text_answer: autoDraw = False
746.2674 	EXP 	text_8: autoDraw = True
746.4510 	DATA 	Mouse:  Left button up, pos=(1025,271)
746.6302 	INFO 	Keyboard events cleared
746.6301 	EXP 	text_8: autoDraw = False
746.6301 	EXP 	corrColor_2: height = np.float64(56.0)
746.6301 	EXP 	corrColor_2: height = np.float64(56.0)
746.6301 	EXP 	corrColor_2: height = np.float64(56.0)
746.6301 	EXP 	corrColor_2: text = 'Purple'
746.6301 	EXP 	R_2: height = np.float64(42.0)
746.6301 	EXP 	R_2: height = np.float64(42.0)
746.6301 	EXP 	R_2: height = np.float64(42.0)
746.6301 	EXP 	R_2: text = 64
746.6301 	EXP 	G_2: height = np.float64(42.0)
746.6301 	EXP 	G_2: height = np.float64(42.0)
746.6301 	EXP 	G_2: height = np.float64(42.0)
746.6301 	EXP 	G_2: text = 4
746.6301 	EXP 	B_2: height = np.float64(42.0)
746.6301 	EXP 	B_2: height = np.float64(42.0)
746.6301 	EXP 	B_2: height = np.float64(42.0)
746.6301 	EXP 	B_2: text = 100
746.6301 	EXP 	BaselineOverrideInfo: text = 'If you are exhausted from the experiment, press "P" to end it after this screen.\nOtherwise, please continue.'
746.6301 	EXP 	correctAnswer: autoDraw = True
746.6301 	EXP 	RBGInfo_2: autoDraw = True
746.6301 	EXP 	R_2: autoDraw = True
746.6301 	EXP 	G_2: autoDraw = True
746.6301 	EXP 	B_2: autoDraw = True
746.6301 	EXP 	BaselineOverrideInfo: autoDraw = True
747.5862 	DATA 	Mouse: Left button down, pos=(1025,271)
747.5994 	EXP 	correctAnswer: autoDraw = False
747.5994 	EXP 	wrongAnswer: autoDraw = False
747.5994 	EXP 	corrColor_2: autoDraw = False
747.5994 	EXP 	RBGInfo_2: autoDraw = False
747.5994 	EXP 	R_2: autoDraw = False
747.5994 	EXP 	G_2: autoDraw = False
747.5994 	EXP 	B_2: autoDraw = False
747.5994 	EXP 	BaselineOverrideInfo: autoDraw = False
747.5994 	EXP 	text_11: autoDraw = True
747.8193 	DATA 	Mouse:  Left button up, pos=(1025,271)
747.9336 	EXP 	New trial (rep=0, index=36): <Trial 36 (36 in rep 0) data={'folder': '01-1', 'image': '025_Purple.jpg', 'logical': True, 'corrColor': 'Purple', 'corrR': 53, 'corrG': 0, 'corrB': 96, 'image_path': '01-1/025_Purple_0.png', 'thisN': 36, 'thisTrialN': 36, 'thisRepN': 0}>
748.0324 	EXP 	text_11: autoDraw = False
748.0324 	EXP 	text_11: autoDraw = False
748.0324 	EXP 	img: foreColor = <psychopy.colors.Color: white, alpha=1.0>
748.0324 	EXP 	img: ori = np.float64(0.0)
748.0324 	EXP 	Instructions: text = 'Click the spacebar to shuffle through the filters to recognize the color.\nPress the button of the color you think it corresponds to.'
748.0324 	EXP 	R: height = np.float64(42.0)
748.0324 	EXP 	R: height = np.float64(42.0)
748.0324 	EXP 	R: height = np.float64(42.0)
748.0324 	EXP 	R: text = 53
748.0324 	EXP 	G: height = np.float64(42.0)
748.0324 	EXP 	G: height = np.float64(42.0)
748.0324 	EXP 	G: height = np.float64(42.0)
748.0324 	EXP 	G: text = 0
748.0324 	EXP 	B: height = np.float64(42.0)
748.0324 	EXP 	B: height = np.float64(42.0)
748.0324 	EXP 	B: height = np.float64(42.0)
748.0324 	EXP 	B: text = 96
748.0324 	EXP 	img: autoDraw = True
748.0324 	EXP 	Instructions: autoDraw = True
748.0324 	EXP 	RBGInfo: autoDraw = True
748.0324 	EXP 	R: autoDraw = True
748.0324 	EXP 	G: autoDraw = True
748.0324 	EXP 	B: autoDraw = True
759.5634 	DATA 	Mouse: Left button down, pos=(1616,522)
759.5810 	EXP 	img: autoDraw = False
759.5810 	EXP 	Instructions: autoDraw = False
759.5810 	EXP 	RBGInfo: autoDraw = False
759.5810 	EXP 	R: autoDraw = False
759.5810 	EXP 	G: autoDraw = False
759.5810 	EXP 	B: autoDraw = False
759.5810 	EXP 	text_8: autoDraw = True
759.7504 	DATA 	Mouse:  Left button up, pos=(1616,522)
759.9466 	EXP 	text_8: autoDraw = False
759.9466 	EXP 	slider: markerPos = None
759.9466 	EXP 	slider: markerPos = 1
759.9466 	EXP 	slider: autoDraw = True
759.9466 	EXP 	text_9: autoDraw = True
759.9466 	EXP 	text_answer: autoDraw = True
761.0637 	DATA 	Mouse: Left button down, pos=(1151,596)
761.0823 	EXP 	slider: markerPos = np.float64(3.964)
761.0983 	EXP 	slider: markerPos = np.float64(3.964)
761.1155 	EXP 	slider: markerPos = np.float64(3.964)
761.1318 	EXP 	slider: markerPos = np.float64(3.964)
761.1489 	EXP 	slider: markerPos = np.float64(3.964)
761.1651 	EXP 	slider: markerPos = np.float64(3.964)
761.1822 	EXP 	slider: markerPos = np.float64(3.964)
761.1985 	EXP 	slider: markerPos = np.float64(3.964)
761.2155 	EXP 	slider: markerPos = np.float64(3.964)
761.2316 	EXP 	slider: markerPos = np.float64(3.964)
761.2490 	EXP 	slider: markerPos = np.float64(3.964)
761.2650 	EXP 	slider: markerPos = np.float64(3.964)
761.2823 	EXP 	slider: markerPos = np.float64(3.964)
761.2829 	DATA 	Mouse:  Left button up, pos=(1151,596)
761.2983 	EXP 	slider: markerPos = 4.0
762.4490 	DATA 	Mouse: Left button down, pos=(896,585)
762.4655 	EXP 	slider: markerPos = np.float64(2.944)
762.4816 	EXP 	slider: markerPos = np.float64(2.944)
762.4990 	EXP 	slider: markerPos = np.float64(2.944)
762.5294 	EXP 	slider: markerPos = np.float64(2.944)
762.5489 	EXP 	slider: markerPos = np.float64(2.944)
762.5650 	EXP 	slider: markerPos = np.float64(2.944)
762.5822 	EXP 	slider: markerPos = np.float64(2.944)
762.5983 	EXP 	slider: markerPos = np.float64(2.944)
762.6156 	EXP 	slider: markerPos = np.float64(2.944)
762.6460 	EXP 	slider: markerPos = np.float64(2.944)
762.6655 	EXP 	slider: markerPos = np.float64(2.944)
762.6749 	DATA 	Mouse:  Left button up, pos=(896,585)
762.6969 	EXP 	slider: markerPos = np.float64(2.944)
762.7297 	EXP 	slider: markerPos = 3.0
763.6990 	DATA 	Mouse: Left button down, pos=(899,257)
763.7145 	EXP 	slider: autoDraw = False
763.7145 	EXP 	text_9: autoDraw = False
763.7145 	EXP 	text_answer: autoDraw = False
763.7145 	EXP 	text_8: autoDraw = True
763.9337 	DATA 	Mouse:  Left button up, pos=(899,257)
764.0798 	INFO 	Keyboard events cleared
764.0796 	EXP 	text_8: autoDraw = False
764.0796 	EXP 	text_8: autoDraw = False
764.0796 	EXP 	corrColor_2: text = 'Purple'
764.0796 	EXP 	R_2: height = np.float64(42.0)
764.0796 	EXP 	R_2: height = np.float64(42.0)
764.0796 	EXP 	R_2: height = np.float64(42.0)
764.0796 	EXP 	R_2: text = 53
764.0796 	EXP 	G_2: height = np.float64(42.0)
764.0796 	EXP 	G_2: height = np.float64(42.0)
764.0796 	EXP 	G_2: height = np.float64(42.0)
764.0796 	EXP 	G_2: text = 0
764.0796 	EXP 	B_2: height = np.float64(42.0)
764.0796 	EXP 	B_2: height = np.float64(42.0)
764.0796 	EXP 	B_2: height = np.float64(42.0)
764.0796 	EXP 	B_2: text = 96
764.0796 	EXP 	BaselineOverrideInfo: text = 'If you are exhausted from the experiment, press "P" to end it after this screen.\nOtherwise, please continue.'
764.0796 	EXP 	correctAnswer: autoDraw = True
764.0796 	EXP 	RBGInfo_2: autoDraw = True
764.0796 	EXP 	R_2: autoDraw = True
764.0796 	EXP 	G_2: autoDraw = True
764.0796 	EXP 	B_2: autoDraw = True
764.0796 	EXP 	BaselineOverrideInfo: autoDraw = True
765.3852 	DATA 	Mouse: Left button down, pos=(926,258)
765.4146 	EXP 	correctAnswer: autoDraw = False
765.4146 	EXP 	wrongAnswer: autoDraw = False
765.4146 	EXP 	corrColor_2: autoDraw = False
765.4146 	EXP 	RBGInfo_2: autoDraw = False
765.4146 	EXP 	R_2: autoDraw = False
765.4146 	EXP 	G_2: autoDraw = False
765.4146 	EXP 	B_2: autoDraw = False
765.4146 	EXP 	BaselineOverrideInfo: autoDraw = False
765.4146 	EXP 	text_11: autoDraw = True
765.6158 	DATA 	Mouse:  Left button up, pos=(926,258)
765.7484 	EXP 	New trial (rep=0, index=37): <Trial 37 (37 in rep 0) data={'folder': '01-1', 'image': '009_Cyan.jpg', 'logical': True, 'corrColor': 'Cyan', 'corrR': 3, 'corrG': 100, 'corrB': 95, 'image_path': '01-1/009_Cyan_0.png', 'thisN': 37, 'thisTrialN': 37, 'thisRepN': 0}>
765.8302 	EXP 	text_11: autoDraw = False
765.8302 	EXP 	text_11: autoDraw = False
765.8302 	EXP 	img: foreColor = <psychopy.colors.Color: white, alpha=1.0>
765.8302 	EXP 	img: ori = np.float64(0.0)
765.8302 	EXP 	Instructions: text = 'Click the spacebar to shuffle through the filters to recognize the color.\nPress the button of the color you think it corresponds to.'
765.8302 	EXP 	R: height = np.float64(42.0)
765.8302 	EXP 	R: height = np.float64(42.0)
765.8302 	EXP 	R: height = np.float64(42.0)
765.8302 	EXP 	R: text = 3
765.8302 	EXP 	G: height = np.float64(42.0)
765.8302 	EXP 	G: height = np.float64(42.0)
765.8302 	EXP 	G: height = np.float64(42.0)
765.8302 	EXP 	G: text = 100
765.8302 	EXP 	B: height = np.float64(42.0)
765.8302 	EXP 	B: height = np.float64(42.0)
765.8302 	EXP 	B: height = np.float64(42.0)
765.8302 	EXP 	B: text = 95
765.8302 	EXP 	img: autoDraw = True
765.8302 	EXP 	Instructions: autoDraw = True
765.8302 	EXP 	RBGInfo: autoDraw = True
765.8302 	EXP 	R: autoDraw = True
765.8302 	EXP 	G: autoDraw = True
765.8302 	EXP 	B: autoDraw = True
773.6572 	DATA 	Mouse: Left button down, pos=(1621,462)
773.6802 	EXP 	img: autoDraw = False
773.6802 	EXP 	Instructions: autoDraw = False
773.6802 	EXP 	RBGInfo: autoDraw = False
773.6802 	EXP 	R: autoDraw = False
773.6802 	EXP 	G: autoDraw = False
773.6802 	EXP 	B: autoDraw = False
773.6802 	EXP 	text_8: autoDraw = True
773.8681 	DATA 	Mouse:  Left button up, pos=(1621,462)
774.0457 	EXP 	text_8: autoDraw = False
774.0457 	EXP 	slider: markerPos = None
774.0457 	EXP 	slider: markerPos = 1
774.0457 	EXP 	slider: autoDraw = True
774.0457 	EXP 	text_9: autoDraw = True
774.0457 	EXP 	text_answer: autoDraw = True
775.1325 	DATA 	Mouse: Left button down, pos=(1379,592)
775.1491 	EXP 	slider: markerPos = np.float64(4.8759999999999994)
775.1795 	EXP 	slider: markerPos = np.float64(4.8759999999999994)
775.2000 	EXP 	slider: markerPos = np.float64(4.8759999999999994)
775.2289 	EXP 	slider: markerPos = np.float64(4.8759999999999994)
775.2484 	EXP 	slider: markerPos = np.float64(4.8759999999999994)
775.2655 	EXP 	slider: markerPos = np.float64(4.8759999999999994)
775.2827 	EXP 	slider: markerPos = np.float64(4.8759999999999994)
775.2979 	EXP 	slider: markerPos = np.float64(4.8759999999999994)
775.3170 	EXP 	slider: markerPos = np.float64(4.8759999999999994)
775.3459 	EXP 	slider: markerPos = np.float64(4.8759999999999994)
775.3471 	DATA 	Mouse:  Left button up, pos=(1379,592)
775.3793 	EXP 	slider: markerPos = 5.0
776.2743 	DATA 	Mouse: Left button down, pos=(1021,312)
776.4991 	DATA 	Mouse:  Left button up, pos=(1021,312)
777.2598 	DATA 	Mouse: Left button down, pos=(1022,242)
777.2989 	EXP 	slider: autoDraw = False
777.2989 	EXP 	text_9: autoDraw = False
777.2989 	EXP 	text_answer: autoDraw = False
777.2989 	EXP 	text_8: autoDraw = True
777.4825 	DATA 	Mouse:  Left button up, pos=(1022,242)
777.6622 	INFO 	Keyboard events cleared
777.6620 	EXP 	text_8: autoDraw = False
777.6620 	EXP 	corrColor_2: height = np.float64(56.0)
777.6620 	EXP 	corrColor_2: height = np.float64(56.0)
777.6620 	EXP 	corrColor_2: height = np.float64(56.0)
777.6620 	EXP 	corrColor_2: text = 'Cyan'
777.6620 	EXP 	R_2: height = np.float64(42.0)
777.6620 	EXP 	R_2: height = np.float64(42.0)
777.6620 	EXP 	R_2: height = np.float64(42.0)
777.6620 	EXP 	R_2: text = 3
777.6620 	EXP 	G_2: height = np.float64(42.0)
777.6620 	EXP 	G_2: height = np.float64(42.0)
777.6620 	EXP 	G_2: height = np.float64(42.0)
777.6620 	EXP 	G_2: text = 100
777.6620 	EXP 	B_2: height = np.float64(42.0)
777.6620 	EXP 	B_2: height = np.float64(42.0)
777.6620 	EXP 	B_2: height = np.float64(42.0)
777.6620 	EXP 	B_2: text = 95
777.6620 	EXP 	BaselineOverrideInfo: text = 'If you are exhausted from the experiment, press "P" to end it after this screen.\nOtherwise, please continue.'
777.6620 	EXP 	correctAnswer: autoDraw = True
777.6620 	EXP 	RBGInfo_2: autoDraw = True
777.6620 	EXP 	R_2: autoDraw = True
777.6620 	EXP 	G_2: autoDraw = True
777.6620 	EXP 	B_2: autoDraw = True
777.6620 	EXP 	BaselineOverrideInfo: autoDraw = True
779.1668 	DATA 	Mouse: Left button down, pos=(1022,242)
779.1822 	EXP 	correctAnswer: autoDraw = False
779.1822 	EXP 	wrongAnswer: autoDraw = False
779.1822 	EXP 	corrColor_2: autoDraw = False
779.1822 	EXP 	RBGInfo_2: autoDraw = False
779.1822 	EXP 	R_2: autoDraw = False
779.1822 	EXP 	G_2: autoDraw = False
779.1822 	EXP 	B_2: autoDraw = False
779.1822 	EXP 	BaselineOverrideInfo: autoDraw = False
779.1822 	EXP 	text_11: autoDraw = True
779.3835 	DATA 	Mouse:  Left button up, pos=(1022,242)
779.5164 	EXP 	New trial (rep=0, index=38): <Trial 38 (38 in rep 0) data={'folder': '01-1', 'image': '023_Yellow.jpg', 'logical': True, 'corrColor': 'Yellow', 'corrR': 100, 'corrG': 86, 'corrB': 0, 'image_path': '01-1/023_Yellow_0.png', 'thisN': 38, 'thisTrialN': 38, 'thisRepN': 0}>
779.6303 	EXP 	text_11: autoDraw = False
779.6303 	EXP 	text_11: autoDraw = False
779.6303 	EXP 	img: foreColor = <psychopy.colors.Color: white, alpha=1.0>
779.6303 	EXP 	img: ori = np.float64(0.0)
779.6303 	EXP 	Instructions: text = 'Click the spacebar to shuffle through the filters to recognize the color.\nPress the button of the color you think it corresponds to.'
779.6303 	EXP 	R: height = np.float64(42.0)
779.6303 	EXP 	R: height = np.float64(42.0)
779.6303 	EXP 	R: height = np.float64(42.0)
779.6303 	EXP 	R: text = 100
779.6303 	EXP 	G: height = np.float64(42.0)
779.6303 	EXP 	G: height = np.float64(42.0)
779.6303 	EXP 	G: height = np.float64(42.0)
779.6303 	EXP 	G: text = 86
779.6303 	EXP 	B: height = np.float64(42.0)
779.6303 	EXP 	B: height = np.float64(42.0)
779.6303 	EXP 	B: height = np.float64(42.0)
779.6303 	EXP 	B: text = 0
779.6303 	EXP 	img: autoDraw = True
779.6303 	EXP 	Instructions: autoDraw = True
779.6303 	EXP 	RBGInfo: autoDraw = True
779.6303 	EXP 	R: autoDraw = True
779.6303 	EXP 	G: autoDraw = True
779.6303 	EXP 	B: autoDraw = True
792.6132 	DATA 	Mouse: Left button down, pos=(1625,580)
792.6296 	EXP 	img: autoDraw = False
792.6296 	EXP 	Instructions: autoDraw = False
792.6296 	EXP 	RBGInfo: autoDraw = False
792.6296 	EXP 	R: autoDraw = False
792.6296 	EXP 	G: autoDraw = False
792.6296 	EXP 	B: autoDraw = False
792.6296 	EXP 	text_8: autoDraw = True
792.7821 	DATA 	Mouse:  Left button up, pos=(1625,580)
792.9947 	EXP 	text_8: autoDraw = False
792.9947 	EXP 	slider: markerPos = None
792.9947 	EXP 	slider: markerPos = 1
792.9947 	EXP 	slider: autoDraw = True
792.9947 	EXP 	text_9: autoDraw = True
792.9947 	EXP 	text_answer: autoDraw = True
794.1130 	DATA 	Mouse: Left button down, pos=(1412,597)
794.1312 	EXP 	slider: markerPos = np.float64(5.008)
794.1622 	EXP 	slider: markerPos = np.float64(5.008)
794.1953 	EXP 	slider: markerPos = np.float64(5.008)
794.2153 	EXP 	slider: markerPos = np.float64(5.008)
794.2449 	EXP 	slider: markerPos = np.float64(5.008)
794.2645 	EXP 	slider: markerPos = np.float64(5.008)
794.2950 	EXP 	slider: markerPos = np.float64(5.008)
794.3144 	EXP 	slider: markerPos = np.float64(5.008)
794.3304 	EXP 	slider: markerPos = np.float64(5.008)
794.3391 	DATA 	Mouse:  Left button up, pos=(1412,597)
794.3478 	EXP 	slider: markerPos = np.float64(5.008)
794.3638 	EXP 	slider: markerPos = 5.0
795.1997 	DATA 	Mouse: Left button down, pos=(976,232)
795.2157 	EXP 	slider: autoDraw = False
795.2157 	EXP 	text_9: autoDraw = False
795.2157 	EXP 	text_answer: autoDraw = False
795.2157 	EXP 	text_8: autoDraw = True
795.4173 	DATA 	Mouse:  Left button up, pos=(976,232)
795.5789 	INFO 	Keyboard events cleared
795.5787 	EXP 	text_8: autoDraw = False
795.5787 	EXP 	text_8: autoDraw = False
795.5787 	EXP 	corrColor_2: height = np.float64(56.0)
795.5787 	EXP 	corrColor_2: height = np.float64(56.0)
795.5787 	EXP 	corrColor_2: height = np.float64(56.0)
795.5787 	EXP 	corrColor_2: text = 'Yellow'
795.5787 	EXP 	R_2: height = np.float64(42.0)
795.5787 	EXP 	R_2: height = np.float64(42.0)
795.5787 	EXP 	R_2: height = np.float64(42.0)
795.5787 	EXP 	R_2: text = 100
795.5787 	EXP 	G_2: height = np.float64(42.0)
795.5787 	EXP 	G_2: height = np.float64(42.0)
795.5787 	EXP 	G_2: height = np.float64(42.0)
795.5787 	EXP 	G_2: text = 86
795.5787 	EXP 	B_2: height = np.float64(42.0)
795.5787 	EXP 	B_2: height = np.float64(42.0)
795.5787 	EXP 	B_2: height = np.float64(42.0)
795.5787 	EXP 	B_2: text = 0
795.5787 	EXP 	BaselineOverrideInfo: text = 'If you are exhausted from the experiment, press "P" to end it after this screen.\nOtherwise, please continue.'
795.5787 	EXP 	correctAnswer: autoDraw = True
795.5787 	EXP 	RBGInfo_2: autoDraw = True
795.5787 	EXP 	R_2: autoDraw = True
795.5787 	EXP 	G_2: autoDraw = True
795.5787 	EXP 	B_2: autoDraw = True
795.5787 	EXP 	BaselineOverrideInfo: autoDraw = True
796.2340 	DATA 	Mouse: Left button down, pos=(976,232)
796.2476 	EXP 	correctAnswer: autoDraw = False
796.2476 	EXP 	wrongAnswer: autoDraw = False
796.2476 	EXP 	corrColor_2: autoDraw = False
796.2476 	EXP 	RBGInfo_2: autoDraw = False
796.2476 	EXP 	R_2: autoDraw = False
796.2476 	EXP 	G_2: autoDraw = False
796.2476 	EXP 	B_2: autoDraw = False
796.2476 	EXP 	BaselineOverrideInfo: autoDraw = False
796.2476 	EXP 	text_11: autoDraw = True
796.4494 	DATA 	Mouse:  Left button up, pos=(976,232)
796.5818 	EXP 	New trial (rep=0, index=39): <Trial 39 (39 in rep 0) data={'folder': '01-1', 'image': '022_Purple.jpg', 'logical': True, 'corrColor': 'Purple', 'corrR': 58, 'corrG': 13, 'corrB': 100, 'image_path': '01-1/022_Purple_0.png', 'thisN': 39, 'thisTrialN': 39, 'thisRepN': 0}>
796.6962 	EXP 	text_11: autoDraw = False
796.6962 	EXP 	text_11: autoDraw = False
796.6962 	EXP 	img: foreColor = <psychopy.colors.Color: white, alpha=1.0>
796.6962 	EXP 	img: ori = np.float64(0.0)
796.6962 	EXP 	Instructions: text = 'Click the spacebar to shuffle through the filters to recognize the color.\nPress the button of the color you think it corresponds to.'
796.6962 	EXP 	R: height = np.float64(42.0)
796.6962 	EXP 	R: height = np.float64(42.0)
796.6962 	EXP 	R: height = np.float64(42.0)
796.6962 	EXP 	R: text = 58
796.6962 	EXP 	G: height = np.float64(42.0)
796.6962 	EXP 	G: height = np.float64(42.0)
796.6962 	EXP 	G: height = np.float64(42.0)
796.6962 	EXP 	G: text = 13
796.6962 	EXP 	B: height = np.float64(42.0)
796.6962 	EXP 	B: height = np.float64(42.0)
796.6962 	EXP 	B: height = np.float64(42.0)
796.6962 	EXP 	B: text = 100
796.6962 	EXP 	img: autoDraw = True
796.6962 	EXP 	Instructions: autoDraw = True
796.6962 	EXP 	RBGInfo: autoDraw = True
796.6962 	EXP 	R: autoDraw = True
796.6962 	EXP 	G: autoDraw = True
796.6962 	EXP 	B: autoDraw = True
826.6025 	DATA 	Mouse: Left button down, pos=(1644,514)
826.6113 	EXP 	img: autoDraw = False
826.6113 	EXP 	Instructions: autoDraw = False
826.6113 	EXP 	RBGInfo: autoDraw = False
826.6113 	EXP 	R: autoDraw = False
826.6113 	EXP 	G: autoDraw = False
826.6113 	EXP 	B: autoDraw = False
826.6113 	EXP 	text_8: autoDraw = True
826.7811 	DATA 	Mouse:  Left button up, pos=(1644,514)
826.9765 	EXP 	text_8: autoDraw = False
826.9765 	EXP 	text_8: autoDraw = False
826.9765 	EXP 	slider: markerPos = None
826.9765 	EXP 	slider: markerPos = 1
826.9765 	EXP 	slider: autoDraw = True
826.9765 	EXP 	text_9: autoDraw = True
826.9765 	EXP 	text_answer: autoDraw = True
828.8556 	DATA 	Mouse: Left button down, pos=(905,578)
828.9103 	EXP 	slider: markerPos = np.float64(2.98)
828.9434 	EXP 	slider: markerPos = np.float64(2.98)
828.9768 	EXP 	slider: markerPos = np.float64(2.98)
829.0101 	EXP 	slider: markerPos = np.float64(2.98)
829.0434 	EXP 	slider: markerPos = np.float64(2.98)
829.0770 	EXP 	slider: markerPos = np.float64(2.98)
829.0780 	DATA 	Mouse:  Left button up, pos=(905,578)
829.1102 	EXP 	slider: markerPos = 3.0
829.9950 	DATA 	Mouse: Left button down, pos=(914,235)
830.0303 	EXP 	slider: autoDraw = False
830.0303 	EXP 	text_9: autoDraw = False
830.0303 	EXP 	text_answer: autoDraw = False
830.0303 	EXP 	text_8: autoDraw = True
830.2141 	DATA 	Mouse:  Left button up, pos=(914,235)
830.3961 	INFO 	Keyboard events cleared
830.3959 	EXP 	text_8: autoDraw = False
830.3959 	EXP 	corrColor_2: height = np.float64(56.0)
830.3959 	EXP 	corrColor_2: height = np.float64(56.0)
830.3959 	EXP 	corrColor_2: height = np.float64(56.0)
830.3959 	EXP 	corrColor_2: text = 'Purple'
830.3959 	EXP 	R_2: height = np.float64(42.0)
830.3959 	EXP 	R_2: height = np.float64(42.0)
830.3959 	EXP 	R_2: height = np.float64(42.0)
830.3959 	EXP 	R_2: text = 58
830.3959 	EXP 	G_2: height = np.float64(42.0)
830.3959 	EXP 	G_2: height = np.float64(42.0)
830.3959 	EXP 	G_2: height = np.float64(42.0)
830.3959 	EXP 	G_2: text = 13
830.3959 	EXP 	B_2: height = np.float64(42.0)
830.3959 	EXP 	B_2: height = np.float64(42.0)
830.3959 	EXP 	B_2: height = np.float64(42.0)
830.3959 	EXP 	B_2: text = 100
830.3959 	EXP 	BaselineOverrideInfo: text = 'If you are exhausted from the experiment, press "P" to end it after this screen.\nOtherwise, please continue.'
830.3959 	EXP 	correctAnswer: autoDraw = True
830.3959 	EXP 	RBGInfo_2: autoDraw = True
830.3959 	EXP 	R_2: autoDraw = True
830.3959 	EXP 	G_2: autoDraw = True
830.3959 	EXP 	B_2: autoDraw = True
830.3959 	EXP 	BaselineOverrideInfo: autoDraw = True
831.2333 	DATA 	Mouse: Left button down, pos=(914,235)
831.2466 	EXP 	correctAnswer: autoDraw = False
831.2466 	EXP 	wrongAnswer: autoDraw = False
831.2466 	EXP 	corrColor_2: autoDraw = False
831.2466 	EXP 	RBGInfo_2: autoDraw = False
831.2466 	EXP 	R_2: autoDraw = False
831.2466 	EXP 	G_2: autoDraw = False
831.2466 	EXP 	B_2: autoDraw = False
831.2466 	EXP 	BaselineOverrideInfo: autoDraw = False
831.2466 	EXP 	text_11: autoDraw = True
831.4630 	DATA 	Mouse:  Left button up, pos=(914,235)
831.5969 	EXP 	New trial (rep=0, index=40): <Trial 40 (40 in rep 0) data={'folder': '01-1', 'image': '025_Green.jpg', 'logical': True, 'corrColor': 'Green', 'corrR': 0, 'corrG': 100, 'corrB': 5, 'image_path': '01-1/025_Green_0.png', 'thisN': 40, 'thisTrialN': 40, 'thisRepN': 0}>
831.6785 	EXP 	text_11: autoDraw = False
831.6785 	EXP 	img: foreColor = <psychopy.colors.Color: white, alpha=1.0>
831.6785 	EXP 	img: ori = np.float64(0.0)
831.6785 	EXP 	Instructions: text = 'Click the spacebar to shuffle through the filters to recognize the color.\nPress the button of the color you think it corresponds to.'
831.6785 	EXP 	R: height = np.float64(42.0)
831.6785 	EXP 	R: height = np.float64(42.0)
831.6785 	EXP 	R: height = np.float64(42.0)
831.6785 	EXP 	R: text = 0
831.6785 	EXP 	G: height = np.float64(42.0)
831.6785 	EXP 	G: height = np.float64(42.0)
831.6785 	EXP 	G: height = np.float64(42.0)
831.6785 	EXP 	G: text = 100
831.6785 	EXP 	B: height = np.float64(42.0)
831.6785 	EXP 	B: height = np.float64(42.0)
831.6785 	EXP 	B: height = np.float64(42.0)
831.6785 	EXP 	B: text = 5
831.6785 	EXP 	img: autoDraw = True
831.6785 	EXP 	Instructions: autoDraw = True
831.6785 	EXP 	RBGInfo: autoDraw = True
831.6785 	EXP 	R: autoDraw = True
831.6785 	EXP 	G: autoDraw = True
831.6785 	EXP 	B: autoDraw = True
837.9913 	DATA 	Mouse: Left button down, pos=(1626,390)
838.0112 	EXP 	img: autoDraw = False
838.0112 	EXP 	Instructions: autoDraw = False
838.0112 	EXP 	RBGInfo: autoDraw = False
838.0112 	EXP 	R: autoDraw = False
838.0112 	EXP 	G: autoDraw = False
838.0112 	EXP 	B: autoDraw = False
838.0112 	EXP 	text_8: autoDraw = True
838.1795 	DATA 	Mouse:  Left button up, pos=(1626,390)
838.3767 	EXP 	text_8: autoDraw = False
838.3767 	EXP 	slider: markerPos = None
838.3767 	EXP 	slider: markerPos = 1
838.3767 	EXP 	slider: autoDraw = True
838.3767 	EXP 	text_9: autoDraw = True
838.3767 	EXP 	text_answer: autoDraw = True
839.4295 	DATA 	Mouse: Left button down, pos=(1409,567)
839.4598 	EXP 	slider: markerPos = np.float64(4.996)
839.4807 	EXP 	slider: markerPos = np.float64(4.996)
839.5100 	EXP 	slider: markerPos = np.float64(4.996)
839.5432 	EXP 	slider: markerPos = np.float64(4.996)
839.5765 	EXP 	slider: markerPos = np.float64(4.996)
839.6097 	EXP 	slider: markerPos = np.float64(4.996)
839.6430 	EXP 	slider: markerPos = np.float64(4.996)
839.6586 	DATA 	Mouse:  Left button up, pos=(1409,567)
839.6769 	EXP 	slider: markerPos = np.float64(4.996)
839.7100 	EXP 	slider: markerPos = 5.0
841.3197 	DATA 	Mouse: Left button down, pos=(1000,244)
841.3452 	EXP 	slider: autoDraw = False
841.3452 	EXP 	text_9: autoDraw = False
841.3452 	EXP 	text_answer: autoDraw = False
841.3452 	EXP 	text_8: autoDraw = True
841.5477 	DATA 	Mouse:  Left button up, pos=(1000,244)
841.7102 	INFO 	Keyboard events cleared
841.7100 	EXP 	text_8: autoDraw = False
841.7100 	EXP 	text_8: autoDraw = False
841.7100 	EXP 	corrColor_2: height = np.float64(56.0)
841.7100 	EXP 	corrColor_2: height = np.float64(56.0)
841.7100 	EXP 	corrColor_2: height = np.float64(56.0)
841.7100 	EXP 	corrColor_2: text = 'Green'
841.7100 	EXP 	R_2: height = np.float64(42.0)
841.7100 	EXP 	R_2: height = np.float64(42.0)
841.7100 	EXP 	R_2: height = np.float64(42.0)
841.7100 	EXP 	R_2: text = 0
841.7100 	EXP 	G_2: height = np.float64(42.0)
841.7100 	EXP 	G_2: height = np.float64(42.0)
841.7100 	EXP 	G_2: height = np.float64(42.0)
841.7100 	EXP 	G_2: text = 100
841.7100 	EXP 	B_2: height = np.float64(42.0)
841.7100 	EXP 	B_2: height = np.float64(42.0)
841.7100 	EXP 	B_2: height = np.float64(42.0)
841.7100 	EXP 	B_2: text = 5
841.7100 	EXP 	BaselineOverrideInfo: text = 'If you are exhausted from the experiment, press "P" to end it after this screen.\nOtherwise, please continue.'
841.7100 	EXP 	correctAnswer: autoDraw = True
841.7100 	EXP 	RBGInfo_2: autoDraw = True
841.7100 	EXP 	R_2: autoDraw = True
841.7100 	EXP 	G_2: autoDraw = True
841.7100 	EXP 	B_2: autoDraw = True
841.7100 	EXP 	BaselineOverrideInfo: autoDraw = True
847.2974 	DATA 	Mouse: Left button down, pos=(1010,265)
847.3127 	EXP 	correctAnswer: autoDraw = False
847.3127 	EXP 	wrongAnswer: autoDraw = False
847.3127 	EXP 	corrColor_2: autoDraw = False
847.3127 	EXP 	RBGInfo_2: autoDraw = False
847.3127 	EXP 	R_2: autoDraw = False
847.3127 	EXP 	G_2: autoDraw = False
847.3127 	EXP 	B_2: autoDraw = False
847.3127 	EXP 	BaselineOverrideInfo: autoDraw = False
847.3127 	EXP 	text_11: autoDraw = True
847.5296 	DATA 	Mouse:  Left button up, pos=(1010,265)
847.6617 	EXP 	New trial (rep=0, index=41): <Trial 41 (41 in rep 0) data={'folder': '01-1', 'image': '022_Green.jpg', 'logical': True, 'corrColor': 'Green', 'corrR': 0, 'corrG': 95, 'corrB': 0, 'image_path': '01-1/022_Green_0.png', 'thisN': 41, 'thisTrialN': 41, 'thisRepN': 0}>
847.7441 	EXP 	text_11: autoDraw = False
847.7441 	EXP 	img: foreColor = <psychopy.colors.Color: white, alpha=1.0>
847.7441 	EXP 	img: ori = np.float64(0.0)
847.7441 	EXP 	Instructions: text = 'Click the spacebar to shuffle through the filters to recognize the color.\nPress the button of the color you think it corresponds to.'
847.7441 	EXP 	R: height = np.float64(42.0)
847.7441 	EXP 	R: height = np.float64(42.0)
847.7441 	EXP 	R: height = np.float64(42.0)
847.7441 	EXP 	R: text = 0
847.7441 	EXP 	G: height = np.float64(42.0)
847.7441 	EXP 	G: height = np.float64(42.0)
847.7441 	EXP 	G: height = np.float64(42.0)
847.7441 	EXP 	G: text = 95
847.7441 	EXP 	B: height = np.float64(42.0)
847.7441 	EXP 	B: height = np.float64(42.0)
847.7441 	EXP 	B: height = np.float64(42.0)
847.7441 	EXP 	B: text = 0
847.7441 	EXP 	img: autoDraw = True
847.7441 	EXP 	Instructions: autoDraw = True
847.7441 	EXP 	RBGInfo: autoDraw = True
847.7441 	EXP 	R: autoDraw = True
847.7441 	EXP 	G: autoDraw = True
847.7441 	EXP 	B: autoDraw = True
852.4712 	DATA 	Mouse: Left button down, pos=(1615,396)
852.4941 	EXP 	img: autoDraw = False
852.4941 	EXP 	Instructions: autoDraw = False
852.4941 	EXP 	RBGInfo: autoDraw = False
852.4941 	EXP 	R: autoDraw = False
852.4941 	EXP 	G: autoDraw = False
852.4941 	EXP 	B: autoDraw = False
852.4941 	EXP 	text_8: autoDraw = True
852.6636 	DATA 	Mouse:  Left button up, pos=(1615,396)
852.8595 	EXP 	text_8: autoDraw = False
852.8595 	EXP 	slider: markerPos = None
852.8595 	EXP 	slider: markerPos = 1
852.8595 	EXP 	slider: autoDraw = True
852.8595 	EXP 	text_9: autoDraw = True
852.8595 	EXP 	text_answer: autoDraw = True
854.5184 	DATA 	Mouse: Left button down, pos=(1397,580)
854.5595 	EXP 	slider: markerPos = np.float64(4.948)
854.5925 	EXP 	slider: markerPos = np.float64(4.948)
854.6259 	EXP 	slider: markerPos = np.float64(4.948)
854.6592 	EXP 	slider: markerPos = np.float64(4.948)
854.6929 	EXP 	slider: markerPos = np.float64(4.948)
854.7259 	EXP 	slider: markerPos = np.float64(4.948)
854.7440 	DATA 	Mouse:  Left button up, pos=(1397,580)
854.7594 	EXP 	slider: markerPos = np.float64(4.948)
854.7925 	EXP 	slider: markerPos = 5.0
855.6912 	DATA 	Mouse: Left button down, pos=(1023,258)
855.7297 	EXP 	slider: autoDraw = False
855.7297 	EXP 	text_9: autoDraw = False
855.7297 	EXP 	text_answer: autoDraw = False
855.7297 	EXP 	text_8: autoDraw = True
855.9121 	DATA 	Mouse:  Left button up, pos=(1023,258)
856.0955 	INFO 	Keyboard events cleared
856.0953 	EXP 	text_8: autoDraw = False
856.0953 	EXP 	corrColor_2: text = 'Green'
856.0953 	EXP 	R_2: height = np.float64(42.0)
856.0953 	EXP 	R_2: height = np.float64(42.0)
856.0953 	EXP 	R_2: height = np.float64(42.0)
856.0953 	EXP 	R_2: text = 0
856.0953 	EXP 	G_2: height = np.float64(42.0)
856.0953 	EXP 	G_2: height = np.float64(42.0)
856.0953 	EXP 	G_2: height = np.float64(42.0)
856.0953 	EXP 	G_2: text = 95
856.0953 	EXP 	B_2: height = np.float64(42.0)
856.0953 	EXP 	B_2: height = np.float64(42.0)
856.0953 	EXP 	B_2: height = np.float64(42.0)
856.0953 	EXP 	B_2: text = 0
856.0953 	EXP 	BaselineOverrideInfo: text = 'If you are exhausted from the experiment, press "P" to end it after this screen.\nOtherwise, please continue.'
856.0953 	EXP 	correctAnswer: autoDraw = True
856.0953 	EXP 	RBGInfo_2: autoDraw = True
856.0953 	EXP 	R_2: autoDraw = True
856.0953 	EXP 	G_2: autoDraw = True
856.0953 	EXP 	B_2: autoDraw = True
856.0953 	EXP 	BaselineOverrideInfo: autoDraw = True
857.8142 	DATA 	Mouse: Left button down, pos=(1023,258)
857.8291 	EXP 	correctAnswer: autoDraw = False
857.8291 	EXP 	wrongAnswer: autoDraw = False
857.8291 	EXP 	corrColor_2: autoDraw = False
857.8291 	EXP 	RBGInfo_2: autoDraw = False
857.8291 	EXP 	R_2: autoDraw = False
857.8291 	EXP 	G_2: autoDraw = False
857.8291 	EXP 	B_2: autoDraw = False
857.8291 	EXP 	BaselineOverrideInfo: autoDraw = False
857.8291 	EXP 	text_11: autoDraw = True
858.0464 	DATA 	Mouse:  Left button up, pos=(1023,258)
858.1637 	EXP 	New trial (rep=0, index=42): <Trial 42 (42 in rep 0) data={'folder': '01-1', 'image': '017_Red.jpg', 'logical': True, 'corrColor': 'Red', 'corrR': 100, 'corrG': 4, 'corrB': 7, 'image_path': '01-1/017_Red_0.png', 'thisN': 42, 'thisTrialN': 42, 'thisRepN': 0}>
858.2434 	EXP 	text_11: autoDraw = False
858.2434 	EXP 	text_11: autoDraw = False
858.2434 	EXP 	img: foreColor = <psychopy.colors.Color: white, alpha=1.0>
858.2434 	EXP 	img: ori = np.float64(0.0)
858.2434 	EXP 	Instructions: text = 'Click the spacebar to shuffle through the filters to recognize the color.\nPress the button of the color you think it corresponds to.'
858.2434 	EXP 	R: height = np.float64(42.0)
858.2434 	EXP 	R: height = np.float64(42.0)
858.2434 	EXP 	R: height = np.float64(42.0)
858.2434 	EXP 	R: text = 100
858.2434 	EXP 	G: height = np.float64(42.0)
858.2434 	EXP 	G: height = np.float64(42.0)
858.2434 	EXP 	G: height = np.float64(42.0)
858.2434 	EXP 	G: text = 4
858.2434 	EXP 	B: height = np.float64(42.0)
858.2434 	EXP 	B: height = np.float64(42.0)
858.2434 	EXP 	B: height = np.float64(42.0)
858.2434 	EXP 	B: text = 7
858.2434 	EXP 	img: autoDraw = True
858.2434 	EXP 	Instructions: autoDraw = True
858.2434 	EXP 	RBGInfo: autoDraw = True
858.2434 	EXP 	R: autoDraw = True
858.2434 	EXP 	G: autoDraw = True
858.2434 	EXP 	B: autoDraw = True
863.3544 	DATA 	Mouse: Left button down, pos=(1609,341)
863.3767 	EXP 	img: autoDraw = False
863.3767 	EXP 	Instructions: autoDraw = False
863.3767 	EXP 	RBGInfo: autoDraw = False
863.3767 	EXP 	R: autoDraw = False
863.3767 	EXP 	G: autoDraw = False
863.3767 	EXP 	B: autoDraw = False
863.3767 	EXP 	text_8: autoDraw = True
863.5790 	DATA 	Mouse:  Left button up, pos=(1609,341)
863.7425 	EXP 	text_8: autoDraw = False
863.7425 	EXP 	slider: markerPos = None
863.7425 	EXP 	slider: markerPos = 1
863.7425 	EXP 	slider: autoDraw = True
863.7425 	EXP 	text_9: autoDraw = True
863.7425 	EXP 	text_answer: autoDraw = True
864.7255 	DATA 	Mouse: Left button down, pos=(1376,598)
864.7755 	EXP 	slider: markerPos = np.float64(4.864)
864.8089 	EXP 	slider: markerPos = np.float64(4.864)
864.8422 	EXP 	slider: markerPos = np.float64(4.864)
864.8626 	EXP 	slider: markerPos = np.float64(4.864)
864.8921 	EXP 	slider: markerPos = np.float64(4.864)
864.9254 	EXP 	slider: markerPos = np.float64(4.864)
864.9433 	DATA 	Mouse:  Left button up, pos=(1376,598)
864.9589 	EXP 	slider: markerPos = np.float64(4.864)
864.9923 	EXP 	slider: markerPos = 5.0
865.9270 	DATA 	Mouse: Left button down, pos=(1032,266)
865.9457 	EXP 	slider: autoDraw = False
865.9457 	EXP 	text_9: autoDraw = False
865.9457 	EXP 	text_answer: autoDraw = False
865.9457 	EXP 	text_8: autoDraw = True
866.1473 	DATA 	Mouse:  Left button up, pos=(1032,266)
866.3093 	INFO 	Keyboard events cleared
866.3091 	EXP 	text_8: autoDraw = False
866.3091 	EXP 	text_8: autoDraw = False
866.3091 	EXP 	corrColor_2: height = np.float64(56.0)
866.3091 	EXP 	corrColor_2: height = np.float64(56.0)
866.3091 	EXP 	corrColor_2: height = np.float64(56.0)
866.3091 	EXP 	corrColor_2: text = 'Red'
866.3091 	EXP 	R_2: height = np.float64(42.0)
866.3091 	EXP 	R_2: height = np.float64(42.0)
866.3091 	EXP 	R_2: height = np.float64(42.0)
866.3091 	EXP 	R_2: text = 100
866.3091 	EXP 	G_2: height = np.float64(42.0)
866.3091 	EXP 	G_2: height = np.float64(42.0)
866.3091 	EXP 	G_2: height = np.float64(42.0)
866.3091 	EXP 	G_2: text = 4
866.3091 	EXP 	B_2: height = np.float64(42.0)
866.3091 	EXP 	B_2: height = np.float64(42.0)
866.3091 	EXP 	B_2: height = np.float64(42.0)
866.3091 	EXP 	B_2: text = 7
866.3091 	EXP 	BaselineOverrideInfo: text = 'If you are exhausted from the experiment, press "P" to end it after this screen.\nOtherwise, please continue.'
866.3091 	EXP 	correctAnswer: autoDraw = True
866.3091 	EXP 	RBGInfo_2: autoDraw = True
866.3091 	EXP 	R_2: autoDraw = True
866.3091 	EXP 	G_2: autoDraw = True
866.3091 	EXP 	B_2: autoDraw = True
866.3091 	EXP 	BaselineOverrideInfo: autoDraw = True
867.6996 	DATA 	Mouse: Left button down, pos=(1032,266)
867.7111 	EXP 	correctAnswer: autoDraw = False
867.7111 	EXP 	wrongAnswer: autoDraw = False
867.7111 	EXP 	corrColor_2: autoDraw = False
867.7111 	EXP 	RBGInfo_2: autoDraw = False
867.7111 	EXP 	R_2: autoDraw = False
867.7111 	EXP 	G_2: autoDraw = False
867.7111 	EXP 	B_2: autoDraw = False
867.7111 	EXP 	BaselineOverrideInfo: autoDraw = False
867.7111 	EXP 	text_11: autoDraw = True
867.9286 	DATA 	Mouse:  Left button up, pos=(1032,266)
868.0463 	EXP 	New trial (rep=0, index=43): <Trial 43 (43 in rep 0) data={'folder': '01-1', 'image': '018_Purple.jpg', 'logical': True, 'corrColor': 'Purple', 'corrR': 51, 'corrG': 2, 'corrB': 100, 'image_path': '01-1/018_Purple_0.png', 'thisN': 43, 'thisTrialN': 43, 'thisRepN': 0}>
868.1436 	EXP 	text_11: autoDraw = False
868.1436 	EXP 	text_11: autoDraw = False
868.1436 	EXP 	img: foreColor = <psychopy.colors.Color: white, alpha=1.0>
868.1436 	EXP 	img: ori = np.float64(0.0)
868.1436 	EXP 	Instructions: text = 'Click the spacebar to shuffle through the filters to recognize the color.\nPress the button of the color you think it corresponds to.'
868.1436 	EXP 	R: height = np.float64(42.0)
868.1436 	EXP 	R: height = np.float64(42.0)
868.1436 	EXP 	R: height = np.float64(42.0)
868.1436 	EXP 	R: text = 51
868.1436 	EXP 	G: height = np.float64(42.0)
868.1436 	EXP 	G: height = np.float64(42.0)
868.1436 	EXP 	G: height = np.float64(42.0)
868.1436 	EXP 	G: text = 2
868.1436 	EXP 	B: height = np.float64(42.0)
868.1436 	EXP 	B: height = np.float64(42.0)
868.1436 	EXP 	B: height = np.float64(42.0)
868.1436 	EXP 	B: text = 100
868.1436 	EXP 	img: autoDraw = True
868.1436 	EXP 	Instructions: autoDraw = True
868.1436 	EXP 	RBGInfo: autoDraw = True
868.1436 	EXP 	R: autoDraw = True
868.1436 	EXP 	G: autoDraw = True
868.1436 	EXP 	B: autoDraw = True
874.0469 	DATA 	Mouse: Left button down, pos=(1628,528)
874.0601 	EXP 	img: autoDraw = False
874.0601 	EXP 	Instructions: autoDraw = False
874.0601 	EXP 	RBGInfo: autoDraw = False
874.0601 	EXP 	R: autoDraw = False
874.0601 	EXP 	G: autoDraw = False
874.0601 	EXP 	B: autoDraw = False
874.0601 	EXP 	text_8: autoDraw = True
874.2133 	DATA 	Mouse:  Left button up, pos=(1628,528)
874.4253 	EXP 	text_8: autoDraw = False
874.4253 	EXP 	text_8: autoDraw = False
874.4253 	EXP 	slider: markerPos = None
874.4253 	EXP 	slider: markerPos = 1
874.4253 	EXP 	slider: autoDraw = True
874.4253 	EXP 	text_9: autoDraw = True
874.4253 	EXP 	text_answer: autoDraw = True
876.7789 	DATA 	Mouse: Left button down, pos=(1157,554)
876.8085 	EXP 	slider: markerPos = np.float64(3.988)
876.8279 	EXP 	slider: markerPos = np.float64(3.988)
876.8584 	EXP 	slider: markerPos = np.float64(3.988)
876.8918 	EXP 	slider: markerPos = np.float64(3.988)
876.9253 	EXP 	slider: markerPos = np.float64(3.988)
876.9587 	EXP 	slider: markerPos = np.float64(3.988)
876.9923 	EXP 	slider: markerPos = np.float64(3.988)
877.0104 	DATA 	Mouse:  Left button up, pos=(1157,554)
877.0256 	EXP 	slider: markerPos = np.float64(3.988)
877.0587 	EXP 	slider: markerPos = 4.0
878.7265 	DATA 	Mouse: Left button down, pos=(972,292)
878.7457 	EXP 	slider: autoDraw = False
878.7457 	EXP 	text_9: autoDraw = False
878.7457 	EXP 	text_answer: autoDraw = False
878.7457 	EXP 	text_8: autoDraw = True
878.9455 	DATA 	Mouse:  Left button up, pos=(972,292)
879.1090 	INFO 	Keyboard events cleared
879.1088 	EXP 	text_8: autoDraw = False
879.1088 	EXP 	corrColor_2: height = np.float64(56.0)
879.1088 	EXP 	corrColor_2: height = np.float64(56.0)
879.1088 	EXP 	corrColor_2: height = np.float64(56.0)
879.1088 	EXP 	corrColor_2: text = 'Purple'
879.1088 	EXP 	R_2: height = np.float64(42.0)
879.1088 	EXP 	R_2: height = np.float64(42.0)
879.1088 	EXP 	R_2: height = np.float64(42.0)
879.1088 	EXP 	R_2: text = 51
879.1088 	EXP 	G_2: height = np.float64(42.0)
879.1088 	EXP 	G_2: height = np.float64(42.0)
879.1088 	EXP 	G_2: height = np.float64(42.0)
879.1088 	EXP 	G_2: text = 2
879.1088 	EXP 	B_2: height = np.float64(42.0)
879.1088 	EXP 	B_2: height = np.float64(42.0)
879.1088 	EXP 	B_2: height = np.float64(42.0)
879.1088 	EXP 	B_2: text = 100
879.1088 	EXP 	BaselineOverrideInfo: text = 'If you are exhausted from the experiment, press "P" to end it after this screen.\nOtherwise, please continue.'
879.1088 	EXP 	correctAnswer: autoDraw = True
879.1088 	EXP 	RBGInfo_2: autoDraw = True
879.1088 	EXP 	R_2: autoDraw = True
879.1088 	EXP 	G_2: autoDraw = True
879.1088 	EXP 	B_2: autoDraw = True
879.1088 	EXP 	BaselineOverrideInfo: autoDraw = True
880.3131 	DATA 	Mouse: Left button down, pos=(986,257)
880.3268 	EXP 	correctAnswer: autoDraw = False
880.3268 	EXP 	wrongAnswer: autoDraw = False
880.3268 	EXP 	corrColor_2: autoDraw = False
880.3268 	EXP 	RBGInfo_2: autoDraw = False
880.3268 	EXP 	R_2: autoDraw = False
880.3268 	EXP 	G_2: autoDraw = False
880.3268 	EXP 	B_2: autoDraw = False
880.3268 	EXP 	BaselineOverrideInfo: autoDraw = False
880.3268 	EXP 	text_11: autoDraw = True
880.5292 	DATA 	Mouse:  Left button up, pos=(986,257)
880.6615 	EXP 	New trial (rep=0, index=44): <Trial 44 (44 in rep 0) data={'folder': '01-1', 'image': '008_Yellow.jpg', 'logical': True, 'corrColor': 'Yellow', 'corrR': 100, 'corrG': 80, 'corrB': 0, 'image_path': '01-1/008_Yellow_0.png', 'thisN': 44, 'thisTrialN': 44, 'thisRepN': 0}>
880.7599 	EXP 	text_11: autoDraw = False
880.7599 	EXP 	text_11: autoDraw = False
880.7599 	EXP 	img: foreColor = <psychopy.colors.Color: white, alpha=1.0>
880.7599 	EXP 	img: ori = np.float64(0.0)
880.7599 	EXP 	Instructions: text = 'Click the spacebar to shuffle through the filters to recognize the color.\nPress the button of the color you think it corresponds to.'
880.7599 	EXP 	R: height = np.float64(42.0)
880.7599 	EXP 	R: height = np.float64(42.0)
880.7599 	EXP 	R: height = np.float64(42.0)
880.7599 	EXP 	R: text = 100
880.7599 	EXP 	G: height = np.float64(42.0)
880.7599 	EXP 	G: height = np.float64(42.0)
880.7599 	EXP 	G: height = np.float64(42.0)
880.7599 	EXP 	G: text = 80
880.7599 	EXP 	B: height = np.float64(42.0)
880.7599 	EXP 	B: height = np.float64(42.0)
880.7599 	EXP 	B: height = np.float64(42.0)
880.7599 	EXP 	B: text = 0
880.7599 	EXP 	img: autoDraw = True
880.7599 	EXP 	Instructions: autoDraw = True
880.7599 	EXP 	RBGInfo: autoDraw = True
880.7599 	EXP 	R: autoDraw = True
880.7599 	EXP 	G: autoDraw = True
880.7599 	EXP 	B: autoDraw = True
889.8385 	DATA 	Mouse: Left button down, pos=(1608,585)
889.8591 	EXP 	img: autoDraw = False
889.8591 	EXP 	Instructions: autoDraw = False
889.8591 	EXP 	RBGInfo: autoDraw = False
889.8591 	EXP 	R: autoDraw = False
889.8591 	EXP 	G: autoDraw = False
889.8591 	EXP 	B: autoDraw = False
889.8591 	EXP 	text_8: autoDraw = True
890.0626 	DATA 	Mouse:  Left button up, pos=(1608,585)
890.2243 	EXP 	text_8: autoDraw = False
890.2243 	EXP 	slider: markerPos = None
890.2243 	EXP 	slider: markerPos = 1
890.2243 	EXP 	slider: autoDraw = True
890.2243 	EXP 	text_9: autoDraw = True
890.2243 	EXP 	text_answer: autoDraw = True
891.5522 	DATA 	Mouse: Left button down, pos=(1412,569)
891.5769 	EXP 	slider: markerPos = np.float64(5.008)
891.5941 	EXP 	slider: markerPos = np.float64(5.008)
891.6247 	EXP 	slider: markerPos = np.float64(5.008)
891.6440 	EXP 	slider: markerPos = np.float64(5.008)
891.6747 	EXP 	slider: markerPos = np.float64(5.008)
891.7083 	EXP 	slider: markerPos = np.float64(5.008)
891.7417 	EXP 	slider: markerPos = np.float64(5.008)
891.7750 	EXP 	slider: markerPos = np.float64(5.008)
891.7760 	DATA 	Mouse:  Left button up, pos=(1412,569)
891.8084 	EXP 	slider: markerPos = 5.0
892.6770 	DATA 	Mouse: Left button down, pos=(1023,280)
892.6939 	EXP 	slider: autoDraw = False
892.6939 	EXP 	text_9: autoDraw = False
892.6939 	EXP 	text_answer: autoDraw = False
892.6939 	EXP 	text_8: autoDraw = True
892.8778 	DATA 	Mouse:  Left button up, pos=(1023,280)
893.0587 	INFO 	Keyboard events cleared
893.0585 	EXP 	text_8: autoDraw = False
893.0585 	EXP 	text_8: autoDraw = False
893.0585 	EXP 	corrColor_2: height = np.float64(56.0)
893.0585 	EXP 	corrColor_2: height = np.float64(56.0)
893.0585 	EXP 	corrColor_2: height = np.float64(56.0)
893.0585 	EXP 	corrColor_2: text = 'Yellow'
893.0585 	EXP 	R_2: height = np.float64(42.0)
893.0585 	EXP 	R_2: height = np.float64(42.0)
893.0585 	EXP 	R_2: height = np.float64(42.0)
893.0585 	EXP 	R_2: text = 100
893.0585 	EXP 	G_2: height = np.float64(42.0)
893.0585 	EXP 	G_2: height = np.float64(42.0)
893.0585 	EXP 	G_2: height = np.float64(42.0)
893.0585 	EXP 	G_2: text = 80
893.0585 	EXP 	B_2: height = np.float64(42.0)
893.0585 	EXP 	B_2: height = np.float64(42.0)
893.0585 	EXP 	B_2: height = np.float64(42.0)
893.0585 	EXP 	B_2: text = 0
893.0585 	EXP 	BaselineOverrideInfo: text = 'If you are exhausted from the experiment, press "P" to end it after this screen.\nOtherwise, please continue.'
893.0585 	EXP 	correctAnswer: autoDraw = True
893.0585 	EXP 	RBGInfo_2: autoDraw = True
893.0585 	EXP 	R_2: autoDraw = True
893.0585 	EXP 	G_2: autoDraw = True
893.0585 	EXP 	B_2: autoDraw = True
893.0585 	EXP 	BaselineOverrideInfo: autoDraw = True
894.2472 	DATA 	Mouse: Left button down, pos=(1023,259)
894.2599 	EXP 	correctAnswer: autoDraw = False
894.2599 	EXP 	wrongAnswer: autoDraw = False
894.2599 	EXP 	corrColor_2: autoDraw = False
894.2599 	EXP 	RBGInfo_2: autoDraw = False
894.2599 	EXP 	R_2: autoDraw = False
894.2599 	EXP 	G_2: autoDraw = False
894.2599 	EXP 	B_2: autoDraw = False
894.2599 	EXP 	BaselineOverrideInfo: autoDraw = False
894.2599 	EXP 	text_11: autoDraw = True
894.4615 	DATA 	Mouse:  Left button up, pos=(1023,259)
894.5948 	EXP 	New trial (rep=0, index=45): <Trial 45 (45 in rep 0) data={'folder': '01-1', 'image': '009_Blue.jpg', 'logical': True, 'corrColor': 'Blue', 'corrR': 0, 'corrG': 1, 'corrB': 88, 'image_path': '01-1/009_Blue_0.png', 'thisN': 45, 'thisTrialN': 45, 'thisRepN': 0}>
894.6758 	EXP 	text_11: autoDraw = False
894.6758 	EXP 	text_11: autoDraw = False
894.6758 	EXP 	img: foreColor = <psychopy.colors.Color: white, alpha=1.0>
894.6758 	EXP 	img: ori = np.float64(0.0)
894.6758 	EXP 	Instructions: text = 'Click the spacebar to shuffle through the filters to recognize the color.\nPress the button of the color you think it corresponds to.'
894.6758 	EXP 	R: height = np.float64(42.0)
894.6758 	EXP 	R: height = np.float64(42.0)
894.6758 	EXP 	R: height = np.float64(42.0)
894.6758 	EXP 	R: text = 0
894.6758 	EXP 	G: height = np.float64(42.0)
894.6758 	EXP 	G: height = np.float64(42.0)
894.6758 	EXP 	G: height = np.float64(42.0)
894.6758 	EXP 	G: text = 1
894.6758 	EXP 	B: height = np.float64(42.0)
894.6758 	EXP 	B: height = np.float64(42.0)
894.6758 	EXP 	B: height = np.float64(42.0)
894.6758 	EXP 	B: text = 88
894.6758 	EXP 	img: autoDraw = True
894.6758 	EXP 	Instructions: autoDraw = True
894.6758 	EXP 	RBGInfo: autoDraw = True
894.6758 	EXP 	R: autoDraw = True
894.6758 	EXP 	G: autoDraw = True
894.6758 	EXP 	B: autoDraw = True
899.4503 	DATA 	Mouse: Left button down, pos=(1642,645)
899.4586 	EXP 	img: autoDraw = False
899.4586 	EXP 	Instructions: autoDraw = False
899.4586 	EXP 	RBGInfo: autoDraw = False
899.4586 	EXP 	R: autoDraw = False
899.4586 	EXP 	G: autoDraw = False
899.4586 	EXP 	B: autoDraw = False
899.4586 	EXP 	text_8: autoDraw = True
899.6800 	DATA 	Mouse:  Left button up, pos=(1642,645)
899.8246 	EXP 	text_8: autoDraw = False
899.8246 	EXP 	text_8: autoDraw = False
899.8246 	EXP 	slider: markerPos = None
899.8246 	EXP 	slider: markerPos = 1
899.8246 	EXP 	slider: autoDraw = True
899.8246 	EXP 	text_9: autoDraw = True
899.8246 	EXP 	text_answer: autoDraw = True
901.1061 	DATA 	Mouse: Left button down, pos=(1414,570)
901.1577 	EXP 	slider: markerPos = np.float64(5.016)
901.1912 	EXP 	slider: markerPos = np.float64(5.016)
901.2243 	EXP 	slider: markerPos = np.float64(5.016)
901.2578 	EXP 	slider: markerPos = np.float64(5.016)
901.2914 	EXP 	slider: markerPos = np.float64(5.016)
901.3246 	EXP 	slider: markerPos = np.float64(5.016)
901.3429 	DATA 	Mouse:  Left button up, pos=(1414,570)
901.3579 	EXP 	slider: markerPos = np.float64(5.016)
901.3913 	EXP 	slider: markerPos = 5.0
902.3595 	DATA 	Mouse: Left button down, pos=(1053,268)
902.3784 	EXP 	slider: autoDraw = False
902.3784 	EXP 	text_9: autoDraw = False
902.3784 	EXP 	text_answer: autoDraw = False
902.3784 	EXP 	text_8: autoDraw = True
902.5953 	DATA 	Mouse:  Left button up, pos=(1053,268)
902.7439 	INFO 	Keyboard events cleared
902.7438 	EXP 	text_8: autoDraw = False
902.7438 	EXP 	corrColor_2: height = np.float64(56.0)
902.7438 	EXP 	corrColor_2: height = np.float64(56.0)
902.7438 	EXP 	corrColor_2: height = np.float64(56.0)
902.7438 	EXP 	corrColor_2: text = 'Blue'
902.7438 	EXP 	R_2: height = np.float64(42.0)
902.7438 	EXP 	R_2: height = np.float64(42.0)
902.7438 	EXP 	R_2: height = np.float64(42.0)
902.7438 	EXP 	R_2: text = 0
902.7438 	EXP 	G_2: height = np.float64(42.0)
902.7438 	EXP 	G_2: height = np.float64(42.0)
902.7438 	EXP 	G_2: height = np.float64(42.0)
902.7438 	EXP 	G_2: text = 1
902.7438 	EXP 	B_2: height = np.float64(42.0)
902.7438 	EXP 	B_2: height = np.float64(42.0)
902.7438 	EXP 	B_2: height = np.float64(42.0)
902.7438 	EXP 	B_2: text = 88
902.7438 	EXP 	BaselineOverrideInfo: text = 'If you are exhausted from the experiment, press "P" to end it after this screen.\nOtherwise, please continue.'
902.7438 	EXP 	correctAnswer: autoDraw = True
902.7438 	EXP 	RBGInfo_2: autoDraw = True
902.7438 	EXP 	R_2: autoDraw = True
902.7438 	EXP 	G_2: autoDraw = True
902.7438 	EXP 	B_2: autoDraw = True
902.7438 	EXP 	BaselineOverrideInfo: autoDraw = True
904.2789 	DATA 	Mouse: Left button down, pos=(1053,268)
904.2935 	EXP 	correctAnswer: autoDraw = False
904.2935 	EXP 	wrongAnswer: autoDraw = False
904.2935 	EXP 	corrColor_2: autoDraw = False
904.2935 	EXP 	RBGInfo_2: autoDraw = False
904.2935 	EXP 	R_2: autoDraw = False
904.2935 	EXP 	G_2: autoDraw = False
904.2935 	EXP 	B_2: autoDraw = False
904.2935 	EXP 	BaselineOverrideInfo: autoDraw = False
904.2935 	EXP 	text_11: autoDraw = True
904.4948 	DATA 	Mouse:  Left button up, pos=(1053,268)
904.6284 	EXP 	New trial (rep=0, index=46): <Trial 46 (46 in rep 0) data={'folder': '01-1', 'image': '008_Blue.jpg', 'logical': True, 'corrColor': 'Blue', 'corrR': 4, 'corrG': 9, 'corrB': 100, 'image_path': '01-1/008_Blue_0.png', 'thisN': 46, 'thisTrialN': 46, 'thisRepN': 0}>
904.7258 	EXP 	text_11: autoDraw = False
904.7258 	EXP 	text_11: autoDraw = False
904.7258 	EXP 	img: foreColor = <psychopy.colors.Color: white, alpha=1.0>
904.7258 	EXP 	img: ori = np.float64(0.0)
904.7258 	EXP 	Instructions: text = 'Click the spacebar to shuffle through the filters to recognize the color.\nPress the button of the color you think it corresponds to.'
904.7258 	EXP 	R: height = np.float64(42.0)
904.7258 	EXP 	R: height = np.float64(42.0)
904.7258 	EXP 	R: height = np.float64(42.0)
904.7258 	EXP 	R: text = 4
904.7258 	EXP 	G: height = np.float64(42.0)
904.7258 	EXP 	G: height = np.float64(42.0)
904.7258 	EXP 	G: height = np.float64(42.0)
904.7258 	EXP 	G: text = 9
904.7258 	EXP 	B: height = np.float64(42.0)
904.7258 	EXP 	B: height = np.float64(42.0)
904.7258 	EXP 	B: height = np.float64(42.0)
904.7258 	EXP 	B: text = 100
904.7258 	EXP 	img: autoDraw = True
904.7258 	EXP 	Instructions: autoDraw = True
904.7258 	EXP 	RBGInfo: autoDraw = True
904.7258 	EXP 	R: autoDraw = True
904.7258 	EXP 	G: autoDraw = True
904.7258 	EXP 	B: autoDraw = True
917.3045 	DATA 	Mouse: Left button down, pos=(1617,638)
917.3258 	EXP 	img: autoDraw = False
917.3258 	EXP 	Instructions: autoDraw = False
917.3258 	EXP 	RBGInfo: autoDraw = False
917.3258 	EXP 	R: autoDraw = False
917.3258 	EXP 	G: autoDraw = False
917.3258 	EXP 	B: autoDraw = False
917.3258 	EXP 	text_8: autoDraw = True
917.5125 	DATA 	Mouse:  Left button up, pos=(1617,638)
917.6903 	EXP 	text_8: autoDraw = False
917.6903 	EXP 	slider: markerPos = None
917.6903 	EXP 	slider: markerPos = 1
917.6903 	EXP 	slider: autoDraw = True
917.6903 	EXP 	text_9: autoDraw = True
917.6903 	EXP 	text_answer: autoDraw = True
919.3361 	DATA 	Mouse: Left button down, pos=(1407,592)
919.3768 	EXP 	slider: markerPos = np.float64(4.9879999999999995)
919.3926 	EXP 	slider: markerPos = np.float64(4.9879999999999995)
919.4099 	EXP 	slider: markerPos = np.float64(4.9879999999999995)
919.4402 	EXP 	slider: markerPos = np.float64(4.9879999999999995)
919.4597 	EXP 	slider: markerPos = np.float64(4.9879999999999995)
919.4902 	EXP 	slider: markerPos = np.float64(4.9879999999999995)
919.5236 	EXP 	slider: markerPos = np.float64(4.9879999999999995)
919.5570 	EXP 	slider: markerPos = np.float64(4.9879999999999995)
919.5580 	DATA 	Mouse:  Left button up, pos=(1407,592)
919.5902 	EXP 	slider: markerPos = 5.0
920.5681 	DATA 	Mouse: Left button down, pos=(1071,265)
920.6108 	EXP 	slider: autoDraw = False
920.6108 	EXP 	text_9: autoDraw = False
920.6108 	EXP 	text_answer: autoDraw = False
920.6108 	EXP 	text_8: autoDraw = True
920.7945 	DATA 	Mouse:  Left button up, pos=(1071,265)
920.9738 	INFO 	Keyboard events cleared
920.9736 	EXP 	text_8: autoDraw = False
920.9736 	EXP 	corrColor_2: text = 'Blue'
920.9736 	EXP 	R_2: height = np.float64(42.0)
920.9736 	EXP 	R_2: height = np.float64(42.0)
920.9736 	EXP 	R_2: height = np.float64(42.0)
920.9736 	EXP 	R_2: text = 4
920.9736 	EXP 	G_2: height = np.float64(42.0)
920.9736 	EXP 	G_2: height = np.float64(42.0)
920.9736 	EXP 	G_2: height = np.float64(42.0)
920.9736 	EXP 	G_2: text = 9
920.9736 	EXP 	B_2: height = np.float64(42.0)
920.9736 	EXP 	B_2: height = np.float64(42.0)
920.9736 	EXP 	B_2: height = np.float64(42.0)
920.9736 	EXP 	B_2: text = 100
920.9736 	EXP 	BaselineOverrideInfo: text = 'If you are exhausted from the experiment, press "P" to end it after this screen.\nOtherwise, please continue.'
920.9736 	EXP 	correctAnswer: autoDraw = True
920.9736 	EXP 	RBGInfo_2: autoDraw = True
920.9736 	EXP 	R_2: autoDraw = True
920.9736 	EXP 	G_2: autoDraw = True
920.9736 	EXP 	B_2: autoDraw = True
920.9736 	EXP 	BaselineOverrideInfo: autoDraw = True
922.1116 	DATA 	Mouse: Left button down, pos=(1024,247)
922.1261 	EXP 	correctAnswer: autoDraw = False
922.1261 	EXP 	wrongAnswer: autoDraw = False
922.1261 	EXP 	corrColor_2: autoDraw = False
922.1261 	EXP 	RBGInfo_2: autoDraw = False
922.1261 	EXP 	R_2: autoDraw = False
922.1261 	EXP 	G_2: autoDraw = False
922.1261 	EXP 	B_2: autoDraw = False
922.1261 	EXP 	BaselineOverrideInfo: autoDraw = False
922.1261 	EXP 	text_11: autoDraw = True
922.3445 	DATA 	Mouse:  Left button up, pos=(1024,247)
922.4601 	EXP 	New trial (rep=0, index=47): <Trial 47 (47 in rep 0) data={'folder': '01-1', 'image': '019_Purple.jpg', 'logical': True, 'corrColor': 'Purple', 'corrR': 55, 'corrG': 0, 'corrB': 100, 'image_path': '01-1/019_Purple_0.png', 'thisN': 47, 'thisTrialN': 47, 'thisRepN': 0}>
922.5419 	EXP 	text_11: autoDraw = False
922.5419 	EXP 	text_11: autoDraw = False
922.5419 	EXP 	img: foreColor = <psychopy.colors.Color: white, alpha=1.0>
922.5419 	EXP 	img: ori = np.float64(0.0)
922.5419 	EXP 	Instructions: text = 'Click the spacebar to shuffle through the filters to recognize the color.\nPress the button of the color you think it corresponds to.'
922.5419 	EXP 	R: height = np.float64(42.0)
922.5419 	EXP 	R: height = np.float64(42.0)
922.5419 	EXP 	R: height = np.float64(42.0)
922.5419 	EXP 	R: text = 55
922.5419 	EXP 	G: height = np.float64(42.0)
922.5419 	EXP 	G: height = np.float64(42.0)
922.5419 	EXP 	G: height = np.float64(42.0)
922.5419 	EXP 	G: text = 0
922.5419 	EXP 	B: height = np.float64(42.0)
922.5419 	EXP 	B: height = np.float64(42.0)
922.5419 	EXP 	B: height = np.float64(42.0)
922.5419 	EXP 	B: text = 100
922.5419 	EXP 	img: autoDraw = True
922.5419 	EXP 	Instructions: autoDraw = True
922.5419 	EXP 	RBGInfo: autoDraw = True
922.5419 	EXP 	R: autoDraw = True
922.5419 	EXP 	G: autoDraw = True
922.5419 	EXP 	B: autoDraw = True
963.5579 	DATA 	Mouse: Left button down, pos=(1619,520)
963.5737 	EXP 	img: autoDraw = False
963.5737 	EXP 	Instructions: autoDraw = False
963.5737 	EXP 	RBGInfo: autoDraw = False
963.5737 	EXP 	R: autoDraw = False
963.5737 	EXP 	G: autoDraw = False
963.5737 	EXP 	B: autoDraw = False
963.5737 	EXP 	text_8: autoDraw = True
963.7439 	DATA 	Mouse:  Left button up, pos=(1619,520)
963.9385 	EXP 	text_8: autoDraw = False
963.9385 	EXP 	text_8: autoDraw = False
963.9385 	EXP 	slider: markerPos = None
963.9385 	EXP 	slider: markerPos = 1
963.9385 	EXP 	slider: autoDraw = True
963.9385 	EXP 	text_9: autoDraw = True
963.9385 	EXP 	text_answer: autoDraw = True
965.8897 	DATA 	Mouse: Left button down, pos=(940,570)
965.9222 	EXP 	slider: markerPos = np.float64(3.12)
965.9555 	EXP 	slider: markerPos = np.float64(3.12)
965.9882 	EXP 	slider: markerPos = np.float64(3.12)
966.0214 	EXP 	slider: markerPos = np.float64(3.12)
966.0548 	EXP 	slider: markerPos = np.float64(3.12)
966.0881 	EXP 	slider: markerPos = np.float64(3.12)
966.1089 	EXP 	slider: markerPos = np.float64(3.12)
966.1103 	DATA 	Mouse:  Left button up, pos=(940,570)
966.1383 	EXP 	slider: markerPos = 3.0
967.0916 	DATA 	Mouse: Left button down, pos=(979,272)
967.1066 	EXP 	slider: autoDraw = False
967.1066 	EXP 	text_9: autoDraw = False
967.1066 	EXP 	text_answer: autoDraw = False
967.1066 	EXP 	text_8: autoDraw = True
967.3094 	DATA 	Mouse:  Left button up, pos=(979,272)
967.4722 	INFO 	Keyboard events cleared
967.4721 	EXP 	text_8: autoDraw = False
967.4721 	EXP 	text_8: autoDraw = False
967.4721 	EXP 	corrColor_2: height = np.float64(56.0)
967.4721 	EXP 	corrColor_2: height = np.float64(56.0)
967.4721 	EXP 	corrColor_2: height = np.float64(56.0)
967.4721 	EXP 	corrColor_2: text = 'Purple'
967.4721 	EXP 	R_2: height = np.float64(42.0)
967.4721 	EXP 	R_2: height = np.float64(42.0)
967.4721 	EXP 	R_2: height = np.float64(42.0)
967.4721 	EXP 	R_2: text = 55
967.4721 	EXP 	G_2: height = np.float64(42.0)
967.4721 	EXP 	G_2: height = np.float64(42.0)
967.4721 	EXP 	G_2: height = np.float64(42.0)
967.4721 	EXP 	G_2: text = 0
967.4721 	EXP 	B_2: height = np.float64(42.0)
967.4721 	EXP 	B_2: height = np.float64(42.0)
967.4721 	EXP 	B_2: height = np.float64(42.0)
967.4721 	EXP 	B_2: text = 100
967.4721 	EXP 	BaselineOverrideInfo: text = 'If you are exhausted from the experiment, press "P" to end it after this screen.\nOtherwise, please continue.'
967.4721 	EXP 	correctAnswer: autoDraw = True
967.4721 	EXP 	RBGInfo_2: autoDraw = True
967.4721 	EXP 	R_2: autoDraw = True
967.4721 	EXP 	G_2: autoDraw = True
967.4721 	EXP 	B_2: autoDraw = True
967.4721 	EXP 	BaselineOverrideInfo: autoDraw = True
968.7079 	DATA 	Mouse: Left button down, pos=(988,250)
968.7245 	EXP 	correctAnswer: autoDraw = False
968.7245 	EXP 	wrongAnswer: autoDraw = False
968.7245 	EXP 	corrColor_2: autoDraw = False
968.7245 	EXP 	RBGInfo_2: autoDraw = False
968.7245 	EXP 	R_2: autoDraw = False
968.7245 	EXP 	G_2: autoDraw = False
968.7245 	EXP 	B_2: autoDraw = False
968.7245 	EXP 	BaselineOverrideInfo: autoDraw = False
968.7245 	EXP 	text_11: autoDraw = True
968.9271 	DATA 	Mouse:  Left button up, pos=(988,250)
969.0734 	EXP 	New trial (rep=0, index=48): <Trial 48 (48 in rep 0) data={'folder': '01-1', 'image': '017_Cyan.jpg', 'logical': True, 'corrColor': 'Cyan', 'corrR': 0, 'corrG': 100, 'corrB': 94, 'image_path': '01-1/017_Cyan_0.png', 'thisN': 48, 'thisTrialN': 48, 'thisRepN': 0}>
969.1395 	EXP 	text_11: autoDraw = False
969.1395 	EXP 	img: foreColor = <psychopy.colors.Color: white, alpha=1.0>
969.1395 	EXP 	img: ori = np.float64(0.0)
969.1395 	EXP 	Instructions: text = 'Click the spacebar to shuffle through the filters to recognize the color.\nPress the button of the color you think it corresponds to.'
969.1395 	EXP 	R: height = np.float64(42.0)
969.1395 	EXP 	R: height = np.float64(42.0)
969.1395 	EXP 	R: height = np.float64(42.0)
969.1395 	EXP 	R: text = 0
969.1395 	EXP 	G: height = np.float64(42.0)
969.1395 	EXP 	G: height = np.float64(42.0)
969.1395 	EXP 	G: height = np.float64(42.0)
969.1395 	EXP 	G: text = 100
969.1395 	EXP 	B: height = np.float64(42.0)
969.1395 	EXP 	B: height = np.float64(42.0)
969.1395 	EXP 	B: height = np.float64(42.0)
969.1395 	EXP 	B: text = 94
969.1395 	EXP 	img: autoDraw = True
969.1395 	EXP 	Instructions: autoDraw = True
969.1395 	EXP 	RBGInfo: autoDraw = True
969.1395 	EXP 	R: autoDraw = True
969.1395 	EXP 	G: autoDraw = True
969.1395 	EXP 	B: autoDraw = True
984.0604 	DATA 	Mouse: Left button down, pos=(1618,468)
984.0727 	EXP 	img: autoDraw = False
984.0727 	EXP 	Instructions: autoDraw = False
984.0727 	EXP 	RBGInfo: autoDraw = False
984.0727 	EXP 	R: autoDraw = False
984.0727 	EXP 	G: autoDraw = False
984.0727 	EXP 	B: autoDraw = False
984.0727 	EXP 	text_8: autoDraw = True
984.2755 	DATA 	Mouse:  Left button up, pos=(1618,468)
984.4379 	EXP 	text_8: autoDraw = False
984.4379 	EXP 	text_8: autoDraw = False
984.4379 	EXP 	slider: markerPos = None
984.4379 	EXP 	slider: markerPos = 1
984.4379 	EXP 	slider: autoDraw = True
984.4379 	EXP 	text_9: autoDraw = True
984.4379 	EXP 	text_answer: autoDraw = True
987.7927 	DATA 	Mouse: Left button down, pos=(1392,587)
987.8210 	EXP 	slider: markerPos = np.float64(4.928)
987.8544 	EXP 	slider: markerPos = np.float64(4.928)
987.8876 	EXP 	slider: markerPos = np.float64(4.928)
987.9209 	EXP 	slider: markerPos = np.float64(4.928)
987.9542 	EXP 	slider: markerPos = np.float64(4.928)
987.9874 	EXP 	slider: markerPos = np.float64(4.928)
988.0209 	EXP 	slider: markerPos = np.float64(4.928)
988.0233 	DATA 	Mouse:  Left button up, pos=(1392,587)
988.0542 	EXP 	slider: markerPos = 5.0
989.0725 	DATA 	Mouse: Left button down, pos=(1011,247)
989.0902 	EXP 	slider: autoDraw = False
989.0902 	EXP 	text_9: autoDraw = False
989.0902 	EXP 	text_answer: autoDraw = False
989.0902 	EXP 	text_8: autoDraw = True
989.2927 	DATA 	Mouse:  Left button up, pos=(1011,247)
989.4546 	INFO 	Keyboard events cleared
989.4544 	EXP 	text_8: autoDraw = False
989.4544 	EXP 	corrColor_2: height = np.float64(56.0)
989.4544 	EXP 	corrColor_2: height = np.float64(56.0)
989.4544 	EXP 	corrColor_2: height = np.float64(56.0)
989.4544 	EXP 	corrColor_2: text = 'Cyan'
989.4544 	EXP 	R_2: height = np.float64(42.0)
989.4544 	EXP 	R_2: height = np.float64(42.0)
989.4544 	EXP 	R_2: height = np.float64(42.0)
989.4544 	EXP 	R_2: text = 0
989.4544 	EXP 	G_2: height = np.float64(42.0)
989.4544 	EXP 	G_2: height = np.float64(42.0)
989.4544 	EXP 	G_2: height = np.float64(42.0)
989.4544 	EXP 	G_2: text = 100
989.4544 	EXP 	B_2: height = np.float64(42.0)
989.4544 	EXP 	B_2: height = np.float64(42.0)
989.4544 	EXP 	B_2: height = np.float64(42.0)
989.4544 	EXP 	B_2: text = 94
989.4544 	EXP 	BaselineOverrideInfo: text = 'If you are exhausted from the experiment, press "P" to end it after this screen.\nOtherwise, please continue.'
989.4544 	EXP 	correctAnswer: autoDraw = True
989.4544 	EXP 	RBGInfo_2: autoDraw = True
989.4544 	EXP 	R_2: autoDraw = True
989.4544 	EXP 	G_2: autoDraw = True
989.4544 	EXP 	B_2: autoDraw = True
989.4544 	EXP 	BaselineOverrideInfo: autoDraw = True
990.7817 	DATA 	Mouse: Left button down, pos=(1011,247)
990.8078 	EXP 	correctAnswer: autoDraw = False
990.8078 	EXP 	wrongAnswer: autoDraw = False
990.8078 	EXP 	corrColor_2: autoDraw = False
990.8078 	EXP 	RBGInfo_2: autoDraw = False
990.8078 	EXP 	R_2: autoDraw = False
990.8078 	EXP 	G_2: autoDraw = False
990.8078 	EXP 	B_2: autoDraw = False
990.8078 	EXP 	BaselineOverrideInfo: autoDraw = False
990.8078 	EXP 	text_11: autoDraw = True
991.0076 	DATA 	Mouse:  Left button up, pos=(1011,247)
991.1420 	EXP 	New trial (rep=0, index=49): <Trial 49 (49 in rep 0) data={'folder': '01-1', 'image': '020_Blue.jpg', 'logical': True, 'corrColor': 'Blue', 'corrR': 0, 'corrG': 6, 'corrB': 100, 'image_path': '01-1/020_Blue_0.png', 'thisN': 49, 'thisTrialN': 49, 'thisRepN': 0}>
991.2388 	EXP 	text_11: autoDraw = False
991.2388 	EXP 	text_11: autoDraw = False
991.2388 	EXP 	img: foreColor = <psychopy.colors.Color: white, alpha=1.0>
991.2388 	EXP 	img: ori = np.float64(0.0)
991.2388 	EXP 	Instructions: text = 'Click the spacebar to shuffle through the filters to recognize the color.\nPress the button of the color you think it corresponds to.'
991.2388 	EXP 	R: height = np.float64(42.0)
991.2388 	EXP 	R: height = np.float64(42.0)
991.2388 	EXP 	R: height = np.float64(42.0)
991.2388 	EXP 	R: text = 0
991.2388 	EXP 	G: height = np.float64(42.0)
991.2388 	EXP 	G: height = np.float64(42.0)
991.2388 	EXP 	G: height = np.float64(42.0)
991.2388 	EXP 	G: text = 6
991.2388 	EXP 	B: height = np.float64(42.0)
991.2388 	EXP 	B: height = np.float64(42.0)
991.2388 	EXP 	B: height = np.float64(42.0)
991.2388 	EXP 	B: text = 100
991.2388 	EXP 	img: autoDraw = True
991.2388 	EXP 	Instructions: autoDraw = True
991.2388 	EXP 	RBGInfo: autoDraw = True
991.2388 	EXP 	R: autoDraw = True
991.2388 	EXP 	G: autoDraw = True
991.2388 	EXP 	B: autoDraw = True
1003.2235 	DATA 	Mouse: Left button down, pos=(1628,639)
1003.2389 	EXP 	img: autoDraw = False
1003.2389 	EXP 	Instructions: autoDraw = False
1003.2389 	EXP 	RBGInfo: autoDraw = False
1003.2389 	EXP 	R: autoDraw = False
1003.2389 	EXP 	G: autoDraw = False
1003.2389 	EXP 	B: autoDraw = False
1003.2389 	EXP 	text_8: autoDraw = True
1003.4069 	DATA 	Mouse:  Left button up, pos=(1628,639)
1003.6043 	EXP 	text_8: autoDraw = False
1003.6043 	EXP 	text_8: autoDraw = False
1003.6043 	EXP 	slider: markerPos = None
1003.6043 	EXP 	slider: markerPos = 1
1003.6043 	EXP 	slider: autoDraw = True
1003.6043 	EXP 	text_9: autoDraw = True
1003.6043 	EXP 	text_answer: autoDraw = True
1004.6965 	DATA 	Mouse: Left button down, pos=(1447,605)
1004.7370 	EXP 	slider: markerPos = np.float64(5.148)
1004.7704 	EXP 	slider: markerPos = np.float64(5.148)
1004.8043 	EXP 	slider: markerPos = np.float64(5.148)
1004.8374 	EXP 	slider: markerPos = np.float64(5.148)
1004.8568 	EXP 	slider: markerPos = np.float64(5.148)
1004.8728 	EXP 	slider: markerPos = np.float64(5.148)
1004.9041 	EXP 	slider: markerPos = np.float64(5.148)
1004.9232 	EXP 	slider: markerPos = np.float64(5.148)
1004.9257 	DATA 	Mouse:  Left button up, pos=(1447,605)
1004.9538 	EXP 	slider: markerPos = 5.0
1006.1991 	DATA 	Mouse: Left button down, pos=(1032,263)
1006.2408 	EXP 	slider: autoDraw = False
1006.2408 	EXP 	text_9: autoDraw = False
1006.2408 	EXP 	text_answer: autoDraw = False
1006.2408 	EXP 	text_8: autoDraw = True
1006.4237 	DATA 	Mouse:  Left button up, pos=(1032,263)
1006.6039 	INFO 	Keyboard events cleared
1006.6037 	EXP 	text_8: autoDraw = False
1006.6037 	EXP 	corrColor_2: height = np.float64(56.0)
1006.6037 	EXP 	corrColor_2: height = np.float64(56.0)
1006.6037 	EXP 	corrColor_2: height = np.float64(56.0)
1006.6037 	EXP 	corrColor_2: text = 'Blue'
1006.6037 	EXP 	R_2: height = np.float64(42.0)
1006.6037 	EXP 	R_2: height = np.float64(42.0)
1006.6037 	EXP 	R_2: height = np.float64(42.0)
1006.6037 	EXP 	R_2: text = 0
1006.6037 	EXP 	G_2: height = np.float64(42.0)
1006.6037 	EXP 	G_2: height = np.float64(42.0)
1006.6037 	EXP 	G_2: height = np.float64(42.0)
1006.6037 	EXP 	G_2: text = 6
1006.6037 	EXP 	B_2: height = np.float64(42.0)
1006.6037 	EXP 	B_2: height = np.float64(42.0)
1006.6037 	EXP 	B_2: height = np.float64(42.0)
1006.6037 	EXP 	B_2: text = 100
1006.6037 	EXP 	BaselineOverrideInfo: text = 'If you are exhausted from the experiment, press "P" to end it after this screen.\nOtherwise, please continue.'
1006.6037 	EXP 	correctAnswer: autoDraw = True
1006.6037 	EXP 	RBGInfo_2: autoDraw = True
1006.6037 	EXP 	R_2: autoDraw = True
1006.6037 	EXP 	G_2: autoDraw = True
1006.6037 	EXP 	B_2: autoDraw = True
1006.6037 	EXP 	BaselineOverrideInfo: autoDraw = True
1007.2079 	DATA 	Mouse: Left button down, pos=(1032,263)
1007.2235 	EXP 	correctAnswer: autoDraw = False
1007.2235 	EXP 	wrongAnswer: autoDraw = False
1007.2235 	EXP 	corrColor_2: autoDraw = False
1007.2235 	EXP 	RBGInfo_2: autoDraw = False
1007.2235 	EXP 	R_2: autoDraw = False
1007.2235 	EXP 	G_2: autoDraw = False
1007.2235 	EXP 	B_2: autoDraw = False
1007.2235 	EXP 	BaselineOverrideInfo: autoDraw = False
1007.2235 	EXP 	text_11: autoDraw = True
1007.4405 	DATA 	Mouse:  Left button up, pos=(1032,263)
1007.5579 	EXP 	New trial (rep=0, index=50): <Trial 50 (50 in rep 0) data={'folder': '01-1', 'image': '027_Green.jpg', 'logical': True, 'corrColor': 'Green', 'corrR': 1, 'corrG': 88, 'corrB': 0, 'image_path': '01-1/027_Green_0.png', 'thisN': 50, 'thisTrialN': 50, 'thisRepN': 0}>
1007.6380 	EXP 	text_11: autoDraw = False
1007.6380 	EXP 	text_11: autoDraw = False
1007.6380 	EXP 	img: foreColor = <psychopy.colors.Color: white, alpha=1.0>
1007.6380 	EXP 	img: ori = np.float64(0.0)
1007.6380 	EXP 	Instructions: text = 'Click the spacebar to shuffle through the filters to recognize the color.\nPress the button of the color you think it corresponds to.'
1007.6380 	EXP 	R: height = np.float64(42.0)
1007.6380 	EXP 	R: height = np.float64(42.0)
1007.6380 	EXP 	R: height = np.float64(42.0)
1007.6380 	EXP 	R: text = 1
1007.6380 	EXP 	G: height = np.float64(42.0)
1007.6380 	EXP 	G: height = np.float64(42.0)
1007.6380 	EXP 	G: height = np.float64(42.0)
1007.6380 	EXP 	G: text = 88
1007.6380 	EXP 	B: height = np.float64(42.0)
1007.6380 	EXP 	B: height = np.float64(42.0)
1007.6380 	EXP 	B: height = np.float64(42.0)
1007.6380 	EXP 	B: text = 0
1007.6380 	EXP 	img: autoDraw = True
1007.6380 	EXP 	Instructions: autoDraw = True
1007.6380 	EXP 	RBGInfo: autoDraw = True
1007.6380 	EXP 	R: autoDraw = True
1007.6380 	EXP 	G: autoDraw = True
1007.6380 	EXP 	B: autoDraw = True
1013.1666 	DATA 	Mouse: Left button down, pos=(1628,409)
1013.1908 	EXP 	img: autoDraw = False
1013.1908 	EXP 	Instructions: autoDraw = False
1013.1908 	EXP 	RBGInfo: autoDraw = False
1013.1908 	EXP 	R: autoDraw = False
1013.1908 	EXP 	G: autoDraw = False
1013.1908 	EXP 	B: autoDraw = False
1013.1908 	EXP 	text_8: autoDraw = True
1013.3780 	DATA 	Mouse:  Left button up, pos=(1628,409)
1013.5728 	EXP 	text_8: autoDraw = False
1013.5728 	EXP 	slider: markerPos = None
1013.5728 	EXP 	slider: markerPos = 1
1013.5728 	EXP 	slider: autoDraw = True
1013.5728 	EXP 	text_9: autoDraw = True
1013.5728 	EXP 	text_answer: autoDraw = True
1014.6701 	DATA 	Mouse: Left button down, pos=(1389,526)
1014.8778 	DATA 	Mouse:  Left button up, pos=(1389,526)
1015.7245 	DATA 	Mouse: Left button down, pos=(1413,586)
1015.7548 	EXP 	slider: markerPos = np.float64(5.0120000000000005)
1015.7878 	EXP 	slider: markerPos = np.float64(5.0120000000000005)
1015.8213 	EXP 	slider: markerPos = np.float64(5.0120000000000005)
1015.8547 	EXP 	slider: markerPos = np.float64(5.0120000000000005)
1015.8880 	EXP 	slider: markerPos = np.float64(5.0120000000000005)
1015.9211 	EXP 	slider: markerPos = np.float64(5.0120000000000005)
1015.9544 	EXP 	slider: markerPos = np.float64(5.0120000000000005)
1015.9555 	DATA 	Mouse:  Left button up, pos=(1413,586)
1015.9878 	EXP 	slider: markerPos = 5.0
1016.8887 	DATA 	Mouse: Left button down, pos=(1051,249)
1016.9081 	EXP 	slider: autoDraw = False
1016.9081 	EXP 	text_9: autoDraw = False
1016.9081 	EXP 	text_answer: autoDraw = False
1016.9081 	EXP 	text_8: autoDraw = True
1017.1097 	DATA 	Mouse:  Left button up, pos=(1051,249)
1017.2711 	INFO 	Keyboard events cleared
1017.2710 	EXP 	text_8: autoDraw = False
1017.2710 	EXP 	corrColor_2: height = np.float64(56.0)
1017.2710 	EXP 	corrColor_2: height = np.float64(56.0)
1017.2710 	EXP 	corrColor_2: height = np.float64(56.0)
1017.2710 	EXP 	corrColor_2: text = 'Green'
1017.2710 	EXP 	R_2: height = np.float64(42.0)
1017.2710 	EXP 	R_2: height = np.float64(42.0)
1017.2710 	EXP 	R_2: height = np.float64(42.0)
1017.2710 	EXP 	R_2: text = 1
1017.2710 	EXP 	G_2: height = np.float64(42.0)
1017.2710 	EXP 	G_2: height = np.float64(42.0)
1017.2710 	EXP 	G_2: height = np.float64(42.0)
1017.2710 	EXP 	G_2: text = 88
1017.2710 	EXP 	B_2: height = np.float64(42.0)
1017.2710 	EXP 	B_2: height = np.float64(42.0)
1017.2710 	EXP 	B_2: height = np.float64(42.0)
1017.2710 	EXP 	B_2: text = 0
1017.2710 	EXP 	BaselineOverrideInfo: text = 'If you are exhausted from the experiment, press "P" to end it after this screen.\nOtherwise, please continue.'
1017.2710 	EXP 	correctAnswer: autoDraw = True
1017.2710 	EXP 	RBGInfo_2: autoDraw = True
1017.2710 	EXP 	R_2: autoDraw = True
1017.2710 	EXP 	G_2: autoDraw = True
1017.2710 	EXP 	B_2: autoDraw = True
1017.2710 	EXP 	BaselineOverrideInfo: autoDraw = True
1018.0274 	DATA 	Mouse: Left button down, pos=(1051,249)
1018.0414 	EXP 	correctAnswer: autoDraw = False
1018.0414 	EXP 	wrongAnswer: autoDraw = False
1018.0414 	EXP 	corrColor_2: autoDraw = False
1018.0414 	EXP 	RBGInfo_2: autoDraw = False
1018.0414 	EXP 	R_2: autoDraw = False
1018.0414 	EXP 	G_2: autoDraw = False
1018.0414 	EXP 	B_2: autoDraw = False
1018.0414 	EXP 	BaselineOverrideInfo: autoDraw = False
1018.0414 	EXP 	text_11: autoDraw = True
1018.2596 	DATA 	Mouse:  Left button up, pos=(1051,249)
1018.3750 	EXP 	New trial (rep=0, index=51): <Trial 51 (51 in rep 0) data={'folder': '01-1', 'image': '011_Red.jpg', 'logical': True, 'corrColor': 'Red', 'corrR': 100, 'corrG': 0, 'corrB': 12, 'image_path': '01-1/011_Red_0.png', 'thisN': 51, 'thisTrialN': 51, 'thisRepN': 0}>
1018.4893 	EXP 	text_11: autoDraw = False
1018.4893 	EXP 	text_11: autoDraw = False
1018.4893 	EXP 	img: foreColor = <psychopy.colors.Color: white, alpha=1.0>
1018.4893 	EXP 	img: ori = np.float64(0.0)
1018.4893 	EXP 	Instructions: text = 'Click the spacebar to shuffle through the filters to recognize the color.\nPress the button of the color you think it corresponds to.'
1018.4893 	EXP 	R: height = np.float64(42.0)
1018.4893 	EXP 	R: height = np.float64(42.0)
1018.4893 	EXP 	R: height = np.float64(42.0)
1018.4893 	EXP 	R: text = 100
1018.4893 	EXP 	G: height = np.float64(42.0)
1018.4893 	EXP 	G: height = np.float64(42.0)
1018.4893 	EXP 	G: height = np.float64(42.0)
1018.4893 	EXP 	G: text = 0
1018.4893 	EXP 	B: height = np.float64(42.0)
1018.4893 	EXP 	B: height = np.float64(42.0)
1018.4893 	EXP 	B: height = np.float64(42.0)
1018.4893 	EXP 	B: text = 12
1018.4893 	EXP 	img: autoDraw = True
1018.4893 	EXP 	Instructions: autoDraw = True
1018.4893 	EXP 	RBGInfo: autoDraw = True
1018.4893 	EXP 	R: autoDraw = True
1018.4893 	EXP 	G: autoDraw = True
1018.4893 	EXP 	B: autoDraw = True
1023.4204 	DATA 	Mouse: Left button down, pos=(1615,328)
1023.5040 	EXP 	img: autoDraw = False
1023.5040 	EXP 	Instructions: autoDraw = False
1023.5040 	EXP 	RBGInfo: autoDraw = False
1023.5040 	EXP 	R: autoDraw = False
1023.5040 	EXP 	G: autoDraw = False
1023.5040 	EXP 	B: autoDraw = False
1023.5040 	EXP 	text_8: autoDraw = True
1023.6586 	DATA 	Mouse:  Left button up, pos=(1615,328)
1023.8697 	EXP 	text_8: autoDraw = False
1023.8697 	EXP 	text_8: autoDraw = False
1023.8697 	EXP 	slider: markerPos = None
1023.8697 	EXP 	slider: markerPos = 1
1023.8697 	EXP 	slider: autoDraw = True
1023.8697 	EXP 	text_9: autoDraw = True
1023.8697 	EXP 	text_answer: autoDraw = True
1025.9137 	DATA 	Mouse: Left button down, pos=(1405,591)
1025.9389 	EXP 	slider: markerPos = np.float64(4.98)
1025.9550 	EXP 	slider: markerPos = np.float64(4.98)
1025.9723 	EXP 	slider: markerPos = np.float64(4.98)
1025.9886 	EXP 	slider: markerPos = np.float64(4.98)
1026.0058 	EXP 	slider: markerPos = np.float64(4.98)
1026.0218 	EXP 	slider: markerPos = np.float64(4.98)
1026.0390 	EXP 	slider: markerPos = np.float64(4.98)
1026.0553 	EXP 	slider: markerPos = np.float64(4.98)
1026.0723 	EXP 	slider: markerPos = np.float64(4.98)
1026.0884 	EXP 	slider: markerPos = np.float64(4.98)
1026.1057 	EXP 	slider: markerPos = np.float64(4.98)
1026.1219 	EXP 	slider: markerPos = np.float64(4.98)
1026.1384 	DATA 	Mouse:  Left button up, pos=(1405,591)
1026.1533 	EXP 	slider: markerPos = np.float64(4.98)
1026.1867 	EXP 	slider: markerPos = 5.0
1027.5074 	DATA 	Mouse: Left button down, pos=(1053,255)
1027.5224 	EXP 	slider: autoDraw = False
1027.5224 	EXP 	text_9: autoDraw = False
1027.5224 	EXP 	text_answer: autoDraw = False
1027.5224 	EXP 	text_8: autoDraw = True
1027.7236 	DATA 	Mouse:  Left button up, pos=(1053,255)
1027.8862 	INFO 	Keyboard events cleared
1027.8860 	EXP 	text_8: autoDraw = False
1027.8860 	EXP 	text_8: autoDraw = False
1027.8860 	EXP 	corrColor_2: height = np.float64(56.0)
1027.8860 	EXP 	corrColor_2: height = np.float64(56.0)
1027.8860 	EXP 	corrColor_2: height = np.float64(56.0)
1027.8860 	EXP 	corrColor_2: text = 'Red'
1027.8860 	EXP 	R_2: height = np.float64(42.0)
1027.8860 	EXP 	R_2: height = np.float64(42.0)
1027.8860 	EXP 	R_2: height = np.float64(42.0)
1027.8860 	EXP 	R_2: text = 100
1027.8860 	EXP 	G_2: height = np.float64(42.0)
1027.8860 	EXP 	G_2: height = np.float64(42.0)
1027.8860 	EXP 	G_2: height = np.float64(42.0)
1027.8860 	EXP 	G_2: text = 0
1027.8860 	EXP 	B_2: height = np.float64(42.0)
1027.8860 	EXP 	B_2: height = np.float64(42.0)
1027.8860 	EXP 	B_2: height = np.float64(42.0)
1027.8860 	EXP 	B_2: text = 12
1027.8860 	EXP 	BaselineOverrideInfo: text = 'If you are exhausted from the experiment, press "P" to end it after this screen.\nOtherwise, please continue.'
1027.8860 	EXP 	correctAnswer: autoDraw = True
1027.8860 	EXP 	RBGInfo_2: autoDraw = True
1027.8860 	EXP 	R_2: autoDraw = True
1027.8860 	EXP 	G_2: autoDraw = True
1027.8860 	EXP 	B_2: autoDraw = True
1027.8860 	EXP 	BaselineOverrideInfo: autoDraw = True
1028.7078 	DATA 	Mouse: Left button down, pos=(1053,255)
1028.7222 	EXP 	correctAnswer: autoDraw = False
1028.7222 	EXP 	wrongAnswer: autoDraw = False
1028.7222 	EXP 	corrColor_2: autoDraw = False
1028.7222 	EXP 	RBGInfo_2: autoDraw = False
1028.7222 	EXP 	R_2: autoDraw = False
1028.7222 	EXP 	G_2: autoDraw = False
1028.7222 	EXP 	B_2: autoDraw = False
1028.7222 	EXP 	BaselineOverrideInfo: autoDraw = False
1028.7222 	EXP 	text_11: autoDraw = True
1028.9407 	DATA 	Mouse:  Left button up, pos=(1053,255)
1029.0564 	EXP 	New trial (rep=0, index=52): <Trial 52 (52 in rep 0) data={'folder': '01-1', 'image': '010_Yellow.jpg', 'logical': True, 'corrColor': 'Yellow', 'corrR': 100, 'corrG': 87, 'corrB': 0, 'image_path': '01-1/010_Yellow_0.png', 'thisN': 52, 'thisTrialN': 52, 'thisRepN': 0}>
1029.1376 	EXP 	text_11: autoDraw = False
1029.1376 	EXP 	text_11: autoDraw = False
1029.1376 	EXP 	img: foreColor = <psychopy.colors.Color: white, alpha=1.0>
1029.1376 	EXP 	img: ori = np.float64(0.0)
1029.1376 	EXP 	Instructions: text = 'Click the spacebar to shuffle through the filters to recognize the color.\nPress the button of the color you think it corresponds to.'
1029.1376 	EXP 	R: height = np.float64(42.0)
1029.1376 	EXP 	R: height = np.float64(42.0)
1029.1376 	EXP 	R: height = np.float64(42.0)
1029.1376 	EXP 	R: text = 100
1029.1376 	EXP 	G: height = np.float64(42.0)
1029.1376 	EXP 	G: height = np.float64(42.0)
1029.1376 	EXP 	G: height = np.float64(42.0)
1029.1376 	EXP 	G: text = 87
1029.1376 	EXP 	B: height = np.float64(42.0)
1029.1376 	EXP 	B: height = np.float64(42.0)
1029.1376 	EXP 	B: height = np.float64(42.0)
1029.1376 	EXP 	B: text = 0
1029.1376 	EXP 	img: autoDraw = True
1029.1376 	EXP 	Instructions: autoDraw = True
1029.1376 	EXP 	RBGInfo: autoDraw = True
1029.1376 	EXP 	R: autoDraw = True
1029.1376 	EXP 	G: autoDraw = True
1029.1376 	EXP 	B: autoDraw = True
1035.4056 	DATA 	Mouse: Left button down, pos=(1617,585)
1035.4201 	EXP 	img: autoDraw = False
1035.4201 	EXP 	Instructions: autoDraw = False
1035.4201 	EXP 	RBGInfo: autoDraw = False
1035.4201 	EXP 	R: autoDraw = False
1035.4201 	EXP 	G: autoDraw = False
1035.4201 	EXP 	B: autoDraw = False
1035.4201 	EXP 	text_8: autoDraw = True
1035.5895 	DATA 	Mouse:  Left button up, pos=(1617,585)
1035.7855 	EXP 	text_8: autoDraw = False
1035.7855 	EXP 	text_8: autoDraw = False
1035.7855 	EXP 	slider: markerPos = None
1035.7855 	EXP 	slider: markerPos = 1
1035.7855 	EXP 	slider: autoDraw = True
1035.7855 	EXP 	text_9: autoDraw = True
1035.7855 	EXP 	text_answer: autoDraw = True
1037.2713 	DATA 	Mouse: Left button down, pos=(1411,600)
1037.3019 	EXP 	slider: markerPos = np.float64(5.004)
1037.3220 	EXP 	slider: markerPos = np.float64(5.004)
1037.3525 	EXP 	slider: markerPos = np.float64(5.004)
1037.3722 	EXP 	slider: markerPos = np.float64(5.004)
1037.4025 	EXP 	slider: markerPos = np.float64(5.004)
1037.4220 	EXP 	slider: markerPos = np.float64(5.004)
1037.4524 	EXP 	slider: markerPos = np.float64(5.004)
1037.4714 	EXP 	slider: markerPos = np.float64(5.004)
1037.4877 	EXP 	slider: markerPos = np.float64(5.004)
1037.4967 	DATA 	Mouse:  Left button up, pos=(1411,600)
1037.5046 	EXP 	slider: markerPos = np.float64(5.004)
1037.5221 	EXP 	slider: markerPos = 5.0
1038.6030 	DATA 	Mouse: Left button down, pos=(915,227)
1038.6210 	EXP 	slider: autoDraw = False
1038.6210 	EXP 	text_9: autoDraw = False
1038.6210 	EXP 	text_answer: autoDraw = False
1038.6210 	EXP 	text_8: autoDraw = True
1038.8396 	DATA 	Mouse:  Left button up, pos=(915,227)
1038.9860 	INFO 	Keyboard events cleared
1038.9858 	EXP 	text_8: autoDraw = False
1038.9858 	EXP 	corrColor_2: height = np.float64(56.0)
1038.9858 	EXP 	corrColor_2: height = np.float64(56.0)
1038.9858 	EXP 	corrColor_2: height = np.float64(56.0)
1038.9858 	EXP 	corrColor_2: text = 'Yellow'
1038.9858 	EXP 	R_2: height = np.float64(42.0)
1038.9858 	EXP 	R_2: height = np.float64(42.0)
1038.9858 	EXP 	R_2: height = np.float64(42.0)
1038.9858 	EXP 	R_2: text = 100
1038.9858 	EXP 	G_2: height = np.float64(42.0)
1038.9858 	EXP 	G_2: height = np.float64(42.0)
1038.9858 	EXP 	G_2: height = np.float64(42.0)
1038.9858 	EXP 	G_2: text = 87
1038.9858 	EXP 	B_2: height = np.float64(42.0)
1038.9858 	EXP 	B_2: height = np.float64(42.0)
1038.9858 	EXP 	B_2: height = np.float64(42.0)
1038.9858 	EXP 	B_2: text = 0
1038.9858 	EXP 	BaselineOverrideInfo: text = 'If you are exhausted from the experiment, press "P" to end it after this screen.\nOtherwise, please continue.'
1038.9858 	EXP 	correctAnswer: autoDraw = True
1038.9858 	EXP 	RBGInfo_2: autoDraw = True
1038.9858 	EXP 	R_2: autoDraw = True
1038.9858 	EXP 	G_2: autoDraw = True
1038.9858 	EXP 	B_2: autoDraw = True
1038.9858 	EXP 	BaselineOverrideInfo: autoDraw = True
1039.9052 	DATA 	Mouse: Left button down, pos=(915,227)
1039.9205 	EXP 	correctAnswer: autoDraw = False
1039.9205 	EXP 	wrongAnswer: autoDraw = False
1039.9205 	EXP 	corrColor_2: autoDraw = False
1039.9205 	EXP 	RBGInfo_2: autoDraw = False
1039.9205 	EXP 	R_2: autoDraw = False
1039.9205 	EXP 	G_2: autoDraw = False
1039.9205 	EXP 	B_2: autoDraw = False
1039.9205 	EXP 	BaselineOverrideInfo: autoDraw = False
1039.9205 	EXP 	text_11: autoDraw = True
1040.1397 	DATA 	Mouse:  Left button up, pos=(915,227)
1040.2544 	EXP 	New trial (rep=0, index=53): <Trial 53 (53 in rep 0) data={'folder': '01-1', 'image': '021_Red.jpg', 'logical': True, 'corrColor': 'Red', 'corrR': 96, 'corrG': 3, 'corrB': 2, 'image_path': '01-1/021_Red_0.png', 'thisN': 53, 'thisTrialN': 53, 'thisRepN': 0}>
1040.3376 	EXP 	text_11: autoDraw = False
1040.3376 	EXP 	text_11: autoDraw = False
1040.3376 	EXP 	img: foreColor = <psychopy.colors.Color: white, alpha=1.0>
1040.3376 	EXP 	img: ori = np.float64(0.0)
1040.3376 	EXP 	Instructions: text = 'Click the spacebar to shuffle through the filters to recognize the color.\nPress the button of the color you think it corresponds to.'
1040.3376 	EXP 	R: height = np.float64(42.0)
1040.3376 	EXP 	R: height = np.float64(42.0)
1040.3376 	EXP 	R: height = np.float64(42.0)
1040.3376 	EXP 	R: text = 96
1040.3376 	EXP 	G: height = np.float64(42.0)
1040.3376 	EXP 	G: height = np.float64(42.0)
1040.3376 	EXP 	G: height = np.float64(42.0)
1040.3376 	EXP 	G: text = 3
1040.3376 	EXP 	B: height = np.float64(42.0)
1040.3376 	EXP 	B: height = np.float64(42.0)
1040.3376 	EXP 	B: height = np.float64(42.0)
1040.3376 	EXP 	B: text = 2
1040.3376 	EXP 	img: autoDraw = True
1040.3376 	EXP 	Instructions: autoDraw = True
1040.3376 	EXP 	RBGInfo: autoDraw = True
1040.3376 	EXP 	R: autoDraw = True
1040.3376 	EXP 	G: autoDraw = True
1040.3376 	EXP 	B: autoDraw = True
1043.9625 	DATA 	Mouse: Left button down, pos=(1610,342)
1043.9705 	EXP 	img: autoDraw = False
1043.9705 	EXP 	Instructions: autoDraw = False
1043.9705 	EXP 	RBGInfo: autoDraw = False
1043.9705 	EXP 	R: autoDraw = False
1043.9705 	EXP 	G: autoDraw = False
1043.9705 	EXP 	B: autoDraw = False
1043.9705 	EXP 	text_8: autoDraw = True
1044.1740 	DATA 	Mouse:  Left button up, pos=(1610,342)
1044.3363 	EXP 	text_8: autoDraw = False
1044.3363 	EXP 	text_8: autoDraw = False
1044.3363 	EXP 	slider: markerPos = None
1044.3363 	EXP 	slider: markerPos = 1
1044.3363 	EXP 	slider: autoDraw = True
1044.3363 	EXP 	text_9: autoDraw = True
1044.3363 	EXP 	text_answer: autoDraw = True
1045.9002 	DATA 	Mouse: Left button down, pos=(1389,571)
1045.9522 	EXP 	slider: markerPos = np.float64(4.916)
1045.9854 	EXP 	slider: markerPos = np.float64(4.916)
1046.0186 	EXP 	slider: markerPos = np.float64(4.916)
1046.0397 	EXP 	slider: markerPos = np.float64(4.916)
1046.0687 	EXP 	slider: markerPos = np.float64(4.916)
1046.1024 	EXP 	slider: markerPos = np.float64(4.916)
1046.1359 	EXP 	slider: markerPos = np.float64(4.916)
1046.1369 	DATA 	Mouse:  Left button up, pos=(1389,571)
1046.1688 	EXP 	slider: markerPos = 5.0
1047.0702 	DATA 	Mouse: Left button down, pos=(956,241)
1047.0892 	EXP 	slider: autoDraw = False
1047.0892 	EXP 	text_9: autoDraw = False
1047.0892 	EXP 	text_answer: autoDraw = False
1047.0892 	EXP 	text_8: autoDraw = True
1047.3069 	DATA 	Mouse:  Left button up, pos=(956,241)
1047.4690 	INFO 	Keyboard events cleared
1047.4689 	EXP 	text_8: autoDraw = False
1047.4689 	EXP 	corrColor_2: height = np.float64(56.0)
1047.4689 	EXP 	corrColor_2: height = np.float64(56.0)
1047.4689 	EXP 	corrColor_2: height = np.float64(56.0)
1047.4689 	EXP 	corrColor_2: text = 'Red'
1047.4689 	EXP 	R_2: height = np.float64(42.0)
1047.4689 	EXP 	R_2: height = np.float64(42.0)
1047.4689 	EXP 	R_2: height = np.float64(42.0)
1047.4689 	EXP 	R_2: text = 96
1047.4689 	EXP 	G_2: height = np.float64(42.0)
1047.4689 	EXP 	G_2: height = np.float64(42.0)
1047.4689 	EXP 	G_2: height = np.float64(42.0)
1047.4689 	EXP 	G_2: text = 3
1047.4689 	EXP 	B_2: height = np.float64(42.0)
1047.4689 	EXP 	B_2: height = np.float64(42.0)
1047.4689 	EXP 	B_2: height = np.float64(42.0)
1047.4689 	EXP 	B_2: text = 2
1047.4689 	EXP 	BaselineOverrideInfo: text = 'If you are exhausted from the experiment, press "P" to end it after this screen.\nOtherwise, please continue.'
1047.4689 	EXP 	correctAnswer: autoDraw = True
1047.4689 	EXP 	RBGInfo_2: autoDraw = True
1047.4689 	EXP 	R_2: autoDraw = True
1047.4689 	EXP 	G_2: autoDraw = True
1047.4689 	EXP 	B_2: autoDraw = True
1047.4689 	EXP 	BaselineOverrideInfo: autoDraw = True
1048.2908 	DATA 	Mouse: Left button down, pos=(956,241)
1048.3206 	EXP 	correctAnswer: autoDraw = False
1048.3206 	EXP 	wrongAnswer: autoDraw = False
1048.3206 	EXP 	corrColor_2: autoDraw = False
1048.3206 	EXP 	RBGInfo_2: autoDraw = False
1048.3206 	EXP 	R_2: autoDraw = False
1048.3206 	EXP 	G_2: autoDraw = False
1048.3206 	EXP 	B_2: autoDraw = False
1048.3206 	EXP 	BaselineOverrideInfo: autoDraw = False
1048.3206 	EXP 	text_11: autoDraw = True
1048.5235 	DATA 	Mouse:  Left button up, pos=(956,241)
1048.6541 	EXP 	New trial (rep=0, index=54): <Trial 54 (54 in rep 0) data={'folder': '01-1', 'image': '008_Purple.jpg', 'logical': True, 'corrColor': 'Purple', 'corrR': 52, 'corrG': 0, 'corrB': 99, 'image_path': '01-1/008_Purple_0.png', 'thisN': 54, 'thisTrialN': 54, 'thisRepN': 0}>
1048.7366 	EXP 	text_11: autoDraw = False
1048.7366 	EXP 	text_11: autoDraw = False
1048.7366 	EXP 	img: foreColor = <psychopy.colors.Color: white, alpha=1.0>
1048.7366 	EXP 	img: ori = np.float64(0.0)
1048.7366 	EXP 	Instructions: text = 'Click the spacebar to shuffle through the filters to recognize the color.\nPress the button of the color you think it corresponds to.'
1048.7366 	EXP 	R: height = np.float64(42.0)
1048.7366 	EXP 	R: height = np.float64(42.0)
1048.7366 	EXP 	R: height = np.float64(42.0)
1048.7366 	EXP 	R: text = 52
1048.7366 	EXP 	G: height = np.float64(42.0)
1048.7366 	EXP 	G: height = np.float64(42.0)
1048.7366 	EXP 	G: height = np.float64(42.0)
1048.7366 	EXP 	G: text = 0
1048.7366 	EXP 	B: height = np.float64(42.0)
1048.7366 	EXP 	B: height = np.float64(42.0)
1048.7366 	EXP 	B: height = np.float64(42.0)
1048.7366 	EXP 	B: text = 99
1048.7366 	EXP 	img: autoDraw = True
1048.7366 	EXP 	Instructions: autoDraw = True
1048.7366 	EXP 	RBGInfo: autoDraw = True
1048.7366 	EXP 	R: autoDraw = True
1048.7366 	EXP 	G: autoDraw = True
1048.7366 	EXP 	B: autoDraw = True
1060.6197 	DATA 	Mouse: Left button down, pos=(1658,508)
1060.6363 	EXP 	img: autoDraw = False
1060.6363 	EXP 	Instructions: autoDraw = False
1060.6363 	EXP 	RBGInfo: autoDraw = False
1060.6363 	EXP 	R: autoDraw = False
1060.6363 	EXP 	G: autoDraw = False
1060.6363 	EXP 	B: autoDraw = False
1060.6363 	EXP 	text_8: autoDraw = True
1060.7893 	DATA 	Mouse:  Left button up, pos=(1658,508)
1061.0017 	EXP 	text_8: autoDraw = False
1061.0017 	EXP 	text_8: autoDraw = False
1061.0017 	EXP 	slider: markerPos = None
1061.0017 	EXP 	slider: markerPos = 1
1061.0017 	EXP 	slider: autoDraw = True
1061.0017 	EXP 	text_9: autoDraw = True
1061.0017 	EXP 	text_answer: autoDraw = True
1062.7381 	DATA 	Mouse: Left button down, pos=(919,562)
1062.7537 	EXP 	slider: markerPos = np.float64(3.036)
1062.7701 	EXP 	slider: markerPos = np.float64(3.036)
1062.7870 	EXP 	slider: markerPos = np.float64(3.036)
1062.8034 	EXP 	slider: markerPos = np.float64(3.036)
1062.8221 	EXP 	slider: markerPos = np.float64(3.036)
1062.8510 	EXP 	slider: markerPos = np.float64(3.036)
1062.8706 	EXP 	slider: markerPos = np.float64(3.036)
1062.8864 	EXP 	slider: markerPos = np.float64(3.036)
1062.9037 	EXP 	slider: markerPos = np.float64(3.036)
1062.9200 	EXP 	slider: markerPos = np.float64(3.036)
1062.9369 	EXP 	slider: markerPos = np.float64(3.036)
1062.9531 	EXP 	slider: markerPos = np.float64(3.036)
1062.9541 	DATA 	Mouse:  Left button up, pos=(919,562)
1062.9705 	EXP 	slider: markerPos = 3.0
1063.8715 	DATA 	Mouse: Left button down, pos=(975,288)
1063.8870 	EXP 	slider: autoDraw = False
1063.8870 	EXP 	text_9: autoDraw = False
1063.8870 	EXP 	text_answer: autoDraw = False
1063.8870 	EXP 	text_8: autoDraw = True
1064.1064 	DATA 	Mouse:  Left button up, pos=(975,288)
1064.2376 	INFO 	Keyboard events cleared
1064.2375 	EXP 	text_8: autoDraw = False
1064.2375 	EXP 	text_8: autoDraw = False
1064.2375 	EXP 	corrColor_2: height = np.float64(56.0)
1064.2375 	EXP 	corrColor_2: height = np.float64(56.0)
1064.2375 	EXP 	corrColor_2: height = np.float64(56.0)
1064.2375 	EXP 	corrColor_2: text = 'Purple'
1064.2375 	EXP 	R_2: height = np.float64(42.0)
1064.2375 	EXP 	R_2: height = np.float64(42.0)
1064.2375 	EXP 	R_2: height = np.float64(42.0)
1064.2375 	EXP 	R_2: text = 52
1064.2375 	EXP 	G_2: height = np.float64(42.0)
1064.2375 	EXP 	G_2: height = np.float64(42.0)
1064.2375 	EXP 	G_2: height = np.float64(42.0)
1064.2375 	EXP 	G_2: text = 0
1064.2375 	EXP 	B_2: height = np.float64(42.0)
1064.2375 	EXP 	B_2: height = np.float64(42.0)
1064.2375 	EXP 	B_2: height = np.float64(42.0)
1064.2375 	EXP 	B_2: text = 99
1064.2375 	EXP 	BaselineOverrideInfo: text = 'If you are exhausted from the experiment, press "P" to end it after this screen.\nOtherwise, please continue.'
1064.2375 	EXP 	correctAnswer: autoDraw = True
1064.2375 	EXP 	RBGInfo_2: autoDraw = True
1064.2375 	EXP 	R_2: autoDraw = True
1064.2375 	EXP 	G_2: autoDraw = True
1064.2375 	EXP 	B_2: autoDraw = True
1064.2375 	EXP 	BaselineOverrideInfo: autoDraw = True
1065.1250 	DATA 	Mouse: Left button down, pos=(975,288)
1065.1542 	EXP 	correctAnswer: autoDraw = False
1065.1542 	EXP 	wrongAnswer: autoDraw = False
1065.1542 	EXP 	corrColor_2: autoDraw = False
1065.1542 	EXP 	RBGInfo_2: autoDraw = False
1065.1542 	EXP 	R_2: autoDraw = False
1065.1542 	EXP 	G_2: autoDraw = False
1065.1542 	EXP 	B_2: autoDraw = False
1065.1542 	EXP 	BaselineOverrideInfo: autoDraw = False
1065.1542 	EXP 	text_11: autoDraw = True
1065.3545 	DATA 	Mouse:  Left button up, pos=(975,288)
1065.4875 	EXP 	New trial (rep=0, index=55): <Trial 55 (55 in rep 0) data={'folder': '01-1', 'image': '027_Cyan.jpg', 'logical': True, 'corrColor': 'Cyan', 'corrR': 13, 'corrG': 100, 'corrB': 100, 'image_path': '01-1/027_Cyan_0.png', 'thisN': 55, 'thisTrialN': 55, 'thisRepN': 0}>
1065.5686 	EXP 	text_11: autoDraw = False
1065.5686 	EXP 	text_11: autoDraw = False
1065.5686 	EXP 	img: foreColor = <psychopy.colors.Color: white, alpha=1.0>
1065.5686 	EXP 	img: ori = np.float64(0.0)
1065.5686 	EXP 	Instructions: text = 'Click the spacebar to shuffle through the filters to recognize the color.\nPress the button of the color you think it corresponds to.'
1065.5686 	EXP 	R: height = np.float64(42.0)
1065.5686 	EXP 	R: height = np.float64(42.0)
1065.5686 	EXP 	R: height = np.float64(42.0)
1065.5686 	EXP 	R: text = 13
1065.5686 	EXP 	G: height = np.float64(42.0)
1065.5686 	EXP 	G: height = np.float64(42.0)
1065.5686 	EXP 	G: height = np.float64(42.0)
1065.5686 	EXP 	G: text = 100
1065.5686 	EXP 	B: height = np.float64(42.0)
1065.5686 	EXP 	B: height = np.float64(42.0)
1065.5686 	EXP 	B: height = np.float64(42.0)
1065.5686 	EXP 	B: text = 100
1065.5686 	EXP 	img: autoDraw = True
1065.5686 	EXP 	Instructions: autoDraw = True
1065.5686 	EXP 	RBGInfo: autoDraw = True
1065.5686 	EXP 	R: autoDraw = True
1065.5686 	EXP 	G: autoDraw = True
1065.5686 	EXP 	B: autoDraw = True
1083.6451 	DATA 	Mouse: Left button down, pos=(1629,464)
1083.6519 	EXP 	img: autoDraw = False
1083.6519 	EXP 	Instructions: autoDraw = False
1083.6519 	EXP 	RBGInfo: autoDraw = False
1083.6519 	EXP 	R: autoDraw = False
1083.6519 	EXP 	G: autoDraw = False
1083.6519 	EXP 	B: autoDraw = False
1083.6519 	EXP 	text_8: autoDraw = True
1083.8391 	DATA 	Mouse:  Left button up, pos=(1629,464)
1084.0173 	EXP 	text_8: autoDraw = False
1084.0173 	EXP 	text_8: autoDraw = False
1084.0173 	EXP 	slider: markerPos = None
1084.0173 	EXP 	slider: markerPos = 1
1084.0173 	EXP 	slider: autoDraw = True
1084.0173 	EXP 	text_9: autoDraw = True
1084.0173 	EXP 	text_answer: autoDraw = True
1085.0354 	DATA 	Mouse: Left button down, pos=(1405,637)
1085.0676 	EXP 	slider: markerPos = np.float64(4.98)
1085.0875 	EXP 	slider: markerPos = np.float64(4.98)
1085.1173 	EXP 	slider: markerPos = np.float64(4.98)
1085.1368 	EXP 	slider: markerPos = np.float64(4.98)
1085.1531 	EXP 	slider: markerPos = np.float64(4.98)
1085.1701 	EXP 	slider: markerPos = np.float64(4.98)
1085.1864 	EXP 	slider: markerPos = np.float64(4.98)
1085.2036 	EXP 	slider: markerPos = np.float64(4.98)
1085.2196 	EXP 	slider: markerPos = np.float64(4.98)
1085.2512 	EXP 	slider: markerPos = np.float64(4.98)
1085.2662 	DATA 	Mouse:  Left button up, pos=(1405,637)
1085.2840 	EXP 	slider: markerPos = np.float64(4.98)
1085.3171 	EXP 	slider: markerPos = 5.0
1086.3371 	DATA 	Mouse: Left button down, pos=(974,291)
1086.3538 	EXP 	slider: autoDraw = False
1086.3538 	EXP 	text_9: autoDraw = False
1086.3538 	EXP 	text_answer: autoDraw = False
1086.3538 	EXP 	text_8: autoDraw = True
1086.5553 	DATA 	Mouse:  Left button up, pos=(974,291)
1086.7177 	INFO 	Keyboard events cleared
1086.7176 	EXP 	text_8: autoDraw = False
1086.7176 	EXP 	text_8: autoDraw = False
1086.7176 	EXP 	corrColor_2: height = np.float64(56.0)
1086.7176 	EXP 	corrColor_2: height = np.float64(56.0)
1086.7176 	EXP 	corrColor_2: height = np.float64(56.0)
1086.7176 	EXP 	corrColor_2: text = 'Cyan'
1086.7176 	EXP 	R_2: height = np.float64(42.0)
1086.7176 	EXP 	R_2: height = np.float64(42.0)
1086.7176 	EXP 	R_2: height = np.float64(42.0)
1086.7176 	EXP 	R_2: text = 13
1086.7176 	EXP 	G_2: height = np.float64(42.0)
1086.7176 	EXP 	G_2: height = np.float64(42.0)
1086.7176 	EXP 	G_2: height = np.float64(42.0)
1086.7176 	EXP 	G_2: text = 100
1086.7176 	EXP 	B_2: height = np.float64(42.0)
1086.7176 	EXP 	B_2: height = np.float64(42.0)
1086.7176 	EXP 	B_2: height = np.float64(42.0)
1086.7176 	EXP 	B_2: text = 100
1086.7176 	EXP 	BaselineOverrideInfo: text = 'If you are exhausted from the experiment, press "P" to end it after this screen.\nOtherwise, please continue.'
1086.7176 	EXP 	correctAnswer: autoDraw = True
1086.7176 	EXP 	RBGInfo_2: autoDraw = True
1086.7176 	EXP 	R_2: autoDraw = True
1086.7176 	EXP 	G_2: autoDraw = True
1086.7176 	EXP 	B_2: autoDraw = True
1086.7176 	EXP 	BaselineOverrideInfo: autoDraw = True
1087.8558 	DATA 	Mouse: Left button down, pos=(972,266)
1087.8705 	EXP 	correctAnswer: autoDraw = False
1087.8705 	EXP 	wrongAnswer: autoDraw = False
1087.8705 	EXP 	corrColor_2: autoDraw = False
1087.8705 	EXP 	RBGInfo_2: autoDraw = False
1087.8705 	EXP 	R_2: autoDraw = False
1087.8705 	EXP 	G_2: autoDraw = False
1087.8705 	EXP 	B_2: autoDraw = False
1087.8705 	EXP 	BaselineOverrideInfo: autoDraw = False
1087.8705 	EXP 	text_11: autoDraw = True
1088.0719 	DATA 	Mouse:  Left button up, pos=(972,266)
1088.2052 	EXP 	New trial (rep=0, index=56): <Trial 56 (56 in rep 0) data={'folder': '01-1', 'image': '007_Cyan.jpg', 'logical': True, 'corrColor': 'Cyan', 'corrR': 1, 'corrG': 89, 'corrB': 99, 'image_path': '01-1/007_Cyan_0.png', 'thisN': 56, 'thisTrialN': 56, 'thisRepN': 0}>
1088.3015 	EXP 	text_11: autoDraw = False
1088.3015 	EXP 	text_11: autoDraw = False
1088.3015 	EXP 	img: foreColor = <psychopy.colors.Color: white, alpha=1.0>
1088.3015 	EXP 	img: ori = np.float64(0.0)
1088.3015 	EXP 	Instructions: text = 'Click the spacebar to shuffle through the filters to recognize the color.\nPress the button of the color you think it corresponds to.'
1088.3015 	EXP 	R: height = np.float64(42.0)
1088.3015 	EXP 	R: height = np.float64(42.0)
1088.3015 	EXP 	R: height = np.float64(42.0)
1088.3015 	EXP 	R: text = 1
1088.3015 	EXP 	G: height = np.float64(42.0)
1088.3015 	EXP 	G: height = np.float64(42.0)
1088.3015 	EXP 	G: height = np.float64(42.0)
1088.3015 	EXP 	G: text = 89
1088.3015 	EXP 	B: height = np.float64(42.0)
1088.3015 	EXP 	B: height = np.float64(42.0)
1088.3015 	EXP 	B: height = np.float64(42.0)
1088.3015 	EXP 	B: text = 99
1088.3015 	EXP 	img: autoDraw = True
1088.3015 	EXP 	Instructions: autoDraw = True
1088.3015 	EXP 	RBGInfo: autoDraw = True
1088.3015 	EXP 	R: autoDraw = True
1088.3015 	EXP 	G: autoDraw = True
1088.3015 	EXP 	B: autoDraw = True
1093.7373 	DATA 	Mouse: Left button down, pos=(1607,469)
1093.7518 	EXP 	img: autoDraw = False
1093.7518 	EXP 	Instructions: autoDraw = False
1093.7518 	EXP 	RBGInfo: autoDraw = False
1093.7518 	EXP 	R: autoDraw = False
1093.7518 	EXP 	G: autoDraw = False
1093.7518 	EXP 	B: autoDraw = False
1093.7518 	EXP 	text_8: autoDraw = True
1093.9045 	DATA 	Mouse:  Left button up, pos=(1607,469)
1094.1176 	EXP 	text_8: autoDraw = False
1094.1176 	EXP 	text_8: autoDraw = False
1094.1176 	EXP 	slider: markerPos = None
1094.1176 	EXP 	slider: markerPos = 1
1094.1176 	EXP 	slider: autoDraw = True
1094.1176 	EXP 	text_9: autoDraw = True
1094.1176 	EXP 	text_answer: autoDraw = True
1095.7506 	DATA 	Mouse: Left button down, pos=(1357,567)
1095.8002 	EXP 	slider: markerPos = np.float64(4.788)
1095.8337 	EXP 	slider: markerPos = np.float64(4.788)
1095.8667 	EXP 	slider: markerPos = np.float64(4.788)
1095.9000 	EXP 	slider: markerPos = np.float64(4.788)
1095.9336 	EXP 	slider: markerPos = np.float64(4.788)
1095.9668 	EXP 	slider: markerPos = np.float64(4.788)
1095.9679 	DATA 	Mouse:  Left button up, pos=(1357,567)
1095.9998 	EXP 	slider: markerPos = 5.0
1096.9684 	DATA 	Mouse: Left button down, pos=(994,223)
1096.9875 	EXP 	slider: autoDraw = False
1096.9875 	EXP 	text_9: autoDraw = False
1096.9875 	EXP 	text_answer: autoDraw = False
1096.9875 	EXP 	text_8: autoDraw = True
1097.1717 	DATA 	Mouse:  Left button up, pos=(994,223)
1097.3669 	INFO 	Keyboard events cleared
1097.3667 	EXP 	text_8: autoDraw = False
1097.3667 	EXP 	corrColor_2: text = 'Cyan'
1097.3667 	EXP 	R_2: height = np.float64(42.0)
1097.3667 	EXP 	R_2: height = np.float64(42.0)
1097.3667 	EXP 	R_2: height = np.float64(42.0)
1097.3667 	EXP 	R_2: text = 1
1097.3667 	EXP 	G_2: height = np.float64(42.0)
1097.3667 	EXP 	G_2: height = np.float64(42.0)
1097.3667 	EXP 	G_2: height = np.float64(42.0)
1097.3667 	EXP 	G_2: text = 89
1097.3667 	EXP 	B_2: height = np.float64(42.0)
1097.3667 	EXP 	B_2: height = np.float64(42.0)
1097.3667 	EXP 	B_2: height = np.float64(42.0)
1097.3667 	EXP 	B_2: text = 99
1097.3667 	EXP 	BaselineOverrideInfo: text = 'If you are exhausted from the experiment, press "P" to end it after this screen.\nOtherwise, please continue.'
1097.3667 	EXP 	correctAnswer: autoDraw = True
1097.3667 	EXP 	RBGInfo_2: autoDraw = True
1097.3667 	EXP 	R_2: autoDraw = True
1097.3667 	EXP 	G_2: autoDraw = True
1097.3667 	EXP 	B_2: autoDraw = True
1097.3667 	EXP 	BaselineOverrideInfo: autoDraw = True
1098.1886 	DATA 	Mouse: Left button down, pos=(994,223)
1098.2024 	EXP 	correctAnswer: autoDraw = False
1098.2024 	EXP 	wrongAnswer: autoDraw = False
1098.2024 	EXP 	corrColor_2: autoDraw = False
1098.2024 	EXP 	RBGInfo_2: autoDraw = False
1098.2024 	EXP 	R_2: autoDraw = False
1098.2024 	EXP 	G_2: autoDraw = False
1098.2024 	EXP 	B_2: autoDraw = False
1098.2024 	EXP 	BaselineOverrideInfo: autoDraw = False
1098.2024 	EXP 	text_11: autoDraw = True
1098.4036 	DATA 	Mouse:  Left button up, pos=(994,223)
1098.5367 	EXP 	New trial (rep=0, index=57): <Trial 57 (57 in rep 0) data={'folder': '01-1', 'image': '026_Purple.jpg', 'logical': True, 'corrColor': 'Purple', 'corrR': 55, 'corrG': 4, 'corrB': 100, 'image_path': '01-1/026_Purple_0.png', 'thisN': 57, 'thisTrialN': 57, 'thisRepN': 0}>
1098.6179 	EXP 	text_11: autoDraw = False
1098.6179 	EXP 	text_11: autoDraw = False
1098.6179 	EXP 	img: foreColor = <psychopy.colors.Color: white, alpha=1.0>
1098.6179 	EXP 	img: ori = np.float64(0.0)
1098.6179 	EXP 	Instructions: text = 'Click the spacebar to shuffle through the filters to recognize the color.\nPress the button of the color you think it corresponds to.'
1098.6179 	EXP 	R: height = np.float64(42.0)
1098.6179 	EXP 	R: height = np.float64(42.0)
1098.6179 	EXP 	R: height = np.float64(42.0)
1098.6179 	EXP 	R: text = 55
1098.6179 	EXP 	G: height = np.float64(42.0)
1098.6179 	EXP 	G: height = np.float64(42.0)
1098.6179 	EXP 	G: height = np.float64(42.0)
1098.6179 	EXP 	G: text = 4
1098.6179 	EXP 	B: height = np.float64(42.0)
1098.6179 	EXP 	B: height = np.float64(42.0)
1098.6179 	EXP 	B: height = np.float64(42.0)
1098.6179 	EXP 	B: text = 100
1098.6179 	EXP 	img: autoDraw = True
1098.6179 	EXP 	Instructions: autoDraw = True
1098.6179 	EXP 	RBGInfo: autoDraw = True
1098.6179 	EXP 	R: autoDraw = True
1098.6179 	EXP 	G: autoDraw = True
1098.6179 	EXP 	B: autoDraw = True
1103.9254 	DATA 	Mouse: Left button down, pos=(1615,517)
1103.9344 	EXP 	img: autoDraw = False
1103.9344 	EXP 	Instructions: autoDraw = False
1103.9344 	EXP 	RBGInfo: autoDraw = False
1103.9344 	EXP 	R: autoDraw = False
1103.9344 	EXP 	G: autoDraw = False
1103.9344 	EXP 	B: autoDraw = False
1103.9344 	EXP 	text_8: autoDraw = True
1104.1376 	DATA 	Mouse:  Left button up, pos=(1615,517)
1104.3001 	EXP 	text_8: autoDraw = False
1104.3001 	EXP 	text_8: autoDraw = False
1104.3001 	EXP 	slider: markerPos = None
1104.3001 	EXP 	slider: markerPos = 1
1104.3001 	EXP 	slider: autoDraw = True
1104.3001 	EXP 	text_9: autoDraw = True
1104.3001 	EXP 	text_answer: autoDraw = True
1105.5800 	DATA 	Mouse: Left button down, pos=(1401,592)
1105.6193 	EXP 	slider: markerPos = np.float64(4.964)
1105.6354 	EXP 	slider: markerPos = np.float64(4.964)
1105.6526 	EXP 	slider: markerPos = np.float64(4.964)
1105.6688 	EXP 	slider: markerPos = np.float64(4.964)
1105.6861 	EXP 	slider: markerPos = np.float64(4.964)
1105.7164 	EXP 	slider: markerPos = np.float64(4.964)
1105.7367 	EXP 	slider: markerPos = np.float64(4.964)
1105.7529 	EXP 	slider: markerPos = np.float64(4.964)
1105.7707 	EXP 	slider: markerPos = np.float64(4.964)
1105.8012 	EXP 	slider: markerPos = np.float64(4.964)
1105.8022 	DATA 	Mouse:  Left button up, pos=(1401,592)
1105.8338 	EXP 	slider: markerPos = 5.0
1106.8862 	DATA 	Mouse: Left button down, pos=(1025,274)
1106.9019 	EXP 	slider: autoDraw = False
1106.9019 	EXP 	text_9: autoDraw = False
1106.9019 	EXP 	text_answer: autoDraw = False
1106.9019 	EXP 	text_8: autoDraw = True
1107.1210 	DATA 	Mouse:  Left button up, pos=(1025,274)
1107.2674 	INFO 	Keyboard events cleared
1107.2672 	EXP 	text_8: autoDraw = False
1107.2672 	EXP 	text_8: autoDraw = False
1107.2672 	EXP 	corrColor_2: height = np.float64(56.0)
1107.2672 	EXP 	corrColor_2: height = np.float64(56.0)
1107.2672 	EXP 	corrColor_2: height = np.float64(56.0)
1107.2672 	EXP 	corrColor_2: text = 'Purple'
1107.2672 	EXP 	R_2: height = np.float64(42.0)
1107.2672 	EXP 	R_2: height = np.float64(42.0)
1107.2672 	EXP 	R_2: height = np.float64(42.0)
1107.2672 	EXP 	R_2: text = 55
1107.2672 	EXP 	G_2: height = np.float64(42.0)
1107.2672 	EXP 	G_2: height = np.float64(42.0)
1107.2672 	EXP 	G_2: height = np.float64(42.0)
1107.2672 	EXP 	G_2: text = 4
1107.2672 	EXP 	B_2: height = np.float64(42.0)
1107.2672 	EXP 	B_2: height = np.float64(42.0)
1107.2672 	EXP 	B_2: height = np.float64(42.0)
1107.2672 	EXP 	B_2: text = 100
1107.2672 	EXP 	BaselineOverrideInfo: text = 'If you are exhausted from the experiment, press "P" to end it after this screen.\nOtherwise, please continue.'
1107.2672 	EXP 	correctAnswer: autoDraw = True
1107.2672 	EXP 	RBGInfo_2: autoDraw = True
1107.2672 	EXP 	R_2: autoDraw = True
1107.2672 	EXP 	G_2: autoDraw = True
1107.2672 	EXP 	B_2: autoDraw = True
1107.2672 	EXP 	BaselineOverrideInfo: autoDraw = True
1108.0716 	DATA 	Mouse: Left button down, pos=(1025,274)
1108.0863 	EXP 	correctAnswer: autoDraw = False
1108.0863 	EXP 	wrongAnswer: autoDraw = False
1108.0863 	EXP 	corrColor_2: autoDraw = False
1108.0863 	EXP 	RBGInfo_2: autoDraw = False
1108.0863 	EXP 	R_2: autoDraw = False
1108.0863 	EXP 	G_2: autoDraw = False
1108.0863 	EXP 	B_2: autoDraw = False
1108.0863 	EXP 	BaselineOverrideInfo: autoDraw = False
1108.0863 	EXP 	text_11: autoDraw = True
1108.2873 	DATA 	Mouse:  Left button up, pos=(1025,274)
1108.4203 	EXP 	New trial (rep=0, index=58): <Trial 58 (58 in rep 0) data={'folder': '01-1', 'image': '014_Yellow.jpg', 'logical': True, 'corrColor': 'Yellow', 'corrR': 100, 'corrG': 98, 'corrB': 11, 'image_path': '01-1/014_Yellow_0.png', 'thisN': 58, 'thisTrialN': 58, 'thisRepN': 0}>
1108.5180 	EXP 	text_11: autoDraw = False
1108.5180 	EXP 	text_11: autoDraw = False
1108.5180 	EXP 	img: foreColor = <psychopy.colors.Color: white, alpha=1.0>
1108.5180 	EXP 	img: ori = np.float64(0.0)
1108.5180 	EXP 	Instructions: text = 'Click the spacebar to shuffle through the filters to recognize the color.\nPress the button of the color you think it corresponds to.'
1108.5180 	EXP 	R: height = np.float64(42.0)
1108.5180 	EXP 	R: height = np.float64(42.0)
1108.5180 	EXP 	R: height = np.float64(42.0)
1108.5180 	EXP 	R: text = 100
1108.5180 	EXP 	G: height = np.float64(42.0)
1108.5180 	EXP 	G: height = np.float64(42.0)
1108.5180 	EXP 	G: height = np.float64(42.0)
1108.5180 	EXP 	G: text = 98
1108.5180 	EXP 	B: height = np.float64(42.0)
1108.5180 	EXP 	B: height = np.float64(42.0)
1108.5180 	EXP 	B: height = np.float64(42.0)
1108.5180 	EXP 	B: text = 11
1108.5180 	EXP 	img: autoDraw = True
1108.5180 	EXP 	Instructions: autoDraw = True
1108.5180 	EXP 	RBGInfo: autoDraw = True
1108.5180 	EXP 	R: autoDraw = True
1108.5180 	EXP 	G: autoDraw = True
1108.5180 	EXP 	B: autoDraw = True
1120.7088 	DATA 	Mouse: Left button down, pos=(1604,598)
1120.7170 	EXP 	img: autoDraw = False
1120.7170 	EXP 	Instructions: autoDraw = False
1120.7170 	EXP 	RBGInfo: autoDraw = False
1120.7170 	EXP 	R: autoDraw = False
1120.7170 	EXP 	G: autoDraw = False
1120.7170 	EXP 	B: autoDraw = False
1120.7170 	EXP 	text_8: autoDraw = True
1120.9204 	DATA 	Mouse:  Left button up, pos=(1604,598)
1121.0832 	EXP 	text_8: autoDraw = False
1121.0832 	EXP 	text_8: autoDraw = False
1121.0832 	EXP 	slider: markerPos = None
1121.0832 	EXP 	slider: markerPos = 1
1121.0832 	EXP 	slider: autoDraw = True
1121.0832 	EXP 	text_9: autoDraw = True
1121.0832 	EXP 	text_answer: autoDraw = True
1123.3671 	DATA 	Mouse: Left button down, pos=(1417,567)
1123.3854 	EXP 	slider: markerPos = np.float64(5.0280000000000005)
1123.4160 	EXP 	slider: markerPos = np.float64(5.0280000000000005)
1123.4360 	EXP 	slider: markerPos = np.float64(5.0280000000000005)
1123.4524 	EXP 	slider: markerPos = np.float64(5.0280000000000005)
1123.4827 	EXP 	slider: markerPos = np.float64(5.0280000000000005)
1123.5159 	EXP 	slider: markerPos = np.float64(5.0280000000000005)
1123.5491 	EXP 	slider: markerPos = np.float64(5.0280000000000005)
1123.5828 	EXP 	slider: markerPos = np.float64(5.0280000000000005)
1123.5840 	DATA 	Mouse:  Left button up, pos=(1417,567)
1123.6162 	EXP 	slider: markerPos = 5.0
1124.4765 	DATA 	Mouse: Left button down, pos=(1044,269)
1124.5018 	EXP 	slider: autoDraw = False
1124.5018 	EXP 	text_9: autoDraw = False
1124.5018 	EXP 	text_answer: autoDraw = False
1124.5018 	EXP 	text_8: autoDraw = True
1124.7039 	DATA 	Mouse:  Left button up, pos=(1044,269)
1124.8660 	INFO 	Keyboard events cleared
1124.8658 	EXP 	text_8: autoDraw = False
1124.8658 	EXP 	text_8: autoDraw = False
1124.8658 	EXP 	corrColor_2: height = np.float64(56.0)
1124.8658 	EXP 	corrColor_2: height = np.float64(56.0)
1124.8658 	EXP 	corrColor_2: height = np.float64(56.0)
1124.8658 	EXP 	corrColor_2: text = 'Yellow'
1124.8658 	EXP 	R_2: height = np.float64(42.0)
1124.8658 	EXP 	R_2: height = np.float64(42.0)
1124.8658 	EXP 	R_2: height = np.float64(42.0)
1124.8658 	EXP 	R_2: text = 100
1124.8658 	EXP 	G_2: height = np.float64(42.0)
1124.8658 	EXP 	G_2: height = np.float64(42.0)
1124.8658 	EXP 	G_2: height = np.float64(42.0)
1124.8658 	EXP 	G_2: text = 98
1124.8658 	EXP 	B_2: height = np.float64(42.0)
1124.8658 	EXP 	B_2: height = np.float64(42.0)
1124.8658 	EXP 	B_2: height = np.float64(42.0)
1124.8658 	EXP 	B_2: text = 11
1124.8658 	EXP 	BaselineOverrideInfo: text = 'If you are exhausted from the experiment, press "P" to end it after this screen.\nOtherwise, please continue.'
1124.8658 	EXP 	correctAnswer: autoDraw = True
1124.8658 	EXP 	RBGInfo_2: autoDraw = True
1124.8658 	EXP 	R_2: autoDraw = True
1124.8658 	EXP 	G_2: autoDraw = True
1124.8658 	EXP 	B_2: autoDraw = True
1124.8658 	EXP 	BaselineOverrideInfo: autoDraw = True
1125.7887 	DATA 	Mouse: Left button down, pos=(1044,269)
1125.8190 	EXP 	correctAnswer: autoDraw = False
1125.8190 	EXP 	wrongAnswer: autoDraw = False
1125.8190 	EXP 	corrColor_2: autoDraw = False
1125.8190 	EXP 	RBGInfo_2: autoDraw = False
1125.8190 	EXP 	R_2: autoDraw = False
1125.8190 	EXP 	G_2: autoDraw = False
1125.8190 	EXP 	B_2: autoDraw = False
1125.8190 	EXP 	BaselineOverrideInfo: autoDraw = False
1125.8190 	EXP 	text_11: autoDraw = True
1126.0205 	DATA 	Mouse:  Left button up, pos=(1044,269)
1126.1531 	EXP 	New trial (rep=0, index=59): <Trial 59 (59 in rep 0) data={'folder': '01-1', 'image': '028_Blue.jpg', 'logical': True, 'corrColor': 'Blue', 'corrR': 0, 'corrG': 9, 'corrB': 96, 'image_path': '01-1/028_Blue_0.png', 'thisN': 59, 'thisTrialN': 59, 'thisRepN': 0}>
1126.2334 	EXP 	text_11: autoDraw = False
1126.2334 	EXP 	text_11: autoDraw = False
1126.2334 	EXP 	img: foreColor = <psychopy.colors.Color: white, alpha=1.0>
1126.2334 	EXP 	img: ori = np.float64(0.0)
1126.2334 	EXP 	Instructions: text = 'Click the spacebar to shuffle through the filters to recognize the color.\nPress the button of the color you think it corresponds to.'
1126.2334 	EXP 	R: height = np.float64(42.0)
1126.2334 	EXP 	R: height = np.float64(42.0)
1126.2334 	EXP 	R: height = np.float64(42.0)
1126.2334 	EXP 	R: text = 0
1126.2334 	EXP 	G: height = np.float64(42.0)
1126.2334 	EXP 	G: height = np.float64(42.0)
1126.2334 	EXP 	G: height = np.float64(42.0)
1126.2334 	EXP 	G: text = 9
1126.2334 	EXP 	B: height = np.float64(42.0)
1126.2334 	EXP 	B: height = np.float64(42.0)
1126.2334 	EXP 	B: height = np.float64(42.0)
1126.2334 	EXP 	B: text = 96
1126.2334 	EXP 	img: autoDraw = True
1126.2334 	EXP 	Instructions: autoDraw = True
1126.2334 	EXP 	RBGInfo: autoDraw = True
1126.2334 	EXP 	R: autoDraw = True
1126.2334 	EXP 	G: autoDraw = True
1126.2334 	EXP 	B: autoDraw = True
1133.6449 	DATA 	Mouse: Left button down, pos=(1630,652)
1133.6685 	EXP 	img: autoDraw = False
1133.6685 	EXP 	Instructions: autoDraw = False
1133.6685 	EXP 	RBGInfo: autoDraw = False
1133.6685 	EXP 	R: autoDraw = False
1133.6685 	EXP 	G: autoDraw = False
1133.6685 	EXP 	B: autoDraw = False
1133.6685 	EXP 	text_8: autoDraw = True
1133.8704 	DATA 	Mouse:  Left button up, pos=(1630,652)
1134.0329 	EXP 	text_8: autoDraw = False
1134.0329 	EXP 	slider: markerPos = None
1134.0329 	EXP 	slider: markerPos = 1
1134.0329 	EXP 	slider: autoDraw = True
1134.0329 	EXP 	text_9: autoDraw = True
1134.0329 	EXP 	text_answer: autoDraw = True
1135.5518 	DATA 	Mouse: Left button down, pos=(1387,527)
1135.7678 	DATA 	Mouse:  Left button up, pos=(1387,527)
1136.9359 	DATA 	Mouse: Left button down, pos=(1409,593)
1136.9664 	EXP 	slider: markerPos = np.float64(4.996)
1136.9857 	EXP 	slider: markerPos = np.float64(4.996)
1137.0163 	EXP 	slider: markerPos = np.float64(4.996)
1137.0361 	EXP 	slider: markerPos = np.float64(4.996)
1137.0661 	EXP 	slider: markerPos = np.float64(4.996)
1137.0858 	EXP 	slider: markerPos = np.float64(4.996)
1137.1161 	EXP 	slider: markerPos = np.float64(4.996)
1137.1357 	EXP 	slider: markerPos = np.float64(4.996)
1137.1366 	DATA 	Mouse:  Left button up, pos=(1409,593)
1137.1660 	EXP 	slider: markerPos = 5.0
1138.3341 	DATA 	Mouse: Left button down, pos=(984,244)
1138.3535 	EXP 	slider: autoDraw = False
1138.3535 	EXP 	text_9: autoDraw = False
1138.3535 	EXP 	text_answer: autoDraw = False
1138.3535 	EXP 	text_8: autoDraw = True
1138.5542 	DATA 	Mouse:  Left button up, pos=(984,244)
1138.7162 	INFO 	Keyboard events cleared
1138.7161 	EXP 	text_8: autoDraw = False
1138.7161 	EXP 	corrColor_2: height = np.float64(56.0)
1138.7161 	EXP 	corrColor_2: height = np.float64(56.0)
1138.7161 	EXP 	corrColor_2: height = np.float64(56.0)
1138.7161 	EXP 	corrColor_2: text = 'Blue'
1138.7161 	EXP 	R_2: height = np.float64(42.0)
1138.7161 	EXP 	R_2: height = np.float64(42.0)
1138.7161 	EXP 	R_2: height = np.float64(42.0)
1138.7161 	EXP 	R_2: text = 0
1138.7161 	EXP 	G_2: height = np.float64(42.0)
1138.7161 	EXP 	G_2: height = np.float64(42.0)
1138.7161 	EXP 	G_2: height = np.float64(42.0)
1138.7161 	EXP 	G_2: text = 9
1138.7161 	EXP 	B_2: height = np.float64(42.0)
1138.7161 	EXP 	B_2: height = np.float64(42.0)
1138.7161 	EXP 	B_2: height = np.float64(42.0)
1138.7161 	EXP 	B_2: text = 96
1138.7161 	EXP 	BaselineOverrideInfo: text = 'If you are exhausted from the experiment, press "P" to end it after this screen.\nOtherwise, please continue.'
1138.7161 	EXP 	correctAnswer: autoDraw = True
1138.7161 	EXP 	RBGInfo_2: autoDraw = True
1138.7161 	EXP 	R_2: autoDraw = True
1138.7161 	EXP 	G_2: autoDraw = True
1138.7161 	EXP 	B_2: autoDraw = True
1138.7161 	EXP 	BaselineOverrideInfo: autoDraw = True
1139.5535 	DATA 	Mouse: Left button down, pos=(984,244)
1139.5688 	EXP 	correctAnswer: autoDraw = False
1139.5688 	EXP 	wrongAnswer: autoDraw = False
1139.5688 	EXP 	corrColor_2: autoDraw = False
1139.5688 	EXP 	RBGInfo_2: autoDraw = False
1139.5688 	EXP 	R_2: autoDraw = False
1139.5688 	EXP 	G_2: autoDraw = False
1139.5688 	EXP 	B_2: autoDraw = False
1139.5688 	EXP 	BaselineOverrideInfo: autoDraw = False
1139.5688 	EXP 	text_11: autoDraw = True
1139.7706 	DATA 	Mouse:  Left button up, pos=(984,244)
1139.9193 	EXP 	New trial (rep=1, index=0): <Trial 60 (0 in rep 1) data={'folder': '01-1', 'image': '014_Yellow.jpg', 'logical': True, 'corrColor': 'Yellow', 'corrR': 100, 'corrG': 98, 'corrB': 11, 'image_path': '01-1/014_Yellow_0.png', 'thisN': 60, 'thisTrialN': 0, 'thisRepN': 1}>
1140.0002 	EXP 	text_11: autoDraw = False
1140.0002 	EXP 	img: foreColor = <psychopy.colors.Color: white, alpha=1.0>
1140.0002 	EXP 	img: ori = np.float64(0.0)
1140.0002 	EXP 	Instructions: text = 'Click the spacebar to shuffle through the filters to recognize the color.\nPress the button of the color you think it corresponds to.'
1140.0002 	EXP 	R: height = np.float64(42.0)
1140.0002 	EXP 	R: height = np.float64(42.0)
1140.0002 	EXP 	R: height = np.float64(42.0)
1140.0002 	EXP 	R: text = 100
1140.0002 	EXP 	G: height = np.float64(42.0)
1140.0002 	EXP 	G: height = np.float64(42.0)
1140.0002 	EXP 	G: height = np.float64(42.0)
1140.0002 	EXP 	G: text = 98
1140.0002 	EXP 	B: height = np.float64(42.0)
1140.0002 	EXP 	B: height = np.float64(42.0)
1140.0002 	EXP 	B: height = np.float64(42.0)
1140.0002 	EXP 	B: text = 11
1140.0002 	EXP 	img: autoDraw = True
1140.0002 	EXP 	Instructions: autoDraw = True
1140.0002 	EXP 	RBGInfo: autoDraw = True
1140.0002 	EXP 	R: autoDraw = True
1140.0002 	EXP 	G: autoDraw = True
1140.0002 	EXP 	B: autoDraw = True
1151.8944 	DATA 	Mouse: Left button down, pos=(1607,577)
1151.9160 	EXP 	img: autoDraw = False
1151.9160 	EXP 	Instructions: autoDraw = False
1151.9160 	EXP 	RBGInfo: autoDraw = False
1151.9160 	EXP 	R: autoDraw = False
1151.9160 	EXP 	G: autoDraw = False
1151.9160 	EXP 	B: autoDraw = False
1151.9160 	EXP 	text_8: autoDraw = True
1152.1034 	DATA 	Mouse:  Left button up, pos=(1607,577)
1152.2816 	EXP 	text_8: autoDraw = False
1152.2816 	EXP 	slider: markerPos = None
1152.2816 	EXP 	slider: markerPos = 1
1152.2816 	EXP 	slider: autoDraw = True
1152.2816 	EXP 	text_9: autoDraw = True
1152.2816 	EXP 	text_answer: autoDraw = True
1154.4824 	DATA 	Mouse: Left button down, pos=(1391,581)
1154.5143 	EXP 	slider: markerPos = np.float64(4.9239999999999995)
1154.5353 	EXP 	slider: markerPos = np.float64(4.9239999999999995)
1154.5643 	EXP 	slider: markerPos = np.float64(4.9239999999999995)
1154.5839 	EXP 	slider: markerPos = np.float64(4.9239999999999995)
1154.6000 	EXP 	slider: markerPos = np.float64(4.9239999999999995)
1154.6172 	EXP 	slider: markerPos = np.float64(4.9239999999999995)
1154.6484 	EXP 	slider: markerPos = np.float64(4.9239999999999995)
1154.6676 	EXP 	slider: markerPos = np.float64(4.9239999999999995)
1154.6981 	EXP 	slider: markerPos = np.float64(4.9239999999999995)
1154.6990 	DATA 	Mouse:  Left button up, pos=(1391,581)
1154.7183 	EXP 	slider: markerPos = 5.0
1156.0823 	DATA 	Mouse: Left button down, pos=(968,267)
1156.1000 	EXP 	slider: autoDraw = False
1156.1000 	EXP 	text_9: autoDraw = False
1156.1000 	EXP 	text_answer: autoDraw = False
1156.1000 	EXP 	text_8: autoDraw = True
1156.3012 	DATA 	Mouse:  Left button up, pos=(968,267)
1156.4500 	INFO 	Keyboard events cleared
1156.4499 	EXP 	text_8: autoDraw = False
1156.4499 	EXP 	corrColor_2: height = np.float64(56.0)
1156.4499 	EXP 	corrColor_2: height = np.float64(56.0)
1156.4499 	EXP 	corrColor_2: height = np.float64(56.0)
1156.4499 	EXP 	corrColor_2: text = 'Yellow'
1156.4499 	EXP 	R_2: height = np.float64(42.0)
1156.4499 	EXP 	R_2: height = np.float64(42.0)
1156.4499 	EXP 	R_2: height = np.float64(42.0)
1156.4499 	EXP 	R_2: text = 100
1156.4499 	EXP 	G_2: height = np.float64(42.0)
1156.4499 	EXP 	G_2: height = np.float64(42.0)
1156.4499 	EXP 	G_2: height = np.float64(42.0)
1156.4499 	EXP 	G_2: text = 98
1156.4499 	EXP 	B_2: height = np.float64(42.0)
1156.4499 	EXP 	B_2: height = np.float64(42.0)
1156.4499 	EXP 	B_2: height = np.float64(42.0)
1156.4499 	EXP 	B_2: text = 11
1156.4499 	EXP 	BaselineOverrideInfo: text = 'If you are exhausted from the experiment, press "P" to end it after this screen.\nOtherwise, please continue.'
1156.4499 	EXP 	correctAnswer: autoDraw = True
1156.4499 	EXP 	RBGInfo_2: autoDraw = True
1156.4499 	EXP 	R_2: autoDraw = True
1156.4499 	EXP 	G_2: autoDraw = True
1156.4499 	EXP 	B_2: autoDraw = True
1156.4499 	EXP 	BaselineOverrideInfo: autoDraw = True
1157.5200 	DATA 	Mouse: Left button down, pos=(980,257)
1157.5351 	EXP 	correctAnswer: autoDraw = False
1157.5351 	EXP 	wrongAnswer: autoDraw = False
1157.5351 	EXP 	corrColor_2: autoDraw = False
1157.5351 	EXP 	RBGInfo_2: autoDraw = False
1157.5351 	EXP 	R_2: autoDraw = False
1157.5351 	EXP 	G_2: autoDraw = False
1157.5351 	EXP 	B_2: autoDraw = False
1157.5351 	EXP 	BaselineOverrideInfo: autoDraw = False
1157.5351 	EXP 	text_11: autoDraw = True
1157.7515 	DATA 	Mouse:  Left button up, pos=(980,257)
1157.8833 	EXP 	New trial (rep=1, index=1): <Trial 61 (1 in rep 1) data={'folder': '01-1', 'image': '006_Purple.jpg', 'logical': True, 'corrColor': 'Purple', 'corrR': 65, 'corrG': 0, 'corrB': 100, 'image_path': '01-1/006_Purple_0.png', 'thisN': 61, 'thisTrialN': 1, 'thisRepN': 1}>
1157.9656 	EXP 	text_11: autoDraw = False
1157.9656 	EXP 	img: foreColor = <psychopy.colors.Color: white, alpha=1.0>
1157.9656 	EXP 	img: ori = np.float64(0.0)
1157.9656 	EXP 	Instructions: text = 'Click the spacebar to shuffle through the filters to recognize the color.\nPress the button of the color you think it corresponds to.'
1157.9656 	EXP 	R: height = np.float64(42.0)
1157.9656 	EXP 	R: height = np.float64(42.0)
1157.9656 	EXP 	R: height = np.float64(42.0)
1157.9656 	EXP 	R: text = 65
1157.9656 	EXP 	G: height = np.float64(42.0)
1157.9656 	EXP 	G: height = np.float64(42.0)
1157.9656 	EXP 	G: height = np.float64(42.0)
1157.9656 	EXP 	G: text = 0
1157.9656 	EXP 	B: height = np.float64(42.0)
1157.9656 	EXP 	B: height = np.float64(42.0)
1157.9656 	EXP 	B: height = np.float64(42.0)
1157.9656 	EXP 	B: text = 100
1157.9656 	EXP 	img: autoDraw = True
1157.9656 	EXP 	Instructions: autoDraw = True
1157.9656 	EXP 	RBGInfo: autoDraw = True
1157.9656 	EXP 	R: autoDraw = True
1157.9656 	EXP 	G: autoDraw = True
1157.9656 	EXP 	B: autoDraw = True
1163.9943 	DATA 	Mouse: Left button down, pos=(1622,515)
1164.0162 	EXP 	img: autoDraw = False
1164.0162 	EXP 	Instructions: autoDraw = False
1164.0162 	EXP 	RBGInfo: autoDraw = False
1164.0162 	EXP 	R: autoDraw = False
1164.0162 	EXP 	G: autoDraw = False
1164.0162 	EXP 	B: autoDraw = False
1164.0162 	EXP 	text_8: autoDraw = True
1164.2035 	DATA 	Mouse:  Left button up, pos=(1622,515)
1164.3812 	EXP 	text_8: autoDraw = False
1164.3812 	EXP 	slider: markerPos = None
1164.3812 	EXP 	slider: markerPos = 1
1164.3812 	EXP 	slider: autoDraw = True
1164.3812 	EXP 	text_9: autoDraw = True
1164.3812 	EXP 	text_answer: autoDraw = True
1165.3974 	DATA 	Mouse: Left button down, pos=(1391,575)
1165.4481 	EXP 	slider: markerPos = np.float64(4.9239999999999995)
1165.4809 	EXP 	slider: markerPos = np.float64(4.9239999999999995)
1165.5145 	EXP 	slider: markerPos = np.float64(4.9239999999999995)
1165.5476 	EXP 	slider: markerPos = np.float64(4.9239999999999995)
1165.5809 	EXP 	slider: markerPos = np.float64(4.9239999999999995)
1165.6148 	EXP 	slider: markerPos = np.float64(4.9239999999999995)
1165.6156 	DATA 	Mouse:  Left button up, pos=(1391,575)
1165.6477 	EXP 	slider: markerPos = 5.0
1166.6848 	DATA 	Mouse: Left button down, pos=(1021,262)
1166.7003 	EXP 	slider: autoDraw = False
1166.7003 	EXP 	text_9: autoDraw = False
1166.7003 	EXP 	text_answer: autoDraw = False
1166.7003 	EXP 	text_8: autoDraw = True
1166.9017 	DATA 	Mouse:  Left button up, pos=(1021,262)
1167.0644 	INFO 	Keyboard events cleared
1167.0643 	EXP 	text_8: autoDraw = False
1167.0643 	EXP 	text_8: autoDraw = False
1167.0643 	EXP 	corrColor_2: height = np.float64(56.0)
1167.0643 	EXP 	corrColor_2: height = np.float64(56.0)
1167.0643 	EXP 	corrColor_2: height = np.float64(56.0)
1167.0643 	EXP 	corrColor_2: text = 'Purple'
1167.0643 	EXP 	R_2: height = np.float64(42.0)
1167.0643 	EXP 	R_2: height = np.float64(42.0)
1167.0643 	EXP 	R_2: height = np.float64(42.0)
1167.0643 	EXP 	R_2: text = 65
1167.0643 	EXP 	G_2: height = np.float64(42.0)
1167.0643 	EXP 	G_2: height = np.float64(42.0)
1167.0643 	EXP 	G_2: height = np.float64(42.0)
1167.0643 	EXP 	G_2: text = 0
1167.0643 	EXP 	B_2: height = np.float64(42.0)
1167.0643 	EXP 	B_2: height = np.float64(42.0)
1167.0643 	EXP 	B_2: height = np.float64(42.0)
1167.0643 	EXP 	B_2: text = 100
1167.0643 	EXP 	BaselineOverrideInfo: text = 'If you are exhausted from the experiment, press "P" to end it after this screen.\nOtherwise, please continue.'
1167.0643 	EXP 	correctAnswer: autoDraw = True
1167.0643 	EXP 	RBGInfo_2: autoDraw = True
1167.0643 	EXP 	R_2: autoDraw = True
1167.0643 	EXP 	G_2: autoDraw = True
1167.0643 	EXP 	B_2: autoDraw = True
1167.0643 	EXP 	BaselineOverrideInfo: autoDraw = True
1167.7534 	DATA 	Mouse: Left button down, pos=(1021,262)
1167.7654 	EXP 	correctAnswer: autoDraw = False
1167.7654 	EXP 	wrongAnswer: autoDraw = False
1167.7654 	EXP 	corrColor_2: autoDraw = False
1167.7654 	EXP 	RBGInfo_2: autoDraw = False
1167.7654 	EXP 	R_2: autoDraw = False
1167.7654 	EXP 	G_2: autoDraw = False
1167.7654 	EXP 	B_2: autoDraw = False
1167.7654 	EXP 	BaselineOverrideInfo: autoDraw = False
1167.7654 	EXP 	text_11: autoDraw = True
1167.9681 	DATA 	Mouse:  Left button up, pos=(1021,262)
1168.1010 	EXP 	New trial (rep=1, index=2): <Trial 62 (2 in rep 1) data={'folder': '01-1', 'image': '009_Cyan.jpg', 'logical': True, 'corrColor': 'Cyan', 'corrR': 3, 'corrG': 100, 'corrB': 95, 'image_path': '01-1/009_Cyan_0.png', 'thisN': 62, 'thisTrialN': 2, 'thisRepN': 1}>
1168.1651 	EXP 	text_11: autoDraw = False
1168.1651 	EXP 	text_11: autoDraw = False
1168.1651 	EXP 	img: foreColor = <psychopy.colors.Color: white, alpha=1.0>
1168.1651 	EXP 	img: ori = np.float64(0.0)
1168.1651 	EXP 	Instructions: text = 'Click the spacebar to shuffle through the filters to recognize the color.\nPress the button of the color you think it corresponds to.'
1168.1651 	EXP 	R: height = np.float64(42.0)
1168.1651 	EXP 	R: height = np.float64(42.0)
1168.1651 	EXP 	R: height = np.float64(42.0)
1168.1651 	EXP 	R: text = 3
1168.1651 	EXP 	G: height = np.float64(42.0)
1168.1651 	EXP 	G: height = np.float64(42.0)
1168.1651 	EXP 	G: height = np.float64(42.0)
1168.1651 	EXP 	G: text = 100
1168.1651 	EXP 	B: height = np.float64(42.0)
1168.1651 	EXP 	B: height = np.float64(42.0)
1168.1651 	EXP 	B: height = np.float64(42.0)
1168.1651 	EXP 	B: text = 95
1168.1651 	EXP 	img: autoDraw = True
1168.1651 	EXP 	Instructions: autoDraw = True
1168.1651 	EXP 	RBGInfo: autoDraw = True
1168.1651 	EXP 	R: autoDraw = True
1168.1651 	EXP 	G: autoDraw = True
1168.1651 	EXP 	B: autoDraw = True
1174.3794 	DATA 	Mouse: Left button down, pos=(1600,455)
1174.3984 	EXP 	img: autoDraw = False
1174.3984 	EXP 	Instructions: autoDraw = False
1174.3984 	EXP 	RBGInfo: autoDraw = False
1174.3984 	EXP 	R: autoDraw = False
1174.3984 	EXP 	G: autoDraw = False
1174.3984 	EXP 	B: autoDraw = False
1174.3984 	EXP 	text_8: autoDraw = True
1174.5676 	DATA 	Mouse:  Left button up, pos=(1600,455)
1174.7645 	EXP 	text_8: autoDraw = False
1174.7645 	EXP 	slider: markerPos = None
1174.7645 	EXP 	slider: markerPos = 1
1174.7645 	EXP 	slider: autoDraw = True
1174.7645 	EXP 	text_9: autoDraw = True
1174.7645 	EXP 	text_answer: autoDraw = True
1176.7805 	DATA 	Mouse: Left button down, pos=(1400,599)
1176.8307 	EXP 	slider: markerPos = np.float64(4.96)
1176.8642 	EXP 	slider: markerPos = np.float64(4.96)
1176.8974 	EXP 	slider: markerPos = np.float64(4.96)
1176.9308 	EXP 	slider: markerPos = np.float64(4.96)
1176.9642 	EXP 	slider: markerPos = np.float64(4.96)
1176.9977 	EXP 	slider: markerPos = np.float64(4.96)
1177.0142 	DATA 	Mouse:  Left button up, pos=(1400,599)
1177.0310 	EXP 	slider: markerPos = np.float64(4.96)
1177.0639 	EXP 	slider: markerPos = 5.0
1178.1085 	DATA 	Mouse: Left button down, pos=(1073,264)
1178.1513 	EXP 	slider: autoDraw = False
1178.1513 	EXP 	text_9: autoDraw = False
1178.1513 	EXP 	text_answer: autoDraw = False
1178.1513 	EXP 	text_8: autoDraw = True
1178.3348 	DATA 	Mouse:  Left button up, pos=(1073,264)
1178.5144 	INFO 	Keyboard events cleared
1178.5142 	EXP 	text_8: autoDraw = False
1178.5142 	EXP 	corrColor_2: height = np.float64(56.0)
1178.5142 	EXP 	corrColor_2: height = np.float64(56.0)
1178.5142 	EXP 	corrColor_2: height = np.float64(56.0)
1178.5142 	EXP 	corrColor_2: text = 'Cyan'
1178.5142 	EXP 	R_2: height = np.float64(42.0)
1178.5142 	EXP 	R_2: height = np.float64(42.0)
1178.5142 	EXP 	R_2: height = np.float64(42.0)
1178.5142 	EXP 	R_2: text = 3
1178.5142 	EXP 	G_2: height = np.float64(42.0)
1178.5142 	EXP 	G_2: height = np.float64(42.0)
1178.5142 	EXP 	G_2: height = np.float64(42.0)
1178.5142 	EXP 	G_2: text = 100
1178.5142 	EXP 	B_2: height = np.float64(42.0)
1178.5142 	EXP 	B_2: height = np.float64(42.0)
1178.5142 	EXP 	B_2: height = np.float64(42.0)
1178.5142 	EXP 	B_2: text = 95
1178.5142 	EXP 	BaselineOverrideInfo: text = 'If you are exhausted from the experiment, press "P" to end it after this screen.\nOtherwise, please continue.'
1178.5142 	EXP 	correctAnswer: autoDraw = True
1178.5142 	EXP 	RBGInfo_2: autoDraw = True
1178.5142 	EXP 	R_2: autoDraw = True
1178.5142 	EXP 	G_2: autoDraw = True
1178.5142 	EXP 	B_2: autoDraw = True
1178.5142 	EXP 	BaselineOverrideInfo: autoDraw = True
1179.3860 	DATA 	Mouse: Left button down, pos=(1073,264)
1179.4009 	EXP 	correctAnswer: autoDraw = False
1179.4009 	EXP 	wrongAnswer: autoDraw = False
1179.4009 	EXP 	corrColor_2: autoDraw = False
1179.4009 	EXP 	RBGInfo_2: autoDraw = False
1179.4009 	EXP 	R_2: autoDraw = False
1179.4009 	EXP 	G_2: autoDraw = False
1179.4009 	EXP 	B_2: autoDraw = False
1179.4009 	EXP 	BaselineOverrideInfo: autoDraw = False
1179.4009 	EXP 	text_11: autoDraw = True
1179.6180 	DATA 	Mouse:  Left button up, pos=(1073,264)
1179.7343 	EXP 	New trial (rep=1, index=3): <Trial 63 (3 in rep 1) data={'folder': '01-1', 'image': '016_Blue.jpg', 'logical': True, 'corrColor': 'Blue', 'corrR': 0, 'corrG': 8, 'corrB': 99, 'image_path': '01-1/016_Blue_0.png', 'thisN': 63, 'thisTrialN': 3, 'thisRepN': 1}>
1179.8148 	EXP 	text_11: autoDraw = False
1179.8148 	EXP 	text_11: autoDraw = False
1179.8148 	EXP 	img: foreColor = <psychopy.colors.Color: white, alpha=1.0>
1179.8148 	EXP 	img: ori = np.float64(0.0)
1179.8148 	EXP 	Instructions: text = 'Click the spacebar to shuffle through the filters to recognize the color.\nPress the button of the color you think it corresponds to.'
1179.8148 	EXP 	R: height = np.float64(42.0)
1179.8148 	EXP 	R: height = np.float64(42.0)
1179.8148 	EXP 	R: height = np.float64(42.0)
1179.8148 	EXP 	R: text = 0
1179.8148 	EXP 	G: height = np.float64(42.0)
1179.8148 	EXP 	G: height = np.float64(42.0)
1179.8148 	EXP 	G: height = np.float64(42.0)
1179.8148 	EXP 	G: text = 8
1179.8148 	EXP 	B: height = np.float64(42.0)
1179.8148 	EXP 	B: height = np.float64(42.0)
1179.8148 	EXP 	B: height = np.float64(42.0)
1179.8148 	EXP 	B: text = 99
1179.8148 	EXP 	img: autoDraw = True
1179.8148 	EXP 	Instructions: autoDraw = True
1179.8148 	EXP 	RBGInfo: autoDraw = True
1179.8148 	EXP 	R: autoDraw = True
1179.8148 	EXP 	G: autoDraw = True
1179.8148 	EXP 	B: autoDraw = True
1186.6571 	DATA 	Mouse: Left button down, pos=(1634,644)
1186.6814 	EXP 	img: autoDraw = False
1186.6814 	EXP 	Instructions: autoDraw = False
1186.6814 	EXP 	RBGInfo: autoDraw = False
1186.6814 	EXP 	R: autoDraw = False
1186.6814 	EXP 	G: autoDraw = False
1186.6814 	EXP 	B: autoDraw = False
1186.6814 	EXP 	text_8: autoDraw = True
1186.8347 	DATA 	Mouse:  Left button up, pos=(1634,644)
1187.0471 	EXP 	text_8: autoDraw = False
1187.0471 	EXP 	slider: markerPos = None
1187.0471 	EXP 	slider: markerPos = 1
1187.0471 	EXP 	slider: autoDraw = True
1187.0471 	EXP 	text_9: autoDraw = True
1187.0471 	EXP 	text_answer: autoDraw = True
1188.3178 	DATA 	Mouse: Left button down, pos=(1389,571)
1188.3465 	EXP 	slider: markerPos = np.float64(4.916)
1188.3799 	EXP 	slider: markerPos = np.float64(4.916)
1188.4134 	EXP 	slider: markerPos = np.float64(4.916)
1188.4324 	EXP 	slider: markerPos = np.float64(4.916)
1188.4487 	EXP 	slider: markerPos = np.float64(4.916)
1188.4656 	EXP 	slider: markerPos = np.float64(4.916)
1188.4818 	EXP 	slider: markerPos = np.float64(4.916)
1188.5000 	EXP 	slider: markerPos = np.float64(4.916)
1188.5155 	EXP 	slider: markerPos = np.float64(4.916)
1188.5322 	EXP 	slider: markerPos = np.float64(4.916)
1188.5330 	DATA 	Mouse:  Left button up, pos=(1389,571)
1188.5485 	EXP 	slider: markerPos = 5.0
1190.4170 	DATA 	Mouse: Left button down, pos=(1054,262)
1190.4334 	EXP 	slider: autoDraw = False
1190.4334 	EXP 	text_9: autoDraw = False
1190.4334 	EXP 	text_answer: autoDraw = False
1190.4334 	EXP 	text_8: autoDraw = True
1190.6338 	DATA 	Mouse:  Left button up, pos=(1054,262)
1190.7977 	INFO 	Keyboard events cleared
1190.7975 	EXP 	text_8: autoDraw = False
1190.7975 	EXP 	text_8: autoDraw = False
1190.7975 	EXP 	corrColor_2: height = np.float64(56.0)
1190.7975 	EXP 	corrColor_2: height = np.float64(56.0)
1190.7975 	EXP 	corrColor_2: height = np.float64(56.0)
1190.7975 	EXP 	corrColor_2: text = 'Blue'
1190.7975 	EXP 	R_2: height = np.float64(42.0)
1190.7975 	EXP 	R_2: height = np.float64(42.0)
1190.7975 	EXP 	R_2: height = np.float64(42.0)
1190.7975 	EXP 	R_2: text = 0
1190.7975 	EXP 	G_2: height = np.float64(42.0)
1190.7975 	EXP 	G_2: height = np.float64(42.0)
1190.7975 	EXP 	G_2: height = np.float64(42.0)
1190.7975 	EXP 	G_2: text = 8
1190.7975 	EXP 	B_2: height = np.float64(42.0)
1190.7975 	EXP 	B_2: height = np.float64(42.0)
1190.7975 	EXP 	B_2: height = np.float64(42.0)
1190.7975 	EXP 	B_2: text = 99
1190.7975 	EXP 	BaselineOverrideInfo: text = 'If you are exhausted from the experiment, press "P" to end it after this screen.\nOtherwise, please continue.'
1190.7975 	EXP 	correctAnswer: autoDraw = True
1190.7975 	EXP 	RBGInfo_2: autoDraw = True
1190.7975 	EXP 	R_2: autoDraw = True
1190.7975 	EXP 	G_2: autoDraw = True
1190.7975 	EXP 	B_2: autoDraw = True
1190.7975 	EXP 	BaselineOverrideInfo: autoDraw = True
1191.4022 	DATA 	Mouse: Left button down, pos=(1054,262)
1191.4169 	EXP 	correctAnswer: autoDraw = False
1191.4169 	EXP 	wrongAnswer: autoDraw = False
1191.4169 	EXP 	corrColor_2: autoDraw = False
1191.4169 	EXP 	RBGInfo_2: autoDraw = False
1191.4169 	EXP 	R_2: autoDraw = False
1191.4169 	EXP 	G_2: autoDraw = False
1191.4169 	EXP 	B_2: autoDraw = False
1191.4169 	EXP 	BaselineOverrideInfo: autoDraw = False
1191.4169 	EXP 	text_11: autoDraw = True
1191.6164 	DATA 	Mouse:  Left button up, pos=(1054,262)
1191.7512 	EXP 	New trial (rep=1, index=4): <Trial 64 (4 in rep 1) data={'folder': '01-1', 'image': '022_Red.jpg', 'logical': True, 'corrColor': 'Red', 'corrR': 100, 'corrG': 0, 'corrB': 1, 'image_path': '01-1/022_Red_0.png', 'thisN': 64, 'thisTrialN': 4, 'thisRepN': 1}>
1191.8483 	EXP 	text_11: autoDraw = False
1191.8483 	EXP 	text_11: autoDraw = False
1191.8483 	EXP 	img: foreColor = <psychopy.colors.Color: white, alpha=1.0>
1191.8483 	EXP 	img: ori = np.float64(0.0)
1191.8483 	EXP 	Instructions: text = 'Click the spacebar to shuffle through the filters to recognize the color.\nPress the button of the color you think it corresponds to.'
1191.8483 	EXP 	R: height = np.float64(42.0)
1191.8483 	EXP 	R: height = np.float64(42.0)
1191.8483 	EXP 	R: height = np.float64(42.0)
1191.8483 	EXP 	R: text = 100
1191.8483 	EXP 	G: height = np.float64(42.0)
1191.8483 	EXP 	G: height = np.float64(42.0)
1191.8483 	EXP 	G: height = np.float64(42.0)
1191.8483 	EXP 	G: text = 0
1191.8483 	EXP 	B: height = np.float64(42.0)
1191.8483 	EXP 	B: height = np.float64(42.0)
1191.8483 	EXP 	B: height = np.float64(42.0)
1191.8483 	EXP 	B: text = 1
1191.8483 	EXP 	img: autoDraw = True
1191.8483 	EXP 	Instructions: autoDraw = True
1191.8483 	EXP 	RBGInfo: autoDraw = True
1191.8483 	EXP 	R: autoDraw = True
1191.8483 	EXP 	G: autoDraw = True
1191.8483 	EXP 	B: autoDraw = True
1200.5685 	DATA 	Mouse: Left button down, pos=(1610,338)
1200.6641 	EXP 	img: autoDraw = False
1200.6641 	EXP 	Instructions: autoDraw = False
1200.6641 	EXP 	RBGInfo: autoDraw = False
1200.6641 	EXP 	R: autoDraw = False
1200.6641 	EXP 	G: autoDraw = False
1200.6641 	EXP 	B: autoDraw = False
1200.6641 	EXP 	text_8: autoDraw = True
1200.8020 	DATA 	Mouse:  Left button up, pos=(1610,338)
1201.0295 	EXP 	text_8: autoDraw = False
1201.0295 	EXP 	slider: markerPos = None
1201.0295 	EXP 	slider: markerPos = 1
1201.0295 	EXP 	slider: autoDraw = True
1201.0295 	EXP 	text_9: autoDraw = True
1201.0295 	EXP 	text_answer: autoDraw = True
1202.6171 	DATA 	Mouse: Left button down, pos=(1407,573)
1202.6464 	EXP 	slider: markerPos = np.float64(4.9879999999999995)
1202.6799 	EXP 	slider: markerPos = np.float64(4.9879999999999995)
1202.7132 	EXP 	slider: markerPos = np.float64(4.9879999999999995)
1202.7470 	EXP 	slider: markerPos = np.float64(4.9879999999999995)
1202.7796 	EXP 	slider: markerPos = np.float64(4.9879999999999995)
1202.8129 	EXP 	slider: markerPos = np.float64(4.9879999999999995)
1202.8465 	EXP 	slider: markerPos = np.float64(4.9879999999999995)
1202.8478 	DATA 	Mouse:  Left button up, pos=(1407,573)
1202.8797 	EXP 	slider: markerPos = 5.0
1204.1414 	DATA 	Mouse: Left button down, pos=(1069,247)
1204.1820 	EXP 	slider: autoDraw = False
1204.1820 	EXP 	text_9: autoDraw = False
1204.1820 	EXP 	text_answer: autoDraw = False
1204.1820 	EXP 	text_8: autoDraw = True
1204.3662 	DATA 	Mouse:  Left button up, pos=(1069,247)
1204.5314 	INFO 	Keyboard events cleared
1204.5313 	EXP 	text_8: autoDraw = False
1204.5313 	EXP 	corrColor_2: height = np.float64(56.0)
1204.5313 	EXP 	corrColor_2: height = np.float64(56.0)
1204.5313 	EXP 	corrColor_2: height = np.float64(56.0)
1204.5313 	EXP 	corrColor_2: text = 'Red'
1204.5313 	EXP 	R_2: height = np.float64(42.0)
1204.5313 	EXP 	R_2: height = np.float64(42.0)
1204.5313 	EXP 	R_2: height = np.float64(42.0)
1204.5313 	EXP 	R_2: text = 100
1204.5313 	EXP 	G_2: height = np.float64(42.0)
1204.5313 	EXP 	G_2: height = np.float64(42.0)
1204.5313 	EXP 	G_2: height = np.float64(42.0)
1204.5313 	EXP 	G_2: text = 0
1204.5313 	EXP 	B_2: height = np.float64(42.0)
1204.5313 	EXP 	B_2: height = np.float64(42.0)
1204.5313 	EXP 	B_2: height = np.float64(42.0)
1204.5313 	EXP 	B_2: text = 1
1204.5313 	EXP 	BaselineOverrideInfo: text = 'If you are exhausted from the experiment, press "P" to end it after this screen.\nOtherwise, please continue.'
1204.5313 	EXP 	correctAnswer: autoDraw = True
1204.5313 	EXP 	RBGInfo_2: autoDraw = True
1204.5313 	EXP 	R_2: autoDraw = True
1204.5313 	EXP 	G_2: autoDraw = True
1204.5313 	EXP 	B_2: autoDraw = True
1204.5313 	EXP 	BaselineOverrideInfo: autoDraw = True
1205.3667 	DATA 	Mouse: Left button down, pos=(1069,247)
1205.3819 	EXP 	correctAnswer: autoDraw = False
1205.3819 	EXP 	wrongAnswer: autoDraw = False
1205.3819 	EXP 	corrColor_2: autoDraw = False
1205.3819 	EXP 	RBGInfo_2: autoDraw = False
1205.3819 	EXP 	R_2: autoDraw = False
1205.3819 	EXP 	G_2: autoDraw = False
1205.3819 	EXP 	B_2: autoDraw = False
1205.3819 	EXP 	BaselineOverrideInfo: autoDraw = False
1205.3819 	EXP 	text_11: autoDraw = True
1205.5833 	DATA 	Mouse:  Left button up, pos=(1069,247)
1205.7169 	EXP 	New trial (rep=1, index=5): <Trial 65 (5 in rep 1) data={'folder': '01-1', 'image': '019_Blue.jpg', 'logical': True, 'corrColor': 'Blue', 'corrR': 0, 'corrG': 2, 'corrB': 95, 'image_path': '01-1/019_Blue_0.png', 'thisN': 65, 'thisTrialN': 5, 'thisRepN': 1}>
1205.7808 	EXP 	text_11: autoDraw = False
1205.7808 	EXP 	text_11: autoDraw = False
1205.7808 	EXP 	img: foreColor = <psychopy.colors.Color: white, alpha=1.0>
1205.7808 	EXP 	img: ori = np.float64(0.0)
1205.7808 	EXP 	Instructions: text = 'Click the spacebar to shuffle through the filters to recognize the color.\nPress the button of the color you think it corresponds to.'
1205.7808 	EXP 	R: height = np.float64(42.0)
1205.7808 	EXP 	R: height = np.float64(42.0)
1205.7808 	EXP 	R: height = np.float64(42.0)
1205.7808 	EXP 	R: text = 0
1205.7808 	EXP 	G: height = np.float64(42.0)
1205.7808 	EXP 	G: height = np.float64(42.0)
1205.7808 	EXP 	G: height = np.float64(42.0)
1205.7808 	EXP 	G: text = 2
1205.7808 	EXP 	B: height = np.float64(42.0)
1205.7808 	EXP 	B: height = np.float64(42.0)
1205.7808 	EXP 	B: height = np.float64(42.0)
1205.7808 	EXP 	B: text = 95
1205.7808 	EXP 	img: autoDraw = True
1205.7808 	EXP 	Instructions: autoDraw = True
1205.7808 	EXP 	RBGInfo: autoDraw = True
1205.7808 	EXP 	R: autoDraw = True
1205.7808 	EXP 	G: autoDraw = True
1205.7808 	EXP 	B: autoDraw = True
1212.8782 	DATA 	Keypress: space
1212.8787 	EXP 	Device response: <KeyPress from None: t=1212.8307676000986, value=space, duration=None>
1213.0396 	EXP 	Device response: <KeyPress from None: t=1212.8307676000986, value=space, duration=0.15222899988293648>
1215.7484 	DATA 	Keypress: space
1215.8259 	EXP 	Device response: <KeyPress from None: t=1215.747549700085, value=space, duration=None>
1215.9126 	EXP 	Device response: <KeyPress from None: t=1215.747549700085, value=space, duration=0.15217150002717972>
1219.5454 	DATA 	Keypress: space
1219.6254 	EXP 	Device response: <KeyPress from None: t=1219.5445218000095, value=space, duration=None>
1219.7069 	EXP 	Device response: <KeyPress from None: t=1219.5445218000095, value=space, duration=0.14338620007038116>
1232.6535 	DATA 	Keypress: space
1232.6538 	EXP 	Device response: <KeyPress from None: t=1232.6372309001163, value=space, duration=None>
1232.8147 	EXP 	Device response: <KeyPress from None: t=1232.6372309001163, value=space, duration=0.11598739982582629>
1239.0779 	DATA 	Mouse: Left button down, pos=(1612,641)
1239.0965 	EXP 	img: autoDraw = False
1239.0965 	EXP 	Instructions: autoDraw = False
1239.0965 	EXP 	RBGInfo: autoDraw = False
1239.0965 	EXP 	R: autoDraw = False
1239.0965 	EXP 	G: autoDraw = False
1239.0965 	EXP 	B: autoDraw = False
1239.0965 	EXP 	text_8: autoDraw = True
1239.3170 	DATA 	Mouse:  Left button up, pos=(1612,641)
1239.4616 	EXP 	text_8: autoDraw = False
1239.4616 	EXP 	slider: markerPos = None
1239.4616 	EXP 	slider: markerPos = 1
1239.4616 	EXP 	slider: autoDraw = True
1239.4616 	EXP 	text_9: autoDraw = True
1239.4616 	EXP 	text_answer: autoDraw = True
1240.8149 	DATA 	Mouse: Left button down, pos=(1403,598)
1240.8303 	EXP 	slider: markerPos = np.float64(4.9719999999999995)
1240.8476 	EXP 	slider: markerPos = np.float64(4.9719999999999995)
1240.8637 	EXP 	slider: markerPos = np.float64(4.9719999999999995)
1240.8811 	EXP 	slider: markerPos = np.float64(4.9719999999999995)
1240.8972 	EXP 	slider: markerPos = np.float64(4.9719999999999995)
1240.9147 	EXP 	slider: markerPos = np.float64(4.9719999999999995)
1240.9448 	EXP 	slider: markerPos = np.float64(4.9719999999999995)
1240.9643 	EXP 	slider: markerPos = np.float64(4.9719999999999995)
1240.9805 	EXP 	slider: markerPos = np.float64(4.9719999999999995)
1241.0119 	EXP 	slider: markerPos = np.float64(4.9719999999999995)
1241.0312 	EXP 	slider: markerPos = np.float64(4.9719999999999995)
1241.0409 	DATA 	Mouse:  Left button up, pos=(1403,598)
1241.0616 	EXP 	slider: markerPos = np.float64(4.9719999999999995)
1241.0950 	EXP 	slider: markerPos = 5.0
1242.4130 	DATA 	Mouse: Left button down, pos=(1015,239)
1242.4322 	EXP 	slider: autoDraw = False
1242.4322 	EXP 	text_9: autoDraw = False
1242.4322 	EXP 	text_answer: autoDraw = False
1242.4322 	EXP 	text_8: autoDraw = True
1242.6331 	DATA 	Mouse:  Left button up, pos=(1015,239)
1242.7954 	INFO 	Keyboard events cleared
1242.7953 	EXP 	text_8: autoDraw = False
1242.7953 	EXP 	corrColor_2: height = np.float64(56.0)
1242.7953 	EXP 	corrColor_2: height = np.float64(56.0)
1242.7953 	EXP 	corrColor_2: height = np.float64(56.0)
1242.7953 	EXP 	corrColor_2: text = 'Blue'
1242.7953 	EXP 	R_2: height = np.float64(42.0)
1242.7953 	EXP 	R_2: height = np.float64(42.0)
1242.7953 	EXP 	R_2: height = np.float64(42.0)
1242.7953 	EXP 	R_2: text = 0
1242.7953 	EXP 	G_2: height = np.float64(42.0)
1242.7953 	EXP 	G_2: height = np.float64(42.0)
1242.7953 	EXP 	G_2: height = np.float64(42.0)
1242.7953 	EXP 	G_2: text = 2
1242.7953 	EXP 	B_2: height = np.float64(42.0)
1242.7953 	EXP 	B_2: height = np.float64(42.0)
1242.7953 	EXP 	B_2: height = np.float64(42.0)
1242.7953 	EXP 	B_2: text = 95
1242.7953 	EXP 	BaselineOverrideInfo: text = 'If you are exhausted from the experiment, press "P" to end it after this screen.\nOtherwise, please continue.'
1242.7953 	EXP 	correctAnswer: autoDraw = True
1242.7953 	EXP 	RBGInfo_2: autoDraw = True
1242.7953 	EXP 	R_2: autoDraw = True
1242.7953 	EXP 	G_2: autoDraw = True
1242.7953 	EXP 	B_2: autoDraw = True
1242.7953 	EXP 	BaselineOverrideInfo: autoDraw = True
1243.6170 	DATA 	Mouse: Left button down, pos=(1015,239)
1243.6307 	EXP 	correctAnswer: autoDraw = False
1243.6307 	EXP 	wrongAnswer: autoDraw = False
1243.6307 	EXP 	corrColor_2: autoDraw = False
1243.6307 	EXP 	RBGInfo_2: autoDraw = False
1243.6307 	EXP 	R_2: autoDraw = False
1243.6307 	EXP 	G_2: autoDraw = False
1243.6307 	EXP 	B_2: autoDraw = False
1243.6307 	EXP 	BaselineOverrideInfo: autoDraw = False
1243.6307 	EXP 	text_11: autoDraw = True
1243.8497 	DATA 	Mouse:  Left button up, pos=(1015,239)
1243.9651 	EXP 	New trial (rep=1, index=6): <Trial 66 (6 in rep 1) data={'folder': '01-1', 'image': '018_Green.jpg', 'logical': True, 'corrColor': 'Green', 'corrR': 0, 'corrG': 98, 'corrB': 4, 'image_path': '01-1/018_Green_0.png', 'thisN': 66, 'thisTrialN': 6, 'thisRepN': 1}>
1244.0462 	EXP 	text_11: autoDraw = False
1244.0462 	EXP 	text_11: autoDraw = False
1244.0462 	EXP 	img: foreColor = <psychopy.colors.Color: white, alpha=1.0>
1244.0462 	EXP 	img: ori = np.float64(0.0)
1244.0462 	EXP 	Instructions: text = 'Click the spacebar to shuffle through the filters to recognize the color.\nPress the button of the color you think it corresponds to.'
1244.0462 	EXP 	R: height = np.float64(42.0)
1244.0462 	EXP 	R: height = np.float64(42.0)
1244.0462 	EXP 	R: height = np.float64(42.0)
1244.0462 	EXP 	R: text = 0
1244.0462 	EXP 	G: height = np.float64(42.0)
1244.0462 	EXP 	G: height = np.float64(42.0)
1244.0462 	EXP 	G: height = np.float64(42.0)
1244.0462 	EXP 	G: text = 98
1244.0462 	EXP 	B: height = np.float64(42.0)
1244.0462 	EXP 	B: height = np.float64(42.0)
1244.0462 	EXP 	B: height = np.float64(42.0)
1244.0462 	EXP 	B: text = 4
1244.0462 	EXP 	img: autoDraw = True
1244.0462 	EXP 	Instructions: autoDraw = True
1244.0462 	EXP 	RBGInfo: autoDraw = True
1244.0462 	EXP 	R: autoDraw = True
1244.0462 	EXP 	G: autoDraw = True
1244.0462 	EXP 	B: autoDraw = True
1249.8049 	DATA 	Mouse: Left button down, pos=(1600,399)
1249.8133 	EXP 	img: autoDraw = False
1249.8133 	EXP 	Instructions: autoDraw = False
1249.8133 	EXP 	RBGInfo: autoDraw = False
1249.8133 	EXP 	R: autoDraw = False
1249.8133 	EXP 	G: autoDraw = False
1249.8133 	EXP 	B: autoDraw = False
1249.8133 	EXP 	text_8: autoDraw = True
1250.0158 	DATA 	Mouse:  Left button up, pos=(1600,399)
1250.1781 	EXP 	text_8: autoDraw = False
1250.1781 	EXP 	text_8: autoDraw = False
1250.1781 	EXP 	slider: markerPos = None
1250.1781 	EXP 	slider: markerPos = 1
1250.1781 	EXP 	slider: autoDraw = True
1250.1781 	EXP 	text_9: autoDraw = True
1250.1781 	EXP 	text_answer: autoDraw = True
1251.9185 	DATA 	Mouse: Left button down, pos=(1398,610)
1251.9445 	EXP 	slider: markerPos = np.float64(4.952)
1251.9653 	EXP 	slider: markerPos = np.float64(4.952)
1251.9949 	EXP 	slider: markerPos = np.float64(4.952)
1252.0140 	EXP 	slider: markerPos = np.float64(4.952)
1252.0451 	EXP 	slider: markerPos = np.float64(4.952)
1252.0779 	EXP 	slider: markerPos = np.float64(4.952)
1252.0990 	EXP 	slider: markerPos = np.float64(4.952)
1252.1277 	EXP 	slider: markerPos = np.float64(4.952)
1252.1477 	EXP 	slider: markerPos = np.float64(4.952)
1252.1487 	DATA 	Mouse:  Left button up, pos=(1398,610)
1252.1633 	EXP 	slider: markerPos = 5.0
1253.2555 	DATA 	Mouse: Left button down, pos=(1001,257)
1253.2983 	EXP 	slider: autoDraw = False
1253.2983 	EXP 	text_9: autoDraw = False
1253.2983 	EXP 	text_answer: autoDraw = False
1253.2983 	EXP 	text_8: autoDraw = True
1253.4820 	DATA 	Mouse:  Left button up, pos=(1001,257)
1253.6619 	INFO 	Keyboard events cleared
1253.6617 	EXP 	text_8: autoDraw = False
1253.6617 	EXP 	corrColor_2: height = np.float64(56.0)
1253.6617 	EXP 	corrColor_2: height = np.float64(56.0)
1253.6617 	EXP 	corrColor_2: height = np.float64(56.0)
1253.6617 	EXP 	corrColor_2: text = 'Green'
1253.6617 	EXP 	R_2: height = np.float64(42.0)
1253.6617 	EXP 	R_2: height = np.float64(42.0)
1253.6617 	EXP 	R_2: height = np.float64(42.0)
1253.6617 	EXP 	R_2: text = 0
1253.6617 	EXP 	G_2: height = np.float64(42.0)
1253.6617 	EXP 	G_2: height = np.float64(42.0)
1253.6617 	EXP 	G_2: height = np.float64(42.0)
1253.6617 	EXP 	G_2: text = 98
1253.6617 	EXP 	B_2: height = np.float64(42.0)
1253.6617 	EXP 	B_2: height = np.float64(42.0)
1253.6617 	EXP 	B_2: height = np.float64(42.0)
1253.6617 	EXP 	B_2: text = 4
1253.6617 	EXP 	BaselineOverrideInfo: text = 'If you are exhausted from the experiment, press "P" to end it after this screen.\nOtherwise, please continue.'
1253.6617 	EXP 	correctAnswer: autoDraw = True
1253.6617 	EXP 	RBGInfo_2: autoDraw = True
1253.6617 	EXP 	R_2: autoDraw = True
1253.6617 	EXP 	G_2: autoDraw = True
1253.6617 	EXP 	B_2: autoDraw = True
1253.6617 	EXP 	BaselineOverrideInfo: autoDraw = True
1254.2658 	DATA 	Mouse: Left button down, pos=(1001,257)
1254.2812 	EXP 	correctAnswer: autoDraw = False
1254.2812 	EXP 	wrongAnswer: autoDraw = False
1254.2812 	EXP 	corrColor_2: autoDraw = False
1254.2812 	EXP 	RBGInfo_2: autoDraw = False
1254.2812 	EXP 	R_2: autoDraw = False
1254.2812 	EXP 	G_2: autoDraw = False
1254.2812 	EXP 	B_2: autoDraw = False
1254.2812 	EXP 	BaselineOverrideInfo: autoDraw = False
1254.2812 	EXP 	text_11: autoDraw = True
1254.4816 	DATA 	Mouse:  Left button up, pos=(1001,257)
1254.6156 	EXP 	New trial (rep=1, index=7): <Trial 67 (7 in rep 1) data={'folder': '01-1', 'image': '020_Blue.jpg', 'logical': True, 'corrColor': 'Blue', 'corrR': 0, 'corrG': 6, 'corrB': 100, 'image_path': '01-1/020_Blue_0.png', 'thisN': 67, 'thisTrialN': 7, 'thisRepN': 1}>
1254.6957 	EXP 	text_11: autoDraw = False
1254.6957 	EXP 	text_11: autoDraw = False
1254.6957 	EXP 	img: foreColor = <psychopy.colors.Color: white, alpha=1.0>
1254.6957 	EXP 	img: ori = np.float64(0.0)
1254.6957 	EXP 	Instructions: text = 'Click the spacebar to shuffle through the filters to recognize the color.\nPress the button of the color you think it corresponds to.'
1254.6957 	EXP 	R: height = np.float64(42.0)
1254.6957 	EXP 	R: height = np.float64(42.0)
1254.6957 	EXP 	R: height = np.float64(42.0)
1254.6957 	EXP 	R: text = 0
1254.6957 	EXP 	G: height = np.float64(42.0)
1254.6957 	EXP 	G: height = np.float64(42.0)
1254.6957 	EXP 	G: height = np.float64(42.0)
1254.6957 	EXP 	G: text = 6
1254.6957 	EXP 	B: height = np.float64(42.0)
1254.6957 	EXP 	B: height = np.float64(42.0)
1254.6957 	EXP 	B: height = np.float64(42.0)
1254.6957 	EXP 	B: text = 100
1254.6957 	EXP 	img: autoDraw = True
1254.6957 	EXP 	Instructions: autoDraw = True
1254.6957 	EXP 	RBGInfo: autoDraw = True
1254.6957 	EXP 	R: autoDraw = True
1254.6957 	EXP 	G: autoDraw = True
1254.6957 	EXP 	B: autoDraw = True
1259.4491 	DATA 	Mouse: Left button down, pos=(1614,654)
1259.4620 	EXP 	img: autoDraw = False
1259.4620 	EXP 	Instructions: autoDraw = False
1259.4620 	EXP 	RBGInfo: autoDraw = False
1259.4620 	EXP 	R: autoDraw = False
1259.4620 	EXP 	G: autoDraw = False
1259.4620 	EXP 	B: autoDraw = False
1259.4620 	EXP 	text_8: autoDraw = True
1259.6493 	DATA 	Mouse:  Left button up, pos=(1614,654)
1259.8280 	EXP 	text_8: autoDraw = False
1259.8280 	EXP 	text_8: autoDraw = False
1259.8280 	EXP 	slider: markerPos = None
1259.8280 	EXP 	slider: markerPos = 1
1259.8280 	EXP 	slider: autoDraw = True
1259.8280 	EXP 	text_9: autoDraw = True
1259.8280 	EXP 	text_answer: autoDraw = True
1261.2132 	DATA 	Mouse: Left button down, pos=(1397,603)
1261.2443 	EXP 	slider: markerPos = np.float64(4.948)
1261.2636 	EXP 	slider: markerPos = np.float64(4.948)
1261.2946 	EXP 	slider: markerPos = np.float64(4.948)
1261.3278 	EXP 	slider: markerPos = np.float64(4.948)
1261.3609 	EXP 	slider: markerPos = np.float64(4.948)
1261.3944 	EXP 	slider: markerPos = np.float64(4.948)
1261.4279 	EXP 	slider: markerPos = np.float64(4.948)
1261.4434 	DATA 	Mouse:  Left button up, pos=(1397,603)
1261.4606 	EXP 	slider: markerPos = np.float64(4.948)
1261.4803 	EXP 	slider: markerPos = 5.0
1262.9650 	DATA 	Mouse: Left button down, pos=(1003,255)
1262.9796 	EXP 	slider: autoDraw = False
1262.9796 	EXP 	text_9: autoDraw = False
1262.9796 	EXP 	text_answer: autoDraw = False
1262.9796 	EXP 	text_8: autoDraw = True
1263.1807 	DATA 	Mouse:  Left button up, pos=(1003,255)
1263.3449 	INFO 	Keyboard events cleared
1263.3447 	EXP 	text_8: autoDraw = False
1263.3447 	EXP 	text_8: autoDraw = False
1263.3447 	EXP 	corrColor_2: height = np.float64(56.0)
1263.3447 	EXP 	corrColor_2: height = np.float64(56.0)
1263.3447 	EXP 	corrColor_2: height = np.float64(56.0)
1263.3447 	EXP 	corrColor_2: text = 'Blue'
1263.3447 	EXP 	R_2: height = np.float64(42.0)
1263.3447 	EXP 	R_2: height = np.float64(42.0)
1263.3447 	EXP 	R_2: height = np.float64(42.0)
1263.3447 	EXP 	R_2: text = 0
1263.3447 	EXP 	G_2: height = np.float64(42.0)
1263.3447 	EXP 	G_2: height = np.float64(42.0)
1263.3447 	EXP 	G_2: height = np.float64(42.0)
1263.3447 	EXP 	G_2: text = 6
1263.3447 	EXP 	B_2: height = np.float64(42.0)
1263.3447 	EXP 	B_2: height = np.float64(42.0)
1263.3447 	EXP 	B_2: height = np.float64(42.0)
1263.3447 	EXP 	B_2: text = 100
1263.3447 	EXP 	BaselineOverrideInfo: text = 'If you are exhausted from the experiment, press "P" to end it after this screen.\nOtherwise, please continue.'
1263.3447 	EXP 	correctAnswer: autoDraw = True
1263.3447 	EXP 	RBGInfo_2: autoDraw = True
1263.3447 	EXP 	R_2: autoDraw = True
1263.3447 	EXP 	G_2: autoDraw = True
1263.3447 	EXP 	B_2: autoDraw = True
1263.3447 	EXP 	BaselineOverrideInfo: autoDraw = True
1264.0871 	DATA 	Mouse: Left button down, pos=(1003,255)
1264.1311 	EXP 	correctAnswer: autoDraw = False
1264.1311 	EXP 	wrongAnswer: autoDraw = False
1264.1311 	EXP 	corrColor_2: autoDraw = False
1264.1311 	EXP 	RBGInfo_2: autoDraw = False
1264.1311 	EXP 	R_2: autoDraw = False
1264.1311 	EXP 	G_2: autoDraw = False
1264.1311 	EXP 	B_2: autoDraw = False
1264.1311 	EXP 	BaselineOverrideInfo: autoDraw = False
1264.1311 	EXP 	text_11: autoDraw = True
1264.3158 	DATA 	Mouse:  Left button up, pos=(1003,255)
1264.4795 	EXP 	New trial (rep=1, index=8): <Trial 68 (8 in rep 1) data={'folder': '01-1', 'image': '025_Cyan.jpg', 'logical': True, 'corrColor': 'Cyan', 'corrR': 7, 'corrG': 100, 'corrB': 99, 'image_path': '01-1/025_Cyan_0.png', 'thisN': 68, 'thisTrialN': 8, 'thisRepN': 1}>
1264.5458 	EXP 	text_11: autoDraw = False
1264.5458 	EXP 	img: foreColor = <psychopy.colors.Color: white, alpha=1.0>
1264.5458 	EXP 	img: ori = np.float64(0.0)
1264.5458 	EXP 	Instructions: text = 'Click the spacebar to shuffle through the filters to recognize the color.\nPress the button of the color you think it corresponds to.'
1264.5458 	EXP 	R: height = np.float64(42.0)
1264.5458 	EXP 	R: height = np.float64(42.0)
1264.5458 	EXP 	R: height = np.float64(42.0)
1264.5458 	EXP 	R: text = 7
1264.5458 	EXP 	G: height = np.float64(42.0)
1264.5458 	EXP 	G: height = np.float64(42.0)
1264.5458 	EXP 	G: height = np.float64(42.0)
1264.5458 	EXP 	G: text = 100
1264.5458 	EXP 	B: height = np.float64(42.0)
1264.5458 	EXP 	B: height = np.float64(42.0)
1264.5458 	EXP 	B: height = np.float64(42.0)
1264.5458 	EXP 	B: text = 99
1264.5458 	EXP 	img: autoDraw = True
1264.5458 	EXP 	Instructions: autoDraw = True
1264.5458 	EXP 	RBGInfo: autoDraw = True
1264.5458 	EXP 	R: autoDraw = True
1264.5458 	EXP 	G: autoDraw = True
1264.5458 	EXP 	B: autoDraw = True
1331.5690 	DATA 	Mouse: Left button down, pos=(1602,455)
1331.5761 	EXP 	img: autoDraw = False
1331.5761 	EXP 	Instructions: autoDraw = False
1331.5761 	EXP 	RBGInfo: autoDraw = False
1331.5761 	EXP 	R: autoDraw = False
1331.5761 	EXP 	G: autoDraw = False
1331.5761 	EXP 	B: autoDraw = False
1331.5761 	EXP 	text_8: autoDraw = True
1331.7794 	DATA 	Mouse:  Left button up, pos=(1602,455)
1331.9415 	EXP 	text_8: autoDraw = False
1331.9415 	EXP 	text_8: autoDraw = False
1331.9415 	EXP 	slider: markerPos = None
1331.9415 	EXP 	slider: markerPos = 1
1331.9415 	EXP 	slider: autoDraw = True
1331.9415 	EXP 	text_9: autoDraw = True
1331.9415 	EXP 	text_answer: autoDraw = True
1333.3568 	DATA 	Mouse: Left button down, pos=(1403,568)
1333.3937 	EXP 	slider: markerPos = np.float64(4.9719999999999995)
1333.4250 	EXP 	slider: markerPos = np.float64(4.9719999999999995)
1333.4450 	EXP 	slider: markerPos = np.float64(4.9719999999999995)
1333.4750 	EXP 	slider: markerPos = np.float64(4.9719999999999995)
1333.5085 	EXP 	slider: markerPos = np.float64(4.9719999999999995)
1333.5414 	EXP 	slider: markerPos = np.float64(4.9719999999999995)
1333.5624 	EXP 	slider: markerPos = np.float64(4.9719999999999995)
1333.5747 	DATA 	Mouse:  Left button up, pos=(1403,568)
1333.5921 	EXP 	slider: markerPos = np.float64(4.9719999999999995)
1333.6116 	EXP 	slider: markerPos = 5.0
1334.8758 	DATA 	Mouse: Left button down, pos=(1029,236)
1334.8948 	EXP 	slider: autoDraw = False
1334.8948 	EXP 	text_9: autoDraw = False
1334.8948 	EXP 	text_answer: autoDraw = False
1334.8948 	EXP 	text_8: autoDraw = True
1335.0958 	DATA 	Mouse:  Left button up, pos=(1029,236)
1335.2582 	INFO 	Keyboard events cleared
1335.2580 	EXP 	text_8: autoDraw = False
1335.2580 	EXP 	text_8: autoDraw = False
1335.2580 	EXP 	corrColor_2: height = np.float64(56.0)
1335.2580 	EXP 	corrColor_2: height = np.float64(56.0)
1335.2580 	EXP 	corrColor_2: height = np.float64(56.0)
1335.2580 	EXP 	corrColor_2: text = 'Cyan'
1335.2580 	EXP 	R_2: height = np.float64(42.0)
1335.2580 	EXP 	R_2: height = np.float64(42.0)
1335.2580 	EXP 	R_2: height = np.float64(42.0)
1335.2580 	EXP 	R_2: text = 7
1335.2580 	EXP 	G_2: height = np.float64(42.0)
1335.2580 	EXP 	G_2: height = np.float64(42.0)
1335.2580 	EXP 	G_2: height = np.float64(42.0)
1335.2580 	EXP 	G_2: text = 100
1335.2580 	EXP 	B_2: height = np.float64(42.0)
1335.2580 	EXP 	B_2: height = np.float64(42.0)
1335.2580 	EXP 	B_2: height = np.float64(42.0)
1335.2580 	EXP 	B_2: text = 99
1335.2580 	EXP 	BaselineOverrideInfo: text = 'If you are exhausted from the experiment, press "P" to end it after this screen.\nOtherwise, please continue.'
1335.2580 	EXP 	correctAnswer: autoDraw = True
1335.2580 	EXP 	RBGInfo_2: autoDraw = True
1335.2580 	EXP 	R_2: autoDraw = True
1335.2580 	EXP 	G_2: autoDraw = True
1335.2580 	EXP 	B_2: autoDraw = True
1335.2580 	EXP 	BaselineOverrideInfo: autoDraw = True
1336.1338 	DATA 	Mouse: Left button down, pos=(1029,236)
1336.1606 	EXP 	correctAnswer: autoDraw = False
1336.1606 	EXP 	wrongAnswer: autoDraw = False
1336.1606 	EXP 	corrColor_2: autoDraw = False
1336.1606 	EXP 	RBGInfo_2: autoDraw = False
1336.1606 	EXP 	R_2: autoDraw = False
1336.1606 	EXP 	G_2: autoDraw = False
1336.1606 	EXP 	B_2: autoDraw = False
1336.1606 	EXP 	BaselineOverrideInfo: autoDraw = False
1336.1606 	EXP 	text_11: autoDraw = True
1336.3624 	DATA 	Mouse:  Left button up, pos=(1029,236)
1336.4950 	EXP 	New trial (rep=1, index=9): <Trial 69 (9 in rep 1) data={'folder': '01-1', 'image': '011_Red.jpg', 'logical': True, 'corrColor': 'Red', 'corrR': 100, 'corrG': 0, 'corrB': 12, 'image_path': '01-1/011_Red_0.png', 'thisN': 69, 'thisTrialN': 9, 'thisRepN': 1}>
1336.5757 	EXP 	text_11: autoDraw = False
1336.5757 	EXP 	text_11: autoDraw = False
1336.5757 	EXP 	img: foreColor = <psychopy.colors.Color: white, alpha=1.0>
1336.5757 	EXP 	img: ori = np.float64(0.0)
1336.5757 	EXP 	Instructions: text = 'Click the spacebar to shuffle through the filters to recognize the color.\nPress the button of the color you think it corresponds to.'
1336.5757 	EXP 	R: height = np.float64(42.0)
1336.5757 	EXP 	R: height = np.float64(42.0)
1336.5757 	EXP 	R: height = np.float64(42.0)
1336.5757 	EXP 	R: text = 100
1336.5757 	EXP 	G: height = np.float64(42.0)
1336.5757 	EXP 	G: height = np.float64(42.0)
1336.5757 	EXP 	G: height = np.float64(42.0)
1336.5757 	EXP 	G: text = 0
1336.5757 	EXP 	B: height = np.float64(42.0)
1336.5757 	EXP 	B: height = np.float64(42.0)
1336.5757 	EXP 	B: height = np.float64(42.0)
1336.5757 	EXP 	B: text = 12
1336.5757 	EXP 	img: autoDraw = True
1336.5757 	EXP 	Instructions: autoDraw = True
1336.5757 	EXP 	RBGInfo: autoDraw = True
1336.5757 	EXP 	R: autoDraw = True
1336.5757 	EXP 	G: autoDraw = True
1336.5757 	EXP 	B: autoDraw = True
1344.9076 	DATA 	Mouse: Left button down, pos=(1630,336)
1344.9265 	EXP 	img: autoDraw = False
1344.9265 	EXP 	Instructions: autoDraw = False
1344.9265 	EXP 	RBGInfo: autoDraw = False
1344.9265 	EXP 	R: autoDraw = False
1344.9265 	EXP 	G: autoDraw = False
1344.9265 	EXP 	B: autoDraw = False
1344.9265 	EXP 	text_8: autoDraw = True
1345.0791 	DATA 	Mouse:  Left button up, pos=(1630,336)
1345.2917 	EXP 	text_8: autoDraw = False
1345.2917 	EXP 	slider: markerPos = None
1345.2917 	EXP 	slider: markerPos = 1
1345.2917 	EXP 	slider: autoDraw = True
1345.2917 	EXP 	text_9: autoDraw = True
1345.2917 	EXP 	text_answer: autoDraw = True
1347.0350 	DATA 	Mouse: Left button down, pos=(1395,584)
1347.0599 	EXP 	slider: markerPos = np.float64(4.9399999999999995)
1347.0771 	EXP 	slider: markerPos = np.float64(4.9399999999999995)
1347.0932 	EXP 	slider: markerPos = np.float64(4.9399999999999995)
1347.1243 	EXP 	slider: markerPos = np.float64(4.9399999999999995)
1347.1576 	EXP 	slider: markerPos = np.float64(4.9399999999999995)
1347.1911 	EXP 	slider: markerPos = np.float64(4.9399999999999995)
1347.2113 	EXP 	slider: markerPos = np.float64(4.9399999999999995)
1347.2408 	EXP 	slider: markerPos = np.float64(4.9399999999999995)
1347.2511 	DATA 	Mouse:  Left button up, pos=(1395,584)
1347.2606 	EXP 	slider: markerPos = np.float64(4.9399999999999995)
1347.2911 	EXP 	slider: markerPos = 5.0
1348.5756 	DATA 	Mouse: Left button down, pos=(1063,261)
1348.5953 	EXP 	slider: autoDraw = False
1348.5953 	EXP 	text_9: autoDraw = False
1348.5953 	EXP 	text_answer: autoDraw = False
1348.5953 	EXP 	text_8: autoDraw = True
1348.7950 	DATA 	Mouse:  Left button up, pos=(1063,261)
1348.9601 	INFO 	Keyboard events cleared
1348.9600 	EXP 	text_8: autoDraw = False
1348.9600 	EXP 	corrColor_2: height = np.float64(56.0)
1348.9600 	EXP 	corrColor_2: height = np.float64(56.0)
1348.9600 	EXP 	corrColor_2: height = np.float64(56.0)
1348.9600 	EXP 	corrColor_2: text = 'Red'
1348.9600 	EXP 	R_2: height = np.float64(42.0)
1348.9600 	EXP 	R_2: height = np.float64(42.0)
1348.9600 	EXP 	R_2: height = np.float64(42.0)
1348.9600 	EXP 	R_2: text = 100
1348.9600 	EXP 	G_2: height = np.float64(42.0)
1348.9600 	EXP 	G_2: height = np.float64(42.0)
1348.9600 	EXP 	G_2: height = np.float64(42.0)
1348.9600 	EXP 	G_2: text = 0
1348.9600 	EXP 	B_2: height = np.float64(42.0)
1348.9600 	EXP 	B_2: height = np.float64(42.0)
1348.9600 	EXP 	B_2: height = np.float64(42.0)
1348.9600 	EXP 	B_2: text = 12
1348.9600 	EXP 	BaselineOverrideInfo: text = 'If you are exhausted from the experiment, press "P" to end it after this screen.\nOtherwise, please continue.'
1348.9600 	EXP 	correctAnswer: autoDraw = True
1348.9600 	EXP 	RBGInfo_2: autoDraw = True
1348.9600 	EXP 	R_2: autoDraw = True
1348.9600 	EXP 	G_2: autoDraw = True
1348.9600 	EXP 	B_2: autoDraw = True
1348.9600 	EXP 	BaselineOverrideInfo: autoDraw = True
1350.0955 	DATA 	Mouse: Left button down, pos=(1063,261)
1350.1103 	EXP 	correctAnswer: autoDraw = False
1350.1103 	EXP 	wrongAnswer: autoDraw = False
1350.1103 	EXP 	corrColor_2: autoDraw = False
1350.1103 	EXP 	RBGInfo_2: autoDraw = False
1350.1103 	EXP 	R_2: autoDraw = False
1350.1103 	EXP 	G_2: autoDraw = False
1350.1103 	EXP 	B_2: autoDraw = False
1350.1103 	EXP 	BaselineOverrideInfo: autoDraw = False
1350.1103 	EXP 	text_11: autoDraw = True
1350.3290 	DATA 	Mouse:  Left button up, pos=(1063,261)
1350.4617 	EXP 	New trial (rep=1, index=10): <Trial 70 (10 in rep 1) data={'folder': '01-1', 'image': '017_Red.jpg', 'logical': True, 'corrColor': 'Red', 'corrR': 100, 'corrG': 4, 'corrB': 7, 'image_path': '01-1/017_Red_0.png', 'thisN': 70, 'thisTrialN': 10, 'thisRepN': 1}>
1350.5253 	EXP 	text_11: autoDraw = False
1350.5253 	EXP 	img: foreColor = <psychopy.colors.Color: white, alpha=1.0>
1350.5253 	EXP 	img: ori = np.float64(0.0)
1350.5253 	EXP 	Instructions: text = 'Click the spacebar to shuffle through the filters to recognize the color.\nPress the button of the color you think it corresponds to.'
1350.5253 	EXP 	R: height = np.float64(42.0)
1350.5253 	EXP 	R: height = np.float64(42.0)
1350.5253 	EXP 	R: height = np.float64(42.0)
1350.5253 	EXP 	R: text = 100
1350.5253 	EXP 	G: height = np.float64(42.0)
1350.5253 	EXP 	G: height = np.float64(42.0)
1350.5253 	EXP 	G: height = np.float64(42.0)
1350.5253 	EXP 	G: text = 4
1350.5253 	EXP 	B: height = np.float64(42.0)
1350.5253 	EXP 	B: height = np.float64(42.0)
1350.5253 	EXP 	B: height = np.float64(42.0)
1350.5253 	EXP 	B: text = 7
1350.5253 	EXP 	img: autoDraw = True
1350.5253 	EXP 	Instructions: autoDraw = True
1350.5253 	EXP 	RBGInfo: autoDraw = True
1350.5253 	EXP 	R: autoDraw = True
1350.5253 	EXP 	G: autoDraw = True
1350.5253 	EXP 	B: autoDraw = True
1354.2389 	DATA 	Mouse: Left button down, pos=(1623,336)
1354.2585 	EXP 	img: autoDraw = False
1354.2585 	EXP 	Instructions: autoDraw = False
1354.2585 	EXP 	RBGInfo: autoDraw = False
1354.2585 	EXP 	R: autoDraw = False
1354.2585 	EXP 	G: autoDraw = False
1354.2585 	EXP 	B: autoDraw = False
1354.2585 	EXP 	text_8: autoDraw = True
1354.4442 	DATA 	Mouse:  Left button up, pos=(1623,336)
1354.6246 	EXP 	text_8: autoDraw = False
1354.6246 	EXP 	slider: markerPos = None
1354.6246 	EXP 	slider: markerPos = 1
1354.6246 	EXP 	slider: autoDraw = True
1354.6246 	EXP 	text_9: autoDraw = True
1354.6246 	EXP 	text_answer: autoDraw = True
1355.8786 	DATA 	Mouse: Left button down, pos=(1397,603)
1355.9073 	EXP 	slider: markerPos = np.float64(4.948)
1355.9262 	EXP 	slider: markerPos = np.float64(4.948)
1355.9570 	EXP 	slider: markerPos = np.float64(4.948)
1355.9768 	EXP 	slider: markerPos = np.float64(4.948)
1356.0070 	EXP 	slider: markerPos = np.float64(4.948)
1356.0278 	EXP 	slider: markerPos = np.float64(4.948)
1356.0576 	EXP 	slider: markerPos = np.float64(4.948)
1356.0771 	EXP 	slider: markerPos = np.float64(4.948)
1356.0864 	DATA 	Mouse:  Left button up, pos=(1397,603)
1356.1074 	EXP 	slider: markerPos = np.float64(4.948)
1356.1276 	EXP 	slider: markerPos = 5.0
1357.0472 	DATA 	Mouse: Left button down, pos=(1041,245)
1357.0596 	EXP 	slider: autoDraw = False
1357.0596 	EXP 	text_9: autoDraw = False
1357.0596 	EXP 	text_answer: autoDraw = False
1357.0596 	EXP 	text_8: autoDraw = True
1357.2614 	DATA 	Mouse:  Left button up, pos=(1041,245)
1357.4245 	INFO 	Keyboard events cleared
1357.4243 	EXP 	text_8: autoDraw = False
1357.4243 	EXP 	text_8: autoDraw = False
1357.4243 	EXP 	corrColor_2: text = 'Red'
1357.4243 	EXP 	R_2: height = np.float64(42.0)
1357.4243 	EXP 	R_2: height = np.float64(42.0)
1357.4243 	EXP 	R_2: height = np.float64(42.0)
1357.4243 	EXP 	R_2: text = 100
1357.4243 	EXP 	G_2: height = np.float64(42.0)
1357.4243 	EXP 	G_2: height = np.float64(42.0)
1357.4243 	EXP 	G_2: height = np.float64(42.0)
1357.4243 	EXP 	G_2: text = 4
1357.4243 	EXP 	B_2: height = np.float64(42.0)
1357.4243 	EXP 	B_2: height = np.float64(42.0)
1357.4243 	EXP 	B_2: height = np.float64(42.0)
1357.4243 	EXP 	B_2: text = 7
1357.4243 	EXP 	BaselineOverrideInfo: text = 'If you are exhausted from the experiment, press "P" to end it after this screen.\nOtherwise, please continue.'
1357.4243 	EXP 	correctAnswer: autoDraw = True
1357.4243 	EXP 	RBGInfo_2: autoDraw = True
1357.4243 	EXP 	R_2: autoDraw = True
1357.4243 	EXP 	G_2: autoDraw = True
1357.4243 	EXP 	B_2: autoDraw = True
1357.4243 	EXP 	BaselineOverrideInfo: autoDraw = True
1358.0463 	DATA 	Mouse: Left button down, pos=(1041,245)
1358.0601 	EXP 	correctAnswer: autoDraw = False
1358.0601 	EXP 	wrongAnswer: autoDraw = False
1358.0601 	EXP 	corrColor_2: autoDraw = False
1358.0601 	EXP 	RBGInfo_2: autoDraw = False
1358.0601 	EXP 	R_2: autoDraw = False
1358.0601 	EXP 	G_2: autoDraw = False
1358.0601 	EXP 	B_2: autoDraw = False
1358.0601 	EXP 	BaselineOverrideInfo: autoDraw = False
1358.0601 	EXP 	text_11: autoDraw = True
1358.2607 	DATA 	Mouse:  Left button up, pos=(1041,245)
1358.3936 	EXP 	New trial (rep=1, index=11): <Trial 71 (11 in rep 1) data={'folder': '01-1', 'image': '016_Yellow.jpg', 'logical': True, 'corrColor': 'Yellow', 'corrR': 98, 'corrG': 100, 'corrB': 11, 'image_path': '01-1/016_Yellow_0.png', 'thisN': 71, 'thisTrialN': 11, 'thisRepN': 1}>
1358.4758 	EXP 	text_11: autoDraw = False
1358.4758 	EXP 	text_11: autoDraw = False
1358.4758 	EXP 	img: foreColor = <psychopy.colors.Color: white, alpha=1.0>
1358.4758 	EXP 	img: ori = np.float64(0.0)
1358.4758 	EXP 	Instructions: text = 'Click the spacebar to shuffle through the filters to recognize the color.\nPress the button of the color you think it corresponds to.'
1358.4758 	EXP 	R: height = np.float64(42.0)
1358.4758 	EXP 	R: height = np.float64(42.0)
1358.4758 	EXP 	R: height = np.float64(42.0)
1358.4758 	EXP 	R: text = 98
1358.4758 	EXP 	G: height = np.float64(42.0)
1358.4758 	EXP 	G: height = np.float64(42.0)
1358.4758 	EXP 	G: height = np.float64(42.0)
1358.4758 	EXP 	G: text = 100
1358.4758 	EXP 	B: height = np.float64(42.0)
1358.4758 	EXP 	B: height = np.float64(42.0)
1358.4758 	EXP 	B: height = np.float64(42.0)
1358.4758 	EXP 	B: text = 11
1358.4758 	EXP 	img: autoDraw = True
1358.4758 	EXP 	Instructions: autoDraw = True
1358.4758 	EXP 	RBGInfo: autoDraw = True
1358.4758 	EXP 	R: autoDraw = True
1358.4758 	EXP 	G: autoDraw = True
1358.4758 	EXP 	B: autoDraw = True
1414.7369 	DATA 	Mouse: Left button down, pos=(1630,582)
1414.8393 	EXP 	img: autoDraw = False
1414.8393 	EXP 	Instructions: autoDraw = False
1414.8393 	EXP 	RBGInfo: autoDraw = False
1414.8393 	EXP 	R: autoDraw = False
1414.8393 	EXP 	G: autoDraw = False
1414.8393 	EXP 	B: autoDraw = False
1414.8393 	EXP 	text_8: autoDraw = True
1414.9608 	DATA 	Mouse:  Left button up, pos=(1630,582)
1415.2056 	EXP 	text_8: autoDraw = False
1415.2056 	EXP 	slider: markerPos = None
1415.2056 	EXP 	slider: markerPos = 1
1415.2056 	EXP 	slider: autoDraw = True
1415.2056 	EXP 	text_9: autoDraw = True
1415.2056 	EXP 	text_answer: autoDraw = True
1416.7562 	DATA 	Mouse: Left button down, pos=(1394,585)
1416.7885 	EXP 	slider: markerPos = np.float64(4.936)
1416.8218 	EXP 	slider: markerPos = np.float64(4.936)
1416.8552 	EXP 	slider: markerPos = np.float64(4.936)
1416.8883 	EXP 	slider: markerPos = np.float64(4.936)
1416.9218 	EXP 	slider: markerPos = np.float64(4.936)
1416.9552 	EXP 	slider: markerPos = np.float64(4.936)
1416.9747 	DATA 	Mouse:  Left button up, pos=(1394,585)
1416.9884 	EXP 	slider: markerPos = np.float64(4.936)
1417.0217 	EXP 	slider: markerPos = 5.0
1418.1727 	DATA 	Mouse: Left button down, pos=(990,279)
1418.1918 	EXP 	slider: autoDraw = False
1418.1918 	EXP 	text_9: autoDraw = False
1418.1918 	EXP 	text_answer: autoDraw = False
1418.1918 	EXP 	text_8: autoDraw = True
1418.3934 	DATA 	Mouse:  Left button up, pos=(990,279)
1418.5552 	INFO 	Keyboard events cleared
1418.5551 	EXP 	text_8: autoDraw = False
1418.5551 	EXP 	corrColor_2: height = np.float64(56.0)
1418.5551 	EXP 	corrColor_2: height = np.float64(56.0)
1418.5551 	EXP 	corrColor_2: height = np.float64(56.0)
1418.5551 	EXP 	corrColor_2: text = 'Yellow'
1418.5551 	EXP 	R_2: height = np.float64(42.0)
1418.5551 	EXP 	R_2: height = np.float64(42.0)
1418.5551 	EXP 	R_2: height = np.float64(42.0)
1418.5551 	EXP 	R_2: text = 98
1418.5551 	EXP 	G_2: height = np.float64(42.0)
1418.5551 	EXP 	G_2: height = np.float64(42.0)
1418.5551 	EXP 	G_2: height = np.float64(42.0)
1418.5551 	EXP 	G_2: text = 100
1418.5551 	EXP 	B_2: height = np.float64(42.0)
1418.5551 	EXP 	B_2: height = np.float64(42.0)
1418.5551 	EXP 	B_2: height = np.float64(42.0)
1418.5551 	EXP 	B_2: text = 11
1418.5551 	EXP 	BaselineOverrideInfo: text = 'If you are exhausted from the experiment, press "P" to end it after this screen.\nOtherwise, please continue.'
1418.5551 	EXP 	correctAnswer: autoDraw = True
1418.5551 	EXP 	RBGInfo_2: autoDraw = True
1418.5551 	EXP 	R_2: autoDraw = True
1418.5551 	EXP 	G_2: autoDraw = True
1418.5551 	EXP 	B_2: autoDraw = True
1418.5551 	EXP 	BaselineOverrideInfo: autoDraw = True
1426.4247 	DATA 	Keypress: p
1426.4253 	EXP 	Device response: <KeyPress from None: t=1426.4160656000022, value=p, duration=None>
1426.5099 	EXP 	Device response: <KeyPress from None: t=1426.4160656000022, value=p, duration=0.07952810009010136>
1437.7290 	DATA 	Mouse: Left button down, pos=(1017,264)
1437.7558 	EXP 	correctAnswer: autoDraw = False
1437.7558 	EXP 	wrongAnswer: autoDraw = False
1437.7558 	EXP 	corrColor_2: autoDraw = False
1437.7558 	EXP 	RBGInfo_2: autoDraw = False
1437.7558 	EXP 	R_2: autoDraw = False
1437.7558 	EXP 	G_2: autoDraw = False
1437.7558 	EXP 	B_2: autoDraw = False
1437.7558 	EXP 	BaselineOverrideInfo: autoDraw = False
1437.7558 	EXP 	text_11: autoDraw = True
1437.9575 	DATA 	Mouse:  Left button up, pos=(1017,264)
1438.0899 	EXP 	New trial (rep=1, index=12): <Trial 72 (12 in rep 1) data={'folder': '01-1', 'image': '012_Green.jpg', 'logical': True, 'corrColor': 'Green', 'corrR': 3, 'corrG': 94, 'corrB': 4, 'image_path': '01-1/012_Green_0.png', 'thisN': 72, 'thisTrialN': 12, 'thisRepN': 1}>
1438.1205 	EXP 	text_11: autoDraw = False
1438.1205 	EXP 	text_11: autoDraw = False
1438.1205 	EXP 	img: foreColor = <psychopy.colors.Color: white, alpha=1.0>
1438.1205 	EXP 	img: ori = np.float64(0.0)
1438.1205 	EXP 	Instructions: text = 'Click the spacebar to shuffle through the filters to recognize the color.\nPress the button of the color you think it corresponds to.'
1438.1205 	EXP 	R: height = np.float64(42.0)
1438.1205 	EXP 	R: height = np.float64(42.0)
1438.1205 	EXP 	R: height = np.float64(42.0)
1438.1205 	EXP 	R: text = 3
1438.1205 	EXP 	G: height = np.float64(42.0)
1438.1205 	EXP 	G: height = np.float64(42.0)
1438.1205 	EXP 	G: height = np.float64(42.0)
1438.1205 	EXP 	G: text = 94
1438.1205 	EXP 	B: height = np.float64(42.0)
1438.1205 	EXP 	B: height = np.float64(42.0)
1438.1205 	EXP 	B: height = np.float64(42.0)
1438.1205 	EXP 	B: text = 4
1438.1205 	EXP 	img: autoDraw = False
1438.1205 	EXP 	Instructions: autoDraw = False
1438.1205 	EXP 	RBGInfo: autoDraw = False
1438.1205 	EXP 	R: autoDraw = False
1438.1205 	EXP 	G: autoDraw = False
1438.1205 	EXP 	B: autoDraw = False
1438.1205 	EXP 	text_8: autoDraw = False
1438.1205 	EXP 	slider: markerPos = None
1438.1205 	EXP 	slider: markerPos = 1
1438.1205 	EXP 	slider: autoDraw = False
1438.1205 	EXP 	text_9: autoDraw = False
1438.1205 	EXP 	text_answer: autoDraw = False
1438.1205 	EXP 	text_8: autoDraw = False
1438.1205 	EXP 	corrColor_2: height = np.float64(56.0)
1438.1205 	EXP 	corrColor_2: height = np.float64(56.0)
1438.1205 	EXP 	corrColor_2: height = np.float64(56.0)
1438.1205 	EXP 	corrColor_2: text = 'Green'
1438.1205 	EXP 	R_2: height = np.float64(42.0)
1438.1205 	EXP 	R_2: height = np.float64(42.0)
1438.1205 	EXP 	R_2: height = np.float64(42.0)
1438.1205 	EXP 	R_2: text = 3
1438.1205 	EXP 	G_2: height = np.float64(42.0)
1438.1205 	EXP 	G_2: height = np.float64(42.0)
1438.1205 	EXP 	G_2: height = np.float64(42.0)
1438.1205 	EXP 	G_2: text = 94
1438.1205 	EXP 	B_2: height = np.float64(42.0)
1438.1205 	EXP 	B_2: height = np.float64(42.0)
1438.1205 	EXP 	B_2: height = np.float64(42.0)
1438.1205 	EXP 	B_2: text = 4
1438.1205 	EXP 	BaselineOverrideInfo: text = 'If you are exhausted from the experiment, press "P" to end it after this screen.\nOtherwise, please continue.'
1438.1205 	EXP 	correctAnswer: autoDraw = False
1438.1205 	EXP 	wrongAnswer: autoDraw = False
1438.1205 	EXP 	corrColor_2: autoDraw = False
1438.1205 	EXP 	RBGInfo_2: autoDraw = False
1438.1205 	EXP 	R_2: autoDraw = False
1438.1205 	EXP 	G_2: autoDraw = False
1438.1205 	EXP 	B_2: autoDraw = False
1438.1205 	EXP 	BaselineOverrideInfo: autoDraw = False
1438.1205 	EXP 	text_11: autoDraw = False
1438.1205 	EXP 	GoodJob: height = np.float64(50.0)
1438.1205 	EXP 	GoodJob: height = np.float64(50.0)
1438.1205 	EXP 	GoodJob: height = np.float64(50.0)
1438.1205 	EXP 	GoodJob: text = 'Good job!\n\nThe experiment will now close.\n\nThank you.'
1438.1205 	EXP 	GoodJob: autoDraw = True
1441.1066 	EXP 	GoodJob: autoDraw = False
1441.1068 	EXP 	Train1: status = STOPPED
1441.1768 	INFO 	saved data to 'c:\\Users\\lille\\NewOneDrive\\OneDrive\\Emilie\\MasterThesisProject\\data\\001_Train1_2026-03-16_19h25.32.779.csv'
1441.1811 	INFO 	saved data to c:\Users\lille\NewOneDrive\OneDrive\Emilie\MasterThesisProject\data\001_Train1_2026-03-16_19h25.32.779.psydat
1441.3776 	WARNING 	Stopping key buffers but this could be dangerous ifother keyboards rely on the same.
