28.0606 	INFO 	Loaded monitor calibration from ['2026_03_13 16:59']
28.5370 	INFO 	Using renderer 'Intel(R) Graphics' for graphics
28.5370 	INFO 	OpenGL version supported by driver is 4..
28.6223 	EXP 	Created window1 = Window(allowGUI=True, allowStencil=False, autoLog=True, backendConf=UNKNOWN, backgroundFit=<method-wrapper '__getattribute__' of attributeSetter object at 0x000001C02B5CF0A0>, backgroundImage=<method-wrapper '__getattribute__' of attributeSetter object at 0x000001C02B5CF040>, bitsMode=UNKNOWN, blendMode='avg', bpc=(8, 8, 8), color=array([0, 0, 0]), colorSpace='rgb', depthBits=8, fullscr=False, gamma=None, gammaErrorPolicy='raise', infoMsg=UNKNOWN, lms=UNKNOWN, monitor=<psychopy.monitors.calibTools.Monitor object at 0x000001C02B67CAC0>, multiSample=False, name='window1', numSamples=2, pos=[np.float64(0.0), np.float64(0.0)], screen=0, size=array([1920, 1200]), stencilBits=0, stereo=False, title='PsychoPy', units='height', useFBO=True, useRetina=False, viewOri=0.0, viewPos=None, viewScale=None, waitBlanking=True, winType='pyglet')
28.6224 	EXP 	window1: backgroundImage = ''
28.6225 	EXP 	window1: backgroundFit = 'none'
29.3368 	EXP 	window1: Attempting to measure frame rate of screen (0) ...
29.3368 	EXP 	window1: recordFrameIntervals = False
29.5135 	EXP 	window1: recordFrameIntervals = True
31.1801 	EXP 	window1: recordFrameIntervals = False
31.1802 	EXP 	Screen (0) actual frame rate measured at 60.11Hz
31.2693 	INFO 	keyboard.Keyboard is using ptb backend.
31.2694 	EXP 	Train2: status = STARTED
31.4447 	EXP 	Created Welcome_info = TextStim(__class__=<class 'psychopy.visual.text.TextStim'>, alignHoriz=method-wrapper(...), alignText='center', alignVert=method-wrapper(...), anchorHoriz='center', anchorVert='center', antialias=True, autoDraw=False, autoLog=True, bold=False, color=array([-1., -1., -1.]), colorSpace='rgb', contrast=1.0, depth=0.0, draggable=False, flipHoriz=False, flipVert=False, font='Arial', fontFiles=[], height=np.float64(42.0), italic=False, languageStyle='LTR', name='Welcome_info', opacity=1, ori=0.0, pos=array([0., 0.]), rgb=UNKNOWN, text=str(...), units='pix', win=Window(...), wrapWidth=1500.0)
31.4639 	EXP 	Created PressEnterToContinue = TextStim(__class__=<class 'psychopy.visual.text.TextStim'>, alignHoriz=method-wrapper(...), alignText='center', alignVert=method-wrapper(...), anchorHoriz='center', anchorVert='center', antialias=True, autoDraw=False, autoLog=True, bold=False, color=array([-1., -1., -1.]), colorSpace='rgb', contrast=1.0, depth=-2.0, draggable=False, flipHoriz=False, flipVert=False, font='Arial', fontFiles=[], height=np.float64(50.0), italic=False, languageStyle='LTR', name='PressEnterToContinue', opacity=1, ori=0.0, pos=array([   0., -400.]), rgb=UNKNOWN, text='Press "Enter" to continue.', units='pix', win=Window(...), wrapWidth=900.0)
31.5039 	EXP 	Created img = ImageStim(__class__=<class 'psychopy.visual.image.ImageStim'>, anchor=('center', 'center'), autoLog=True, color=array([1., 1., 1.]), colorSpace='rgb', contrast=1.0, depth=0.0, draggable=False, flipHoriz=np.False_, flipVert=np.False_, image='default.png', interpolate=True, mask=None, maskParams=None, name='img', opacity=1.0, ori=1.0, pos=array([0., 0.]), size=array([1., 1.]), texRes=128.0, units='pix', win=Window(...))
31.7006 	EXP 	Created Instructions = TextStim(__class__=<class 'psychopy.visual.text.TextStim'>, alignHoriz=method-wrapper(...), alignText='center', alignVert=method-wrapper(...), anchorHoriz='center', anchorVert='center', antialias=True, autoDraw=False, autoLog=True, bold=False, color=array([-1., -1., -1.]), colorSpace='rgb', contrast=1.0, depth=-9.0, draggable=False, flipHoriz=False, flipVert=False, font='Arial', fontFiles=[], height=36.0, italic=False, languageStyle='LTR', name='Instructions', opacity=1, ori=0.0, pos=array([  0., 500.]), rgb=UNKNOWN, text='', units='pix', win=Window(...), wrapWidth=1400.0)
31.7310 	EXP 	Created RBGInfo = TextStim(__class__=<class 'psychopy.visual.text.TextStim'>, alignHoriz=method-wrapper(...), alignText='center', alignVert=method-wrapper(...), anchorHoriz='center', anchorVert='center', antialias=True, autoDraw=False, autoLog=True, bold=False, color=array([-1., -1., -1.]), colorSpace='rgb', contrast=1.0, depth=-11.0, draggable=False, flipHoriz=False, flipVert=False, font='Arial', fontFiles=[], height=np.float64(42.0), italic=False, languageStyle='LTR', name='RBGInfo', opacity=1.0, ori=0.0, pos=array([300., 300.]), rgb=UNKNOWN, text='RGB values: 0-100\n\nR:        G:        B:', units='pix', win=Window(...), wrapWidth=500)
31.7329 	EXP 	Created R = TextStim(__class__=<class 'psychopy.visual.text.TextStim'>, alignHoriz=method-wrapper(...), alignText='center', alignVert=method-wrapper(...), anchorHoriz='center', anchorVert='center', antialias=True, autoDraw=False, autoLog=True, bold=False, color=array([-1., -1., -1.]), colorSpace='rgb', contrast=1.0, depth=-12.0, draggable=False, flipHoriz=False, flipVert=False, font='Arial', fontFiles=[], height=42.0, italic=False, languageStyle='LTR', name='R', opacity=1.0, ori=0.0, pos=array([165., 220.]), rgb=UNKNOWN, text='', units='pix', win=Window(...), wrapWidth=500)
31.7362 	EXP 	Created G = TextStim(__class__=<class 'psychopy.visual.text.TextStim'>, alignHoriz=method-wrapper(...), alignText='center', alignVert=method-wrapper(...), anchorHoriz='center', anchorVert='center', antialias=True, autoDraw=False, autoLog=True, bold=False, color=array([-1., -1., -1.]), colorSpace='rgb', contrast=1.0, depth=-13.0, draggable=False, flipHoriz=False, flipVert=False, font='Arial', fontFiles=[], height=42.0, italic=False, languageStyle='LTR', name='G', opacity=1.0, ori=0.0, pos=array([300., 220.]), rgb=UNKNOWN, text='', units='pix', win=Window(...), wrapWidth=500)
31.7391 	EXP 	Created B = TextStim(__class__=<class 'psychopy.visual.text.TextStim'>, alignHoriz=method-wrapper(...), alignText='center', alignVert=method-wrapper(...), anchorHoriz='center', anchorVert='center', antialias=True, autoDraw=False, autoLog=True, bold=False, color=array([-1., -1., -1.]), colorSpace='rgb', contrast=1.0, depth=-14.0, draggable=False, flipHoriz=False, flipVert=False, font='Arial', fontFiles=[], height=42.0, italic=False, languageStyle='LTR', name='B', opacity=1.0, ori=0.0, pos=array([435., 220.]), rgb=UNKNOWN, text='', units='pix', win=Window(...), wrapWidth=500)
31.7437 	EXP 	Created text_8 = TextStim(__class__=<class 'psychopy.visual.text.TextStim'>, alignHoriz=method-wrapper(...), alignText='center', alignVert=method-wrapper(...), anchorHoriz='center', anchorVert='center', antialias=True, autoDraw=False, autoLog=True, bold=False, color=array([1., 1., 1.]), colorSpace='rgb', contrast=1.0, depth=0.0, draggable=False, flipHoriz=False, flipVert=False, font='Arial', fontFiles=[], height=np.float64(0.05), italic=False, languageStyle='LTR', name='text_8', opacity=1, ori=0.0, pos=array([0., 0.]), rgb=UNKNOWN, text='', units='height', win=Window(...), wrapWidth=1)
32.6099 	EXP 	Created slider = Slider(__class__=<class 'psychopy.visual.slider.Slider'>, autoDraw=False, autoLog=True, borderColor=None, color=None, colorSpace='rgb', depth=0, fillColor=None, flip=False, font='Noto Sans', granularity=1.0, labelColor=None, labelHeight=np.float64(36.0), labelWrapWidth=None, labels=tuple(...), lineColor=None, markerColor=None, name='slider', opacity=None, ori=0.0, pos=array([-50.,   0.]), readOnly=False, self=UNKNOWN, size=array([1000.,  100.]), startValue=1, style='rating', styleTweaks=[], ticks=array([1, 2, 3, 4, 5]), units='pix', win=Window(...))
32.6321 	EXP 	Created text_9 = TextStim(__class__=<class 'psychopy.visual.text.TextStim'>, alignHoriz=method-wrapper(...), alignText='center', alignVert=method-wrapper(...), anchorHoriz='center', anchorVert='center', antialias=True, autoDraw=False, autoLog=True, bold=False, color=array([-1., -1., -1.]), colorSpace='rgb', contrast=1.0, depth=-1.0, draggable=False, flipHoriz=False, flipVert=False, font='Arial', fontFiles=[], height=np.float64(0.05), italic=False, languageStyle='LTR', name='text_9', opacity=1, ori=0.0, pos=array([0.  , 0.25]), rgb=UNKNOWN, text='How confident were you in your choice?', units='height', win=Window(...), wrapWidth=1)
32.6510 	EXP 	Created text_answer = TextStim(__class__=<class 'psychopy.visual.text.TextStim'>, alignHoriz=method-wrapper(...), alignText='center', alignVert=method-wrapper(...), anchorHoriz='center', anchorVert='center', antialias=True, autoDraw=False, autoLog=True, bold=False, color=array([-1., -1., -1.]), colorSpace='rgb', contrast=1.0, depth=-4.0, draggable=False, flipHoriz=False, flipVert=False, font='Arial', fontFiles=[], height=0.05, italic=False, languageStyle='LTR', name='text_answer', opacity=1, ori=0.0, pos=array([0.  , 0.35]), rgb=UNKNOWN, text='', units='height', win=Window(...), wrapWidth=1)
32.7540 	EXP 	Created text_8 = TextStim(__class__=<class 'psychopy.visual.text.TextStim'>, alignHoriz=method-wrapper(...), alignText='center', alignVert=method-wrapper(...), anchorHoriz='center', anchorVert='center', antialias=True, autoDraw=False, autoLog=True, bold=False, color=array([1., 1., 1.]), colorSpace='rgb', contrast=1.0, depth=0.0, draggable=False, flipHoriz=False, flipVert=False, font='Arial', fontFiles=[], height=np.float64(0.05), italic=False, languageStyle='LTR', name='text_8', opacity=1, ori=0.0, pos=array([0., 0.]), rgb=UNKNOWN, text='', units='height', win=Window(...), wrapWidth=1)
32.7738 	EXP 	Created correctAnswer = TextStim(__class__=<class 'psychopy.visual.text.TextStim'>, alignHoriz=method-wrapper(...), alignText='center', alignVert=method-wrapper(...), anchorHoriz='center', anchorVert='center', antialias=True, autoDraw=False, autoLog=True, bold=False, color=array([-1., -1., -1.]), colorSpace='rgb', contrast=1.0, depth=-1.0, draggable=False, flipHoriz=False, flipVert=False, font='Arial', fontFiles=[], height=56.0, italic=False, languageStyle='LTR', name='correctAnswer', opacity=1, ori=0.0, pos=array([   0., -150.]), rgb=UNKNOWN, text='', units='pix', win=Window(...), wrapWidth=500)
32.7750 	EXP 	Created wrongAnswer = TextStim(__class__=<class 'psychopy.visual.text.TextStim'>, alignHoriz=method-wrapper(...), alignText='center', alignVert=method-wrapper(...), anchorHoriz='center', anchorVert='center', antialias=True, autoDraw=False, autoLog=True, bold=False, color=array([-1., -1., -1.]), colorSpace='rgb', contrast=1.0, depth=-2.0, draggable=False, flipHoriz=False, flipVert=False, font='Arial', fontFiles=[], height=56.0, italic=False, languageStyle='LTR', name='wrongAnswer', opacity=1.0, ori=0.0, pos=array([   0., -150.]), rgb=UNKNOWN, text='', units='pix', win=Window(...), wrapWidth=500)
32.7761 	EXP 	Created corrColor_2 = TextStim(__class__=<class 'psychopy.visual.text.TextStim'>, alignHoriz=method-wrapper(...), alignText='center', alignVert=method-wrapper(...), anchorHoriz='center', anchorVert='center', antialias=True, autoDraw=False, autoLog=True, bold=False, color=array([-1., -1., -1.]), colorSpace='rgb', contrast=1.0, depth=-3.0, draggable=False, flipHoriz=False, flipVert=False, font='Arial', fontFiles=[], height=56.0, italic=False, languageStyle='LTR', name='corrColor_2', opacity=1.0, ori=0.0, pos=array([   0., -150.]), rgb=UNKNOWN, text='', units='pix', win=Window(...), wrapWidth=500)
32.8943 	EXP 	Created RBGInfo_2 = TextStim(__class__=<class 'psychopy.visual.text.TextStim'>, alignHoriz=method-wrapper(...), alignText='center', alignVert=method-wrapper(...), anchorHoriz='center', anchorVert='center', antialias=True, autoDraw=False, autoLog=True, bold=False, color=array([-1., -1., -1.]), colorSpace='rgb', contrast=1.0, depth=-10.0, draggable=False, flipHoriz=False, flipVert=False, font='Arial', fontFiles=[], height=np.float64(42.0), italic=False, languageStyle='LTR', name='RBGInfo_2', opacity=1.0, ori=0.0, pos=array([300., 300.]), rgb=UNKNOWN, text='RGB values: 0-100\n\nR:        G:        B:', units='pix', win=Window(...), wrapWidth=500)
32.8956 	EXP 	Created R_2 = TextStim(__class__=<class 'psychopy.visual.text.TextStim'>, alignHoriz=method-wrapper(...), alignText='center', alignVert=method-wrapper(...), anchorHoriz='center', anchorVert='center', antialias=True, autoDraw=False, autoLog=True, bold=False, color=array([-1., -1., -1.]), colorSpace='rgb', contrast=1.0, depth=-11.0, draggable=False, flipHoriz=False, flipVert=False, font='Arial', fontFiles=[], height=42.0, italic=False, languageStyle='LTR', name='R_2', opacity=1.0, ori=0.0, pos=array([165., 220.]), rgb=UNKNOWN, text='', units='pix', win=Window(...), wrapWidth=500)
32.8966 	EXP 	Created G_2 = TextStim(__class__=<class 'psychopy.visual.text.TextStim'>, alignHoriz=method-wrapper(...), alignText='center', alignVert=method-wrapper(...), anchorHoriz='center', anchorVert='center', antialias=True, autoDraw=False, autoLog=True, bold=False, color=array([-1., -1., -1.]), colorSpace='rgb', contrast=1.0, depth=-12.0, draggable=False, flipHoriz=False, flipVert=False, font='Arial', fontFiles=[], height=42.0, italic=False, languageStyle='LTR', name='G_2', opacity=1.0, ori=0.0, pos=array([300., 220.]), rgb=UNKNOWN, text='', units='pix', win=Window(...), wrapWidth=500)
32.8976 	EXP 	Created B_2 = TextStim(__class__=<class 'psychopy.visual.text.TextStim'>, alignHoriz=method-wrapper(...), alignText='center', alignVert=method-wrapper(...), anchorHoriz='center', anchorVert='center', antialias=True, autoDraw=False, autoLog=True, bold=False, color=array([-1., -1., -1.]), colorSpace='rgb', contrast=1.0, depth=-13.0, draggable=False, flipHoriz=False, flipVert=False, font='Arial', fontFiles=[], height=42.0, italic=False, languageStyle='LTR', name='B_2', opacity=1.0, ori=0.0, pos=array([435., 220.]), rgb=UNKNOWN, text='', units='pix', win=Window(...), wrapWidth=500)
32.8992 	EXP 	Created text_11 = TextStim(__class__=<class 'psychopy.visual.text.TextStim'>, alignHoriz=method-wrapper(...), alignText='center', alignVert=method-wrapper(...), anchorHoriz='center', anchorVert='center', antialias=True, autoDraw=False, autoLog=True, bold=False, color=array([1., 1., 1.]), colorSpace='rgb', contrast=1.0, depth=0.0, draggable=False, flipHoriz=False, flipVert=False, font='Arial', fontFiles=[], height=np.float64(0.05), italic=False, languageStyle='LTR', name='text_11', opacity=1, ori=0.0, pos=array([0., 0.]), rgb=UNKNOWN, text='', units='height', win=Window(...), wrapWidth=1)
32.9002 	EXP 	Created GoodJob = TextStim(__class__=<class 'psychopy.visual.text.TextStim'>, alignHoriz=method-wrapper(...), alignText='center', alignVert=method-wrapper(...), anchorHoriz='center', anchorVert='center', antialias=True, autoDraw=False, autoLog=True, bold=False, color=array([-1., -1., -1.]), colorSpace='rgb', contrast=1.0, depth=0.0, draggable=False, flipHoriz=False, flipVert=False, font='Arial', fontFiles=[], height=50.0, italic=False, languageStyle='LTR', name='GoodJob', opacity=1.0, ori=0.0, pos=array([0., 0.]), rgb=UNKNOWN, text='', units='pix', win=Window(...), wrapWidth=500)
0.0080 	EXP 	slider: autoLog = True
0.0080 	EXP 	slider: styleTweaks = []
0.0080 	EXP 	slider: styleTweaks = []
0.0080 	EXP 	slider: styleTweaks = []
0.0080 	EXP 	slider: styleTweaks = []
0.0080 	EXP 	slider: contrast = 1.0
0.0080 	EXP 	slider: markerPos = 1
0.0080 	EXP 	slider: autoLog = True
0.0294 	EXP 	Welcome_info: autoDraw = True
0.8131 	INFO 	Keyboard events cleared
1.0128 	EXP 	PressEnterToContinue: autoDraw = True
1.3324 	DATA 	Keypress: return
1.4903 	EXP 	Device response: <KeyPress from None: t=1.3312088998500258, value=return, duration=None>
1.4905 	EXP 	Device response: <KeyPress from None: t=1.3312088998500258, value=return, duration=0.08932780008763075>
1.5249 	EXP 	Imported ExcelOutputDraft.xlsx as conditions, 60 conditions, 8 params
1.5269 	EXP 	New trial (rep=0, index=0): <Trial 0 (0 in rep 0) data={'folder': '01-1', 'image': '016_Green.jpg', 'logical': True, 'corrColor': 'Green', 'corrR': 9, 'corrG': 100, 'corrB': 4, 'image_path': '01-1/016_Green_0.png', 'thisN': 0, 'thisTrialN': 0, 'thisRepN': 0}>
1.7595 	EXP 	Welcome_info: autoDraw = False
1.7595 	EXP 	PressEnterToContinue: autoDraw = False
1.7595 	EXP 	img: foreColor = <psychopy.colors.Color: white, alpha=1.0>
1.7595 	EXP 	img: ori = np.float64(0.0)
1.7595 	EXP 	Instructions: height = np.float64(36.0)
1.7595 	EXP 	Instructions: height = np.float64(36.0)
1.7595 	EXP 	Instructions: height = np.float64(36.0)
1.7595 	EXP 	Instructions: text = 'Click the spacebar to shuffle through the filters to recognize the color.\nPress the button of the color you think it corresponds to.'
1.7595 	EXP 	R: height = np.float64(42.0)
1.7595 	EXP 	R: height = np.float64(42.0)
1.7595 	EXP 	R: height = np.float64(42.0)
1.7595 	EXP 	R: text = 9
1.7595 	EXP 	G: height = np.float64(42.0)
1.7595 	EXP 	G: height = np.float64(42.0)
1.7595 	EXP 	G: height = np.float64(42.0)
1.7595 	EXP 	G: text = 100
1.7595 	EXP 	B: height = np.float64(42.0)
1.7595 	EXP 	B: height = np.float64(42.0)
1.7595 	EXP 	B: height = np.float64(42.0)
1.7595 	EXP 	B: text = 4
1.7595 	EXP 	img: autoDraw = True
1.7595 	EXP 	Instructions: autoDraw = True
1.7595 	EXP 	RBGInfo: autoDraw = True
1.7595 	EXP 	R: autoDraw = True
1.7595 	EXP 	G: autoDraw = True
1.7595 	EXP 	B: autoDraw = True
2.4583 	DATA 	Keypress: space
2.4596 	EXP 	Device response: <KeyPress from None: t=2.4305022000335157, value=space, duration=None>
2.6441 	EXP 	Device response: <KeyPress from None: t=2.4305022000335157, value=space, duration=0.08899429999291897>
12.4347 	DATA 	Keypress: space
12.4351 	EXP 	Device response: <KeyPress from None: t=12.352269900031388, value=space, duration=None>
12.6200 	EXP 	Device response: <KeyPress from None: t=12.352269900031388, value=space, duration=0.09755790000781417>
18.5179 	DATA 	Keypress: space
18.5208 	EXP 	Device response: <KeyPress from None: t=18.50278320000507, value=space, duration=None>
18.6829 	EXP 	Device response: <KeyPress from None: t=18.50278320000507, value=space, duration=0.10687340004369617>
19.4369 	DATA 	Keypress: space
19.5756 	EXP 	Device response: <KeyPress from None: t=19.434760599862784, value=space, duration=None>
19.5757 	EXP 	Device response: <KeyPress from None: t=19.434760599862784, value=space, duration=0.0886735999956727>
25.0575 	DATA 	Mouse: Left button down, pos=(1637,581)
25.2082 	EXP 	img: autoDraw = False
25.2082 	EXP 	Instructions: autoDraw = False
25.2082 	EXP 	RBGInfo: autoDraw = False
25.2082 	EXP 	R: autoDraw = False
25.2082 	EXP 	G: autoDraw = False
25.2082 	EXP 	B: autoDraw = False
25.2082 	EXP 	text_8: autoDraw = True
25.2300 	DATA 	Mouse:  Left button up, pos=(1637,581)
25.6237 	EXP 	text_8: autoDraw = False
25.6237 	EXP 	text_8: autoDraw = False
25.6237 	EXP 	slider: markerPos = None
25.6237 	EXP 	slider: markerPos = 1
25.6237 	EXP 	slider: autoDraw = True
25.6237 	EXP 	text_9: autoDraw = True
25.6237 	EXP 	text_answer: autoDraw = True
27.5748 	DATA 	Mouse: Left button down, pos=(1175,595)
27.6241 	EXP 	slider: markerPos = np.float64(4.0600000000000005)
27.6572 	EXP 	slider: markerPos = np.float64(4.0600000000000005)
27.6906 	EXP 	slider: markerPos = np.float64(4.0600000000000005)
27.6921 	DATA 	Mouse:  Left button up, pos=(1175,595)
27.7242 	EXP 	slider: markerPos = 4.0
29.3435 	DATA 	Mouse: Left button down, pos=(1049,297)
29.3783 	EXP 	slider: autoDraw = False
29.3783 	EXP 	text_9: autoDraw = False
29.3783 	EXP 	text_answer: autoDraw = False
29.3783 	EXP 	text_8: autoDraw = True
29.4649 	DATA 	Mouse:  Left button up, pos=(1049,297)
29.7912 	INFO 	Keyboard events cleared
29.7909 	EXP 	text_8: autoDraw = False
29.7909 	EXP 	corrColor_2: height = np.float64(56.0)
29.7909 	EXP 	corrColor_2: height = np.float64(56.0)
29.7909 	EXP 	corrColor_2: height = np.float64(56.0)
29.7909 	EXP 	corrColor_2: text = 'Green'
29.7909 	EXP 	R_2: height = np.float64(42.0)
29.7909 	EXP 	R_2: height = np.float64(42.0)
29.7909 	EXP 	R_2: height = np.float64(42.0)
29.7909 	EXP 	R_2: text = 9
29.7909 	EXP 	G_2: height = np.float64(42.0)
29.7909 	EXP 	G_2: height = np.float64(42.0)
29.7909 	EXP 	G_2: height = np.float64(42.0)
29.7909 	EXP 	G_2: text = 100
29.7909 	EXP 	B_2: height = np.float64(42.0)
29.7909 	EXP 	B_2: height = np.float64(42.0)
29.7909 	EXP 	B_2: height = np.float64(42.0)
29.7909 	EXP 	B_2: text = 4
29.7909 	EXP 	wrongAnswer: autoDraw = True
29.7909 	EXP 	corrColor_2: autoDraw = True
29.7909 	EXP 	RBGInfo_2: autoDraw = True
29.7909 	EXP 	R_2: autoDraw = True
29.7909 	EXP 	G_2: autoDraw = True
29.7909 	EXP 	B_2: autoDraw = True
40.8480 	DATA 	Mouse: Left button down, pos=(1597,408)
40.9404 	EXP 	correctAnswer: autoDraw = True
40.9404 	EXP 	wrongAnswer: autoDraw = False
40.9404 	EXP 	corrColor_2: autoDraw = False
40.9669 	DATA 	Mouse:  Left button up, pos=(1597,408)
42.4304 	DATA 	Mouse: Left button down, pos=(1067,282)
42.4435 	EXP 	correctAnswer: autoDraw = False
42.4435 	EXP 	wrongAnswer: autoDraw = False
42.4435 	EXP 	corrColor_2: autoDraw = False
42.4435 	EXP 	RBGInfo_2: autoDraw = False
42.4435 	EXP 	R_2: autoDraw = False
42.4435 	EXP 	G_2: autoDraw = False
42.4435 	EXP 	B_2: autoDraw = False
42.4435 	EXP 	text_11: autoDraw = True
42.5320 	DATA 	Mouse:  Left button up, pos=(1067,282)
42.7783 	EXP 	New trial (rep=0, index=1): <Trial 1 (1 in rep 0) data={'folder': '01-1', 'image': '006_Blue.jpg', 'logical': True, 'corrColor': 'Blue', 'corrR': 2, 'corrG': 6, 'corrB': 100, 'image_path': '01-1/006_Blue_0.png', 'thisN': 1, 'thisTrialN': 1, 'thisRepN': 0}>
42.9747 	EXP 	text_11: autoDraw = False
42.9747 	EXP 	text_11: autoDraw = False
42.9747 	EXP 	img: foreColor = <psychopy.colors.Color: white, alpha=1.0>
42.9747 	EXP 	img: ori = np.float64(0.0)
42.9747 	EXP 	Instructions: text = 'Click the spacebar to shuffle through the filters to recognize the color.\nPress the button of the color you think it corresponds to.'
42.9747 	EXP 	R: height = np.float64(42.0)
42.9747 	EXP 	R: height = np.float64(42.0)
42.9747 	EXP 	R: height = np.float64(42.0)
42.9747 	EXP 	R: text = 2
42.9747 	EXP 	G: height = np.float64(42.0)
42.9747 	EXP 	G: height = np.float64(42.0)
42.9747 	EXP 	G: height = np.float64(42.0)
42.9747 	EXP 	G: text = 6
42.9747 	EXP 	B: height = np.float64(42.0)
42.9747 	EXP 	B: height = np.float64(42.0)
42.9747 	EXP 	B: height = np.float64(42.0)
42.9747 	EXP 	B: text = 100
42.9747 	EXP 	img: autoDraw = True
42.9747 	EXP 	Instructions: autoDraw = True
42.9747 	EXP 	RBGInfo: autoDraw = True
42.9747 	EXP 	R: autoDraw = True
42.9747 	EXP 	G: autoDraw = True
42.9747 	EXP 	B: autoDraw = True
51.2980 	DATA 	Keypress: space
51.4437 	EXP 	Device response: <KeyPress from None: t=51.29607739998028, value=space, duration=None>
51.4438 	EXP 	Device response: <KeyPress from None: t=51.29607739998028, value=space, duration=0.08907360001467168>
53.3371 	DATA 	Keypress: space
53.3388 	EXP 	Device response: <KeyPress from None: t=53.31844499986619, value=space, duration=None>
53.5116 	EXP 	Device response: <KeyPress from None: t=53.31844499986619, value=space, duration=0.11600280017592013>
67.5540 	DATA 	Mouse: Left button down, pos=(1686,644)
67.5733 	EXP 	img: autoDraw = False
67.5733 	EXP 	Instructions: autoDraw = False
67.5733 	EXP 	RBGInfo: autoDraw = False
67.5733 	EXP 	R: autoDraw = False
67.5733 	EXP 	G: autoDraw = False
67.5733 	EXP 	B: autoDraw = False
67.5733 	EXP 	text_8: autoDraw = True
67.6294 	DATA 	Mouse:  Left button up, pos=(1686,644)
67.9558 	EXP 	text_8: autoDraw = False
67.9558 	EXP 	slider: markerPos = None
67.9558 	EXP 	slider: markerPos = 1
67.9558 	EXP 	slider: autoDraw = True
67.9558 	EXP 	text_9: autoDraw = True
67.9558 	EXP 	text_answer: autoDraw = True
69.3081 	DATA 	Mouse: Left button down, pos=(1397,599)
69.3564 	EXP 	slider: markerPos = np.float64(4.948)
69.3898 	EXP 	slider: markerPos = np.float64(4.948)
69.4229 	EXP 	slider: markerPos = np.float64(4.948)
69.4564 	EXP 	slider: markerPos = np.float64(4.948)
69.4593 	DATA 	Mouse:  Left button up, pos=(1397,599)
69.4900 	EXP 	slider: markerPos = 5.0
71.0751 	DATA 	Mouse: Left button down, pos=(1016,250)
71.1099 	EXP 	slider: autoDraw = False
71.1099 	EXP 	text_9: autoDraw = False
71.1099 	EXP 	text_answer: autoDraw = False
71.1099 	EXP 	text_8: autoDraw = True
71.1806 	DATA 	Mouse:  Left button up, pos=(1016,250)
71.4895 	INFO 	Keyboard events cleared
71.4893 	EXP 	text_8: autoDraw = False
71.4893 	EXP 	corrColor_2: height = np.float64(56.0)
71.4893 	EXP 	corrColor_2: height = np.float64(56.0)
71.4893 	EXP 	corrColor_2: height = np.float64(56.0)
71.4893 	EXP 	corrColor_2: text = 'Blue'
71.4893 	EXP 	R_2: height = np.float64(42.0)
71.4893 	EXP 	R_2: height = np.float64(42.0)
71.4893 	EXP 	R_2: height = np.float64(42.0)
71.4893 	EXP 	R_2: text = 2
71.4893 	EXP 	G_2: height = np.float64(42.0)
71.4893 	EXP 	G_2: height = np.float64(42.0)
71.4893 	EXP 	G_2: height = np.float64(42.0)
71.4893 	EXP 	G_2: text = 6
71.4893 	EXP 	B_2: height = np.float64(42.0)
71.4893 	EXP 	B_2: height = np.float64(42.0)
71.4893 	EXP 	B_2: height = np.float64(42.0)
71.4893 	EXP 	B_2: text = 100
71.4893 	EXP 	correctAnswer: autoDraw = True
71.4893 	EXP 	RBGInfo_2: autoDraw = True
71.4893 	EXP 	R_2: autoDraw = True
71.4893 	EXP 	G_2: autoDraw = True
71.4893 	EXP 	B_2: autoDraw = True
72.8440 	DATA 	Mouse: Left button down, pos=(1011,245)
72.8590 	EXP 	correctAnswer: autoDraw = False
72.8590 	EXP 	wrongAnswer: autoDraw = False
72.8590 	EXP 	corrColor_2: autoDraw = False
72.8590 	EXP 	RBGInfo_2: autoDraw = False
72.8590 	EXP 	R_2: autoDraw = False
72.8590 	EXP 	G_2: autoDraw = False
72.8590 	EXP 	B_2: autoDraw = False
72.8590 	EXP 	text_11: autoDraw = True
72.9635 	DATA 	Mouse:  Left button up, pos=(1011,245)
73.1947 	EXP 	New trial (rep=0, index=2): <Trial 2 (2 in rep 0) data={'folder': '01-1', 'image': '006_Yellow.jpg', 'logical': True, 'corrColor': 'Yellow', 'corrR': 100, 'corrG': 100, 'corrB': 9, 'image_path': '01-1/006_Yellow_0.png', 'thisN': 2, 'thisTrialN': 2, 'thisRepN': 0}>
73.3737 	EXP 	text_11: autoDraw = False
73.3737 	EXP 	text_11: autoDraw = False
73.3737 	EXP 	img: foreColor = <psychopy.colors.Color: white, alpha=1.0>
73.3737 	EXP 	img: ori = np.float64(0.0)
73.3737 	EXP 	Instructions: text = 'Click the spacebar to shuffle through the filters to recognize the color.\nPress the button of the color you think it corresponds to.'
73.3737 	EXP 	R: height = np.float64(42.0)
73.3737 	EXP 	R: height = np.float64(42.0)
73.3737 	EXP 	R: height = np.float64(42.0)
73.3737 	EXP 	R: text = 100
73.3737 	EXP 	G: height = np.float64(42.0)
73.3737 	EXP 	G: height = np.float64(42.0)
73.3737 	EXP 	G: height = np.float64(42.0)
73.3737 	EXP 	G: text = 100
73.3737 	EXP 	B: height = np.float64(42.0)
73.3737 	EXP 	B: height = np.float64(42.0)
73.3737 	EXP 	B: height = np.float64(42.0)
73.3737 	EXP 	B: text = 9
73.3737 	EXP 	img: autoDraw = True
73.3737 	EXP 	Instructions: autoDraw = True
73.3737 	EXP 	RBGInfo: autoDraw = True
73.3737 	EXP 	R: autoDraw = True
73.3737 	EXP 	G: autoDraw = True
73.3737 	EXP 	B: autoDraw = True
77.7302 	DATA 	Keypress: space
77.7310 	EXP 	Device response: <KeyPress from None: t=77.71930349990726, value=space, duration=None>
77.8891 	EXP 	Device response: <KeyPress from None: t=77.71930349990726, value=space, duration=0.11680199997499585>
126.0666 	DATA 	Keypress: space
126.2037 	EXP 	Device response: <KeyPress from None: t=126.0654553999193, value=space, duration=None>
126.2037 	EXP 	Device response: <KeyPress from None: t=126.0654553999193, value=space, duration=0.10687529994174838>
127.1593 	DATA 	Keypress: space
127.1602 	EXP 	Device response: <KeyPress from None: t=127.1424885999877, value=space, duration=None>
127.3298 	EXP 	Device response: <KeyPress from None: t=127.1424885999877, value=space, duration=0.11601860006339848>
128.6550 	DATA 	Keypress: space
128.6561 	EXP 	Device response: <KeyPress from None: t=128.5364522000309, value=space, duration=None>
128.6562 	EXP 	Device response: <KeyPress from None: t=128.5364522000309, value=space, duration=0.09745799982920289>
131.9791 	DATA 	Keypress: space
131.9797 	EXP 	Device response: <KeyPress from None: t=131.95259219990112, value=space, duration=None>
132.1222 	EXP 	Device response: <KeyPress from None: t=131.95259219990112, value=space, duration=0.09848919999785721>
138.3694 	DATA 	Mouse: Left button down, pos=(1641,576)
138.3872 	EXP 	img: autoDraw = False
138.3872 	EXP 	Instructions: autoDraw = False
138.3872 	EXP 	RBGInfo: autoDraw = False
138.3872 	EXP 	R: autoDraw = False
138.3872 	EXP 	G: autoDraw = False
138.3872 	EXP 	B: autoDraw = False
138.3872 	EXP 	text_8: autoDraw = True
138.4770 	DATA 	Mouse:  Left button up, pos=(1641,576)
138.7701 	EXP 	text_8: autoDraw = False
138.7701 	EXP 	slider: markerPos = None
138.7701 	EXP 	slider: markerPos = 1
138.7701 	EXP 	slider: autoDraw = True
138.7701 	EXP 	text_9: autoDraw = True
138.7701 	EXP 	text_answer: autoDraw = True
140.1905 	DATA 	Mouse: Left button down, pos=(1415,592)
140.2365 	EXP 	slider: markerPos = np.float64(5.02)
140.2705 	EXP 	slider: markerPos = np.float64(5.02)
140.2911 	DATA 	Mouse:  Left button up, pos=(1415,592)
140.3034 	EXP 	slider: markerPos = np.float64(5.02)
140.3369 	EXP 	slider: markerPos = 5.0
141.8891 	DATA 	Mouse: Left button down, pos=(1030,272)
141.9242 	EXP 	slider: autoDraw = False
141.9242 	EXP 	text_9: autoDraw = False
141.9242 	EXP 	text_answer: autoDraw = False
141.9242 	EXP 	text_8: autoDraw = True
142.0095 	DATA 	Mouse:  Left button up, pos=(1030,272)
142.2872 	INFO 	Keyboard events cleared
142.2869 	EXP 	text_8: autoDraw = False
142.2869 	EXP 	corrColor_2: height = np.float64(56.0)
142.2869 	EXP 	corrColor_2: height = np.float64(56.0)
142.2869 	EXP 	corrColor_2: height = np.float64(56.0)
142.2869 	EXP 	corrColor_2: text = 'Yellow'
142.2869 	EXP 	R_2: height = np.float64(42.0)
142.2869 	EXP 	R_2: height = np.float64(42.0)
142.2869 	EXP 	R_2: height = np.float64(42.0)
142.2869 	EXP 	R_2: text = 100
142.2869 	EXP 	G_2: height = np.float64(42.0)
142.2869 	EXP 	G_2: height = np.float64(42.0)
142.2869 	EXP 	G_2: height = np.float64(42.0)
142.2869 	EXP 	G_2: text = 100
142.2869 	EXP 	B_2: height = np.float64(42.0)
142.2869 	EXP 	B_2: height = np.float64(42.0)
142.2869 	EXP 	B_2: height = np.float64(42.0)
142.2869 	EXP 	B_2: text = 9
142.2869 	EXP 	correctAnswer: autoDraw = True
142.2869 	EXP 	RBGInfo_2: autoDraw = True
142.2869 	EXP 	R_2: autoDraw = True
142.2869 	EXP 	G_2: autoDraw = True
142.2869 	EXP 	B_2: autoDraw = True
143.1603 	DATA 	Mouse: Left button down, pos=(1030,272)
143.1732 	EXP 	correctAnswer: autoDraw = False
143.1732 	EXP 	wrongAnswer: autoDraw = False
143.1732 	EXP 	corrColor_2: autoDraw = False
143.1732 	EXP 	RBGInfo_2: autoDraw = False
143.1732 	EXP 	R_2: autoDraw = False
143.1732 	EXP 	G_2: autoDraw = False
143.1732 	EXP 	B_2: autoDraw = False
143.1732 	EXP 	text_11: autoDraw = True
143.2757 	DATA 	Mouse:  Left button up, pos=(1030,272)
143.5073 	EXP 	New trial (rep=0, index=3): <Trial 3 (3 in rep 0) data={'folder': '01-1', 'image': '022_Blue.jpg', 'logical': True, 'corrColor': 'Blue', 'corrR': 4, 'corrG': 0, 'corrB': 99, 'image_path': '01-1/022_Blue_0.png', 'thisN': 3, 'thisTrialN': 3, 'thisRepN': 0}>
143.6880 	EXP 	text_11: autoDraw = False
143.6880 	EXP 	text_11: autoDraw = False
143.6880 	EXP 	img: foreColor = <psychopy.colors.Color: white, alpha=1.0>
143.6880 	EXP 	img: ori = np.float64(0.0)
143.6880 	EXP 	Instructions: text = 'Click the spacebar to shuffle through the filters to recognize the color.\nPress the button of the color you think it corresponds to.'
143.6880 	EXP 	R: height = np.float64(42.0)
143.6880 	EXP 	R: height = np.float64(42.0)
143.6880 	EXP 	R: height = np.float64(42.0)
143.6880 	EXP 	R: text = 4
143.6880 	EXP 	G: height = np.float64(42.0)
143.6880 	EXP 	G: height = np.float64(42.0)
143.6880 	EXP 	G: height = np.float64(42.0)
143.6880 	EXP 	G: text = 0
143.6880 	EXP 	B: height = np.float64(42.0)
143.6880 	EXP 	B: height = np.float64(42.0)
143.6880 	EXP 	B: height = np.float64(42.0)
143.6880 	EXP 	B: text = 99
143.6880 	EXP 	img: autoDraw = True
143.6880 	EXP 	Instructions: autoDraw = True
143.6880 	EXP 	RBGInfo: autoDraw = True
143.6880 	EXP 	R: autoDraw = True
143.6880 	EXP 	G: autoDraw = True
143.6880 	EXP 	B: autoDraw = True
148.9795 	DATA 	Keypress: space
148.9802 	EXP 	Device response: <KeyPress from None: t=148.94010809995234, value=space, duration=None>
149.1590 	EXP 	Device response: <KeyPress from None: t=148.94010809995234, value=space, duration=0.09707659995183349>
149.7509 	DATA 	Keypress: space
149.7516 	EXP 	Device response: <KeyPress from None: t=149.7054230000358, value=space, duration=None>
149.9392 	EXP 	Device response: <KeyPress from None: t=149.7054230000358, value=space, duration=0.09790249983780086>
151.7386 	DATA 	Keypress: space
151.7394 	EXP 	Device response: <KeyPress from None: t=151.72388269985095, value=space, duration=None>
151.9136 	EXP 	Device response: <KeyPress from None: t=151.72388269985095, value=space, duration=0.08861490013077855>
152.6589 	DATA 	Keypress: space
152.6599 	EXP 	Device response: <KeyPress from None: t=152.5712782999035, value=space, duration=None>
152.8014 	EXP 	Device response: <KeyPress from None: t=152.5712782999035, value=space, duration=0.09785540006123483>
153.4072 	DATA 	Keypress: space
153.5546 	EXP 	Device response: <KeyPress from None: t=153.40419949986972, value=space, duration=None>
153.5547 	EXP 	Device response: <KeyPress from None: t=153.40419949986972, value=space, duration=0.09756520017981529>
154.4579 	DATA 	Keypress: space
154.4587 	EXP 	Device response: <KeyPress from None: t=154.38238470000215, value=space, duration=None>
154.6085 	EXP 	Device response: <KeyPress from None: t=154.38238470000215, value=space, duration=0.0975297000259161>
159.5346 	DATA 	Mouse: Left button down, pos=(1678,646)
159.5535 	EXP 	img: autoDraw = False
159.5535 	EXP 	Instructions: autoDraw = False
159.5535 	EXP 	RBGInfo: autoDraw = False
159.5535 	EXP 	R: autoDraw = False
159.5535 	EXP 	G: autoDraw = False
159.5535 	EXP 	B: autoDraw = False
159.5535 	EXP 	text_8: autoDraw = True
159.6454 	DATA 	Mouse:  Left button up, pos=(1678,646)
159.9359 	EXP 	text_8: autoDraw = False
159.9359 	EXP 	slider: markerPos = None
159.9359 	EXP 	slider: markerPos = 1
159.9359 	EXP 	slider: autoDraw = True
159.9359 	EXP 	text_9: autoDraw = True
159.9359 	EXP 	text_answer: autoDraw = True
163.2372 	DATA 	Mouse: Left button down, pos=(1413,595)
163.2690 	EXP 	slider: markerPos = np.float64(5.0120000000000005)
163.3024 	EXP 	slider: markerPos = np.float64(5.0120000000000005)
163.3234 	DATA 	Mouse:  Left button up, pos=(1413,595)
163.3356 	EXP 	slider: markerPos = np.float64(5.0120000000000005)
163.3687 	EXP 	slider: markerPos = 5.0
164.2260 	DATA 	Mouse: Left button down, pos=(928,220)
164.2577 	EXP 	slider: autoDraw = False
164.2577 	EXP 	text_9: autoDraw = False
164.2577 	EXP 	text_answer: autoDraw = False
164.2577 	EXP 	text_8: autoDraw = True
164.3751 	DATA 	Mouse:  Left button up, pos=(924,226)
164.6200 	INFO 	Keyboard events cleared
164.6198 	EXP 	text_8: autoDraw = False
164.6198 	EXP 	corrColor_2: height = np.float64(56.0)
164.6198 	EXP 	corrColor_2: height = np.float64(56.0)
164.6198 	EXP 	corrColor_2: height = np.float64(56.0)
164.6198 	EXP 	corrColor_2: text = 'Blue'
164.6198 	EXP 	R_2: height = np.float64(42.0)
164.6198 	EXP 	R_2: height = np.float64(42.0)
164.6198 	EXP 	R_2: height = np.float64(42.0)
164.6198 	EXP 	R_2: text = 4
164.6198 	EXP 	G_2: height = np.float64(42.0)
164.6198 	EXP 	G_2: height = np.float64(42.0)
164.6198 	EXP 	G_2: height = np.float64(42.0)
164.6198 	EXP 	G_2: text = 0
164.6198 	EXP 	B_2: height = np.float64(42.0)
164.6198 	EXP 	B_2: height = np.float64(42.0)
164.6198 	EXP 	B_2: height = np.float64(42.0)
164.6198 	EXP 	B_2: text = 99
164.6198 	EXP 	correctAnswer: autoDraw = True
164.6198 	EXP 	RBGInfo_2: autoDraw = True
164.6198 	EXP 	R_2: autoDraw = True
164.6198 	EXP 	G_2: autoDraw = True
164.6198 	EXP 	B_2: autoDraw = True
165.6142 	DATA 	Mouse: Left button down, pos=(1019,268)
165.6566 	EXP 	correctAnswer: autoDraw = False
165.6566 	EXP 	wrongAnswer: autoDraw = False
165.6566 	EXP 	corrColor_2: autoDraw = False
165.6566 	EXP 	RBGInfo_2: autoDraw = False
165.6566 	EXP 	R_2: autoDraw = False
165.6566 	EXP 	G_2: autoDraw = False
165.6566 	EXP 	B_2: autoDraw = False
165.6566 	EXP 	text_11: autoDraw = True
165.7459 	DATA 	Mouse:  Left button up, pos=(1018,268)
165.9902 	EXP 	New trial (rep=0, index=4): <Trial 4 (4 in rep 0) data={'folder': '01-1', 'image': '021_Yellow.jpg', 'logical': True, 'corrColor': 'Yellow', 'corrR': 99, 'corrG': 88, 'corrB': 0, 'image_path': '01-1/021_Yellow_0.png', 'thisN': 4, 'thisTrialN': 4, 'thisRepN': 0}>
166.1867 	EXP 	text_11: autoDraw = False
166.1867 	EXP 	text_11: autoDraw = False
166.1867 	EXP 	img: foreColor = <psychopy.colors.Color: white, alpha=1.0>
166.1867 	EXP 	img: ori = np.float64(0.0)
166.1867 	EXP 	Instructions: text = 'Click the spacebar to shuffle through the filters to recognize the color.\nPress the button of the color you think it corresponds to.'
166.1867 	EXP 	R: height = np.float64(42.0)
166.1867 	EXP 	R: height = np.float64(42.0)
166.1867 	EXP 	R: height = np.float64(42.0)
166.1867 	EXP 	R: text = 99
166.1867 	EXP 	G: height = np.float64(42.0)
166.1867 	EXP 	G: height = np.float64(42.0)
166.1867 	EXP 	G: height = np.float64(42.0)
166.1867 	EXP 	G: text = 88
166.1867 	EXP 	B: height = np.float64(42.0)
166.1867 	EXP 	B: height = np.float64(42.0)
166.1867 	EXP 	B: height = np.float64(42.0)
166.1867 	EXP 	B: text = 0
166.1867 	EXP 	img: autoDraw = True
166.1867 	EXP 	Instructions: autoDraw = True
166.1867 	EXP 	RBGInfo: autoDraw = True
166.1867 	EXP 	R: autoDraw = True
166.1867 	EXP 	G: autoDraw = True
166.1867 	EXP 	B: autoDraw = True
171.6212 	DATA 	Keypress: space
171.7724 	EXP 	Device response: <KeyPress from None: t=171.61870629992336, value=space, duration=None>
171.7725 	EXP 	Device response: <KeyPress from None: t=171.61870629992336, value=space, duration=0.10675809998065233>
172.9610 	DATA 	Keypress: space
172.9617 	EXP 	Device response: <KeyPress from None: t=172.90788189996965, value=space, duration=None>
173.1283 	EXP 	Device response: <KeyPress from None: t=172.90788189996965, value=space, duration=0.11574609996750951>
173.8530 	DATA 	Keypress: space
173.8539 	EXP 	Device response: <KeyPress from None: t=173.78754929988645, value=space, duration=None>
174.0163 	EXP 	Device response: <KeyPress from None: t=173.78754929988645, value=space, duration=0.10685320012271404>
174.7746 	DATA 	Keypress: space
174.9157 	EXP 	Device response: <KeyPress from None: t=174.7737556998618, value=space, duration=None>
174.9157 	EXP 	Device response: <KeyPress from None: t=174.7737556998618, value=space, duration=0.10615540016442537>
178.4446 	DATA 	Mouse: Left button down, pos=(1675,340)
178.4531 	EXP 	img: autoDraw = False
178.4531 	EXP 	Instructions: autoDraw = False
178.4531 	EXP 	RBGInfo: autoDraw = False
178.4531 	EXP 	R: autoDraw = False
178.4531 	EXP 	G: autoDraw = False
178.4531 	EXP 	B: autoDraw = False
178.4531 	EXP 	text_8: autoDraw = True
178.5079 	DATA 	Mouse:  Left button up, pos=(1675,340)
178.8353 	EXP 	text_8: autoDraw = False
178.8353 	EXP 	text_8: autoDraw = False
178.8353 	EXP 	slider: markerPos = None
178.8353 	EXP 	slider: markerPos = 1
178.8353 	EXP 	slider: autoDraw = True
178.8353 	EXP 	text_9: autoDraw = True
178.8353 	EXP 	text_answer: autoDraw = True
180.3891 	DATA 	Mouse: Left button down, pos=(1409,597)
180.4352 	EXP 	slider: markerPos = np.float64(4.996)
180.4684 	EXP 	slider: markerPos = np.float64(4.996)
180.5011 	EXP 	slider: markerPos = np.float64(4.996)
180.5045 	DATA 	Mouse:  Left button up, pos=(1409,597)
180.5350 	EXP 	slider: markerPos = 5.0
181.7388 	DATA 	Mouse: Left button down, pos=(987,275)
181.7564 	EXP 	slider: autoDraw = False
181.7564 	EXP 	text_9: autoDraw = False
181.7564 	EXP 	text_answer: autoDraw = False
181.7564 	EXP 	text_8: autoDraw = True
181.8755 	DATA 	Mouse:  Left button up, pos=(987,275)
182.1524 	INFO 	Keyboard events cleared
182.1520 	EXP 	text_8: autoDraw = False
182.1520 	EXP 	text_8: autoDraw = False
182.1520 	EXP 	corrColor_2: height = np.float64(56.0)
182.1520 	EXP 	corrColor_2: height = np.float64(56.0)
182.1520 	EXP 	corrColor_2: height = np.float64(56.0)
182.1520 	EXP 	corrColor_2: text = 'Yellow'
182.1520 	EXP 	R_2: height = np.float64(42.0)
182.1520 	EXP 	R_2: height = np.float64(42.0)
182.1520 	EXP 	R_2: height = np.float64(42.0)
182.1520 	EXP 	R_2: text = 99
182.1520 	EXP 	G_2: height = np.float64(42.0)
182.1520 	EXP 	G_2: height = np.float64(42.0)
182.1520 	EXP 	G_2: height = np.float64(42.0)
182.1520 	EXP 	G_2: text = 88
182.1520 	EXP 	B_2: height = np.float64(42.0)
182.1520 	EXP 	B_2: height = np.float64(42.0)
182.1520 	EXP 	B_2: height = np.float64(42.0)
182.1520 	EXP 	B_2: text = 0
182.1520 	EXP 	wrongAnswer: autoDraw = True
182.1520 	EXP 	corrColor_2: autoDraw = True
182.1520 	EXP 	RBGInfo_2: autoDraw = True
182.1520 	EXP 	R_2: autoDraw = True
182.1520 	EXP 	G_2: autoDraw = True
182.1520 	EXP 	B_2: autoDraw = True
186.7253 	DATA 	Mouse: Left button down, pos=(1700,576)
186.8020 	EXP 	correctAnswer: autoDraw = True
186.8020 	EXP 	wrongAnswer: autoDraw = False
186.8020 	EXP 	corrColor_2: autoDraw = False
186.8312 	DATA 	Mouse:  Left button up, pos=(1700,576)
187.8101 	DATA 	Mouse: Left button down, pos=(1060,276)
187.8381 	EXP 	correctAnswer: autoDraw = False
187.8381 	EXP 	wrongAnswer: autoDraw = False
187.8381 	EXP 	corrColor_2: autoDraw = False
187.8381 	EXP 	RBGInfo_2: autoDraw = False
187.8381 	EXP 	R_2: autoDraw = False
187.8381 	EXP 	G_2: autoDraw = False
187.8381 	EXP 	B_2: autoDraw = False
187.8381 	EXP 	text_11: autoDraw = True
187.9247 	DATA 	Mouse:  Left button up, pos=(1059,276)
188.1731 	EXP 	New trial (rep=0, index=5): <Trial 5 (5 in rep 0) data={'folder': '01-1', 'image': '006_Red.jpg', 'logical': True, 'corrColor': 'Red', 'corrR': 98, 'corrG': 0, 'corrB': 0, 'image_path': '01-1/006_Red_0.png', 'thisN': 5, 'thisTrialN': 5, 'thisRepN': 0}>
188.3526 	EXP 	text_11: autoDraw = False
188.3526 	EXP 	text_11: autoDraw = False
188.3526 	EXP 	img: foreColor = <psychopy.colors.Color: white, alpha=1.0>
188.3526 	EXP 	img: ori = np.float64(0.0)
188.3526 	EXP 	Instructions: text = 'Click the spacebar to shuffle through the filters to recognize the color.\nPress the button of the color you think it corresponds to.'
188.3526 	EXP 	R: height = np.float64(42.0)
188.3526 	EXP 	R: height = np.float64(42.0)
188.3526 	EXP 	R: height = np.float64(42.0)
188.3526 	EXP 	R: text = 98
188.3526 	EXP 	G: height = np.float64(42.0)
188.3526 	EXP 	G: height = np.float64(42.0)
188.3526 	EXP 	G: height = np.float64(42.0)
188.3526 	EXP 	G: text = 0
188.3526 	EXP 	B: height = np.float64(42.0)
188.3526 	EXP 	B: height = np.float64(42.0)
188.3526 	EXP 	B: height = np.float64(42.0)
188.3526 	EXP 	B: text = 0
188.3526 	EXP 	img: autoDraw = True
188.3526 	EXP 	Instructions: autoDraw = True
188.3526 	EXP 	RBGInfo: autoDraw = True
188.3526 	EXP 	R: autoDraw = True
188.3526 	EXP 	G: autoDraw = True
188.3526 	EXP 	B: autoDraw = True
192.1503 	DATA 	Keypress: space
192.1514 	EXP 	Device response: <KeyPress from None: t=192.11970219993964, value=space, duration=None>
192.3310 	EXP 	Device response: <KeyPress from None: t=192.11970219993964, value=space, duration=0.12505270005203784>
193.7995 	DATA 	Keypress: space
193.8002 	EXP 	Device response: <KeyPress from None: t=193.7643337000627, value=space, duration=None>
193.9699 	EXP 	Device response: <KeyPress from None: t=193.7643337000627, value=space, duration=0.10643449984490871>
195.3982 	DATA 	Keypress: space
195.3996 	EXP 	Device response: <KeyPress from None: t=195.33528969995677, value=space, duration=None>
195.5786 	EXP 	Device response: <KeyPress from None: t=195.33528969995677, value=space, duration=0.13397320010699332>
196.3125 	DATA 	Keypress: space
196.3132 	EXP 	Device response: <KeyPress from None: t=196.21947989985347, value=space, duration=None>
196.4436 	EXP 	Device response: <KeyPress from None: t=196.21947989985347, value=space, duration=0.12523460015654564>
198.6334 	DATA 	Mouse: Left button down, pos=(1710,328)
198.7657 	DATA 	Mouse:  Left button up, pos=(1710,328)
201.1166 	DATA 	Mouse: Left button down, pos=(1712,335)
201.1348 	EXP 	img: autoDraw = False
201.1348 	EXP 	Instructions: autoDraw = False
201.1348 	EXP 	RBGInfo: autoDraw = False
201.1348 	EXP 	R: autoDraw = False
201.1348 	EXP 	G: autoDraw = False
201.1348 	EXP 	B: autoDraw = False
201.1348 	EXP 	text_8: autoDraw = True
201.1945 	DATA 	Mouse:  Left button up, pos=(1712,335)
201.5174 	EXP 	text_8: autoDraw = False
201.5174 	EXP 	slider: markerPos = None
201.5174 	EXP 	slider: markerPos = 1
201.5174 	EXP 	slider: autoDraw = True
201.5174 	EXP 	text_9: autoDraw = True
201.5174 	EXP 	text_answer: autoDraw = True
202.9198 	DATA 	Mouse: Left button down, pos=(1426,590)
202.9515 	EXP 	slider: markerPos = np.float64(5.064)
202.9850 	EXP 	slider: markerPos = np.float64(5.064)
203.0178 	EXP 	slider: markerPos = np.float64(5.064)
203.0507 	EXP 	slider: markerPos = np.float64(5.064)
203.0523 	DATA 	Mouse:  Left button up, pos=(1426,590)
203.0846 	EXP 	slider: markerPos = 5.0
204.3030 	DATA 	Mouse: Left button down, pos=(982,245)
204.3387 	EXP 	slider: autoDraw = False
204.3387 	EXP 	text_9: autoDraw = False
204.3387 	EXP 	text_answer: autoDraw = False
204.3387 	EXP 	text_8: autoDraw = True
204.4225 	DATA 	Mouse:  Left button up, pos=(982,245)
204.7180 	INFO 	Keyboard events cleared
204.7177 	EXP 	text_8: autoDraw = False
204.7177 	EXP 	corrColor_2: height = np.float64(56.0)
204.7177 	EXP 	corrColor_2: height = np.float64(56.0)
204.7177 	EXP 	corrColor_2: height = np.float64(56.0)
204.7177 	EXP 	corrColor_2: text = 'Red'
204.7177 	EXP 	R_2: height = np.float64(42.0)
204.7177 	EXP 	R_2: height = np.float64(42.0)
204.7177 	EXP 	R_2: height = np.float64(42.0)
204.7177 	EXP 	R_2: text = 98
204.7177 	EXP 	G_2: height = np.float64(42.0)
204.7177 	EXP 	G_2: height = np.float64(42.0)
204.7177 	EXP 	G_2: height = np.float64(42.0)
204.7177 	EXP 	G_2: text = 0
204.7177 	EXP 	B_2: height = np.float64(42.0)
204.7177 	EXP 	B_2: height = np.float64(42.0)
204.7177 	EXP 	B_2: height = np.float64(42.0)
204.7177 	EXP 	B_2: text = 0
204.7177 	EXP 	correctAnswer: autoDraw = True
204.7177 	EXP 	RBGInfo_2: autoDraw = True
204.7177 	EXP 	R_2: autoDraw = True
204.7177 	EXP 	G_2: autoDraw = True
204.7177 	EXP 	B_2: autoDraw = True
205.6599 	DATA 	Mouse: Left button down, pos=(986,261)
205.6862 	EXP 	correctAnswer: autoDraw = False
205.6862 	EXP 	wrongAnswer: autoDraw = False
205.6862 	EXP 	corrColor_2: autoDraw = False
205.6862 	EXP 	RBGInfo_2: autoDraw = False
205.6862 	EXP 	R_2: autoDraw = False
205.6862 	EXP 	G_2: autoDraw = False
205.6862 	EXP 	B_2: autoDraw = False
205.6862 	EXP 	text_11: autoDraw = True
205.7899 	DATA 	Mouse:  Left button up, pos=(986,261)
206.0216 	EXP 	New trial (rep=0, index=6): <Trial 6 (6 in rep 0) data={'folder': '01-1', 'image': '012_Green.jpg', 'logical': True, 'corrColor': 'Green', 'corrR': 3, 'corrG': 94, 'corrB': 4, 'image_path': '01-1/012_Green_0.png', 'thisN': 6, 'thisTrialN': 6, 'thisRepN': 0}>
206.2357 	EXP 	text_11: autoDraw = False
206.2357 	EXP 	text_11: autoDraw = False
206.2357 	EXP 	img: foreColor = <psychopy.colors.Color: white, alpha=1.0>
206.2357 	EXP 	img: ori = np.float64(0.0)
206.2357 	EXP 	Instructions: text = 'Click the spacebar to shuffle through the filters to recognize the color.\nPress the button of the color you think it corresponds to.'
206.2357 	EXP 	R: height = np.float64(42.0)
206.2357 	EXP 	R: height = np.float64(42.0)
206.2357 	EXP 	R: height = np.float64(42.0)
206.2357 	EXP 	R: text = 3
206.2357 	EXP 	G: height = np.float64(42.0)
206.2357 	EXP 	G: height = np.float64(42.0)
206.2357 	EXP 	G: height = np.float64(42.0)
206.2357 	EXP 	G: text = 94
206.2357 	EXP 	B: height = np.float64(42.0)
206.2357 	EXP 	B: height = np.float64(42.0)
206.2357 	EXP 	B: height = np.float64(42.0)
206.2357 	EXP 	B: text = 4
206.2357 	EXP 	img: autoDraw = True
206.2357 	EXP 	Instructions: autoDraw = True
206.2357 	EXP 	RBGInfo: autoDraw = True
206.2357 	EXP 	R: autoDraw = True
206.2357 	EXP 	G: autoDraw = True
206.2357 	EXP 	B: autoDraw = True
209.3700 	DATA 	Keypress: space
209.3706 	EXP 	Device response: <KeyPress from None: t=209.34723539999686, value=space, duration=None>
209.5396 	EXP 	Device response: <KeyPress from None: t=209.34723539999686, value=space, duration=0.10654690000228584>
212.2096 	DATA 	Keypress: space
212.3556 	EXP 	Device response: <KeyPress from None: t=212.20557909994386, value=space, duration=None>
212.3556 	EXP 	Device response: <KeyPress from None: t=212.20557909994386, value=space, duration=0.10699090012349188>
213.1230 	DATA 	Keypress: space
213.1239 	EXP 	Device response: <KeyPress from None: t=213.01095329993404, value=space, duration=None>
213.2879 	EXP 	Device response: <KeyPress from None: t=213.01095329993404, value=space, duration=0.11578750004991889>
213.8885 	DATA 	Keypress: space
213.8896 	EXP 	Device response: <KeyPress from None: t=213.80305240000598, value=space, duration=None>
214.0398 	EXP 	Device response: <KeyPress from None: t=213.80305240000598, value=space, duration=0.13405489991419017>
214.7885 	DATA 	Keypress: space
214.7892 	EXP 	Device response: <KeyPress from None: t=214.662245699903, value=space, duration=None>
214.9423 	EXP 	Device response: <KeyPress from None: t=214.662245699903, value=space, duration=0.13400950003415346>
218.7214 	DATA 	Mouse: Left button down, pos=(1676,411)
218.7345 	EXP 	img: autoDraw = False
218.7345 	EXP 	Instructions: autoDraw = False
218.7345 	EXP 	RBGInfo: autoDraw = False
218.7345 	EXP 	R: autoDraw = False
218.7345 	EXP 	G: autoDraw = False
218.7345 	EXP 	B: autoDraw = False
218.7345 	EXP 	text_8: autoDraw = True
218.7748 	DATA 	Mouse:  Left button up, pos=(1676,411)
219.1169 	EXP 	text_8: autoDraw = False
219.1169 	EXP 	text_8: autoDraw = False
219.1169 	EXP 	slider: markerPos = None
219.1169 	EXP 	slider: markerPos = 1
219.1169 	EXP 	slider: autoDraw = True
219.1169 	EXP 	text_9: autoDraw = True
219.1169 	EXP 	text_answer: autoDraw = True
220.6035 	DATA 	Mouse: Left button down, pos=(1400,607)
220.6502 	EXP 	slider: markerPos = np.float64(4.96)
220.6836 	EXP 	slider: markerPos = np.float64(4.96)
220.7172 	EXP 	slider: markerPos = np.float64(4.96)
220.7212 	DATA 	Mouse:  Left button up, pos=(1399,607)
220.7504 	EXP 	slider: markerPos = 5.0
221.5024 	DATA 	Mouse: Left button down, pos=(1008,272)
221.5377 	EXP 	slider: autoDraw = False
221.5377 	EXP 	text_9: autoDraw = False
221.5377 	EXP 	text_answer: autoDraw = False
221.5377 	EXP 	text_8: autoDraw = True
221.6230 	DATA 	Mouse:  Left button up, pos=(1008,272)
221.9167 	INFO 	Keyboard events cleared
221.9165 	EXP 	text_8: autoDraw = False
221.9165 	EXP 	corrColor_2: height = np.float64(56.0)
221.9165 	EXP 	corrColor_2: height = np.float64(56.0)
221.9165 	EXP 	corrColor_2: height = np.float64(56.0)
221.9165 	EXP 	corrColor_2: text = 'Green'
221.9165 	EXP 	R_2: height = np.float64(42.0)
221.9165 	EXP 	R_2: height = np.float64(42.0)
221.9165 	EXP 	R_2: height = np.float64(42.0)
221.9165 	EXP 	R_2: text = 3
221.9165 	EXP 	G_2: height = np.float64(42.0)
221.9165 	EXP 	G_2: height = np.float64(42.0)
221.9165 	EXP 	G_2: height = np.float64(42.0)
221.9165 	EXP 	G_2: text = 94
221.9165 	EXP 	B_2: height = np.float64(42.0)
221.9165 	EXP 	B_2: height = np.float64(42.0)
221.9165 	EXP 	B_2: height = np.float64(42.0)
221.9165 	EXP 	B_2: text = 4
221.9165 	EXP 	correctAnswer: autoDraw = True
221.9165 	EXP 	RBGInfo_2: autoDraw = True
221.9165 	EXP 	R_2: autoDraw = True
221.9165 	EXP 	G_2: autoDraw = True
221.9165 	EXP 	B_2: autoDraw = True
223.2578 	DATA 	Mouse: Left button down, pos=(977,279)
223.2699 	EXP 	correctAnswer: autoDraw = False
223.2699 	EXP 	wrongAnswer: autoDraw = False
223.2699 	EXP 	corrColor_2: autoDraw = False
223.2699 	EXP 	RBGInfo_2: autoDraw = False
223.2699 	EXP 	R_2: autoDraw = False
223.2699 	EXP 	G_2: autoDraw = False
223.2699 	EXP 	B_2: autoDraw = False
223.2699 	EXP 	text_11: autoDraw = True
223.3730 	DATA 	Mouse:  Left button up, pos=(977,279)
223.6048 	EXP 	New trial (rep=0, index=7): <Trial 7 (7 in rep 0) data={'folder': '01-1', 'image': '022_Cyan.jpg', 'logical': True, 'corrColor': 'Cyan', 'corrR': 0, 'corrG': 96, 'corrB': 90, 'image_path': '01-1/022_Cyan_0.png', 'thisN': 7, 'thisTrialN': 7, 'thisRepN': 0}>
223.8015 	EXP 	text_11: autoDraw = False
223.8015 	EXP 	text_11: autoDraw = False
223.8015 	EXP 	img: foreColor = <psychopy.colors.Color: white, alpha=1.0>
223.8015 	EXP 	img: ori = np.float64(0.0)
223.8015 	EXP 	Instructions: text = 'Click the spacebar to shuffle through the filters to recognize the color.\nPress the button of the color you think it corresponds to.'
223.8015 	EXP 	R: height = np.float64(42.0)
223.8015 	EXP 	R: height = np.float64(42.0)
223.8015 	EXP 	R: height = np.float64(42.0)
223.8015 	EXP 	R: text = 0
223.8015 	EXP 	G: height = np.float64(42.0)
223.8015 	EXP 	G: height = np.float64(42.0)
223.8015 	EXP 	G: height = np.float64(42.0)
223.8015 	EXP 	G: text = 96
223.8015 	EXP 	B: height = np.float64(42.0)
223.8015 	EXP 	B: height = np.float64(42.0)
223.8015 	EXP 	B: height = np.float64(42.0)
223.8015 	EXP 	B: text = 90
223.8015 	EXP 	img: autoDraw = True
223.8015 	EXP 	Instructions: autoDraw = True
223.8015 	EXP 	RBGInfo: autoDraw = True
223.8015 	EXP 	R: autoDraw = True
223.8015 	EXP 	G: autoDraw = True
223.8015 	EXP 	B: autoDraw = True
226.5668 	DATA 	Keypress: space
226.5677 	EXP 	Device response: <KeyPress from None: t=226.46587620000355, value=space, duration=None>
226.7381 	EXP 	Device response: <KeyPress from None: t=226.46587620000355, value=space, duration=0.11554010002873838>
229.4414 	DATA 	Keypress: space
229.5779 	EXP 	Device response: <KeyPress from None: t=229.43894829996862, value=space, duration=None>
229.5780 	EXP 	Device response: <KeyPress from None: t=229.43894829996862, value=space, duration=0.11564010009169579>
235.8910 	DATA 	Mouse: Left button down, pos=(1670,458)
235.9005 	EXP 	img: autoDraw = False
235.9005 	EXP 	Instructions: autoDraw = False
235.9005 	EXP 	RBGInfo: autoDraw = False
235.9005 	EXP 	R: autoDraw = False
235.9005 	EXP 	G: autoDraw = False
235.9005 	EXP 	B: autoDraw = False
235.9005 	EXP 	text_8: autoDraw = True
236.0057 	DATA 	Mouse:  Left button up, pos=(1670,458)
236.2840 	EXP 	text_8: autoDraw = False
236.2840 	EXP 	text_8: autoDraw = False
236.2840 	EXP 	slider: markerPos = None
236.2840 	EXP 	slider: markerPos = 1
236.2840 	EXP 	slider: autoDraw = True
236.2840 	EXP 	text_9: autoDraw = True
236.2840 	EXP 	text_answer: autoDraw = True
237.7010 	DATA 	Mouse: Left button down, pos=(1414,599)
237.7493 	EXP 	slider: markerPos = np.float64(5.016)
237.7827 	EXP 	slider: markerPos = np.float64(5.016)
237.8067 	DATA 	Mouse:  Left button up, pos=(1414,599)
237.8164 	EXP 	slider: markerPos = np.float64(5.016)
237.8495 	EXP 	slider: markerPos = 5.0
238.6515 	DATA 	Mouse: Left button down, pos=(975,250)
238.6706 	EXP 	slider: autoDraw = False
238.6706 	EXP 	text_9: autoDraw = False
238.6706 	EXP 	text_answer: autoDraw = False
238.6706 	EXP 	text_8: autoDraw = True
238.7399 	DATA 	Mouse:  Left button up, pos=(975,250)
239.0504 	INFO 	Keyboard events cleared
239.0500 	EXP 	text_8: autoDraw = False
239.0500 	EXP 	corrColor_2: height = np.float64(56.0)
239.0500 	EXP 	corrColor_2: height = np.float64(56.0)
239.0500 	EXP 	corrColor_2: height = np.float64(56.0)
239.0500 	EXP 	corrColor_2: text = 'Cyan'
239.0500 	EXP 	R_2: height = np.float64(42.0)
239.0500 	EXP 	R_2: height = np.float64(42.0)
239.0500 	EXP 	R_2: height = np.float64(42.0)
239.0500 	EXP 	R_2: text = 0
239.0500 	EXP 	G_2: height = np.float64(42.0)
239.0500 	EXP 	G_2: height = np.float64(42.0)
239.0500 	EXP 	G_2: height = np.float64(42.0)
239.0500 	EXP 	G_2: text = 96
239.0500 	EXP 	B_2: height = np.float64(42.0)
239.0500 	EXP 	B_2: height = np.float64(42.0)
239.0500 	EXP 	B_2: height = np.float64(42.0)
239.0500 	EXP 	B_2: text = 90
239.0500 	EXP 	correctAnswer: autoDraw = True
239.0500 	EXP 	RBGInfo_2: autoDraw = True
239.0500 	EXP 	R_2: autoDraw = True
239.0500 	EXP 	G_2: autoDraw = True
239.0500 	EXP 	B_2: autoDraw = True
239.9777 	DATA 	Mouse: Left button down, pos=(986,245)
240.0029 	EXP 	correctAnswer: autoDraw = False
240.0029 	EXP 	wrongAnswer: autoDraw = False
240.0029 	EXP 	corrColor_2: autoDraw = False
240.0029 	EXP 	RBGInfo_2: autoDraw = False
240.0029 	EXP 	R_2: autoDraw = False
240.0029 	EXP 	G_2: autoDraw = False
240.0029 	EXP 	B_2: autoDraw = False
240.0029 	EXP 	text_11: autoDraw = True
240.1053 	DATA 	Mouse:  Left button up, pos=(986,245)
240.3385 	EXP 	New trial (rep=0, index=8): <Trial 8 (8 in rep 0) data={'folder': '01-1', 'image': '022_Yellow.jpg', 'logical': True, 'corrColor': 'Yellow', 'corrR': 98, 'corrG': 91, 'corrB': 2, 'image_path': '01-1/022_Yellow_0.png', 'thisN': 8, 'thisTrialN': 8, 'thisRepN': 0}>
240.5508 	EXP 	text_11: autoDraw = False
240.5508 	EXP 	text_11: autoDraw = False
240.5508 	EXP 	img: foreColor = <psychopy.colors.Color: white, alpha=1.0>
240.5508 	EXP 	img: ori = np.float64(0.0)
240.5508 	EXP 	Instructions: text = 'Click the spacebar to shuffle through the filters to recognize the color.\nPress the button of the color you think it corresponds to.'
240.5508 	EXP 	R: height = np.float64(42.0)
240.5508 	EXP 	R: height = np.float64(42.0)
240.5508 	EXP 	R: height = np.float64(42.0)
240.5508 	EXP 	R: text = 98
240.5508 	EXP 	G: height = np.float64(42.0)
240.5508 	EXP 	G: height = np.float64(42.0)
240.5508 	EXP 	G: height = np.float64(42.0)
240.5508 	EXP 	G: text = 91
240.5508 	EXP 	B: height = np.float64(42.0)
240.5508 	EXP 	B: height = np.float64(42.0)
240.5508 	EXP 	B: height = np.float64(42.0)
240.5508 	EXP 	B: text = 2
240.5508 	EXP 	img: autoDraw = True
240.5508 	EXP 	Instructions: autoDraw = True
240.5508 	EXP 	RBGInfo: autoDraw = True
240.5508 	EXP 	R: autoDraw = True
240.5508 	EXP 	G: autoDraw = True
240.5508 	EXP 	B: autoDraw = True
248.1531 	DATA 	Keypress: space
248.1560 	EXP 	Device response: <KeyPress from None: t=248.04785940004513, value=space, duration=None>
248.1560 	EXP 	Device response: <KeyPress from None: t=248.04785940004513, value=space, duration=0.09755079983733594>
255.0843 	DATA 	Keypress: space
255.0866 	EXP 	Device response: <KeyPress from None: t=255.00371979991905, value=space, duration=None>
255.2691 	EXP 	Device response: <KeyPress from None: t=255.00371979991905, value=space, duration=0.14293590001761913>
255.8656 	DATA 	Keypress: space
255.8676 	EXP 	Device response: <KeyPress from None: t=255.85594419995323, value=space, duration=None>
256.0477 	EXP 	Device response: <KeyPress from None: t=255.85594419995323, value=space, duration=0.1069499000441283>
256.8075 	DATA 	Keypress: space
256.8081 	EXP 	Device response: <KeyPress from None: t=256.73081859992817, value=space, duration=None>
256.9445 	EXP 	Device response: <KeyPress from None: t=256.73081859992817, value=space, duration=0.11639380012638867>
260.6146 	DATA 	Mouse: Left button down, pos=(1676,571)
260.6325 	EXP 	img: autoDraw = False
260.6325 	EXP 	Instructions: autoDraw = False
260.6325 	EXP 	RBGInfo: autoDraw = False
260.6325 	EXP 	R: autoDraw = False
260.6325 	EXP 	G: autoDraw = False
260.6325 	EXP 	B: autoDraw = False
260.6325 	EXP 	text_8: autoDraw = True
260.6554 	DATA 	Mouse:  Left button up, pos=(1676,571)
261.0156 	EXP 	text_8: autoDraw = False
261.0156 	EXP 	slider: markerPos = None
261.0156 	EXP 	slider: markerPos = 1
261.0156 	EXP 	slider: autoDraw = True
261.0156 	EXP 	text_9: autoDraw = True
261.0156 	EXP 	text_answer: autoDraw = True
261.9840 	DATA 	Mouse: Left button down, pos=(1421,591)
262.0317 	EXP 	slider: markerPos = np.float64(5.04)
262.0656 	EXP 	slider: markerPos = np.float64(5.04)
262.0990 	EXP 	slider: markerPos = np.float64(5.04)
262.1185 	DATA 	Mouse:  Left button up, pos=(1420,591)
262.1320 	EXP 	slider: markerPos = np.float64(5.04)
262.1657 	EXP 	slider: markerPos = 5.0
263.0523 	DATA 	Mouse: Left button down, pos=(1050,273)
263.0862 	EXP 	slider: autoDraw = False
263.0862 	EXP 	text_9: autoDraw = False
263.0862 	EXP 	text_answer: autoDraw = False
263.0862 	EXP 	text_8: autoDraw = True
263.1570 	DATA 	Mouse:  Left button up, pos=(1050,273)
263.4653 	INFO 	Keyboard events cleared
263.4650 	EXP 	text_8: autoDraw = False
263.4650 	EXP 	corrColor_2: height = np.float64(56.0)
263.4650 	EXP 	corrColor_2: height = np.float64(56.0)
263.4650 	EXP 	corrColor_2: height = np.float64(56.0)
263.4650 	EXP 	corrColor_2: text = 'Yellow'
263.4650 	EXP 	R_2: height = np.float64(42.0)
263.4650 	EXP 	R_2: height = np.float64(42.0)
263.4650 	EXP 	R_2: height = np.float64(42.0)
263.4650 	EXP 	R_2: text = 98
263.4650 	EXP 	G_2: height = np.float64(42.0)
263.4650 	EXP 	G_2: height = np.float64(42.0)
263.4650 	EXP 	G_2: height = np.float64(42.0)
263.4650 	EXP 	G_2: text = 91
263.4650 	EXP 	B_2: height = np.float64(42.0)
263.4650 	EXP 	B_2: height = np.float64(42.0)
263.4650 	EXP 	B_2: height = np.float64(42.0)
263.4650 	EXP 	B_2: text = 2
263.4650 	EXP 	correctAnswer: autoDraw = True
263.4650 	EXP 	RBGInfo_2: autoDraw = True
263.4650 	EXP 	R_2: autoDraw = True
263.4650 	EXP 	G_2: autoDraw = True
263.4650 	EXP 	B_2: autoDraw = True
264.2551 	DATA 	Mouse: Left button down, pos=(1051,268)
264.2700 	EXP 	correctAnswer: autoDraw = False
264.2700 	EXP 	wrongAnswer: autoDraw = False
264.2700 	EXP 	corrColor_2: autoDraw = False
264.2700 	EXP 	RBGInfo_2: autoDraw = False
264.2700 	EXP 	R_2: autoDraw = False
264.2700 	EXP 	G_2: autoDraw = False
264.2700 	EXP 	B_2: autoDraw = False
264.2700 	EXP 	text_11: autoDraw = True
264.3891 	DATA 	Mouse:  Left button up, pos=(1051,268)
264.6044 	EXP 	New trial (rep=0, index=9): <Trial 9 (9 in rep 0) data={'folder': '01-1', 'image': '024_Green.jpg', 'logical': True, 'corrColor': 'Green', 'corrR': 2, 'corrG': 100, 'corrB': 1, 'image_path': '01-1/024_Green_0.png', 'thisN': 9, 'thisTrialN': 9, 'thisRepN': 0}>
264.7832 	EXP 	text_11: autoDraw = False
264.7832 	EXP 	text_11: autoDraw = False
264.7832 	EXP 	img: foreColor = <psychopy.colors.Color: white, alpha=1.0>
264.7832 	EXP 	img: ori = np.float64(0.0)
264.7832 	EXP 	Instructions: text = 'Click the spacebar to shuffle through the filters to recognize the color.\nPress the button of the color you think it corresponds to.'
264.7832 	EXP 	R: height = np.float64(42.0)
264.7832 	EXP 	R: height = np.float64(42.0)
264.7832 	EXP 	R: height = np.float64(42.0)
264.7832 	EXP 	R: text = 2
264.7832 	EXP 	G: height = np.float64(42.0)
264.7832 	EXP 	G: height = np.float64(42.0)
264.7832 	EXP 	G: height = np.float64(42.0)
264.7832 	EXP 	G: text = 100
264.7832 	EXP 	B: height = np.float64(42.0)
264.7832 	EXP 	B: height = np.float64(42.0)
264.7832 	EXP 	B: height = np.float64(42.0)
264.7832 	EXP 	B: text = 1
264.7832 	EXP 	img: autoDraw = True
264.7832 	EXP 	Instructions: autoDraw = True
264.7832 	EXP 	RBGInfo: autoDraw = True
264.7832 	EXP 	R: autoDraw = True
264.7832 	EXP 	G: autoDraw = True
264.7832 	EXP 	B: autoDraw = True
267.6807 	DATA 	Keypress: space
267.6826 	EXP 	Device response: <KeyPress from None: t=267.61561820004135, value=space, duration=None>
267.8460 	EXP 	Device response: <KeyPress from None: t=267.61561820004135, value=space, duration=0.1066671998705715>
269.7238 	DATA 	Keypress: space
269.7244 	EXP 	Device response: <KeyPress from None: t=269.7121718998533, value=space, duration=None>
269.8839 	EXP 	Device response: <KeyPress from None: t=269.7121718998533, value=space, duration=0.125074100214988>
270.4208 	DATA 	Keypress: space
270.4224 	EXP 	Device response: <KeyPress from None: t=270.30466099991463, value=space, duration=None>
270.4225 	EXP 	Device response: <KeyPress from None: t=270.30466099991463, value=space, duration=0.10698550008237362>
271.0134 	DATA 	Keypress: space
271.1418 	EXP 	Device response: <KeyPress from None: t=271.0100543999579, value=space, duration=None>
271.1418 	EXP 	Device response: <KeyPress from None: t=271.0100543999579, value=space, duration=0.11588499997742474>
273.9535 	DATA 	Mouse: Left button down, pos=(1631,416)
273.9653 	EXP 	img: autoDraw = False
273.9653 	EXP 	Instructions: autoDraw = False
273.9653 	EXP 	RBGInfo: autoDraw = False
273.9653 	EXP 	R: autoDraw = False
273.9653 	EXP 	G: autoDraw = False
273.9653 	EXP 	B: autoDraw = False
273.9653 	EXP 	text_8: autoDraw = True
274.0551 	DATA 	Mouse:  Left button up, pos=(1631,416)
274.3485 	EXP 	text_8: autoDraw = False
274.3485 	EXP 	text_8: autoDraw = False
274.3485 	EXP 	slider: markerPos = None
274.3485 	EXP 	slider: markerPos = 1
274.3485 	EXP 	slider: autoDraw = True
274.3485 	EXP 	text_9: autoDraw = True
274.3485 	EXP 	text_answer: autoDraw = True
275.6846 	DATA 	Mouse: Left button down, pos=(1414,601)
275.7151 	EXP 	slider: markerPos = np.float64(5.016)
275.7485 	EXP 	slider: markerPos = np.float64(5.016)
275.7820 	EXP 	slider: markerPos = np.float64(5.016)
275.8151 	EXP 	slider: markerPos = np.float64(5.016)
275.8167 	DATA 	Mouse:  Left button up, pos=(1414,601)
275.8474 	EXP 	slider: markerPos = 5.0
276.8999 	DATA 	Mouse: Left button down, pos=(1001,283)
276.9352 	EXP 	slider: autoDraw = False
276.9352 	EXP 	text_9: autoDraw = False
276.9352 	EXP 	text_answer: autoDraw = False
276.9352 	EXP 	text_8: autoDraw = True
277.0061 	DATA 	Mouse:  Left button up, pos=(1001,283)
277.2989 	INFO 	Keyboard events cleared
277.2986 	EXP 	text_8: autoDraw = False
277.2986 	EXP 	corrColor_2: height = np.float64(56.0)
277.2986 	EXP 	corrColor_2: height = np.float64(56.0)
277.2986 	EXP 	corrColor_2: height = np.float64(56.0)
277.2986 	EXP 	corrColor_2: text = 'Green'
277.2986 	EXP 	R_2: height = np.float64(42.0)
277.2986 	EXP 	R_2: height = np.float64(42.0)
277.2986 	EXP 	R_2: height = np.float64(42.0)
277.2986 	EXP 	R_2: text = 2
277.2986 	EXP 	G_2: height = np.float64(42.0)
277.2986 	EXP 	G_2: height = np.float64(42.0)
277.2986 	EXP 	G_2: height = np.float64(42.0)
277.2986 	EXP 	G_2: text = 100
277.2986 	EXP 	B_2: height = np.float64(42.0)
277.2986 	EXP 	B_2: height = np.float64(42.0)
277.2986 	EXP 	B_2: height = np.float64(42.0)
277.2986 	EXP 	B_2: text = 1
277.2986 	EXP 	correctAnswer: autoDraw = True
277.2986 	EXP 	RBGInfo_2: autoDraw = True
277.2986 	EXP 	R_2: autoDraw = True
277.2986 	EXP 	G_2: autoDraw = True
277.2986 	EXP 	B_2: autoDraw = True
277.9532 	DATA 	Mouse: Left button down, pos=(1001,283)
277.9682 	EXP 	correctAnswer: autoDraw = False
277.9682 	EXP 	wrongAnswer: autoDraw = False
277.9682 	EXP 	corrColor_2: autoDraw = False
277.9682 	EXP 	RBGInfo_2: autoDraw = False
277.9682 	EXP 	R_2: autoDraw = False
277.9682 	EXP 	G_2: autoDraw = False
277.9682 	EXP 	B_2: autoDraw = False
277.9682 	EXP 	text_11: autoDraw = True
278.0709 	DATA 	Mouse:  Left button up, pos=(1001,283)
278.3041 	EXP 	New trial (rep=0, index=10): <Trial 10 (10 in rep 0) data={'folder': '01-1', 'image': '016_Yellow.jpg', 'logical': True, 'corrColor': 'Yellow', 'corrR': 98, 'corrG': 100, 'corrB': 11, 'image_path': '01-1/016_Yellow_0.png', 'thisN': 10, 'thisTrialN': 10, 'thisRepN': 0}>
278.4830 	EXP 	text_11: autoDraw = False
278.4830 	EXP 	text_11: autoDraw = False
278.4830 	EXP 	img: foreColor = <psychopy.colors.Color: white, alpha=1.0>
278.4830 	EXP 	img: ori = np.float64(0.0)
278.4830 	EXP 	Instructions: text = 'Click the spacebar to shuffle through the filters to recognize the color.\nPress the button of the color you think it corresponds to.'
278.4830 	EXP 	R: height = np.float64(42.0)
278.4830 	EXP 	R: height = np.float64(42.0)
278.4830 	EXP 	R: height = np.float64(42.0)
278.4830 	EXP 	R: text = 98
278.4830 	EXP 	G: height = np.float64(42.0)
278.4830 	EXP 	G: height = np.float64(42.0)
278.4830 	EXP 	G: height = np.float64(42.0)
278.4830 	EXP 	G: text = 100
278.4830 	EXP 	B: height = np.float64(42.0)
278.4830 	EXP 	B: height = np.float64(42.0)
278.4830 	EXP 	B: height = np.float64(42.0)
278.4830 	EXP 	B: text = 11
278.4830 	EXP 	img: autoDraw = True
278.4830 	EXP 	Instructions: autoDraw = True
278.4830 	EXP 	RBGInfo: autoDraw = True
278.4830 	EXP 	R: autoDraw = True
278.4830 	EXP 	G: autoDraw = True
278.4830 	EXP 	B: autoDraw = True
302.2416 	DATA 	Keypress: space
302.2426 	EXP 	Device response: <KeyPress from None: t=302.1626307000406, value=space, duration=None>
302.4132 	EXP 	Device response: <KeyPress from None: t=302.1626307000406, value=space, duration=0.12478029984049499>
303.7759 	DATA 	Keypress: space
303.9190 	EXP 	Device response: <KeyPress from None: t=303.77325710002333, value=space, duration=None>
303.9190 	EXP 	Device response: <KeyPress from None: t=303.77325710002333, value=space, duration=0.13383389986120164>
304.9497 	DATA 	Keypress: space
305.0787 	EXP 	Device response: <KeyPress from None: t=304.9489670000039, value=space, duration=None>
305.0788 	EXP 	Device response: <KeyPress from None: t=304.9489670000039, value=space, duration=0.09796250006183982>
306.3032 	DATA 	Keypress: space
306.3054 	EXP 	Device response: <KeyPress from None: t=306.29383850004524, value=space, duration=None>
306.4419 	EXP 	Device response: <KeyPress from None: t=306.29383850004524, value=space, duration=0.12480219989083707>
310.5277 	DATA 	Mouse: Left button down, pos=(1639,581)
310.5473 	EXP 	img: autoDraw = False
310.5473 	EXP 	Instructions: autoDraw = False
310.5473 	EXP 	RBGInfo: autoDraw = False
310.5473 	EXP 	R: autoDraw = False
310.5473 	EXP 	G: autoDraw = False
310.5473 	EXP 	B: autoDraw = False
310.5473 	EXP 	text_8: autoDraw = True
310.6078 	DATA 	Mouse:  Left button up, pos=(1639,581)
310.9303 	EXP 	text_8: autoDraw = False
310.9303 	EXP 	slider: markerPos = None
310.9303 	EXP 	slider: markerPos = 1
310.9303 	EXP 	slider: autoDraw = True
310.9303 	EXP 	text_9: autoDraw = True
310.9303 	EXP 	text_answer: autoDraw = True
312.1675 	DATA 	Mouse: Left button down, pos=(1402,595)
312.1971 	EXP 	slider: markerPos = np.float64(4.968)
312.2301 	EXP 	slider: markerPos = np.float64(4.968)
312.2637 	EXP 	slider: markerPos = np.float64(4.968)
312.2655 	DATA 	Mouse:  Left button up, pos=(1402,595)
312.2971 	EXP 	slider: markerPos = 5.0
313.1478 	DATA 	Mouse: Left button down, pos=(981,295)
313.1842 	EXP 	slider: autoDraw = False
313.1842 	EXP 	text_9: autoDraw = False
313.1842 	EXP 	text_answer: autoDraw = False
313.1842 	EXP 	text_8: autoDraw = True
313.2706 	DATA 	Mouse:  Left button up, pos=(981,294)
313.5635 	INFO 	Keyboard events cleared
313.5632 	EXP 	text_8: autoDraw = False
313.5632 	EXP 	corrColor_2: height = np.float64(56.0)
313.5632 	EXP 	corrColor_2: height = np.float64(56.0)
313.5632 	EXP 	corrColor_2: height = np.float64(56.0)
313.5632 	EXP 	corrColor_2: text = 'Yellow'
313.5632 	EXP 	R_2: height = np.float64(42.0)
313.5632 	EXP 	R_2: height = np.float64(42.0)
313.5632 	EXP 	R_2: height = np.float64(42.0)
313.5632 	EXP 	R_2: text = 98
313.5632 	EXP 	G_2: height = np.float64(42.0)
313.5632 	EXP 	G_2: height = np.float64(42.0)
313.5632 	EXP 	G_2: height = np.float64(42.0)
313.5632 	EXP 	G_2: text = 100
313.5632 	EXP 	B_2: height = np.float64(42.0)
313.5632 	EXP 	B_2: height = np.float64(42.0)
313.5632 	EXP 	B_2: height = np.float64(42.0)
313.5632 	EXP 	B_2: text = 11
313.5632 	EXP 	correctAnswer: autoDraw = True
313.5632 	EXP 	RBGInfo_2: autoDraw = True
313.5632 	EXP 	R_2: autoDraw = True
313.5632 	EXP 	G_2: autoDraw = True
313.5632 	EXP 	B_2: autoDraw = True
314.4244 	DATA 	Mouse: Left button down, pos=(993,263)
314.4499 	EXP 	correctAnswer: autoDraw = False
314.4499 	EXP 	wrongAnswer: autoDraw = False
314.4499 	EXP 	corrColor_2: autoDraw = False
314.4499 	EXP 	RBGInfo_2: autoDraw = False
314.4499 	EXP 	R_2: autoDraw = False
314.4499 	EXP 	G_2: autoDraw = False
314.4499 	EXP 	B_2: autoDraw = False
314.4499 	EXP 	text_11: autoDraw = True
314.5707 	DATA 	Mouse:  Left button up, pos=(993,263)
314.7867 	EXP 	New trial (rep=0, index=11): <Trial 11 (11 in rep 0) data={'folder': '01-1', 'image': '024_Blue.jpg', 'logical': True, 'corrColor': 'Blue', 'corrR': 2, 'corrG': 2, 'corrB': 100, 'image_path': '01-1/024_Blue_0.png', 'thisN': 11, 'thisTrialN': 11, 'thisRepN': 0}>
314.9644 	EXP 	text_11: autoDraw = False
314.9644 	EXP 	text_11: autoDraw = False
314.9644 	EXP 	img: foreColor = <psychopy.colors.Color: white, alpha=1.0>
314.9644 	EXP 	img: ori = np.float64(0.0)
314.9644 	EXP 	Instructions: text = 'Click the spacebar to shuffle through the filters to recognize the color.\nPress the button of the color you think it corresponds to.'
314.9644 	EXP 	R: height = np.float64(42.0)
314.9644 	EXP 	R: height = np.float64(42.0)
314.9644 	EXP 	R: height = np.float64(42.0)
314.9644 	EXP 	R: text = 2
314.9644 	EXP 	G: height = np.float64(42.0)
314.9644 	EXP 	G: height = np.float64(42.0)
314.9644 	EXP 	G: height = np.float64(42.0)
314.9644 	EXP 	G: text = 2
314.9644 	EXP 	B: height = np.float64(42.0)
314.9644 	EXP 	B: height = np.float64(42.0)
314.9644 	EXP 	B: height = np.float64(42.0)
314.9644 	EXP 	B: text = 100
314.9644 	EXP 	img: autoDraw = True
314.9644 	EXP 	Instructions: autoDraw = True
314.9644 	EXP 	RBGInfo: autoDraw = True
314.9644 	EXP 	R: autoDraw = True
314.9644 	EXP 	G: autoDraw = True
314.9644 	EXP 	B: autoDraw = True
317.7518 	DATA 	Keypress: space
317.7525 	EXP 	Device response: <KeyPress from None: t=317.69125159992836, value=space, duration=None>
317.9071 	EXP 	Device response: <KeyPress from None: t=317.69125159992836, value=space, duration=0.10698419995605946>
318.4412 	DATA 	Keypress: space
318.4441 	EXP 	Device response: <KeyPress from None: t=318.3481145000551, value=space, duration=None>
318.4442 	EXP 	Device response: <KeyPress from None: t=318.3481145000551, value=space, duration=0.08825269993394613>
320.8520 	DATA 	Keypress: space
320.8529 	EXP 	Device response: <KeyPress from None: t=320.8036895999685, value=space, duration=None>
321.0033 	EXP 	Device response: <KeyPress from None: t=320.8036895999685, value=space, duration=0.12482440005987883>
321.6737 	DATA 	Keypress: space
321.6743 	EXP 	Device response: <KeyPress from None: t=321.661718999967, value=space, duration=None>
321.8010 	EXP 	Device response: <KeyPress from None: t=321.661718999967, value=space, duration=0.10663169994950294>
322.3345 	DATA 	Keypress: space
322.3370 	EXP 	Device response: <KeyPress from None: t=322.26384299993515, value=space, duration=None>
322.4719 	EXP 	Device response: <KeyPress from None: t=322.26384299993515, value=space, duration=0.10679470002651215>
323.1389 	DATA 	Keypress: space
323.1400 	EXP 	Device response: <KeyPress from None: t=323.13628320000134, value=space, duration=None>
323.2656 	EXP 	Device response: <KeyPress from None: t=323.13628320000134, value=space, duration=0.12553399987518787>
325.5366 	DATA 	Mouse: Left button down, pos=(1696,646)
325.5469 	EXP 	img: autoDraw = False
325.5469 	EXP 	Instructions: autoDraw = False
325.5469 	EXP 	RBGInfo: autoDraw = False
325.5469 	EXP 	R: autoDraw = False
325.5469 	EXP 	G: autoDraw = False
325.5469 	EXP 	B: autoDraw = False
325.5469 	EXP 	text_8: autoDraw = True
325.5850 	DATA 	Mouse:  Left button up, pos=(1696,646)
325.9301 	EXP 	text_8: autoDraw = False
325.9301 	EXP 	text_8: autoDraw = False
325.9301 	EXP 	slider: markerPos = None
325.9301 	EXP 	slider: markerPos = 1
325.9301 	EXP 	slider: autoDraw = True
325.9301 	EXP 	text_9: autoDraw = True
325.9301 	EXP 	text_answer: autoDraw = True
327.4650 	DATA 	Mouse: Left button down, pos=(1395,573)
327.4962 	EXP 	slider: markerPos = np.float64(4.944)
327.5303 	EXP 	slider: markerPos = np.float64(4.944)
327.5629 	EXP 	slider: markerPos = np.float64(4.944)
327.5828 	DATA 	Mouse:  Left button up, pos=(1396,573)
327.5961 	EXP 	slider: markerPos = np.float64(4.944)
327.6295 	EXP 	slider: markerPos = 5.0
328.4498 	DATA 	Mouse: Left button down, pos=(1046,283)
328.4841 	EXP 	slider: autoDraw = False
328.4841 	EXP 	text_9: autoDraw = False
328.4841 	EXP 	text_answer: autoDraw = False
328.4841 	EXP 	text_8: autoDraw = True
328.5870 	DATA 	Mouse:  Left button up, pos=(1046,283)
328.8467 	INFO 	Keyboard events cleared
328.8465 	EXP 	text_8: autoDraw = False
328.8465 	EXP 	corrColor_2: height = np.float64(56.0)
328.8465 	EXP 	corrColor_2: height = np.float64(56.0)
328.8465 	EXP 	corrColor_2: height = np.float64(56.0)
328.8465 	EXP 	corrColor_2: text = 'Blue'
328.8465 	EXP 	R_2: height = np.float64(42.0)
328.8465 	EXP 	R_2: height = np.float64(42.0)
328.8465 	EXP 	R_2: height = np.float64(42.0)
328.8465 	EXP 	R_2: text = 2
328.8465 	EXP 	G_2: height = np.float64(42.0)
328.8465 	EXP 	G_2: height = np.float64(42.0)
328.8465 	EXP 	G_2: height = np.float64(42.0)
328.8465 	EXP 	G_2: text = 2
328.8465 	EXP 	B_2: height = np.float64(42.0)
328.8465 	EXP 	B_2: height = np.float64(42.0)
328.8465 	EXP 	B_2: height = np.float64(42.0)
328.8465 	EXP 	B_2: text = 100
328.8465 	EXP 	correctAnswer: autoDraw = True
328.8465 	EXP 	RBGInfo_2: autoDraw = True
328.8465 	EXP 	R_2: autoDraw = True
328.8465 	EXP 	G_2: autoDraw = True
328.8465 	EXP 	B_2: autoDraw = True
329.5554 	DATA 	Mouse: Left button down, pos=(1046,283)
329.7027 	DATA 	Mouse:  Left button up, pos=(1046,283)
330.9525 	DATA 	Mouse: Left button down, pos=(1013,255)
330.9656 	EXP 	correctAnswer: autoDraw = False
330.9656 	EXP 	wrongAnswer: autoDraw = False
330.9656 	EXP 	corrColor_2: autoDraw = False
330.9656 	EXP 	RBGInfo_2: autoDraw = False
330.9656 	EXP 	R_2: autoDraw = False
330.9656 	EXP 	G_2: autoDraw = False
330.9656 	EXP 	B_2: autoDraw = False
330.9656 	EXP 	text_11: autoDraw = True
331.0697 	DATA 	Mouse:  Left button up, pos=(1013,255)
331.3005 	EXP 	New trial (rep=0, index=12): <Trial 12 (12 in rep 0) data={'folder': '01-1', 'image': '018_Red.jpg', 'logical': True, 'corrColor': 'Red', 'corrR': 97, 'corrG': 0, 'corrB': 11, 'image_path': '01-1/018_Red_0.png', 'thisN': 12, 'thisTrialN': 12, 'thisRepN': 0}>
331.4974 	EXP 	text_11: autoDraw = False
331.4974 	EXP 	text_11: autoDraw = False
331.4974 	EXP 	img: foreColor = <psychopy.colors.Color: white, alpha=1.0>
331.4974 	EXP 	img: ori = np.float64(0.0)
331.4974 	EXP 	Instructions: text = 'Click the spacebar to shuffle through the filters to recognize the color.\nPress the button of the color you think it corresponds to.'
331.4974 	EXP 	R: height = np.float64(42.0)
331.4974 	EXP 	R: height = np.float64(42.0)
331.4974 	EXP 	R: height = np.float64(42.0)
331.4974 	EXP 	R: text = 97
331.4974 	EXP 	G: height = np.float64(42.0)
331.4974 	EXP 	G: height = np.float64(42.0)
331.4974 	EXP 	G: height = np.float64(42.0)
331.4974 	EXP 	G: text = 0
331.4974 	EXP 	B: height = np.float64(42.0)
331.4974 	EXP 	B: height = np.float64(42.0)
331.4974 	EXP 	B: height = np.float64(42.0)
331.4974 	EXP 	B: text = 11
331.4974 	EXP 	img: autoDraw = True
331.4974 	EXP 	Instructions: autoDraw = True
331.4974 	EXP 	RBGInfo: autoDraw = True
331.4974 	EXP 	R: autoDraw = True
331.4974 	EXP 	G: autoDraw = True
331.4974 	EXP 	B: autoDraw = True
353.1886 	DATA 	Keypress: space
353.1897 	EXP 	Device response: <KeyPress from None: t=353.12385029997677, value=space, duration=None>
353.3361 	EXP 	Device response: <KeyPress from None: t=353.12385029997677, value=space, duration=0.11575009999796748>
354.5778 	DATA 	Keypress: space
354.5786 	EXP 	Device response: <KeyPress from None: t=354.5580895000603, value=space, duration=None>
354.7477 	EXP 	Device response: <KeyPress from None: t=354.5580895000603, value=space, duration=0.12497089989483356>
355.2803 	DATA 	Keypress: space
355.2816 	EXP 	Device response: <KeyPress from None: t=355.1768181999214, value=space, duration=None>
355.2817 	EXP 	Device response: <KeyPress from None: t=355.1768181999214, value=space, duration=0.09820819995366037>
356.0984 	DATA 	Keypress: space
356.0996 	EXP 	Device response: <KeyPress from None: t=356.03642149991356, value=space, duration=None>
356.2269 	EXP 	Device response: <KeyPress from None: t=356.03642149991356, value=space, duration=0.12572330003604293>
362.8441 	DATA 	Mouse: Left button down, pos=(1702,350)
362.8626 	EXP 	img: autoDraw = False
362.8626 	EXP 	Instructions: autoDraw = False
362.8626 	EXP 	RBGInfo: autoDraw = False
362.8626 	EXP 	R: autoDraw = False
362.8626 	EXP 	G: autoDraw = False
362.8626 	EXP 	B: autoDraw = False
362.8626 	EXP 	text_8: autoDraw = True
362.8654 	DATA 	Mouse:  Left button up, pos=(1702,350)
363.2453 	EXP 	text_8: autoDraw = False
363.2453 	EXP 	slider: markerPos = None
363.2453 	EXP 	slider: markerPos = 1
363.2453 	EXP 	slider: autoDraw = True
363.2453 	EXP 	text_9: autoDraw = True
363.2453 	EXP 	text_answer: autoDraw = True
367.4305 	DATA 	Mouse: Left button down, pos=(1407,608)
367.4780 	EXP 	slider: markerPos = np.float64(4.9879999999999995)
367.5117 	EXP 	slider: markerPos = np.float64(4.9879999999999995)
367.5450 	EXP 	slider: markerPos = np.float64(4.9879999999999995)
367.5469 	DATA 	Mouse:  Left button up, pos=(1407,608)
367.5799 	EXP 	slider: markerPos = 5.0
368.4629 	DATA 	Mouse: Left button down, pos=(995,267)
368.4992 	EXP 	slider: autoDraw = False
368.4992 	EXP 	text_9: autoDraw = False
368.4992 	EXP 	text_answer: autoDraw = False
368.4992 	EXP 	text_8: autoDraw = True
368.5500 	DATA 	Mouse:  Left button up, pos=(995,267)
368.8784 	INFO 	Keyboard events cleared
368.8781 	EXP 	text_8: autoDraw = False
368.8781 	EXP 	corrColor_2: height = np.float64(56.0)
368.8781 	EXP 	corrColor_2: height = np.float64(56.0)
368.8781 	EXP 	corrColor_2: height = np.float64(56.0)
368.8781 	EXP 	corrColor_2: text = 'Red'
368.8781 	EXP 	R_2: height = np.float64(42.0)
368.8781 	EXP 	R_2: height = np.float64(42.0)
368.8781 	EXP 	R_2: height = np.float64(42.0)
368.8781 	EXP 	R_2: text = 97
368.8781 	EXP 	G_2: height = np.float64(42.0)
368.8781 	EXP 	G_2: height = np.float64(42.0)
368.8781 	EXP 	G_2: height = np.float64(42.0)
368.8781 	EXP 	G_2: text = 0
368.8781 	EXP 	B_2: height = np.float64(42.0)
368.8781 	EXP 	B_2: height = np.float64(42.0)
368.8781 	EXP 	B_2: height = np.float64(42.0)
368.8781 	EXP 	B_2: text = 11
368.8781 	EXP 	correctAnswer: autoDraw = True
368.8781 	EXP 	RBGInfo_2: autoDraw = True
368.8781 	EXP 	R_2: autoDraw = True
368.8781 	EXP 	G_2: autoDraw = True
368.8781 	EXP 	B_2: autoDraw = True
369.7082 	DATA 	Mouse: Left button down, pos=(1023,287)
369.7493 	EXP 	correctAnswer: autoDraw = False
369.7493 	EXP 	wrongAnswer: autoDraw = False
369.7493 	EXP 	corrColor_2: autoDraw = False
369.7493 	EXP 	RBGInfo_2: autoDraw = False
369.7493 	EXP 	R_2: autoDraw = False
369.7493 	EXP 	G_2: autoDraw = False
369.7493 	EXP 	B_2: autoDraw = False
369.7493 	EXP 	text_11: autoDraw = True
369.8333 	DATA 	Mouse:  Left button up, pos=(1023,287)
370.0836 	EXP 	New trial (rep=0, index=13): <Trial 13 (13 in rep 0) data={'folder': '01-1', 'image': '016_Purple.jpg', 'logical': True, 'corrColor': 'Purple', 'corrR': 64, 'corrG': 0, 'corrB': 92, 'image_path': '01-1/016_Purple_0.png', 'thisN': 13, 'thisTrialN': 13, 'thisRepN': 0}>
370.2794 	EXP 	text_11: autoDraw = False
370.2794 	EXP 	img: foreColor = <psychopy.colors.Color: white, alpha=1.0>
370.2794 	EXP 	img: ori = np.float64(0.0)
370.2794 	EXP 	Instructions: text = 'Click the spacebar to shuffle through the filters to recognize the color.\nPress the button of the color you think it corresponds to.'
370.2794 	EXP 	R: height = np.float64(42.0)
370.2794 	EXP 	R: height = np.float64(42.0)
370.2794 	EXP 	R: height = np.float64(42.0)
370.2794 	EXP 	R: text = 64
370.2794 	EXP 	G: height = np.float64(42.0)
370.2794 	EXP 	G: height = np.float64(42.0)
370.2794 	EXP 	G: height = np.float64(42.0)
370.2794 	EXP 	G: text = 0
370.2794 	EXP 	B: height = np.float64(42.0)
370.2794 	EXP 	B: height = np.float64(42.0)
370.2794 	EXP 	B: height = np.float64(42.0)
370.2794 	EXP 	B: text = 92
370.2794 	EXP 	img: autoDraw = True
370.2794 	EXP 	Instructions: autoDraw = True
370.2794 	EXP 	RBGInfo: autoDraw = True
370.2794 	EXP 	R: autoDraw = True
370.2794 	EXP 	G: autoDraw = True
370.2794 	EXP 	B: autoDraw = True
376.0722 	DATA 	Keypress: space
376.0731 	EXP 	Device response: <KeyPress from None: t=375.97628120006993, value=space, duration=None>
376.2538 	EXP 	Device response: <KeyPress from None: t=375.97628120006993, value=space, duration=0.10711439978331327>
376.8524 	DATA 	Keypress: space
376.8530 	EXP 	Device response: <KeyPress from None: t=376.80176659999415, value=space, duration=None>
377.0156 	EXP 	Device response: <KeyPress from None: t=376.80176659999415, value=space, duration=0.12553959991782904>
378.8244 	DATA 	Keypress: space
378.9695 	EXP 	Device response: <KeyPress from None: t=378.8229966000654, value=space, duration=None>
378.9695 	EXP 	Device response: <KeyPress from None: t=378.8229966000654, value=space, duration=0.13439529994502664>
380.6356 	DATA 	Keypress: space
380.6363 	EXP 	Device response: <KeyPress from None: t=380.59445279999636, value=space, duration=None>
380.7782 	EXP 	Device response: <KeyPress from None: t=380.59445279999636, value=space, duration=0.11569759994745255>
381.5944 	DATA 	Keypress: space
381.5955 	EXP 	Device response: <KeyPress from None: t=381.5771347999107, value=space, duration=None>
381.7525 	EXP 	Device response: <KeyPress from None: t=381.5771347999107, value=space, duration=0.12437590002082288>
385.4656 	DATA 	Keypress: space
385.4694 	EXP 	Device response: <KeyPress from None: t=385.44328449992463, value=space, duration=None>
385.6085 	EXP 	Device response: <KeyPress from None: t=385.44328449992463, value=space, duration=0.11658299993723631>
387.2210 	DATA 	Keypress: space
387.2220 	EXP 	Device response: <KeyPress from None: t=387.21951389987953, value=space, duration=None>
387.5095 	EXP 	Device response: <KeyPress from None: t=387.21951389987953, value=space, duration=0.14289989997632802>
390.6559 	DATA 	Keypress: space
390.6615 	EXP 	Device response: <KeyPress from None: t=390.63344929995947, value=space, duration=None>
390.8095 	EXP 	Device response: <KeyPress from None: t=390.63344929995947, value=space, duration=0.10628239996731281>
408.4261 	DATA 	Keypress: space
408.4302 	EXP 	Device response: <KeyPress from None: t=408.3176092999056, value=space, duration=None>
408.4303 	EXP 	Device response: <KeyPress from None: t=408.3176092999056, value=space, duration=0.10730180004611611>
409.1958 	DATA 	Keypress: space
409.3231 	EXP 	Device response: <KeyPress from None: t=409.1942310000304, value=space, duration=None>
409.3232 	EXP 	Device response: <KeyPress from None: t=409.1942310000304, value=space, duration=0.08837839984335005>
412.3967 	DATA 	Mouse: Left button down, pos=(1677,642)
412.4104 	EXP 	img: autoDraw = False
412.4104 	EXP 	Instructions: autoDraw = False
412.4104 	EXP 	RBGInfo: autoDraw = False
412.4104 	EXP 	R: autoDraw = False
412.4104 	EXP 	G: autoDraw = False
412.4104 	EXP 	B: autoDraw = False
412.4104 	EXP 	text_8: autoDraw = True
412.5151 	DATA 	Mouse:  Left button up, pos=(1677,642)
412.8101 	EXP 	text_8: autoDraw = False
412.8101 	EXP 	text_8: autoDraw = False
412.8101 	EXP 	slider: markerPos = None
412.8101 	EXP 	slider: markerPos = 1
412.8101 	EXP 	slider: autoDraw = True
412.8101 	EXP 	text_9: autoDraw = True
412.8101 	EXP 	text_answer: autoDraw = True
414.2664 	DATA 	Mouse: Left button down, pos=(1413,586)
414.2939 	EXP 	slider: markerPos = np.float64(5.0120000000000005)
414.3269 	EXP 	slider: markerPos = np.float64(5.0120000000000005)
414.3604 	EXP 	slider: markerPos = np.float64(5.0120000000000005)
414.3842 	DATA 	Mouse:  Left button up, pos=(1413,586)
414.3939 	EXP 	slider: markerPos = np.float64(5.0120000000000005)
414.4269 	EXP 	slider: markerPos = 5.0
415.8113 	DATA 	Mouse: Left button down, pos=(1016,236)
415.8469 	EXP 	slider: autoDraw = False
415.8469 	EXP 	text_9: autoDraw = False
415.8469 	EXP 	text_answer: autoDraw = False
415.8469 	EXP 	text_8: autoDraw = True
415.9152 	DATA 	Mouse:  Left button up, pos=(1016,236)
416.2599 	INFO 	Keyboard events cleared
416.2596 	EXP 	text_8: autoDraw = False
416.2596 	EXP 	corrColor_2: height = np.float64(56.0)
416.2596 	EXP 	corrColor_2: height = np.float64(56.0)
416.2596 	EXP 	corrColor_2: height = np.float64(56.0)
416.2596 	EXP 	corrColor_2: text = 'Purple'
416.2596 	EXP 	R_2: height = np.float64(42.0)
416.2596 	EXP 	R_2: height = np.float64(42.0)
416.2596 	EXP 	R_2: height = np.float64(42.0)
416.2596 	EXP 	R_2: text = 64
416.2596 	EXP 	G_2: height = np.float64(42.0)
416.2596 	EXP 	G_2: height = np.float64(42.0)
416.2596 	EXP 	G_2: height = np.float64(42.0)
416.2596 	EXP 	G_2: text = 0
416.2596 	EXP 	B_2: height = np.float64(42.0)
416.2596 	EXP 	B_2: height = np.float64(42.0)
416.2596 	EXP 	B_2: height = np.float64(42.0)
416.2596 	EXP 	B_2: text = 92
416.2596 	EXP 	wrongAnswer: autoDraw = True
416.2596 	EXP 	corrColor_2: autoDraw = True
416.2596 	EXP 	RBGInfo_2: autoDraw = True
416.2596 	EXP 	R_2: autoDraw = True
416.2596 	EXP 	G_2: autoDraw = True
416.2596 	EXP 	B_2: autoDraw = True
420.6281 	DATA 	Mouse: Left button down, pos=(1610,514)
420.6794 	EXP 	correctAnswer: autoDraw = True
420.6794 	EXP 	wrongAnswer: autoDraw = False
420.6794 	EXP 	corrColor_2: autoDraw = False
420.7536 	DATA 	Mouse:  Left button up, pos=(1610,514)
421.8341 	DATA 	Mouse: Left button down, pos=(1039,284)
421.8462 	EXP 	correctAnswer: autoDraw = False
421.8462 	EXP 	wrongAnswer: autoDraw = False
421.8462 	EXP 	corrColor_2: autoDraw = False
421.8462 	EXP 	RBGInfo_2: autoDraw = False
421.8462 	EXP 	R_2: autoDraw = False
421.8462 	EXP 	G_2: autoDraw = False
421.8462 	EXP 	B_2: autoDraw = False
421.8462 	EXP 	text_11: autoDraw = True
421.9327 	DATA 	Mouse:  Left button up, pos=(1039,284)
422.1807 	EXP 	New trial (rep=0, index=14): <Trial 14 (14 in rep 0) data={'folder': '01-1', 'image': '023_Red.jpg', 'logical': True, 'corrColor': 'Red', 'corrR': 100, 'corrG': 0, 'corrB': 1, 'image_path': '01-1/023_Red_0.png', 'thisN': 14, 'thisTrialN': 14, 'thisRepN': 0}>
422.3606 	EXP 	text_11: autoDraw = False
422.3606 	EXP 	text_11: autoDraw = False
422.3606 	EXP 	img: foreColor = <psychopy.colors.Color: white, alpha=1.0>
422.3606 	EXP 	img: ori = np.float64(0.0)
422.3606 	EXP 	Instructions: text = 'Click the spacebar to shuffle through the filters to recognize the color.\nPress the button of the color you think it corresponds to.'
422.3606 	EXP 	R: height = np.float64(42.0)
422.3606 	EXP 	R: height = np.float64(42.0)
422.3606 	EXP 	R: height = np.float64(42.0)
422.3606 	EXP 	R: text = 100
422.3606 	EXP 	G: height = np.float64(42.0)
422.3606 	EXP 	G: height = np.float64(42.0)
422.3606 	EXP 	G: height = np.float64(42.0)
422.3606 	EXP 	G: text = 0
422.3606 	EXP 	B: height = np.float64(42.0)
422.3606 	EXP 	B: height = np.float64(42.0)
422.3606 	EXP 	B: height = np.float64(42.0)
422.3606 	EXP 	B: text = 1
422.3606 	EXP 	img: autoDraw = True
422.3606 	EXP 	Instructions: autoDraw = True
422.3606 	EXP 	RBGInfo: autoDraw = True
422.3606 	EXP 	R: autoDraw = True
422.3606 	EXP 	G: autoDraw = True
422.3606 	EXP 	B: autoDraw = True
425.8850 	DATA 	Keypress: space
425.8864 	EXP 	Device response: <KeyPress from None: t=425.83516040001996, value=space, duration=None>
426.0337 	EXP 	Device response: <KeyPress from None: t=425.83516040001996, value=space, duration=0.08981439983472228>
426.8761 	DATA 	Keypress: space
426.8841 	EXP 	Device response: <KeyPress from None: t=426.800579899922, value=space, duration=None>
426.8841 	EXP 	Device response: <KeyPress from None: t=426.800579899922, value=space, duration=0.07072760001756251>
427.8987 	DATA 	Keypress: space
427.9018 	EXP 	Device response: <KeyPress from None: t=427.82770480006, value=space, duration=None>
428.0554 	EXP 	Device response: <KeyPress from None: t=427.82770480006, value=space, duration=0.09857919998466969>
428.8675 	DATA 	Keypress: space
428.8685 	EXP 	Device response: <KeyPress from None: t=428.78512319992296, value=space, duration=None>
429.0108 	EXP 	Device response: <KeyPress from None: t=428.78512319992296, value=space, duration=0.09799810010008514>
433.5344 	DATA 	Mouse: Left button down, pos=(1693,348)
433.5427 	EXP 	img: autoDraw = False
433.5427 	EXP 	Instructions: autoDraw = False
433.5427 	EXP 	RBGInfo: autoDraw = False
433.5427 	EXP 	R: autoDraw = False
433.5427 	EXP 	G: autoDraw = False
433.5427 	EXP 	B: autoDraw = False
433.5427 	EXP 	text_8: autoDraw = True
433.5817 	DATA 	Mouse:  Left button up, pos=(1693,348)
433.9259 	EXP 	text_8: autoDraw = False
433.9259 	EXP 	text_8: autoDraw = False
433.9259 	EXP 	slider: markerPos = None
433.9259 	EXP 	slider: markerPos = 1
433.9259 	EXP 	slider: autoDraw = True
433.9259 	EXP 	text_9: autoDraw = True
433.9259 	EXP 	text_answer: autoDraw = True
435.4768 	DATA 	Mouse: Left button down, pos=(1411,580)
435.5092 	EXP 	slider: markerPos = np.float64(5.004)
435.5426 	EXP 	slider: markerPos = np.float64(5.004)
435.5751 	EXP 	slider: markerPos = np.float64(5.004)
435.5769 	DATA 	Mouse:  Left button up, pos=(1411,580)
435.6088 	EXP 	slider: markerPos = 5.0
436.2770 	DATA 	Mouse: Left button down, pos=(1043,255)
436.2962 	EXP 	slider: autoDraw = False
436.2962 	EXP 	text_9: autoDraw = False
436.2962 	EXP 	text_answer: autoDraw = False
436.2962 	EXP 	text_8: autoDraw = True
436.3810 	DATA 	Mouse:  Left button up, pos=(1043,255)
436.6756 	INFO 	Keyboard events cleared
436.6753 	EXP 	text_8: autoDraw = False
436.6753 	EXP 	corrColor_2: height = np.float64(56.0)
436.6753 	EXP 	corrColor_2: height = np.float64(56.0)
436.6753 	EXP 	corrColor_2: height = np.float64(56.0)
436.6753 	EXP 	corrColor_2: text = 'Red'
436.6753 	EXP 	R_2: height = np.float64(42.0)
436.6753 	EXP 	R_2: height = np.float64(42.0)
436.6753 	EXP 	R_2: height = np.float64(42.0)
436.6753 	EXP 	R_2: text = 100
436.6753 	EXP 	G_2: height = np.float64(42.0)
436.6753 	EXP 	G_2: height = np.float64(42.0)
436.6753 	EXP 	G_2: height = np.float64(42.0)
436.6753 	EXP 	G_2: text = 0
436.6753 	EXP 	B_2: height = np.float64(42.0)
436.6753 	EXP 	B_2: height = np.float64(42.0)
436.6753 	EXP 	B_2: height = np.float64(42.0)
436.6753 	EXP 	B_2: text = 1
436.6753 	EXP 	correctAnswer: autoDraw = True
436.6753 	EXP 	RBGInfo_2: autoDraw = True
436.6753 	EXP 	R_2: autoDraw = True
436.6753 	EXP 	G_2: autoDraw = True
436.6753 	EXP 	B_2: autoDraw = True
438.5492 	DATA 	Mouse: Left button down, pos=(1059,275)
438.5620 	EXP 	correctAnswer: autoDraw = False
438.5620 	EXP 	wrongAnswer: autoDraw = False
438.5620 	EXP 	corrColor_2: autoDraw = False
438.5620 	EXP 	RBGInfo_2: autoDraw = False
438.5620 	EXP 	R_2: autoDraw = False
438.5620 	EXP 	G_2: autoDraw = False
438.5620 	EXP 	B_2: autoDraw = False
438.5620 	EXP 	text_11: autoDraw = True
438.6479 	DATA 	Mouse:  Left button up, pos=(1059,275)
438.8971 	EXP 	New trial (rep=0, index=15): <Trial 15 (15 in rep 0) data={'folder': '01-1', 'image': '007_Blue.jpg', 'logical': True, 'corrColor': 'Blue', 'corrR': 0, 'corrG': 2, 'corrB': 97, 'image_path': '01-1/007_Blue_0.png', 'thisN': 15, 'thisTrialN': 15, 'thisRepN': 0}>
439.0438 	EXP 	text_11: autoDraw = False
439.0438 	EXP 	text_11: autoDraw = False
439.0438 	EXP 	img: foreColor = <psychopy.colors.Color: white, alpha=1.0>
439.0438 	EXP 	img: ori = np.float64(0.0)
439.0438 	EXP 	Instructions: text = 'Click the spacebar to shuffle through the filters to recognize the color.\nPress the button of the color you think it corresponds to.'
439.0438 	EXP 	R: height = np.float64(42.0)
439.0438 	EXP 	R: height = np.float64(42.0)
439.0438 	EXP 	R: height = np.float64(42.0)
439.0438 	EXP 	R: text = 0
439.0438 	EXP 	G: height = np.float64(42.0)
439.0438 	EXP 	G: height = np.float64(42.0)
439.0438 	EXP 	G: height = np.float64(42.0)
439.0438 	EXP 	G: text = 2
439.0438 	EXP 	B: height = np.float64(42.0)
439.0438 	EXP 	B: height = np.float64(42.0)
439.0438 	EXP 	B: height = np.float64(42.0)
439.0438 	EXP 	B: text = 97
439.0438 	EXP 	img: autoDraw = True
439.0438 	EXP 	Instructions: autoDraw = True
439.0438 	EXP 	RBGInfo: autoDraw = True
439.0438 	EXP 	R: autoDraw = True
439.0438 	EXP 	G: autoDraw = True
439.0438 	EXP 	B: autoDraw = True
441.2270 	DATA 	Keypress: space
441.2276 	EXP 	Device response: <KeyPress from None: t=441.1455472998787, value=space, duration=None>
441.3792 	EXP 	Device response: <KeyPress from None: t=441.1455472998787, value=space, duration=0.12548870011232793>
442.6562 	DATA 	Keypress: space
442.6568 	EXP 	Device response: <KeyPress from None: t=442.6424662999343, value=space, duration=None>
442.8110 	EXP 	Device response: <KeyPress from None: t=442.6424662999343, value=space, duration=0.09763650014065206>
444.3335 	DATA 	Keypress: space
444.3349 	EXP 	Device response: <KeyPress from None: t=444.28387179994024, value=space, duration=None>
444.4773 	EXP 	Device response: <KeyPress from None: t=444.28387179994024, value=space, duration=0.12477639992721379>
445.7204 	DATA 	Keypress: space
445.7211 	EXP 	Device response: <KeyPress from None: t=445.7071541000623, value=space, duration=None>
445.8335 	EXP 	Device response: <KeyPress from None: t=445.7071541000623, value=space, duration=0.10672149993479252>
446.5313 	DATA 	Keypress: space
446.5322 	EXP 	Device response: <KeyPress from None: t=446.51707109995186, value=space, duration=None>
446.6525 	EXP 	Device response: <KeyPress from None: t=446.51707109995186, value=space, duration=0.09789189998991787>
449.2069 	DATA 	Mouse: Left button down, pos=(1677,641)
449.2259 	EXP 	img: autoDraw = False
449.2259 	EXP 	Instructions: autoDraw = False
449.2259 	EXP 	RBGInfo: autoDraw = False
449.2259 	EXP 	R: autoDraw = False
449.2259 	EXP 	G: autoDraw = False
449.2259 	EXP 	B: autoDraw = False
449.2259 	EXP 	text_8: autoDraw = True
449.2982 	DATA 	Mouse:  Left button up, pos=(1677,641)
449.6088 	EXP 	text_8: autoDraw = False
449.6088 	EXP 	slider: markerPos = None
449.6088 	EXP 	slider: markerPos = 1
449.6088 	EXP 	slider: autoDraw = True
449.6088 	EXP 	text_9: autoDraw = True
449.6088 	EXP 	text_answer: autoDraw = True
450.1766 	DATA 	Mouse: Left button down, pos=(1326,359)
450.6417 	EXP 	slider: markerPos = np.float64(5.096)
450.6748 	EXP 	slider: markerPos = np.float64(5.116)
450.7085 	EXP 	slider: markerPos = np.float64(5.128)
450.7418 	EXP 	slider: markerPos = np.float64(5.140000000000001)
450.7752 	EXP 	slider: markerPos = np.float64(5.144)
450.8089 	EXP 	slider: markerPos = np.float64(5.140000000000001)
450.8417 	EXP 	slider: markerPos = np.float64(5.136)
450.8752 	EXP 	slider: markerPos = np.float64(5.132)
450.9082 	EXP 	slider: markerPos = np.float64(5.128)
450.9419 	EXP 	slider: markerPos = np.float64(5.12)
450.9750 	EXP 	slider: markerPos = np.float64(5.12)
450.9979 	DATA 	Mouse: Left button down, pos=(1440,574)
451.0086 	EXP 	slider: markerPos = np.float64(5.12)
451.0417 	EXP 	slider: markerPos = np.float64(5.12)
451.0751 	EXP 	slider: markerPos = np.float64(5.12)
451.1085 	EXP 	slider: markerPos = np.float64(5.12)
451.1418 	EXP 	slider: markerPos = np.float64(5.12)
451.1435 	DATA 	Mouse:  Left button up, pos=(1440,574)
451.1764 	EXP 	slider: markerPos = 5.0
452.1101 	DATA 	Mouse: Left button down, pos=(967,244)
452.1285 	EXP 	slider: autoDraw = False
452.1285 	EXP 	text_9: autoDraw = False
452.1285 	EXP 	text_answer: autoDraw = False
452.1285 	EXP 	text_8: autoDraw = True
452.2309 	DATA 	Mouse:  Left button up, pos=(967,244)
452.5084 	INFO 	Keyboard events cleared
452.5082 	EXP 	text_8: autoDraw = False
452.5082 	EXP 	corrColor_2: height = np.float64(56.0)
452.5082 	EXP 	corrColor_2: height = np.float64(56.0)
452.5082 	EXP 	corrColor_2: height = np.float64(56.0)
452.5082 	EXP 	corrColor_2: text = 'Blue'
452.5082 	EXP 	R_2: height = np.float64(42.0)
452.5082 	EXP 	R_2: height = np.float64(42.0)
452.5082 	EXP 	R_2: height = np.float64(42.0)
452.5082 	EXP 	R_2: text = 0
452.5082 	EXP 	G_2: height = np.float64(42.0)
452.5082 	EXP 	G_2: height = np.float64(42.0)
452.5082 	EXP 	G_2: height = np.float64(42.0)
452.5082 	EXP 	G_2: text = 2
452.5082 	EXP 	B_2: height = np.float64(42.0)
452.5082 	EXP 	B_2: height = np.float64(42.0)
452.5082 	EXP 	B_2: height = np.float64(42.0)
452.5082 	EXP 	B_2: text = 97
452.5082 	EXP 	correctAnswer: autoDraw = True
452.5082 	EXP 	RBGInfo_2: autoDraw = True
452.5082 	EXP 	R_2: autoDraw = True
452.5082 	EXP 	G_2: autoDraw = True
452.5082 	EXP 	B_2: autoDraw = True
452.8992 	DATA 	Mouse:  Left button up, pos=(1294,485)
454.0323 	DATA 	Mouse: Left button down, pos=(1022,277)
454.0448 	EXP 	correctAnswer: autoDraw = False
454.0448 	EXP 	wrongAnswer: autoDraw = False
454.0448 	EXP 	corrColor_2: autoDraw = False
454.0448 	EXP 	RBGInfo_2: autoDraw = False
454.0448 	EXP 	R_2: autoDraw = False
454.0448 	EXP 	G_2: autoDraw = False
454.0448 	EXP 	B_2: autoDraw = False
454.0448 	EXP 	text_11: autoDraw = True
454.1479 	DATA 	Mouse:  Left button up, pos=(1022,277)
454.3796 	EXP 	New trial (rep=0, index=16): <Trial 16 (16 in rep 0) data={'folder': '01-1', 'image': '009_Green.jpg', 'logical': True, 'corrColor': 'Green', 'corrR': 2, 'corrG': 100, 'corrB': 5, 'image_path': '01-1/009_Green_0.png', 'thisN': 16, 'thisTrialN': 16, 'thisRepN': 0}>
454.5262 	EXP 	text_11: autoDraw = False
454.5262 	EXP 	text_11: autoDraw = False
454.5262 	EXP 	img: foreColor = <psychopy.colors.Color: white, alpha=1.0>
454.5262 	EXP 	img: ori = np.float64(0.0)
454.5262 	EXP 	Instructions: text = 'Click the spacebar to shuffle through the filters to recognize the color.\nPress the button of the color you think it corresponds to.'
454.5262 	EXP 	R: height = np.float64(42.0)
454.5262 	EXP 	R: height = np.float64(42.0)
454.5262 	EXP 	R: height = np.float64(42.0)
454.5262 	EXP 	R: text = 2
454.5262 	EXP 	G: height = np.float64(42.0)
454.5262 	EXP 	G: height = np.float64(42.0)
454.5262 	EXP 	G: height = np.float64(42.0)
454.5262 	EXP 	G: text = 100
454.5262 	EXP 	B: height = np.float64(42.0)
454.5262 	EXP 	B: height = np.float64(42.0)
454.5262 	EXP 	B: height = np.float64(42.0)
454.5262 	EXP 	B: text = 5
454.5262 	EXP 	img: autoDraw = True
454.5262 	EXP 	Instructions: autoDraw = True
454.5262 	EXP 	RBGInfo: autoDraw = True
454.5262 	EXP 	R: autoDraw = True
454.5262 	EXP 	G: autoDraw = True
454.5262 	EXP 	B: autoDraw = True
456.7669 	DATA 	Keypress: space
456.7678 	EXP 	Device response: <KeyPress from None: t=456.7274841000326, value=space, duration=None>
456.9230 	EXP 	Device response: <KeyPress from None: t=456.7274841000326, value=space, duration=0.1248361999168992>
459.3481 	DATA 	Keypress: space
459.3490 	EXP 	Device response: <KeyPress from None: t=459.2762227000203, value=space, duration=None>
459.5052 	EXP 	Device response: <KeyPress from None: t=459.2762227000203, value=space, duration=0.10650019999593496>
460.3399 	DATA 	Keypress: space
460.3408 	EXP 	Device response: <KeyPress from None: t=460.26682349992916, value=space, duration=None>
460.5033 	EXP 	Device response: <KeyPress from None: t=460.26682349992916, value=space, duration=0.0883432999253273>
461.5603 	DATA 	Keypress: space
461.6735 	EXP 	Device response: <KeyPress from None: t=461.55866710003465, value=space, duration=None>
461.7780 	EXP 	Device response: <KeyPress from None: t=461.55866710003465, value=space, duration=0.12634279998019338>
462.3080 	DATA 	Keypress: space
462.3086 	EXP 	Device response: <KeyPress from None: t=462.3067681998946, value=space, duration=None>
462.5450 	EXP 	Device response: <KeyPress from None: t=462.3067681998946, value=space, duration=0.11497640004381537>
464.8117 	DATA 	Mouse: Left button down, pos=(1644,406)
464.8252 	EXP 	img: autoDraw = False
464.8252 	EXP 	Instructions: autoDraw = False
464.8252 	EXP 	RBGInfo: autoDraw = False
464.8252 	EXP 	R: autoDraw = False
464.8252 	EXP 	G: autoDraw = False
464.8252 	EXP 	B: autoDraw = False
464.8252 	EXP 	text_8: autoDraw = True
464.9315 	DATA 	Mouse:  Left button up, pos=(1645,406)
465.2589 	EXP 	text_8: autoDraw = False
465.2589 	EXP 	slider: markerPos = None
465.2589 	EXP 	slider: markerPos = 1
465.2589 	EXP 	slider: autoDraw = True
465.2589 	EXP 	text_9: autoDraw = True
465.2589 	EXP 	text_answer: autoDraw = True
466.7590 	DATA 	Mouse: Left button down, pos=(1403,599)
466.8089 	EXP 	slider: markerPos = np.float64(4.9719999999999995)
466.8410 	EXP 	slider: markerPos = np.float64(4.9719999999999995)
466.8628 	DATA 	Mouse:  Left button up, pos=(1403,599)
466.8748 	EXP 	slider: markerPos = np.float64(4.9719999999999995)
466.9085 	EXP 	slider: markerPos = 5.0
467.7595 	DATA 	Mouse: Left button down, pos=(891,266)
467.7781 	EXP 	slider: autoDraw = False
467.7781 	EXP 	text_9: autoDraw = False
467.7781 	EXP 	text_answer: autoDraw = False
467.7781 	EXP 	text_8: autoDraw = True
467.8627 	DATA 	Mouse:  Left button up, pos=(891,266)
468.1414 	INFO 	Keyboard events cleared
468.1411 	EXP 	text_8: autoDraw = False
468.1411 	EXP 	text_8: autoDraw = False
468.1411 	EXP 	corrColor_2: height = np.float64(56.0)
468.1411 	EXP 	corrColor_2: height = np.float64(56.0)
468.1411 	EXP 	corrColor_2: height = np.float64(56.0)
468.1411 	EXP 	corrColor_2: text = 'Green'
468.1411 	EXP 	R_2: height = np.float64(42.0)
468.1411 	EXP 	R_2: height = np.float64(42.0)
468.1411 	EXP 	R_2: height = np.float64(42.0)
468.1411 	EXP 	R_2: text = 2
468.1411 	EXP 	G_2: height = np.float64(42.0)
468.1411 	EXP 	G_2: height = np.float64(42.0)
468.1411 	EXP 	G_2: height = np.float64(42.0)
468.1411 	EXP 	G_2: text = 100
468.1411 	EXP 	B_2: height = np.float64(42.0)
468.1411 	EXP 	B_2: height = np.float64(42.0)
468.1411 	EXP 	B_2: height = np.float64(42.0)
468.1411 	EXP 	B_2: text = 5
468.1411 	EXP 	correctAnswer: autoDraw = True
468.1411 	EXP 	RBGInfo_2: autoDraw = True
468.1411 	EXP 	R_2: autoDraw = True
468.1411 	EXP 	G_2: autoDraw = True
468.1411 	EXP 	B_2: autoDraw = True
468.7684 	DATA 	Mouse: Left button down, pos=(941,262)
468.8115 	EXP 	correctAnswer: autoDraw = False
468.8115 	EXP 	wrongAnswer: autoDraw = False
468.8115 	EXP 	corrColor_2: autoDraw = False
468.8115 	EXP 	RBGInfo_2: autoDraw = False
468.8115 	EXP 	R_2: autoDraw = False
468.8115 	EXP 	G_2: autoDraw = False
468.8115 	EXP 	B_2: autoDraw = False
468.8115 	EXP 	text_11: autoDraw = True
468.8824 	DATA 	Mouse:  Left button up, pos=(941,262)
469.1462 	EXP 	New trial (rep=0, index=17): <Trial 17 (17 in rep 0) data={'folder': '01-1', 'image': '028_Purple.jpg', 'logical': True, 'corrColor': 'Purple', 'corrR': 66, 'corrG': 0, 'corrB': 95, 'image_path': '01-1/028_Purple_0.png', 'thisN': 17, 'thisTrialN': 17, 'thisRepN': 0}>
469.3095 	EXP 	text_11: autoDraw = False
469.3095 	EXP 	text_11: autoDraw = False
469.3095 	EXP 	img: foreColor = <psychopy.colors.Color: white, alpha=1.0>
469.3095 	EXP 	img: ori = np.float64(0.0)
469.3095 	EXP 	Instructions: text = 'Click the spacebar to shuffle through the filters to recognize the color.\nPress the button of the color you think it corresponds to.'
469.3095 	EXP 	R: height = np.float64(42.0)
469.3095 	EXP 	R: height = np.float64(42.0)
469.3095 	EXP 	R: height = np.float64(42.0)
469.3095 	EXP 	R: text = 66
469.3095 	EXP 	G: height = np.float64(42.0)
469.3095 	EXP 	G: height = np.float64(42.0)
469.3095 	EXP 	G: height = np.float64(42.0)
469.3095 	EXP 	G: text = 0
469.3095 	EXP 	B: height = np.float64(42.0)
469.3095 	EXP 	B: height = np.float64(42.0)
469.3095 	EXP 	B: height = np.float64(42.0)
469.3095 	EXP 	B: text = 95
469.3095 	EXP 	img: autoDraw = True
469.3095 	EXP 	Instructions: autoDraw = True
469.3095 	EXP 	RBGInfo: autoDraw = True
469.3095 	EXP 	R: autoDraw = True
469.3095 	EXP 	G: autoDraw = True
469.3095 	EXP 	B: autoDraw = True
479.1521 	DATA 	Keypress: space
479.1546 	EXP 	Device response: <KeyPress from None: t=479.12763029988855, value=space, duration=None>
479.3201 	EXP 	Device response: <KeyPress from None: t=479.12763029988855, value=space, duration=0.10713420016691089>
480.9262 	DATA 	Keypress: space
480.9293 	EXP 	Device response: <KeyPress from None: t=480.8207522998564, value=space, duration=None>
480.9293 	EXP 	Device response: <KeyPress from None: t=480.8207522998564, value=space, duration=0.10673260013572872>
488.0902 	DATA 	Keypress: space
488.0945 	EXP 	Device response: <KeyPress from None: t=488.03768000006676, value=space, duration=None>
488.2538 	EXP 	Device response: <KeyPress from None: t=488.03768000006676, value=space, duration=0.16088099987246096>
489.2718 	DATA 	Keypress: space
489.2771 	EXP 	Device response: <KeyPress from None: t=489.19082909985445, value=space, duration=None>
489.4205 	EXP 	Device response: <KeyPress from None: t=489.19082909985445, value=space, duration=0.10677620000205934>
491.0806 	DATA 	Keypress: space
491.0818 	EXP 	Device response: <KeyPress from None: t=491.06994910002686, value=space, duration=None>
491.2187 	EXP 	Device response: <KeyPress from None: t=491.06994910002686, value=space, duration=0.13395769987255335>
492.1789 	DATA 	Keypress: space
492.1810 	EXP 	Device response: <KeyPress from None: t=492.14954890008084, value=space, duration=None>
492.3233 	EXP 	Device response: <KeyPress from None: t=492.14954890008084, value=space, duration=0.1069155998993665>
496.2461 	DATA 	Mouse: Left button down, pos=(1695,529)
496.3916 	DATA 	Mouse:  Left button up, pos=(1695,529)
498.5434 	DATA 	Mouse: Left button down, pos=(1693,523)
498.5577 	EXP 	img: autoDraw = False
498.5577 	EXP 	Instructions: autoDraw = False
498.5577 	EXP 	RBGInfo: autoDraw = False
498.5577 	EXP 	R: autoDraw = False
498.5577 	EXP 	G: autoDraw = False
498.5577 	EXP 	B: autoDraw = False
498.5577 	EXP 	text_8: autoDraw = True
498.6136 	DATA 	Mouse:  Left button up, pos=(1693,523)
498.9411 	EXP 	text_8: autoDraw = False
498.9411 	EXP 	text_8: autoDraw = False
498.9411 	EXP 	slider: markerPos = None
498.9411 	EXP 	slider: markerPos = 1
498.9411 	EXP 	slider: autoDraw = True
498.9411 	EXP 	text_9: autoDraw = True
498.9411 	EXP 	text_answer: autoDraw = True
500.5760 	DATA 	Mouse: Left button down, pos=(1166,577)
500.6068 	EXP 	slider: markerPos = np.float64(4.024)
500.6409 	EXP 	slider: markerPos = np.float64(4.024)
500.6735 	EXP 	slider: markerPos = np.float64(4.024)
500.6972 	DATA 	Mouse:  Left button up, pos=(1166,577)
500.7069 	EXP 	slider: markerPos = np.float64(4.024)
500.7394 	EXP 	slider: markerPos = 4.0
501.4595 	DATA 	Mouse: Left button down, pos=(984,274)
501.4768 	EXP 	slider: autoDraw = False
501.4768 	EXP 	text_9: autoDraw = False
501.4768 	EXP 	text_answer: autoDraw = False
501.4768 	EXP 	text_8: autoDraw = True
501.5829 	DATA 	Mouse:  Left button up, pos=(984,274)
501.8578 	INFO 	Keyboard events cleared
501.8575 	EXP 	text_8: autoDraw = False
501.8575 	EXP 	corrColor_2: height = np.float64(56.0)
501.8575 	EXP 	corrColor_2: height = np.float64(56.0)
501.8575 	EXP 	corrColor_2: height = np.float64(56.0)
501.8575 	EXP 	corrColor_2: text = 'Purple'
501.8575 	EXP 	R_2: height = np.float64(42.0)
501.8575 	EXP 	R_2: height = np.float64(42.0)
501.8575 	EXP 	R_2: height = np.float64(42.0)
501.8575 	EXP 	R_2: text = 66
501.8575 	EXP 	G_2: height = np.float64(42.0)
501.8575 	EXP 	G_2: height = np.float64(42.0)
501.8575 	EXP 	G_2: height = np.float64(42.0)
501.8575 	EXP 	G_2: text = 0
501.8575 	EXP 	B_2: height = np.float64(42.0)
501.8575 	EXP 	B_2: height = np.float64(42.0)
501.8575 	EXP 	B_2: height = np.float64(42.0)
501.8575 	EXP 	B_2: text = 95
501.8575 	EXP 	correctAnswer: autoDraw = True
501.8575 	EXP 	RBGInfo_2: autoDraw = True
501.8575 	EXP 	R_2: autoDraw = True
501.8575 	EXP 	G_2: autoDraw = True
501.8575 	EXP 	B_2: autoDraw = True
502.4018 	DATA 	Mouse: Left button down, pos=(984,274)
502.4438 	EXP 	correctAnswer: autoDraw = False
502.4438 	EXP 	wrongAnswer: autoDraw = False
502.4438 	EXP 	corrColor_2: autoDraw = False
502.4438 	EXP 	RBGInfo_2: autoDraw = False
502.4438 	EXP 	R_2: autoDraw = False
502.4438 	EXP 	G_2: autoDraw = False
502.4438 	EXP 	B_2: autoDraw = False
502.4438 	EXP 	text_11: autoDraw = True
502.5122 	DATA 	Mouse:  Left button up, pos=(984,274)
502.7777 	EXP 	New trial (rep=0, index=18): <Trial 18 (18 in rep 0) data={'folder': '01-1', 'image': '018_Yellow.jpg', 'logical': True, 'corrColor': 'Yellow', 'corrR': 100, 'corrG': 88, 'corrB': 0, 'image_path': '01-1/018_Yellow_0.png', 'thisN': 18, 'thisTrialN': 18, 'thisRepN': 0}>
502.9415 	EXP 	text_11: autoDraw = False
502.9415 	EXP 	text_11: autoDraw = False
502.9415 	EXP 	img: foreColor = <psychopy.colors.Color: white, alpha=1.0>
502.9415 	EXP 	img: ori = np.float64(0.0)
502.9415 	EXP 	Instructions: text = 'Click the spacebar to shuffle through the filters to recognize the color.\nPress the button of the color you think it corresponds to.'
502.9415 	EXP 	R: height = np.float64(42.0)
502.9415 	EXP 	R: height = np.float64(42.0)
502.9415 	EXP 	R: height = np.float64(42.0)
502.9415 	EXP 	R: text = 100
502.9415 	EXP 	G: height = np.float64(42.0)
502.9415 	EXP 	G: height = np.float64(42.0)
502.9415 	EXP 	G: height = np.float64(42.0)
502.9415 	EXP 	G: text = 88
502.9415 	EXP 	B: height = np.float64(42.0)
502.9415 	EXP 	B: height = np.float64(42.0)
502.9415 	EXP 	B: height = np.float64(42.0)
502.9415 	EXP 	B: text = 0
502.9415 	EXP 	img: autoDraw = True
502.9415 	EXP 	Instructions: autoDraw = True
502.9415 	EXP 	RBGInfo: autoDraw = True
502.9415 	EXP 	R: autoDraw = True
502.9415 	EXP 	G: autoDraw = True
502.9415 	EXP 	B: autoDraw = True
505.8796 	DATA 	Keypress: space
505.8810 	EXP 	Device response: <KeyPress from None: t=505.84041259996593, value=space, duration=None>
506.0241 	EXP 	Device response: <KeyPress from None: t=505.84041259996593, value=space, duration=0.0884595001116395>
508.4103 	DATA 	Keypress: space
508.4112 	EXP 	Device response: <KeyPress from None: t=508.4094608000014, value=space, duration=None>
508.5641 	EXP 	Device response: <KeyPress from None: t=508.4094608000014, value=space, duration=0.09768019989132881>
509.4892 	DATA 	Keypress: space
509.4911 	EXP 	Device response: <KeyPress from None: t=509.4665931998752, value=space, duration=None>
509.6442 	EXP 	Device response: <KeyPress from None: t=509.4665931998752, value=space, duration=0.1159440001938492>
510.3108 	DATA 	Keypress: space
510.3114 	EXP 	Device response: <KeyPress from None: t=510.2929674999323, value=space, duration=None>
510.5667 	EXP 	Device response: <KeyPress from None: t=510.2929674999323, value=space, duration=0.14312659995630383>
511.4192 	DATA 	Keypress: space
511.4212 	EXP 	Device response: <KeyPress from None: t=511.41748679988086, value=space, duration=None>
511.5477 	EXP 	Device response: <KeyPress from None: t=511.41748679988086, value=space, duration=0.08871420007199049>
517.3631 	DATA 	Mouse: Left button down, pos=(1652,586)
517.4892 	DATA 	Mouse:  Left button up, pos=(1652,586)
519.2183 	DATA 	Mouse: Left button down, pos=(1695,578)
519.2400 	EXP 	img: autoDraw = False
519.2400 	EXP 	Instructions: autoDraw = False
519.2400 	EXP 	RBGInfo: autoDraw = False
519.2400 	EXP 	R: autoDraw = False
519.2400 	EXP 	G: autoDraw = False
519.2400 	EXP 	B: autoDraw = False
519.2400 	EXP 	text_8: autoDraw = True
519.3282 	DATA 	Mouse:  Left button up, pos=(1695,578)
519.6234 	EXP 	text_8: autoDraw = False
519.6234 	EXP 	slider: markerPos = None
519.6234 	EXP 	slider: markerPos = 1
519.6234 	EXP 	slider: autoDraw = True
519.6234 	EXP 	text_9: autoDraw = True
519.6234 	EXP 	text_answer: autoDraw = True
520.8145 	DATA 	Mouse: Left button down, pos=(1394,599)
520.8556 	EXP 	slider: markerPos = np.float64(4.936)
520.8904 	EXP 	slider: markerPos = np.float64(4.936)
520.9226 	EXP 	slider: markerPos = np.float64(4.936)
520.9239 	DATA 	Mouse:  Left button up, pos=(1394,599)
520.9565 	EXP 	slider: markerPos = 5.0
522.9594 	DATA 	Mouse: Left button down, pos=(1013,284)
522.9762 	EXP 	slider: autoDraw = False
522.9762 	EXP 	text_9: autoDraw = False
522.9762 	EXP 	text_answer: autoDraw = False
522.9762 	EXP 	text_8: autoDraw = True
523.0617 	DATA 	Mouse:  Left button up, pos=(1013,284)
523.3562 	INFO 	Keyboard events cleared
523.3557 	EXP 	text_8: autoDraw = False
523.3557 	EXP 	text_8: autoDraw = False
523.3557 	EXP 	corrColor_2: height = np.float64(56.0)
523.3557 	EXP 	corrColor_2: height = np.float64(56.0)
523.3557 	EXP 	corrColor_2: height = np.float64(56.0)
523.3557 	EXP 	corrColor_2: text = 'Yellow'
523.3557 	EXP 	R_2: height = np.float64(42.0)
523.3557 	EXP 	R_2: height = np.float64(42.0)
523.3557 	EXP 	R_2: height = np.float64(42.0)
523.3557 	EXP 	R_2: text = 100
523.3557 	EXP 	G_2: height = np.float64(42.0)
523.3557 	EXP 	G_2: height = np.float64(42.0)
523.3557 	EXP 	G_2: height = np.float64(42.0)
523.3557 	EXP 	G_2: text = 88
523.3557 	EXP 	B_2: height = np.float64(42.0)
523.3557 	EXP 	B_2: height = np.float64(42.0)
523.3557 	EXP 	B_2: height = np.float64(42.0)
523.3557 	EXP 	B_2: text = 0
523.3557 	EXP 	correctAnswer: autoDraw = True
523.3557 	EXP 	RBGInfo_2: autoDraw = True
523.3557 	EXP 	R_2: autoDraw = True
523.3557 	EXP 	G_2: autoDraw = True
523.3557 	EXP 	B_2: autoDraw = True
524.0360 	DATA 	Mouse: Left button down, pos=(990,238)
524.0771 	EXP 	correctAnswer: autoDraw = False
524.0771 	EXP 	wrongAnswer: autoDraw = False
524.0771 	EXP 	corrColor_2: autoDraw = False
524.0771 	EXP 	RBGInfo_2: autoDraw = False
524.0771 	EXP 	R_2: autoDraw = False
524.0771 	EXP 	G_2: autoDraw = False
524.0771 	EXP 	B_2: autoDraw = False
524.0771 	EXP 	text_11: autoDraw = True
524.1622 	DATA 	Mouse:  Left button up, pos=(990,240)
524.4110 	EXP 	New trial (rep=0, index=19): <Trial 19 (19 in rep 0) data={'folder': '01-1', 'image': '021_Cyan.jpg', 'logical': True, 'corrColor': 'Cyan', 'corrR': 0, 'corrG': 87, 'corrB': 100, 'image_path': '01-1/021_Cyan_0.png', 'thisN': 19, 'thisTrialN': 19, 'thisRepN': 0}>
524.6077 	EXP 	text_11: autoDraw = False
524.6077 	EXP 	text_11: autoDraw = False
524.6077 	EXP 	img: foreColor = <psychopy.colors.Color: white, alpha=1.0>
524.6077 	EXP 	img: ori = np.float64(0.0)
524.6077 	EXP 	Instructions: text = 'Click the spacebar to shuffle through the filters to recognize the color.\nPress the button of the color you think it corresponds to.'
524.6077 	EXP 	R: height = np.float64(42.0)
524.6077 	EXP 	R: height = np.float64(42.0)
524.6077 	EXP 	R: height = np.float64(42.0)
524.6077 	EXP 	R: text = 0
524.6077 	EXP 	G: height = np.float64(42.0)
524.6077 	EXP 	G: height = np.float64(42.0)
524.6077 	EXP 	G: height = np.float64(42.0)
524.6077 	EXP 	G: text = 87
524.6077 	EXP 	B: height = np.float64(42.0)
524.6077 	EXP 	B: height = np.float64(42.0)
524.6077 	EXP 	B: height = np.float64(42.0)
524.6077 	EXP 	B: text = 100
524.6077 	EXP 	img: autoDraw = True
524.6077 	EXP 	Instructions: autoDraw = True
524.6077 	EXP 	RBGInfo: autoDraw = True
524.6077 	EXP 	R: autoDraw = True
524.6077 	EXP 	G: autoDraw = True
524.6077 	EXP 	B: autoDraw = True
528.2348 	DATA 	Keypress: space
528.2377 	EXP 	Device response: <KeyPress from None: t=528.1596359000541, value=space, duration=None>
528.4087 	EXP 	Device response: <KeyPress from None: t=528.1596359000541, value=space, duration=0.10703189997002482>
531.4327 	DATA 	Keypress: space
531.4346 	EXP 	Device response: <KeyPress from None: t=531.3654744999949, value=space, duration=None>
531.5936 	EXP 	Device response: <KeyPress from None: t=531.3654744999949, value=space, duration=0.08967890008352697>
539.0168 	DATA 	Mouse: Left button down, pos=(1696,457)
539.0399 	EXP 	img: autoDraw = False
539.0399 	EXP 	Instructions: autoDraw = False
539.0399 	EXP 	RBGInfo: autoDraw = False
539.0399 	EXP 	R: autoDraw = False
539.0399 	EXP 	G: autoDraw = False
539.0399 	EXP 	B: autoDraw = False
539.0399 	EXP 	text_8: autoDraw = True
539.0774 	DATA 	Mouse:  Left button up, pos=(1696,457)
539.4217 	EXP 	text_8: autoDraw = False
539.4217 	EXP 	slider: markerPos = None
539.4217 	EXP 	slider: markerPos = 1
539.4217 	EXP 	slider: autoDraw = True
539.4217 	EXP 	text_9: autoDraw = True
539.4217 	EXP 	text_answer: autoDraw = True
541.0931 	DATA 	Mouse: Left button down, pos=(1395,601)
541.1224 	EXP 	slider: markerPos = np.float64(4.9399999999999995)
541.1554 	EXP 	slider: markerPos = np.float64(4.9399999999999995)
541.1896 	EXP 	slider: markerPos = np.float64(4.9399999999999995)
541.2218 	EXP 	slider: markerPos = np.float64(4.9399999999999995)
541.2239 	DATA 	Mouse:  Left button up, pos=(1395,602)
541.2554 	EXP 	slider: markerPos = 5.0
542.1583 	DATA 	Mouse: Left button down, pos=(1007,277)
542.1751 	EXP 	slider: autoDraw = False
542.1751 	EXP 	text_9: autoDraw = False
542.1751 	EXP 	text_answer: autoDraw = False
542.1751 	EXP 	text_8: autoDraw = True
542.2454 	DATA 	Mouse:  Left button up, pos=(1007,277)
542.5725 	INFO 	Keyboard events cleared
542.5722 	EXP 	text_8: autoDraw = False
542.5722 	EXP 	text_8: autoDraw = False
542.5722 	EXP 	corrColor_2: height = np.float64(56.0)
542.5722 	EXP 	corrColor_2: height = np.float64(56.0)
542.5722 	EXP 	corrColor_2: height = np.float64(56.0)
542.5722 	EXP 	corrColor_2: text = 'Cyan'
542.5722 	EXP 	R_2: height = np.float64(42.0)
542.5722 	EXP 	R_2: height = np.float64(42.0)
542.5722 	EXP 	R_2: height = np.float64(42.0)
542.5722 	EXP 	R_2: text = 0
542.5722 	EXP 	G_2: height = np.float64(42.0)
542.5722 	EXP 	G_2: height = np.float64(42.0)
542.5722 	EXP 	G_2: height = np.float64(42.0)
542.5722 	EXP 	G_2: text = 87
542.5722 	EXP 	B_2: height = np.float64(42.0)
542.5722 	EXP 	B_2: height = np.float64(42.0)
542.5722 	EXP 	B_2: height = np.float64(42.0)
542.5722 	EXP 	B_2: text = 100
542.5722 	EXP 	correctAnswer: autoDraw = True
542.5722 	EXP 	RBGInfo_2: autoDraw = True
542.5722 	EXP 	R_2: autoDraw = True
542.5722 	EXP 	G_2: autoDraw = True
542.5722 	EXP 	B_2: autoDraw = True
543.1931 	DATA 	Mouse: Left button down, pos=(1013,272)
543.2085 	EXP 	correctAnswer: autoDraw = False
543.2085 	EXP 	wrongAnswer: autoDraw = False
543.2085 	EXP 	corrColor_2: autoDraw = False
543.2085 	EXP 	RBGInfo_2: autoDraw = False
543.2085 	EXP 	R_2: autoDraw = False
543.2085 	EXP 	G_2: autoDraw = False
543.2085 	EXP 	B_2: autoDraw = False
543.2085 	EXP 	text_11: autoDraw = True
543.3131 	DATA 	Mouse:  Left button up, pos=(1013,272)
543.5431 	EXP 	New trial (rep=0, index=20): <Trial 20 (20 in rep 0) data={'folder': '01-1', 'image': '025_Cyan.jpg', 'logical': True, 'corrColor': 'Cyan', 'corrR': 7, 'corrG': 100, 'corrB': 99, 'image_path': '01-1/025_Cyan_0.png', 'thisN': 20, 'thisTrialN': 20, 'thisRepN': 0}>
543.7068 	EXP 	text_11: autoDraw = False
543.7068 	EXP 	text_11: autoDraw = False
543.7068 	EXP 	img: foreColor = <psychopy.colors.Color: white, alpha=1.0>
543.7068 	EXP 	img: ori = np.float64(0.0)
543.7068 	EXP 	Instructions: text = 'Click the spacebar to shuffle through the filters to recognize the color.\nPress the button of the color you think it corresponds to.'
543.7068 	EXP 	R: height = np.float64(42.0)
543.7068 	EXP 	R: height = np.float64(42.0)
543.7068 	EXP 	R: height = np.float64(42.0)
543.7068 	EXP 	R: text = 7
543.7068 	EXP 	G: height = np.float64(42.0)
543.7068 	EXP 	G: height = np.float64(42.0)
543.7068 	EXP 	G: height = np.float64(42.0)
543.7068 	EXP 	G: text = 100
543.7068 	EXP 	B: height = np.float64(42.0)
543.7068 	EXP 	B: height = np.float64(42.0)
543.7068 	EXP 	B: height = np.float64(42.0)
543.7068 	EXP 	B: text = 99
543.7068 	EXP 	img: autoDraw = True
543.7068 	EXP 	Instructions: autoDraw = True
543.7068 	EXP 	RBGInfo: autoDraw = True
543.7068 	EXP 	R: autoDraw = True
543.7068 	EXP 	G: autoDraw = True
543.7068 	EXP 	B: autoDraw = True
545.3356 	DATA 	Keypress: space
545.4477 	EXP 	Device response: <KeyPress from None: t=545.3326763999648, value=space, duration=None>
545.4478 	EXP 	Device response: <KeyPress from None: t=545.3326763999648, value=space, duration=0.08877040003426373>
547.0946 	DATA 	Keypress: space
547.0953 	EXP 	Device response: <KeyPress from None: t=547.0380392000079, value=space, duration=None>
547.2320 	EXP 	Device response: <KeyPress from None: t=547.0380392000079, value=space, duration=0.1259281998500228>
554.2765 	DATA 	Mouse: Left button down, pos=(1633,461)
554.2891 	EXP 	img: autoDraw = False
554.2891 	EXP 	Instructions: autoDraw = False
554.2891 	EXP 	RBGInfo: autoDraw = False
554.2891 	EXP 	R: autoDraw = False
554.2891 	EXP 	G: autoDraw = False
554.2891 	EXP 	B: autoDraw = False
554.2891 	EXP 	text_8: autoDraw = True
554.3443 	DATA 	Mouse:  Left button up, pos=(1633,461)
554.6717 	EXP 	text_8: autoDraw = False
554.6717 	EXP 	text_8: autoDraw = False
554.6717 	EXP 	slider: markerPos = None
554.6717 	EXP 	slider: markerPos = 1
554.6717 	EXP 	slider: autoDraw = True
554.6717 	EXP 	text_9: autoDraw = True
554.6717 	EXP 	text_answer: autoDraw = True
555.9954 	DATA 	Mouse: Left button down, pos=(1164,577)
556.0381 	EXP 	slider: markerPos = np.float64(4.016)
556.0715 	EXP 	slider: markerPos = np.float64(4.016)
556.1057 	EXP 	slider: markerPos = np.float64(4.016)
556.1088 	DATA 	Mouse:  Left button up, pos=(1164,577)
556.1547 	EXP 	slider: markerPos = 4.0
557.1493 	DATA 	Mouse: Left button down, pos=(901,260)
557.1919 	EXP 	slider: autoDraw = False
557.1919 	EXP 	text_9: autoDraw = False
557.1919 	EXP 	text_answer: autoDraw = False
557.1919 	EXP 	text_8: autoDraw = True
557.2611 	DATA 	Mouse:  Left button up, pos=(915,261)
557.5727 	INFO 	Keyboard events cleared
557.5724 	EXP 	text_8: autoDraw = False
557.5724 	EXP 	corrColor_2: text = 'Cyan'
557.5724 	EXP 	R_2: height = np.float64(42.0)
557.5724 	EXP 	R_2: height = np.float64(42.0)
557.5724 	EXP 	R_2: height = np.float64(42.0)
557.5724 	EXP 	R_2: text = 7
557.5724 	EXP 	G_2: height = np.float64(42.0)
557.5724 	EXP 	G_2: height = np.float64(42.0)
557.5724 	EXP 	G_2: height = np.float64(42.0)
557.5724 	EXP 	G_2: text = 100
557.5724 	EXP 	B_2: height = np.float64(42.0)
557.5724 	EXP 	B_2: height = np.float64(42.0)
557.5724 	EXP 	B_2: height = np.float64(42.0)
557.5724 	EXP 	B_2: text = 99
557.5724 	EXP 	correctAnswer: autoDraw = True
557.5724 	EXP 	RBGInfo_2: autoDraw = True
557.5724 	EXP 	R_2: autoDraw = True
557.5724 	EXP 	G_2: autoDraw = True
557.5724 	EXP 	B_2: autoDraw = True
558.1457 	DATA 	Mouse: Left button down, pos=(978,247)
558.1717 	EXP 	correctAnswer: autoDraw = False
558.1717 	EXP 	wrongAnswer: autoDraw = False
558.1717 	EXP 	corrColor_2: autoDraw = False
558.1717 	EXP 	RBGInfo_2: autoDraw = False
558.1717 	EXP 	R_2: autoDraw = False
558.1717 	EXP 	G_2: autoDraw = False
558.1717 	EXP 	B_2: autoDraw = False
558.1717 	EXP 	text_11: autoDraw = True
558.2781 	DATA 	Mouse:  Left button up, pos=(975,249)
558.5111 	EXP 	New trial (rep=0, index=21): <Trial 21 (21 in rep 0) data={'folder': '01-1', 'image': '014_Red.jpg', 'logical': True, 'corrColor': 'Red', 'corrR': 95, 'corrG': 0, 'corrB': 0, 'image_path': '01-1/014_Red_0.png', 'thisN': 21, 'thisTrialN': 21, 'thisRepN': 0}>
558.6894 	EXP 	text_11: autoDraw = False
558.6894 	EXP 	img: foreColor = <psychopy.colors.Color: white, alpha=1.0>
558.6894 	EXP 	img: ori = np.float64(0.0)
558.6894 	EXP 	Instructions: text = 'Click the spacebar to shuffle through the filters to recognize the color.\nPress the button of the color you think it corresponds to.'
558.6894 	EXP 	R: height = np.float64(42.0)
558.6894 	EXP 	R: height = np.float64(42.0)
558.6894 	EXP 	R: height = np.float64(42.0)
558.6894 	EXP 	R: text = 95
558.6894 	EXP 	G: height = np.float64(42.0)
558.6894 	EXP 	G: height = np.float64(42.0)
558.6894 	EXP 	G: height = np.float64(42.0)
558.6894 	EXP 	G: text = 0
558.6894 	EXP 	B: height = np.float64(42.0)
558.6894 	EXP 	B: height = np.float64(42.0)
558.6894 	EXP 	B: height = np.float64(42.0)
558.6894 	EXP 	B: text = 0
558.6894 	EXP 	img: autoDraw = True
558.6894 	EXP 	Instructions: autoDraw = True
558.6894 	EXP 	RBGInfo: autoDraw = True
558.6894 	EXP 	R: autoDraw = True
558.6894 	EXP 	G: autoDraw = True
558.6894 	EXP 	B: autoDraw = True
561.2419 	DATA 	Keypress: space
561.2446 	EXP 	Device response: <KeyPress from None: t=561.2395109999925, value=space, duration=None>
561.4019 	EXP 	Device response: <KeyPress from None: t=561.2395109999925, value=space, duration=0.09789269999600947>
562.1139 	DATA 	Keypress: space
562.1150 	EXP 	Device response: <KeyPress from None: t=562.0262762999628, value=space, duration=None>
562.2790 	EXP 	Device response: <KeyPress from None: t=562.0262762999628, value=space, duration=0.09758589998818934>
563.1060 	DATA 	Keypress: space
563.2537 	EXP 	Device response: <KeyPress from None: t=563.1047801000532, value=space, duration=None>
563.2538 	EXP 	Device response: <KeyPress from None: t=563.1047801000532, value=space, duration=0.09764059982262552>
564.2695 	DATA 	Keypress: space
564.2710 	EXP 	Device response: <KeyPress from None: t=564.1879070999566, value=space, duration=None>
564.4126 	EXP 	Device response: <KeyPress from None: t=564.1879070999566, value=space, duration=0.10712180007249117>
566.9289 	DATA 	Mouse: Left button down, pos=(1647,345)
566.9385 	EXP 	img: autoDraw = False
566.9385 	EXP 	Instructions: autoDraw = False
566.9385 	EXP 	RBGInfo: autoDraw = False
566.9385 	EXP 	R: autoDraw = False
566.9385 	EXP 	G: autoDraw = False
566.9385 	EXP 	B: autoDraw = False
566.9385 	EXP 	text_8: autoDraw = True
566.9789 	DATA 	Mouse:  Left button up, pos=(1647,345)
567.3211 	EXP 	text_8: autoDraw = False
567.3211 	EXP 	text_8: autoDraw = False
567.3211 	EXP 	slider: markerPos = None
567.3211 	EXP 	slider: markerPos = 1
567.3211 	EXP 	slider: autoDraw = True
567.3211 	EXP 	text_9: autoDraw = True
567.3211 	EXP 	text_answer: autoDraw = True
568.4746 	DATA 	Mouse: Left button down, pos=(1414,600)
568.5212 	EXP 	slider: markerPos = np.float64(5.016)
568.5546 	EXP 	slider: markerPos = np.float64(5.016)
568.5875 	EXP 	slider: markerPos = np.float64(5.016)
568.6092 	DATA 	Mouse:  Left button up, pos=(1414,600)
568.6206 	EXP 	slider: markerPos = np.float64(5.016)
568.6544 	EXP 	slider: markerPos = 5.0
569.8122 	DATA 	Mouse: Left button down, pos=(1006,237)
569.8579 	EXP 	slider: autoDraw = False
569.8579 	EXP 	text_9: autoDraw = False
569.8579 	EXP 	text_answer: autoDraw = False
569.8579 	EXP 	text_8: autoDraw = True
569.9438 	DATA 	Mouse:  Left button up, pos=(1006,238)
570.2376 	INFO 	Keyboard events cleared
570.2373 	EXP 	text_8: autoDraw = False
570.2373 	EXP 	corrColor_2: height = np.float64(56.0)
570.2373 	EXP 	corrColor_2: height = np.float64(56.0)
570.2373 	EXP 	corrColor_2: height = np.float64(56.0)
570.2373 	EXP 	corrColor_2: text = 'Red'
570.2373 	EXP 	R_2: height = np.float64(42.0)
570.2373 	EXP 	R_2: height = np.float64(42.0)
570.2373 	EXP 	R_2: height = np.float64(42.0)
570.2373 	EXP 	R_2: text = 95
570.2373 	EXP 	G_2: height = np.float64(42.0)
570.2373 	EXP 	G_2: height = np.float64(42.0)
570.2373 	EXP 	G_2: height = np.float64(42.0)
570.2373 	EXP 	G_2: text = 0
570.2373 	EXP 	B_2: height = np.float64(42.0)
570.2373 	EXP 	B_2: height = np.float64(42.0)
570.2373 	EXP 	B_2: height = np.float64(42.0)
570.2373 	EXP 	B_2: text = 0
570.2373 	EXP 	correctAnswer: autoDraw = True
570.2373 	EXP 	RBGInfo_2: autoDraw = True
570.2373 	EXP 	R_2: autoDraw = True
570.2373 	EXP 	G_2: autoDraw = True
570.2373 	EXP 	B_2: autoDraw = True
571.1440 	DATA 	Mouse: Left button down, pos=(971,225)
571.1570 	EXP 	correctAnswer: autoDraw = False
571.1570 	EXP 	wrongAnswer: autoDraw = False
571.1570 	EXP 	corrColor_2: autoDraw = False
571.1570 	EXP 	RBGInfo_2: autoDraw = False
571.1570 	EXP 	R_2: autoDraw = False
571.1570 	EXP 	G_2: autoDraw = False
571.1570 	EXP 	B_2: autoDraw = False
571.1570 	EXP 	text_11: autoDraw = True
571.2777 	DATA 	Mouse:  Left button up, pos=(971,225)
571.4907 	EXP 	New trial (rep=0, index=22): <Trial 22 (22 in rep 0) data={'folder': '01-1', 'image': '029_Yellow.jpg', 'logical': True, 'corrColor': 'Yellow', 'corrR': 100, 'corrG': 94, 'corrB': 5, 'image_path': '01-1/029_Yellow_0.png', 'thisN': 22, 'thisTrialN': 22, 'thisRepN': 0}>
571.6722 	EXP 	text_11: autoDraw = False
571.6722 	EXP 	text_11: autoDraw = False
571.6722 	EXP 	img: foreColor = <psychopy.colors.Color: white, alpha=1.0>
571.6722 	EXP 	img: ori = np.float64(0.0)
571.6722 	EXP 	Instructions: text = 'Click the spacebar to shuffle through the filters to recognize the color.\nPress the button of the color you think it corresponds to.'
571.6722 	EXP 	R: height = np.float64(42.0)
571.6722 	EXP 	R: height = np.float64(42.0)
571.6722 	EXP 	R: height = np.float64(42.0)
571.6722 	EXP 	R: text = 100
571.6722 	EXP 	G: height = np.float64(42.0)
571.6722 	EXP 	G: height = np.float64(42.0)
571.6722 	EXP 	G: height = np.float64(42.0)
571.6722 	EXP 	G: text = 94
571.6722 	EXP 	B: height = np.float64(42.0)
571.6722 	EXP 	B: height = np.float64(42.0)
571.6722 	EXP 	B: height = np.float64(42.0)
571.6722 	EXP 	B: text = 5
571.6722 	EXP 	img: autoDraw = True
571.6722 	EXP 	Instructions: autoDraw = True
571.6722 	EXP 	RBGInfo: autoDraw = True
571.6722 	EXP 	R: autoDraw = True
571.6722 	EXP 	G: autoDraw = True
571.6722 	EXP 	B: autoDraw = True
577.2845 	DATA 	Keypress: space
577.2890 	EXP 	Device response: <KeyPress from None: t=577.1969210000243, value=space, duration=None>
577.2890 	EXP 	Device response: <KeyPress from None: t=577.1969210000243, value=space, duration=0.08852509991265833>
583.0727 	DATA 	Keypress: space
583.0762 	EXP 	Device response: <KeyPress from None: t=583.0110072998796, value=space, duration=None>
583.2252 	EXP 	Device response: <KeyPress from None: t=583.0110072998796, value=space, duration=0.12537590018473566>
583.8950 	DATA 	Keypress: space
583.8963 	EXP 	Device response: <KeyPress from None: t=583.8025463998783, value=space, duration=None>
584.0606 	EXP 	Device response: <KeyPress from None: t=583.8025463998783, value=space, duration=0.12618480017408729>
586.6781 	DATA 	Mouse: Left button down, pos=(1644,596)
586.6886 	EXP 	img: autoDraw = False
586.6886 	EXP 	Instructions: autoDraw = False
586.6886 	EXP 	RBGInfo: autoDraw = False
586.6886 	EXP 	R: autoDraw = False
586.6886 	EXP 	G: autoDraw = False
586.6886 	EXP 	B: autoDraw = False
586.6886 	EXP 	text_8: autoDraw = True
586.7780 	DATA 	Mouse:  Left button up, pos=(1644,596)
587.0876 	EXP 	text_8: autoDraw = False
587.0876 	EXP 	text_8: autoDraw = False
587.0876 	EXP 	slider: markerPos = None
587.0876 	EXP 	slider: markerPos = 1
587.0876 	EXP 	slider: autoDraw = True
587.0876 	EXP 	text_9: autoDraw = True
587.0876 	EXP 	text_answer: autoDraw = True
588.3486 	DATA 	Mouse: Left button down, pos=(1413,582)
588.4035 	EXP 	slider: markerPos = np.float64(5.0120000000000005)
588.4361 	EXP 	slider: markerPos = np.float64(5.0120000000000005)
588.4630 	DATA 	Mouse:  Left button up, pos=(1413,582)
588.4705 	EXP 	slider: markerPos = np.float64(5.0120000000000005)
588.5030 	EXP 	slider: markerPos = 5.0
589.5994 	DATA 	Mouse: Left button down, pos=(994,255)
589.6401 	EXP 	slider: autoDraw = False
589.6401 	EXP 	text_9: autoDraw = False
589.6401 	EXP 	text_answer: autoDraw = False
589.6401 	EXP 	text_8: autoDraw = True
589.6921 	DATA 	Mouse:  Left button up, pos=(994,255)
590.0206 	INFO 	Keyboard events cleared
590.0203 	EXP 	text_8: autoDraw = False
590.0203 	EXP 	corrColor_2: height = np.float64(56.0)
590.0203 	EXP 	corrColor_2: height = np.float64(56.0)
590.0203 	EXP 	corrColor_2: height = np.float64(56.0)
590.0203 	EXP 	corrColor_2: text = 'Yellow'
590.0203 	EXP 	R_2: height = np.float64(42.0)
590.0203 	EXP 	R_2: height = np.float64(42.0)
590.0203 	EXP 	R_2: height = np.float64(42.0)
590.0203 	EXP 	R_2: text = 100
590.0203 	EXP 	G_2: height = np.float64(42.0)
590.0203 	EXP 	G_2: height = np.float64(42.0)
590.0203 	EXP 	G_2: height = np.float64(42.0)
590.0203 	EXP 	G_2: text = 94
590.0203 	EXP 	B_2: height = np.float64(42.0)
590.0203 	EXP 	B_2: height = np.float64(42.0)
590.0203 	EXP 	B_2: height = np.float64(42.0)
590.0203 	EXP 	B_2: text = 5
590.0203 	EXP 	correctAnswer: autoDraw = True
590.0203 	EXP 	RBGInfo_2: autoDraw = True
590.0203 	EXP 	R_2: autoDraw = True
590.0203 	EXP 	G_2: autoDraw = True
590.0203 	EXP 	B_2: autoDraw = True
591.2779 	DATA 	Mouse: Left button down, pos=(995,247)
591.3035 	EXP 	correctAnswer: autoDraw = False
591.3035 	EXP 	wrongAnswer: autoDraw = False
591.3035 	EXP 	corrColor_2: autoDraw = False
591.3035 	EXP 	RBGInfo_2: autoDraw = False
591.3035 	EXP 	R_2: autoDraw = False
591.3035 	EXP 	G_2: autoDraw = False
591.3035 	EXP 	B_2: autoDraw = False
591.3035 	EXP 	text_11: autoDraw = True
591.3944 	DATA 	Mouse:  Left button up, pos=(995,247)
591.6395 	EXP 	New trial (rep=0, index=23): <Trial 23 (23 in rep 0) data={'folder': '01-1', 'image': '018_Green.jpg', 'logical': True, 'corrColor': 'Green', 'corrR': 0, 'corrG': 98, 'corrB': 4, 'image_path': '01-1/018_Green_0.png', 'thisN': 23, 'thisTrialN': 23, 'thisRepN': 0}>
591.8379 	EXP 	text_11: autoDraw = False
591.8379 	EXP 	img: foreColor = <psychopy.colors.Color: white, alpha=1.0>
591.8379 	EXP 	img: ori = np.float64(0.0)
591.8379 	EXP 	Instructions: text = 'Click the spacebar to shuffle through the filters to recognize the color.\nPress the button of the color you think it corresponds to.'
591.8379 	EXP 	R: height = np.float64(42.0)
591.8379 	EXP 	R: height = np.float64(42.0)
591.8379 	EXP 	R: height = np.float64(42.0)
591.8379 	EXP 	R: text = 0
591.8379 	EXP 	G: height = np.float64(42.0)
591.8379 	EXP 	G: height = np.float64(42.0)
591.8379 	EXP 	G: height = np.float64(42.0)
591.8379 	EXP 	G: text = 98
591.8379 	EXP 	B: height = np.float64(42.0)
591.8379 	EXP 	B: height = np.float64(42.0)
591.8379 	EXP 	B: height = np.float64(42.0)
591.8379 	EXP 	B: text = 4
591.8379 	EXP 	img: autoDraw = True
591.8379 	EXP 	Instructions: autoDraw = True
591.8379 	EXP 	RBGInfo: autoDraw = True
591.8379 	EXP 	R: autoDraw = True
591.8379 	EXP 	G: autoDraw = True
591.8379 	EXP 	B: autoDraw = True
594.7659 	DATA 	Keypress: space
594.7684 	EXP 	Device response: <KeyPress from None: t=594.6797303999774, value=space, duration=None>
594.9253 	EXP 	Device response: <KeyPress from None: t=594.6797303999774, value=space, duration=0.11405669990926981>
596.9052 	DATA 	Keypress: space
596.9063 	EXP 	Device response: <KeyPress from None: t=596.8753821998835, value=space, duration=None>
597.0626 	EXP 	Device response: <KeyPress from None: t=596.8753821998835, value=space, duration=0.11533010005950928>
597.8645 	DATA 	Keypress: space
597.8700 	EXP 	Device response: <KeyPress from None: t=597.86069329991, value=space, duration=None>
598.0226 	EXP 	Device response: <KeyPress from None: t=597.86069329991, value=space, duration=0.1339197000488639>
599.3237 	DATA 	Keypress: space
599.3269 	EXP 	Device response: <KeyPress from None: t=599.2303371999878, value=space, duration=None>
599.5617 	EXP 	Device response: <KeyPress from None: t=599.2303371999878, value=space, duration=0.09817379992455244>
600.5508 	DATA 	Keypress: space
600.6877 	EXP 	Device response: <KeyPress from None: t=600.5487851998769, value=space, duration=None>
600.6877 	EXP 	Device response: <KeyPress from None: t=600.5487851998769, value=space, duration=0.09859910001978278>
603.0896 	DATA 	Mouse: Left button down, pos=(1679,407)
603.1038 	EXP 	img: autoDraw = False
603.1038 	EXP 	Instructions: autoDraw = False
603.1038 	EXP 	RBGInfo: autoDraw = False
603.1038 	EXP 	R: autoDraw = False
603.1038 	EXP 	G: autoDraw = False
603.1038 	EXP 	B: autoDraw = False
603.1038 	EXP 	text_8: autoDraw = True
603.1311 	DATA 	Mouse:  Left button up, pos=(1679,407)
603.4862 	EXP 	text_8: autoDraw = False
603.4862 	EXP 	text_8: autoDraw = False
603.4862 	EXP 	slider: markerPos = None
603.4862 	EXP 	slider: markerPos = 1
603.4862 	EXP 	slider: autoDraw = True
603.4862 	EXP 	text_9: autoDraw = True
603.4862 	EXP 	text_answer: autoDraw = True
603.9678 	DATA 	Mouse: Left button down, pos=(1460,340)
604.2858 	EXP 	slider: markerPos = np.float64(4.896)
604.3194 	EXP 	slider: markerPos = np.float64(4.9239999999999995)
604.3520 	EXP 	slider: markerPos = np.float64(4.948)
604.3860 	EXP 	slider: markerPos = np.float64(4.976)
604.4193 	EXP 	slider: markerPos = np.float64(5.008)
604.4526 	EXP 	slider: markerPos = np.float64(5.024)
604.4851 	EXP 	slider: markerPos = np.float64(5.036)
604.5194 	EXP 	slider: markerPos = np.float64(5.036)
604.5527 	EXP 	slider: markerPos = np.float64(5.036)
604.5850 	EXP 	slider: markerPos = np.float64(5.032)
604.6194 	EXP 	slider: markerPos = np.float64(5.0280000000000005)
604.6526 	EXP 	slider: markerPos = np.float64(5.0280000000000005)
604.6761 	DATA 	Mouse: Left button down, pos=(1416,569)
604.6860 	EXP 	slider: markerPos = np.float64(5.0280000000000005)
604.7191 	EXP 	slider: markerPos = np.float64(5.024)
604.7525 	EXP 	slider: markerPos = np.float64(5.024)
604.7860 	EXP 	slider: markerPos = np.float64(5.024)
604.8074 	DATA 	Mouse:  Left button up, pos=(1416,570)
604.8195 	EXP 	slider: markerPos = np.float64(5.024)
604.8531 	EXP 	slider: markerPos = 5.0
605.2226 	DATA 	Mouse:  Left button up, pos=(1150,324)
606.1066 	DATA 	Mouse: Left button down, pos=(929,241)
606.1401 	EXP 	slider: autoDraw = False
606.1401 	EXP 	text_9: autoDraw = False
606.1401 	EXP 	text_answer: autoDraw = False
606.1401 	EXP 	text_8: autoDraw = True
606.2100 	DATA 	Mouse:  Left button up, pos=(929,241)
606.5193 	INFO 	Keyboard events cleared
606.5190 	EXP 	text_8: autoDraw = False
606.5190 	EXP 	corrColor_2: height = np.float64(56.0)
606.5190 	EXP 	corrColor_2: height = np.float64(56.0)
606.5190 	EXP 	corrColor_2: height = np.float64(56.0)
606.5190 	EXP 	corrColor_2: text = 'Green'
606.5190 	EXP 	R_2: height = np.float64(42.0)
606.5190 	EXP 	R_2: height = np.float64(42.0)
606.5190 	EXP 	R_2: height = np.float64(42.0)
606.5190 	EXP 	R_2: text = 0
606.5190 	EXP 	G_2: height = np.float64(42.0)
606.5190 	EXP 	G_2: height = np.float64(42.0)
606.5190 	EXP 	G_2: height = np.float64(42.0)
606.5190 	EXP 	G_2: text = 98
606.5190 	EXP 	B_2: height = np.float64(42.0)
606.5190 	EXP 	B_2: height = np.float64(42.0)
606.5190 	EXP 	B_2: height = np.float64(42.0)
606.5190 	EXP 	B_2: text = 4
606.5190 	EXP 	correctAnswer: autoDraw = True
606.5190 	EXP 	RBGInfo_2: autoDraw = True
606.5190 	EXP 	R_2: autoDraw = True
606.5190 	EXP 	G_2: autoDraw = True
606.5190 	EXP 	B_2: autoDraw = True
607.5253 	DATA 	Mouse: Left button down, pos=(987,266)
607.5406 	EXP 	correctAnswer: autoDraw = False
607.5406 	EXP 	wrongAnswer: autoDraw = False
607.5406 	EXP 	corrColor_2: autoDraw = False
607.5406 	EXP 	RBGInfo_2: autoDraw = False
607.5406 	EXP 	R_2: autoDraw = False
607.5406 	EXP 	G_2: autoDraw = False
607.5406 	EXP 	B_2: autoDraw = False
607.5406 	EXP 	text_11: autoDraw = True
607.6596 	DATA 	Mouse:  Left button up, pos=(987,266)
607.8904 	EXP 	New trial (rep=0, index=24): <Trial 24 (24 in rep 0) data={'folder': '01-1', 'image': '010_Green.jpg', 'logical': True, 'corrColor': 'Green', 'corrR': 1, 'corrG': 100, 'corrB': 11, 'image_path': '01-1/010_Green_0.png', 'thisN': 24, 'thisTrialN': 24, 'thisRepN': 0}>
608.0708 	EXP 	text_11: autoDraw = False
608.0708 	EXP 	img: foreColor = <psychopy.colors.Color: white, alpha=1.0>
608.0708 	EXP 	img: ori = np.float64(0.0)
608.0708 	EXP 	Instructions: text = 'Click the spacebar to shuffle through the filters to recognize the color.\nPress the button of the color you think it corresponds to.'
608.0708 	EXP 	R: height = np.float64(42.0)
608.0708 	EXP 	R: height = np.float64(42.0)
608.0708 	EXP 	R: height = np.float64(42.0)
608.0708 	EXP 	R: text = 1
608.0708 	EXP 	G: height = np.float64(42.0)
608.0708 	EXP 	G: height = np.float64(42.0)
608.0708 	EXP 	G: height = np.float64(42.0)
608.0708 	EXP 	G: text = 100
608.0708 	EXP 	B: height = np.float64(42.0)
608.0708 	EXP 	B: height = np.float64(42.0)
608.0708 	EXP 	B: height = np.float64(42.0)
608.0708 	EXP 	B: text = 11
608.0708 	EXP 	img: autoDraw = True
608.0708 	EXP 	Instructions: autoDraw = True
608.0708 	EXP 	RBGInfo: autoDraw = True
608.0708 	EXP 	R: autoDraw = True
608.0708 	EXP 	G: autoDraw = True
608.0708 	EXP 	B: autoDraw = True
609.9077 	DATA 	Mouse: Left button down, pos=(1239,476)
610.6992 	DATA 	Mouse:  Left button up, pos=(1144,565)
614.9535 	DATA 	Keypress: space
614.9550 	EXP 	Device response: <KeyPress from None: t=614.9502262999304, value=space, duration=None>
615.1034 	EXP 	Device response: <KeyPress from None: t=614.9502262999304, value=space, duration=0.1247505999635905>
617.2021 	DATA 	Keypress: space
617.2032 	EXP 	Device response: <KeyPress from None: t=617.1570343000349, value=space, duration=None>
617.3514 	EXP 	Device response: <KeyPress from None: t=617.1570343000349, value=space, duration=0.13426909991540015>
617.9431 	DATA 	Keypress: space
617.9443 	EXP 	Device response: <KeyPress from None: t=617.8957243000623, value=space, duration=None>
618.0845 	EXP 	Device response: <KeyPress from None: t=617.8957243000623, value=space, duration=0.1250077998265624>
618.6193 	DATA 	Keypress: space
618.6231 	EXP 	Device response: <KeyPress from None: t=618.5381583999842, value=space, duration=None>
618.7632 	EXP 	Device response: <KeyPress from None: t=618.5381583999842, value=space, duration=0.1335885999724269>
621.8900 	DATA 	Mouse: Left button down, pos=(1701,389)
621.9025 	EXP 	img: autoDraw = False
621.9025 	EXP 	Instructions: autoDraw = False
621.9025 	EXP 	RBGInfo: autoDraw = False
621.9025 	EXP 	R: autoDraw = False
621.9025 	EXP 	G: autoDraw = False
621.9025 	EXP 	B: autoDraw = False
621.9025 	EXP 	text_8: autoDraw = True
621.9459 	DATA 	Mouse:  Left button up, pos=(1701,389)
622.2858 	EXP 	text_8: autoDraw = False
622.2858 	EXP 	text_8: autoDraw = False
622.2858 	EXP 	slider: markerPos = None
622.2858 	EXP 	slider: markerPos = 1
622.2858 	EXP 	slider: autoDraw = True
622.2858 	EXP 	text_9: autoDraw = True
622.2858 	EXP 	text_answer: autoDraw = True
623.5536 	DATA 	Mouse: Left button down, pos=(1416,585)
623.5858 	EXP 	slider: markerPos = np.float64(5.024)
623.6211 	EXP 	slider: markerPos = np.float64(5.024)
623.6530 	EXP 	slider: markerPos = np.float64(5.024)
623.6772 	DATA 	Mouse:  Left button up, pos=(1416,585)
623.6867 	EXP 	slider: markerPos = np.float64(5.024)
623.7354 	EXP 	slider: markerPos = 5.0
625.6824 	DATA 	Mouse: Left button down, pos=(1005,258)
625.7227 	EXP 	slider: autoDraw = False
625.7227 	EXP 	text_9: autoDraw = False
625.7227 	EXP 	text_answer: autoDraw = False
625.7227 	EXP 	text_8: autoDraw = True
625.7937 	DATA 	Mouse:  Left button up, pos=(1005,258)
626.0857 	INFO 	Keyboard events cleared
626.0855 	EXP 	text_8: autoDraw = False
626.0855 	EXP 	corrColor_2: text = 'Green'
626.0855 	EXP 	R_2: height = np.float64(42.0)
626.0855 	EXP 	R_2: height = np.float64(42.0)
626.0855 	EXP 	R_2: height = np.float64(42.0)
626.0855 	EXP 	R_2: text = 1
626.0855 	EXP 	G_2: height = np.float64(42.0)
626.0855 	EXP 	G_2: height = np.float64(42.0)
626.0855 	EXP 	G_2: height = np.float64(42.0)
626.0855 	EXP 	G_2: text = 100
626.0855 	EXP 	B_2: height = np.float64(42.0)
626.0855 	EXP 	B_2: height = np.float64(42.0)
626.0855 	EXP 	B_2: height = np.float64(42.0)
626.0855 	EXP 	B_2: text = 11
626.0855 	EXP 	correctAnswer: autoDraw = True
626.0855 	EXP 	RBGInfo_2: autoDraw = True
626.0855 	EXP 	R_2: autoDraw = True
626.0855 	EXP 	G_2: autoDraw = True
626.0855 	EXP 	B_2: autoDraw = True
627.8510 	DATA 	Mouse: Left button down, pos=(1007,265)
627.8904 	EXP 	correctAnswer: autoDraw = False
627.8904 	EXP 	wrongAnswer: autoDraw = False
627.8904 	EXP 	corrColor_2: autoDraw = False
627.8904 	EXP 	RBGInfo_2: autoDraw = False
627.8904 	EXP 	R_2: autoDraw = False
627.8904 	EXP 	G_2: autoDraw = False
627.8904 	EXP 	B_2: autoDraw = False
627.8904 	EXP 	text_11: autoDraw = True
627.9576 	DATA 	Mouse:  Left button up, pos=(1007,265)
628.2391 	EXP 	New trial (rep=0, index=25): <Trial 25 (25 in rep 0) data={'folder': '01-1', 'image': '029_Cyan.jpg', 'logical': True, 'corrColor': 'Cyan', 'corrR': 2, 'corrG': 100, 'corrB': 88, 'image_path': '01-1/029_Cyan_0.png', 'thisN': 25, 'thisTrialN': 25, 'thisRepN': 0}>
628.2772 	EXP 	New trial (rep=0, index=26): <Trial 26 (26 in rep 0) data={'folder': '01-1', 'image': '006_Purple.jpg', 'logical': True, 'corrColor': 'Purple', 'corrR': 65, 'corrG': 0, 'corrB': 100, 'image_path': '01-1/006_Purple_0.png', 'thisN': 26, 'thisTrialN': 26, 'thisRepN': 0}>
628.3239 	EXP 	New trial (rep=0, index=27): <Trial 27 (27 in rep 0) data={'folder': '01-1', 'image': '022_Red.jpg', 'logical': True, 'corrColor': 'Red', 'corrR': 100, 'corrG': 0, 'corrB': 1, 'image_path': '01-1/022_Red_0.png', 'thisN': 27, 'thisTrialN': 27, 'thisRepN': 0}>
628.3700 	EXP 	New trial (rep=0, index=28): <Trial 28 (28 in rep 0) data={'folder': '01-1', 'image': '010_Red.jpg', 'logical': True, 'corrColor': 'Red', 'corrR': 99, 'corrG': 0, 'corrB': 12, 'image_path': '01-1/010_Red_0.png', 'thisN': 28, 'thisTrialN': 28, 'thisRepN': 0}>
628.4179 	EXP 	New trial (rep=0, index=29): <Trial 29 (29 in rep 0) data={'folder': '01-1', 'image': '023_Green.jpg', 'logical': True, 'corrColor': 'Green', 'corrR': 13, 'corrG': 100, 'corrB': 0, 'image_path': '01-1/023_Green_0.png', 'thisN': 29, 'thisTrialN': 29, 'thisRepN': 0}>
628.4542 	EXP 	New trial (rep=0, index=30): <Trial 30 (30 in rep 0) data={'folder': '01-1', 'image': '016_Cyan.jpg', 'logical': True, 'corrColor': 'Cyan', 'corrR': 0, 'corrG': 100, 'corrB': 96, 'image_path': '01-1/016_Cyan_0.png', 'thisN': 30, 'thisTrialN': 30, 'thisRepN': 0}>
628.4921 	EXP 	New trial (rep=0, index=31): <Trial 31 (31 in rep 0) data={'folder': '01-1', 'image': '016_Blue.jpg', 'logical': True, 'corrColor': 'Blue', 'corrR': 0, 'corrG': 8, 'corrB': 99, 'image_path': '01-1/016_Blue_0.png', 'thisN': 31, 'thisTrialN': 31, 'thisRepN': 0}>
628.5252 	EXP 	New trial (rep=0, index=32): <Trial 32 (32 in rep 0) data={'folder': '01-1', 'image': '016_Red.jpg', 'logical': True, 'corrColor': 'Red', 'corrR': 100, 'corrG': 7, 'corrB': 0, 'image_path': '01-1/016_Red_0.png', 'thisN': 32, 'thisTrialN': 32, 'thisRepN': 0}>
628.5579 	EXP 	New trial (rep=0, index=33): <Trial 33 (33 in rep 0) data={'folder': '01-1', 'image': '011_Cyan.jpg', 'logical': True, 'corrColor': 'Cyan', 'corrR': 0, 'corrG': 88, 'corrB': 97, 'image_path': '01-1/011_Cyan_0.png', 'thisN': 33, 'thisTrialN': 33, 'thisRepN': 0}>
628.5908 	EXP 	New trial (rep=0, index=34): <Trial 34 (34 in rep 0) data={'folder': '01-1', 'image': '019_Blue.jpg', 'logical': True, 'corrColor': 'Blue', 'corrR': 0, 'corrG': 2, 'corrB': 95, 'image_path': '01-1/019_Blue_0.png', 'thisN': 34, 'thisTrialN': 34, 'thisRepN': 0}>
628.6230 	EXP 	New trial (rep=0, index=35): <Trial 35 (35 in rep 0) data={'folder': '01-1', 'image': '023_Purple.jpg', 'logical': True, 'corrColor': 'Purple', 'corrR': 64, 'corrG': 4, 'corrB': 100, 'image_path': '01-1/023_Purple_0.png', 'thisN': 35, 'thisTrialN': 35, 'thisRepN': 0}>
628.6544 	EXP 	New trial (rep=0, index=36): <Trial 36 (36 in rep 0) data={'folder': '01-1', 'image': '025_Purple.jpg', 'logical': True, 'corrColor': 'Purple', 'corrR': 53, 'corrG': 0, 'corrB': 96, 'image_path': '01-1/025_Purple_0.png', 'thisN': 36, 'thisTrialN': 36, 'thisRepN': 0}>
628.6862 	EXP 	New trial (rep=0, index=37): <Trial 37 (37 in rep 0) data={'folder': '01-1', 'image': '009_Cyan.jpg', 'logical': True, 'corrColor': 'Cyan', 'corrR': 3, 'corrG': 100, 'corrB': 95, 'image_path': '01-1/009_Cyan_0.png', 'thisN': 37, 'thisTrialN': 37, 'thisRepN': 0}>
628.7171 	EXP 	New trial (rep=0, index=38): <Trial 38 (38 in rep 0) data={'folder': '01-1', 'image': '023_Yellow.jpg', 'logical': True, 'corrColor': 'Yellow', 'corrR': 100, 'corrG': 86, 'corrB': 0, 'image_path': '01-1/023_Yellow_0.png', 'thisN': 38, 'thisTrialN': 38, 'thisRepN': 0}>
628.7482 	EXP 	New trial (rep=0, index=39): <Trial 39 (39 in rep 0) data={'folder': '01-1', 'image': '022_Purple.jpg', 'logical': True, 'corrColor': 'Purple', 'corrR': 58, 'corrG': 13, 'corrB': 100, 'image_path': '01-1/022_Purple_0.png', 'thisN': 39, 'thisTrialN': 39, 'thisRepN': 0}>
628.7788 	EXP 	New trial (rep=0, index=40): <Trial 40 (40 in rep 0) data={'folder': '01-1', 'image': '025_Green.jpg', 'logical': True, 'corrColor': 'Green', 'corrR': 0, 'corrG': 100, 'corrB': 5, 'image_path': '01-1/025_Green_0.png', 'thisN': 40, 'thisTrialN': 40, 'thisRepN': 0}>
628.8093 	EXP 	New trial (rep=0, index=41): <Trial 41 (41 in rep 0) data={'folder': '01-1', 'image': '022_Green.jpg', 'logical': True, 'corrColor': 'Green', 'corrR': 0, 'corrG': 95, 'corrB': 0, 'image_path': '01-1/022_Green_0.png', 'thisN': 41, 'thisTrialN': 41, 'thisRepN': 0}>
628.8351 	EXP 	New trial (rep=0, index=42): <Trial 42 (42 in rep 0) data={'folder': '01-1', 'image': '017_Red.jpg', 'logical': True, 'corrColor': 'Red', 'corrR': 100, 'corrG': 4, 'corrB': 7, 'image_path': '01-1/017_Red_0.png', 'thisN': 42, 'thisTrialN': 42, 'thisRepN': 0}>
628.8642 	EXP 	New trial (rep=0, index=43): <Trial 43 (43 in rep 0) data={'folder': '01-1', 'image': '018_Purple.jpg', 'logical': True, 'corrColor': 'Purple', 'corrR': 51, 'corrG': 2, 'corrB': 100, 'image_path': '01-1/018_Purple_0.png', 'thisN': 43, 'thisTrialN': 43, 'thisRepN': 0}>
628.8943 	EXP 	New trial (rep=0, index=44): <Trial 44 (44 in rep 0) data={'folder': '01-1', 'image': '008_Yellow.jpg', 'logical': True, 'corrColor': 'Yellow', 'corrR': 100, 'corrG': 80, 'corrB': 0, 'image_path': '01-1/008_Yellow_0.png', 'thisN': 44, 'thisTrialN': 44, 'thisRepN': 0}>
628.9239 	EXP 	New trial (rep=0, index=45): <Trial 45 (45 in rep 0) data={'folder': '01-1', 'image': '009_Blue.jpg', 'logical': True, 'corrColor': 'Blue', 'corrR': 0, 'corrG': 1, 'corrB': 88, 'image_path': '01-1/009_Blue_0.png', 'thisN': 45, 'thisTrialN': 45, 'thisRepN': 0}>
628.9561 	EXP 	New trial (rep=0, index=46): <Trial 46 (46 in rep 0) data={'folder': '01-1', 'image': '008_Blue.jpg', 'logical': True, 'corrColor': 'Blue', 'corrR': 4, 'corrG': 9, 'corrB': 100, 'image_path': '01-1/008_Blue_0.png', 'thisN': 46, 'thisTrialN': 46, 'thisRepN': 0}>
628.9851 	EXP 	New trial (rep=0, index=47): <Trial 47 (47 in rep 0) data={'folder': '01-1', 'image': '019_Purple.jpg', 'logical': True, 'corrColor': 'Purple', 'corrR': 55, 'corrG': 0, 'corrB': 100, 'image_path': '01-1/019_Purple_0.png', 'thisN': 47, 'thisTrialN': 47, 'thisRepN': 0}>
629.0161 	EXP 	New trial (rep=0, index=48): <Trial 48 (48 in rep 0) data={'folder': '01-1', 'image': '017_Cyan.jpg', 'logical': True, 'corrColor': 'Cyan', 'corrR': 0, 'corrG': 100, 'corrB': 94, 'image_path': '01-1/017_Cyan_0.png', 'thisN': 48, 'thisTrialN': 48, 'thisRepN': 0}>
629.0496 	EXP 	New trial (rep=0, index=49): <Trial 49 (49 in rep 0) data={'folder': '01-1', 'image': '020_Blue.jpg', 'logical': True, 'corrColor': 'Blue', 'corrR': 0, 'corrG': 6, 'corrB': 100, 'image_path': '01-1/020_Blue_0.png', 'thisN': 49, 'thisTrialN': 49, 'thisRepN': 0}>
629.0811 	EXP 	New trial (rep=0, index=50): <Trial 50 (50 in rep 0) data={'folder': '01-1', 'image': '027_Green.jpg', 'logical': True, 'corrColor': 'Green', 'corrR': 1, 'corrG': 88, 'corrB': 0, 'image_path': '01-1/027_Green_0.png', 'thisN': 50, 'thisTrialN': 50, 'thisRepN': 0}>
629.1123 	EXP 	New trial (rep=0, index=51): <Trial 51 (51 in rep 0) data={'folder': '01-1', 'image': '011_Red.jpg', 'logical': True, 'corrColor': 'Red', 'corrR': 100, 'corrG': 0, 'corrB': 12, 'image_path': '01-1/011_Red_0.png', 'thisN': 51, 'thisTrialN': 51, 'thisRepN': 0}>
629.1521 	EXP 	New trial (rep=0, index=52): <Trial 52 (52 in rep 0) data={'folder': '01-1', 'image': '010_Yellow.jpg', 'logical': True, 'corrColor': 'Yellow', 'corrR': 100, 'corrG': 87, 'corrB': 0, 'image_path': '01-1/010_Yellow_0.png', 'thisN': 52, 'thisTrialN': 52, 'thisRepN': 0}>
629.1863 	EXP 	New trial (rep=0, index=53): <Trial 53 (53 in rep 0) data={'folder': '01-1', 'image': '021_Red.jpg', 'logical': True, 'corrColor': 'Red', 'corrR': 96, 'corrG': 3, 'corrB': 2, 'image_path': '01-1/021_Red_0.png', 'thisN': 53, 'thisTrialN': 53, 'thisRepN': 0}>
629.2182 	EXP 	New trial (rep=0, index=54): <Trial 54 (54 in rep 0) data={'folder': '01-1', 'image': '008_Purple.jpg', 'logical': True, 'corrColor': 'Purple', 'corrR': 52, 'corrG': 0, 'corrB': 99, 'image_path': '01-1/008_Purple_0.png', 'thisN': 54, 'thisTrialN': 54, 'thisRepN': 0}>
629.2509 	EXP 	New trial (rep=0, index=55): <Trial 55 (55 in rep 0) data={'folder': '01-1', 'image': '027_Cyan.jpg', 'logical': True, 'corrColor': 'Cyan', 'corrR': 13, 'corrG': 100, 'corrB': 100, 'image_path': '01-1/027_Cyan_0.png', 'thisN': 55, 'thisTrialN': 55, 'thisRepN': 0}>
629.2833 	EXP 	New trial (rep=0, index=56): <Trial 56 (56 in rep 0) data={'folder': '01-1', 'image': '007_Cyan.jpg', 'logical': True, 'corrColor': 'Cyan', 'corrR': 1, 'corrG': 89, 'corrB': 99, 'image_path': '01-1/007_Cyan_0.png', 'thisN': 56, 'thisTrialN': 56, 'thisRepN': 0}>
629.3103 	EXP 	New trial (rep=0, index=57): <Trial 57 (57 in rep 0) data={'folder': '01-1', 'image': '026_Purple.jpg', 'logical': True, 'corrColor': 'Purple', 'corrR': 55, 'corrG': 4, 'corrB': 100, 'image_path': '01-1/026_Purple_0.png', 'thisN': 57, 'thisTrialN': 57, 'thisRepN': 0}>
629.3446 	EXP 	New trial (rep=0, index=58): <Trial 58 (58 in rep 0) data={'folder': '01-1', 'image': '014_Yellow.jpg', 'logical': True, 'corrColor': 'Yellow', 'corrR': 100, 'corrG': 98, 'corrB': 11, 'image_path': '01-1/014_Yellow_0.png', 'thisN': 58, 'thisTrialN': 58, 'thisRepN': 0}>
629.3764 	EXP 	New trial (rep=0, index=59): <Trial 59 (59 in rep 0) data={'folder': '01-1', 'image': '028_Blue.jpg', 'logical': True, 'corrColor': 'Blue', 'corrR': 0, 'corrG': 9, 'corrB': 96, 'image_path': '01-1/028_Blue_0.png', 'thisN': 59, 'thisTrialN': 59, 'thisRepN': 0}>
629.4357 	EXP 	text_11: autoDraw = False
629.4357 	EXP 	img: foreColor = <psychopy.colors.Color: white, alpha=1.0>
629.4357 	EXP 	img: ori = np.float64(0.0)
629.4357 	EXP 	Instructions: text = 'Click the spacebar to shuffle through the filters to recognize the color.\nPress the button of the color you think it corresponds to.'
629.4357 	EXP 	R: height = np.float64(42.0)
629.4357 	EXP 	R: height = np.float64(42.0)
629.4357 	EXP 	R: height = np.float64(42.0)
629.4357 	EXP 	R: text = 2
629.4357 	EXP 	G: height = np.float64(42.0)
629.4357 	EXP 	G: height = np.float64(42.0)
629.4357 	EXP 	G: height = np.float64(42.0)
629.4357 	EXP 	G: text = 100
629.4357 	EXP 	B: height = np.float64(42.0)
629.4357 	EXP 	B: height = np.float64(42.0)
629.4357 	EXP 	B: height = np.float64(42.0)
629.4357 	EXP 	B: text = 88
629.4357 	EXP 	img: autoDraw = False
629.4357 	EXP 	Instructions: autoDraw = False
629.4357 	EXP 	RBGInfo: autoDraw = False
629.4357 	EXP 	R: autoDraw = False
629.4357 	EXP 	G: autoDraw = False
629.4357 	EXP 	B: autoDraw = False
629.4357 	EXP 	text_8: autoDraw = False
629.4357 	EXP 	slider: markerPos = None
629.4357 	EXP 	slider: markerPos = 1
629.4357 	EXP 	slider: autoDraw = False
629.4357 	EXP 	text_9: autoDraw = False
629.4357 	EXP 	text_answer: autoDraw = False
629.4357 	EXP 	text_8: autoDraw = False
629.4357 	EXP 	corrColor_2: height = np.float64(56.0)
629.4357 	EXP 	corrColor_2: height = np.float64(56.0)
629.4357 	EXP 	corrColor_2: height = np.float64(56.0)
629.4357 	EXP 	corrColor_2: text = 'Cyan'
629.4357 	EXP 	R_2: height = np.float64(42.0)
629.4357 	EXP 	R_2: height = np.float64(42.0)
629.4357 	EXP 	R_2: height = np.float64(42.0)
629.4357 	EXP 	R_2: text = 2
629.4357 	EXP 	G_2: height = np.float64(42.0)
629.4357 	EXP 	G_2: height = np.float64(42.0)
629.4357 	EXP 	G_2: height = np.float64(42.0)
629.4357 	EXP 	G_2: text = 100
629.4357 	EXP 	B_2: height = np.float64(42.0)
629.4357 	EXP 	B_2: height = np.float64(42.0)
629.4357 	EXP 	B_2: height = np.float64(42.0)
629.4357 	EXP 	B_2: text = 88
629.4357 	EXP 	correctAnswer: autoDraw = False
629.4357 	EXP 	wrongAnswer: autoDraw = False
629.4357 	EXP 	corrColor_2: autoDraw = False
629.4357 	EXP 	RBGInfo_2: autoDraw = False
629.4357 	EXP 	R_2: autoDraw = False
629.4357 	EXP 	G_2: autoDraw = False
629.4357 	EXP 	B_2: autoDraw = False
629.4357 	EXP 	text_11: autoDraw = False
629.4357 	EXP 	img: foreColor = <psychopy.colors.Color: white, alpha=1.0>
629.4357 	EXP 	img: ori = np.float64(0.0)
629.4357 	EXP 	Instructions: text = 'Click the spacebar to shuffle through the filters to recognize the color.\nPress the button of the color you think it corresponds to.'
629.4357 	EXP 	R: height = np.float64(42.0)
629.4357 	EXP 	R: height = np.float64(42.0)
629.4357 	EXP 	R: height = np.float64(42.0)
629.4357 	EXP 	R: text = 65
629.4357 	EXP 	G: height = np.float64(42.0)
629.4357 	EXP 	G: height = np.float64(42.0)
629.4357 	EXP 	G: height = np.float64(42.0)
629.4357 	EXP 	G: text = 0
629.4357 	EXP 	B: height = np.float64(42.0)
629.4357 	EXP 	B: height = np.float64(42.0)
629.4357 	EXP 	B: height = np.float64(42.0)
629.4357 	EXP 	B: text = 100
629.4357 	EXP 	img: autoDraw = False
629.4357 	EXP 	Instructions: autoDraw = False
629.4357 	EXP 	RBGInfo: autoDraw = False
629.4357 	EXP 	R: autoDraw = False
629.4357 	EXP 	G: autoDraw = False
629.4357 	EXP 	B: autoDraw = False
629.4357 	EXP 	text_8: autoDraw = False
629.4357 	EXP 	slider: markerPos = None
629.4357 	EXP 	slider: markerPos = 1
629.4357 	EXP 	slider: autoDraw = False
629.4357 	EXP 	text_9: autoDraw = False
629.4357 	EXP 	text_answer: autoDraw = False
629.4357 	EXP 	text_8: autoDraw = False
629.4357 	EXP 	corrColor_2: height = np.float64(56.0)
629.4357 	EXP 	corrColor_2: height = np.float64(56.0)
629.4357 	EXP 	corrColor_2: height = np.float64(56.0)
629.4357 	EXP 	corrColor_2: text = 'Purple'
629.4357 	EXP 	R_2: height = np.float64(42.0)
629.4357 	EXP 	R_2: height = np.float64(42.0)
629.4357 	EXP 	R_2: height = np.float64(42.0)
629.4357 	EXP 	R_2: text = 65
629.4357 	EXP 	G_2: height = np.float64(42.0)
629.4357 	EXP 	G_2: height = np.float64(42.0)
629.4357 	EXP 	G_2: height = np.float64(42.0)
629.4357 	EXP 	G_2: text = 0
629.4357 	EXP 	B_2: height = np.float64(42.0)
629.4357 	EXP 	B_2: height = np.float64(42.0)
629.4357 	EXP 	B_2: height = np.float64(42.0)
629.4357 	EXP 	B_2: text = 100
629.4357 	EXP 	correctAnswer: autoDraw = False
629.4357 	EXP 	wrongAnswer: autoDraw = False
629.4357 	EXP 	corrColor_2: autoDraw = False
629.4357 	EXP 	RBGInfo_2: autoDraw = False
629.4357 	EXP 	R_2: autoDraw = False
629.4357 	EXP 	G_2: autoDraw = False
629.4357 	EXP 	B_2: autoDraw = False
629.4357 	EXP 	text_11: autoDraw = False
629.4357 	EXP 	img: foreColor = <psychopy.colors.Color: white, alpha=1.0>
629.4357 	EXP 	img: ori = np.float64(0.0)
629.4357 	EXP 	Instructions: text = 'Click the spacebar to shuffle through the filters to recognize the color.\nPress the button of the color you think it corresponds to.'
629.4357 	EXP 	R: height = np.float64(42.0)
629.4357 	EXP 	R: height = np.float64(42.0)
629.4357 	EXP 	R: height = np.float64(42.0)
629.4357 	EXP 	R: text = 100
629.4357 	EXP 	G: height = np.float64(42.0)
629.4357 	EXP 	G: height = np.float64(42.0)
629.4357 	EXP 	G: height = np.float64(42.0)
629.4357 	EXP 	G: text = 0
629.4357 	EXP 	B: height = np.float64(42.0)
629.4357 	EXP 	B: height = np.float64(42.0)
629.4357 	EXP 	B: height = np.float64(42.0)
629.4357 	EXP 	B: text = 1
629.4357 	EXP 	img: autoDraw = False
629.4357 	EXP 	Instructions: autoDraw = False
629.4357 	EXP 	RBGInfo: autoDraw = False
629.4357 	EXP 	R: autoDraw = False
629.4357 	EXP 	G: autoDraw = False
629.4357 	EXP 	B: autoDraw = False
629.4357 	EXP 	text_8: autoDraw = False
629.4357 	EXP 	slider: markerPos = None
629.4357 	EXP 	slider: markerPos = 1
629.4357 	EXP 	slider: autoDraw = False
629.4357 	EXP 	text_9: autoDraw = False
629.4357 	EXP 	text_answer: autoDraw = False
629.4357 	EXP 	text_8: autoDraw = False
629.4357 	EXP 	corrColor_2: height = np.float64(56.0)
629.4357 	EXP 	corrColor_2: height = np.float64(56.0)
629.4357 	EXP 	corrColor_2: height = np.float64(56.0)
629.4357 	EXP 	corrColor_2: text = 'Red'
629.4357 	EXP 	R_2: height = np.float64(42.0)
629.4357 	EXP 	R_2: height = np.float64(42.0)
629.4357 	EXP 	R_2: height = np.float64(42.0)
629.4357 	EXP 	R_2: text = 100
629.4357 	EXP 	G_2: height = np.float64(42.0)
629.4357 	EXP 	G_2: height = np.float64(42.0)
629.4357 	EXP 	G_2: height = np.float64(42.0)
629.4357 	EXP 	G_2: text = 0
629.4357 	EXP 	B_2: height = np.float64(42.0)
629.4357 	EXP 	B_2: height = np.float64(42.0)
629.4357 	EXP 	B_2: height = np.float64(42.0)
629.4357 	EXP 	B_2: text = 1
629.4357 	EXP 	correctAnswer: autoDraw = False
629.4357 	EXP 	wrongAnswer: autoDraw = False
629.4357 	EXP 	corrColor_2: autoDraw = False
629.4357 	EXP 	RBGInfo_2: autoDraw = False
629.4357 	EXP 	R_2: autoDraw = False
629.4357 	EXP 	G_2: autoDraw = False
629.4357 	EXP 	B_2: autoDraw = False
629.4357 	EXP 	text_11: autoDraw = False
629.4357 	EXP 	img: foreColor = <psychopy.colors.Color: white, alpha=1.0>
629.4357 	EXP 	img: ori = np.float64(0.0)
629.4357 	EXP 	Instructions: text = 'Click the spacebar to shuffle through the filters to recognize the color.\nPress the button of the color you think it corresponds to.'
629.4357 	EXP 	R: height = np.float64(42.0)
629.4357 	EXP 	R: height = np.float64(42.0)
629.4357 	EXP 	R: height = np.float64(42.0)
629.4357 	EXP 	R: text = 99
629.4357 	EXP 	G: height = np.float64(42.0)
629.4357 	EXP 	G: height = np.float64(42.0)
629.4357 	EXP 	G: height = np.float64(42.0)
629.4357 	EXP 	G: text = 0
629.4357 	EXP 	B: height = np.float64(42.0)
629.4357 	EXP 	B: height = np.float64(42.0)
629.4357 	EXP 	B: height = np.float64(42.0)
629.4357 	EXP 	B: text = 12
629.4357 	EXP 	img: autoDraw = False
629.4357 	EXP 	Instructions: autoDraw = False
629.4357 	EXP 	RBGInfo: autoDraw = False
629.4357 	EXP 	R: autoDraw = False
629.4357 	EXP 	G: autoDraw = False
629.4357 	EXP 	B: autoDraw = False
629.4357 	EXP 	text_8: autoDraw = False
629.4357 	EXP 	slider: markerPos = None
629.4357 	EXP 	slider: markerPos = 1
629.4357 	EXP 	slider: autoDraw = False
629.4357 	EXP 	text_9: autoDraw = False
629.4357 	EXP 	text_answer: autoDraw = False
629.4357 	EXP 	text_8: autoDraw = False
629.4357 	EXP 	corrColor_2: text = 'Red'
629.4357 	EXP 	R_2: height = np.float64(42.0)
629.4357 	EXP 	R_2: height = np.float64(42.0)
629.4357 	EXP 	R_2: height = np.float64(42.0)
629.4357 	EXP 	R_2: text = 99
629.4357 	EXP 	G_2: height = np.float64(42.0)
629.4357 	EXP 	G_2: height = np.float64(42.0)
629.4357 	EXP 	G_2: height = np.float64(42.0)
629.4357 	EXP 	G_2: text = 0
629.4357 	EXP 	B_2: height = np.float64(42.0)
629.4357 	EXP 	B_2: height = np.float64(42.0)
629.4357 	EXP 	B_2: height = np.float64(42.0)
629.4357 	EXP 	B_2: text = 12
629.4357 	EXP 	correctAnswer: autoDraw = False
629.4357 	EXP 	wrongAnswer: autoDraw = False
629.4357 	EXP 	corrColor_2: autoDraw = False
629.4357 	EXP 	RBGInfo_2: autoDraw = False
629.4357 	EXP 	R_2: autoDraw = False
629.4357 	EXP 	G_2: autoDraw = False
629.4357 	EXP 	B_2: autoDraw = False
629.4357 	EXP 	text_11: autoDraw = False
629.4357 	EXP 	img: foreColor = <psychopy.colors.Color: white, alpha=1.0>
629.4357 	EXP 	img: ori = np.float64(0.0)
629.4357 	EXP 	Instructions: text = 'Click the spacebar to shuffle through the filters to recognize the color.\nPress the button of the color you think it corresponds to.'
629.4357 	EXP 	R: height = np.float64(42.0)
629.4357 	EXP 	R: height = np.float64(42.0)
629.4357 	EXP 	R: height = np.float64(42.0)
629.4357 	EXP 	R: text = 13
629.4357 	EXP 	G: height = np.float64(42.0)
629.4357 	EXP 	G: height = np.float64(42.0)
629.4357 	EXP 	G: height = np.float64(42.0)
629.4357 	EXP 	G: text = 100
629.4357 	EXP 	B: height = np.float64(42.0)
629.4357 	EXP 	B: height = np.float64(42.0)
629.4357 	EXP 	B: height = np.float64(42.0)
629.4357 	EXP 	B: text = 0
629.4357 	EXP 	img: autoDraw = False
629.4357 	EXP 	Instructions: autoDraw = False
629.4357 	EXP 	RBGInfo: autoDraw = False
629.4357 	EXP 	R: autoDraw = False
629.4357 	EXP 	G: autoDraw = False
629.4357 	EXP 	B: autoDraw = False
629.4357 	EXP 	text_8: autoDraw = False
629.4357 	EXP 	slider: markerPos = None
629.4357 	EXP 	slider: markerPos = 1
629.4357 	EXP 	slider: autoDraw = False
629.4357 	EXP 	text_9: autoDraw = False
629.4357 	EXP 	text_answer: autoDraw = False
629.4357 	EXP 	text_8: autoDraw = False
629.4357 	EXP 	corrColor_2: height = np.float64(56.0)
629.4357 	EXP 	corrColor_2: height = np.float64(56.0)
629.4357 	EXP 	corrColor_2: height = np.float64(56.0)
629.4357 	EXP 	corrColor_2: text = 'Green'
629.4357 	EXP 	R_2: height = np.float64(42.0)
629.4357 	EXP 	R_2: height = np.float64(42.0)
629.4357 	EXP 	R_2: height = np.float64(42.0)
629.4357 	EXP 	R_2: text = 13
629.4357 	EXP 	G_2: height = np.float64(42.0)
629.4357 	EXP 	G_2: height = np.float64(42.0)
629.4357 	EXP 	G_2: height = np.float64(42.0)
629.4357 	EXP 	G_2: text = 100
629.4357 	EXP 	B_2: height = np.float64(42.0)
629.4357 	EXP 	B_2: height = np.float64(42.0)
629.4357 	EXP 	B_2: height = np.float64(42.0)
629.4357 	EXP 	B_2: text = 0
629.4357 	EXP 	correctAnswer: autoDraw = False
629.4357 	EXP 	wrongAnswer: autoDraw = False
629.4357 	EXP 	corrColor_2: autoDraw = False
629.4357 	EXP 	RBGInfo_2: autoDraw = False
629.4357 	EXP 	R_2: autoDraw = False
629.4357 	EXP 	G_2: autoDraw = False
629.4357 	EXP 	B_2: autoDraw = False
629.4357 	EXP 	text_11: autoDraw = False
629.4357 	EXP 	img: foreColor = <psychopy.colors.Color: white, alpha=1.0>
629.4357 	EXP 	img: ori = np.float64(0.0)
629.4357 	EXP 	Instructions: text = 'Click the spacebar to shuffle through the filters to recognize the color.\nPress the button of the color you think it corresponds to.'
629.4357 	EXP 	R: height = np.float64(42.0)
629.4357 	EXP 	R: height = np.float64(42.0)
629.4357 	EXP 	R: height = np.float64(42.0)
629.4357 	EXP 	R: text = 0
629.4357 	EXP 	G: height = np.float64(42.0)
629.4357 	EXP 	G: height = np.float64(42.0)
629.4357 	EXP 	G: height = np.float64(42.0)
629.4357 	EXP 	G: text = 100
629.4357 	EXP 	B: height = np.float64(42.0)
629.4357 	EXP 	B: height = np.float64(42.0)
629.4357 	EXP 	B: height = np.float64(42.0)
629.4357 	EXP 	B: text = 96
629.4357 	EXP 	img: autoDraw = False
629.4357 	EXP 	Instructions: autoDraw = False
629.4357 	EXP 	RBGInfo: autoDraw = False
629.4357 	EXP 	R: autoDraw = False
629.4357 	EXP 	G: autoDraw = False
629.4357 	EXP 	B: autoDraw = False
629.4357 	EXP 	text_8: autoDraw = False
629.4357 	EXP 	slider: markerPos = None
629.4357 	EXP 	slider: markerPos = 1
629.4357 	EXP 	slider: autoDraw = False
629.4357 	EXP 	text_9: autoDraw = False
629.4357 	EXP 	text_answer: autoDraw = False
629.4357 	EXP 	text_8: autoDraw = False
629.4357 	EXP 	corrColor_2: height = np.float64(56.0)
629.4357 	EXP 	corrColor_2: height = np.float64(56.0)
629.4357 	EXP 	corrColor_2: height = np.float64(56.0)
629.4357 	EXP 	corrColor_2: text = 'Cyan'
629.4357 	EXP 	R_2: height = np.float64(42.0)
629.4357 	EXP 	R_2: height = np.float64(42.0)
629.4357 	EXP 	R_2: height = np.float64(42.0)
629.4357 	EXP 	R_2: text = 0
629.4357 	EXP 	G_2: height = np.float64(42.0)
629.4357 	EXP 	G_2: height = np.float64(42.0)
629.4357 	EXP 	G_2: height = np.float64(42.0)
629.4357 	EXP 	G_2: text = 100
629.4357 	EXP 	B_2: height = np.float64(42.0)
629.4357 	EXP 	B_2: height = np.float64(42.0)
629.4357 	EXP 	B_2: height = np.float64(42.0)
629.4357 	EXP 	B_2: text = 96
629.4357 	EXP 	correctAnswer: autoDraw = False
629.4357 	EXP 	wrongAnswer: autoDraw = False
629.4357 	EXP 	corrColor_2: autoDraw = False
629.4357 	EXP 	RBGInfo_2: autoDraw = False
629.4357 	EXP 	R_2: autoDraw = False
629.4357 	EXP 	G_2: autoDraw = False
629.4357 	EXP 	B_2: autoDraw = False
629.4357 	EXP 	text_11: autoDraw = False
629.4357 	EXP 	img: foreColor = <psychopy.colors.Color: white, alpha=1.0>
629.4357 	EXP 	img: ori = np.float64(0.0)
629.4357 	EXP 	Instructions: text = 'Click the spacebar to shuffle through the filters to recognize the color.\nPress the button of the color you think it corresponds to.'
629.4357 	EXP 	R: height = np.float64(42.0)
629.4357 	EXP 	R: height = np.float64(42.0)
629.4357 	EXP 	R: height = np.float64(42.0)
629.4357 	EXP 	R: text = 0
629.4357 	EXP 	G: height = np.float64(42.0)
629.4357 	EXP 	G: height = np.float64(42.0)
629.4357 	EXP 	G: height = np.float64(42.0)
629.4357 	EXP 	G: text = 8
629.4357 	EXP 	B: height = np.float64(42.0)
629.4357 	EXP 	B: height = np.float64(42.0)
629.4357 	EXP 	B: height = np.float64(42.0)
629.4357 	EXP 	B: text = 99
629.4357 	EXP 	img: autoDraw = False
629.4357 	EXP 	Instructions: autoDraw = False
629.4357 	EXP 	RBGInfo: autoDraw = False
629.4357 	EXP 	R: autoDraw = False
629.4357 	EXP 	G: autoDraw = False
629.4357 	EXP 	B: autoDraw = False
629.4357 	EXP 	text_8: autoDraw = False
629.4357 	EXP 	slider: markerPos = None
629.4357 	EXP 	slider: markerPos = 1
629.4357 	EXP 	slider: autoDraw = False
629.4357 	EXP 	text_9: autoDraw = False
629.4357 	EXP 	text_answer: autoDraw = False
629.4357 	EXP 	text_8: autoDraw = False
629.4357 	EXP 	corrColor_2: height = np.float64(56.0)
629.4357 	EXP 	corrColor_2: height = np.float64(56.0)
629.4357 	EXP 	corrColor_2: height = np.float64(56.0)
629.4357 	EXP 	corrColor_2: text = 'Blue'
629.4357 	EXP 	R_2: height = np.float64(42.0)
629.4357 	EXP 	R_2: height = np.float64(42.0)
629.4357 	EXP 	R_2: height = np.float64(42.0)
629.4357 	EXP 	R_2: text = 0
629.4357 	EXP 	G_2: height = np.float64(42.0)
629.4357 	EXP 	G_2: height = np.float64(42.0)
629.4357 	EXP 	G_2: height = np.float64(42.0)
629.4357 	EXP 	G_2: text = 8
629.4357 	EXP 	B_2: height = np.float64(42.0)
629.4357 	EXP 	B_2: height = np.float64(42.0)
629.4357 	EXP 	B_2: height = np.float64(42.0)
629.4357 	EXP 	B_2: text = 99
629.4357 	EXP 	correctAnswer: autoDraw = False
629.4357 	EXP 	wrongAnswer: autoDraw = False
629.4357 	EXP 	corrColor_2: autoDraw = False
629.4357 	EXP 	RBGInfo_2: autoDraw = False
629.4357 	EXP 	R_2: autoDraw = False
629.4357 	EXP 	G_2: autoDraw = False
629.4357 	EXP 	B_2: autoDraw = False
629.4357 	EXP 	text_11: autoDraw = False
629.4357 	EXP 	img: foreColor = <psychopy.colors.Color: white, alpha=1.0>
629.4357 	EXP 	img: ori = np.float64(0.0)
629.4357 	EXP 	Instructions: text = 'Click the spacebar to shuffle through the filters to recognize the color.\nPress the button of the color you think it corresponds to.'
629.4357 	EXP 	R: height = np.float64(42.0)
629.4357 	EXP 	R: height = np.float64(42.0)
629.4357 	EXP 	R: height = np.float64(42.0)
629.4357 	EXP 	R: text = 100
629.4357 	EXP 	G: height = np.float64(42.0)
629.4357 	EXP 	G: height = np.float64(42.0)
629.4357 	EXP 	G: height = np.float64(42.0)
629.4357 	EXP 	G: text = 7
629.4357 	EXP 	B: height = np.float64(42.0)
629.4357 	EXP 	B: height = np.float64(42.0)
629.4357 	EXP 	B: height = np.float64(42.0)
629.4357 	EXP 	B: text = 0
629.4357 	EXP 	img: autoDraw = False
629.4357 	EXP 	Instructions: autoDraw = False
629.4357 	EXP 	RBGInfo: autoDraw = False
629.4357 	EXP 	R: autoDraw = False
629.4357 	EXP 	G: autoDraw = False
629.4357 	EXP 	B: autoDraw = False
629.4357 	EXP 	text_8: autoDraw = False
629.4357 	EXP 	slider: markerPos = None
629.4357 	EXP 	slider: markerPos = 1
629.4357 	EXP 	slider: autoDraw = False
629.4357 	EXP 	text_9: autoDraw = False
629.4357 	EXP 	text_answer: autoDraw = False
629.4357 	EXP 	text_8: autoDraw = False
629.4357 	EXP 	corrColor_2: height = np.float64(56.0)
629.4357 	EXP 	corrColor_2: height = np.float64(56.0)
629.4357 	EXP 	corrColor_2: height = np.float64(56.0)
629.4357 	EXP 	corrColor_2: text = 'Red'
629.4357 	EXP 	R_2: height = np.float64(42.0)
629.4357 	EXP 	R_2: height = np.float64(42.0)
629.4357 	EXP 	R_2: height = np.float64(42.0)
629.4357 	EXP 	R_2: text = 100
629.4357 	EXP 	G_2: height = np.float64(42.0)
629.4357 	EXP 	G_2: height = np.float64(42.0)
629.4357 	EXP 	G_2: height = np.float64(42.0)
629.4357 	EXP 	G_2: text = 7
629.4357 	EXP 	B_2: height = np.float64(42.0)
629.4357 	EXP 	B_2: height = np.float64(42.0)
629.4357 	EXP 	B_2: height = np.float64(42.0)
629.4357 	EXP 	B_2: text = 0
629.4357 	EXP 	correctAnswer: autoDraw = False
629.4357 	EXP 	wrongAnswer: autoDraw = False
629.4357 	EXP 	corrColor_2: autoDraw = False
629.4357 	EXP 	RBGInfo_2: autoDraw = False
629.4357 	EXP 	R_2: autoDraw = False
629.4357 	EXP 	G_2: autoDraw = False
629.4357 	EXP 	B_2: autoDraw = False
629.4357 	EXP 	text_11: autoDraw = False
629.4357 	EXP 	img: foreColor = <psychopy.colors.Color: white, alpha=1.0>
629.4357 	EXP 	img: ori = np.float64(0.0)
629.4357 	EXP 	Instructions: text = 'Click the spacebar to shuffle through the filters to recognize the color.\nPress the button of the color you think it corresponds to.'
629.4357 	EXP 	R: height = np.float64(42.0)
629.4357 	EXP 	R: height = np.float64(42.0)
629.4357 	EXP 	R: height = np.float64(42.0)
629.4357 	EXP 	R: text = 0
629.4357 	EXP 	G: height = np.float64(42.0)
629.4357 	EXP 	G: height = np.float64(42.0)
629.4357 	EXP 	G: height = np.float64(42.0)
629.4357 	EXP 	G: text = 88
629.4357 	EXP 	B: height = np.float64(42.0)
629.4357 	EXP 	B: height = np.float64(42.0)
629.4357 	EXP 	B: height = np.float64(42.0)
629.4357 	EXP 	B: text = 97
629.4357 	EXP 	img: autoDraw = False
629.4357 	EXP 	Instructions: autoDraw = False
629.4357 	EXP 	RBGInfo: autoDraw = False
629.4357 	EXP 	R: autoDraw = False
629.4357 	EXP 	G: autoDraw = False
629.4357 	EXP 	B: autoDraw = False
629.4357 	EXP 	text_8: autoDraw = False
629.4357 	EXP 	slider: markerPos = None
629.4357 	EXP 	slider: markerPos = 1
629.4357 	EXP 	slider: autoDraw = False
629.4357 	EXP 	text_9: autoDraw = False
629.4357 	EXP 	text_answer: autoDraw = False
629.4357 	EXP 	text_8: autoDraw = False
629.4357 	EXP 	corrColor_2: height = np.float64(56.0)
629.4357 	EXP 	corrColor_2: height = np.float64(56.0)
629.4357 	EXP 	corrColor_2: height = np.float64(56.0)
629.4357 	EXP 	corrColor_2: text = 'Cyan'
629.4357 	EXP 	R_2: height = np.float64(42.0)
629.4357 	EXP 	R_2: height = np.float64(42.0)
629.4357 	EXP 	R_2: height = np.float64(42.0)
629.4357 	EXP 	R_2: text = 0
629.4357 	EXP 	G_2: height = np.float64(42.0)
629.4357 	EXP 	G_2: height = np.float64(42.0)
629.4357 	EXP 	G_2: height = np.float64(42.0)
629.4357 	EXP 	G_2: text = 88
629.4357 	EXP 	B_2: height = np.float64(42.0)
629.4357 	EXP 	B_2: height = np.float64(42.0)
629.4357 	EXP 	B_2: height = np.float64(42.0)
629.4357 	EXP 	B_2: text = 97
629.4357 	EXP 	correctAnswer: autoDraw = False
629.4357 	EXP 	wrongAnswer: autoDraw = False
629.4357 	EXP 	corrColor_2: autoDraw = False
629.4357 	EXP 	RBGInfo_2: autoDraw = False
629.4357 	EXP 	R_2: autoDraw = False
629.4357 	EXP 	G_2: autoDraw = False
629.4357 	EXP 	B_2: autoDraw = False
629.4357 	EXP 	text_11: autoDraw = False
629.4357 	EXP 	img: foreColor = <psychopy.colors.Color: white, alpha=1.0>
629.4357 	EXP 	img: ori = np.float64(0.0)
629.4357 	EXP 	Instructions: text = 'Click the spacebar to shuffle through the filters to recognize the color.\nPress the button of the color you think it corresponds to.'
629.4357 	EXP 	R: height = np.float64(42.0)
629.4357 	EXP 	R: height = np.float64(42.0)
629.4357 	EXP 	R: height = np.float64(42.0)
629.4357 	EXP 	R: text = 0
629.4357 	EXP 	G: height = np.float64(42.0)
629.4357 	EXP 	G: height = np.float64(42.0)
629.4357 	EXP 	G: height = np.float64(42.0)
629.4357 	EXP 	G: text = 2
629.4357 	EXP 	B: height = np.float64(42.0)
629.4357 	EXP 	B: height = np.float64(42.0)
629.4357 	EXP 	B: height = np.float64(42.0)
629.4357 	EXP 	B: text = 95
629.4357 	EXP 	img: autoDraw = False
629.4357 	EXP 	Instructions: autoDraw = False
629.4357 	EXP 	RBGInfo: autoDraw = False
629.4357 	EXP 	R: autoDraw = False
629.4357 	EXP 	G: autoDraw = False
629.4357 	EXP 	B: autoDraw = False
629.4357 	EXP 	text_8: autoDraw = False
629.4357 	EXP 	slider: markerPos = None
629.4357 	EXP 	slider: markerPos = 1
629.4357 	EXP 	slider: autoDraw = False
629.4357 	EXP 	text_9: autoDraw = False
629.4357 	EXP 	text_answer: autoDraw = False
629.4357 	EXP 	text_8: autoDraw = False
629.4357 	EXP 	corrColor_2: height = np.float64(56.0)
629.4357 	EXP 	corrColor_2: height = np.float64(56.0)
629.4357 	EXP 	corrColor_2: height = np.float64(56.0)
629.4357 	EXP 	corrColor_2: text = 'Blue'
629.4357 	EXP 	R_2: height = np.float64(42.0)
629.4357 	EXP 	R_2: height = np.float64(42.0)
629.4357 	EXP 	R_2: height = np.float64(42.0)
629.4357 	EXP 	R_2: text = 0
629.4357 	EXP 	G_2: height = np.float64(42.0)
629.4357 	EXP 	G_2: height = np.float64(42.0)
629.4357 	EXP 	G_2: height = np.float64(42.0)
629.4357 	EXP 	G_2: text = 2
629.4357 	EXP 	B_2: height = np.float64(42.0)
629.4357 	EXP 	B_2: height = np.float64(42.0)
629.4357 	EXP 	B_2: height = np.float64(42.0)
629.4357 	EXP 	B_2: text = 95
629.4357 	EXP 	correctAnswer: autoDraw = False
629.4357 	EXP 	wrongAnswer: autoDraw = False
629.4357 	EXP 	corrColor_2: autoDraw = False
629.4357 	EXP 	RBGInfo_2: autoDraw = False
629.4357 	EXP 	R_2: autoDraw = False
629.4357 	EXP 	G_2: autoDraw = False
629.4357 	EXP 	B_2: autoDraw = False
629.4357 	EXP 	text_11: autoDraw = False
629.4357 	EXP 	img: foreColor = <psychopy.colors.Color: white, alpha=1.0>
629.4357 	EXP 	img: ori = np.float64(0.0)
629.4357 	EXP 	Instructions: text = 'Click the spacebar to shuffle through the filters to recognize the color.\nPress the button of the color you think it corresponds to.'
629.4357 	EXP 	R: height = np.float64(42.0)
629.4357 	EXP 	R: height = np.float64(42.0)
629.4357 	EXP 	R: height = np.float64(42.0)
629.4357 	EXP 	R: text = 64
629.4357 	EXP 	G: height = np.float64(42.0)
629.4357 	EXP 	G: height = np.float64(42.0)
629.4357 	EXP 	G: height = np.float64(42.0)
629.4357 	EXP 	G: text = 4
629.4357 	EXP 	B: height = np.float64(42.0)
629.4357 	EXP 	B: height = np.float64(42.0)
629.4357 	EXP 	B: height = np.float64(42.0)
629.4357 	EXP 	B: text = 100
629.4357 	EXP 	img: autoDraw = False
629.4357 	EXP 	Instructions: autoDraw = False
629.4357 	EXP 	RBGInfo: autoDraw = False
629.4357 	EXP 	R: autoDraw = False
629.4357 	EXP 	G: autoDraw = False
629.4357 	EXP 	B: autoDraw = False
629.4357 	EXP 	text_8: autoDraw = False
629.4357 	EXP 	slider: markerPos = None
629.4357 	EXP 	slider: markerPos = 1
629.4357 	EXP 	slider: autoDraw = False
629.4357 	EXP 	text_9: autoDraw = False
629.4357 	EXP 	text_answer: autoDraw = False
629.4357 	EXP 	text_8: autoDraw = False
629.4357 	EXP 	corrColor_2: height = np.float64(56.0)
629.4357 	EXP 	corrColor_2: height = np.float64(56.0)
629.4357 	EXP 	corrColor_2: height = np.float64(56.0)
629.4357 	EXP 	corrColor_2: text = 'Purple'
629.4357 	EXP 	R_2: height = np.float64(42.0)
629.4357 	EXP 	R_2: height = np.float64(42.0)
629.4357 	EXP 	R_2: height = np.float64(42.0)
629.4357 	EXP 	R_2: text = 64
629.4357 	EXP 	G_2: height = np.float64(42.0)
629.4357 	EXP 	G_2: height = np.float64(42.0)
629.4357 	EXP 	G_2: height = np.float64(42.0)
629.4357 	EXP 	G_2: text = 4
629.4357 	EXP 	B_2: height = np.float64(42.0)
629.4357 	EXP 	B_2: height = np.float64(42.0)
629.4357 	EXP 	B_2: height = np.float64(42.0)
629.4357 	EXP 	B_2: text = 100
629.4357 	EXP 	correctAnswer: autoDraw = False
629.4357 	EXP 	wrongAnswer: autoDraw = False
629.4357 	EXP 	corrColor_2: autoDraw = False
629.4357 	EXP 	RBGInfo_2: autoDraw = False
629.4357 	EXP 	R_2: autoDraw = False
629.4357 	EXP 	G_2: autoDraw = False
629.4357 	EXP 	B_2: autoDraw = False
629.4357 	EXP 	text_11: autoDraw = False
629.4357 	EXP 	img: foreColor = <psychopy.colors.Color: white, alpha=1.0>
629.4357 	EXP 	img: ori = np.float64(0.0)
629.4357 	EXP 	Instructions: text = 'Click the spacebar to shuffle through the filters to recognize the color.\nPress the button of the color you think it corresponds to.'
629.4357 	EXP 	R: height = np.float64(42.0)
629.4357 	EXP 	R: height = np.float64(42.0)
629.4357 	EXP 	R: height = np.float64(42.0)
629.4357 	EXP 	R: text = 53
629.4357 	EXP 	G: height = np.float64(42.0)
629.4357 	EXP 	G: height = np.float64(42.0)
629.4357 	EXP 	G: height = np.float64(42.0)
629.4357 	EXP 	G: text = 0
629.4357 	EXP 	B: height = np.float64(42.0)
629.4357 	EXP 	B: height = np.float64(42.0)
629.4357 	EXP 	B: height = np.float64(42.0)
629.4357 	EXP 	B: text = 96
629.4357 	EXP 	img: autoDraw = False
629.4357 	EXP 	Instructions: autoDraw = False
629.4357 	EXP 	RBGInfo: autoDraw = False
629.4357 	EXP 	R: autoDraw = False
629.4357 	EXP 	G: autoDraw = False
629.4357 	EXP 	B: autoDraw = False
629.4357 	EXP 	text_8: autoDraw = False
629.4357 	EXP 	slider: markerPos = None
629.4357 	EXP 	slider: markerPos = 1
629.4357 	EXP 	slider: autoDraw = False
629.4357 	EXP 	text_9: autoDraw = False
629.4357 	EXP 	text_answer: autoDraw = False
629.4357 	EXP 	text_8: autoDraw = False
629.4357 	EXP 	corrColor_2: text = 'Purple'
629.4357 	EXP 	R_2: height = np.float64(42.0)
629.4357 	EXP 	R_2: height = np.float64(42.0)
629.4357 	EXP 	R_2: height = np.float64(42.0)
629.4357 	EXP 	R_2: text = 53
629.4357 	EXP 	G_2: height = np.float64(42.0)
629.4357 	EXP 	G_2: height = np.float64(42.0)
629.4357 	EXP 	G_2: height = np.float64(42.0)
629.4357 	EXP 	G_2: text = 0
629.4357 	EXP 	B_2: height = np.float64(42.0)
629.4357 	EXP 	B_2: height = np.float64(42.0)
629.4357 	EXP 	B_2: height = np.float64(42.0)
629.4357 	EXP 	B_2: text = 96
629.4357 	EXP 	correctAnswer: autoDraw = False
629.4357 	EXP 	wrongAnswer: autoDraw = False
629.4357 	EXP 	corrColor_2: autoDraw = False
629.4357 	EXP 	RBGInfo_2: autoDraw = False
629.4357 	EXP 	R_2: autoDraw = False
629.4357 	EXP 	G_2: autoDraw = False
629.4357 	EXP 	B_2: autoDraw = False
629.4357 	EXP 	text_11: autoDraw = False
629.4357 	EXP 	img: foreColor = <psychopy.colors.Color: white, alpha=1.0>
629.4357 	EXP 	img: ori = np.float64(0.0)
629.4357 	EXP 	Instructions: text = 'Click the spacebar to shuffle through the filters to recognize the color.\nPress the button of the color you think it corresponds to.'
629.4357 	EXP 	R: height = np.float64(42.0)
629.4357 	EXP 	R: height = np.float64(42.0)
629.4357 	EXP 	R: height = np.float64(42.0)
629.4357 	EXP 	R: text = 3
629.4357 	EXP 	G: height = np.float64(42.0)
629.4357 	EXP 	G: height = np.float64(42.0)
629.4357 	EXP 	G: height = np.float64(42.0)
629.4357 	EXP 	G: text = 100
629.4357 	EXP 	B: height = np.float64(42.0)
629.4357 	EXP 	B: height = np.float64(42.0)
629.4357 	EXP 	B: height = np.float64(42.0)
629.4357 	EXP 	B: text = 95
629.4357 	EXP 	img: autoDraw = False
629.4357 	EXP 	Instructions: autoDraw = False
629.4357 	EXP 	RBGInfo: autoDraw = False
629.4357 	EXP 	R: autoDraw = False
629.4357 	EXP 	G: autoDraw = False
629.4357 	EXP 	B: autoDraw = False
629.4357 	EXP 	text_8: autoDraw = False
629.4357 	EXP 	slider: markerPos = None
629.4357 	EXP 	slider: markerPos = 1
629.4357 	EXP 	slider: autoDraw = False
629.4357 	EXP 	text_9: autoDraw = False
629.4357 	EXP 	text_answer: autoDraw = False
629.4357 	EXP 	text_8: autoDraw = False
629.4357 	EXP 	corrColor_2: height = np.float64(56.0)
629.4357 	EXP 	corrColor_2: height = np.float64(56.0)
629.4357 	EXP 	corrColor_2: height = np.float64(56.0)
629.4357 	EXP 	corrColor_2: text = 'Cyan'
629.4357 	EXP 	R_2: height = np.float64(42.0)
629.4357 	EXP 	R_2: height = np.float64(42.0)
629.4357 	EXP 	R_2: height = np.float64(42.0)
629.4357 	EXP 	R_2: text = 3
629.4357 	EXP 	G_2: height = np.float64(42.0)
629.4357 	EXP 	G_2: height = np.float64(42.0)
629.4357 	EXP 	G_2: height = np.float64(42.0)
629.4357 	EXP 	G_2: text = 100
629.4357 	EXP 	B_2: height = np.float64(42.0)
629.4357 	EXP 	B_2: height = np.float64(42.0)
629.4357 	EXP 	B_2: height = np.float64(42.0)
629.4357 	EXP 	B_2: text = 95
629.4357 	EXP 	correctAnswer: autoDraw = False
629.4357 	EXP 	wrongAnswer: autoDraw = False
629.4357 	EXP 	corrColor_2: autoDraw = False
629.4357 	EXP 	RBGInfo_2: autoDraw = False
629.4357 	EXP 	R_2: autoDraw = False
629.4357 	EXP 	G_2: autoDraw = False
629.4357 	EXP 	B_2: autoDraw = False
629.4357 	EXP 	text_11: autoDraw = False
629.4357 	EXP 	img: foreColor = <psychopy.colors.Color: white, alpha=1.0>
629.4357 	EXP 	img: ori = np.float64(0.0)
629.4357 	EXP 	Instructions: text = 'Click the spacebar to shuffle through the filters to recognize the color.\nPress the button of the color you think it corresponds to.'
629.4357 	EXP 	R: height = np.float64(42.0)
629.4357 	EXP 	R: height = np.float64(42.0)
629.4357 	EXP 	R: height = np.float64(42.0)
629.4357 	EXP 	R: text = 100
629.4357 	EXP 	G: height = np.float64(42.0)
629.4357 	EXP 	G: height = np.float64(42.0)
629.4357 	EXP 	G: height = np.float64(42.0)
629.4357 	EXP 	G: text = 86
629.4357 	EXP 	B: height = np.float64(42.0)
629.4357 	EXP 	B: height = np.float64(42.0)
629.4357 	EXP 	B: height = np.float64(42.0)
629.4357 	EXP 	B: text = 0
629.4357 	EXP 	img: autoDraw = False
629.4357 	EXP 	Instructions: autoDraw = False
629.4357 	EXP 	RBGInfo: autoDraw = False
629.4357 	EXP 	R: autoDraw = False
629.4357 	EXP 	G: autoDraw = False
629.4357 	EXP 	B: autoDraw = False
629.4357 	EXP 	text_8: autoDraw = False
629.4357 	EXP 	slider: markerPos = None
629.4357 	EXP 	slider: markerPos = 1
629.4357 	EXP 	slider: autoDraw = False
629.4357 	EXP 	text_9: autoDraw = False
629.4357 	EXP 	text_answer: autoDraw = False
629.4357 	EXP 	text_8: autoDraw = False
629.4357 	EXP 	corrColor_2: height = np.float64(56.0)
629.4357 	EXP 	corrColor_2: height = np.float64(56.0)
629.4357 	EXP 	corrColor_2: height = np.float64(56.0)
629.4357 	EXP 	corrColor_2: text = 'Yellow'
629.4357 	EXP 	R_2: height = np.float64(42.0)
629.4357 	EXP 	R_2: height = np.float64(42.0)
629.4357 	EXP 	R_2: height = np.float64(42.0)
629.4357 	EXP 	R_2: text = 100
629.4357 	EXP 	G_2: height = np.float64(42.0)
629.4357 	EXP 	G_2: height = np.float64(42.0)
629.4357 	EXP 	G_2: height = np.float64(42.0)
629.4357 	EXP 	G_2: text = 86
629.4357 	EXP 	B_2: height = np.float64(42.0)
629.4357 	EXP 	B_2: height = np.float64(42.0)
629.4357 	EXP 	B_2: height = np.float64(42.0)
629.4357 	EXP 	B_2: text = 0
629.4357 	EXP 	correctAnswer: autoDraw = False
629.4357 	EXP 	wrongAnswer: autoDraw = False
629.4357 	EXP 	corrColor_2: autoDraw = False
629.4357 	EXP 	RBGInfo_2: autoDraw = False
629.4357 	EXP 	R_2: autoDraw = False
629.4357 	EXP 	G_2: autoDraw = False
629.4357 	EXP 	B_2: autoDraw = False
629.4357 	EXP 	text_11: autoDraw = False
629.4357 	EXP 	img: foreColor = <psychopy.colors.Color: white, alpha=1.0>
629.4357 	EXP 	img: ori = np.float64(0.0)
629.4357 	EXP 	Instructions: text = 'Click the spacebar to shuffle through the filters to recognize the color.\nPress the button of the color you think it corresponds to.'
629.4357 	EXP 	R: height = np.float64(42.0)
629.4357 	EXP 	R: height = np.float64(42.0)
629.4357 	EXP 	R: height = np.float64(42.0)
629.4357 	EXP 	R: text = 58
629.4357 	EXP 	G: height = np.float64(42.0)
629.4357 	EXP 	G: height = np.float64(42.0)
629.4357 	EXP 	G: height = np.float64(42.0)
629.4357 	EXP 	G: text = 13
629.4357 	EXP 	B: height = np.float64(42.0)
629.4357 	EXP 	B: height = np.float64(42.0)
629.4357 	EXP 	B: height = np.float64(42.0)
629.4357 	EXP 	B: text = 100
629.4357 	EXP 	img: autoDraw = False
629.4357 	EXP 	Instructions: autoDraw = False
629.4357 	EXP 	RBGInfo: autoDraw = False
629.4357 	EXP 	R: autoDraw = False
629.4357 	EXP 	G: autoDraw = False
629.4357 	EXP 	B: autoDraw = False
629.4357 	EXP 	text_8: autoDraw = False
629.4357 	EXP 	slider: markerPos = None
629.4357 	EXP 	slider: markerPos = 1
629.4357 	EXP 	slider: autoDraw = False
629.4357 	EXP 	text_9: autoDraw = False
629.4357 	EXP 	text_answer: autoDraw = False
629.4357 	EXP 	text_8: autoDraw = False
629.4357 	EXP 	corrColor_2: height = np.float64(56.0)
629.4357 	EXP 	corrColor_2: height = np.float64(56.0)
629.4357 	EXP 	corrColor_2: height = np.float64(56.0)
629.4357 	EXP 	corrColor_2: text = 'Purple'
629.4357 	EXP 	R_2: height = np.float64(42.0)
629.4357 	EXP 	R_2: height = np.float64(42.0)
629.4357 	EXP 	R_2: height = np.float64(42.0)
629.4357 	EXP 	R_2: text = 58
629.4357 	EXP 	G_2: height = np.float64(42.0)
629.4357 	EXP 	G_2: height = np.float64(42.0)
629.4357 	EXP 	G_2: height = np.float64(42.0)
629.4357 	EXP 	G_2: text = 13
629.4357 	EXP 	B_2: height = np.float64(42.0)
629.4357 	EXP 	B_2: height = np.float64(42.0)
629.4357 	EXP 	B_2: height = np.float64(42.0)
629.4357 	EXP 	B_2: text = 100
629.4357 	EXP 	correctAnswer: autoDraw = False
629.4357 	EXP 	wrongAnswer: autoDraw = False
629.4357 	EXP 	corrColor_2: autoDraw = False
629.4357 	EXP 	RBGInfo_2: autoDraw = False
629.4357 	EXP 	R_2: autoDraw = False
629.4357 	EXP 	G_2: autoDraw = False
629.4357 	EXP 	B_2: autoDraw = False
629.4357 	EXP 	text_11: autoDraw = False
629.4357 	EXP 	img: foreColor = <psychopy.colors.Color: white, alpha=1.0>
629.4357 	EXP 	img: ori = np.float64(0.0)
629.4357 	EXP 	Instructions: text = 'Click the spacebar to shuffle through the filters to recognize the color.\nPress the button of the color you think it corresponds to.'
629.4357 	EXP 	R: height = np.float64(42.0)
629.4357 	EXP 	R: height = np.float64(42.0)
629.4357 	EXP 	R: height = np.float64(42.0)
629.4357 	EXP 	R: text = 0
629.4357 	EXP 	G: height = np.float64(42.0)
629.4357 	EXP 	G: height = np.float64(42.0)
629.4357 	EXP 	G: height = np.float64(42.0)
629.4357 	EXP 	G: text = 100
629.4357 	EXP 	B: height = np.float64(42.0)
629.4357 	EXP 	B: height = np.float64(42.0)
629.4357 	EXP 	B: height = np.float64(42.0)
629.4357 	EXP 	B: text = 5
629.4357 	EXP 	img: autoDraw = False
629.4357 	EXP 	Instructions: autoDraw = False
629.4357 	EXP 	RBGInfo: autoDraw = False
629.4357 	EXP 	R: autoDraw = False
629.4357 	EXP 	G: autoDraw = False
629.4357 	EXP 	B: autoDraw = False
629.4357 	EXP 	text_8: autoDraw = False
629.4357 	EXP 	slider: markerPos = None
629.4357 	EXP 	slider: markerPos = 1
629.4357 	EXP 	slider: autoDraw = False
629.4357 	EXP 	text_9: autoDraw = False
629.4357 	EXP 	text_answer: autoDraw = False
629.4357 	EXP 	text_8: autoDraw = False
629.4357 	EXP 	corrColor_2: height = np.float64(56.0)
629.4357 	EXP 	corrColor_2: height = np.float64(56.0)
629.4357 	EXP 	corrColor_2: height = np.float64(56.0)
629.4357 	EXP 	corrColor_2: text = 'Green'
629.4357 	EXP 	R_2: height = np.float64(42.0)
629.4357 	EXP 	R_2: height = np.float64(42.0)
629.4357 	EXP 	R_2: height = np.float64(42.0)
629.4357 	EXP 	R_2: text = 0
629.4357 	EXP 	G_2: height = np.float64(42.0)
629.4357 	EXP 	G_2: height = np.float64(42.0)
629.4357 	EXP 	G_2: height = np.float64(42.0)
629.4357 	EXP 	G_2: text = 100
629.4357 	EXP 	B_2: height = np.float64(42.0)
629.4357 	EXP 	B_2: height = np.float64(42.0)
629.4357 	EXP 	B_2: height = np.float64(42.0)
629.4357 	EXP 	B_2: text = 5
629.4357 	EXP 	correctAnswer: autoDraw = False
629.4357 	EXP 	wrongAnswer: autoDraw = False
629.4357 	EXP 	corrColor_2: autoDraw = False
629.4357 	EXP 	RBGInfo_2: autoDraw = False
629.4357 	EXP 	R_2: autoDraw = False
629.4357 	EXP 	G_2: autoDraw = False
629.4357 	EXP 	B_2: autoDraw = False
629.4357 	EXP 	text_11: autoDraw = False
629.4357 	EXP 	img: foreColor = <psychopy.colors.Color: white, alpha=1.0>
629.4357 	EXP 	img: ori = np.float64(0.0)
629.4357 	EXP 	Instructions: text = 'Click the spacebar to shuffle through the filters to recognize the color.\nPress the button of the color you think it corresponds to.'
629.4357 	EXP 	R: height = np.float64(42.0)
629.4357 	EXP 	R: height = np.float64(42.0)
629.4357 	EXP 	R: height = np.float64(42.0)
629.4357 	EXP 	R: text = 0
629.4357 	EXP 	G: height = np.float64(42.0)
629.4357 	EXP 	G: height = np.float64(42.0)
629.4357 	EXP 	G: height = np.float64(42.0)
629.4357 	EXP 	G: text = 95
629.4357 	EXP 	B: height = np.float64(42.0)
629.4357 	EXP 	B: height = np.float64(42.0)
629.4357 	EXP 	B: height = np.float64(42.0)
629.4357 	EXP 	B: text = 0
629.4357 	EXP 	img: autoDraw = False
629.4357 	EXP 	Instructions: autoDraw = False
629.4357 	EXP 	RBGInfo: autoDraw = False
629.4357 	EXP 	R: autoDraw = False
629.4357 	EXP 	G: autoDraw = False
629.4357 	EXP 	B: autoDraw = False
629.4357 	EXP 	text_8: autoDraw = False
629.4357 	EXP 	slider: markerPos = None
629.4357 	EXP 	slider: markerPos = 1
629.4357 	EXP 	slider: autoDraw = False
629.4357 	EXP 	text_9: autoDraw = False
629.4357 	EXP 	text_answer: autoDraw = False
629.4357 	EXP 	text_8: autoDraw = False
629.4357 	EXP 	corrColor_2: text = 'Green'
629.4357 	EXP 	R_2: height = np.float64(42.0)
629.4357 	EXP 	R_2: height = np.float64(42.0)
629.4357 	EXP 	R_2: height = np.float64(42.0)
629.4357 	EXP 	R_2: text = 0
629.4357 	EXP 	G_2: height = np.float64(42.0)
629.4357 	EXP 	G_2: height = np.float64(42.0)
629.4357 	EXP 	G_2: height = np.float64(42.0)
629.4357 	EXP 	G_2: text = 95
629.4357 	EXP 	B_2: height = np.float64(42.0)
629.4357 	EXP 	B_2: height = np.float64(42.0)
629.4357 	EXP 	B_2: height = np.float64(42.0)
629.4357 	EXP 	B_2: text = 0
629.4357 	EXP 	correctAnswer: autoDraw = False
629.4357 	EXP 	wrongAnswer: autoDraw = False
629.4357 	EXP 	corrColor_2: autoDraw = False
629.4357 	EXP 	RBGInfo_2: autoDraw = False
629.4357 	EXP 	R_2: autoDraw = False
629.4357 	EXP 	G_2: autoDraw = False
629.4357 	EXP 	B_2: autoDraw = False
629.4357 	EXP 	text_11: autoDraw = False
629.4357 	EXP 	img: foreColor = <psychopy.colors.Color: white, alpha=1.0>
629.4357 	EXP 	img: ori = np.float64(0.0)
629.4357 	EXP 	Instructions: text = 'Click the spacebar to shuffle through the filters to recognize the color.\nPress the button of the color you think it corresponds to.'
629.4357 	EXP 	R: height = np.float64(42.0)
629.4357 	EXP 	R: height = np.float64(42.0)
629.4357 	EXP 	R: height = np.float64(42.0)
629.4357 	EXP 	R: text = 100
629.4357 	EXP 	G: height = np.float64(42.0)
629.4357 	EXP 	G: height = np.float64(42.0)
629.4357 	EXP 	G: height = np.float64(42.0)
629.4357 	EXP 	G: text = 4
629.4357 	EXP 	B: height = np.float64(42.0)
629.4357 	EXP 	B: height = np.float64(42.0)
629.4357 	EXP 	B: height = np.float64(42.0)
629.4357 	EXP 	B: text = 7
629.4357 	EXP 	img: autoDraw = False
629.4357 	EXP 	Instructions: autoDraw = False
629.4357 	EXP 	RBGInfo: autoDraw = False
629.4357 	EXP 	R: autoDraw = False
629.4357 	EXP 	G: autoDraw = False
629.4357 	EXP 	B: autoDraw = False
629.4357 	EXP 	text_8: autoDraw = False
629.4357 	EXP 	slider: markerPos = None
629.4357 	EXP 	slider: markerPos = 1
629.4357 	EXP 	slider: autoDraw = False
629.4357 	EXP 	text_9: autoDraw = False
629.4357 	EXP 	text_answer: autoDraw = False
629.4357 	EXP 	text_8: autoDraw = False
629.4357 	EXP 	corrColor_2: height = np.float64(56.0)
629.4357 	EXP 	corrColor_2: height = np.float64(56.0)
629.4357 	EXP 	corrColor_2: height = np.float64(56.0)
629.4357 	EXP 	corrColor_2: text = 'Red'
629.4357 	EXP 	R_2: height = np.float64(42.0)
629.4357 	EXP 	R_2: height = np.float64(42.0)
629.4357 	EXP 	R_2: height = np.float64(42.0)
629.4357 	EXP 	R_2: text = 100
629.4357 	EXP 	G_2: height = np.float64(42.0)
629.4357 	EXP 	G_2: height = np.float64(42.0)
629.4357 	EXP 	G_2: height = np.float64(42.0)
629.4357 	EXP 	G_2: text = 4
629.4357 	EXP 	B_2: height = np.float64(42.0)
629.4357 	EXP 	B_2: height = np.float64(42.0)
629.4357 	EXP 	B_2: height = np.float64(42.0)
629.4357 	EXP 	B_2: text = 7
629.4357 	EXP 	correctAnswer: autoDraw = False
629.4357 	EXP 	wrongAnswer: autoDraw = False
629.4357 	EXP 	corrColor_2: autoDraw = False
629.4357 	EXP 	RBGInfo_2: autoDraw = False
629.4357 	EXP 	R_2: autoDraw = False
629.4357 	EXP 	G_2: autoDraw = False
629.4357 	EXP 	B_2: autoDraw = False
629.4357 	EXP 	text_11: autoDraw = False
629.4357 	EXP 	img: foreColor = <psychopy.colors.Color: white, alpha=1.0>
629.4357 	EXP 	img: ori = np.float64(0.0)
629.4357 	EXP 	Instructions: text = 'Click the spacebar to shuffle through the filters to recognize the color.\nPress the button of the color you think it corresponds to.'
629.4357 	EXP 	R: height = np.float64(42.0)
629.4357 	EXP 	R: height = np.float64(42.0)
629.4357 	EXP 	R: height = np.float64(42.0)
629.4357 	EXP 	R: text = 51
629.4357 	EXP 	G: height = np.float64(42.0)
629.4357 	EXP 	G: height = np.float64(42.0)
629.4357 	EXP 	G: height = np.float64(42.0)
629.4357 	EXP 	G: text = 2
629.4357 	EXP 	B: height = np.float64(42.0)
629.4357 	EXP 	B: height = np.float64(42.0)
629.4357 	EXP 	B: height = np.float64(42.0)
629.4357 	EXP 	B: text = 100
629.4357 	EXP 	img: autoDraw = False
629.4357 	EXP 	Instructions: autoDraw = False
629.4357 	EXP 	RBGInfo: autoDraw = False
629.4357 	EXP 	R: autoDraw = False
629.4357 	EXP 	G: autoDraw = False
629.4357 	EXP 	B: autoDraw = False
629.4357 	EXP 	text_8: autoDraw = False
629.4357 	EXP 	slider: markerPos = None
629.4357 	EXP 	slider: markerPos = 1
629.4357 	EXP 	slider: autoDraw = False
629.4357 	EXP 	text_9: autoDraw = False
629.4357 	EXP 	text_answer: autoDraw = False
629.4357 	EXP 	text_8: autoDraw = False
629.4357 	EXP 	corrColor_2: height = np.float64(56.0)
629.4357 	EXP 	corrColor_2: height = np.float64(56.0)
629.4357 	EXP 	corrColor_2: height = np.float64(56.0)
629.4357 	EXP 	corrColor_2: text = 'Purple'
629.4357 	EXP 	R_2: height = np.float64(42.0)
629.4357 	EXP 	R_2: height = np.float64(42.0)
629.4357 	EXP 	R_2: height = np.float64(42.0)
629.4357 	EXP 	R_2: text = 51
629.4357 	EXP 	G_2: height = np.float64(42.0)
629.4357 	EXP 	G_2: height = np.float64(42.0)
629.4357 	EXP 	G_2: height = np.float64(42.0)
629.4357 	EXP 	G_2: text = 2
629.4357 	EXP 	B_2: height = np.float64(42.0)
629.4357 	EXP 	B_2: height = np.float64(42.0)
629.4357 	EXP 	B_2: height = np.float64(42.0)
629.4357 	EXP 	B_2: text = 100
629.4357 	EXP 	correctAnswer: autoDraw = False
629.4357 	EXP 	wrongAnswer: autoDraw = False
629.4357 	EXP 	corrColor_2: autoDraw = False
629.4357 	EXP 	RBGInfo_2: autoDraw = False
629.4357 	EXP 	R_2: autoDraw = False
629.4357 	EXP 	G_2: autoDraw = False
629.4357 	EXP 	B_2: autoDraw = False
629.4357 	EXP 	text_11: autoDraw = False
629.4357 	EXP 	img: foreColor = <psychopy.colors.Color: white, alpha=1.0>
629.4357 	EXP 	img: ori = np.float64(0.0)
629.4357 	EXP 	Instructions: text = 'Click the spacebar to shuffle through the filters to recognize the color.\nPress the button of the color you think it corresponds to.'
629.4357 	EXP 	R: height = np.float64(42.0)
629.4357 	EXP 	R: height = np.float64(42.0)
629.4357 	EXP 	R: height = np.float64(42.0)
629.4357 	EXP 	R: text = 100
629.4357 	EXP 	G: height = np.float64(42.0)
629.4357 	EXP 	G: height = np.float64(42.0)
629.4357 	EXP 	G: height = np.float64(42.0)
629.4357 	EXP 	G: text = 80
629.4357 	EXP 	B: height = np.float64(42.0)
629.4357 	EXP 	B: height = np.float64(42.0)
629.4357 	EXP 	B: height = np.float64(42.0)
629.4357 	EXP 	B: text = 0
629.4357 	EXP 	img: autoDraw = False
629.4357 	EXP 	Instructions: autoDraw = False
629.4357 	EXP 	RBGInfo: autoDraw = False
629.4357 	EXP 	R: autoDraw = False
629.4357 	EXP 	G: autoDraw = False
629.4357 	EXP 	B: autoDraw = False
629.4357 	EXP 	text_8: autoDraw = False
629.4357 	EXP 	slider: markerPos = None
629.4357 	EXP 	slider: markerPos = 1
629.4357 	EXP 	slider: autoDraw = False
629.4357 	EXP 	text_9: autoDraw = False
629.4357 	EXP 	text_answer: autoDraw = False
629.4357 	EXP 	text_8: autoDraw = False
629.4357 	EXP 	corrColor_2: height = np.float64(56.0)
629.4357 	EXP 	corrColor_2: height = np.float64(56.0)
629.4357 	EXP 	corrColor_2: height = np.float64(56.0)
629.4357 	EXP 	corrColor_2: text = 'Yellow'
629.4357 	EXP 	R_2: height = np.float64(42.0)
629.4357 	EXP 	R_2: height = np.float64(42.0)
629.4357 	EXP 	R_2: height = np.float64(42.0)
629.4357 	EXP 	R_2: text = 100
629.4357 	EXP 	G_2: height = np.float64(42.0)
629.4357 	EXP 	G_2: height = np.float64(42.0)
629.4357 	EXP 	G_2: height = np.float64(42.0)
629.4357 	EXP 	G_2: text = 80
629.4357 	EXP 	B_2: height = np.float64(42.0)
629.4357 	EXP 	B_2: height = np.float64(42.0)
629.4357 	EXP 	B_2: height = np.float64(42.0)
629.4357 	EXP 	B_2: text = 0
629.4357 	EXP 	correctAnswer: autoDraw = False
629.4357 	EXP 	wrongAnswer: autoDraw = False
629.4357 	EXP 	corrColor_2: autoDraw = False
629.4357 	EXP 	RBGInfo_2: autoDraw = False
629.4357 	EXP 	R_2: autoDraw = False
629.4357 	EXP 	G_2: autoDraw = False
629.4357 	EXP 	B_2: autoDraw = False
629.4357 	EXP 	text_11: autoDraw = False
629.4357 	EXP 	img: foreColor = <psychopy.colors.Color: white, alpha=1.0>
629.4357 	EXP 	img: ori = np.float64(0.0)
629.4357 	EXP 	Instructions: text = 'Click the spacebar to shuffle through the filters to recognize the color.\nPress the button of the color you think it corresponds to.'
629.4357 	EXP 	R: height = np.float64(42.0)
629.4357 	EXP 	R: height = np.float64(42.0)
629.4357 	EXP 	R: height = np.float64(42.0)
629.4357 	EXP 	R: text = 0
629.4357 	EXP 	G: height = np.float64(42.0)
629.4357 	EXP 	G: height = np.float64(42.0)
629.4357 	EXP 	G: height = np.float64(42.0)
629.4357 	EXP 	G: text = 1
629.4357 	EXP 	B: height = np.float64(42.0)
629.4357 	EXP 	B: height = np.float64(42.0)
629.4357 	EXP 	B: height = np.float64(42.0)
629.4357 	EXP 	B: text = 88
629.4357 	EXP 	img: autoDraw = False
629.4357 	EXP 	Instructions: autoDraw = False
629.4357 	EXP 	RBGInfo: autoDraw = False
629.4357 	EXP 	R: autoDraw = False
629.4357 	EXP 	G: autoDraw = False
629.4357 	EXP 	B: autoDraw = False
629.4357 	EXP 	text_8: autoDraw = False
629.4357 	EXP 	slider: markerPos = None
629.4357 	EXP 	slider: markerPos = 1
629.4357 	EXP 	slider: autoDraw = False
629.4357 	EXP 	text_9: autoDraw = False
629.4357 	EXP 	text_answer: autoDraw = False
629.4357 	EXP 	text_8: autoDraw = False
629.4357 	EXP 	corrColor_2: height = np.float64(56.0)
629.4357 	EXP 	corrColor_2: height = np.float64(56.0)
629.4357 	EXP 	corrColor_2: height = np.float64(56.0)
629.4357 	EXP 	corrColor_2: text = 'Blue'
629.4357 	EXP 	R_2: height = np.float64(42.0)
629.4357 	EXP 	R_2: height = np.float64(42.0)
629.4357 	EXP 	R_2: height = np.float64(42.0)
629.4357 	EXP 	R_2: text = 0
629.4357 	EXP 	G_2: height = np.float64(42.0)
629.4357 	EXP 	G_2: height = np.float64(42.0)
629.4357 	EXP 	G_2: height = np.float64(42.0)
629.4357 	EXP 	G_2: text = 1
629.4357 	EXP 	B_2: height = np.float64(42.0)
629.4357 	EXP 	B_2: height = np.float64(42.0)
629.4357 	EXP 	B_2: height = np.float64(42.0)
629.4357 	EXP 	B_2: text = 88
629.4357 	EXP 	correctAnswer: autoDraw = False
629.4357 	EXP 	wrongAnswer: autoDraw = False
629.4357 	EXP 	corrColor_2: autoDraw = False
629.4357 	EXP 	RBGInfo_2: autoDraw = False
629.4357 	EXP 	R_2: autoDraw = False
629.4357 	EXP 	G_2: autoDraw = False
629.4357 	EXP 	B_2: autoDraw = False
629.4357 	EXP 	text_11: autoDraw = False
629.4357 	EXP 	img: foreColor = <psychopy.colors.Color: white, alpha=1.0>
629.4357 	EXP 	img: ori = np.float64(0.0)
629.4357 	EXP 	Instructions: text = 'Click the spacebar to shuffle through the filters to recognize the color.\nPress the button of the color you think it corresponds to.'
629.4357 	EXP 	R: height = np.float64(42.0)
629.4357 	EXP 	R: height = np.float64(42.0)
629.4357 	EXP 	R: height = np.float64(42.0)
629.4357 	EXP 	R: text = 4
629.4357 	EXP 	G: height = np.float64(42.0)
629.4357 	EXP 	G: height = np.float64(42.0)
629.4357 	EXP 	G: height = np.float64(42.0)
629.4357 	EXP 	G: text = 9
629.4357 	EXP 	B: height = np.float64(42.0)
629.4357 	EXP 	B: height = np.float64(42.0)
629.4357 	EXP 	B: height = np.float64(42.0)
629.4357 	EXP 	B: text = 100
629.4357 	EXP 	img: autoDraw = False
629.4357 	EXP 	Instructions: autoDraw = False
629.4357 	EXP 	RBGInfo: autoDraw = False
629.4357 	EXP 	R: autoDraw = False
629.4357 	EXP 	G: autoDraw = False
629.4357 	EXP 	B: autoDraw = False
629.4357 	EXP 	text_8: autoDraw = False
629.4357 	EXP 	slider: markerPos = None
629.4357 	EXP 	slider: markerPos = 1
629.4357 	EXP 	slider: autoDraw = False
629.4357 	EXP 	text_9: autoDraw = False
629.4357 	EXP 	text_answer: autoDraw = False
629.4357 	EXP 	text_8: autoDraw = False
629.4357 	EXP 	corrColor_2: text = 'Blue'
629.4357 	EXP 	R_2: height = np.float64(42.0)
629.4357 	EXP 	R_2: height = np.float64(42.0)
629.4357 	EXP 	R_2: height = np.float64(42.0)
629.4357 	EXP 	R_2: text = 4
629.4357 	EXP 	G_2: height = np.float64(42.0)
629.4357 	EXP 	G_2: height = np.float64(42.0)
629.4357 	EXP 	G_2: height = np.float64(42.0)
629.4357 	EXP 	G_2: text = 9
629.4357 	EXP 	B_2: height = np.float64(42.0)
629.4357 	EXP 	B_2: height = np.float64(42.0)
629.4357 	EXP 	B_2: height = np.float64(42.0)
629.4357 	EXP 	B_2: text = 100
629.4357 	EXP 	correctAnswer: autoDraw = False
629.4357 	EXP 	wrongAnswer: autoDraw = False
629.4357 	EXP 	corrColor_2: autoDraw = False
629.4357 	EXP 	RBGInfo_2: autoDraw = False
629.4357 	EXP 	R_2: autoDraw = False
629.4357 	EXP 	G_2: autoDraw = False
629.4357 	EXP 	B_2: autoDraw = False
629.4357 	EXP 	text_11: autoDraw = False
629.4357 	EXP 	img: foreColor = <psychopy.colors.Color: white, alpha=1.0>
629.4357 	EXP 	img: ori = np.float64(0.0)
629.4357 	EXP 	Instructions: text = 'Click the spacebar to shuffle through the filters to recognize the color.\nPress the button of the color you think it corresponds to.'
629.4357 	EXP 	R: height = np.float64(42.0)
629.4357 	EXP 	R: height = np.float64(42.0)
629.4357 	EXP 	R: height = np.float64(42.0)
629.4357 	EXP 	R: text = 55
629.4357 	EXP 	G: height = np.float64(42.0)
629.4357 	EXP 	G: height = np.float64(42.0)
629.4357 	EXP 	G: height = np.float64(42.0)
629.4357 	EXP 	G: text = 0
629.4357 	EXP 	B: height = np.float64(42.0)
629.4357 	EXP 	B: height = np.float64(42.0)
629.4357 	EXP 	B: height = np.float64(42.0)
629.4357 	EXP 	B: text = 100
629.4357 	EXP 	img: autoDraw = False
629.4357 	EXP 	Instructions: autoDraw = False
629.4357 	EXP 	RBGInfo: autoDraw = False
629.4357 	EXP 	R: autoDraw = False
629.4357 	EXP 	G: autoDraw = False
629.4357 	EXP 	B: autoDraw = False
629.4357 	EXP 	text_8: autoDraw = False
629.4357 	EXP 	slider: markerPos = None
629.4357 	EXP 	slider: markerPos = 1
629.4357 	EXP 	slider: autoDraw = False
629.4357 	EXP 	text_9: autoDraw = False
629.4357 	EXP 	text_answer: autoDraw = False
629.4357 	EXP 	text_8: autoDraw = False
629.4357 	EXP 	corrColor_2: height = np.float64(56.0)
629.4357 	EXP 	corrColor_2: height = np.float64(56.0)
629.4357 	EXP 	corrColor_2: height = np.float64(56.0)
629.4357 	EXP 	corrColor_2: text = 'Purple'
629.4357 	EXP 	R_2: height = np.float64(42.0)
629.4357 	EXP 	R_2: height = np.float64(42.0)
629.4357 	EXP 	R_2: height = np.float64(42.0)
629.4357 	EXP 	R_2: text = 55
629.4357 	EXP 	G_2: height = np.float64(42.0)
629.4357 	EXP 	G_2: height = np.float64(42.0)
629.4357 	EXP 	G_2: height = np.float64(42.0)
629.4357 	EXP 	G_2: text = 0
629.4357 	EXP 	B_2: height = np.float64(42.0)
629.4357 	EXP 	B_2: height = np.float64(42.0)
629.4357 	EXP 	B_2: height = np.float64(42.0)
629.4357 	EXP 	B_2: text = 100
629.4357 	EXP 	correctAnswer: autoDraw = False
629.4357 	EXP 	wrongAnswer: autoDraw = False
629.4357 	EXP 	corrColor_2: autoDraw = False
629.4357 	EXP 	RBGInfo_2: autoDraw = False
629.4357 	EXP 	R_2: autoDraw = False
629.4357 	EXP 	G_2: autoDraw = False
629.4357 	EXP 	B_2: autoDraw = False
629.4357 	EXP 	text_11: autoDraw = False
629.4357 	EXP 	img: foreColor = <psychopy.colors.Color: white, alpha=1.0>
629.4357 	EXP 	img: ori = np.float64(0.0)
629.4357 	EXP 	Instructions: text = 'Click the spacebar to shuffle through the filters to recognize the color.\nPress the button of the color you think it corresponds to.'
629.4357 	EXP 	R: height = np.float64(42.0)
629.4357 	EXP 	R: height = np.float64(42.0)
629.4357 	EXP 	R: height = np.float64(42.0)
629.4357 	EXP 	R: text = 0
629.4357 	EXP 	G: height = np.float64(42.0)
629.4357 	EXP 	G: height = np.float64(42.0)
629.4357 	EXP 	G: height = np.float64(42.0)
629.4357 	EXP 	G: text = 100
629.4357 	EXP 	B: height = np.float64(42.0)
629.4357 	EXP 	B: height = np.float64(42.0)
629.4357 	EXP 	B: height = np.float64(42.0)
629.4357 	EXP 	B: text = 94
629.4357 	EXP 	img: autoDraw = False
629.4357 	EXP 	Instructions: autoDraw = False
629.4357 	EXP 	RBGInfo: autoDraw = False
629.4357 	EXP 	R: autoDraw = False
629.4357 	EXP 	G: autoDraw = False
629.4357 	EXP 	B: autoDraw = False
629.4357 	EXP 	text_8: autoDraw = False
629.4357 	EXP 	slider: markerPos = None
629.4357 	EXP 	slider: markerPos = 1
629.4357 	EXP 	slider: autoDraw = False
629.4357 	EXP 	text_9: autoDraw = False
629.4357 	EXP 	text_answer: autoDraw = False
629.4357 	EXP 	text_8: autoDraw = False
629.4357 	EXP 	corrColor_2: height = np.float64(56.0)
629.4357 	EXP 	corrColor_2: height = np.float64(56.0)
629.4357 	EXP 	corrColor_2: height = np.float64(56.0)
629.4357 	EXP 	corrColor_2: text = 'Cyan'
629.4357 	EXP 	R_2: height = np.float64(42.0)
629.4357 	EXP 	R_2: height = np.float64(42.0)
629.4357 	EXP 	R_2: height = np.float64(42.0)
629.4357 	EXP 	R_2: text = 0
629.4357 	EXP 	G_2: height = np.float64(42.0)
629.4357 	EXP 	G_2: height = np.float64(42.0)
629.4357 	EXP 	G_2: height = np.float64(42.0)
629.4357 	EXP 	G_2: text = 100
629.4357 	EXP 	B_2: height = np.float64(42.0)
629.4357 	EXP 	B_2: height = np.float64(42.0)
629.4357 	EXP 	B_2: height = np.float64(42.0)
629.4357 	EXP 	B_2: text = 94
629.4357 	EXP 	correctAnswer: autoDraw = False
629.4357 	EXP 	wrongAnswer: autoDraw = False
629.4357 	EXP 	corrColor_2: autoDraw = False
629.4357 	EXP 	RBGInfo_2: autoDraw = False
629.4357 	EXP 	R_2: autoDraw = False
629.4357 	EXP 	G_2: autoDraw = False
629.4357 	EXP 	B_2: autoDraw = False
629.4357 	EXP 	text_11: autoDraw = False
629.4357 	EXP 	img: foreColor = <psychopy.colors.Color: white, alpha=1.0>
629.4357 	EXP 	img: ori = np.float64(0.0)
629.4357 	EXP 	Instructions: text = 'Click the spacebar to shuffle through the filters to recognize the color.\nPress the button of the color you think it corresponds to.'
629.4357 	EXP 	R: height = np.float64(42.0)
629.4357 	EXP 	R: height = np.float64(42.0)
629.4357 	EXP 	R: height = np.float64(42.0)
629.4357 	EXP 	R: text = 0
629.4357 	EXP 	G: height = np.float64(42.0)
629.4357 	EXP 	G: height = np.float64(42.0)
629.4357 	EXP 	G: height = np.float64(42.0)
629.4357 	EXP 	G: text = 6
629.4357 	EXP 	B: height = np.float64(42.0)
629.4357 	EXP 	B: height = np.float64(42.0)
629.4357 	EXP 	B: height = np.float64(42.0)
629.4357 	EXP 	B: text = 100
629.4357 	EXP 	img: autoDraw = False
629.4357 	EXP 	Instructions: autoDraw = False
629.4357 	EXP 	RBGInfo: autoDraw = False
629.4357 	EXP 	R: autoDraw = False
629.4357 	EXP 	G: autoDraw = False
629.4357 	EXP 	B: autoDraw = False
629.4357 	EXP 	text_8: autoDraw = False
629.4357 	EXP 	slider: markerPos = None
629.4357 	EXP 	slider: markerPos = 1
629.4357 	EXP 	slider: autoDraw = False
629.4357 	EXP 	text_9: autoDraw = False
629.4357 	EXP 	text_answer: autoDraw = False
629.4357 	EXP 	text_8: autoDraw = False
629.4357 	EXP 	corrColor_2: height = np.float64(56.0)
629.4357 	EXP 	corrColor_2: height = np.float64(56.0)
629.4357 	EXP 	corrColor_2: height = np.float64(56.0)
629.4357 	EXP 	corrColor_2: text = 'Blue'
629.4357 	EXP 	R_2: height = np.float64(42.0)
629.4357 	EXP 	R_2: height = np.float64(42.0)
629.4357 	EXP 	R_2: height = np.float64(42.0)
629.4357 	EXP 	R_2: text = 0
629.4357 	EXP 	G_2: height = np.float64(42.0)
629.4357 	EXP 	G_2: height = np.float64(42.0)
629.4357 	EXP 	G_2: height = np.float64(42.0)
629.4357 	EXP 	G_2: text = 6
629.4357 	EXP 	B_2: height = np.float64(42.0)
629.4357 	EXP 	B_2: height = np.float64(42.0)
629.4357 	EXP 	B_2: height = np.float64(42.0)
629.4357 	EXP 	B_2: text = 100
629.4357 	EXP 	correctAnswer: autoDraw = False
629.4357 	EXP 	wrongAnswer: autoDraw = False
629.4357 	EXP 	corrColor_2: autoDraw = False
629.4357 	EXP 	RBGInfo_2: autoDraw = False
629.4357 	EXP 	R_2: autoDraw = False
629.4357 	EXP 	G_2: autoDraw = False
629.4357 	EXP 	B_2: autoDraw = False
629.4357 	EXP 	text_11: autoDraw = False
629.4357 	EXP 	img: foreColor = <psychopy.colors.Color: white, alpha=1.0>
629.4357 	EXP 	img: ori = np.float64(0.0)
629.4357 	EXP 	Instructions: text = 'Click the spacebar to shuffle through the filters to recognize the color.\nPress the button of the color you think it corresponds to.'
629.4357 	EXP 	R: height = np.float64(42.0)
629.4357 	EXP 	R: height = np.float64(42.0)
629.4357 	EXP 	R: height = np.float64(42.0)
629.4357 	EXP 	R: text = 1
629.4357 	EXP 	G: height = np.float64(42.0)
629.4357 	EXP 	G: height = np.float64(42.0)
629.4357 	EXP 	G: height = np.float64(42.0)
629.4357 	EXP 	G: text = 88
629.4357 	EXP 	B: height = np.float64(42.0)
629.4357 	EXP 	B: height = np.float64(42.0)
629.4357 	EXP 	B: height = np.float64(42.0)
629.4357 	EXP 	B: text = 0
629.4357 	EXP 	img: autoDraw = False
629.4357 	EXP 	Instructions: autoDraw = False
629.4357 	EXP 	RBGInfo: autoDraw = False
629.4357 	EXP 	R: autoDraw = False
629.4357 	EXP 	G: autoDraw = False
629.4357 	EXP 	B: autoDraw = False
629.4357 	EXP 	text_8: autoDraw = False
629.4357 	EXP 	slider: markerPos = None
629.4357 	EXP 	slider: markerPos = 1
629.4357 	EXP 	slider: autoDraw = False
629.4357 	EXP 	text_9: autoDraw = False
629.4357 	EXP 	text_answer: autoDraw = False
629.4357 	EXP 	text_8: autoDraw = False
629.4357 	EXP 	corrColor_2: height = np.float64(56.0)
629.4357 	EXP 	corrColor_2: height = np.float64(56.0)
629.4357 	EXP 	corrColor_2: height = np.float64(56.0)
629.4357 	EXP 	corrColor_2: text = 'Green'
629.4357 	EXP 	R_2: height = np.float64(42.0)
629.4357 	EXP 	R_2: height = np.float64(42.0)
629.4357 	EXP 	R_2: height = np.float64(42.0)
629.4357 	EXP 	R_2: text = 1
629.4357 	EXP 	G_2: height = np.float64(42.0)
629.4357 	EXP 	G_2: height = np.float64(42.0)
629.4357 	EXP 	G_2: height = np.float64(42.0)
629.4357 	EXP 	G_2: text = 88
629.4357 	EXP 	B_2: height = np.float64(42.0)
629.4357 	EXP 	B_2: height = np.float64(42.0)
629.4357 	EXP 	B_2: height = np.float64(42.0)
629.4357 	EXP 	B_2: text = 0
629.4357 	EXP 	correctAnswer: autoDraw = False
629.4357 	EXP 	wrongAnswer: autoDraw = False
629.4357 	EXP 	corrColor_2: autoDraw = False
629.4357 	EXP 	RBGInfo_2: autoDraw = False
629.4357 	EXP 	R_2: autoDraw = False
629.4357 	EXP 	G_2: autoDraw = False
629.4357 	EXP 	B_2: autoDraw = False
629.4357 	EXP 	text_11: autoDraw = False
629.4357 	EXP 	img: foreColor = <psychopy.colors.Color: white, alpha=1.0>
629.4357 	EXP 	img: ori = np.float64(0.0)
629.4357 	EXP 	Instructions: text = 'Click the spacebar to shuffle through the filters to recognize the color.\nPress the button of the color you think it corresponds to.'
629.4357 	EXP 	R: height = np.float64(42.0)
629.4357 	EXP 	R: height = np.float64(42.0)
629.4357 	EXP 	R: height = np.float64(42.0)
629.4357 	EXP 	R: text = 100
629.4357 	EXP 	G: height = np.float64(42.0)
629.4357 	EXP 	G: height = np.float64(42.0)
629.4357 	EXP 	G: height = np.float64(42.0)
629.4357 	EXP 	G: text = 0
629.4357 	EXP 	B: height = np.float64(42.0)
629.4357 	EXP 	B: height = np.float64(42.0)
629.4357 	EXP 	B: height = np.float64(42.0)
629.4357 	EXP 	B: text = 12
629.4357 	EXP 	img: autoDraw = False
629.4357 	EXP 	Instructions: autoDraw = False
629.4357 	EXP 	RBGInfo: autoDraw = False
629.4357 	EXP 	R: autoDraw = False
629.4357 	EXP 	G: autoDraw = False
629.4357 	EXP 	B: autoDraw = False
629.4357 	EXP 	text_8: autoDraw = False
629.4357 	EXP 	slider: markerPos = None
629.4357 	EXP 	slider: markerPos = 1
629.4357 	EXP 	slider: autoDraw = False
629.4357 	EXP 	text_9: autoDraw = False
629.4357 	EXP 	text_answer: autoDraw = False
629.4357 	EXP 	text_8: autoDraw = False
629.4357 	EXP 	corrColor_2: height = np.float64(56.0)
629.4357 	EXP 	corrColor_2: height = np.float64(56.0)
629.4357 	EXP 	corrColor_2: height = np.float64(56.0)
629.4357 	EXP 	corrColor_2: text = 'Red'
629.4357 	EXP 	R_2: height = np.float64(42.0)
629.4357 	EXP 	R_2: height = np.float64(42.0)
629.4357 	EXP 	R_2: height = np.float64(42.0)
629.4357 	EXP 	R_2: text = 100
629.4357 	EXP 	G_2: height = np.float64(42.0)
629.4357 	EXP 	G_2: height = np.float64(42.0)
629.4357 	EXP 	G_2: height = np.float64(42.0)
629.4357 	EXP 	G_2: text = 0
629.4357 	EXP 	B_2: height = np.float64(42.0)
629.4357 	EXP 	B_2: height = np.float64(42.0)
629.4357 	EXP 	B_2: height = np.float64(42.0)
629.4357 	EXP 	B_2: text = 12
629.4357 	EXP 	correctAnswer: autoDraw = False
629.4357 	EXP 	wrongAnswer: autoDraw = False
629.4357 	EXP 	corrColor_2: autoDraw = False
629.4357 	EXP 	RBGInfo_2: autoDraw = False
629.4357 	EXP 	R_2: autoDraw = False
629.4357 	EXP 	G_2: autoDraw = False
629.4357 	EXP 	B_2: autoDraw = False
629.4357 	EXP 	text_11: autoDraw = False
629.4357 	EXP 	img: foreColor = <psychopy.colors.Color: white, alpha=1.0>
629.4357 	EXP 	img: ori = np.float64(0.0)
629.4357 	EXP 	Instructions: text = 'Click the spacebar to shuffle through the filters to recognize the color.\nPress the button of the color you think it corresponds to.'
629.4357 	EXP 	R: height = np.float64(42.0)
629.4357 	EXP 	R: height = np.float64(42.0)
629.4357 	EXP 	R: height = np.float64(42.0)
629.4357 	EXP 	R: text = 100
629.4357 	EXP 	G: height = np.float64(42.0)
629.4357 	EXP 	G: height = np.float64(42.0)
629.4357 	EXP 	G: height = np.float64(42.0)
629.4357 	EXP 	G: text = 87
629.4357 	EXP 	B: height = np.float64(42.0)
629.4357 	EXP 	B: height = np.float64(42.0)
629.4357 	EXP 	B: height = np.float64(42.0)
629.4357 	EXP 	B: text = 0
629.4357 	EXP 	img: autoDraw = False
629.4357 	EXP 	Instructions: autoDraw = False
629.4357 	EXP 	RBGInfo: autoDraw = False
629.4357 	EXP 	R: autoDraw = False
629.4357 	EXP 	G: autoDraw = False
629.4357 	EXP 	B: autoDraw = False
629.4357 	EXP 	text_8: autoDraw = False
629.4357 	EXP 	slider: markerPos = None
629.4357 	EXP 	slider: markerPos = 1
629.4357 	EXP 	slider: autoDraw = False
629.4357 	EXP 	text_9: autoDraw = False
629.4357 	EXP 	text_answer: autoDraw = False
629.4357 	EXP 	text_8: autoDraw = False
629.4357 	EXP 	corrColor_2: height = np.float64(56.0)
629.4357 	EXP 	corrColor_2: height = np.float64(56.0)
629.4357 	EXP 	corrColor_2: height = np.float64(56.0)
629.4357 	EXP 	corrColor_2: text = 'Yellow'
629.4357 	EXP 	R_2: height = np.float64(42.0)
629.4357 	EXP 	R_2: height = np.float64(42.0)
629.4357 	EXP 	R_2: height = np.float64(42.0)
629.4357 	EXP 	R_2: text = 100
629.4357 	EXP 	G_2: height = np.float64(42.0)
629.4357 	EXP 	G_2: height = np.float64(42.0)
629.4357 	EXP 	G_2: height = np.float64(42.0)
629.4357 	EXP 	G_2: text = 87
629.4357 	EXP 	B_2: height = np.float64(42.0)
629.4357 	EXP 	B_2: height = np.float64(42.0)
629.4357 	EXP 	B_2: height = np.float64(42.0)
629.4357 	EXP 	B_2: text = 0
629.4357 	EXP 	correctAnswer: autoDraw = False
629.4357 	EXP 	wrongAnswer: autoDraw = False
629.4357 	EXP 	corrColor_2: autoDraw = False
629.4357 	EXP 	RBGInfo_2: autoDraw = False
629.4357 	EXP 	R_2: autoDraw = False
629.4357 	EXP 	G_2: autoDraw = False
629.4357 	EXP 	B_2: autoDraw = False
629.4357 	EXP 	text_11: autoDraw = False
629.4357 	EXP 	img: foreColor = <psychopy.colors.Color: white, alpha=1.0>
629.4357 	EXP 	img: ori = np.float64(0.0)
629.4357 	EXP 	Instructions: text = 'Click the spacebar to shuffle through the filters to recognize the color.\nPress the button of the color you think it corresponds to.'
629.4357 	EXP 	R: height = np.float64(42.0)
629.4357 	EXP 	R: height = np.float64(42.0)
629.4357 	EXP 	R: height = np.float64(42.0)
629.4357 	EXP 	R: text = 96
629.4357 	EXP 	G: height = np.float64(42.0)
629.4357 	EXP 	G: height = np.float64(42.0)
629.4357 	EXP 	G: height = np.float64(42.0)
629.4357 	EXP 	G: text = 3
629.4357 	EXP 	B: height = np.float64(42.0)
629.4357 	EXP 	B: height = np.float64(42.0)
629.4357 	EXP 	B: height = np.float64(42.0)
629.4357 	EXP 	B: text = 2
629.4357 	EXP 	img: autoDraw = False
629.4357 	EXP 	Instructions: autoDraw = False
629.4357 	EXP 	RBGInfo: autoDraw = False
629.4357 	EXP 	R: autoDraw = False
629.4357 	EXP 	G: autoDraw = False
629.4357 	EXP 	B: autoDraw = False
629.4357 	EXP 	text_8: autoDraw = False
629.4357 	EXP 	slider: markerPos = None
629.4357 	EXP 	slider: markerPos = 1
629.4357 	EXP 	slider: autoDraw = False
629.4357 	EXP 	text_9: autoDraw = False
629.4357 	EXP 	text_answer: autoDraw = False
629.4357 	EXP 	text_8: autoDraw = False
629.4357 	EXP 	corrColor_2: height = np.float64(56.0)
629.4357 	EXP 	corrColor_2: height = np.float64(56.0)
629.4357 	EXP 	corrColor_2: height = np.float64(56.0)
629.4357 	EXP 	corrColor_2: text = 'Red'
629.4357 	EXP 	R_2: height = np.float64(42.0)
629.4357 	EXP 	R_2: height = np.float64(42.0)
629.4357 	EXP 	R_2: height = np.float64(42.0)
629.4357 	EXP 	R_2: text = 96
629.4357 	EXP 	G_2: height = np.float64(42.0)
629.4357 	EXP 	G_2: height = np.float64(42.0)
629.4357 	EXP 	G_2: height = np.float64(42.0)
629.4357 	EXP 	G_2: text = 3
629.4357 	EXP 	B_2: height = np.float64(42.0)
629.4357 	EXP 	B_2: height = np.float64(42.0)
629.4357 	EXP 	B_2: height = np.float64(42.0)
629.4357 	EXP 	B_2: text = 2
629.4357 	EXP 	correctAnswer: autoDraw = False
629.4357 	EXP 	wrongAnswer: autoDraw = False
629.4357 	EXP 	corrColor_2: autoDraw = False
629.4357 	EXP 	RBGInfo_2: autoDraw = False
629.4357 	EXP 	R_2: autoDraw = False
629.4357 	EXP 	G_2: autoDraw = False
629.4357 	EXP 	B_2: autoDraw = False
629.4357 	EXP 	text_11: autoDraw = False
629.4357 	EXP 	img: foreColor = <psychopy.colors.Color: white, alpha=1.0>
629.4357 	EXP 	img: ori = np.float64(0.0)
629.4357 	EXP 	Instructions: text = 'Click the spacebar to shuffle through the filters to recognize the color.\nPress the button of the color you think it corresponds to.'
629.4357 	EXP 	R: height = np.float64(42.0)
629.4357 	EXP 	R: height = np.float64(42.0)
629.4357 	EXP 	R: height = np.float64(42.0)
629.4357 	EXP 	R: text = 52
629.4357 	EXP 	G: height = np.float64(42.0)
629.4357 	EXP 	G: height = np.float64(42.0)
629.4357 	EXP 	G: height = np.float64(42.0)
629.4357 	EXP 	G: text = 0
629.4357 	EXP 	B: height = np.float64(42.0)
629.4357 	EXP 	B: height = np.float64(42.0)
629.4357 	EXP 	B: height = np.float64(42.0)
629.4357 	EXP 	B: text = 99
629.4357 	EXP 	img: autoDraw = False
629.4357 	EXP 	Instructions: autoDraw = False
629.4357 	EXP 	RBGInfo: autoDraw = False
629.4357 	EXP 	R: autoDraw = False
629.4357 	EXP 	G: autoDraw = False
629.4357 	EXP 	B: autoDraw = False
629.4357 	EXP 	text_8: autoDraw = False
629.4357 	EXP 	slider: markerPos = None
629.4357 	EXP 	slider: markerPos = 1
629.4357 	EXP 	slider: autoDraw = False
629.4357 	EXP 	text_9: autoDraw = False
629.4357 	EXP 	text_answer: autoDraw = False
629.4357 	EXP 	text_8: autoDraw = False
629.4357 	EXP 	corrColor_2: height = np.float64(56.0)
629.4357 	EXP 	corrColor_2: height = np.float64(56.0)
629.4357 	EXP 	corrColor_2: height = np.float64(56.0)
629.4357 	EXP 	corrColor_2: text = 'Purple'
629.4357 	EXP 	R_2: height = np.float64(42.0)
629.4357 	EXP 	R_2: height = np.float64(42.0)
629.4357 	EXP 	R_2: height = np.float64(42.0)
629.4357 	EXP 	R_2: text = 52
629.4357 	EXP 	G_2: height = np.float64(42.0)
629.4357 	EXP 	G_2: height = np.float64(42.0)
629.4357 	EXP 	G_2: height = np.float64(42.0)
629.4357 	EXP 	G_2: text = 0
629.4357 	EXP 	B_2: height = np.float64(42.0)
629.4357 	EXP 	B_2: height = np.float64(42.0)
629.4357 	EXP 	B_2: height = np.float64(42.0)
629.4357 	EXP 	B_2: text = 99
629.4357 	EXP 	correctAnswer: autoDraw = False
629.4357 	EXP 	wrongAnswer: autoDraw = False
629.4357 	EXP 	corrColor_2: autoDraw = False
629.4357 	EXP 	RBGInfo_2: autoDraw = False
629.4357 	EXP 	R_2: autoDraw = False
629.4357 	EXP 	G_2: autoDraw = False
629.4357 	EXP 	B_2: autoDraw = False
629.4357 	EXP 	text_11: autoDraw = False
629.4357 	EXP 	img: foreColor = <psychopy.colors.Color: white, alpha=1.0>
629.4357 	EXP 	img: ori = np.float64(0.0)
629.4357 	EXP 	Instructions: text = 'Click the spacebar to shuffle through the filters to recognize the color.\nPress the button of the color you think it corresponds to.'
629.4357 	EXP 	R: height = np.float64(42.0)
629.4357 	EXP 	R: height = np.float64(42.0)
629.4357 	EXP 	R: height = np.float64(42.0)
629.4357 	EXP 	R: text = 13
629.4357 	EXP 	G: height = np.float64(42.0)
629.4357 	EXP 	G: height = np.float64(42.0)
629.4357 	EXP 	G: height = np.float64(42.0)
629.4357 	EXP 	G: text = 100
629.4357 	EXP 	B: height = np.float64(42.0)
629.4357 	EXP 	B: height = np.float64(42.0)
629.4357 	EXP 	B: height = np.float64(42.0)
629.4357 	EXP 	B: text = 100
629.4357 	EXP 	img: autoDraw = False
629.4357 	EXP 	Instructions: autoDraw = False
629.4357 	EXP 	RBGInfo: autoDraw = False
629.4357 	EXP 	R: autoDraw = False
629.4357 	EXP 	G: autoDraw = False
629.4357 	EXP 	B: autoDraw = False
629.4357 	EXP 	text_8: autoDraw = False
629.4357 	EXP 	slider: markerPos = None
629.4357 	EXP 	slider: markerPos = 1
629.4357 	EXP 	slider: autoDraw = False
629.4357 	EXP 	text_9: autoDraw = False
629.4357 	EXP 	text_answer: autoDraw = False
629.4357 	EXP 	text_8: autoDraw = False
629.4357 	EXP 	corrColor_2: height = np.float64(56.0)
629.4357 	EXP 	corrColor_2: height = np.float64(56.0)
629.4357 	EXP 	corrColor_2: height = np.float64(56.0)
629.4357 	EXP 	corrColor_2: text = 'Cyan'
629.4357 	EXP 	R_2: height = np.float64(42.0)
629.4357 	EXP 	R_2: height = np.float64(42.0)
629.4357 	EXP 	R_2: height = np.float64(42.0)
629.4357 	EXP 	R_2: text = 13
629.4357 	EXP 	G_2: height = np.float64(42.0)
629.4357 	EXP 	G_2: height = np.float64(42.0)
629.4357 	EXP 	G_2: height = np.float64(42.0)
629.4357 	EXP 	G_2: text = 100
629.4357 	EXP 	B_2: height = np.float64(42.0)
629.4357 	EXP 	B_2: height = np.float64(42.0)
629.4357 	EXP 	B_2: height = np.float64(42.0)
629.4357 	EXP 	B_2: text = 100
629.4357 	EXP 	correctAnswer: autoDraw = False
629.4357 	EXP 	wrongAnswer: autoDraw = False
629.4357 	EXP 	corrColor_2: autoDraw = False
629.4357 	EXP 	RBGInfo_2: autoDraw = False
629.4357 	EXP 	R_2: autoDraw = False
629.4357 	EXP 	G_2: autoDraw = False
629.4357 	EXP 	B_2: autoDraw = False
629.4357 	EXP 	text_11: autoDraw = False
629.4357 	EXP 	img: foreColor = <psychopy.colors.Color: white, alpha=1.0>
629.4357 	EXP 	img: ori = np.float64(0.0)
629.4357 	EXP 	Instructions: text = 'Click the spacebar to shuffle through the filters to recognize the color.\nPress the button of the color you think it corresponds to.'
629.4357 	EXP 	R: height = np.float64(42.0)
629.4357 	EXP 	R: height = np.float64(42.0)
629.4357 	EXP 	R: height = np.float64(42.0)
629.4357 	EXP 	R: text = 1
629.4357 	EXP 	G: height = np.float64(42.0)
629.4357 	EXP 	G: height = np.float64(42.0)
629.4357 	EXP 	G: height = np.float64(42.0)
629.4357 	EXP 	G: text = 89
629.4357 	EXP 	B: height = np.float64(42.0)
629.4357 	EXP 	B: height = np.float64(42.0)
629.4357 	EXP 	B: height = np.float64(42.0)
629.4357 	EXP 	B: text = 99
629.4357 	EXP 	img: autoDraw = False
629.4357 	EXP 	Instructions: autoDraw = False
629.4357 	EXP 	RBGInfo: autoDraw = False
629.4357 	EXP 	R: autoDraw = False
629.4357 	EXP 	G: autoDraw = False
629.4357 	EXP 	B: autoDraw = False
629.4357 	EXP 	text_8: autoDraw = False
629.4357 	EXP 	slider: markerPos = None
629.4357 	EXP 	slider: markerPos = 1
629.4357 	EXP 	slider: autoDraw = False
629.4357 	EXP 	text_9: autoDraw = False
629.4357 	EXP 	text_answer: autoDraw = False
629.4357 	EXP 	text_8: autoDraw = False
629.4357 	EXP 	corrColor_2: text = 'Cyan'
629.4357 	EXP 	R_2: height = np.float64(42.0)
629.4357 	EXP 	R_2: height = np.float64(42.0)
629.4357 	EXP 	R_2: height = np.float64(42.0)
629.4357 	EXP 	R_2: text = 1
629.4357 	EXP 	G_2: height = np.float64(42.0)
629.4357 	EXP 	G_2: height = np.float64(42.0)
629.4357 	EXP 	G_2: height = np.float64(42.0)
629.4357 	EXP 	G_2: text = 89
629.4357 	EXP 	B_2: height = np.float64(42.0)
629.4357 	EXP 	B_2: height = np.float64(42.0)
629.4357 	EXP 	B_2: height = np.float64(42.0)
629.4357 	EXP 	B_2: text = 99
629.4357 	EXP 	correctAnswer: autoDraw = False
629.4357 	EXP 	wrongAnswer: autoDraw = False
629.4357 	EXP 	corrColor_2: autoDraw = False
629.4357 	EXP 	RBGInfo_2: autoDraw = False
629.4357 	EXP 	R_2: autoDraw = False
629.4357 	EXP 	G_2: autoDraw = False
629.4357 	EXP 	B_2: autoDraw = False
629.4357 	EXP 	text_11: autoDraw = False
629.4357 	EXP 	img: foreColor = <psychopy.colors.Color: white, alpha=1.0>
629.4357 	EXP 	img: ori = np.float64(0.0)
629.4357 	EXP 	Instructions: text = 'Click the spacebar to shuffle through the filters to recognize the color.\nPress the button of the color you think it corresponds to.'
629.4357 	EXP 	R: height = np.float64(42.0)
629.4357 	EXP 	R: height = np.float64(42.0)
629.4357 	EXP 	R: height = np.float64(42.0)
629.4357 	EXP 	R: text = 55
629.4357 	EXP 	G: height = np.float64(42.0)
629.4357 	EXP 	G: height = np.float64(42.0)
629.4357 	EXP 	G: height = np.float64(42.0)
629.4357 	EXP 	G: text = 4
629.4357 	EXP 	B: height = np.float64(42.0)
629.4357 	EXP 	B: height = np.float64(42.0)
629.4357 	EXP 	B: height = np.float64(42.0)
629.4357 	EXP 	B: text = 100
629.4357 	EXP 	img: autoDraw = False
629.4357 	EXP 	Instructions: autoDraw = False
629.4357 	EXP 	RBGInfo: autoDraw = False
629.4357 	EXP 	R: autoDraw = False
629.4357 	EXP 	G: autoDraw = False
629.4357 	EXP 	B: autoDraw = False
629.4357 	EXP 	text_8: autoDraw = False
629.4357 	EXP 	slider: markerPos = None
629.4357 	EXP 	slider: markerPos = 1
629.4357 	EXP 	slider: autoDraw = False
629.4357 	EXP 	text_9: autoDraw = False
629.4357 	EXP 	text_answer: autoDraw = False
629.4357 	EXP 	text_8: autoDraw = False
629.4357 	EXP 	corrColor_2: height = np.float64(56.0)
629.4357 	EXP 	corrColor_2: height = np.float64(56.0)
629.4357 	EXP 	corrColor_2: height = np.float64(56.0)
629.4357 	EXP 	corrColor_2: text = 'Purple'
629.4357 	EXP 	R_2: height = np.float64(42.0)
629.4357 	EXP 	R_2: height = np.float64(42.0)
629.4357 	EXP 	R_2: height = np.float64(42.0)
629.4357 	EXP 	R_2: text = 55
629.4357 	EXP 	G_2: height = np.float64(42.0)
629.4357 	EXP 	G_2: height = np.float64(42.0)
629.4357 	EXP 	G_2: height = np.float64(42.0)
629.4357 	EXP 	G_2: text = 4
629.4357 	EXP 	B_2: height = np.float64(42.0)
629.4357 	EXP 	B_2: height = np.float64(42.0)
629.4357 	EXP 	B_2: height = np.float64(42.0)
629.4357 	EXP 	B_2: text = 100
629.4357 	EXP 	correctAnswer: autoDraw = False
629.4357 	EXP 	wrongAnswer: autoDraw = False
629.4357 	EXP 	corrColor_2: autoDraw = False
629.4357 	EXP 	RBGInfo_2: autoDraw = False
629.4357 	EXP 	R_2: autoDraw = False
629.4357 	EXP 	G_2: autoDraw = False
629.4357 	EXP 	B_2: autoDraw = False
629.4357 	EXP 	text_11: autoDraw = False
629.4357 	EXP 	img: foreColor = <psychopy.colors.Color: white, alpha=1.0>
629.4357 	EXP 	img: ori = np.float64(0.0)
629.4357 	EXP 	Instructions: text = 'Click the spacebar to shuffle through the filters to recognize the color.\nPress the button of the color you think it corresponds to.'
629.4357 	EXP 	R: height = np.float64(42.0)
629.4357 	EXP 	R: height = np.float64(42.0)
629.4357 	EXP 	R: height = np.float64(42.0)
629.4357 	EXP 	R: text = 100
629.4357 	EXP 	G: height = np.float64(42.0)
629.4357 	EXP 	G: height = np.float64(42.0)
629.4357 	EXP 	G: height = np.float64(42.0)
629.4357 	EXP 	G: text = 98
629.4357 	EXP 	B: height = np.float64(42.0)
629.4357 	EXP 	B: height = np.float64(42.0)
629.4357 	EXP 	B: height = np.float64(42.0)
629.4357 	EXP 	B: text = 11
629.4357 	EXP 	img: autoDraw = False
629.4357 	EXP 	Instructions: autoDraw = False
629.4357 	EXP 	RBGInfo: autoDraw = False
629.4357 	EXP 	R: autoDraw = False
629.4357 	EXP 	G: autoDraw = False
629.4357 	EXP 	B: autoDraw = False
629.4357 	EXP 	text_8: autoDraw = False
629.4357 	EXP 	slider: markerPos = None
629.4357 	EXP 	slider: markerPos = 1
629.4357 	EXP 	slider: autoDraw = False
629.4357 	EXP 	text_9: autoDraw = False
629.4357 	EXP 	text_answer: autoDraw = False
629.4357 	EXP 	text_8: autoDraw = False
629.4357 	EXP 	corrColor_2: height = np.float64(56.0)
629.4357 	EXP 	corrColor_2: height = np.float64(56.0)
629.4357 	EXP 	corrColor_2: height = np.float64(56.0)
629.4357 	EXP 	corrColor_2: text = 'Yellow'
629.4357 	EXP 	R_2: height = np.float64(42.0)
629.4357 	EXP 	R_2: height = np.float64(42.0)
629.4357 	EXP 	R_2: height = np.float64(42.0)
629.4357 	EXP 	R_2: text = 100
629.4357 	EXP 	G_2: height = np.float64(42.0)
629.4357 	EXP 	G_2: height = np.float64(42.0)
629.4357 	EXP 	G_2: height = np.float64(42.0)
629.4357 	EXP 	G_2: text = 98
629.4357 	EXP 	B_2: height = np.float64(42.0)
629.4357 	EXP 	B_2: height = np.float64(42.0)
629.4357 	EXP 	B_2: height = np.float64(42.0)
629.4357 	EXP 	B_2: text = 11
629.4357 	EXP 	correctAnswer: autoDraw = False
629.4357 	EXP 	wrongAnswer: autoDraw = False
629.4357 	EXP 	corrColor_2: autoDraw = False
629.4357 	EXP 	RBGInfo_2: autoDraw = False
629.4357 	EXP 	R_2: autoDraw = False
629.4357 	EXP 	G_2: autoDraw = False
629.4357 	EXP 	B_2: autoDraw = False
629.4357 	EXP 	text_11: autoDraw = False
629.4357 	EXP 	img: foreColor = <psychopy.colors.Color: white, alpha=1.0>
629.4357 	EXP 	img: ori = np.float64(0.0)
629.4357 	EXP 	Instructions: text = 'Click the spacebar to shuffle through the filters to recognize the color.\nPress the button of the color you think it corresponds to.'
629.4357 	EXP 	R: height = np.float64(42.0)
629.4357 	EXP 	R: height = np.float64(42.0)
629.4357 	EXP 	R: height = np.float64(42.0)
629.4357 	EXP 	R: text = 0
629.4357 	EXP 	G: height = np.float64(42.0)
629.4357 	EXP 	G: height = np.float64(42.0)
629.4357 	EXP 	G: height = np.float64(42.0)
629.4357 	EXP 	G: text = 9
629.4357 	EXP 	B: height = np.float64(42.0)
629.4357 	EXP 	B: height = np.float64(42.0)
629.4357 	EXP 	B: height = np.float64(42.0)
629.4357 	EXP 	B: text = 96
629.4357 	EXP 	img: autoDraw = False
629.4357 	EXP 	Instructions: autoDraw = False
629.4357 	EXP 	RBGInfo: autoDraw = False
629.4357 	EXP 	R: autoDraw = False
629.4357 	EXP 	G: autoDraw = False
629.4357 	EXP 	B: autoDraw = False
629.4357 	EXP 	text_8: autoDraw = False
629.4357 	EXP 	slider: markerPos = None
629.4357 	EXP 	slider: markerPos = 1
629.4357 	EXP 	slider: autoDraw = False
629.4357 	EXP 	text_9: autoDraw = False
629.4357 	EXP 	text_answer: autoDraw = False
629.4357 	EXP 	text_8: autoDraw = False
629.4357 	EXP 	corrColor_2: height = np.float64(56.0)
629.4357 	EXP 	corrColor_2: height = np.float64(56.0)
629.4357 	EXP 	corrColor_2: height = np.float64(56.0)
629.4357 	EXP 	corrColor_2: text = 'Blue'
629.4357 	EXP 	R_2: height = np.float64(42.0)
629.4357 	EXP 	R_2: height = np.float64(42.0)
629.4357 	EXP 	R_2: height = np.float64(42.0)
629.4357 	EXP 	R_2: text = 0
629.4357 	EXP 	G_2: height = np.float64(42.0)
629.4357 	EXP 	G_2: height = np.float64(42.0)
629.4357 	EXP 	G_2: height = np.float64(42.0)
629.4357 	EXP 	G_2: text = 9
629.4357 	EXP 	B_2: height = np.float64(42.0)
629.4357 	EXP 	B_2: height = np.float64(42.0)
629.4357 	EXP 	B_2: height = np.float64(42.0)
629.4357 	EXP 	B_2: text = 96
629.4357 	EXP 	correctAnswer: autoDraw = False
629.4357 	EXP 	wrongAnswer: autoDraw = False
629.4357 	EXP 	corrColor_2: autoDraw = False
629.4357 	EXP 	RBGInfo_2: autoDraw = False
629.4357 	EXP 	R_2: autoDraw = False
629.4357 	EXP 	G_2: autoDraw = False
629.4357 	EXP 	B_2: autoDraw = False
629.4357 	EXP 	text_11: autoDraw = False
629.4357 	EXP 	GoodJob: height = np.float64(50.0)
629.4357 	EXP 	GoodJob: height = np.float64(50.0)
629.4357 	EXP 	GoodJob: height = np.float64(50.0)
629.4357 	EXP 	GoodJob: text = 'Good job!\n\nThe experiment will now close.\n\nThank you.'
629.4357 	EXP 	GoodJob: autoDraw = True
631.1464 	DATA 	Mouse: Left button down, pos=(1294,471)
631.2772 	DATA 	Mouse:  Left button up, pos=(1294,471)
632.4226 	EXP 	GoodJob: autoDraw = False
632.4228 	EXP 	Train2: status = STOPPED
632.5296 	INFO 	saved data to 'c:\\Users\\lille\\NewOneDrive\\OneDrive\\Emilie\\MasterThesisProject\\data\\002_Train2_2026-03-19_14h54.29.818.csv'
632.5373 	INFO 	saved data to c:\Users\lille\NewOneDrive\OneDrive\Emilie\MasterThesisProject\data\002_Train2_2026-03-19_14h54.29.818.psydat
633.9967 	WARNING 	Stopping key buffers but this could be dangerous ifother keyboards rely on the same.
